<?xml version='1.0' encoding='UTF-8'?>
<X3D version='3.3' profile='Interchange'
 xmlns:xsd='http://www.w3.org/2001/XMLSchema-instance'
 xsd:noNamespaceSchemaLocation='http://www.web3d.org/specifications/x3d-3.3.xsd'>
 <head>
  <unit category='length' name='ångström' conversionFactor='1e-10'/>
  <meta name="generator" content="UCSF-ChimeraX/1.2 (Windows 10.0.19041), http://www.rbvi.ucsf.edu/chimerax/"/>
  <meta name="created" content="2026-07-29T14:28:53.581122+00:00Z"/>
  <meta name="creator" content="grsou"/>
  <meta name="dateCopyrighted" content="© 2026 grsou"/>
  <meta name="ChimeraX-commit" content="c899b5336ed08abd3ca5e0ddaaf0e382729be282"/>
  <meta name="ChimeraX-date" content="2021-05-24 04:13:57 UTC"/>
  <meta name="ChimeraX-branch" content="release/v1.2"/>
 </head>
 <Scene>
  <Viewpoint centerOfRotation="0.05 0.05 0.05" fieldOfView="0.523599" orientation="0 0 1 0" position="0.05 0.05 4.61794"/>
  <NavigationInfo type='"EXAMINE" "ANY"' headlight='true'/>
  <Background skyColor='1 1 1' transparency='0'/>
  <Group>
  <Transform rotation="0 0 1 0" translation="0 0 0">
   <Shape>
    <Appearance DEF='ap0'>
     <Material ambientIntensity='1' diffuseColor='1 0.666667 0' specularColor='0.85 0.85 0.85' shininess='0.234375' transparency='0'/>
    </Appearance>
    <IndexedTriangleSet DEF='its0' index="5 1 0 4 5 0 3 40 41 0 40 3 4 0 3 34 0 1 34 32 0 40 0 32 6 2 1 5 6 1 36 1 2 36 34 1 2 48 43 2 6 48 43 36 2 8 4 3 7 8 3 46 7 3 46 51 7 46 3 41 9 5 4 8 9 4 10 6 5 9 10 5 6 53 48 6 10 53 12 8 7 11 12 7 51 11 7 51 56 11 13 9 8 12 13 8 10 58 59 13 58 10 9 13 10 59 53 10 63 12 11 63 65 12 63 11 56 65 13 12 65 67 13 67 58 13 19 15 14 18 19 14 17 79 80 14 79 17 18 14 17 73 14 15 73 71 14 79 14 71 20 16 15 19 20 15 75 15 16 75 73 15 16 87 82 16 20 87 82 75 16 22 18 17 21 22 17 85 21 17 85 90 21 85 17 80 23 19 18 22 23 18 24 20 19 23 24 19 20 92 87 20 24 92 26 22 21 25 26 21 90 25 21 90 95 25 27 23 22 26 27 22 24 97 98 27 97 24 23 27 24 98 92 24 102 26 25 102 104 26 102 25 95 104 27 26 104 106 27 106 97 27 35 29 28 33 35 28 31 118 119 28 118 31 33 28 31 114 28 29 114 112 28 118 28 112 37 30 29 35 37 29 116 29 30 116 114 29 30 122 121 38 122 30 37 38 30 121 116 30 40 32 42 42 32 33 42 33 31 39 124 125 31 124 39 42 31 39 124 31 119 32 34 33 34 35 33 34 36 35 36 37 35 36 43 37 37 43 44 37 44 38 38 128 127 45 128 38 44 45 38 127 122 38 46 41 47 47 41 42 47 42 39 130 47 39 130 134 47 130 39 125 41 40 42 49 44 48 44 43 48 50 45 44 49 50 44 45 136 132 45 50 136 132 128 45 51 46 52 46 47 52 134 52 47 134 138 52 54 49 53 49 48 53 55 50 49 54 55 49 50 140 136 50 55 140 56 51 57 51 52 57 138 57 52 138 142 57 53 59 54 54 59 60 54 60 61 55 144 145 61 144 55 54 61 55 145 140 55 63 56 64 64 56 57 64 57 62 142 62 57 142 147 62 60 59 58 58 67 60 60 67 68 60 68 69 61 149 150 69 149 61 60 69 61 150 144 61 152 64 62 152 154 64 152 62 147 65 63 66 63 64 66 154 66 64 154 156 66 67 65 68 65 66 68 156 68 66 156 158 68 158 69 68 158 160 69 160 149 69 79 71 81 81 71 72 81 72 70 78 172 173 70 172 78 81 70 78 164 70 72 164 162 70 172 70 162 71 73 72 73 74 72 166 72 74 166 164 72 73 75 74 75 76 74 168 74 76 168 166 74 75 82 76 76 82 83 76 83 77 170 76 77 170 168 76 77 180 175 77 83 180 175 170 77 85 80 86 86 80 81 86 81 78 84 177 178 78 177 84 86 78 84 177 78 173 80 79 81 88 83 87 83 82 87 83 184 180 83 88 184 91 86 84 89 91 84 182 89 84 182 186 89 182 84 178 90 85 91 85 86 91 93 88 92 88 87 92 88 188 184 88 93 188 96 91 89 94 96 89 186 94 89 186 190 94 95 90 96 90 91 96 92 98 93 93 98 99 93 99 100 93 192 188 93 100 192 101 195 194 94 195 101 96 94 101 195 94 190 102 95 103 103 95 96 103 96 101 99 98 97 97 106 99 99 106 107 99 107 108 100 197 198 108 197 100 99 108 100 198 192 100 109 201 200 101 201 109 103 101 109 201 101 194 104 102 105 102 103 105 110 105 103 109 110 103 106 104 107 104 105 107 111 107 105 110 111 105 108 203 204 111 203 108 107 111 108 204 197 108 206 110 109 206 208 110 206 109 200 208 111 110 208 210 111 210 203 111 120 215 216 120 113 215 118 113 120 112 113 118 112 114 113 114 115 113 213 113 115 213 212 113 215 113 212 114 116 115 116 117 115 214 115 117 214 213 115 219 121 123 219 116 121 218 116 219 117 116 218 218 214 117 119 118 120 126 221 222 126 120 221 124 120 126 119 120 124 221 120 216 123 121 122 225 127 129 225 122 127 224 122 225 123 122 224 224 219 123 125 124 126 131 227 228 131 126 227 130 126 131 125 126 130 227 126 222 129 127 128 231 132 133 231 128 132 230 128 231 129 128 230 230 225 129 134 130 135 130 131 135 233 135 131 233 235 135 233 131 228 137 133 136 133 132 136 133 236 234 133 137 236 234 231 133 138 134 139 134 135 139 235 139 135 235 237 139 141 137 140 137 136 140 137 238 236 137 141 238 142 138 143 138 139 143 237 143 139 237 239 143 240 145 146 240 140 145 241 140 240 141 140 241 241 238 141 147 142 148 142 143 148 239 148 143 239 243 148 146 145 144 244 150 151 244 144 150 245 144 244 146 144 245 245 240 146 247 153 248 153 152 248 248 152 148 148 152 147 248 148 243 151 150 149 250 160 161 250 149 160 251 149 250 151 149 251 251 244 151 154 152 155 152 153 155 253 155 153 253 254 155 253 153 247 156 154 157 154 155 157 254 157 155 254 255 157 158 156 159 156 157 159 255 159 157 255 256 159 160 158 161 158 159 161 256 161 159 256 257 161 257 250 161 174 263 264 174 163 263 172 163 174 162 163 172 162 164 163 164 165 163 259 163 165 259 258 163 263 163 258 164 166 165 166 167 165 260 165 167 260 259 165 166 168 167 168 169 167 261 167 169 261 260 167 168 170 169 170 171 169 262 169 171 262 261 169 267 175 176 267 170 175 266 170 267 171 170 266 266 262 171 173 172 174 179 269 270 179 174 269 177 174 179 173 174 177 269 174 264 181 176 180 176 175 180 176 276 272 176 181 276 272 267 176 178 177 179 183 273 274 183 179 273 182 179 183 178 179 182 273 179 270 185 181 184 181 180 184 181 278 276 181 185 278 186 182 187 182 183 187 277 187 183 277 279 187 277 183 274 189 185 188 185 184 188 185 280 278 185 189 280 190 186 191 186 187 191 279 191 187 279 281 191 193 189 192 189 188 192 189 282 280 189 193 282 283 196 284 196 195 284 284 195 191 191 195 190 284 191 281 286 198 199 286 192 198 287 192 286 193 192 287 287 282 193 194 195 196 289 202 290 202 201 290 290 201 196 196 201 194 290 196 283 199 198 197 292 204 205 292 197 204 293 197 292 199 197 293 293 286 199 200 201 202 295 207 296 207 206 296 296 206 202 202 206 200 296 202 289 205 204 203 298 210 211 298 203 210 299 203 298 205 203 299 299 292 205 208 206 209 206 207 209 301 209 207 301 302 209 301 207 295 210 208 211 208 209 211 302 211 209 302 303 211 303 298 211 212 217 215 304 217 212 305 304 212 212 213 307 305 212 307 213 214 309 307 213 309 311 218 220 214 218 311 309 214 311 216 215 217 223 313 314 223 217 313 221 217 223 216 217 221 313 217 304 220 218 219 317 224 226 317 219 224 316 219 317 220 219 316 316 311 220 222 221 223 229 319 320 229 223 319 227 223 229 222 223 227 319 223 314 226 224 225 322 230 232 322 225 230 321 225 322 226 225 321 321 317 226 228 227 229 324 228 229 233 228 324 327 233 324 324 229 320 232 230 231 234 232 231 325 232 234 328 325 234 325 322 232 235 233 327 235 327 330 328 234 236 331 328 236 237 235 330 237 330 333 331 236 238 335 331 238 239 237 333 239 333 337 339 241 242 238 241 339 335 238 339 243 239 337 243 337 340 242 241 240 341 245 246 341 240 245 342 240 341 242 240 342 342 339 242 243 249 248 344 249 243 340 344 243 246 245 244 345 251 252 345 244 251 346 244 345 246 244 346 346 341 246 247 248 249 347 247 249 253 247 347 348 253 347 347 249 344 252 251 250 257 252 250 355 252 257 354 355 257 355 345 252 349 254 253 349 253 348 351 255 254 351 254 349 353 256 255 353 255 351 354 257 256 354 256 353 258 265 263 356 265 258 357 356 258 258 259 358 357 258 358 259 260 359 358 259 359 260 261 361 359 260 361 261 262 363 361 261 363 364 266 268 262 266 364 363 262 364 264 263 265 271 365 366 271 265 365 269 265 271 264 265 269 365 265 356 268 266 267 272 268 267 367 268 272 371 367 272 367 364 268 270 269 271 275 368 369 275 271 368 273 271 275 270 271 273 368 271 366 371 272 276 373 371 276 274 273 275 372 274 275 277 274 372 375 277 372 372 275 369 373 276 278 377 373 278 279 277 375 279 375 379 377 278 280 381 377 280 281 279 379 281 379 382 381 280 282 384 381 282 281 285 284 385 285 281 382 385 281 387 287 288 282 287 387 384 282 387 283 284 285 388 291 389 291 290 389 389 290 285 285 290 283 389 285 385 288 287 286 391 293 294 391 286 293 392 286 391 288 286 392 392 387 288 289 290 291 393 297 394 297 296 394 394 296 291 291 296 289 394 291 388 294 293 292 396 299 300 396 292 299 397 292 396 294 292 397 397 391 294 295 296 297 399 295 297 301 295 399 401 301 399 399 297 393 300 299 298 303 300 298 407 300 303 405 407 303 407 396 300 403 302 301 403 301 401 405 303 302 405 302 403 304 315 313 412 315 304 414 412 304 306 413 305 305 413 414 305 414 304 305 307 306 307 308 306 409 306 308 409 408 306 413 306 408 307 309 308 309 310 308 410 308 310 410 409 308 309 311 310 311 312 310 411 310 312 411 410 310 417 316 318 417 311 316 416 311 417 312 311 416 416 411 312 314 313 315 418 314 315 319 314 418 422 319 418 418 315 412 318 316 317 420 321 323 420 317 321 419 317 420 318 317 419 419 417 318 319 422 320 422 423 320 427 320 423 427 324 320 323 321 322 426 325 326 426 322 325 425 322 426 323 322 425 425 420 323 327 324 427 327 427 429 329 326 328 326 325 328 326 430 428 326 329 430 428 426 326 330 327 429 330 429 431 332 329 331 329 328 331 329 434 430 329 332 434 432 334 431 431 334 333 431 333 330 336 332 335 332 331 335 332 436 434 332 336 436 337 333 338 333 334 338 435 338 334 435 437 338 435 334 432 439 336 438 438 336 335 438 335 339 439 436 336 338 442 337 337 442 441 337 441 340 442 338 437 444 342 343 339 342 444 438 339 444 344 340 441 344 441 445 343 342 341 346 343 341 449 343 346 447 449 346 449 444 343 450 344 445 450 347 344 447 346 446 346 345 446 355 446 345 355 458 446 452 348 347 452 347 450 451 350 452 452 350 349 452 349 348 351 349 352 349 350 352 459 352 350 459 460 352 459 350 451 352 454 351 351 454 455 351 455 353 460 454 352 457 354 353 457 353 455 458 355 354 458 354 457 473 356 463 473 365 356 356 357 464 463 356 464 357 358 466 464 357 466 360 465 359 359 465 466 359 466 358 359 361 360 361 362 360 462 360 362 462 461 360 465 360 461 468 362 469 469 362 361 469 361 363 468 462 362 363 364 471 469 363 471 367 471 364 367 476 471 365 473 366 473 474 366 366 370 368 472 370 366 474 472 366 476 367 371 478 476 371 369 368 370 477 369 370 372 369 477 481 372 477 477 370 472 374 479 373 373 479 478 373 478 371 482 376 481 481 376 375 481 375 372 378 374 377 374 373 377 374 486 484 374 378 486 484 479 374 379 375 380 375 376 380 485 380 376 485 487 380 485 376 482 489 378 488 488 378 377 488 377 381 489 486 378 382 379 383 379 380 383 487 383 380 487 491 383 488 381 384 492 488 384 385 382 386 382 383 386 491 386 383 491 493 386 492 384 387 494 492 387 495 390 496 390 389 496 496 389 386 386 389 385 496 386 493 392 494 387 392 498 494 388 389 390 500 395 501 395 394 501 501 394 390 390 394 388 501 390 495 498 392 497 392 391 497 503 397 398 391 397 503 497 391 503 393 394 395 504 400 505 400 399 505 505 399 395 395 399 393 505 395 500 398 397 396 407 398 396 509 398 407 507 509 407 509 503 398 401 399 402 399 400 402 510 402 400 510 511 402 510 400 504 403 401 404 401 402 404 511 404 402 511 512 404 405 403 406 403 404 406 512 406 404 512 513 406 406 506 405 405 506 507 405 507 407 513 506 406 408 415 413 514 415 408 515 514 408 408 409 516 515 408 516 409 410 518 516 409 518 410 411 519 518 410 519 416 519 411 416 522 519 526 412 521 526 418 412 415 520 414 414 520 521 414 521 412 414 413 415 520 415 514 522 416 523 416 417 523 525 419 421 417 419 525 523 417 525 527 424 526 526 424 422 526 422 418 421 419 420 425 421 420 528 421 425 530 528 425 528 525 421 423 422 424 529 423 424 427 423 529 533 427 529 529 424 527 530 425 531 425 426 531 428 531 426 428 534 531 429 427 533 429 533 535 534 428 430 538 534 430 536 433 535 535 433 431 535 431 429 538 430 434 540 538 434 432 431 433 539 432 433 435 432 539 542 435 539 539 433 536 540 434 436 543 540 436 437 435 542 437 542 544 545 439 440 436 439 545 543 436 545 437 443 442 546 443 437 544 546 437 440 439 438 548 440 547 547 440 438 547 438 444 548 545 440 441 442 443 443 550 441 441 550 549 441 549 445 550 443 546 449 547 444 449 552 547 554 445 549 554 450 445 448 447 446 458 448 446 559 448 458 558 559 458 448 551 447 447 551 552 447 552 449 559 551 448 553 453 554 554 453 452 554 452 450 451 452 453 560 451 453 459 451 560 561 459 560 560 453 553 456 455 454 460 456 454 563 456 460 562 563 460 456 555 455 455 555 556 455 556 457 563 555 456 558 458 457 558 457 556 562 460 459 562 459 561 461 467 465 564 467 461 565 564 461 461 462 566 565 461 566 567 468 470 462 468 567 566 462 567 463 475 473 568 475 463 569 568 463 463 464 571 569 463 571 467 570 466 466 570 571 466 571 464 466 465 467 570 467 564 470 468 469 573 470 574 574 470 469 574 469 471 573 567 470 476 574 471 476 577 574 579 472 576 579 477 472 475 575 474 474 575 576 474 576 472 474 473 475 575 475 568 480 578 478 478 578 577 478 577 476 580 483 579 579 483 481 579 481 477 480 478 479 484 480 479 581 480 484 583 581 484 581 578 480 482 481 483 582 482 483 485 482 582 584 485 582 582 483 580 583 484 486 585 583 486 487 485 584 487 584 586 588 489 490 486 489 588 585 486 588 491 487 586 491 586 589 490 489 488 591 490 590 590 490 488 590 488 492 591 588 490 493 491 589 493 589 593 590 492 494 594 590 494 596 493 593 596 496 493 598 498 499 494 498 598 594 494 598 496 596 495 596 595 495 495 502 501 599 502 495 595 599 495 499 498 497 601 499 600 600 499 497 600 497 503 601 598 499 500 501 502 602 500 502 505 500 602 604 505 602 602 502 599 509 600 503 509 607 600 505 604 504 604 603 504 608 504 603 608 510 504 508 507 506 513 508 506 613 508 513 612 613 513 508 606 507 507 606 607 507 607 509 613 606 508 609 511 510 609 510 608 610 512 511 610 511 609 612 513 512 612 512 610 624 514 615 624 520 514 514 515 617 615 514 617 517 616 516 516 616 617 516 617 515 619 517 620 620 517 516 620 516 518 619 614 517 616 517 614 518 519 622 620 518 622 623 522 524 519 522 623 622 519 623 520 624 521 624 625 521 628 521 625 628 526 521 524 522 523 626 524 627 627 524 523 627 523 525 626 623 524 528 627 525 528 630 627 526 628 527 628 629 527 632 527 629 632 529 527 532 631 530 530 631 630 530 630 528 533 529 632 533 632 634 532 530 531 534 532 531 633 532 534 636 633 534 633 631 532 635 537 634 634 537 535 634 535 533 636 534 538 638 636 538 536 535 537 637 536 537 539 536 637 641 539 637 637 537 635 541 639 540 540 639 638 540 638 538 542 539 641 542 641 643 645 541 644 644 541 540 644 540 543 645 642 541 642 639 541 544 542 643 544 643 647 644 543 545 648 644 545 546 544 647 546 647 649 548 648 545 548 651 648 653 546 649 653 550 546 651 548 650 548 547 650 552 650 547 552 656 650 550 653 549 653 652 549 658 549 652 658 554 549 656 552 655 552 551 655 559 655 551 559 662 655 554 658 553 658 657 553 663 553 657 663 560 553 557 556 555 563 557 555 667 557 563 666 667 563 557 660 556 556 660 661 556 661 558 667 660 557 662 559 558 662 558 661 664 561 560 664 560 663 665 562 561 665 561 664 666 563 562 666 562 665 564 572 570 668 572 564 669 668 564 564 565 670 669 564 670 565 566 671 670 565 671 566 567 672 671 566 672 573 672 567 573 676 672 679 568 673 679 575 568 568 569 675 673 568 675 572 674 571 571 674 675 571 675 569 571 570 572 674 572 668 676 573 677 573 574 677 577 677 574 577 681 677 575 679 576 679 680 576 684 576 680 684 579 576 681 577 682 577 578 682 581 682 578 581 686 682 579 684 580 684 685 580 687 580 685 687 582 580 686 581 583 688 686 583 584 582 687 584 687 689 688 583 585 692 688 585 690 587 689 689 587 586 689 586 584 692 585 588 694 692 588 587 696 586 586 696 695 586 695 589 696 587 693 693 587 690 698 591 592 588 591 698 694 588 698 593 589 695 593 695 699 592 591 590 701 592 700 700 592 590 700 590 594 701 698 592 593 597 596 702 597 593 699 702 593 700 594 598 703 700 598 595 596 597 597 705 595 595 705 704 595 704 599 705 597 702 601 703 598 601 707 703 709 599 704 709 602 599 707 601 706 601 600 706 607 706 600 607 711 706 708 605 709 709 605 604 709 604 602 603 604 605 712 603 605 608 603 712 713 608 712 712 605 708 711 607 710 607 606 710 613 710 606 613 720 710 715 609 608 715 608 713 714 611 715 715 611 610 715 610 609 611 717 610 610 717 718 610 718 612 721 717 611 721 611 714 720 613 612 720 612 718 614 618 616 722 618 614 723 722 614 724 619 621 614 619 724 723 614 724 730 615 726 730 624 615 618 725 617 617 725 726 617 726 615 617 616 618 725 618 722 621 619 620 727 621 728 728 621 620 728 620 622 727 724 621 622 623 729 728 622 729 626 729 623 626 732 729 624 730 625 730 731 625 734 625 731 734 628 625 732 626 733 626 627 733 630 733 627 630 736 733 628 734 629 734 735 629 738 629 735 738 632 629 736 630 737 630 631 737 633 737 631 633 739 737 634 632 738 634 738 740 739 633 636 742 739 636 634 740 635 740 741 635 744 635 741 744 637 635 640 743 638 638 743 742 638 742 636 641 637 744 641 744 746 640 638 639 642 640 639 745 640 642 747 745 642 745 743 640 643 641 746 643 746 748 749 645 646 642 645 749 747 642 749 647 643 748 647 748 750 646 645 644 752 646 751 751 646 644 751 644 648 752 749 646 649 647 750 649 750 753 651 751 648 651 755 751 649 654 653 756 654 649 753 756 649 755 651 754 651 650 754 656 754 650 656 758 754 652 653 654 759 659 760 659 658 760 760 658 654 654 658 652 760 654 756 758 656 757 656 655 757 662 757 655 662 763 757 657 658 659 764 657 659 663 657 764 765 663 764 764 659 759 762 661 761 661 660 761 667 761 660 667 769 761 763 662 661 763 661 762 766 664 663 766 663 765 767 665 664 767 664 766 768 666 665 768 665 767 769 667 666 769 666 768 777 668 770 777 674 668 668 669 771 770 668 771 669 670 772 771 669 772 670 671 773 772 670 773 671 672 774 773 671 774 775 676 678 672 676 775 774 672 775 781 673 776 781 679 673 673 675 778 776 673 778 674 777 675 777 778 675 678 676 677 780 681 683 780 677 681 779 677 780 678 677 779 779 775 678 679 781 680 781 782 680 784 680 782 784 684 680 683 681 682 686 683 682 783 683 686 786 783 686 783 780 683 684 784 685 784 785 685 787 685 785 787 687 685 786 686 688 789 786 688 788 691 787 787 691 689 787 689 687 789 688 692 791 789 692 690 689 691 790 690 691 693 690 790 792 693 790 790 691 788 791 692 694 793 791 694 693 697 696 794 697 693 792 794 693 793 694 698 795 793 698 695 696 697 697 797 695 695 797 796 695 796 699 797 697 794 701 795 698 701 799 795 702 699 796 702 796 800 799 701 798 701 700 798 798 700 703 801 798 703 803 702 800 803 705 702 707 801 703 707 805 801 705 803 704 803 802 704 807 704 802 807 709 704 805 707 804 707 706 804 711 804 706 711 809 804 709 807 708 807 806 708 810 708 806 810 712 708 809 711 808 711 710 808 720 808 710 720 814 808 812 713 712 812 712 810 811 716 812 812 716 715 812 715 713 714 715 716 815 714 716 721 714 815 816 721 815 815 716 811 719 718 717 721 719 717 817 719 721 816 817 721 719 813 718 718 813 814 718 814 720 817 813 719 821 722 818 821 725 722 722 723 819 818 722 819 723 724 820 819 723 820 727 820 724 727 823 820 725 821 726 821 822 726 826 726 822 826 730 726 823 727 824 727 728 824 728 729 825 824 728 825 732 825 729 732 828 825 730 826 731 826 827 731 830 731 827 830 734 731 828 732 829 732 733 829 736 829 733 736 832 829 734 830 735 830 831 735 834 735 831 834 738 735 832 736 833 736 737 833 739 833 737 739 835 833 740 738 834 740 834 836 835 739 742 838 835 742 740 836 741 836 837 741 840 741 837 840 744 741 838 742 839 742 743 839 745 839 743 745 841 839 746 744 840 746 840 842 841 745 747 843 841 747 748 746 842 748 842 844 843 747 749 845 843 749 750 748 844 750 844 846 752 845 749 752 848 845 753 750 846 753 846 849 848 752 847 752 751 847 755 847 751 755 851 847 756 753 849 756 849 852 851 755 850 755 754 850 758 850 754 758 854 850 856 756 852 856 760 756 854 758 853 758 757 853 763 853 757 763 859 853 760 856 759 856 855 759 860 759 855 860 764 759 858 762 857 762 761 857 769 857 761 769 865 857 859 763 762 859 762 858 861 765 764 861 764 860 862 766 765 862 765 861 863 767 766 863 766 862 864 768 767 864 767 863 865 769 768 865 768 864 873 770 866 873 777 770 770 771 867 866 770 867 771 772 868 867 771 868 772 773 869 868 772 869 773 774 870 869 773 870 774 775 871 870 774 871 779 871 775 779 875 871 877 776 872 877 781 776 776 778 874 872 776 874 777 873 778 873 874 778 875 779 876 779 780 876 783 876 780 783 879 876 781 877 782 877 878 782 880 782 878 880 784 782 879 783 786 882 879 786 784 880 785 880 881 785 883 785 881 883 787 785 882 786 789 885 882 789 787 883 788 883 884 788 886 788 884 886 790 788 885 789 791 887 885 791 792 790 886 792 886 888 887 791 793 889 887 793 794 792 888 794 888 890 889 793 795 891 889 795 893 794 890 893 797 794 799 891 795 799 895 891 797 893 796 893 892 796 800 796 892 800 892 896 895 799 894 799 798 894 894 798 801 897 894 801 899 800 896 899 803 800 805 897 801 805 901 897 803 899 802 899 898 802 903 802 898 903 807 802 901 805 900 805 804 900 809 900 804 809 905 900 807 903 806 903 902 806 906 806 902 906 810 806 905 809 904 809 808 904 814 904 808 814 910 904 908 812 810 908 810 906 812 908 811 908 907 811 911 811 907 911 815 811 910 814 909 814 813 909 817 909 813 817 913 909 912 816 815 912 815 911 913 817 816 913 816 912 821 818 918 818 916 918 914 916 818 819 914 818 914 921 919 820 921 914 819 820 914 921 820 823 821 918 822 822 918 917 822 917 915 924 822 915 924 826 822 921 823 920 920 823 824 920 824 922 824 825 923 922 824 923 828 923 825 828 926 923 826 924 827 924 925 827 928 827 925 928 830 827 926 828 927 828 829 927 832 927 829 832 930 927 830 928 831 928 929 831 932 831 929 932 834 831 930 832 931 832 833 931 835 931 833 835 933 931 836 834 932 836 932 934 933 835 838 936 933 838 836 934 837 934 935 837 937 837 935 937 840 837 839 940 838 838 940 938 838 938 936 940 839 841 842 840 937 842 937 941 841 939 940 942 939 841 843 942 841 844 842 941 844 941 943 942 946 945 845 946 942 843 845 942 846 844 943 846 943 947 946 845 848 849 846 947 849 947 949 946 848 944 944 848 847 944 847 948 851 948 847 851 951 948 852 953 954 949 953 852 849 949 852 951 851 950 851 850 950 854 950 850 854 956 950 856 852 954 956 854 955 854 853 955 859 955 853 859 962 955 959 855 958 855 856 958 958 856 952 952 856 954 860 855 959 961 858 960 858 857 960 865 960 857 865 967 960 962 859 858 962 858 961 963 959 957 860 959 963 861 860 963 964 862 861 964 861 963 965 863 862 965 862 964 966 864 863 966 863 965 967 865 864 967 864 966 974 866 968 974 873 866 866 867 969 968 866 969 867 868 970 969 867 970 868 869 971 970 868 971 869 870 972 971 869 972 972 978 976 871 978 972 870 871 972 978 871 875 979 872 973 979 877 872 872 874 975 973 872 975 873 974 874 974 975 874 977 983 981 977 876 983 978 876 977 875 876 978 983 876 879 877 979 878 979 980 878 984 878 980 984 880 878 879 982 983 986 982 879 882 986 879 880 984 881 984 985 881 987 881 985 987 883 881 986 882 885 988 986 885 991 884 989 989 884 883 989 883 987 886 884 991 988 885 887 992 988 887 993 991 990 886 991 993 888 886 993 992 887 889 994 992 889 890 996 997 993 996 890 888 993 890 994 889 891 998 994 891 893 890 997 895 998 891 895 1001 998 893 997 892 892 997 995 892 995 999 896 892 999 896 999 1002 1001 895 1000 895 894 1000 1000 894 897 1003 1000 897 1005 896 1002 1005 899 896 901 1003 897 901 1007 1003 899 1005 898 1005 1004 898 1009 898 1004 1009 903 898 1007 901 1006 901 900 1006 905 1006 900 905 1011 1006 903 1009 902 1009 1008 902 1012 902 1008 1012 906 902 1011 905 1010 905 904 1010 910 1010 904 910 1020 1010 1013 908 906 1013 906 1012 1016 907 1015 1015 907 908 1015 908 1013 911 907 1016 909 1019 910 910 1019 1018 910 1018 1020 1019 909 913 1021 1016 1014 911 1016 1021 912 911 1021 913 1017 1019 1021 1017 913 912 1021 913 918 916 917 919 921 920 938 940 939 945 946 944 954 953 952 959 958 957 976 978 977 981 983 982 991 989 990 997 996 995 1016 1015 1014 1018 1019 1017 916 914 1025 1025 914 919 1028 915 1022 1028 924 915 915 917 1023 1022 915 1023 916 1025 917 917 1025 1024 917 1024 1023 1025 919 1024 1024 919 920 1024 920 1026 920 922 1027 1026 920 1027 1027 1032 1030 923 1032 1027 922 923 1027 1032 923 926 924 1028 925 1028 1029 925 1034 925 1029 1034 928 925 1032 926 1031 1031 926 927 1031 927 1033 930 1033 927 930 1036 1033 928 1034 929 1034 1035 929 1037 929 1035 1037 932 929 931 1040 930 930 1040 1038 930 1038 1036 1040 931 933 934 932 1037 934 1037 1041 933 1039 1040 1042 1039 933 936 1042 933 1045 935 1043 1043 935 934 1043 934 1041 937 935 1045 1042 936 938 1046 1042 938 1047 1045 1044 937 1045 1047 941 937 1047 939 1049 938 938 1049 1048 938 1048 1046 1049 939 942 943 941 1047 943 1047 1050 1049 942 945 947 943 1050 947 1050 1052 1049 945 1048 1048 945 944 1048 944 1051 1051 944 948 1053 1051 948 949 947 1052 949 1052 1054 951 1053 948 951 1056 1053 1058 949 1054 1058 953 949 1056 951 1055 951 950 1055 956 1055 950 956 1060 1055 953 1058 952 1058 1057 952 1062 952 1057 1062 958 952 1060 956 1059 956 955 1059 962 1059 955 962 1067 1059 958 1062 957 1062 1061 957 1068 957 1061 1068 963 957 960 1065 961 961 1065 1064 961 1064 1066 1065 960 967 1067 962 961 1067 961 1066 1069 964 963 1069 963 1068 1070 965 964 1070 964 1069 1071 966 965 1071 965 1070 967 1063 1065 1071 1063 967 966 1071 967 974 968 1080 968 1078 1080 1072 1078 968 969 1072 968 969 970 1073 1072 969 1073 970 971 1074 1073 970 1074 971 972 1075 1074 971 1075 976 1075 972 976 1081 1075 1083 973 1076 1083 979 973 973 975 1077 1076 973 1077 974 1080 975 975 1080 1079 975 1079 1077 1081 976 1082 976 977 1082 981 1082 977 981 1085 1082 979 1083 980 1083 1084 980 1087 980 1084 1087 984 980 1085 981 1086 981 982 1086 986 1086 982 986 1089 1086 984 1087 985 1087 1088 985 1090 985 1088 1090 987 985 1089 986 988 1091 1089 988 989 987 1090 989 1090 1092 1091 988 992 1093 1091 992 1095 990 1094 1094 990 989 1094 989 1092 993 990 1095 1093 992 994 1096 1093 994 996 993 1095 1096 1100 1099 998 1100 1096 994 998 1096 996 1095 995 995 1095 1094 995 1094 1097 999 995 1097 999 1097 1101 1100 998 1001 1002 1104 1105 1101 1104 1002 999 1101 1002 1100 1001 1098 1098 1001 1000 1098 1000 1102 1102 1000 1003 1106 1102 1003 1005 1002 1105 1007 1106 1003 1007 1109 1106 1005 1105 1004 1004 1105 1103 1004 1103 1107 1110 1004 1107 1110 1009 1004 1109 1007 1108 1007 1006 1108 1011 1108 1006 1011 1115 1108 1113 1008 1112 1112 1008 1009 1112 1009 1110 1012 1008 1113 1115 1011 1114 1011 1010 1114 1020 1114 1010 1020 1121 1114 1116 1113 1111 1012 1113 1116 1013 1012 1116 1117 1015 1013 1117 1013 1116 1119 1014 1118 1118 1014 1015 1118 1015 1117 1021 1014 1119 1017 1119 1018 1018 1119 1118 1018 1118 1120 1119 1017 1021 1121 1020 1018 1121 1018 1120 1030 1032 1031 1038 1040 1039 1045 1043 1044 1064 1065 1063 1080 1078 1079 1099 1100 1098 1105 1104 1103 1113 1112 1111 1028 1022 1129 1022 1127 1129 1122 1127 1022 1023 1122 1022 1023 1024 1123 1122 1023 1123 1024 1026 1124 1123 1024 1124 1026 1027 1125 1124 1026 1125 1030 1125 1027 1030 1130 1125 1028 1129 1029 1029 1129 1128 1029 1128 1126 1132 1029 1126 1132 1034 1029 1130 1030 1131 1030 1031 1131 1131 1135 1133 1033 1135 1131 1031 1033 1131 1135 1033 1036 1138 1035 1136 1136 1035 1034 1136 1034 1132 1037 1035 1138 1036 1134 1135 1139 1134 1036 1038 1139 1036 1141 1138 1137 1037 1138 1141 1041 1037 1141 1139 1038 1140 1038 1039 1140 1042 1140 1039 1042 1142 1140 1043 1041 1141 1043 1141 1143 1142 1042 1046 1144 1142 1046 1147 1044 1145 1145 1044 1043 1145 1043 1143 1047 1044 1147 1144 1046 1048 1148 1144 1048 1149 1147 1146 1047 1147 1149 1050 1047 1149 1148 1048 1051 1150 1148 1051 1052 1050 1149 1052 1149 1151 1150 1154 1153 1053 1154 1150 1051 1053 1150 1054 1156 1157 1151 1156 1054 1052 1151 1054 1154 1053 1056 1058 1054 1157 1154 1056 1152 1152 1056 1055 1152 1055 1158 1060 1158 1055 1060 1163 1158 1058 1157 1057 1057 1157 1155 1057 1155 1159 1164 1057 1159 1164 1062 1057 1059 1162 1060 1060 1162 1161 1060 1161 1163 1162 1059 1067 1167 1061 1166 1166 1061 1062 1166 1062 1164 1068 1061 1167 1063 1170 1064 1064 1170 1169 1064 1169 1171 1170 1063 1071 1172 1066 1064 1172 1064 1171 1067 1160 1162 1172 1160 1067 1066 1172 1067 1173 1167 1165 1068 1167 1173 1069 1068 1173 1174 1070 1069 1174 1069 1173 1071 1168 1170 1174 1168 1071 1070 1174 1071 1078 1072 1181 1072 1179 1181 1175 1179 1072 1073 1175 1072 1073 1074 1176 1175 1073 1176 1176 1184 1182 1075 1184 1176 1074 1075 1176 1184 1075 1081 1083 1076 1189 1076 1187 1189 1177 1187 1076 1077 1177 1076 1077 1079 1178 1177 1077 1178 1078 1181 1079 1079 1181 1180 1079 1180 1178 1184 1081 1183 1183 1081 1082 1183 1082 1185 1085 1185 1082 1085 1190 1185 1083 1189 1084 1084 1189 1188 1084 1188 1186 1191 1084 1186 1191 1087 1084 1086 1194 1085 1085 1194 1192 1085 1192 1190 1194 1086 1089 1197 1088 1195 1195 1088 1087 1195 1087 1191 1090 1088 1197 1089 1193 1194 1198 1193 1089 1091 1198 1089 1199 1197 1196 1090 1197 1199 1092 1090 1199 1198 1091 1093 1200 1198 1093 1094 1092 1199 1094 1199 1201 1200 1204 1203 1096 1204 1200 1093 1096 1200 1097 1094 1201 1097 1201 1205 1204 1096 1099 1101 1097 1205 1101 1205 1207 1204 1099 1202 1202 1099 1098 1202 1098 1206 1206 1098 1102 1208 1206 1102 1210 1101 1207 1210 1104 1101 1208 1213 1212 1106 1213 1208 1102 1106 1208 1104 1210 1103 1210 1209 1103 1107 1215 1216 1209 1215 1107 1103 1209 1107 1213 1106 1109 1110 1107 1216 1213 1109 1211 1211 1109 1108 1211 1108 1217 1115 1217 1108 1115 1223 1217 1219 1216 1214 1110 1216 1219 1112 1110 1219 1112 1219 1111 1219 1218 1111 1224 1111 1218 1224 1116 1111 1114 1222 1115 1115 1222 1221 1115 1221 1223 1222 1114 1121 1225 1117 1116 1225 1116 1224 1226 1118 1117 1226 1117 1225 1227 1120 1118 1227 1118 1226 1121 1220 1222 1227 1220 1121 1120 1227 1121 1129 1127 1128 1133 1135 1134 1138 1136 1137 1147 1145 1146 1153 1154 1152 1157 1156 1155 1161 1162 1160 1167 1166 1165 1169 1170 1168 1181 1179 1180 1182 1184 1183 1189 1187 1188 1192 1194 1193 1197 1195 1196 1203 1204 1202 1212 1213 1211 1216 1215 1214 1221 1222 1220 1127 1122 1230 1232 1122 1123 1232 1230 1122 1234 1123 1124 1234 1232 1123 1236 1124 1125 1236 1234 1124 1236 1125 1130 1132 1126 1239 1126 1237 1239 1228 1237 1126 1128 1228 1126 1127 1230 1128 1128 1230 1229 1128 1229 1228 1235 1242 1240 1235 1131 1242 1236 1131 1235 1130 1131 1236 1242 1131 1133 1243 1239 1238 1132 1239 1243 1136 1132 1243 1241 1247 1245 1241 1134 1247 1242 1134 1241 1133 1134 1242 1247 1134 1139 1136 1243 1137 1243 1244 1137 1248 1137 1244 1248 1141 1137 1246 1250 1249 1246 1140 1250 1247 1140 1246 1139 1140 1247 1250 1140 1142 1143 1141 1248 1143 1248 1251 1253 1142 1144 1253 1250 1142 1145 1143 1251 1145 1251 1254 1256 1144 1148 1256 1253 1144 1258 1146 1257 1257 1146 1145 1257 1145 1254 1149 1146 1258 1260 1148 1150 1260 1256 1148 1151 1258 1262 1151 1149 1258 1260 1150 1153 1156 1151 1262 1260 1153 1259 1259 1153 1152 1259 1152 1263 1263 1267 1266 1158 1267 1263 1152 1158 1263 1156 1262 1155 1155 1262 1261 1155 1261 1264 1159 1155 1264 1159 1264 1268 1267 1158 1163 1271 1159 1268 1271 1164 1159 1270 1161 1269 1161 1160 1269 1172 1269 1160 1172 1279 1269 1163 1265 1267 1270 1265 1163 1161 1270 1163 1272 1166 1164 1272 1164 1271 1274 1165 1273 1273 1165 1166 1273 1166 1272 1173 1165 1274 1168 1276 1169 1169 1276 1275 1169 1275 1277 1276 1168 1174 1278 1171 1169 1278 1169 1277 1279 1172 1171 1279 1171 1278 1274 1174 1173 1274 1276 1174 1179 1175 1284 1286 1175 1176 1286 1284 1175 1286 1176 1182 1289 1177 1280 1289 1187 1177 1177 1178 1281 1280 1177 1281 1178 1180 1282 1281 1178 1282 1179 1284 1180 1180 1284 1283 1180 1283 1282 1286 1182 1285 1285 1182 1183 1285 1183 1287 1183 1185 1288 1287 1183 1288 1190 1288 1185 1190 1291 1288 1191 1186 1294 1186 1292 1294 1290 1292 1186 1188 1290 1186 1187 1289 1188 1289 1290 1188 1291 1190 1192 1295 1291 1192 1296 1294 1293 1191 1294 1296 1195 1191 1296 1193 1298 1192 1192 1298 1297 1192 1297 1295 1298 1193 1198 1300 1196 1299 1299 1196 1195 1299 1195 1296 1199 1196 1300 1302 1198 1200 1302 1298 1198 1201 1300 1304 1201 1199 1300 1302 1200 1203 1205 1304 1307 1205 1201 1304 1302 1203 1301 1301 1203 1202 1301 1202 1305 1305 1202 1206 1308 1305 1206 1207 1307 1310 1207 1205 1307 1308 1206 1208 1311 1308 1208 1210 1207 1310 1212 1311 1208 1212 1316 1311 1314 1209 1313 1209 1210 1313 1313 1210 1309 1309 1210 1310 1215 1209 1314 1316 1212 1315 1212 1211 1315 1315 1322 1321 1217 1322 1315 1211 1217 1315 1319 1214 1318 1214 1215 1318 1318 1215 1312 1312 1215 1314 1219 1214 1319 1322 1217 1223 1324 1218 1323 1218 1219 1323 1323 1219 1317 1317 1219 1319 1224 1218 1324 1220 1330 1221 1221 1330 1329 1221 1329 1331 1330 1220 1227 1223 1320 1322 1331 1320 1223 1221 1331 1223 1324 1225 1224 1324 1326 1225 1326 1226 1225 1326 1328 1226 1328 1227 1226 1328 1330 1227 1230 1232 1229 1232 1231 1229 1232 1234 1231 1234 1233 1231 1234 1236 1233 1236 1235 1233 1239 1237 1238 1240 1242 1241 1245 1247 1246 1250 1253 1249 1253 1252 1249 1253 1256 1252 1256 1255 1252 1256 1260 1255 1260 1259 1255 1257 1261 1258 1261 1262 1258 1266 1267 1265 1276 1274 1275 1274 1273 1275 1284 1286 1283 1286 1285 1283 1294 1292 1293 1298 1302 1297 1302 1301 1297 1299 1303 1300 1303 1304 1300 1303 1306 1304 1306 1307 1304 1306 1309 1307 1309 1310 1307 1314 1313 1312 1319 1318 1317 1321 1322 1320 1326 1324 1325 1324 1323 1325 1328 1326 1327 1326 1325 1327 1330 1328 1329 1328 1327 1329 1237 1228 1337 1228 1335 1337 1332 1335 1228 1229 1332 1228 1229 1231 1333 1332 1229 1333 1231 1233 1334 1333 1231 1334 1334 1340 1338 1235 1340 1334 1233 1235 1334 1340 1235 1240 1343 1238 1341 1238 1237 1341 1341 1237 1336 1336 1237 1337 1243 1238 1343 1339 1346 1344 1339 1241 1346 1340 1241 1339 1240 1241 1340 1346 1241 1245 1349 1244 1347 1244 1243 1347 1347 1243 1342 1342 1243 1343 1248 1244 1349 1345 1352 1350 1345 1246 1352 1346 1246 1345 1245 1246 1346 1352 1246 1249 1353 1349 1348 1248 1349 1353 1251 1248 1353 1249 1351 1352 1354 1351 1249 1252 1354 1249 1254 1251 1353 1254 1353 1355 1354 1252 1255 1356 1354 1255 1257 1254 1355 1257 1355 1357 1356 1255 1259 1358 1356 1259 1261 1257 1357 1261 1357 1359 1358 1362 1361 1263 1362 1358 1259 1263 1358 1264 1261 1359 1264 1359 1363 1362 1263 1266 1268 1368 1369 1363 1368 1268 1264 1363 1268 1365 1360 1366 1360 1362 1366 1366 1362 1265 1265 1362 1266 1366 1265 1270 1271 1268 1369 1371 1364 1372 1364 1366 1372 1372 1366 1269 1269 1366 1270 1372 1269 1279 1373 1369 1367 1271 1369 1373 1272 1271 1373 1374 1273 1272 1374 1272 1373 1375 1275 1273 1375 1273 1374 1376 1277 1275 1376 1275 1375 1377 1278 1277 1377 1277 1376 1279 1370 1372 1377 1370 1279 1278 1377 1279 1289 1280 1385 1280 1383 1385 1378 1383 1280 1281 1378 1280 1281 1282 1379 1378 1281 1379 1282 1283 1380 1379 1282 1380 1283 1285 1381 1380 1283 1381 1285 1287 1382 1381 1285 1382 1382 1388 1386 1288 1388 1382 1287 1288 1382 1388 1288 1291 1391 1290 1389 1290 1289 1389 1389 1289 1384 1384 1289 1385 1292 1290 1391 1291 1387 1388 1392 1387 1291 1295 1392 1291 1395 1293 1393 1293 1292 1393 1393 1292 1390 1390 1292 1391 1296 1293 1395 1392 1295 1297 1396 1392 1297 1397 1395 1394 1296 1395 1397 1299 1296 1397 1396 1297 1301 1398 1396 1301 1303 1299 1397 1303 1397 1399 1398 1301 1305 1400 1398 1305 1306 1303 1399 1306 1399 1401 1400 1305 1308 1402 1400 1308 1309 1404 1405 1401 1404 1309 1306 1401 1309 1402 1408 1407 1311 1408 1402 1308 1311 1402 1313 1309 1405 1408 1311 1316 1411 1312 1410 1312 1313 1410 1410 1313 1403 1403 1313 1405 1318 1312 1411 1413 1406 1414 1406 1408 1414 1414 1408 1315 1315 1408 1316 1414 1315 1321 1417 1317 1416 1317 1318 1416 1416 1318 1409 1409 1318 1411 1323 1317 1417 1419 1412 1420 1412 1414 1420 1420 1414 1320 1320 1414 1321 1420 1320 1331 1421 1417 1415 1323 1417 1421 1325 1323 1421 1422 1327 1325 1422 1325 1421 1423 1329 1327 1423 1327 1422 1331 1418 1420 1423 1418 1331 1329 1423 1331 1337 1335 1336 1338 1340 1339 1343 1341 1342 1344 1346 1345 1349 1347 1348 1350 1352 1351 1361 1362 1360 1365 1366 1364 1369 1368 1367 1371 1372 1370 1385 1383 1384 1386 1388 1387 1391 1389 1390 1395 1393 1394 1405 1404 1403 1407 1408 1406 1411 1410 1409 1413 1414 1412 1417 1416 1415 1419 1420 1418 1335 1332 1425 1427 1332 1333 1427 1425 1332 1429 1333 1334 1429 1427 1333 1429 1334 1338 1432 1336 1430 1336 1335 1430 1430 1335 1424 1424 1335 1425 1341 1336 1432 1428 1435 1433 1428 1339 1435 1429 1339 1428 1338 1339 1429 1435 1339 1344 1438 1342 1436 1342 1341 1436 1436 1341 1431 1431 1341 1432 1347 1342 1438 1434 1441 1439 1434 1345 1441 1435 1345 1434 1344 1345 1435 1441 1345 1350 1443 1348 1442 1348 1347 1442 1442 1347 1437 1437 1347 1438 1353 1348 1443 1440 1445 1444 1440 1351 1445 1441 1351 1440 1350 1351 1441 1445 1351 1354 1355 1443 1447 1355 1353 1443 1449 1354 1356 1449 1445 1354 1357 1447 1451 1357 1355 1447 1453 1356 1358 1453 1449 1356 1359 1451 1455 1359 1357 1451 1453 1358 1361 1363 1455 1460 1363 1359 1455 1457 1452 1458 1452 1453 1458 1458 1453 1360 1360 1453 1361 1458 1360 1365 1368 1363 1460 1462 1456 1463 1456 1458 1463 1463 1458 1364 1364 1458 1365 1463 1364 1371 1465 1367 1464 1367 1368 1464 1464 1368 1459 1459 1368 1460 1373 1367 1465 1472 1461 1473 1461 1463 1473 1473 1463 1370 1370 1463 1371 1473 1370 1377 1465 1374 1373 1465 1467 1374 1467 1375 1374 1467 1469 1375 1469 1376 1375 1469 1471 1376 1471 1377 1376 1471 1473 1377 1383 1378 1475 1477 1378 1379 1477 1475 1378 1479 1379 1380 1479 1477 1379 1481 1380 1381 1481 1479 1380 1483 1381 1382 1483 1481 1381 1483 1382 1386 1486 1384 1484 1384 1383 1484 1484 1383 1474 1474 1383 1475 1389 1384 1486 1482 1488 1487 1482 1387 1488 1483 1387 1482 1386 1387 1483 1488 1387 1392 1491 1390 1489 1390 1389 1489 1489 1389 1485 1485 1389 1486 1393 1390 1491 1493 1392 1396 1493 1488 1392 1495 1394 1494 1394 1393 1494 1494 1393 1490 1490 1393 1491 1397 1394 1495 1497 1396 1398 1497 1493 1396 1399 1495 1499 1399 1397 1495 1501 1398 1400 1501 1497 1398 1401 1499 1503 1401 1399 1499 1505 1400 1402 1505 1501 1400 1404 1401 1503 1505 1402 1407 1508 1403 1507 1403 1404 1507 1507 1404 1502 1502 1404 1503 1410 1403 1508 1510 1504 1511 1504 1505 1511 1511 1505 1406 1406 1505 1407 1511 1406 1413 1514 1409 1513 1409 1410 1513 1513 1410 1506 1506 1410 1508 1416 1409 1514 1516 1509 1517 1509 1511 1517 1517 1511 1412 1412 1511 1413 1517 1412 1419 1519 1415 1518 1415 1416 1518 1518 1416 1512 1512 1416 1514 1421 1415 1519 1522 1515 1523 1515 1517 1523 1523 1517 1418 1418 1517 1419 1523 1418 1423 1519 1422 1421 1519 1521 1422 1521 1423 1422 1521 1523 1423 1425 1427 1424 1427 1426 1424 1427 1429 1426 1429 1428 1426 1432 1430 1431 1433 1435 1434 1438 1436 1437 1439 1441 1440 1442 1446 1443 1446 1447 1443 1445 1449 1444 1449 1448 1444 1446 1450 1447 1450 1451 1447 1449 1453 1448 1453 1452 1448 1450 1454 1451 1454 1455 1451 1454 1459 1455 1459 1460 1455 1457 1458 1456 1462 1463 1461 1467 1465 1466 1465 1464 1466 1469 1467 1468 1467 1466 1468 1471 1469 1470 1469 1468 1470 1473 1471 1472 1471 1470 1472 1475 1477 1474 1477 1476 1474 1477 1479 1476 1479 1478 1476 1479 1481 1478 1481 1480 1478 1481 1483 1480 1483 1482 1480 1486 1484 1485 1488 1493 1487 1493 1492 1487 1491 1489 1490 1493 1497 1492 1497 1496 1492 1494 1498 1495 1498 1499 1495 1497 1501 1496 1501 1500 1496 1498 1502 1499 1502 1503 1499 1501 1505 1500 1505 1504 1500 1508 1507 1506 1510 1511 1509 1514 1513 1512 1516 1517 1515 1521 1519 1520 1519 1518 1520 1523 1521 1522 1521 1520 1522 1430 1424 1524 1525 1424 1426 1525 1524 1424 1526 1426 1428 1526 1525 1426 1526 1428 1433 1524 1431 1430 1527 1431 1524 1529 1527 1524 1436 1431 1527 1534 1433 1434 1526 1433 1534 1533 1526 1534 1534 1434 1439 1527 1437 1436 1535 1437 1527 1538 1535 1527 1442 1437 1535 1541 1439 1440 1534 1439 1541 1540 1534 1541 1541 1440 1444 1446 1535 1543 1446 1442 1535 1546 1444 1448 1546 1541 1444 1450 1543 1548 1450 1446 1543 1551 1448 1452 1551 1546 1448 1454 1548 1553 1454 1450 1548 1551 1452 1457 1459 1553 1558 1459 1454 1553 1557 1457 1456 1551 1457 1557 1550 1551 1557 1557 1456 1462 1464 1459 1558 1565 1462 1461 1557 1462 1565 1556 1557 1565 1565 1461 1472 1558 1466 1464 1558 1560 1466 1560 1468 1466 1560 1562 1468 1562 1470 1468 1562 1564 1470 1564 1472 1470 1564 1565 1472 1484 1474 1566 1568 1474 1476 1568 1566 1474 1570 1476 1478 1570 1568 1476 1572 1478 1480 1572 1570 1478 1573 1480 1482 1573 1572 1480 1573 1482 1487 1566 1485 1484 1574 1485 1566 1577 1574 1566 1489 1485 1574 1579 1487 1492 1579 1573 1487 1574 1490 1489 1580 1490 1574 1582 1580 1574 1494 1490 1580 1584 1492 1496 1584 1579 1492 1498 1580 1585 1498 1494 1580 1589 1496 1500 1589 1584 1496 1502 1585 1590 1502 1498 1585 1596 1500 1504 1596 1589 1500 1507 1502 1590 1596 1504 1510 1590 1506 1507 1597 1506 1590 1592 1597 1590 1513 1506 1597 1604 1510 1509 1596 1510 1604 1595 1596 1604 1604 1509 1516 1597 1512 1513 1605 1512 1597 1599 1605 1597 1518 1512 1605 1607 1516 1515 1604 1516 1607 1603 1604 1607 1607 1515 1522 1605 1520 1518 1605 1606 1520 1606 1522 1520 1606 1607 1522 1524 1525 1531 1524 1531 1529 1525 1526 1533 1525 1533 1531 1528 1536 1529 1529 1536 1538 1529 1538 1527 1529 1531 1528 1531 1530 1528 1531 1533 1530 1533 1532 1530 1539 1532 1540 1540 1532 1533 1540 1533 1534 1537 1542 1538 1538 1542 1543 1538 1543 1535 1538 1536 1537 1540 1545 1539 1545 1544 1539 1540 1541 1546 1540 1546 1545 1542 1547 1543 1547 1548 1543 1545 1550 1544 1550 1549 1544 1545 1546 1551 1545 1551 1550 1547 1552 1548 1552 1553 1548 1555 1549 1556 1556 1549 1550 1556 1550 1557 1552 1559 1553 1553 1559 1560 1553 1560 1558 1555 1556 1554 1563 1554 1564 1564 1554 1556 1564 1556 1565 1562 1560 1561 1560 1559 1561 1564 1562 1563 1562 1561 1563 1567 1575 1568 1568 1575 1577 1568 1577 1566 1568 1570 1567 1570 1569 1567 1570 1572 1569 1572 1571 1569 1578 1571 1579 1579 1571 1572 1579 1572 1573 1576 1581 1577 1577 1581 1582 1577 1582 1574 1577 1575 1576 1579 1584 1578 1584 1583 1578 1580 1582 1587 1580 1587 1585 1581 1586 1582 1586 1587 1582 1584 1589 1583 1589 1588 1583 1585 1587 1592 1585 1592 1590 1586 1591 1587 1591 1592 1587 1594 1588 1595 1595 1588 1589 1595 1589 1596 1591 1598 1592 1592 1598 1599 1592 1599 1597 1594 1595 1593 1602 1593 1603 1603 1593 1595 1603 1595 1604 1601 1599 1600 1599 1598 1600 1599 1601 1606 1599 1606 1605 1603 1601 1602 1601 1600 1602 1601 1603 1607 1601 1607 1606 1536 1528 1608 1609 1528 1530 1609 1608 1528 1610 1530 1532 1610 1609 1530 1610 1532 1539 1608 1537 1536 1611 1537 1608 1612 1611 1608 1542 1537 1611 1614 1539 1544 1614 1610 1539 1547 1611 1615 1547 1542 1611 1618 1544 1549 1618 1614 1544 1552 1615 1619 1552 1547 1615 1618 1549 1555 1559 1552 1619 1621 1555 1554 1618 1555 1621 1617 1618 1621 1621 1554 1563 1619 1561 1559 1619 1620 1561 1620 1563 1561 1620 1621 1563 1575 1567 1622 1623 1567 1569 1623 1622 1567 1624 1569 1571 1624 1623 1569 1624 1571 1578 1622 1576 1575 1625 1576 1622 1626 1625 1622 1581 1576 1625 1628 1578 1583 1628 1624 1578 1586 1625 1629 1586 1581 1625 1632 1583 1588 1632 1628 1583 1591 1629 1633 1591 1586 1629 1632 1588 1594 1598 1591 1633 1635 1594 1593 1632 1594 1635 1631 1632 1635 1635 1593 1602 1633 1600 1598 1633 1634 1600 1634 1602 1600 1634 1635 1602 1608 1609 1613 1608 1613 1612 1609 1610 1614 1609 1614 1613 1611 1612 1616 1611 1616 1615 1612 1613 1617 1612 1617 1616 1613 1614 1618 1613 1618 1617 1615 1616 1620 1615 1620 1619 1616 1617 1621 1616 1621 1620 1622 1623 1627 1622 1627 1626 1623 1624 1628 1623 1628 1627 1625 1626 1630 1625 1630 1629 1626 1627 1631 1626 1631 1630 1627 1628 1632 1627 1632 1631 1629 1630 1634 1629 1634 1633 1630 1631 1635 1630 1635 1634" solid="false" colorPerVertex="false">
     <Coordinate point="0.223882 -0.305295 -0.31487 0.264587 -0.305295 -0.316717 0.305293 -0.305295 -0.309307 0.183176 -0.264589 -0.313754 0.223882 -0.264589 -0.324403 0.264587 -0.264589 -0.324926 0.305293 -0.264589 -0.316717 0.183176 -0.223883 -0.316287 0.223882 -0.223883 -0.325237 0.264587 -0.223883 -0.324403 0.305293 -0.223883 -0.31487 0.183176 -0.183177 -0.308667 0.223882 -0.183177 -0.316287 0.264587 -0.183177 -0.313754 -0.264589 0.183176 -0.313754 -0.223883 0.183176 -0.316287 -0.183177 0.183176 -0.308667 -0.305295 0.223882 -0.31487 -0.264589 0.223882 -0.324403 -0.223883 0.223882 -0.325237 -0.183177 0.223882 -0.316287 -0.305295 0.264587 -0.316717 -0.264589 0.264587 -0.324926 -0.223883 0.264587 -0.324403 -0.183177 0.264587 -0.313754 -0.305295 0.305293 -0.309307 -0.264589 0.305293 -0.316717 -0.223883 0.305293 -0.31487 0.223882 -0.386707 -0.269473 0.264587 -0.386707 -0.274131 0.305293 -0.386707 -0.267979 0.183176 -0.346001 -0.282769 0.223882 -0.327314 -0.305295 0.223882 -0.346001 -0.296955 0.264587 -0.333232 -0.305295 0.264587 -0.346001 -0.299941 0.305293 -0.31589 -0.305295 0.305293 -0.346001 -0.293611 0.345999 -0.346001 -0.277859 0.14247 -0.305295 -0.276465 0.193482 -0.305295 -0.305295 0.183176 -0.294614 -0.305295 0.183176 -0.305295 -0.302365 0.315889 -0.305295 -0.305295 0.345999 -0.305295 -0.293611 0.386705 -0.305295 -0.267979 0.16888 -0.264589 -0.305295 0.14247 -0.264589 -0.290474 0.33323 -0.264589 -0.305295 0.345999 -0.264589 -0.299941 0.386705 -0.264589 -0.274131 0.162944 -0.223883 -0.305295 0.14247 -0.223883 -0.294956 0.327312 -0.223883 -0.305295 0.345999 -0.223883 -0.296955 0.386705 -0.223883 -0.269473 0.176474 -0.183177 -0.305295 0.14247 -0.183177 -0.289656 0.294612 -0.183177 -0.305295 0.305293 -0.193484 -0.305295 0.305293 -0.183177 -0.302365 0.345999 -0.183177 -0.282769 0.14247 -0.142471 -0.271074 0.183176 -0.176475 -0.305295 0.183176 -0.142471 -0.289656 0.223882 -0.162946 -0.305295 0.223882 -0.142471 -0.294956 0.264587 -0.168882 -0.305295 0.264587 -0.142471 -0.290474 0.305293 -0.142471 -0.276465 -0.305295 0.14247 -0.276465 -0.264589 0.16888 -0.305295 -0.264589 0.14247 -0.290474 -0.223883 0.162944 -0.305295 -0.223883 0.14247 -0.294956 -0.183177 0.176474 -0.305295 -0.183177 0.14247 -0.289656 -0.142471 0.14247 -0.271074 -0.346001 0.183176 -0.282769 -0.294614 0.183176 -0.305295 -0.305295 0.193482 -0.305295 -0.305295 0.183176 -0.302365 -0.176475 0.183176 -0.305295 -0.142471 0.183176 -0.289656 -0.386707 0.223882 -0.269473 -0.327314 0.223882 -0.305295 -0.346001 0.223882 -0.296955 -0.162946 0.223882 -0.305295 -0.142471 0.223882 -0.294956 -0.386707 0.264587 -0.274131 -0.333232 0.264587 -0.305295 -0.346001 0.264587 -0.299941 -0.168882 0.264587 -0.305295 -0.142471 0.264587 -0.290474 -0.386707 0.305293 -0.267979 -0.31589 0.305293 -0.305295 -0.346001 0.305293 -0.293611 -0.193484 0.305293 -0.305295 -0.183177 0.294612 -0.305295 -0.183177 0.305293 -0.302365 -0.142471 0.305293 -0.276465 -0.346001 0.345999 -0.277859 -0.305295 0.315889 -0.305295 -0.305295 0.345999 -0.293611 -0.264589 0.33323 -0.305295 -0.264589 0.345999 -0.299941 -0.223883 0.327312 -0.305295 -0.223883 0.345999 -0.296955 -0.183177 0.345999 -0.282769 -0.305295 0.386705 -0.267979 -0.264589 0.386705 -0.274131 -0.223883 0.386705 -0.269473 0.223882 -0.392445 -0.264589 0.223882 -0.427413 -0.229557 0.264587 -0.398199 -0.264589 0.264587 -0.427413 -0.236158 0.305293 -0.390913 -0.264589 0.305293 -0.427413 -0.230261 0.212569 -0.386707 -0.264589 0.183176 -0.371415 -0.264589 0.183176 -0.386707 -0.252141 0.314243 -0.386707 -0.264589 0.345999 -0.367786 -0.264589 0.345999 -0.386707 -0.251655 0.158529 -0.346001 -0.264589 0.14247 -0.326255 -0.264589 0.14247 -0.346001 -0.252393 0.367784 -0.346001 -0.264589 0.386705 -0.314245 -0.264589 0.386705 -0.346001 -0.251655 0.132073 -0.305295 -0.264589 0.101764 -0.305295 -0.225574 0.390911 -0.305295 -0.264589 0.427411 -0.305295 -0.230261 0.118152 -0.264589 -0.264589 0.101764 -0.264589 -0.245309 0.398198 -0.264589 -0.264589 0.427411 -0.264589 -0.236158 0.112082 -0.223883 -0.264589 0.101764 -0.223883 -0.253371 0.392443 -0.223883 -0.264589 0.427411 -0.223883 -0.229557 0.116005 -0.183177 -0.264589 0.101764 -0.183177 -0.250071 0.371414 -0.183177 -0.264589 0.386705 -0.212571 -0.264589 0.386705 -0.183177 -0.252141 0.135327 -0.142471 -0.264589 0.101764 -0.142471 -0.231985 0.326253 -0.142471 -0.264589 0.345999 -0.158531 -0.264589 0.345999 -0.142471 -0.252393 0.14247 -0.135328 -0.264589 0.14247 -0.101766 -0.231985 0.183176 -0.116007 -0.264589 0.183176 -0.101766 -0.250071 0.223882 -0.112084 -0.264589 0.223882 -0.101766 -0.253371 0.264587 -0.118154 -0.264589 0.264587 -0.101766 -0.245309 0.305293 -0.132075 -0.264589 0.305293 -0.101766 -0.225574 -0.305295 0.132073 -0.264589 -0.305295 0.101764 -0.225574 -0.264589 0.118152 -0.264589 -0.264589 0.101764 -0.245309 -0.223883 0.112082 -0.264589 -0.223883 0.101764 -0.253371 -0.183177 0.116005 -0.264589 -0.183177 0.101764 -0.250071 -0.142471 0.135327 -0.264589 -0.142471 0.101764 -0.231985 -0.326255 0.14247 -0.264589 -0.346001 0.158529 -0.264589 -0.346001 0.14247 -0.252393 -0.135328 0.14247 -0.264589 -0.101766 0.14247 -0.231985 -0.371415 0.183176 -0.264589 -0.386707 0.212569 -0.264589 -0.386707 0.183176 -0.252141 -0.116007 0.183176 -0.264589 -0.101766 0.183176 -0.250071 -0.392445 0.223882 -0.264589 -0.427413 0.223882 -0.229557 -0.112084 0.223882 -0.264589 -0.101766 0.223882 -0.253371 -0.398199 0.264587 -0.264589 -0.427413 0.264587 -0.236158 -0.118154 0.264587 -0.264589 -0.101766 0.264587 -0.245309 -0.390913 0.305293 -0.264589 -0.427413 0.305293 -0.230261 -0.132075 0.305293 -0.264589 -0.101766 0.305293 -0.225574 -0.367786 0.345999 -0.264589 -0.386707 0.314243 -0.264589 -0.386707 0.345999 -0.251655 -0.158531 0.345999 -0.264589 -0.142471 0.326253 -0.264589 -0.142471 0.345999 -0.252393 -0.314245 0.386705 -0.264589 -0.346001 0.367784 -0.264589 -0.346001 0.386705 -0.251655 -0.212571 0.386705 -0.264589 -0.183177 0.371414 -0.264589 -0.183177 0.386705 -0.252141 -0.305295 0.390911 -0.264589 -0.305295 0.427411 -0.230261 -0.264589 0.398198 -0.264589 -0.264589 0.427411 -0.236158 -0.223883 0.392443 -0.264589 -0.223883 0.427411 -0.229557 0.223882 -0.432277 -0.223883 0.264587 -0.438118 -0.223883 0.305293 -0.433089 -0.223883 0.213202 -0.427413 -0.223883 0.183176 -0.414389 -0.223883 0.183176 -0.427413 -0.207101 0.320691 -0.427413 -0.223883 0.345999 -0.416909 -0.223883 0.345999 -0.427413 -0.211975 0.150988 -0.386707 -0.223883 0.14247 -0.3789 -0.223883 0.14247 -0.386707 -0.215613 0.386425 -0.386707 -0.223883 0.386705 -0.386427 -0.223883 0.386705 -0.386707 -0.223655 0.121112 -0.346001 -0.223883 0.101764 -0.307719 -0.223883 0.101764 -0.346001 -0.192598 0.416907 -0.346001 -0.223883 0.427411 -0.320693 -0.223883 0.427411 -0.346001 -0.211975 0.100934 -0.305295 -0.223883 0.433087 -0.305295 -0.223883 0.0905922 -0.264589 -0.223883 0.438116 -0.264589 -0.223883 0.0855907 -0.223883 -0.223883 0.432275 -0.223883 -0.223883 0.0868191 -0.183177 -0.223883 0.414388 -0.183177 -0.223883 0.427411 -0.213203 -0.223883 0.427411 -0.183177 -0.207101 0.0970074 -0.142471 -0.223883 0.378898 -0.142471 -0.223883 0.386705 -0.15099 -0.223883 0.386705 -0.142471 -0.215613 0.133952 -0.101766 -0.223883 0.101764 -0.133954 -0.223883 0.101764 -0.101766 -0.188583 0.307717 -0.101766 -0.223883 0.345999 -0.121113 -0.223883 0.345999 -0.101766 -0.192598 0.14247 -0.0970091 -0.223883 0.183176 -0.0868208 -0.223883 0.223882 -0.0855924 -0.223883 0.264587 -0.0905939 -0.223883 0.305293 -0.100935 -0.223883 -0.305295 0.100934 -0.223883 -0.264589 0.0905922 -0.223883 -0.223883 0.0855907 -0.223883 -0.183177 0.0868191 -0.223883 -0.142471 0.0970074 -0.223883 -0.307719 0.101764 -0.223883 -0.346001 0.121112 -0.223883 -0.346001 0.101764 -0.192598 -0.133954 0.101764 -0.223883 -0.101766 0.133952 -0.223883 -0.101766 0.101764 -0.188583 -0.3789 0.14247 -0.223883 -0.386707 0.150988 -0.223883 -0.386707 0.14247 -0.215613 -0.0970091 0.14247 -0.223883 -0.414389 0.183176 -0.223883 -0.427413 0.213202 -0.223883 -0.427413 0.183176 -0.207101 -0.0868208 0.183176 -0.223883 -0.432277 0.223882 -0.223883 -0.0855924 0.223882 -0.223883 -0.438118 0.264587 -0.223883 -0.0905939 0.264587 -0.223883 -0.433089 0.305293 -0.223883 -0.100935 0.305293 -0.223883 -0.416909 0.345999 -0.223883 -0.427413 0.320691 -0.223883 -0.427413 0.345999 -0.211975 -0.121113 0.345999 -0.223883 -0.101766 0.307717 -0.223883 -0.101766 0.345999 -0.192598 -0.386427 0.386705 -0.223883 -0.386707 0.386425 -0.223883 -0.386707 0.386705 -0.223655 -0.15099 0.386705 -0.223883 -0.142471 0.378898 -0.223883 -0.142471 0.386705 -0.215613 -0.320693 0.427411 -0.223883 -0.346001 0.416907 -0.223883 -0.346001 0.427411 -0.211975 -0.213203 0.427411 -0.223883 -0.183177 0.414388 -0.223883 -0.183177 0.427411 -0.207101 -0.305295 0.433087 -0.223883 -0.264589 0.438116 -0.223883 -0.223883 0.432275 -0.223883 0.183176 -0.444309 -0.183177 0.223882 -0.460645 -0.183177 0.223882 -0.468119 -0.168584 0.264587 -0.466099 -0.183177 0.264587 -0.468119 -0.179326 0.305293 -0.462437 -0.183177 0.305293 -0.468119 -0.172642 0.345999 -0.449255 -0.183177 0.345999 -0.468119 -0.149282 0.161397 -0.427413 -0.183177 0.14247 -0.412774 -0.183177 0.14247 -0.427413 -0.158103 0.38263 -0.427413 -0.183177 0.386705 -0.424534 -0.183177 0.386705 -0.427413 -0.179123 0.122639 -0.386707 -0.183177 0.101764 -0.354867 -0.183177 0.424532 -0.386707 -0.183177 0.427411 -0.382632 -0.183177 0.427411 -0.386707 -0.179123 0.0979315 -0.346001 -0.183177 0.449254 -0.346001 -0.183177 0.468117 -0.346001 -0.149282 0.0833181 -0.305295 -0.183177 0.462436 -0.305295 -0.183177 0.468117 -0.305295 -0.172642 0.0735321 -0.264589 -0.183177 0.466097 -0.264589 -0.183177 0.468117 -0.264589 -0.179326 0.0685123 -0.223883 -0.183177 0.061058 -0.223883 -0.159291 0.460643 -0.223883 -0.183177 0.468117 -0.223883 -0.168584 0.0689245 -0.183177 -0.183177 0.061058 -0.183177 -0.158743 0.444307 -0.183177 -0.183177 0.0769211 -0.142471 -0.183177 0.412772 -0.142471 -0.183177 0.427411 -0.161399 -0.183177 0.427411 -0.142471 -0.158103 0.0989506 -0.101766 -0.183177 0.354865 -0.101766 -0.183177 0.386705 -0.12264 -0.183177 0.101764 -0.0989523 -0.183177 0.14247 -0.0769228 -0.183177 0.183176 -0.0689262 -0.183177 0.183176 -0.0610597 -0.158743 0.223882 -0.0685139 -0.183177 0.223882 -0.0610597 -0.159291 0.264587 -0.0735338 -0.183177 0.305293 -0.0833198 -0.183177 0.345999 -0.0979332 -0.183177 -0.346001 0.0979315 -0.183177 -0.305295 0.0833181 -0.183177 -0.264589 0.0735321 -0.183177 -0.223883 0.0685123 -0.183177 -0.223883 0.061058 -0.159291 -0.183177 0.0689245 -0.183177 -0.183177 0.061058 -0.158743 -0.142471 0.0769211 -0.183177 -0.101766 0.0989506 -0.183177 -0.354867 0.101764 -0.183177 -0.386707 0.122639 -0.183177 -0.0989523 0.101764 -0.183177 -0.412774 0.14247 -0.183177 -0.427413 0.161397 -0.183177 -0.427413 0.14247 -0.158103 -0.0769228 0.14247 -0.183177 -0.444309 0.183176 -0.183177 -0.0689262 0.183176 -0.183177 -0.0610597 0.183176 -0.158743 -0.460645 0.223882 -0.183177 -0.468119 0.223882 -0.168584 -0.0685139 0.223882 -0.183177 -0.0610597 0.223882 -0.159291 -0.466099 0.264587 -0.183177 -0.468119 0.264587 -0.179326 -0.0735338 0.264587 -0.183177 -0.462437 0.305293 -0.183177 -0.468119 0.305293 -0.172642 -0.0833198 0.305293 -0.183177 -0.449255 0.345999 -0.183177 -0.468119 0.345999 -0.149282 -0.0979332 0.345999 -0.183177 -0.424534 0.386705 -0.183177 -0.427413 0.38263 -0.183177 -0.427413 0.386705 -0.179123 -0.12264 0.386705 -0.183177 -0.101766 0.354865 -0.183177 -0.382632 0.427411 -0.183177 -0.386707 0.424532 -0.183177 -0.386707 0.427411 -0.179123 -0.161399 0.427411 -0.183177 -0.142471 0.412772 -0.183177 -0.142471 0.427411 -0.158103 -0.346001 0.449254 -0.183177 -0.346001 0.468117 -0.149282 -0.305295 0.462436 -0.183177 -0.305295 0.468117 -0.172642 -0.264589 0.466097 -0.183177 -0.264589 0.468117 -0.179326 -0.223883 0.460643 -0.183177 -0.223883 0.468117 -0.168584 -0.183177 0.444307 -0.183177 0.223882 -0.481415 -0.142471 0.264587 -0.487095 -0.142471 0.305293 -0.483865 -0.142471 0.345999 -0.47173 -0.142471 0.14247 -0.436216 -0.142471 0.191207 -0.468119 -0.142471 0.183176 -0.465195 -0.142471 0.183176 -0.468119 -0.134449 0.353373 -0.468119 -0.142471 0.386705 -0.450281 -0.142471 0.135113 -0.427413 -0.142471 0.415197 -0.427413 -0.142471 0.427411 -0.415199 -0.142471 0.427411 -0.427413 -0.119941 0.10361 -0.386707 -0.142471 0.101764 -0.384086 -0.142471 0.101764 -0.386707 -0.13729 0.450279 -0.386707 -0.142471 0.468117 -0.353375 -0.142471 0.0844068 -0.346001 -0.142471 0.471729 -0.346001 -0.142471 0.0706638 -0.305295 -0.142471 0.483863 -0.305295 -0.142471 0.0614095 -0.264589 -0.142471 0.061058 -0.261802 -0.142471 0.061058 -0.264589 -0.14091 0.487094 -0.264589 -0.142471 0.0573249 -0.223883 -0.142471 0.481414 -0.223883 -0.142471 0.057368 -0.183177 -0.142471 0.465193 -0.183177 -0.142471 0.468117 -0.191209 -0.142471 0.468117 -0.183177 -0.134449 0.0632097 -0.142471 -0.142471 0.061058 -0.154873 -0.142471 0.061058 -0.142471 -0.133763 0.436215 -0.142471 -0.142471 0.0817601 -0.101766 -0.142471 0.384084 -0.101766 -0.142471 0.386705 -0.103611 -0.142471 0.386705 -0.101766 -0.13729 0.427411 -0.135115 -0.142471 0.101764 -0.0817618 -0.142471 0.154872 -0.0610597 -0.142471 0.14247 -0.0632113 -0.142471 0.14247 -0.0610597 -0.133763 0.261801 -0.0610597 -0.142471 0.264587 -0.0614112 -0.142471 0.264587 -0.0610597 -0.14091 0.305293 -0.0706654 -0.142471 0.345999 -0.0844085 -0.142471 0.183176 -0.0573697 -0.142471 0.223882 -0.0573266 -0.142471 -0.223883 0.0573249 -0.142471 -0.183177 0.057368 -0.142471 -0.346001 0.0844068 -0.142471 -0.305295 0.0706638 -0.142471 -0.261802 0.061058 -0.142471 -0.264589 0.0614095 -0.142471 -0.264589 0.061058 -0.14091 -0.154873 0.061058 -0.142471 -0.142471 0.0632097 -0.142471 -0.142471 0.061058 -0.133763 -0.101766 0.0817601 -0.142471 -0.427413 0.135113 -0.142471 -0.384086 0.101764 -0.142471 -0.386707 0.10361 -0.142471 -0.386707 0.101764 -0.13729 -0.0817618 0.101764 -0.142471 -0.436216 0.14247 -0.142471 -0.0632113 0.14247 -0.142471 -0.0610597 0.154872 -0.142471 -0.0610597 0.14247 -0.133763 -0.465195 0.183176 -0.142471 -0.468119 0.191207 -0.142471 -0.468119 0.183176 -0.134449 -0.0573697 0.183176 -0.142471 -0.481415 0.223882 -0.142471 -0.0573266 0.223882 -0.142471 -0.487095 0.264587 -0.142471 -0.0614112 0.264587 -0.142471 -0.0610597 0.261801 -0.142471 -0.0610597 0.264587 -0.14091 -0.483865 0.305293 -0.142471 -0.0706654 0.305293 -0.142471 -0.47173 0.345999 -0.142471 -0.0844085 0.345999 -0.142471 -0.450281 0.386705 -0.142471 -0.468119 0.353373 -0.142471 -0.103611 0.386705 -0.142471 -0.101766 0.384084 -0.142471 -0.101766 0.386705 -0.13729 -0.415199 0.427411 -0.142471 -0.427413 0.415197 -0.142471 -0.427413 0.427411 -0.119941 -0.135115 0.427411 -0.142471 -0.353375 0.468117 -0.142471 -0.386707 0.450279 -0.142471 -0.191209 0.468117 -0.142471 -0.183177 0.465193 -0.142471 -0.183177 0.468117 -0.134449 -0.142471 0.436215 -0.142471 -0.346001 0.471729 -0.142471 -0.305295 0.483863 -0.142471 -0.264589 0.487094 -0.142471 -0.223883 0.481414 -0.142471 0.183176 -0.480619 -0.101766 0.223882 -0.495879 -0.101766 0.264587 -0.501252 -0.101766 0.264587 -0.508825 -0.0664266 0.305293 -0.498564 -0.101766 0.345999 -0.487739 -0.101766 0.16555 -0.468119 -0.101766 0.14247 -0.452654 -0.101766 0.385461 -0.468119 -0.101766 0.386705 -0.467445 -0.101766 0.386705 -0.468119 -0.0992988 0.427411 -0.436206 -0.101766 0.120636 -0.427413 -0.101766 0.101764 -0.403918 -0.101766 0.436204 -0.427413 -0.101766 0.0929072 -0.386707 -0.101766 0.467443 -0.386707 -0.101766 0.468117 -0.385463 -0.101766 0.468117 -0.386707 -0.0992988 0.0750423 -0.346001 -0.101766 0.487737 -0.346001 -0.101766 0.0619705 -0.305295 -0.101766 0.061058 -0.30148 -0.101766 0.061058 -0.305295 -0.0953205 0.498562 -0.305295 -0.101766 0.0545109 -0.264589 -0.101766 0.50125 -0.264589 -0.101766 0.508823 -0.264589 -0.0664266 0.0507231 -0.223883 -0.101766 0.495877 -0.223883 -0.101766 0.0506531 -0.183177 -0.101766 0.480617 -0.183177 -0.101766 0.0553166 -0.142471 -0.101766 0.452652 -0.142471 -0.101766 0.468117 -0.165551 -0.101766 0.0698143 -0.101766 -0.101766 0.061058 -0.122088 -0.101766 0.403916 -0.101766 -0.101766 0.427411 -0.120637 -0.101766 0.122086 -0.0610597 -0.101766 0.101764 -0.0698161 -0.101766 0.301479 -0.0610597 -0.101766 0.305293 -0.0619722 -0.101766 0.305293 -0.0610597 -0.0953205 0.345999 -0.075044 -0.101766 0.386705 -0.0929089 -0.101766 0.14247 -0.0553183 -0.101766 0.183176 -0.0506548 -0.101766 0.223882 -0.0507249 -0.101766 0.264587 -0.0545126 -0.101766 -0.264589 0.0545109 -0.101766 -0.223883 0.0507231 -0.101766 -0.183177 0.0506531 -0.101766 -0.142471 0.0553166 -0.101766 -0.386707 0.0929072 -0.101766 -0.346001 0.0750423 -0.101766 -0.30148 0.061058 -0.101766 -0.305295 0.0619705 -0.101766 -0.305295 0.061058 -0.0953205 -0.122088 0.061058 -0.101766 -0.101766 0.0698143 -0.101766 -0.403918 0.101764 -0.101766 -0.427413 0.120636 -0.101766 -0.0698161 0.101764 -0.101766 -0.0610597 0.122086 -0.101766 -0.452654 0.14247 -0.101766 -0.468119 0.16555 -0.101766 -0.0553183 0.14247 -0.101766 -0.480619 0.183176 -0.101766 -0.0506548 0.183176 -0.101766 -0.495879 0.223882 -0.101766 -0.0507249 0.223882 -0.101766 -0.501252 0.264587 -0.101766 -0.508825 0.264587 -0.0664266 -0.0545126 0.264587 -0.101766 -0.498564 0.305293 -0.101766 -0.0619722 0.305293 -0.101766 -0.0610597 0.301479 -0.101766 -0.0610597 0.305293 -0.0953205 -0.487739 0.345999 -0.101766 -0.075044 0.345999 -0.101766 -0.467445 0.386705 -0.101766 -0.468119 0.385461 -0.101766 -0.468119 0.386705 -0.0992988 -0.0929089 0.386705 -0.101766 -0.436206 0.427411 -0.101766 -0.120637 0.427411 -0.101766 -0.101766 0.403916 -0.101766 -0.427413 0.436204 -0.101766 -0.385463 0.468117 -0.101766 -0.386707 0.467443 -0.101766 -0.386707 0.468117 -0.0992988 -0.165551 0.468117 -0.101766 -0.142471 0.452652 -0.101766 -0.346001 0.487737 -0.101766 -0.305295 0.498562 -0.101766 -0.264589 0.50125 -0.101766 -0.264589 0.508823 -0.0664266 -0.223883 0.495877 -0.101766 -0.183177 0.480617 -0.101766 0.264587 -0.510089 -0.0610597 0.183176 -0.490311 -0.0610597 0.256332 -0.508825 -0.0610597 0.223882 -0.504701 -0.0610597 0.223882 -0.508825 -0.0208846 0.284261 -0.508825 -0.0610597 0.305293 -0.507579 -0.0610597 0.305293 -0.508825 -0.0494749 0.345999 -0.4976 -0.0610597 0.386705 -0.47861 -0.0610597 0.151082 -0.468119 -0.0610597 0.14247 -0.462539 -0.0610597 0.402361 -0.468119 -0.0610597 0.427411 -0.448934 -0.0610597 0.111365 -0.427413 -0.0610597 0.101764 -0.415842 -0.0610597 0.448932 -0.427413 -0.0610597 0.468117 -0.402362 -0.0610597 0.086419 -0.386707 -0.0610597 0.478608 -0.386707 -0.0610597 0.0691555 -0.346001 -0.0610597 0.061058 -0.321339 -0.0610597 0.497598 -0.346001 -0.0610597 0.057283 -0.305295 -0.0610597 0.507577 -0.305295 -0.0610597 0.508823 -0.284263 -0.0610597 0.508823 -0.305295 -0.0494749 0.0503085 -0.264589 -0.0610597 0.510087 -0.264589 -0.0610597 0.0467036 -0.223883 -0.0610597 0.5047 -0.223883 -0.0610597 0.508823 -0.256334 -0.0610597 0.508823 -0.223883 -0.0208846 0.046565 -0.183177 -0.0610597 0.490309 -0.183177 -0.0610597 0.0505677 -0.142471 -0.0610597 0.462538 -0.142471 -0.0610597 0.468117 -0.151084 -0.0610597 0.0611727 -0.101766 -0.0610597 0.061058 -0.102048 -0.0610597 0.061058 -0.101766 -0.0601909 0.41584 -0.101766 -0.0610597 0.427411 -0.111366 -0.0610597 0.102046 -0.0610597 -0.0610597 0.101764 -0.0611745 -0.0610597 0.101764 -0.0610597 -0.0601909 0.321337 -0.0610597 -0.0610597 0.345999 -0.0691572 -0.0610597 0.386705 -0.0864208 -0.0610597 0.14247 -0.0505695 -0.0610597 0.183176 -0.0465667 -0.0610597 0.223882 -0.0467053 -0.0610597 0.264587 -0.0503101 -0.0610597 0.305293 -0.0572848 -0.0610597 -0.305295 0.057283 -0.0610597 -0.264589 0.0503085 -0.0610597 -0.223883 0.0467036 -0.0610597 -0.183177 0.046565 -0.0610597 -0.142471 0.0505677 -0.0610597 -0.386707 0.086419 -0.0610597 -0.321339 0.061058 -0.0610597 -0.346001 0.0691555 -0.0610597 -0.102048 0.061058 -0.0610597 -0.101766 0.0611727 -0.0610597 -0.101766 0.061058 -0.0601909 -0.415842 0.101764 -0.0610597 -0.427413 0.111365 -0.0610597 -0.0611745 0.101764 -0.0610597 -0.0610597 0.102046 -0.0610597 -0.0610597 0.101764 -0.0601909 -0.462539 0.14247 -0.0610597 -0.468119 0.151082 -0.0610597 -0.0505695 0.14247 -0.0610597 -0.490311 0.183176 -0.0610597 -0.0465667 0.183176 -0.0610597 -0.504701 0.223882 -0.0610597 -0.508825 0.256332 -0.0610597 -0.508825 0.223882 -0.0208846 -0.0467053 0.223882 -0.0610597 -0.510089 0.264587 -0.0610597 -0.0503101 0.264587 -0.0610597 -0.507579 0.305293 -0.0610597 -0.508825 0.284261 -0.0610597 -0.508825 0.305293 -0.0494749 -0.0572848 0.305293 -0.0610597 -0.4976 0.345999 -0.0610597 -0.0691572 0.345999 -0.0610597 -0.0610597 0.321337 -0.0610597 -0.47861 0.386705 -0.0610597 -0.0864208 0.386705 -0.0610597 -0.448934 0.427411 -0.0610597 -0.468119 0.402361 -0.0610597 -0.111366 0.427411 -0.0610597 -0.101766 0.41584 -0.0610597 -0.402362 0.468117 -0.0610597 -0.427413 0.448932 -0.0610597 -0.151084 0.468117 -0.0610597 -0.142471 0.462538 -0.0610597 -0.386707 0.478608 -0.0610597 -0.346001 0.497598 -0.0610597 -0.284263 0.508823 -0.0610597 -0.305295 0.507577 -0.0610597 -0.305295 0.508823 -0.0494749 -0.256334 0.508823 -0.0610597 -0.223883 0.5047 -0.0610597 -0.223883 0.508823 -0.0208846 -0.183177 0.490309 -0.0610597 -0.264589 0.510087 -0.0610597 0.223882 -0.508888 -0.0203538 0.264587 -0.51491 -0.0203538 0.305293 -0.512328 -0.0203538 0.223723 -0.508825 -0.0203538 0.183176 -0.494898 -0.0203538 0.31927 -0.508825 -0.0203538 0.345999 -0.502296 -0.0203538 0.386705 -0.483964 -0.0203538 0.143948 -0.468119 -0.0203538 0.14247 -0.467177 -0.0203538 0.410296 -0.468119 -0.0203538 0.427411 -0.454994 -0.0203538 0.106839 -0.427413 -0.0203538 0.101764 -0.421395 -0.0203538 0.454992 -0.427413 -0.0203538 0.468117 -0.410298 -0.0203538 0.08328 -0.386707 -0.0203538 0.483962 -0.386707 -0.0203538 0.0663164 -0.346001 -0.0203538 0.061058 -0.330246 -0.0203538 0.502294 -0.346001 -0.0203538 0.508823 -0.319271 -0.0203538 0.055113 -0.305295 -0.0203538 0.512326 -0.305295 -0.0203538 0.0483112 -0.264589 -0.0203538 0.514909 -0.264589 -0.0203538 0.0448029 -0.223883 -0.0203538 0.508886 -0.223883 -0.0203538 0.0446177 -0.183177 -0.0203538 0.494897 -0.183177 -0.0203538 0.508823 -0.223725 -0.0203538 0.0481828 -0.142471 -0.0203538 0.467176 -0.142471 -0.0203538 0.468117 -0.143949 -0.0203538 0.0571948 -0.101766 -0.0203538 0.421393 -0.101766 -0.0203538 0.427411 -0.106841 -0.0203538 0.0928571 -0.0610597 -0.0203538 0.061058 -0.0928589 -0.0203538 0.330244 -0.0610597 -0.0203538 0.345999 -0.066318 -0.0203538 0.386705 -0.0832817 -0.0203538 0.101764 -0.0571965 -0.0203538 0.14247 -0.0481845 -0.0203538 0.183176 -0.0446194 -0.0203538 0.223882 -0.0448046 -0.0203538 0.264587 -0.048313 -0.0203538 0.305293 -0.0551147 -0.0203538 -0.305295 0.055113 -0.0203538 -0.264589 0.0483112 -0.0203538 -0.223883 0.0448029 -0.0203538 -0.183177 0.0446177 -0.0203538 -0.142471 0.0481828 -0.0203538 -0.101766 0.0571948 -0.0203538 -0.386707 0.08328 -0.0203538 -0.330246 0.061058 -0.0203538 -0.346001 0.0663164 -0.0203538 -0.0928589 0.061058 -0.0203538 -0.0610597 0.0928571 -0.0203538 -0.421395 0.101764 -0.0203538 -0.427413 0.106839 -0.0203538 -0.0571965 0.101764 -0.0203538 -0.467177 0.14247 -0.0203538 -0.468119 0.143948 -0.0203538 -0.0481845 0.14247 -0.0203538 -0.494898 0.183176 -0.0203538 -0.508825 0.223723 -0.0203538 -0.0446194 0.183176 -0.0203538 -0.508888 0.223882 -0.0203538 -0.0448046 0.223882 -0.0203538 -0.51491 0.264587 -0.0203538 -0.048313 0.264587 -0.0203538 -0.512328 0.305293 -0.0203538 -0.0551147 0.305293 -0.0203538 -0.502296 0.345999 -0.0203538 -0.508825 0.31927 -0.0203538 -0.066318 0.345999 -0.0203538 -0.0610597 0.330244 -0.0203538 -0.483964 0.386705 -0.0203538 -0.0832817 0.386705 -0.0203538 -0.454994 0.427411 -0.0203538 -0.468119 0.410296 -0.0203538 -0.106841 0.427411 -0.0203538 -0.101766 0.421393 -0.0203538 -0.410298 0.468117 -0.0203538 -0.427413 0.454992 -0.0203538 -0.143949 0.468117 -0.0203538 -0.142471 0.467176 -0.0203538 -0.386707 0.483962 -0.0203538 -0.319271 0.508823 -0.0203538 -0.346001 0.502294 -0.0203538 -0.223725 0.508823 -0.0203538 -0.183177 0.494897 -0.0203538 -0.305295 0.512326 -0.0203538 -0.264589 0.514909 -0.0203538 -0.223883 0.508886 -0.0203538 0.223882 -0.508888 0.0203521 0.264587 -0.51491 0.0203521 0.305293 -0.512328 0.0203521 0.223723 -0.508825 0.0203521 0.183176 -0.494898 0.0203521 0.31927 -0.508825 0.0203521 0.345999 -0.502296 0.0203521 0.386705 -0.483964 0.0203521 0.143948 -0.468119 0.0203521 0.14247 -0.467177 0.0203521 0.410296 -0.468119 0.0203521 0.427411 -0.454994 0.0203521 0.106839 -0.427413 0.0203521 0.101764 -0.421395 0.0203521 0.454992 -0.427413 0.0203521 0.468117 -0.410298 0.0203521 0.08328 -0.386707 0.0203521 0.483962 -0.386707 0.0203521 0.0663164 -0.346001 0.0203521 0.061058 -0.330246 0.0203521 0.502294 -0.346001 0.0203521 0.508823 -0.319271 0.0203521 0.055113 -0.305295 0.0203521 0.512326 -0.305295 0.0203521 0.0483112 -0.264589 0.0203521 0.514909 -0.264589 0.0203521 0.0448029 -0.223883 0.0203521 0.508886 -0.223883 0.0203521 0.0446177 -0.183177 0.0203521 0.494897 -0.183177 0.0203521 0.508823 -0.223725 0.0203521 0.0481828 -0.142471 0.0203521 0.467176 -0.142471 0.0203521 0.468117 -0.143949 0.0203521 0.0571948 -0.101766 0.0203521 0.421393 -0.101766 0.0203521 0.427411 -0.106841 0.0203521 0.0928571 -0.0610597 0.0203521 0.061058 -0.0928589 0.0203521 0.330244 -0.0610597 0.0203521 0.345999 -0.066318 0.0203521 0.386705 -0.0832817 0.0203521 0.101764 -0.0571965 0.0203521 0.14247 -0.0481845 0.0203521 0.183176 -0.0446194 0.0203521 0.223882 -0.0448046 0.0203521 0.264587 -0.048313 0.0203521 0.305293 -0.0551147 0.0203521 -0.305295 0.055113 0.0203521 -0.264589 0.0483112 0.0203521 -0.223883 0.0448029 0.0203521 -0.183177 0.0446177 0.0203521 -0.142471 0.0481828 0.0203521 -0.101766 0.0571948 0.0203521 -0.386707 0.08328 0.0203521 -0.330246 0.061058 0.0203521 -0.346001 0.0663164 0.0203521 -0.0928589 0.061058 0.0203521 -0.0610597 0.0928571 0.0203521 -0.421395 0.101764 0.0203521 -0.427413 0.106839 0.0203521 -0.0571965 0.101764 0.0203521 -0.467177 0.14247 0.0203521 -0.468119 0.143948 0.0203521 -0.0481845 0.14247 0.0203521 -0.494898 0.183176 0.0203521 -0.508825 0.223723 0.0203521 -0.0446194 0.183176 0.0203521 -0.508888 0.223882 0.0203521 -0.0448046 0.223882 0.0203521 -0.51491 0.264587 0.0203521 -0.048313 0.264587 0.0203521 -0.512328 0.305293 0.0203521 -0.0551147 0.305293 0.0203521 -0.502296 0.345999 0.0203521 -0.508825 0.31927 0.0203521 -0.066318 0.345999 0.0203521 -0.0610597 0.330244 0.0203521 -0.483964 0.386705 0.0203521 -0.0832817 0.386705 0.0203521 -0.454994 0.427411 0.0203521 -0.468119 0.410296 0.0203521 -0.106841 0.427411 0.0203521 -0.101766 0.421393 0.0203521 -0.410298 0.468117 0.0203521 -0.427413 0.454992 0.0203521 -0.143949 0.468117 0.0203521 -0.142471 0.467176 0.0203521 -0.386707 0.483962 0.0203521 -0.319271 0.508823 0.0203521 -0.346001 0.502294 0.0203521 -0.223725 0.508823 0.0203521 -0.183177 0.494897 0.0203521 -0.305295 0.512326 0.0203521 -0.264589 0.514909 0.0203521 -0.223883 0.508886 0.0203521 0.264587 -0.510089 0.061058 0.183176 -0.490311 0.061058 0.256332 -0.508825 0.061058 0.223882 -0.504701 0.061058 0.223882 -0.508825 0.0208829 0.284261 -0.508825 0.061058 0.305293 -0.507579 0.061058 0.305293 -0.508825 0.0494732 0.345999 -0.4976 0.061058 0.386705 -0.47861 0.061058 0.151082 -0.468119 0.061058 0.14247 -0.462539 0.061058 0.402361 -0.468119 0.061058 0.427411 -0.448934 0.061058 0.111365 -0.427413 0.061058 0.101764 -0.415842 0.061058 0.448932 -0.427413 0.061058 0.468117 -0.402362 0.061058 0.086419 -0.386707 0.061058 0.478608 -0.386707 0.061058 0.0691555 -0.346001 0.061058 0.061058 -0.321339 0.061058 0.497598 -0.346001 0.061058 0.057283 -0.305295 0.061058 0.507577 -0.305295 0.061058 0.508823 -0.284263 0.061058 0.508823 -0.305295 0.0494732 0.0503085 -0.264589 0.061058 0.510087 -0.264589 0.061058 0.0467036 -0.223883 0.061058 0.5047 -0.223883 0.061058 0.508823 -0.256334 0.061058 0.508823 -0.223883 0.0208829 0.046565 -0.183177 0.061058 0.490309 -0.183177 0.061058 0.0505677 -0.142471 0.061058 0.462538 -0.142471 0.061058 0.468117 -0.151084 0.061058 0.0611727 -0.101766 0.061058 0.061058 -0.102048 0.061058 0.061058 -0.101766 0.0601892 0.41584 -0.101766 0.061058 0.427411 -0.111366 0.061058 0.102046 -0.0610597 0.061058 0.101764 -0.0611745 0.061058 0.101764 -0.0610597 0.0601892 0.321337 -0.0610597 0.061058 0.345999 -0.0691572 0.061058 0.386705 -0.0864208 0.061058 0.14247 -0.0505695 0.061058 0.183176 -0.0465667 0.061058 0.223882 -0.0467053 0.061058 0.264587 -0.0503101 0.061058 0.305293 -0.0572848 0.061058 -0.305295 0.057283 0.061058 -0.264589 0.0503085 0.061058 -0.223883 0.0467036 0.061058 -0.183177 0.046565 0.061058 -0.142471 0.0505677 0.061058 -0.386707 0.086419 0.061058 -0.321339 0.061058 0.061058 -0.346001 0.0691555 0.061058 -0.102048 0.061058 0.061058 -0.101766 0.0611727 0.061058 -0.101766 0.061058 0.0601892 -0.415842 0.101764 0.061058 -0.427413 0.111365 0.061058 -0.0611745 0.101764 0.061058 -0.0610597 0.102046 0.061058 -0.0610597 0.101764 0.0601892 -0.462539 0.14247 0.061058 -0.468119 0.151082 0.061058 -0.0505695 0.14247 0.061058 -0.490311 0.183176 0.061058 -0.0465667 0.183176 0.061058 -0.504701 0.223882 0.061058 -0.508825 0.256332 0.061058 -0.508825 0.223882 0.0208829 -0.0467053 0.223882 0.061058 -0.510089 0.264587 0.061058 -0.0503101 0.264587 0.061058 -0.507579 0.305293 0.061058 -0.508825 0.284261 0.061058 -0.508825 0.305293 0.0494732 -0.0572848 0.305293 0.061058 -0.4976 0.345999 0.061058 -0.0691572 0.345999 0.061058 -0.0610597 0.321337 0.061058 -0.47861 0.386705 0.061058 -0.0864208 0.386705 0.061058 -0.448934 0.427411 0.061058 -0.468119 0.402361 0.061058 -0.111366 0.427411 0.061058 -0.101766 0.41584 0.061058 -0.402362 0.468117 0.061058 -0.427413 0.448932 0.061058 -0.151084 0.468117 0.061058 -0.142471 0.462538 0.061058 -0.386707 0.478608 0.061058 -0.346001 0.497598 0.061058 -0.284263 0.508823 0.061058 -0.305295 0.507577 0.061058 -0.305295 0.508823 0.0494732 -0.256334 0.508823 0.061058 -0.223883 0.5047 0.061058 -0.223883 0.508823 0.0208829 -0.183177 0.490309 0.061058 -0.264589 0.510087 0.061058 0.183176 -0.480619 0.101764 0.223882 -0.495879 0.101764 0.264587 -0.501252 0.101764 0.264587 -0.508825 0.066425 0.305293 -0.498564 0.101764 0.345999 -0.487739 0.101764 0.16555 -0.468119 0.101764 0.14247 -0.452654 0.101764 0.385461 -0.468119 0.101764 0.386705 -0.467445 0.101764 0.386705 -0.468119 0.0992971 0.427411 -0.436206 0.101764 0.120636 -0.427413 0.101764 0.101764 -0.403918 0.101764 0.436204 -0.427413 0.101764 0.0929072 -0.386707 0.101764 0.467443 -0.386707 0.101764 0.468117 -0.385463 0.101764 0.468117 -0.386707 0.0992971 0.0750423 -0.346001 0.101764 0.487737 -0.346001 0.101764 0.0619705 -0.305295 0.101764 0.061058 -0.30148 0.101764 0.061058 -0.305295 0.0953188 0.498562 -0.305295 0.101764 0.0545109 -0.264589 0.101764 0.50125 -0.264589 0.101764 0.508823 -0.264589 0.066425 0.0507231 -0.223883 0.101764 0.495877 -0.223883 0.101764 0.0506531 -0.183177 0.101764 0.480617 -0.183177 0.101764 0.0553166 -0.142471 0.101764 0.452652 -0.142471 0.101764 0.468117 -0.165551 0.101764 0.0698143 -0.101766 0.101764 0.061058 -0.122088 0.101764 0.403916 -0.101766 0.101764 0.427411 -0.120637 0.101764 0.122086 -0.0610597 0.101764 0.101764 -0.0698161 0.101764 0.301479 -0.0610597 0.101764 0.305293 -0.0619722 0.101764 0.305293 -0.0610597 0.0953188 0.345999 -0.075044 0.101764 0.386705 -0.0929089 0.101764 0.14247 -0.0553183 0.101764 0.183176 -0.0506548 0.101764 0.223882 -0.0507249 0.101764 0.264587 -0.0545126 0.101764 -0.264589 0.0545109 0.101764 -0.223883 0.0507231 0.101764 -0.183177 0.0506531 0.101764 -0.142471 0.0553166 0.101764 -0.386707 0.0929072 0.101764 -0.346001 0.0750423 0.101764 -0.30148 0.061058 0.101764 -0.305295 0.0619705 0.101764 -0.305295 0.061058 0.0953188 -0.122088 0.061058 0.101764 -0.101766 0.0698143 0.101764 -0.403918 0.101764 0.101764 -0.427413 0.120636 0.101764 -0.0698161 0.101764 0.101764 -0.0610597 0.122086 0.101764 -0.452654 0.14247 0.101764 -0.468119 0.16555 0.101764 -0.0553183 0.14247 0.101764 -0.480619 0.183176 0.101764 -0.0506548 0.183176 0.101764 -0.495879 0.223882 0.101764 -0.0507249 0.223882 0.101764 -0.501252 0.264587 0.101764 -0.508825 0.264587 0.066425 -0.0545126 0.264587 0.101764 -0.498564 0.305293 0.101764 -0.0619722 0.305293 0.101764 -0.0610597 0.301479 0.101764 -0.0610597 0.305293 0.0953188 -0.487739 0.345999 0.101764 -0.075044 0.345999 0.101764 -0.467445 0.386705 0.101764 -0.468119 0.385461 0.101764 -0.468119 0.386705 0.0992971 -0.0929089 0.386705 0.101764 -0.436206 0.427411 0.101764 -0.120637 0.427411 0.101764 -0.101766 0.403916 0.101764 -0.427413 0.436204 0.101764 -0.385463 0.468117 0.101764 -0.386707 0.467443 0.101764 -0.386707 0.468117 0.0992971 -0.165551 0.468117 0.101764 -0.142471 0.452652 0.101764 -0.346001 0.487737 0.101764 -0.305295 0.498562 0.101764 -0.264589 0.50125 0.101764 -0.264589 0.508823 0.066425 -0.223883 0.495877 0.101764 -0.183177 0.480617 0.101764 0.223882 -0.481415 0.14247 0.264587 -0.487095 0.14247 0.305293 -0.483865 0.14247 0.345999 -0.47173 0.14247 0.14247 -0.436216 0.14247 0.191207 -0.468119 0.14247 0.183176 -0.465195 0.14247 0.183176 -0.468119 0.134447 0.353373 -0.468119 0.14247 0.386705 -0.450281 0.14247 0.135113 -0.427413 0.14247 0.415197 -0.427413 0.14247 0.427411 -0.415199 0.14247 0.427411 -0.427413 0.119939 0.10361 -0.386707 0.14247 0.101764 -0.384086 0.14247 0.101764 -0.386707 0.137288 0.450279 -0.386707 0.14247 0.468117 -0.353375 0.14247 0.0844068 -0.346001 0.14247 0.471729 -0.346001 0.14247 0.0706638 -0.305295 0.14247 0.483863 -0.305295 0.14247 0.0614095 -0.264589 0.14247 0.061058 -0.261802 0.14247 0.061058 -0.264589 0.140909 0.487094 -0.264589 0.14247 0.0573249 -0.223883 0.14247 0.481414 -0.223883 0.14247 0.057368 -0.183177 0.14247 0.465193 -0.183177 0.14247 0.468117 -0.191209 0.14247 0.468117 -0.183177 0.134447 0.0632097 -0.142471 0.14247 0.061058 -0.154873 0.14247 0.061058 -0.142471 0.133762 0.436215 -0.142471 0.14247 0.0817601 -0.101766 0.14247 0.384084 -0.101766 0.14247 0.386705 -0.103611 0.14247 0.386705 -0.101766 0.137288 0.427411 -0.135115 0.14247 0.101764 -0.0817618 0.14247 0.154872 -0.0610597 0.14247 0.14247 -0.0632113 0.14247 0.14247 -0.0610597 0.133762 0.261801 -0.0610597 0.14247 0.264587 -0.0614112 0.14247 0.264587 -0.0610597 0.140909 0.305293 -0.0706654 0.14247 0.345999 -0.0844085 0.14247 0.183176 -0.0573697 0.14247 0.223882 -0.0573266 0.14247 -0.223883 0.0573249 0.14247 -0.183177 0.057368 0.14247 -0.346001 0.0844068 0.14247 -0.305295 0.0706638 0.14247 -0.261802 0.061058 0.14247 -0.264589 0.0614095 0.14247 -0.264589 0.061058 0.140909 -0.154873 0.061058 0.14247 -0.142471 0.0632097 0.14247 -0.142471 0.061058 0.133762 -0.101766 0.0817601 0.14247 -0.427413 0.135113 0.14247 -0.384086 0.101764 0.14247 -0.386707 0.10361 0.14247 -0.386707 0.101764 0.137288 -0.0817618 0.101764 0.14247 -0.436216 0.14247 0.14247 -0.0632113 0.14247 0.14247 -0.0610597 0.154872 0.14247 -0.0610597 0.14247 0.133762 -0.465195 0.183176 0.14247 -0.468119 0.191207 0.14247 -0.468119 0.183176 0.134447 -0.0573697 0.183176 0.14247 -0.481415 0.223882 0.14247 -0.0573266 0.223882 0.14247 -0.487095 0.264587 0.14247 -0.0614112 0.264587 0.14247 -0.0610597 0.261801 0.14247 -0.0610597 0.264587 0.140909 -0.483865 0.305293 0.14247 -0.0706654 0.305293 0.14247 -0.47173 0.345999 0.14247 -0.0844085 0.345999 0.14247 -0.450281 0.386705 0.14247 -0.468119 0.353373 0.14247 -0.103611 0.386705 0.14247 -0.101766 0.384084 0.14247 -0.101766 0.386705 0.137288 -0.415199 0.427411 0.14247 -0.427413 0.415197 0.14247 -0.427413 0.427411 0.119939 -0.135115 0.427411 0.14247 -0.353375 0.468117 0.14247 -0.386707 0.450279 0.14247 -0.191209 0.468117 0.14247 -0.183177 0.465193 0.14247 -0.183177 0.468117 0.134447 -0.142471 0.436215 0.14247 -0.346001 0.471729 0.14247 -0.305295 0.483863 0.14247 -0.264589 0.487094 0.14247 -0.223883 0.481414 0.14247 0.183176 -0.444309 0.183176 0.223882 -0.460645 0.183176 0.223882 -0.468119 0.168582 0.264587 -0.466099 0.183176 0.264587 -0.468119 0.179324 0.305293 -0.462437 0.183176 0.305293 -0.468119 0.17264 0.345999 -0.449255 0.183176 0.345999 -0.468119 0.14928 0.161397 -0.427413 0.183176 0.14247 -0.412774 0.183176 0.14247 -0.427413 0.158101 0.38263 -0.427413 0.183176 0.386705 -0.424534 0.183176 0.386705 -0.427413 0.179121 0.122639 -0.386707 0.183176 0.101764 -0.354867 0.183176 0.424532 -0.386707 0.183176 0.427411 -0.382632 0.183176 0.427411 -0.386707 0.179121 0.0979315 -0.346001 0.183176 0.449254 -0.346001 0.183176 0.468117 -0.346001 0.14928 0.0833181 -0.305295 0.183176 0.462436 -0.305295 0.183176 0.468117 -0.305295 0.17264 0.0735321 -0.264589 0.183176 0.466097 -0.264589 0.183176 0.468117 -0.264589 0.179324 0.0685123 -0.223883 0.183176 0.061058 -0.223883 0.15929 0.460643 -0.223883 0.183176 0.468117 -0.223883 0.168582 0.0689245 -0.183177 0.183176 0.061058 -0.183177 0.158741 0.444307 -0.183177 0.183176 0.0769211 -0.142471 0.183176 0.412772 -0.142471 0.183176 0.427411 -0.161399 0.183176 0.427411 -0.142471 0.158101 0.0989506 -0.101766 0.183176 0.354865 -0.101766 0.183176 0.386705 -0.12264 0.183176 0.101764 -0.0989523 0.183176 0.14247 -0.0769228 0.183176 0.183176 -0.0689262 0.183176 0.183176 -0.0610597 0.158741 0.223882 -0.0685139 0.183176 0.223882 -0.0610597 0.15929 0.264587 -0.0735338 0.183176 0.305293 -0.0833198 0.183176 0.345999 -0.0979332 0.183176 -0.346001 0.0979315 0.183176 -0.305295 0.0833181 0.183176 -0.264589 0.0735321 0.183176 -0.223883 0.0685123 0.183176 -0.223883 0.061058 0.15929 -0.183177 0.0689245 0.183176 -0.183177 0.061058 0.158741 -0.142471 0.0769211 0.183176 -0.101766 0.0989506 0.183176 -0.354867 0.101764 0.183176 -0.386707 0.122639 0.183176 -0.0989523 0.101764 0.183176 -0.412774 0.14247 0.183176 -0.427413 0.161397 0.183176 -0.427413 0.14247 0.158101 -0.0769228 0.14247 0.183176 -0.444309 0.183176 0.183176 -0.0689262 0.183176 0.183176 -0.0610597 0.183176 0.158741 -0.460645 0.223882 0.183176 -0.468119 0.223882 0.168582 -0.0685139 0.223882 0.183176 -0.0610597 0.223882 0.15929 -0.466099 0.264587 0.183176 -0.468119 0.264587 0.179324 -0.0735338 0.264587 0.183176 -0.462437 0.305293 0.183176 -0.468119 0.305293 0.17264 -0.0833198 0.305293 0.183176 -0.449255 0.345999 0.183176 -0.468119 0.345999 0.14928 -0.0979332 0.345999 0.183176 -0.424534 0.386705 0.183176 -0.427413 0.38263 0.183176 -0.427413 0.386705 0.179121 -0.12264 0.386705 0.183176 -0.101766 0.354865 0.183176 -0.382632 0.427411 0.183176 -0.386707 0.424532 0.183176 -0.386707 0.427411 0.179121 -0.161399 0.427411 0.183176 -0.142471 0.412772 0.183176 -0.142471 0.427411 0.158101 -0.346001 0.449254 0.183176 -0.346001 0.468117 0.14928 -0.305295 0.462436 0.183176 -0.305295 0.468117 0.17264 -0.264589 0.466097 0.183176 -0.264589 0.468117 0.179324 -0.223883 0.460643 0.183176 -0.223883 0.468117 0.168582 -0.183177 0.444307 0.183176 0.223882 -0.432277 0.223882 0.264587 -0.438118 0.223882 0.305293 -0.433089 0.223882 0.213202 -0.427413 0.223882 0.183176 -0.414389 0.223882 0.183176 -0.427413 0.207099 0.320691 -0.427413 0.223882 0.345999 -0.416909 0.223882 0.345999 -0.427413 0.211973 0.150988 -0.386707 0.223882 0.14247 -0.3789 0.223882 0.14247 -0.386707 0.215611 0.386425 -0.386707 0.223882 0.386705 -0.386427 0.223882 0.386705 -0.386707 0.223654 0.121112 -0.346001 0.223882 0.101764 -0.307719 0.223882 0.101764 -0.346001 0.192596 0.416907 -0.346001 0.223882 0.427411 -0.320693 0.223882 0.427411 -0.346001 0.211973 0.100934 -0.305295 0.223882 0.433087 -0.305295 0.223882 0.0905922 -0.264589 0.223882 0.438116 -0.264589 0.223882 0.0855907 -0.223883 0.223882 0.432275 -0.223883 0.223882 0.0868191 -0.183177 0.223882 0.414388 -0.183177 0.223882 0.427411 -0.213203 0.223882 0.427411 -0.183177 0.207099 0.0970074 -0.142471 0.223882 0.378898 -0.142471 0.223882 0.386705 -0.15099 0.223882 0.386705 -0.142471 0.215611 0.133952 -0.101766 0.223882 0.101764 -0.133954 0.223882 0.101764 -0.101766 0.188581 0.307717 -0.101766 0.223882 0.345999 -0.121113 0.223882 0.345999 -0.101766 0.192596 0.14247 -0.0970091 0.223882 0.183176 -0.0868208 0.223882 0.223882 -0.0855924 0.223882 0.264587 -0.0905939 0.223882 0.305293 -0.100935 0.223882 -0.305295 0.100934 0.223882 -0.264589 0.0905922 0.223882 -0.223883 0.0855907 0.223882 -0.183177 0.0868191 0.223882 -0.142471 0.0970074 0.223882 -0.307719 0.101764 0.223882 -0.346001 0.121112 0.223882 -0.346001 0.101764 0.192596 -0.133954 0.101764 0.223882 -0.101766 0.133952 0.223882 -0.101766 0.101764 0.188581 -0.3789 0.14247 0.223882 -0.386707 0.150988 0.223882 -0.386707 0.14247 0.215611 -0.0970091 0.14247 0.223882 -0.414389 0.183176 0.223882 -0.427413 0.213202 0.223882 -0.427413 0.183176 0.207099 -0.0868208 0.183176 0.223882 -0.432277 0.223882 0.223882 -0.0855924 0.223882 0.223882 -0.438118 0.264587 0.223882 -0.0905939 0.264587 0.223882 -0.433089 0.305293 0.223882 -0.100935 0.305293 0.223882 -0.416909 0.345999 0.223882 -0.427413 0.320691 0.223882 -0.427413 0.345999 0.211973 -0.121113 0.345999 0.223882 -0.101766 0.307717 0.223882 -0.101766 0.345999 0.192596 -0.386427 0.386705 0.223882 -0.386707 0.386425 0.223882 -0.386707 0.386705 0.223654 -0.15099 0.386705 0.223882 -0.142471 0.378898 0.223882 -0.142471 0.386705 0.215611 -0.320693 0.427411 0.223882 -0.346001 0.416907 0.223882 -0.346001 0.427411 0.211973 -0.213203 0.427411 0.223882 -0.183177 0.414388 0.223882 -0.183177 0.427411 0.207099 -0.305295 0.433087 0.223882 -0.264589 0.438116 0.223882 -0.223883 0.432275 0.223882 0.223882 -0.392445 0.264587 0.223882 -0.427413 0.229555 0.264587 -0.398199 0.264587 0.264587 -0.427413 0.236157 0.305293 -0.390913 0.264587 0.305293 -0.427413 0.230259 0.212569 -0.386707 0.264587 0.183176 -0.371415 0.264587 0.183176 -0.386707 0.25214 0.314243 -0.386707 0.264587 0.345999 -0.367786 0.264587 0.345999 -0.386707 0.251653 0.158529 -0.346001 0.264587 0.14247 -0.326255 0.264587 0.14247 -0.346001 0.252392 0.367784 -0.346001 0.264587 0.386705 -0.314245 0.264587 0.386705 -0.346001 0.251653 0.132073 -0.305295 0.264587 0.101764 -0.305295 0.225572 0.390911 -0.305295 0.264587 0.427411 -0.305295 0.230259 0.118152 -0.264589 0.264587 0.101764 -0.264589 0.245307 0.398198 -0.264589 0.264587 0.427411 -0.264589 0.236157 0.112082 -0.223883 0.264587 0.101764 -0.223883 0.253369 0.392443 -0.223883 0.264587 0.427411 -0.223883 0.229555 0.116005 -0.183177 0.264587 0.101764 -0.183177 0.250069 0.371414 -0.183177 0.264587 0.386705 -0.212571 0.264587 0.386705 -0.183177 0.25214 0.135327 -0.142471 0.264587 0.101764 -0.142471 0.231983 0.326253 -0.142471 0.264587 0.345999 -0.158531 0.264587 0.345999 -0.142471 0.252392 0.14247 -0.135328 0.264587 0.14247 -0.101766 0.231983 0.183176 -0.116007 0.264587 0.183176 -0.101766 0.250069 0.223882 -0.112084 0.264587 0.223882 -0.101766 0.253369 0.264587 -0.118154 0.264587 0.264587 -0.101766 0.245307 0.305293 -0.132075 0.264587 0.305293 -0.101766 0.225572 -0.305295 0.132073 0.264587 -0.305295 0.101764 0.225572 -0.264589 0.118152 0.264587 -0.264589 0.101764 0.245307 -0.223883 0.112082 0.264587 -0.223883 0.101764 0.253369 -0.183177 0.116005 0.264587 -0.183177 0.101764 0.250069 -0.142471 0.135327 0.264587 -0.142471 0.101764 0.231983 -0.326255 0.14247 0.264587 -0.346001 0.158529 0.264587 -0.346001 0.14247 0.252392 -0.135328 0.14247 0.264587 -0.101766 0.14247 0.231983 -0.371415 0.183176 0.264587 -0.386707 0.212569 0.264587 -0.386707 0.183176 0.25214 -0.116007 0.183176 0.264587 -0.101766 0.183176 0.250069 -0.392445 0.223882 0.264587 -0.427413 0.223882 0.229555 -0.112084 0.223882 0.264587 -0.101766 0.223882 0.253369 -0.398199 0.264587 0.264587 -0.427413 0.264587 0.236157 -0.118154 0.264587 0.264587 -0.101766 0.264587 0.245307 -0.390913 0.305293 0.264587 -0.427413 0.305293 0.230259 -0.132075 0.305293 0.264587 -0.101766 0.305293 0.225572 -0.367786 0.345999 0.264587 -0.386707 0.314243 0.264587 -0.386707 0.345999 0.251653 -0.158531 0.345999 0.264587 -0.142471 0.326253 0.264587 -0.142471 0.345999 0.252392 -0.314245 0.386705 0.264587 -0.346001 0.367784 0.264587 -0.346001 0.386705 0.251653 -0.212571 0.386705 0.264587 -0.183177 0.371414 0.264587 -0.183177 0.386705 0.25214 -0.305295 0.390911 0.264587 -0.305295 0.427411 0.230259 -0.264589 0.398198 0.264587 -0.264589 0.427411 0.236157 -0.223883 0.392443 0.264587 -0.223883 0.427411 0.229555 0.223882 -0.386707 0.269471 0.264587 -0.386707 0.27413 0.305293 -0.386707 0.267978 0.183176 -0.346001 0.282767 0.223882 -0.327314 0.305293 0.223882 -0.346001 0.296953 0.264587 -0.333232 0.305293 0.264587 -0.346001 0.29994 0.305293 -0.31589 0.305293 0.305293 -0.346001 0.29361 0.345999 -0.346001 0.277858 0.14247 -0.305295 0.276463 0.193482 -0.305295 0.305293 0.183176 -0.294614 0.305293 0.183176 -0.305295 0.302364 0.315889 -0.305295 0.305293 0.345999 -0.305295 0.29361 0.386705 -0.305295 0.267978 0.16888 -0.264589 0.305293 0.14247 -0.264589 0.290473 0.33323 -0.264589 0.305293 0.345999 -0.264589 0.29994 0.386705 -0.264589 0.27413 0.162944 -0.223883 0.305293 0.14247 -0.223883 0.294954 0.327312 -0.223883 0.305293 0.345999 -0.223883 0.296953 0.386705 -0.223883 0.269471 0.176474 -0.183177 0.305293 0.14247 -0.183177 0.289654 0.294612 -0.183177 0.305293 0.305293 -0.193484 0.305293 0.305293 -0.183177 0.302364 0.345999 -0.183177 0.282767 0.14247 -0.142471 0.271072 0.183176 -0.176475 0.305293 0.183176 -0.142471 0.289654 0.223882 -0.162946 0.305293 0.223882 -0.142471 0.294954 0.264587 -0.168882 0.305293 0.264587 -0.142471 0.290473 0.305293 -0.142471 0.276463 -0.305295 0.14247 0.276463 -0.264589 0.16888 0.305293 -0.264589 0.14247 0.290473 -0.223883 0.162944 0.305293 -0.223883 0.14247 0.294954 -0.183177 0.176474 0.305293 -0.183177 0.14247 0.289654 -0.142471 0.14247 0.271072 -0.346001 0.183176 0.282767 -0.294614 0.183176 0.305293 -0.305295 0.193482 0.305293 -0.305295 0.183176 0.302364 -0.176475 0.183176 0.305293 -0.142471 0.183176 0.289654 -0.386707 0.223882 0.269471 -0.327314 0.223882 0.305293 -0.346001 0.223882 0.296953 -0.162946 0.223882 0.305293 -0.142471 0.223882 0.294954 -0.386707 0.264587 0.27413 -0.333232 0.264587 0.305293 -0.346001 0.264587 0.29994 -0.168882 0.264587 0.305293 -0.142471 0.264587 0.290473 -0.386707 0.305293 0.267978 -0.31589 0.305293 0.305293 -0.346001 0.305293 0.29361 -0.193484 0.305293 0.305293 -0.183177 0.294612 0.305293 -0.183177 0.305293 0.302364 -0.142471 0.305293 0.276463 -0.346001 0.345999 0.277858 -0.305295 0.315889 0.305293 -0.305295 0.345999 0.29361 -0.264589 0.33323 0.305293 -0.264589 0.345999 0.29994 -0.223883 0.327312 0.305293 -0.223883 0.345999 0.296953 -0.183177 0.345999 0.282767 -0.305295 0.386705 0.267978 -0.264589 0.386705 0.27413 -0.223883 0.386705 0.269471 0.223882 -0.305295 0.314869 0.264587 -0.305295 0.316715 0.305293 -0.305295 0.309306 0.183176 -0.264589 0.313753 0.223882 -0.264589 0.324401 0.264587 -0.264589 0.324924 0.305293 -0.264589 0.316715 0.183176 -0.223883 0.316285 0.223882 -0.223883 0.325235 0.264587 -0.223883 0.324401 0.305293 -0.223883 0.314869 0.183176 -0.183177 0.308665 0.223882 -0.183177 0.316285 0.264587 -0.183177 0.313753 -0.264589 0.183176 0.313753 -0.223883 0.183176 0.316285 -0.183177 0.183176 0.308665 -0.305295 0.223882 0.314869 -0.264589 0.223882 0.324401 -0.223883 0.223882 0.325235 -0.183177 0.223882 0.316285 -0.305295 0.264587 0.316715 -0.264589 0.264587 0.324924 -0.223883 0.264587 0.324401 -0.183177 0.264587 0.313753 -0.305295 0.305293 0.309306 -0.264589 0.305293 0.316715 -0.223883 0.305293 0.314869"/>
     <Normal vector="-0.160116 -0.301683 -0.939867 0.0570938 -0.27901 -0.958589 0.253027 -0.253027 -0.933785 -0.368374 -0.143502 -0.918536 -0.131879 -0.114979 -0.984575 0.0852046 -0.0852046 -0.992714 0.27901 -0.0570938 -0.958589 -0.335325 0.0576061 -0.94034 -0.0978193 0.0978193 -0.990385 0.114979 0.131879 -0.984575 0.301683 0.160116 -0.939867 -0.289567 0.289567 -0.912306 -0.0576061 0.335325 -0.94034 0.143502 0.368374 -0.918536 -0.143502 -0.368374 -0.918536 0.0576061 -0.335325 -0.94034 0.289567 -0.289567 -0.912306 -0.301683 -0.160116 -0.939867 -0.114979 -0.131879 -0.984575 0.0978193 -0.0978193 -0.990385 0.335325 -0.0576061 -0.94034 -0.27901 0.0570938 -0.958589 -0.0852046 0.0852046 -0.992714 0.131879 0.114979 -0.984575 0.368374 0.143502 -0.918536 -0.253027 0.253027 -0.933785 -0.0570938 0.27901 -0.958589 0.160116 0.301683 -0.939867 -0.20211 -0.61343 -0.76345 0.0100431 -0.60687 -0.794737 0.205031 -0.58901 -0.781684 -0.411164 -0.470931 -0.780492 -0.172706 -0.386555 -0.905951 -0.183182 -0.467207 -0.864964 0.0399474 -0.393459 -0.918474 0.0318197 -0.451421 -0.891744 0.247351 -0.296106 -0.922572 0.229368 -0.431272 -0.872579 0.407788 -0.407788 -0.816956 -0.625971 -0.319366 -0.711453 -0.336934 -0.313777 -0.887704 -0.386944 -0.268594 -0.882118 -0.392679 -0.316795 -0.863391 0.296106 -0.247351 -0.922572 0.431272 -0.229368 -0.872579 0.58901 -0.205031 -0.781684 -0.457551 -0.152111 -0.876076 -0.610529 -0.167317 -0.774119 0.393459 -0.0399474 -0.918474 0.451421 -0.0318197 -0.891744 0.60687 -0.0100431 -0.794737 -0.463921 0.036077 -0.885141 -0.585912 0.0125657 -0.810277 0.386555 0.172706 -0.905951 0.467207 0.183182 -0.864964 0.61343 0.20211 -0.76345 -0.332896 0.280756 -0.900198 -0.546946 0.227576 -0.805642 0.268594 0.386944 -0.882118 0.313777 0.336934 -0.887704 0.316795 0.392679 -0.863391 0.470931 0.411164 -0.780492 -0.480649 0.480649 -0.733452 -0.280756 0.332896 -0.900198 -0.227576 0.546946 -0.805642 -0.036077 0.463922 -0.885141 -0.0125657 0.585912 -0.810277 0.152111 0.457551 -0.876076 0.167317 0.610529 -0.774119 0.319366 0.625971 -0.711453 -0.319366 -0.625971 -0.711453 -0.152111 -0.457551 -0.876076 -0.167317 -0.610529 -0.774119 0.036077 -0.463921 -0.885141 0.0125657 -0.585912 -0.810277 0.280756 -0.332896 -0.900198 0.227576 -0.546946 -0.805642 0.480649 -0.480649 -0.733452 -0.470931 -0.411164 -0.780492 -0.268594 -0.386944 -0.882118 -0.313777 -0.336934 -0.887704 -0.316795 -0.392679 -0.863391 0.332896 -0.280756 -0.900198 0.546946 -0.227576 -0.805642 -0.61343 -0.20211 -0.76345 -0.386555 -0.172706 -0.905951 -0.467207 -0.183182 -0.864964 0.463922 -0.036077 -0.885141 0.585912 -0.0125657 -0.810277 -0.60687 0.0100431 -0.794737 -0.393459 0.0399474 -0.918474 -0.451421 0.0318197 -0.891744 0.457551 0.152111 -0.876076 0.610529 0.167317 -0.774119 -0.58901 0.205031 -0.781684 -0.296106 0.247351 -0.922572 -0.431272 0.229368 -0.872579 0.336934 0.313777 -0.887704 0.386944 0.268594 -0.882118 0.392679 0.316795 -0.863391 0.625971 0.319366 -0.711453 -0.407788 0.407788 -0.816956 -0.247351 0.296106 -0.922572 -0.229368 0.431272 -0.872579 -0.0399474 0.393459 -0.918474 -0.0318197 0.451421 -0.891744 0.172706 0.386555 -0.905951 0.183182 0.467207 -0.864964 0.411164 0.470931 -0.780492 -0.205031 0.58901 -0.781684 -0.0100431 0.60687 -0.794737 0.20211 0.61343 -0.76345 -0.204102 -0.629688 -0.749557 -0.217581 -0.74528 -0.630251 0.00515177 -0.642232 -0.766493 -0.0093018 -0.74631 -0.665534 0.203148 -0.602163 -0.772095 0.183521 -0.733176 -0.654808 -0.266799 -0.613189 -0.743517 -0.419682 -0.549787 -0.72222 -0.424772 -0.605173 -0.673301 0.241737 -0.585629 -0.773693 0.396018 -0.48947 -0.776909 0.383926 -0.569043 -0.72718 -0.55272 -0.461121 -0.694167 -0.631775 -0.382782 -0.674046 -0.6364 -0.451424 -0.625469 0.48947 -0.396018 -0.776909 0.585629 -0.241737 -0.773693 0.569043 -0.383926 -0.72718 -0.683697 -0.314901 -0.658328 -0.828426 -0.293106 -0.477284 0.602163 -0.203148 -0.772095 0.733176 -0.183521 -0.654808 -0.746847 -0.172871 -0.642133 -0.825177 -0.173479 -0.537575 0.642232 -0.00515177 -0.766493 0.74631 0.0093018 -0.665534 -0.763478 -0.0192727 -0.645547 -0.81534 -0.0292253 -0.578244 0.629688 0.204102 -0.749557 0.74528 0.217581 -0.630251 -0.71498 0.177633 -0.676202 -0.795338 0.149024 -0.587563 0.549787 0.419682 -0.72222 0.613189 0.266799 -0.743517 0.605173 0.424772 -0.673301 -0.529442 0.465226 -0.709406 -0.74972 0.37471 -0.545446 0.382782 0.631775 -0.674046 0.461121 0.55272 -0.694167 0.451424 0.6364 -0.625469 -0.465226 0.529442 -0.709406 -0.37471 0.74972 -0.545446 -0.177633 0.71498 -0.676202 -0.149024 0.795338 -0.587563 0.0192727 0.763478 -0.645547 0.0292253 0.81534 -0.578244 0.172871 0.746847 -0.642133 0.173479 0.825177 -0.537575 0.314901 0.683697 -0.658328 0.293106 0.828426 -0.477284 -0.314901 -0.683697 -0.658328 -0.293106 -0.828426 -0.477284 -0.172871 -0.746847 -0.642133 -0.173479 -0.825177 -0.537575 -0.0192727 -0.763478 -0.645547 -0.0292253 -0.81534 -0.578244 0.177633 -0.71498 -0.676202 0.149024 -0.795338 -0.587563 0.465226 -0.529442 -0.709406 0.37471 -0.74972 -0.545446 -0.382782 -0.631775 -0.674046 -0.461121 -0.55272 -0.694167 -0.451424 -0.6364 -0.625469 0.529442 -0.465226 -0.709406 0.74972 -0.37471 -0.545446 -0.549787 -0.419682 -0.72222 -0.613189 -0.266799 -0.743517 -0.605173 -0.424772 -0.673301 0.71498 -0.177633 -0.676202 0.795338 -0.149024 -0.587563 -0.629688 -0.204102 -0.749557 -0.74528 -0.217581 -0.630251 0.763478 0.0192727 -0.645547 0.81534 0.0292253 -0.578244 -0.642232 0.00515177 -0.766493 -0.74631 -0.0093018 -0.665534 0.746847 0.172871 -0.642133 0.825177 0.173479 -0.537575 -0.602163 0.203148 -0.772095 -0.733176 0.183521 -0.654808 0.683697 0.314901 -0.658328 0.828426 0.293106 -0.477284 -0.48947 0.396018 -0.776909 -0.585629 0.241737 -0.773693 -0.569043 0.383926 -0.72718 0.55272 0.461121 -0.694167 0.631775 0.382782 -0.674046 0.6364 0.451424 -0.625469 -0.241737 0.585629 -0.773693 -0.396018 0.48947 -0.776909 -0.383926 0.569043 -0.72718 0.266799 0.613189 -0.743517 0.419682 0.549787 -0.72222 0.424772 0.605173 -0.673301 -0.203148 0.602163 -0.772095 -0.183521 0.733176 -0.654808 -0.00515177 0.642232 -0.766493 0.0093018 0.74631 -0.665534 0.204102 0.629688 -0.749557 0.217581 0.74528 -0.630251 -0.218816 -0.757449 -0.615135 -0.0129938 -0.775632 -0.631051 0.181284 -0.749032 -0.637249 -0.277183 -0.742545 -0.609751 -0.431429 -0.682727 -0.589706 -0.434808 -0.725373 -0.533644 0.247095 -0.728009 -0.63949 0.367627 -0.673458 -0.641331 0.360433 -0.714771 -0.599325 -0.600677 -0.577115 -0.553286 -0.641569 -0.541953 -0.54284 -0.642599 -0.567273 -0.515041 0.54268 -0.544113 -0.639874 0.544113 -0.54268 -0.639874 0.543901 -0.543901 -0.639017 -0.746618 -0.427647 -0.509588 -0.828663 -0.298507 -0.473509 -0.830547 -0.398032 -0.389566 0.673458 -0.367627 -0.641331 0.728009 -0.247095 -0.63949 0.714771 -0.360433 -0.599325 -0.831966 -0.292103 -0.471707 0.749032 -0.181284 -0.637249 -0.873568 -0.169582 -0.456202 0.775632 0.0129938 -0.631051 -0.889468 -0.0410582 -0.45515 0.757449 0.218816 -0.615134 -0.871923 0.118605 -0.47506 0.682727 0.431429 -0.589706 0.742545 0.277183 -0.609751 0.725373 0.434808 -0.533644 -0.77869 0.359092 -0.514486 0.541953 0.641569 -0.54284 0.577114 0.600677 -0.553286 0.567273 0.642599 -0.515041 -0.43013 0.734408 -0.525008 -0.734408 0.43013 -0.525008 -0.647354 0.647354 -0.402326 0.298507 0.828663 -0.473509 0.427647 0.746618 -0.509588 0.398032 0.830547 -0.389566 -0.359092 0.77869 -0.514486 -0.118605 0.871923 -0.47506 0.0410582 0.889468 -0.45515 0.169582 0.873568 -0.456202 0.292103 0.831966 -0.471707 -0.292103 -0.831966 -0.471707 -0.169582 -0.873568 -0.456202 -0.0410582 -0.889468 -0.45515 0.118605 -0.871923 -0.47506 0.359092 -0.77869 -0.514486 -0.298507 -0.828663 -0.473509 -0.427647 -0.746618 -0.509588 -0.398032 -0.830547 -0.389566 0.43013 -0.734408 -0.525008 0.734408 -0.43013 -0.525008 0.647354 -0.647354 -0.402326 -0.541953 -0.641569 -0.54284 -0.577115 -0.600677 -0.553286 -0.567273 -0.642599 -0.515041 0.77869 -0.359092 -0.514486 -0.682727 -0.431429 -0.589706 -0.742545 -0.277183 -0.609751 -0.725373 -0.434808 -0.533644 0.871923 -0.118605 -0.47506 -0.757449 -0.218816 -0.615135 0.889468 0.0410582 -0.45515 -0.775632 -0.0129938 -0.631051 0.873568 0.169582 -0.456202 -0.749032 0.181284 -0.637249 0.831966 0.292103 -0.471707 -0.673458 0.367627 -0.641331 -0.728009 0.247095 -0.63949 -0.714771 0.360433 -0.599325 0.746618 0.427647 -0.509588 0.828663 0.298507 -0.473509 0.830547 0.398032 -0.389566 -0.54268 0.544113 -0.639874 -0.544113 0.54268 -0.639874 -0.543901 0.543901 -0.639017 0.600677 0.577114 -0.553286 0.641569 0.541953 -0.54284 0.642599 0.567273 -0.515041 -0.247095 0.728009 -0.63949 -0.367627 0.673458 -0.641331 -0.360433 0.714771 -0.599325 0.277183 0.742545 -0.609751 0.431429 0.682727 -0.589706 0.434808 0.725373 -0.533644 -0.181284 0.749032 -0.637249 0.0129938 0.775632 -0.631051 0.218816 0.757449 -0.615134 -0.437403 -0.766361 -0.470498 -0.227333 -0.839872 -0.492885 -0.230288 -0.864479 -0.446814 -0.0254216 -0.86314 -0.504324 -0.0265406 -0.870436 -0.491566 0.16712 -0.842826 -0.51158 0.163488 -0.863445 -0.477215 0.350558 -0.78189 -0.515516 0.337674 -0.846328 -0.411953 -0.552994 -0.700773 -0.450683 -0.645282 -0.63047 -0.431415 -0.646125 -0.671495 -0.362789 0.503061 -0.694184 -0.514818 0.522733 -0.679548 -0.514748 0.520578 -0.691195 -0.501247 -0.741901 -0.535128 -0.404007 -0.830725 -0.415442 -0.370545 0.679548 -0.522733 -0.514748 0.694184 -0.503061 -0.514818 0.691195 -0.520578 -0.501247 -0.845992 -0.390418 -0.363142 0.78189 -0.350558 -0.515516 0.846328 -0.337674 -0.411953 -0.902271 -0.269463 -0.336596 0.842826 -0.16712 -0.51158 0.863445 -0.163488 -0.477215 -0.934832 -0.158647 -0.317681 0.86314 0.0254215 -0.504324 0.870436 0.0265406 -0.491566 -0.949275 -0.048144 -0.310739 -0.969017 -0.0487202 -0.24214 0.839872 0.227333 -0.492885 0.864479 0.230288 -0.446814 -0.943329 0.0844212 -0.320942 -0.966431 0.0712867 -0.246838 0.766361 0.437403 -0.470498 -0.889575 0.288246 -0.35436 0.63047 0.645282 -0.431415 0.700773 0.552994 -0.450683 0.671495 0.646125 -0.362789 -0.666633 0.636739 -0.38751 0.415442 0.830725 -0.370545 0.535128 0.741901 -0.404007 -0.636739 0.666633 -0.38751 -0.288246 0.889575 -0.35436 -0.0844212 0.943329 -0.320942 -0.0712867 0.966431 -0.246838 0.048144 0.949275 -0.310739 0.0487202 0.969017 -0.24214 0.158647 0.934832 -0.317681 0.269463 0.902271 -0.336596 0.390418 0.845992 -0.363142 -0.390418 -0.845992 -0.363142 -0.269463 -0.902271 -0.336596 -0.158647 -0.934832 -0.317681 -0.048144 -0.949275 -0.310739 -0.0487202 -0.969017 -0.24214 0.0844212 -0.943329 -0.320942 0.0712867 -0.966431 -0.246838 0.288246 -0.889575 -0.35436 0.636739 -0.666633 -0.38751 -0.415442 -0.830725 -0.370545 -0.535128 -0.741901 -0.404007 0.666633 -0.636739 -0.38751 -0.63047 -0.645282 -0.431415 -0.700773 -0.552994 -0.450683 -0.671495 -0.646125 -0.362789 0.889575 -0.288246 -0.35436 -0.766361 -0.437403 -0.470498 0.943329 -0.0844212 -0.320942 0.966431 -0.0712867 -0.246838 -0.839872 -0.227333 -0.492885 -0.864479 -0.230288 -0.446814 0.949275 0.048144 -0.310739 0.969017 0.0487202 -0.24214 -0.86314 -0.0254216 -0.504324 -0.870436 -0.0265406 -0.491566 0.934832 0.158647 -0.317681 -0.842826 0.16712 -0.51158 -0.863445 0.163488 -0.477215 0.902271 0.269463 -0.336596 -0.78189 0.350558 -0.515516 -0.846328 0.337674 -0.411953 0.845992 0.390418 -0.363142 -0.679548 0.522733 -0.514748 -0.694184 0.503061 -0.514818 -0.691195 0.520578 -0.501247 0.741901 0.535128 -0.404007 0.830725 0.415442 -0.370545 -0.503061 0.694184 -0.514818 -0.522733 0.679548 -0.514748 -0.520578 0.691195 -0.501247 0.552994 0.700773 -0.450683 0.645282 0.63047 -0.431415 0.646125 0.671495 -0.362789 -0.350558 0.78189 -0.515516 -0.337674 0.846328 -0.411953 -0.16712 0.842826 -0.51158 -0.163488 0.863445 -0.477215 0.0254215 0.86314 -0.504324 0.0265406 0.870436 -0.491566 0.227333 0.839872 -0.492885 0.230288 0.864479 -0.446814 0.437403 0.766361 -0.470498 -0.23264 -0.896385 -0.377324 -0.0316655 -0.921188 -0.387827 0.158336 -0.905875 -0.392837 0.336272 -0.855416 -0.393935 -0.646266 -0.689144 -0.327752 -0.402277 -0.840841 -0.362159 -0.440876 -0.823156 -0.35783 -0.44166 -0.832331 -0.334906 0.3644 -0.843606 -0.394387 0.51034 -0.763324 -0.396094 -0.68275 -0.656872 -0.319957 0.620437 -0.676988 -0.39591 0.676988 -0.620437 -0.39591 0.667803 -0.667803 -0.328754 -0.822462 -0.494083 -0.281848 -0.82982 -0.482929 -0.279604 -0.829694 -0.48998 -0.267446 0.763324 -0.51034 -0.396094 0.843606 -0.3644 -0.394387 -0.896976 -0.361874 -0.253931 0.855416 -0.336272 -0.393935 -0.941294 -0.246951 -0.230178 0.905875 -0.158336 -0.392837 -0.966135 -0.145684 -0.212978 -0.967341 -0.138196 -0.212495 -0.966994 -0.145254 -0.209343 0.921188 0.0316655 -0.387827 -0.977173 -0.048387 -0.206862 0.896385 0.23264 -0.377324 -0.97526 0.0653611 -0.211175 0.823156 0.440876 -0.35783 0.840841 0.402277 -0.362159 0.832331 0.44166 -0.334906 -0.943609 0.235004 -0.233187 -0.957885 0.177082 -0.226049 -0.950928 0.225396 -0.211972 0.689144 0.646266 -0.327752 -0.781949 0.55881 -0.276201 0.482928 0.82982 -0.279604 0.494083 0.822462 -0.281848 0.48998 0.829694 -0.267446 0.656872 0.68275 -0.319957 -0.55881 0.781949 -0.276201 -0.177082 0.957885 -0.226049 -0.235004 0.943609 -0.233187 -0.225396 0.950928 -0.211972 0.138196 0.967341 -0.212495 0.145684 0.966135 -0.212978 0.145254 0.966994 -0.209343 0.246951 0.941294 -0.230178 0.361874 0.896976 -0.253931 -0.0653611 0.97526 -0.211175 0.048387 0.977173 -0.206862 -0.048387 -0.977173 -0.206862 0.0653611 -0.97526 -0.211175 -0.361874 -0.896976 -0.253931 -0.246951 -0.941294 -0.230178 -0.138196 -0.967341 -0.212495 -0.145684 -0.966135 -0.212978 -0.145254 -0.966994 -0.209343 0.177082 -0.957885 -0.226049 0.235004 -0.943609 -0.233187 0.225396 -0.950928 -0.211972 0.55881 -0.781949 -0.276201 -0.656872 -0.68275 -0.319957 -0.482929 -0.82982 -0.279604 -0.494083 -0.822462 -0.281848 -0.48998 -0.829694 -0.267446 0.781949 -0.55881 -0.276201 -0.689144 -0.646266 -0.327752 0.943609 -0.235004 -0.233187 0.957885 -0.177082 -0.226049 0.950928 -0.225396 -0.211972 -0.823156 -0.440876 -0.35783 -0.840841 -0.402277 -0.362159 -0.832331 -0.44166 -0.334906 0.97526 -0.0653611 -0.211175 -0.896385 -0.23264 -0.377324 0.977173 0.048387 -0.206862 -0.921188 -0.0316655 -0.387827 0.966135 0.145684 -0.212978 0.967341 0.138196 -0.212495 0.966994 0.145254 -0.209343 -0.905875 0.158336 -0.392837 0.941294 0.246951 -0.230178 -0.855416 0.336272 -0.393935 0.896976 0.361874 -0.253931 -0.763324 0.51034 -0.396094 -0.843606 0.3644 -0.394387 0.822462 0.494083 -0.281848 0.82982 0.482928 -0.279604 0.829694 0.48998 -0.267446 -0.620437 0.676988 -0.39591 -0.676988 0.620437 -0.39591 -0.667803 0.667803 -0.328754 0.68275 0.656872 -0.319957 -0.3644 0.843606 -0.394387 -0.51034 0.763324 -0.396094 0.402277 0.840841 -0.362159 0.440876 0.823156 -0.35783 0.44166 0.832331 -0.334906 0.646266 0.689144 -0.327752 -0.336272 0.855416 -0.393935 -0.158336 0.905875 -0.392837 0.0316655 0.921188 -0.387827 0.23264 0.896385 -0.377324 -0.442713 -0.860233 -0.25299 -0.236118 -0.934483 -0.266439 -0.0373553 -0.961167 -0.273429 -0.0413446 -0.983507 -0.176083 0.151441 -0.948724 -0.277467 0.330267 -0.901566 -0.279469 -0.535293 -0.808616 -0.244137 -0.647027 -0.726582 -0.231158 0.491243 -0.825143 -0.27896 0.497071 -0.821653 -0.278939 0.496621 -0.824332 -0.271743 0.663657 -0.693748 -0.279774 -0.751021 -0.624728 -0.213736 -0.829788 -0.52223 -0.196794 0.693748 -0.663657 -0.279774 -0.864177 -0.467174 -0.186939 0.821653 -0.497071 -0.278939 0.825143 -0.491243 -0.27896 0.824332 -0.496621 -0.271743 -0.926344 -0.338221 -0.165813 0.901566 -0.330267 -0.279469 -0.962217 -0.228596 -0.14793 -0.964867 -0.217941 -0.146742 -0.96441 -0.226608 -0.136243 0.948724 -0.151441 -0.277467 -0.981155 -0.135934 -0.137318 0.961167 0.0373553 -0.273429 0.983507 0.0413446 -0.176083 -0.990187 -0.0464858 -0.131795 0.934483 0.236118 -0.266439 -0.9895 0.0542454 -0.13397 0.860233 0.442713 -0.25299 -0.968261 0.198733 -0.151576 0.726583 0.647027 -0.231158 0.808616 0.535293 -0.244137 -0.853409 0.482884 -0.196258 -0.932068 0.317608 -0.174284 0.52223 0.829788 -0.196794 0.624728 0.751021 -0.213736 -0.317608 0.932068 -0.174284 -0.482884 0.853409 -0.196258 0.217941 0.964867 -0.146742 0.228596 0.962217 -0.14793 0.226608 0.96441 -0.136243 0.338221 0.926344 -0.165813 0.467174 0.864177 -0.186939 -0.198733 0.968261 -0.151576 -0.0542454 0.9895 -0.13397 0.0464858 0.990187 -0.131795 0.135934 0.981155 -0.137318 -0.135934 -0.981155 -0.137318 -0.0464858 -0.990187 -0.131795 0.0542454 -0.9895 -0.13397 0.198733 -0.968261 -0.151576 -0.467174 -0.864177 -0.186939 -0.338221 -0.926344 -0.165813 -0.217941 -0.964867 -0.146742 -0.228596 -0.962217 -0.14793 -0.226608 -0.96441 -0.136243 0.317608 -0.932068 -0.174284 0.482884 -0.853409 -0.196258 -0.52223 -0.829788 -0.196794 -0.624728 -0.751021 -0.213736 0.853409 -0.482884 -0.196258 0.932068 -0.317608 -0.174284 -0.726582 -0.647027 -0.231158 -0.808616 -0.535293 -0.244137 0.968261 -0.198733 -0.151576 -0.860233 -0.442713 -0.25299 0.9895 -0.0542454 -0.13397 -0.934483 -0.236118 -0.266439 0.990187 0.0464858 -0.131795 -0.961167 -0.0373553 -0.273429 -0.983507 -0.0413446 -0.176083 0.981155 0.135934 -0.137318 -0.948724 0.151441 -0.277467 0.962217 0.228596 -0.14793 0.964867 0.217941 -0.146742 0.96441 0.226608 -0.136243 -0.901566 0.330267 -0.279469 0.926344 0.338221 -0.165813 -0.821653 0.497071 -0.278939 -0.825143 0.491243 -0.27896 -0.824332 0.496621 -0.271743 0.864177 0.467174 -0.186939 -0.693748 0.663657 -0.279774 0.751021 0.624728 -0.213736 0.829788 0.52223 -0.196794 -0.663657 0.693748 -0.279774 -0.491243 0.825143 -0.27896 -0.497071 0.821653 -0.278939 -0.496621 0.824332 -0.271743 0.535293 0.808616 -0.244137 0.647027 0.726583 -0.231158 -0.330267 0.901566 -0.279469 -0.151441 0.948724 -0.277467 0.0373553 0.961167 -0.273429 0.0413446 0.983507 -0.176083 0.236118 0.934483 -0.266439 0.442713 0.860233 -0.25299 -0.0415364 -0.985866 -0.162306 -0.443776 -0.883373 -0.150716 -0.0833278 -0.983296 -0.161817 -0.238745 -0.958122 -0.158125 -0.240159 -0.969247 -0.0536996 0.0458803 -0.985388 -0.16403 0.14557 -0.97554 -0.164712 0.144833 -0.980505 -0.13279 0.324698 -0.931058 -0.166443 0.493117 -0.853833 -0.166751 -0.606878 -0.782353 -0.140079 -0.646788 -0.750261 -0.137018 0.549839 -0.818437 -0.166845 0.657407 -0.734787 -0.167047 -0.790339 -0.60043 -0.121853 -0.829014 -0.546916 -0.116698 0.734787 -0.657407 -0.167047 0.818437 -0.549839 -0.166845 -0.887356 -0.448624 -0.106468 0.853833 -0.493117 -0.166751 -0.94218 -0.321848 -0.0933329 -0.963948 -0.251573 -0.0866843 0.931058 -0.324698 -0.166443 -0.972483 -0.217605 -0.0832195 0.97554 -0.14557 -0.164712 0.985388 -0.0458803 -0.16403 0.980505 -0.144833 -0.13279 -0.988703 -0.128809 -0.0766494 0.985866 0.0415365 -0.162306 -0.996327 -0.0448145 -0.072963 0.958122 0.238745 -0.158125 0.983296 0.0833278 -0.161817 0.969247 0.240159 -0.0536996 -0.996194 0.0454615 -0.0743673 0.883373 0.443776 -0.150716 -0.981896 0.167723 -0.0880296 0.750261 0.646788 -0.137018 0.782354 0.606878 -0.140079 -0.904942 0.404798 -0.131221 -0.906031 0.40245 -0.130926 -0.905815 0.403442 -0.129359 0.546916 0.829014 -0.116698 0.60043 0.790339 -0.121853 -0.40245 0.906031 -0.130926 -0.404798 0.904942 -0.131221 -0.403442 0.905815 -0.129359 0.251573 0.963948 -0.0866843 0.321848 0.94218 -0.0933329 0.448624 0.887356 -0.106468 -0.167723 0.981896 -0.0880296 -0.0454615 0.996194 -0.0743673 0.0448145 0.996327 -0.072963 0.128809 0.988703 -0.0766494 0.217605 0.972483 -0.0832195 -0.217605 -0.972483 -0.0832195 -0.128809 -0.988703 -0.0766494 -0.0448145 -0.996327 -0.072963 0.0454615 -0.996194 -0.0743673 0.167723 -0.981896 -0.0880296 -0.448624 -0.887356 -0.106468 -0.251573 -0.963948 -0.0866843 -0.321848 -0.94218 -0.0933329 0.40245 -0.906031 -0.130926 0.404798 -0.904942 -0.131221 0.403442 -0.905815 -0.129359 -0.546916 -0.829014 -0.116698 -0.60043 -0.790339 -0.121853 0.904942 -0.404798 -0.131221 0.906031 -0.40245 -0.130926 0.905815 -0.403442 -0.129359 -0.750261 -0.646788 -0.137018 -0.782353 -0.606878 -0.140079 0.981896 -0.167723 -0.0880296 -0.883373 -0.443776 -0.150716 0.996194 -0.0454615 -0.0743673 -0.958122 -0.238745 -0.158125 -0.983296 -0.0833278 -0.161817 -0.969247 -0.240159 -0.0536996 0.996327 0.0448145 -0.072963 -0.985866 -0.0415364 -0.162306 0.988703 0.128809 -0.0766494 -0.97554 0.14557 -0.164712 -0.985388 0.0458803 -0.16403 -0.980505 0.144833 -0.13279 0.972483 0.217605 -0.0832195 -0.931058 0.324698 -0.166443 0.94218 0.321848 -0.0933329 0.963948 0.251573 -0.0866843 -0.853833 0.493117 -0.166751 0.887356 0.448624 -0.106468 -0.734787 0.657407 -0.167047 -0.818437 0.549839 -0.166845 0.790339 0.60043 -0.121853 0.829014 0.546916 -0.116698 -0.549839 0.818437 -0.166845 -0.657407 0.734787 -0.167047 0.606878 0.782354 -0.140079 0.646788 0.750261 -0.137018 -0.493117 0.853833 -0.166751 -0.324698 0.931058 -0.166443 -0.0458803 0.985388 -0.16403 -0.14557 0.97554 -0.164712 -0.144833 0.980505 -0.13279 0.0833278 0.983296 -0.161817 0.238745 0.958122 -0.158125 0.240159 0.969247 -0.0536996 0.443776 0.883373 -0.150716 0.0415365 0.985866 -0.162306 -0.240149 -0.969323 -0.0523676 -0.0423587 -0.997641 -0.0540154 0.143958 -0.988068 -0.0547521 -0.240987 -0.969115 -0.0523607 -0.444261 -0.8945 -0.050013 0.201037 -0.978039 -0.0549829 0.321411 -0.945328 -0.0552249 0.490839 -0.869483 -0.0554589 -0.639743 -0.76724 -0.0455184 -0.646426 -0.761629 -0.0453405 0.578145 -0.814047 -0.0554628 0.653394 -0.754982 -0.0554862 -0.808132 -0.587674 -0.0395255 -0.828216 -0.559077 -0.0386226 0.754982 -0.653394 -0.0554862 0.814046 -0.578146 -0.0554628 -0.897801 -0.439046 -0.0345315 0.869483 -0.490839 -0.0554589 -0.949092 -0.313559 -0.0300999 -0.963277 -0.266973 -0.0286701 0.945328 -0.321411 -0.0552249 0.97804 -0.201037 -0.0549829 -0.976877 -0.212109 -0.0268541 0.988068 -0.143958 -0.0547521 -0.991838 -0.125106 -0.0246123 0.997641 0.0423587 -0.0540154 -0.998755 -0.0440797 -0.0233397 0.969323 0.240149 -0.0523676 -0.998925 0.0397214 -0.023899 0.8945 0.444261 -0.050013 0.969115 0.240987 -0.0523607 -0.988852 0.14599 -0.0293063 0.761629 0.646426 -0.0453405 0.76724 0.639743 -0.0455184 -0.935192 0.350859 -0.0480965 0.559077 0.828216 -0.0386226 0.587674 0.808132 -0.0395255 -0.4468 0.892888 -0.0558643 -0.892888 0.4468 -0.0558643 0.266973 0.963277 -0.0286701 0.313559 0.949092 -0.0300999 0.439046 0.897801 -0.0345315 -0.350859 0.935192 -0.0480965 -0.14599 0.988852 -0.0293063 -0.0397214 0.998925 -0.023899 0.0440797 0.998755 -0.0233397 0.125106 0.991838 -0.0246123 0.212109 0.976877 -0.0268541 -0.212109 -0.976877 -0.0268541 -0.125106 -0.991838 -0.0246123 -0.0440797 -0.998755 -0.0233397 0.0397214 -0.998925 -0.023899 0.14599 -0.988852 -0.0293063 0.350859 -0.935192 -0.0480965 -0.439046 -0.897801 -0.0345315 -0.266973 -0.963277 -0.0286701 -0.313559 -0.949092 -0.0300999 0.4468 -0.892888 -0.0558643 0.892888 -0.4468 -0.0558643 -0.559077 -0.828216 -0.0386226 -0.587674 -0.808132 -0.0395255 0.935192 -0.350859 -0.0480965 -0.761629 -0.646426 -0.0453405 -0.76724 -0.639743 -0.0455184 0.988852 -0.14599 -0.0293063 -0.8945 -0.444261 -0.050013 -0.969115 -0.240987 -0.0523607 0.998925 -0.0397214 -0.023899 -0.969323 -0.240149 -0.0523676 0.998755 0.0440797 -0.0233397 -0.997641 -0.0423587 -0.0540154 0.991838 0.125106 -0.0246123 -0.988068 0.143958 -0.0547521 0.976877 0.212109 -0.0268541 -0.945328 0.321411 -0.0552249 -0.978039 0.201037 -0.0549829 0.949092 0.313559 -0.0300999 0.963277 0.266973 -0.0286701 -0.869483 0.490839 -0.0554589 0.897801 0.439046 -0.0345315 -0.754982 0.653394 -0.0554862 -0.814047 0.578145 -0.0554628 0.808132 0.587674 -0.0395255 0.828216 0.559077 -0.0386226 -0.578146 0.814046 -0.0554628 -0.653394 0.754982 -0.0554862 0.639743 0.76724 -0.0455184 0.646426 0.761629 -0.0453405 -0.490839 0.869483 -0.0554589 -0.201037 0.97804 -0.0549829 -0.321411 0.945328 -0.0552249 0.240987 0.969115 -0.0523607 0.444261 0.8945 -0.050013 -0.143958 0.988068 -0.0547521 0.0423587 0.997641 -0.0540154 0.240149 0.969323 -0.0523676 -0.240149 -0.969323 0.0523676 -0.0423587 -0.997641 0.0540154 0.143958 -0.988068 0.0547521 -0.240987 -0.969115 0.0523607 -0.444261 -0.8945 0.050013 0.201037 -0.978039 0.0549829 0.321411 -0.945328 0.0552249 0.490839 -0.869483 0.0554589 -0.639743 -0.76724 0.0455184 -0.646426 -0.761629 0.0453405 0.578145 -0.814047 0.0554628 0.653394 -0.754982 0.0554862 -0.808132 -0.587674 0.0395255 -0.828216 -0.559077 0.0386226 0.754982 -0.653394 0.0554862 0.814046 -0.578146 0.0554628 -0.897801 -0.439046 0.0345315 0.869483 -0.490839 0.0554589 -0.949092 -0.313559 0.0300999 -0.963277 -0.266973 0.0286701 0.945328 -0.321411 0.0552249 0.97804 -0.201037 0.0549829 -0.976877 -0.212109 0.0268541 0.988068 -0.143958 0.0547521 -0.991838 -0.125106 0.0246123 0.997641 0.0423587 0.0540154 -0.998755 -0.0440797 0.0233397 0.969323 0.240149 0.0523676 -0.998925 0.0397214 0.023899 0.8945 0.444261 0.050013 0.969115 0.240987 0.0523607 -0.988852 0.14599 0.0293063 0.761629 0.646426 0.0453405 0.76724 0.639743 0.0455184 -0.935192 0.350859 0.0480965 0.559077 0.828216 0.0386226 0.587674 0.808132 0.0395255 -0.4468 0.892888 0.0558643 -0.892888 0.4468 0.0558643 0.266973 0.963277 0.0286701 0.313559 0.949092 0.0300999 0.439046 0.897801 0.0345315 -0.350859 0.935192 0.0480965 -0.14599 0.988852 0.0293063 -0.0397214 0.998925 0.023899 0.0440797 0.998755 0.0233397 0.125106 0.991838 0.0246123 0.212109 0.976877 0.0268541 -0.212109 -0.976877 0.0268541 -0.125106 -0.991838 0.0246123 -0.0440797 -0.998755 0.0233397 0.0397214 -0.998925 0.023899 0.14599 -0.988852 0.0293063 0.350859 -0.935192 0.0480965 -0.439046 -0.897801 0.0345315 -0.266973 -0.963277 0.0286701 -0.313559 -0.949092 0.0300999 0.4468 -0.892888 0.0558643 0.892888 -0.4468 0.0558643 -0.559077 -0.828216 0.0386226 -0.587674 -0.808132 0.0395255 0.935192 -0.350859 0.0480965 -0.761629 -0.646426 0.0453405 -0.76724 -0.639743 0.0455184 0.988852 -0.14599 0.0293063 -0.8945 -0.444261 0.050013 -0.969115 -0.240987 0.0523607 0.998925 -0.0397214 0.023899 -0.969323 -0.240149 0.0523676 0.998755 0.0440797 0.0233397 -0.997641 -0.0423587 0.0540154 0.991838 0.125106 0.0246123 -0.988068 0.143958 0.0547521 0.976877 0.212109 0.0268541 -0.945328 0.321411 0.0552249 -0.978039 0.201037 0.0549829 0.949092 0.313559 0.0300999 0.963277 0.266973 0.0286701 -0.869483 0.490839 0.0554589 0.897801 0.439046 0.0345315 -0.754982 0.653394 0.0554862 -0.814047 0.578145 0.0554628 0.808132 0.587674 0.0395255 0.828216 0.559077 0.0386226 -0.578146 0.814046 0.0554628 -0.653394 0.754982 0.0554862 0.639743 0.76724 0.0455184 0.646426 0.761629 0.0453405 -0.490839 0.869483 0.0554589 -0.201037 0.97804 0.0549829 -0.321411 0.945328 0.0552249 0.240987 0.969115 0.0523607 0.444261 0.8945 0.050013 -0.143958 0.988068 0.0547521 0.0423587 0.997641 0.0540154 0.240149 0.969323 0.0523676 -0.0415364 -0.985866 0.162306 -0.443776 -0.883373 0.150716 -0.0833278 -0.983296 0.161817 -0.238745 -0.958122 0.158125 -0.240159 -0.969247 0.0536996 0.0458803 -0.985388 0.16403 0.14557 -0.97554 0.164712 0.144833 -0.980505 0.13279 0.324698 -0.931058 0.166443 0.493117 -0.853833 0.166751 -0.606878 -0.782353 0.140079 -0.646788 -0.750261 0.137018 0.549839 -0.818437 0.166845 0.657407 -0.734787 0.167047 -0.790339 -0.60043 0.121853 -0.829014 -0.546916 0.116698 0.734787 -0.657407 0.167047 0.818437 -0.549839 0.166845 -0.887356 -0.448624 0.106468 0.853833 -0.493117 0.166751 -0.94218 -0.321848 0.0933329 -0.963948 -0.251573 0.0866843 0.931058 -0.324698 0.166443 -0.972483 -0.217605 0.0832195 0.97554 -0.14557 0.164712 0.985388 -0.0458803 0.16403 0.980505 -0.144833 0.13279 -0.988703 -0.128809 0.0766494 0.985866 0.0415365 0.162306 -0.996327 -0.0448145 0.072963 0.958122 0.238745 0.158125 0.983296 0.0833278 0.161817 0.969247 0.240159 0.0536996 -0.996194 0.0454615 0.0743673 0.883373 0.443776 0.150716 -0.981896 0.167723 0.0880296 0.750261 0.646788 0.137018 0.782354 0.606878 0.140079 -0.904942 0.404798 0.131221 -0.906031 0.40245 0.130926 -0.905815 0.403442 0.129359 0.546916 0.829014 0.116698 0.60043 0.790339 0.121853 -0.40245 0.906031 0.130926 -0.404798 0.904942 0.131221 -0.403442 0.905815 0.129359 0.251573 0.963948 0.0866843 0.321848 0.94218 0.0933329 0.448624 0.887356 0.106468 -0.167723 0.981896 0.0880296 -0.0454615 0.996194 0.0743673 0.0448145 0.996327 0.072963 0.128809 0.988703 0.0766494 0.217605 0.972483 0.0832195 -0.217605 -0.972483 0.0832195 -0.128809 -0.988703 0.0766494 -0.0448145 -0.996327 0.072963 0.0454615 -0.996194 0.0743673 0.167723 -0.981896 0.0880296 -0.448624 -0.887356 0.106468 -0.251573 -0.963948 0.0866843 -0.321848 -0.94218 0.0933329 0.40245 -0.906031 0.130926 0.404798 -0.904942 0.131221 0.403442 -0.905815 0.129359 -0.546916 -0.829014 0.116698 -0.60043 -0.790339 0.121853 0.904942 -0.404798 0.131221 0.906031 -0.40245 0.130926 0.905815 -0.403442 0.129359 -0.750261 -0.646788 0.137018 -0.782353 -0.606878 0.140079 0.981896 -0.167723 0.0880296 -0.883373 -0.443776 0.150716 0.996194 -0.0454615 0.0743673 -0.958122 -0.238745 0.158125 -0.983296 -0.0833278 0.161817 -0.969247 -0.240159 0.0536996 0.996327 0.0448145 0.072963 -0.985866 -0.0415364 0.162306 0.988703 0.128809 0.0766494 -0.97554 0.14557 0.164712 -0.985388 0.0458803 0.16403 -0.980505 0.144833 0.13279 0.972483 0.217605 0.0832195 -0.931058 0.324698 0.166443 0.94218 0.321848 0.0933329 0.963948 0.251573 0.0866843 -0.853833 0.493117 0.166751 0.887356 0.448624 0.106468 -0.734787 0.657407 0.167047 -0.818437 0.549839 0.166845 0.790339 0.60043 0.121853 0.829014 0.546916 0.116698 -0.549839 0.818437 0.166845 -0.657407 0.734787 0.167047 0.606878 0.782354 0.140079 0.646788 0.750261 0.137018 -0.493117 0.853833 0.166751 -0.324698 0.931058 0.166443 -0.0458803 0.985388 0.16403 -0.14557 0.97554 0.164712 -0.144833 0.980505 0.13279 0.0833278 0.983296 0.161817 0.238745 0.958122 0.158125 0.240159 0.969247 0.0536996 0.443776 0.883373 0.150716 0.0415365 0.985866 0.162306 -0.442713 -0.860233 0.25299 -0.236118 -0.934483 0.266439 -0.0373553 -0.961167 0.273429 -0.0413446 -0.983507 0.176083 0.151441 -0.948724 0.277467 0.330267 -0.901566 0.279469 -0.535293 -0.808616 0.244137 -0.647027 -0.726582 0.231158 0.491243 -0.825143 0.27896 0.497071 -0.821653 0.278939 0.496621 -0.824332 0.271743 0.663657 -0.693748 0.279774 -0.751021 -0.624728 0.213736 -0.829788 -0.52223 0.196794 0.693748 -0.663657 0.279774 -0.864177 -0.467174 0.186939 0.821653 -0.497071 0.278939 0.825143 -0.491243 0.27896 0.824332 -0.496621 0.271743 -0.926344 -0.338221 0.165813 0.901566 -0.330267 0.279469 -0.962217 -0.228596 0.14793 -0.964867 -0.217941 0.146742 -0.96441 -0.226608 0.136243 0.948724 -0.151441 0.277467 -0.981155 -0.135934 0.137318 0.961167 0.0373553 0.273429 0.983507 0.0413446 0.176083 -0.990187 -0.0464858 0.131795 0.934483 0.236118 0.266439 -0.9895 0.0542454 0.13397 0.860233 0.442713 0.25299 -0.968261 0.198733 0.151576 0.726583 0.647027 0.231158 0.808616 0.535293 0.244137 -0.853409 0.482884 0.196258 -0.932068 0.317608 0.174284 0.52223 0.829788 0.196794 0.624728 0.751021 0.213736 -0.317608 0.932068 0.174284 -0.482884 0.853409 0.196258 0.217941 0.964867 0.146742 0.228596 0.962217 0.14793 0.226608 0.96441 0.136243 0.338221 0.926344 0.165813 0.467174 0.864177 0.186939 -0.198733 0.968261 0.151576 -0.0542454 0.9895 0.13397 0.0464858 0.990187 0.131795 0.135934 0.981155 0.137318 -0.135934 -0.981155 0.137318 -0.0464858 -0.990187 0.131795 0.0542454 -0.9895 0.13397 0.198733 -0.968261 0.151576 -0.467174 -0.864177 0.186939 -0.338221 -0.926344 0.165813 -0.217941 -0.964867 0.146742 -0.228596 -0.962217 0.14793 -0.226608 -0.96441 0.136243 0.317608 -0.932068 0.174284 0.482884 -0.853409 0.196258 -0.52223 -0.829788 0.196794 -0.624728 -0.751021 0.213736 0.853409 -0.482884 0.196258 0.932068 -0.317608 0.174284 -0.726582 -0.647027 0.231158 -0.808616 -0.535293 0.244137 0.968261 -0.198733 0.151576 -0.860233 -0.442713 0.25299 0.9895 -0.0542454 0.13397 -0.934483 -0.236118 0.266439 0.990187 0.0464858 0.131795 -0.961167 -0.0373553 0.273429 -0.983507 -0.0413446 0.176083 0.981155 0.135934 0.137318 -0.948724 0.151441 0.277467 0.962217 0.228596 0.14793 0.964867 0.217941 0.146742 0.96441 0.226608 0.136243 -0.901566 0.330267 0.279469 0.926344 0.338221 0.165813 -0.821653 0.497071 0.278939 -0.825143 0.491243 0.27896 -0.824332 0.496621 0.271743 0.864177 0.467174 0.186939 -0.693748 0.663657 0.279774 0.751021 0.624728 0.213736 0.829788 0.52223 0.196794 -0.663657 0.693748 0.279774 -0.491243 0.825143 0.27896 -0.497071 0.821653 0.278939 -0.496621 0.824332 0.271743 0.535293 0.808616 0.244137 0.647027 0.726583 0.231158 -0.330267 0.901566 0.279469 -0.151441 0.948724 0.277467 0.0373553 0.961167 0.273429 0.0413446 0.983507 0.176083 0.236118 0.934483 0.266439 0.442713 0.860233 0.25299 -0.23264 -0.896385 0.377324 -0.0316655 -0.921188 0.387827 0.158336 -0.905875 0.392837 0.336272 -0.855416 0.393935 -0.646266 -0.689144 0.327752 -0.402277 -0.840841 0.362159 -0.440876 -0.823156 0.35783 -0.44166 -0.832331 0.334906 0.3644 -0.843606 0.394387 0.51034 -0.763324 0.396094 -0.68275 -0.656872 0.319957 0.620437 -0.676988 0.39591 0.676988 -0.620437 0.39591 0.667803 -0.667803 0.328754 -0.822462 -0.494083 0.281848 -0.82982 -0.482929 0.279604 -0.829694 -0.48998 0.267446 0.763324 -0.51034 0.396094 0.843606 -0.3644 0.394387 -0.896976 -0.361874 0.253931 0.855416 -0.336272 0.393935 -0.941294 -0.246951 0.230178 0.905875 -0.158336 0.392837 -0.966135 -0.145684 0.212978 -0.967341 -0.138196 0.212495 -0.966994 -0.145254 0.209343 0.921188 0.0316655 0.387827 -0.977173 -0.048387 0.206862 0.896385 0.23264 0.377324 -0.97526 0.0653611 0.211175 0.823156 0.440876 0.35783 0.840841 0.402277 0.362159 0.832331 0.44166 0.334906 -0.943609 0.235004 0.233187 -0.957885 0.177082 0.226049 -0.950928 0.225396 0.211972 0.689144 0.646266 0.327752 -0.781949 0.55881 0.276201 0.482928 0.82982 0.279604 0.494083 0.822462 0.281848 0.48998 0.829694 0.267446 0.656872 0.68275 0.319957 -0.55881 0.781949 0.276201 -0.177082 0.957885 0.226049 -0.235004 0.943609 0.233187 -0.225396 0.950928 0.211972 0.138196 0.967341 0.212495 0.145684 0.966135 0.212978 0.145254 0.966994 0.209343 0.246951 0.941294 0.230178 0.361874 0.896976 0.253931 -0.0653611 0.97526 0.211175 0.048387 0.977173 0.206862 -0.048387 -0.977173 0.206862 0.0653611 -0.97526 0.211175 -0.361874 -0.896976 0.253931 -0.246951 -0.941294 0.230178 -0.138196 -0.967341 0.212495 -0.145684 -0.966135 0.212978 -0.145254 -0.966994 0.209343 0.177082 -0.957885 0.226049 0.235004 -0.943609 0.233187 0.225396 -0.950928 0.211972 0.55881 -0.781949 0.276201 -0.656872 -0.68275 0.319957 -0.482929 -0.82982 0.279604 -0.494083 -0.822462 0.281848 -0.48998 -0.829694 0.267446 0.781949 -0.55881 0.276201 -0.689144 -0.646266 0.327752 0.943609 -0.235004 0.233187 0.957885 -0.177082 0.226049 0.950928 -0.225396 0.211972 -0.823156 -0.440876 0.35783 -0.840841 -0.402277 0.362159 -0.832331 -0.44166 0.334906 0.97526 -0.0653611 0.211175 -0.896385 -0.23264 0.377324 0.977173 0.048387 0.206862 -0.921188 -0.0316655 0.387827 0.966135 0.145684 0.212978 0.967341 0.138196 0.212495 0.966994 0.145254 0.209343 -0.905875 0.158336 0.392837 0.941294 0.246951 0.230178 -0.855416 0.336272 0.393935 0.896976 0.361874 0.253931 -0.763324 0.51034 0.396094 -0.843606 0.3644 0.394387 0.822462 0.494083 0.281848 0.82982 0.482928 0.279604 0.829694 0.48998 0.267446 -0.620437 0.676988 0.39591 -0.676988 0.620437 0.39591 -0.667803 0.667803 0.328754 0.68275 0.656872 0.319957 -0.3644 0.843606 0.394387 -0.51034 0.763324 0.396094 0.402277 0.840841 0.362159 0.440876 0.823156 0.35783 0.44166 0.832331 0.334906 0.646266 0.689144 0.327752 -0.336272 0.855416 0.393935 -0.158336 0.905875 0.392837 0.0316655 0.921188 0.387827 0.23264 0.896385 0.377324 -0.437403 -0.766361 0.470498 -0.227333 -0.839872 0.492885 -0.230288 -0.864479 0.446814 -0.0254216 -0.86314 0.504324 -0.0265406 -0.870436 0.491566 0.16712 -0.842826 0.51158 0.163488 -0.863445 0.477215 0.350558 -0.78189 0.515516 0.337674 -0.846328 0.411953 -0.552994 -0.700773 0.450683 -0.645282 -0.63047 0.431415 -0.646125 -0.671495 0.362789 0.503061 -0.694184 0.514818 0.522733 -0.679548 0.514748 0.520578 -0.691195 0.501247 -0.741901 -0.535128 0.404007 -0.830725 -0.415442 0.370545 0.679548 -0.522733 0.514748 0.694184 -0.503061 0.514818 0.691195 -0.520578 0.501247 -0.845992 -0.390418 0.363142 0.78189 -0.350558 0.515516 0.846328 -0.337674 0.411953 -0.902271 -0.269463 0.336596 0.842826 -0.16712 0.51158 0.863445 -0.163488 0.477215 -0.934832 -0.158647 0.317681 0.86314 0.0254215 0.504324 0.870436 0.0265406 0.491566 -0.949275 -0.048144 0.310739 -0.969017 -0.0487202 0.24214 0.839872 0.227333 0.492885 0.864479 0.230288 0.446814 -0.943329 0.0844212 0.320942 -0.966431 0.0712867 0.246838 0.766361 0.437403 0.470498 -0.889575 0.288246 0.35436 0.63047 0.645282 0.431415 0.700773 0.552994 0.450683 0.671495 0.646125 0.362789 -0.666633 0.636739 0.38751 0.415442 0.830725 0.370545 0.535128 0.741901 0.404007 -0.636739 0.666633 0.38751 -0.288246 0.889575 0.35436 -0.0844212 0.943329 0.320942 -0.0712867 0.966431 0.246838 0.048144 0.949275 0.310739 0.0487202 0.969017 0.24214 0.158647 0.934832 0.317681 0.269463 0.902271 0.336596 0.390418 0.845992 0.363142 -0.390418 -0.845992 0.363142 -0.269463 -0.902271 0.336596 -0.158647 -0.934832 0.317681 -0.048144 -0.949275 0.310739 -0.0487202 -0.969017 0.24214 0.0844212 -0.943329 0.320942 0.0712867 -0.966431 0.246838 0.288246 -0.889575 0.35436 0.636739 -0.666633 0.38751 -0.415442 -0.830725 0.370545 -0.535128 -0.741901 0.404007 0.666633 -0.636739 0.38751 -0.63047 -0.645282 0.431415 -0.700773 -0.552994 0.450683 -0.671495 -0.646125 0.362789 0.889575 -0.288246 0.35436 -0.766361 -0.437403 0.470498 0.943329 -0.0844212 0.320942 0.966431 -0.0712867 0.246838 -0.839872 -0.227333 0.492885 -0.864479 -0.230288 0.446814 0.949275 0.048144 0.310739 0.969017 0.0487202 0.24214 -0.86314 -0.0254216 0.504324 -0.870436 -0.0265406 0.491566 0.934832 0.158647 0.317681 -0.842826 0.16712 0.51158 -0.863445 0.163488 0.477215 0.902271 0.269463 0.336596 -0.78189 0.350558 0.515516 -0.846328 0.337674 0.411953 0.845992 0.390418 0.363142 -0.679548 0.522733 0.514748 -0.694184 0.503061 0.514818 -0.691195 0.520578 0.501247 0.741901 0.535128 0.404007 0.830725 0.415442 0.370545 -0.503061 0.694184 0.514818 -0.522733 0.679548 0.514748 -0.520578 0.691195 0.501247 0.552994 0.700773 0.450683 0.645282 0.63047 0.431415 0.646125 0.671495 0.362789 -0.350558 0.78189 0.515516 -0.337674 0.846328 0.411953 -0.16712 0.842826 0.51158 -0.163488 0.863445 0.477215 0.0254215 0.86314 0.504324 0.0265406 0.870436 0.491566 0.227333 0.839872 0.492885 0.230288 0.864479 0.446814 0.437403 0.766361 0.470498 -0.218816 -0.757449 0.615135 -0.0129938 -0.775632 0.631051 0.181284 -0.749032 0.637249 -0.277183 -0.742545 0.609751 -0.431429 -0.682727 0.589706 -0.434808 -0.725373 0.533644 0.247095 -0.728009 0.63949 0.367627 -0.673458 0.641331 0.360433 -0.714771 0.599325 -0.600677 -0.577115 0.553286 -0.641569 -0.541953 0.54284 -0.642599 -0.567273 0.515041 0.54268 -0.544113 0.639874 0.544113 -0.54268 0.639874 0.543901 -0.543901 0.639017 -0.746618 -0.427647 0.509588 -0.828663 -0.298507 0.473509 -0.830547 -0.398032 0.389566 0.673458 -0.367627 0.641331 0.728009 -0.247095 0.63949 0.714771 -0.360433 0.599325 -0.831966 -0.292103 0.471707 0.749032 -0.181284 0.637249 -0.873568 -0.169582 0.456202 0.775632 0.0129938 0.631051 -0.889468 -0.0410582 0.45515 0.757449 0.218816 0.615134 -0.871923 0.118605 0.47506 0.682727 0.431429 0.589706 0.742545 0.277183 0.609751 0.725373 0.434808 0.533644 -0.77869 0.359092 0.514486 0.541953 0.641569 0.54284 0.577114 0.600677 0.553286 0.567273 0.642599 0.515041 -0.43013 0.734408 0.525008 -0.734408 0.43013 0.525008 -0.647354 0.647354 0.402326 0.298507 0.828663 0.473509 0.427647 0.746618 0.509588 0.398032 0.830547 0.389566 -0.359092 0.77869 0.514486 -0.118605 0.871923 0.47506 0.0410582 0.889468 0.45515 0.169582 0.873568 0.456202 0.292103 0.831966 0.471707 -0.292103 -0.831966 0.471707 -0.169582 -0.873568 0.456202 -0.0410582 -0.889468 0.45515 0.118605 -0.871923 0.47506 0.359092 -0.77869 0.514486 -0.298507 -0.828663 0.473509 -0.427647 -0.746618 0.509588 -0.398032 -0.830547 0.389566 0.43013 -0.734408 0.525008 0.734408 -0.43013 0.525008 0.647354 -0.647354 0.402326 -0.541953 -0.641569 0.54284 -0.577115 -0.600677 0.553286 -0.567273 -0.642599 0.515041 0.77869 -0.359092 0.514486 -0.682727 -0.431429 0.589706 -0.742545 -0.277183 0.609751 -0.725373 -0.434808 0.533644 0.871923 -0.118605 0.47506 -0.757449 -0.218816 0.615135 0.889468 0.0410582 0.45515 -0.775632 -0.0129938 0.631051 0.873568 0.169582 0.456202 -0.749032 0.181284 0.637249 0.831966 0.292103 0.471707 -0.673458 0.367627 0.641331 -0.728009 0.247095 0.63949 -0.714771 0.360433 0.599325 0.746618 0.427647 0.509588 0.828663 0.298507 0.473509 0.830547 0.398032 0.389566 -0.54268 0.544113 0.639874 -0.544113 0.54268 0.639874 -0.543901 0.543901 0.639017 0.600677 0.577114 0.553286 0.641569 0.541953 0.54284 0.642599 0.567273 0.515041 -0.247095 0.728009 0.63949 -0.367627 0.673458 0.641331 -0.360433 0.714771 0.599325 0.277183 0.742545 0.609751 0.431429 0.682727 0.589706 0.434808 0.725373 0.533644 -0.181284 0.749032 0.637249 0.0129938 0.775632 0.631051 0.218816 0.757449 0.615134 -0.204102 -0.629688 0.749557 -0.217581 -0.74528 0.630251 0.00515177 -0.642232 0.766493 -0.00930182 -0.74631 0.665534 0.203148 -0.602163 0.772095 0.183521 -0.733176 0.654808 -0.266799 -0.613189 0.743517 -0.419682 -0.549787 0.72222 -0.424772 -0.605173 0.673301 0.241737 -0.585629 0.773693 0.396018 -0.48947 0.776909 0.383926 -0.569043 0.72718 -0.55272 -0.461121 0.694167 -0.631775 -0.382782 0.674046 -0.6364 -0.451424 0.625469 0.48947 -0.396018 0.776909 0.585629 -0.241737 0.773693 0.569043 -0.383926 0.72718 -0.683697 -0.314901 0.658328 -0.828426 -0.293106 0.477284 0.602163 -0.203148 0.772095 0.733176 -0.183521 0.654808 -0.746847 -0.172871 0.642133 -0.825177 -0.173479 0.537575 0.642232 -0.00515177 0.766493 0.74631 0.00930182 0.665534 -0.763478 -0.0192727 0.645547 -0.81534 -0.0292253 0.578244 0.629688 0.204102 0.749557 0.74528 0.217581 0.630251 -0.71498 0.177633 0.676202 -0.795338 0.149024 0.587563 0.549787 0.419682 0.72222 0.613189 0.266799 0.743517 0.605173 0.424772 0.673301 -0.529442 0.465226 0.709406 -0.74972 0.37471 0.545446 0.382782 0.631775 0.674046 0.461121 0.55272 0.694167 0.451424 0.6364 0.625469 -0.465226 0.529442 0.709406 -0.37471 0.74972 0.545446 -0.177633 0.71498 0.676202 -0.149024 0.795338 0.587563 0.0192727 0.763478 0.645547 0.0292253 0.81534 0.578244 0.172871 0.746847 0.642133 0.173479 0.825177 0.537575 0.314901 0.683697 0.658328 0.293106 0.828426 0.477284 -0.314901 -0.683697 0.658328 -0.293106 -0.828426 0.477284 -0.172871 -0.746847 0.642133 -0.173479 -0.825177 0.537575 -0.0192727 -0.763478 0.645547 -0.0292253 -0.81534 0.578244 0.177633 -0.71498 0.676202 0.149024 -0.795338 0.587563 0.465226 -0.529442 0.709406 0.37471 -0.74972 0.545446 -0.382782 -0.631775 0.674046 -0.461121 -0.55272 0.694167 -0.451424 -0.6364 0.625469 0.529442 -0.465226 0.709406 0.74972 -0.37471 0.545446 -0.549787 -0.419682 0.72222 -0.613189 -0.266799 0.743517 -0.605173 -0.424772 0.673301 0.71498 -0.177633 0.676202 0.795338 -0.149024 0.587563 -0.629688 -0.204102 0.749557 -0.74528 -0.217581 0.630251 0.763478 0.0192727 0.645547 0.81534 0.0292253 0.578244 -0.642232 0.00515177 0.766493 -0.74631 -0.00930182 0.665534 0.746847 0.172871 0.642133 0.825177 0.173479 0.537575 -0.602163 0.203148 0.772095 -0.733176 0.183521 0.654808 0.683697 0.314901 0.658328 0.828426 0.293106 0.477284 -0.48947 0.396018 0.776909 -0.585629 0.241737 0.773693 -0.569043 0.383926 0.72718 0.55272 0.461121 0.694167 0.631775 0.382782 0.674046 0.6364 0.451424 0.625469 -0.241737 0.585629 0.773693 -0.396018 0.48947 0.776909 -0.383926 0.569043 0.72718 0.266799 0.613189 0.743517 0.419682 0.549787 0.72222 0.424772 0.605173 0.673301 -0.203148 0.602163 0.772095 -0.183521 0.733176 0.654808 -0.00515177 0.642232 0.766493 0.00930182 0.74631 0.665534 0.204102 0.629688 0.749557 0.217581 0.74528 0.630251 -0.20211 -0.61343 0.76345 0.0100431 -0.60687 0.794737 0.205031 -0.58901 0.781684 -0.411164 -0.470931 0.780492 -0.172706 -0.386555 0.905951 -0.183182 -0.467206 0.864964 0.0399474 -0.393459 0.918474 0.0318197 -0.451421 0.891744 0.247351 -0.296106 0.922572 0.229368 -0.431272 0.872579 0.407788 -0.407788 0.816956 -0.625971 -0.319366 0.711453 -0.336934 -0.313777 0.887704 -0.386944 -0.268594 0.882118 -0.392679 -0.316795 0.863391 0.296106 -0.247351 0.922572 0.431272 -0.229368 0.872579 0.58901 -0.205031 0.781684 -0.457551 -0.152111 0.876076 -0.610529 -0.167317 0.774119 0.393459 -0.0399474 0.918474 0.451421 -0.0318197 0.891744 0.60687 -0.0100431 0.794737 -0.463921 0.036077 0.885141 -0.585912 0.0125657 0.810277 0.386555 0.172706 0.905951 0.467206 0.183182 0.864964 0.61343 0.20211 0.76345 -0.332896 0.280756 0.900198 -0.546946 0.227576 0.805642 0.268594 0.386944 0.882118 0.313777 0.336934 0.887704 0.316795 0.392679 0.863391 0.470931 0.411164 0.780492 -0.480649 0.480649 0.733452 -0.280756 0.332896 0.900198 -0.227576 0.546946 0.805642 -0.036077 0.463922 0.885141 -0.0125657 0.585912 0.810277 0.152111 0.457551 0.876076 0.167317 0.610529 0.774119 0.319366 0.625971 0.711453 -0.319366 -0.625971 0.711453 -0.152111 -0.457551 0.876076 -0.167317 -0.610529 0.774119 0.036077 -0.463921 0.885141 0.0125657 -0.585912 0.810277 0.280756 -0.332896 0.900198 0.227576 -0.546946 0.805642 0.480649 -0.480649 0.733452 -0.470931 -0.411164 0.780492 -0.268594 -0.386944 0.882118 -0.313777 -0.336934 0.887704 -0.316795 -0.392679 0.863391 0.332896 -0.280756 0.900198 0.546946 -0.227576 0.805642 -0.61343 -0.20211 0.76345 -0.386555 -0.172706 0.905951 -0.467206 -0.183182 0.864964 0.463922 -0.036077 0.885141 0.585912 -0.0125657 0.810277 -0.60687 0.0100431 0.794737 -0.393459 0.0399474 0.918474 -0.451421 0.0318197 0.891744 0.457551 0.152111 0.876076 0.610529 0.167317 0.774119 -0.58901 0.205031 0.781684 -0.296106 0.247351 0.922572 -0.431272 0.229368 0.872579 0.336934 0.313777 0.887704 0.386944 0.268594 0.882118 0.392679 0.316795 0.863391 0.625971 0.319366 0.711453 -0.407788 0.407788 0.816956 -0.247351 0.296106 0.922572 -0.229368 0.431272 0.872579 -0.0399474 0.393459 0.918474 -0.0318197 0.451421 0.891744 0.172706 0.386555 0.905951 0.183182 0.467206 0.864964 0.411164 0.470931 0.780492 -0.205031 0.58901 0.781684 -0.0100431 0.60687 0.794737 0.20211 0.61343 0.76345 -0.160116 -0.301683 0.939867 0.0570938 -0.27901 0.958589 0.253027 -0.253027 0.933785 -0.368374 -0.143502 0.918536 -0.131879 -0.114979 0.984575 0.0852046 -0.0852046 0.992714 0.27901 -0.0570938 0.958589 -0.335325 0.0576062 0.94034 -0.0978193 0.0978193 0.990385 0.114979 0.131879 0.984575 0.301683 0.160116 0.939867 -0.289567 0.289567 0.912306 -0.0576062 0.335325 0.94034 0.143502 0.368374 0.918536 -0.143502 -0.368374 0.918536 0.0576062 -0.335325 0.94034 0.289567 -0.289567 0.912306 -0.301683 -0.160116 0.939867 -0.114979 -0.131879 0.984575 0.0978193 -0.0978193 0.990385 0.335325 -0.0576062 0.94034 -0.27901 0.0570938 0.958589 -0.0852046 0.0852046 0.992714 0.131879 0.114979 0.984575 0.368374 0.143502 0.918536 -0.253027 0.253027 0.933785 -0.0570938 0.27901 0.958589 0.160116 0.301683 0.939867"/>
    </IndexedTriangleSet>
   </Shape>
  </Transform>
  </Group>
  <Group>
  <Transform rotation="0 0 1 0" translation="0 0 0">
   <Shape>
    <Appearance DEF='ap1'>
     <Material ambientIntensity='1' diffuseColor='0 0.333333 0.498039' specularColor='0.85 0.85 0.85' shininess='0.234375' transparency='0'/>
    </Appearance>
    <IndexedTriangleSet DEF='its1' index="0 2 1 0 9 2 0 8 9 3 2 4 3 1 2 10 4 2 9 10 2 6 4 7 6 3 4 11 7 4 10 11 4 5 6 7 7 13 5 14 13 7 11 14 7 8 17 9 8 15 17 18 10 9 17 18 9 19 11 10 18 19 10 21 14 11 19 21 11 12 13 14 14 20 12 14 21 20 16 17 15 24 16 22 17 16 24 18 17 24 26 19 18 24 26 18 29 21 19 26 29 19 21 27 20 21 29 27 23 24 22 23 26 24 23 25 26 25 29 26 25 28 29 28 27 29 30 32 31 30 39 32 30 38 39 33 32 34 33 31 32 40 34 32 39 40 32 36 34 37 36 33 34 41 37 34 40 41 34 35 36 37 37 43 35 44 43 37 41 44 37 38 47 39 38 45 47 48 40 39 47 48 39 49 41 40 48 49 40 51 44 41 49 51 41 42 43 44 44 50 42 44 51 50 46 47 45 54 46 52 47 46 54 48 47 54 56 49 48 54 56 48 59 51 49 56 59 49 51 57 50 51 59 57 53 54 52 53 56 54 53 55 56 55 59 56 55 58 59 58 57 59 0 1 80 80 1 71 80 71 70 8 0 87 0 80 87 1 3 71 3 72 71 3 6 72 6 73 72 6 5 73 73 5 81 73 81 76 81 5 13 15 8 93 8 87 93 13 12 81 81 12 89 81 89 84 95 89 20 89 12 20 16 15 99 99 15 93 99 93 98 22 16 99 101 95 27 95 20 27 23 22 106 106 22 99 106 99 104 25 23 108 23 106 108 28 25 110 25 108 110 27 28 101 101 28 110 101 110 113 30 31 127 127 31 118 127 118 116 38 30 133 30 127 133 31 33 118 33 120 118 33 36 120 36 122 120 36 35 122 122 35 128 122 128 125 128 35 43 45 38 139 38 133 139 43 42 128 128 42 134 128 134 131 140 134 50 134 42 50 46 45 146 146 45 139 146 139 145 52 46 146 147 140 57 140 50 57 53 52 154 154 52 146 154 146 153 55 53 155 53 154 155 58 55 156 55 155 156 57 58 147 147 58 156 147 156 159 60 62 61 70 60 69 62 60 70 71 62 70 63 62 64 63 61 62 72 64 62 71 72 62 66 64 67 66 63 64 73 67 64 72 73 64 65 66 67 67 75 65 76 75 67 73 76 67 68 70 69 79 68 78 70 68 79 80 70 79 74 75 76 76 83 74 84 83 76 81 84 76 77 79 78 77 86 79 77 85 86 87 80 79 86 87 79 82 83 84 84 88 82 84 89 88 85 92 86 85 90 92 93 87 86 92 93 86 89 94 88 89 95 94 91 92 90 98 91 96 92 91 98 93 92 98 95 100 94 95 101 100 97 98 96 104 97 102 98 97 104 99 98 104 101 111 100 101 113 111 103 104 102 103 106 104 103 105 106 105 108 106 105 107 108 107 110 108 107 109 110 109 113 110 109 112 113 112 111 113 114 116 115 114 127 116 114 126 127 117 116 118 117 115 116 119 118 120 119 117 118 121 120 122 121 119 120 124 122 125 124 121 122 123 124 125 125 130 123 131 130 125 128 131 125 126 133 127 126 132 133 129 130 131 131 136 129 137 136 131 134 137 131 132 139 133 132 138 139 142 137 134 140 142 134 135 136 137 137 141 135 137 142 141 138 145 139 138 143 145 150 142 140 147 150 140 142 148 141 142 150 148 144 145 143 153 144 151 145 144 153 146 145 153 150 157 149 159 157 150 147 159 150 149 148 150 152 153 151 162 152 160 153 152 162 154 153 162 164 155 154 162 164 154 167 156 155 164 167 155 159 165 158 167 165 159 156 167 159 158 157 159 161 162 160 161 164 162 161 163 164 163 167 164 163 166 167 166 165 167 178 168 177 178 170 168 60 170 178 61 170 60 69 60 178 61 63 170 63 172 170 63 66 172 66 175 172 180 65 181 180 66 65 173 66 180 175 66 173 181 65 75 184 176 183 184 178 176 68 178 184 69 178 68 78 68 184 186 74 187 186 75 74 179 75 186 181 75 179 187 74 83 190 182 189 190 184 182 77 184 190 78 184 77 85 77 195 77 190 195 192 82 193 192 83 82 185 83 192 187 83 185 197 193 88 193 82 88 90 85 200 85 195 200 202 197 94 197 88 94 203 205 199 205 91 199 199 91 200 200 91 90 96 91 205 207 202 100 202 94 100 208 210 204 210 97 204 204 97 205 205 97 96 102 97 210 213 207 111 207 100 111 214 216 209 216 103 209 209 103 210 210 103 102 105 103 218 103 216 218 107 105 220 105 218 220 109 107 222 107 220 222 112 109 225 109 222 225 223 112 225 223 111 112 212 111 223 213 111 212 240 226 239 240 228 226 114 228 240 115 228 114 126 114 245 114 240 245 115 117 228 117 230 228 117 119 230 119 232 230 119 121 232 121 234 232 121 124 234 124 237 234 242 123 243 242 124 123 235 124 242 237 124 235 243 123 130 132 126 250 126 245 250 247 129 248 247 130 129 241 130 247 243 130 241 248 129 136 138 132 255 132 250 255 252 135 253 252 136 135 246 136 252 248 136 246 257 253 141 253 135 141 143 138 260 138 255 260 263 257 148 257 141 148 264 266 259 266 144 259 259 144 260 260 144 143 151 144 266 267 149 269 267 148 149 262 148 267 263 148 262 269 149 157 270 272 265 272 152 265 265 152 266 266 152 151 160 152 272 273 158 275 273 157 158 268 157 273 269 157 268 275 158 165 276 278 271 278 161 271 271 161 272 272 161 160 163 161 280 161 278 280 166 163 283 163 280 283 281 166 283 281 165 166 274 165 281 275 165 274 168 170 169 171 170 172 171 169 170 174 172 175 174 171 172 173 174 175 176 178 177 179 180 181 182 184 183 185 186 187 188 190 189 188 195 190 188 194 195 191 192 193 193 196 191 193 197 196 194 200 195 194 198 200 197 201 196 197 202 201 199 200 198 202 206 201 202 207 206 204 205 203 207 211 206 207 213 211 209 210 208 212 211 213 215 216 214 215 218 216 215 217 218 217 220 218 217 219 220 219 222 220 219 221 222 221 225 222 221 224 225 224 223 225 226 228 227 229 228 230 229 227 228 231 230 232 231 229 230 233 232 234 233 231 232 236 234 237 236 233 234 235 236 237 238 240 239 238 245 240 238 244 245 241 242 243 244 250 245 244 249 250 246 247 248 249 255 250 249 254 255 251 252 253 253 256 251 253 257 256 254 260 255 254 258 260 257 261 256 257 263 261 259 260 258 262 261 263 265 266 264 268 267 269 271 272 270 274 273 275 277 278 276 277 280 278 277 279 280 279 283 280 279 282 283 282 281 283 169 286 168 285 286 169 287 285 169 177 168 286 169 171 288 287 169 288 171 174 289 288 171 289 291 173 292 174 173 291 289 174 291 292 173 180 295 284 294 295 286 284 176 286 295 177 286 176 183 176 295 297 179 298 297 180 179 290 180 297 292 180 290 298 179 186 301 293 300 301 295 293 182 295 301 183 295 182 189 182 301 303 185 304 303 186 185 296 186 303 298 186 296 304 185 192 299 189 301 188 189 299 305 188 299 194 188 305 194 305 307 191 304 192 302 304 191 306 302 191 306 191 196 308 306 196 198 194 307 198 307 309 308 196 201 310 308 201 198 313 199 311 313 198 309 311 198 203 199 313 310 201 206 314 310 206 315 317 312 317 204 312 312 204 313 313 204 203 208 204 317 314 206 211 318 314 211 319 321 316 321 209 316 316 209 317 317 209 208 214 209 321 327 212 329 211 212 327 318 211 327 329 212 223 320 214 321 215 214 320 322 215 320 323 217 215 323 215 322 324 219 217 324 217 323 325 221 219 325 219 324 326 224 221 326 221 325 224 329 223 328 329 224 326 328 224 227 332 226 331 332 227 333 331 227 239 226 332 227 229 334 333 227 334 229 231 335 334 229 335 231 233 336 335 231 336 233 236 337 336 233 337 339 235 340 236 235 339 337 236 339 340 235 242 330 239 332 238 239 330 341 238 330 244 238 341 244 341 345 343 241 344 343 242 241 338 242 343 340 242 338 344 241 247 249 244 345 249 345 349 347 246 348 347 247 246 342 247 347 344 247 342 348 246 252 254 249 349 254 349 351 251 348 252 346 348 251 350 346 251 350 251 256 352 350 256 258 254 351 258 351 353 352 256 261 354 352 261 258 357 259 355 357 258 353 355 258 264 259 357 358 262 360 261 262 358 354 261 358 360 262 267 361 363 356 363 265 356 356 265 357 357 265 264 270 265 363 364 268 366 364 267 268 359 267 364 360 267 359 366 268 273 367 369 362 369 271 362 362 271 363 363 271 270 276 271 369 373 274 375 373 273 274 365 273 373 366 273 365 375 274 281 368 276 369 277 276 368 370 277 368 371 279 277 371 277 370 372 282 279 372 279 371 282 375 281 374 375 282 372 374 282 284 286 285 290 291 292 293 295 294 296 297 298 299 301 300 302 303 304 312 313 311 316 317 315 320 321 319 328 327 329 330 332 331 338 339 340 342 343 344 346 347 348 356 357 355 359 358 360 362 363 361 365 364 366 368 369 367 374 373 375 388 376 387 388 378 376 284 378 388 285 378 284 294 284 388 285 287 378 287 380 378 287 288 380 288 382 380 288 289 382 289 385 382 383 385 389 389 385 289 389 289 291 391 290 392 291 290 391 389 291 391 392 290 297 395 386 394 395 388 386 293 388 395 294 388 293 300 293 395 296 392 297 390 392 296 396 390 296 396 296 401 296 303 401 399 393 398 399 395 393 299 395 399 300 395 299 305 299 403 299 399 403 302 401 303 302 400 401 400 302 306 404 400 306 307 305 406 305 403 406 404 306 308 407 404 308 309 307 410 307 406 410 413 412 310 310 412 407 310 407 308 410 409 309 309 409 414 309 414 311 417 413 314 413 310 314 311 420 312 418 420 311 414 418 311 315 312 420 416 417 422 422 417 314 422 314 318 419 315 420 316 315 419 421 316 419 316 421 319 421 423 319 422 318 327 428 422 327 424 319 423 424 320 319 425 322 320 425 320 424 426 323 322 426 322 425 430 432 426 426 432 324 426 324 323 325 324 435 324 432 435 435 433 325 325 433 427 325 427 326 429 328 326 429 326 427 328 428 327 328 429 428 442 331 443 442 330 331 341 330 442 341 442 449 331 333 444 443 331 444 438 436 334 334 436 444 334 444 333 334 335 438 335 441 438 439 441 445 445 441 335 445 335 336 336 337 446 445 336 446 337 339 448 446 337 448 338 448 339 338 447 448 447 338 450 338 343 450 455 456 449 449 456 345 449 345 341 452 342 453 343 342 452 450 343 452 453 342 347 349 345 460 345 456 460 346 453 347 451 453 346 457 451 346 463 462 350 350 462 457 350 457 346 460 459 349 349 459 464 349 464 351 466 463 352 463 350 352 353 351 464 353 464 467 469 466 354 466 352 354 355 353 467 355 467 470 474 469 358 469 354 358 471 355 470 471 356 355 356 471 361 471 475 361 476 359 478 476 358 359 473 358 476 474 358 473 478 359 364 361 481 362 479 481 361 475 479 361 367 362 481 483 365 485 483 364 365 477 364 483 478 364 477 485 365 373 480 367 481 368 367 480 482 368 480 486 488 482 482 488 370 482 370 368 371 370 490 370 488 490 372 371 492 371 490 492 374 372 495 372 492 495 493 374 495 493 373 374 484 373 493 485 373 484 376 378 377 379 378 380 379 377 378 381 380 382 381 379 380 384 382 385 384 381 382 383 384 385 386 388 387 390 391 392 393 395 394 397 399 398 397 403 399 397 402 403 402 406 403 402 405 406 405 410 406 405 408 410 409 410 408 411 412 413 413 415 411 413 417 415 416 415 417 419 420 418 431 432 430 431 435 432 431 434 435 434 433 435 436 438 437 440 438 441 440 437 438 439 440 441 451 452 453 454 456 455 454 460 456 454 458 460 459 460 458 461 462 463 463 465 461 463 466 465 466 468 465 466 469 468 469 472 468 469 474 472 473 472 474 477 476 478 480 481 479 484 483 485 487 488 486 487 490 488 487 489 490 489 492 490 489 491 492 491 495 492 491 494 495 494 493 495 496 377 497 496 376 377 376 496 387 496 507 387 377 379 498 497 377 498 379 381 499 498 379 499 381 384 500 499 381 500 502 383 503 384 383 502 500 384 502 503 383 389 387 506 386 505 506 387 507 505 387 394 386 506 501 503 509 509 503 389 509 389 391 390 509 391 390 508 509 513 512 396 396 512 508 396 508 390 504 394 506 393 394 504 510 393 504 393 510 398 510 515 398 513 396 401 514 398 515 514 397 398 402 397 514 402 514 517 400 513 401 511 513 400 516 511 400 516 400 404 518 516 404 405 402 517 405 517 519 522 521 407 407 521 518 407 518 404 408 405 519 408 519 523 522 407 412 408 527 409 525 527 408 523 525 408 414 409 527 411 522 412 520 522 411 524 520 411 524 411 415 528 524 415 527 526 414 414 526 529 414 529 418 531 416 533 415 416 531 528 415 531 533 416 422 530 418 529 530 419 418 534 536 530 530 536 421 530 421 419 423 421 536 532 533 539 539 533 422 539 422 428 535 423 536 424 423 535 537 424 535 538 425 424 538 424 537 541 543 538 538 543 426 538 426 425 430 426 543 548 427 433 548 546 427 427 546 540 427 540 429 429 539 428 429 540 539 542 430 543 431 430 542 544 431 542 545 434 431 545 431 544 434 548 433 547 548 434 545 547 434 437 551 436 550 551 437 552 550 437 444 436 551 437 440 553 552 437 553 555 439 556 440 439 555 553 440 555 556 439 445 557 443 558 557 442 443 565 566 557 557 566 449 557 449 442 551 549 444 444 549 558 444 558 443 554 556 559 559 556 445 559 445 446 446 448 560 559 446 560 562 447 563 448 447 562 560 448 562 563 447 450 455 449 566 561 563 568 568 563 450 568 450 452 451 568 452 451 567 568 572 571 457 457 571 567 457 567 451 564 455 566 454 455 564 569 454 564 458 454 569 458 569 573 572 457 462 458 577 459 575 577 458 573 575 458 464 459 577 461 572 462 570 572 461 574 570 461 574 461 465 578 574 465 577 576 464 464 576 579 464 579 467 578 465 468 580 578 468 470 467 579 470 579 581 580 468 472 582 580 472 470 586 471 584 586 470 581 584 470 475 471 586 473 582 472 473 583 582 583 473 587 473 476 587 586 585 475 475 585 588 475 588 479 591 477 593 476 477 591 587 476 591 593 477 483 589 479 588 589 480 479 594 596 589 589 596 482 589 482 480 486 482 596 484 593 483 592 593 484 590 592 484 590 484 600 484 493 600 595 486 596 487 486 595 597 487 595 598 489 487 598 487 597 599 491 489 599 489 598 601 494 491 601 491 599 494 600 493 494 601 600 501 502 503 504 506 505 511 512 513 520 521 522 526 527 525 532 531 533 535 536 534 542 543 541 547 546 548 549 551 550 554 555 556 561 562 563 564 566 565 570 571 572 576 577 575 585 586 584 592 591 593 595 596 594 497 608 496 607 608 497 609 607 497 507 496 608 497 498 610 609 497 610 605 602 499 499 602 610 499 610 498 603 605 611 611 605 499 611 499 500 500 502 613 611 500 613 501 613 502 501 612 613 612 501 617 501 509 617 614 505 615 614 504 505 619 620 614 614 620 510 614 510 504 608 606 507 507 606 615 507 615 505 508 617 509 508 616 617 616 508 622 508 512 622 515 510 620 511 622 512 511 621 622 621 511 516 624 621 516 618 515 620 514 515 618 623 514 618 517 514 623 517 623 625 628 627 518 518 627 624 518 624 516 630 632 625 625 632 519 625 519 517 628 518 521 632 631 519 519 631 634 519 634 523 520 628 521 626 628 520 633 626 520 633 520 524 635 633 524 525 523 634 525 634 636 635 524 528 638 635 528 637 525 636 637 526 525 526 637 529 637 639 529 638 528 531 641 638 531 640 529 639 640 530 529 530 640 534 640 643 534 532 641 531 532 642 641 642 532 646 532 539 646 644 534 643 644 535 534 645 537 535 645 535 644 648 650 645 645 650 538 645 538 537 541 538 650 540 646 539 540 647 646 647 540 654 540 546 654 649 541 650 542 541 649 651 542 649 652 544 542 652 542 651 653 545 544 653 544 652 655 547 545 655 545 653 547 654 546 547 655 654 656 550 657 656 549 550 549 656 558 656 665 558 550 552 658 657 550 658 552 553 659 658 552 659 553 555 660 659 553 660 662 554 663 555 554 662 660 555 662 663 554 559 664 558 665 664 557 558 557 664 565 664 670 565 661 663 666 666 663 559 666 559 560 560 562 668 666 560 668 561 668 562 561 667 668 667 561 672 561 568 672 669 565 670 669 564 565 569 564 669 569 669 673 567 672 568 567 671 672 671 567 675 567 571 675 573 569 673 573 673 676 570 675 571 570 674 675 674 570 574 677 674 574 575 573 676 575 676 678 682 680 578 578 680 677 578 677 574 575 685 576 683 685 575 678 683 575 579 576 685 681 682 686 686 682 578 686 578 580 685 684 579 579 684 687 579 687 581 686 580 582 688 686 582 584 581 687 584 687 689 691 583 693 582 583 691 688 582 691 693 583 587 690 584 689 690 585 584 585 690 588 690 694 588 692 693 696 696 693 587 696 587 591 695 588 694 695 589 588 589 695 594 695 698 594 705 590 600 705 703 590 590 703 697 590 697 592 592 696 591 592 697 696 699 594 698 699 595 594 700 597 595 700 595 699 706 709 700 700 709 598 700 598 597 709 707 598 598 707 701 598 701 599 702 601 599 702 599 701 601 705 600 704 705 601 702 704 601 602 605 604 603 604 605 606 608 607 618 620 619 626 627 628 629 632 630 631 632 629 649 650 648 661 662 663 679 680 682 681 679 682 684 685 683 692 691 693 704 703 705 708 709 706 708 707 709 604 712 602 711 712 604 713 711 604 610 602 712 715 603 716 604 603 715 713 604 715 716 603 611 717 607 718 717 606 607 606 717 615 717 723 615 607 609 719 718 607 719 712 710 610 610 710 719 610 719 609 714 716 721 721 716 611 721 611 613 612 721 613 612 720 721 720 612 725 612 617 725 722 615 723 722 614 615 614 722 619 722 727 619 616 725 617 616 724 725 724 616 729 616 622 729 726 619 727 726 618 619 623 618 726 623 726 730 621 729 622 621 728 729 728 621 624 731 728 624 733 734 730 730 734 625 730 625 623 731 624 736 624 627 736 630 625 734 626 736 627 626 735 736 735 626 633 738 735 633 732 630 734 629 630 732 737 629 732 629 741 631 739 741 629 737 739 629 634 631 741 738 633 635 742 738 635 741 740 634 634 740 743 634 743 636 742 635 638 745 742 638 744 636 743 744 637 636 637 744 639 744 746 639 745 638 641 748 745 641 747 639 746 747 640 639 640 747 643 747 749 643 752 642 754 641 642 752 748 641 752 754 642 646 750 643 749 750 644 643 751 645 644 751 644 750 645 751 648 751 755 648 761 647 763 761 646 647 753 646 761 754 646 753 763 647 654 756 648 755 756 649 648 757 651 649 757 649 756 758 652 651 758 651 757 759 653 652 759 652 758 760 655 653 760 653 759 655 763 654 762 763 655 760 762 655 657 766 656 765 766 657 767 765 657 665 656 766 657 658 768 767 657 768 658 659 769 768 658 769 659 660 770 769 659 770 660 662 772 770 660 772 661 772 662 661 771 772 771 661 776 661 666 776 775 764 774 775 766 764 664 766 775 665 766 664 670 664 775 666 668 778 776 666 778 667 778 668 667 777 778 777 667 781 667 672 781 773 670 775 669 670 773 779 669 773 673 669 779 673 779 782 671 781 672 671 780 781 780 671 784 671 675 784 676 673 782 676 782 785 674 784 675 674 783 784 788 787 677 677 787 783 677 783 674 678 676 785 678 785 789 788 677 680 683 678 789 683 789 791 679 788 680 786 788 679 790 786 679 793 681 795 679 681 793 790 679 793 795 681 686 792 683 791 792 684 683 684 792 687 792 796 687 794 795 797 797 795 686 797 686 688 689 687 796 689 796 798 797 688 691 800 797 691 799 689 798 799 690 689 690 799 694 799 802 694 692 800 691 692 801 800 801 692 804 692 696 804 803 694 802 803 695 694 695 803 698 803 806 698 697 804 696 697 805 804 805 697 809 697 703 809 807 698 806 807 699 698 811 813 807 807 813 700 807 700 699 706 700 813 817 701 707 817 815 701 701 815 808 701 808 702 810 704 702 810 702 808 704 809 703 704 810 809 812 706 813 708 706 812 814 708 812 708 817 707 816 817 708 814 816 708 710 712 711 714 715 716 732 734 733 740 741 739 753 752 754 762 761 763 764 766 765 773 775 774 786 787 788 794 793 795 812 813 811 816 815 817 818 711 819 818 710 711 710 818 719 818 827 719 711 713 821 819 711 821 713 715 823 821 713 823 714 823 715 714 822 823 822 714 829 714 721 829 825 718 826 825 717 718 717 825 723 825 831 723 718 719 827 826 718 827 720 829 721 720 828 829 828 720 833 720 725 833 830 723 831 830 722 723 722 830 727 830 835 727 724 833 725 724 832 833 832 724 837 724 729 837 834 727 835 834 726 727 730 726 834 730 834 838 728 837 729 728 836 837 836 728 731 839 836 731 730 838 733 838 841 733 839 731 844 731 736 844 840 733 841 840 732 733 737 732 840 737 840 845 735 844 736 735 843 844 843 735 738 846 843 738 739 737 845 739 845 847 846 738 742 850 846 742 848 739 847 848 740 739 740 848 743 848 851 743 850 742 745 853 850 745 852 743 851 852 744 743 744 852 746 852 854 746 853 745 748 856 853 748 855 746 854 855 747 746 747 855 749 855 857 749 856 748 752 860 856 752 858 749 857 858 750 749 859 751 750 859 750 858 751 859 755 859 863 755 753 860 752 753 861 860 861 753 869 753 761 869 864 755 863 864 756 755 865 757 756 865 756 864 866 758 757 866 757 865 867 759 758 867 758 866 868 760 759 868 759 867 870 762 760 870 760 868 762 869 761 762 870 869 872 765 873 872 764 765 764 872 774 872 882 774 765 767 875 873 765 875 767 768 876 875 767 876 768 769 877 876 768 877 769 770 878 877 769 878 770 772 880 878 770 880 771 880 772 771 879 880 879 771 884 771 776 884 881 774 882 881 773 774 779 773 881 779 881 887 776 778 886 884 776 886 777 886 778 777 885 886 885 777 889 777 781 889 782 779 887 782 887 890 780 889 781 780 888 889 888 780 892 780 784 892 785 782 890 785 890 893 783 892 784 783 891 892 891 783 895 783 787 895 789 785 893 789 893 897 786 895 787 786 894 895 894 786 790 898 894 790 791 789 897 791 897 899 898 790 793 901 898 793 900 791 899 900 792 791 792 900 796 900 904 796 794 901 793 794 902 901 902 794 905 794 797 905 798 796 904 798 904 906 905 797 800 908 905 800 907 798 906 907 799 798 799 907 802 907 910 802 801 908 800 801 909 908 909 801 912 801 804 912 911 802 910 911 803 802 803 911 806 911 914 806 805 912 804 805 913 912 913 805 917 805 809 917 915 806 914 915 807 806 807 915 811 915 919 811 916 808 923 808 815 923 918 810 808 918 808 916 810 917 809 810 918 917 920 811 919 920 812 811 922 814 812 922 812 920 924 816 814 924 814 922 816 923 815 816 924 923 818 819 820 818 820 827 827 820 934 827 934 933 819 926 820 928 926 819 821 928 819 820 926 934 928 824 927 823 824 928 821 823 928 824 823 822 824 822 935 935 822 829 935 829 937 927 824 935 930 826 931 930 825 826 825 930 831 930 939 831 826 827 933 931 826 933 828 937 829 828 936 937 936 828 941 828 833 941 938 831 939 938 830 831 830 938 835 938 943 835 832 941 833 832 940 941 940 832 946 832 837 946 942 835 943 942 834 835 838 834 942 838 942 947 836 946 837 836 945 946 945 836 839 948 945 839 842 841 949 949 841 838 949 838 947 948 839 951 839 844 951 840 841 842 953 842 954 840 842 953 845 840 953 842 949 954 843 951 844 843 950 951 950 843 846 957 950 846 847 955 849 953 955 847 845 953 847 957 846 850 959 957 850 848 847 849 848 849 851 851 849 958 851 958 960 849 955 958 959 850 853 962 959 853 961 851 960 961 852 851 852 961 854 961 963 854 962 853 856 965 962 856 964 854 963 964 855 854 855 964 857 964 967 857 965 862 966 860 862 965 856 860 965 968 857 967 968 858 857 969 859 858 969 858 968 859 969 863 969 972 863 862 860 861 971 970 871 970 862 871 871 862 869 869 862 861 966 862 970 973 863 972 973 864 863 975 865 864 975 864 973 976 866 865 976 865 975 977 867 866 977 866 976 979 868 867 979 867 977 870 978 871 979 978 870 868 979 870 871 869 870 971 871 978 872 873 874 883 882 988 882 872 988 988 872 989 989 872 874 873 980 874 981 980 873 875 981 873 874 980 989 875 876 982 981 875 982 876 877 983 982 876 983 877 878 984 983 877 984 878 880 986 984 878 986 879 986 880 879 985 986 985 879 990 879 884 990 881 882 883 993 883 994 881 883 993 887 881 993 883 988 994 884 886 992 990 884 992 885 992 886 885 991 992 991 885 996 885 889 996 890 887 993 890 993 997 888 996 889 888 995 996 995 888 999 888 892 999 893 890 997 893 997 1000 891 999 892 891 998 999 895 896 891 891 896 1001 891 1001 998 897 893 1000 897 1000 1002 896 895 894 894 1004 896 1003 1004 894 898 1003 894 1001 896 1004 899 897 1002 899 1002 1007 1003 903 1005 901 903 1003 898 901 1003 1008 899 1007 1008 900 899 900 1008 904 1008 1011 904 903 901 902 903 902 1010 1010 902 905 1010 905 1012 1005 903 1010 906 904 1011 906 1011 1013 1012 905 908 1015 1012 908 1014 906 1013 1014 907 906 907 1014 910 1014 1018 910 909 1015 908 909 1016 1015 1016 909 1020 909 912 1020 1019 910 1018 1019 911 910 911 1019 914 1019 1022 914 913 1020 912 913 1021 1020 1021 913 1027 913 917 1027 1023 914 1022 1023 915 914 921 919 1024 1024 919 915 1024 915 1023 923 925 916 916 925 1025 916 1025 1026 1028 918 916 1028 916 1026 918 1027 917 918 1028 1027 920 919 921 1032 921 1030 920 921 1032 922 920 1032 921 1024 1030 924 1031 925 1032 1031 924 922 1032 924 925 923 924 1025 925 1031 926 928 929 926 929 934 934 929 1037 934 1037 1036 929 928 927 929 927 1037 1037 927 935 1037 935 1038 930 931 932 930 932 939 939 932 1045 939 1045 1043 931 1034 932 1035 1034 931 933 1035 931 932 1034 1045 933 934 1036 1035 933 1036 935 937 1040 1038 935 1040 936 1040 937 936 1039 1040 1039 936 1047 936 941 1047 1042 939 1043 1042 938 939 944 943 1048 1048 943 938 1048 938 1042 940 1047 941 940 1046 1047 1046 940 1050 940 946 1050 942 943 944 1052 944 1053 942 944 1052 947 942 1052 944 1048 1053 945 1050 946 945 1049 1050 1049 945 948 1054 1049 948 949 947 1052 949 1052 1055 951 952 948 948 952 1056 948 1056 1054 956 954 1057 1057 954 949 1057 949 1055 952 951 950 950 1059 952 1058 1059 950 957 1058 950 1056 952 1059 953 954 956 955 953 956 955 956 958 958 956 1057 958 1057 1061 1058 957 959 1062 1058 959 960 958 1061 960 1061 1063 1062 959 962 1066 1062 962 1064 960 1063 1064 961 960 961 1064 963 1064 1067 963 1066 962 965 1069 1066 965 1068 963 1067 1068 964 963 964 1068 967 1068 1072 967 966 1069 965 966 1070 1069 1070 966 1077 966 970 1077 1073 967 1072 1073 968 967 1075 969 968 1075 968 1073 974 972 1076 1076 972 969 1076 969 1075 971 1077 970 971 1078 1077 1078 971 1084 971 978 1084 973 972 974 1080 974 1079 973 974 1080 975 973 1080 974 1076 1079 1082 976 975 1082 975 1080 1083 977 976 1083 976 1082 1085 979 977 1085 977 1083 979 1084 978 979 1085 1084 1087 981 1088 1087 980 981 980 1087 989 1087 1096 989 981 982 1090 1088 981 1090 982 983 1091 1090 982 1091 983 984 1093 1091 983 1093 1093 987 1092 986 987 1093 984 986 1093 987 986 985 987 985 1097 1097 985 990 1097 990 1098 1092 987 1097 1095 989 1096 1095 988 989 988 1095 994 1095 1103 994 990 992 1100 1098 990 1100 991 1100 992 991 1099 1100 1099 991 1106 991 996 1106 1102 994 1103 1102 993 994 997 993 1102 997 1102 1107 995 1106 996 995 1105 1106 1105 995 1109 995 999 1109 1000 997 1107 1000 1107 1111 998 1109 999 998 1108 1109 1108 998 1001 1112 1108 1001 1002 1000 1111 1002 1111 1113 1004 1006 1001 1001 1006 1116 1001 1116 1112 1007 1114 1009 1113 1114 1007 1002 1113 1007 1006 1004 1003 1006 1003 1005 1006 1005 1116 1116 1005 1010 1116 1010 1118 1008 1007 1009 1008 1009 1011 1011 1009 1117 1011 1117 1119 1009 1114 1117 1118 1010 1012 1120 1118 1012 1013 1011 1119 1013 1119 1122 1120 1017 1121 1015 1017 1120 1012 1015 1120 1123 1013 1122 1123 1014 1013 1014 1123 1018 1123 1126 1018 1017 1015 1016 1017 1016 1125 1125 1016 1020 1125 1020 1129 1121 1017 1125 1127 1018 1126 1127 1019 1018 1019 1127 1022 1127 1132 1022 1021 1129 1020 1021 1130 1129 1027 1029 1021 1021 1029 1128 1021 1128 1130 1133 1022 1132 1133 1023 1022 1135 1024 1023 1135 1023 1133 1033 1030 1136 1136 1030 1024 1136 1024 1135 1031 1033 1025 1025 1033 1136 1025 1136 1137 1139 1026 1025 1139 1025 1137 1028 1138 1029 1139 1138 1028 1026 1139 1028 1029 1027 1028 1128 1029 1138 1032 1030 1033 1033 1031 1032 1140 1035 1141 1140 1034 1035 1034 1140 1045 1140 1151 1045 1035 1036 1143 1141 1035 1143 1036 1037 1145 1143 1036 1145 1037 1038 1148 1145 1037 1148 1148 1041 1147 1040 1041 1148 1038 1040 1148 1041 1040 1039 1041 1039 1153 1153 1039 1047 1153 1047 1155 1147 1041 1153 1042 1043 1044 1157 1044 1158 1042 1044 1157 1048 1042 1157 1043 1150 1044 1151 1150 1043 1045 1151 1043 1044 1150 1158 1046 1155 1047 1046 1154 1155 1050 1051 1046 1046 1051 1160 1046 1160 1154 1048 1157 1053 1157 1162 1053 1051 1050 1049 1049 1165 1051 1164 1165 1049 1054 1164 1049 1160 1051 1165 1161 1053 1162 1161 1052 1053 1055 1052 1161 1055 1161 1166 1164 1054 1056 1168 1164 1056 1057 1055 1166 1057 1166 1169 1059 1060 1056 1056 1060 1171 1056 1171 1168 1061 1057 1169 1061 1169 1172 1060 1059 1058 1058 1176 1060 1175 1176 1058 1062 1175 1058 1171 1060 1176 1063 1173 1065 1172 1173 1063 1061 1172 1063 1175 1062 1066 1179 1175 1066 1064 1063 1065 1064 1065 1067 1067 1065 1178 1067 1178 1182 1065 1173 1178 1179 1071 1180 1069 1071 1179 1066 1069 1179 1183 1067 1182 1183 1068 1067 1074 1072 1185 1185 1072 1068 1185 1068 1183 1071 1069 1070 1071 1070 1186 1186 1070 1077 1186 1077 1192 1180 1071 1186 1073 1072 1074 1188 1074 1187 1073 1074 1188 1075 1073 1188 1074 1185 1187 1189 1076 1075 1189 1075 1188 1081 1079 1190 1190 1079 1076 1190 1076 1189 1078 1192 1077 1078 1193 1192 1084 1086 1078 1078 1086 1191 1078 1191 1193 1080 1079 1081 1195 1081 1194 1080 1081 1195 1082 1080 1195 1081 1190 1194 1198 1083 1082 1198 1082 1195 1085 1197 1086 1198 1197 1085 1083 1198 1085 1086 1084 1085 1191 1086 1197 1087 1088 1089 1087 1089 1096 1096 1089 1208 1096 1208 1207 1088 1200 1089 1201 1200 1088 1090 1201 1088 1089 1200 1208 1090 1091 1204 1201 1090 1204 1204 1094 1203 1093 1094 1204 1091 1093 1204 1094 1093 1092 1094 1092 1209 1209 1092 1097 1209 1097 1210 1203 1094 1209 1206 1096 1207 1206 1095 1096 1104 1103 1213 1213 1103 1095 1213 1095 1206 1097 1098 1212 1210 1097 1212 1212 1101 1211 1100 1101 1212 1098 1100 1212 1101 1100 1099 1101 1099 1214 1214 1099 1106 1214 1106 1216 1211 1101 1214 1102 1103 1104 1218 1104 1219 1102 1104 1218 1107 1102 1218 1104 1213 1219 1105 1216 1106 1105 1215 1216 1109 1110 1105 1105 1110 1221 1105 1221 1215 1111 1107 1218 1111 1218 1222 1110 1109 1108 1108 1226 1110 1225 1226 1108 1112 1225 1108 1221 1110 1226 1113 1223 1115 1222 1223 1113 1111 1222 1113 1225 1112 1116 1229 1225 1116 1114 1113 1115 1114 1115 1117 1117 1115 1228 1117 1228 1231 1115 1223 1228 1229 1116 1118 1232 1229 1118 1119 1117 1231 1119 1231 1234 1232 1118 1120 1236 1232 1120 1122 1235 1124 1234 1235 1122 1119 1234 1122 1121 1236 1120 1121 1237 1236 1237 1121 1240 1121 1125 1240 1123 1122 1124 1123 1124 1126 1126 1124 1239 1126 1239 1243 1124 1235 1239 1240 1131 1241 1129 1131 1240 1125 1129 1240 1244 1126 1243 1244 1127 1126 1134 1132 1246 1246 1132 1127 1246 1127 1244 1248 1128 1257 1128 1138 1257 1130 1247 1131 1248 1247 1130 1128 1248 1130 1131 1129 1130 1241 1131 1247 1133 1132 1134 1251 1134 1250 1133 1134 1251 1135 1133 1251 1134 1246 1250 1253 1136 1135 1253 1135 1251 1255 1137 1136 1255 1136 1253 1258 1139 1137 1258 1137 1255 1139 1257 1138 1139 1258 1257 1140 1141 1142 1152 1151 1260 1151 1140 1260 1260 1140 1261 1261 1140 1142 1144 1141 1143 1144 1142 1141 1142 1144 1261 1144 1263 1261 1146 1143 1145 1146 1144 1143 1144 1146 1263 1146 1264 1263 1149 1145 1148 1149 1146 1145 1146 1149 1264 1149 1265 1264 1149 1148 1147 1149 1147 1265 1265 1147 1153 1265 1153 1267 1150 1151 1152 1159 1158 1269 1158 1150 1269 1269 1150 1270 1270 1150 1152 1152 1260 1270 1267 1156 1266 1155 1156 1267 1153 1155 1267 1156 1155 1154 1154 1273 1156 1272 1273 1154 1160 1272 1154 1266 1156 1273 1157 1158 1159 1163 1162 1275 1162 1157 1275 1275 1157 1276 1276 1157 1159 1159 1269 1276 1272 1160 1279 1160 1165 1279 1161 1162 1163 1166 1163 1167 1166 1161 1163 1275 1281 1163 1281 1167 1163 1164 1279 1165 1164 1278 1279 1278 1164 1168 1282 1278 1168 1169 1167 1170 1169 1166 1167 1281 1283 1167 1283 1170 1167 1282 1168 1171 1284 1282 1171 1172 1170 1174 1172 1169 1170 1283 1285 1170 1285 1174 1170 1176 1177 1171 1171 1177 1286 1171 1286 1284 1173 1172 1174 1173 1174 1178 1178 1174 1285 1178 1285 1287 1177 1176 1175 1181 1175 1179 1181 1177 1175 1177 1181 1286 1181 1290 1286 1182 1288 1184 1287 1288 1182 1178 1287 1182 1181 1179 1180 1181 1180 1290 1290 1180 1186 1290 1186 1294 1183 1182 1184 1292 1184 1291 1183 1184 1292 1185 1183 1292 1184 1288 1291 1185 1292 1187 1292 1295 1187 1294 1186 1192 1303 1294 1192 1296 1187 1295 1296 1188 1187 1298 1189 1188 1298 1188 1296 1299 1190 1189 1299 1189 1298 1196 1194 1300 1300 1194 1190 1300 1190 1299 1197 1199 1191 1191 1199 1301 1191 1301 1302 1304 1193 1191 1304 1191 1302 1193 1303 1192 1193 1304 1303 1195 1194 1196 1196 1198 1195 1196 1199 1198 1199 1196 1301 1196 1300 1301 1199 1197 1198 1200 1201 1202 1200 1202 1208 1208 1202 1310 1208 1310 1309 1205 1201 1204 1205 1202 1201 1202 1205 1310 1205 1311 1310 1205 1204 1203 1205 1203 1311 1311 1203 1209 1311 1209 1312 1306 1207 1307 1306 1206 1207 1213 1206 1306 1213 1306 1317 1207 1208 1309 1307 1207 1309 1209 1210 1313 1312 1209 1313 1210 1212 1315 1313 1210 1315 1211 1315 1212 1211 1314 1315 1314 1211 1319 1211 1214 1319 1220 1219 1321 1321 1219 1213 1321 1213 1317 1319 1217 1318 1216 1217 1319 1214 1216 1319 1217 1216 1215 1215 1323 1217 1322 1323 1215 1221 1322 1215 1318 1217 1323 1218 1219 1220 1222 1220 1224 1222 1218 1220 1321 1325 1220 1325 1224 1220 1226 1227 1221 1221 1227 1326 1221 1326 1322 1223 1222 1224 1223 1224 1228 1228 1224 1325 1228 1325 1327 1227 1226 1225 1230 1225 1229 1230 1227 1225 1227 1230 1326 1230 1328 1326 1231 1228 1327 1231 1327 1329 1233 1229 1232 1233 1230 1229 1230 1233 1328 1233 1330 1328 1234 1231 1329 1234 1329 1331 1238 1232 1236 1238 1233 1232 1233 1238 1330 1238 1334 1330 1332 1234 1331 1332 1235 1234 1235 1332 1239 1332 1337 1239 1238 1236 1237 1335 1334 1242 1334 1238 1242 1242 1238 1240 1240 1238 1237 1243 1338 1245 1337 1338 1243 1239 1337 1243 1242 1240 1241 1341 1340 1249 1340 1242 1249 1249 1242 1247 1247 1242 1241 1335 1242 1340 1244 1243 1245 1344 1245 1343 1244 1245 1344 1246 1244 1344 1245 1338 1343 1252 1250 1346 1346 1250 1246 1346 1246 1344 1249 1247 1248 1350 1349 1259 1349 1249 1259 1259 1249 1257 1257 1249 1248 1341 1249 1349 1251 1250 1252 1252 1253 1251 1252 1254 1253 1254 1252 1347 1252 1346 1347 1254 1255 1253 1254 1256 1255 1256 1254 1348 1254 1347 1348 1256 1258 1255 1256 1259 1258 1259 1256 1350 1256 1348 1350 1259 1257 1258 1260 1261 1262 1271 1270 1360 1270 1260 1360 1360 1260 1361 1361 1260 1262 1261 1352 1262 1353 1352 1261 1263 1353 1261 1262 1352 1361 1263 1264 1355 1353 1263 1355 1264 1265 1358 1355 1264 1358 1358 1268 1357 1267 1268 1358 1265 1267 1358 1268 1267 1266 1364 1274 1363 1364 1273 1274 1268 1273 1364 1266 1273 1268 1357 1268 1364 1269 1270 1271 1277 1276 1366 1276 1269 1366 1366 1269 1367 1367 1269 1271 1271 1360 1367 1274 1273 1272 1370 1280 1369 1370 1279 1280 1274 1279 1370 1272 1279 1274 1363 1274 1370 1275 1276 1277 1372 1277 1373 1275 1277 1372 1281 1275 1372 1277 1366 1373 1280 1279 1278 1278 1376 1280 1375 1376 1278 1282 1375 1278 1369 1280 1376 1283 1281 1372 1283 1372 1378 1375 1282 1284 1380 1375 1284 1285 1283 1378 1285 1378 1382 1380 1284 1286 1385 1380 1286 1287 1383 1289 1382 1383 1287 1285 1382 1287 1385 1286 1290 1390 1385 1290 1288 1287 1289 1293 1291 1388 1291 1288 1388 1388 1288 1387 1387 1288 1289 1289 1383 1387 1390 1290 1294 1395 1390 1294 1292 1291 1293 1297 1295 1393 1295 1292 1393 1393 1292 1392 1392 1292 1293 1293 1388 1392 1395 1305 1396 1303 1305 1395 1294 1303 1395 1296 1295 1297 1399 1297 1398 1296 1297 1399 1298 1296 1399 1297 1393 1398 1401 1299 1298 1401 1298 1399 1403 1300 1299 1403 1299 1401 1405 1301 1300 1405 1300 1403 1408 1302 1301 1408 1301 1405 1304 1407 1305 1408 1407 1304 1302 1408 1304 1305 1303 1304 1396 1305 1407 1306 1307 1308 1422 1308 1423 1306 1308 1422 1317 1306 1422 1307 1410 1308 1411 1410 1307 1309 1411 1307 1308 1410 1423 1309 1310 1413 1411 1309 1413 1310 1311 1415 1413 1310 1415 1311 1312 1417 1415 1311 1417 1312 1313 1420 1417 1312 1420 1420 1316 1419 1315 1316 1420 1313 1315 1420 1316 1315 1314 1426 1320 1425 1426 1319 1320 1316 1319 1426 1314 1319 1316 1419 1316 1426 1321 1317 1422 1321 1422 1428 1320 1319 1318 1431 1324 1430 1431 1323 1324 1320 1323 1431 1318 1323 1320 1425 1320 1431 1325 1321 1428 1325 1428 1433 1324 1323 1322 1322 1436 1324 1435 1436 1322 1326 1435 1322 1430 1324 1436 1327 1325 1433 1327 1433 1438 1435 1326 1328 1440 1435 1328 1329 1327 1438 1329 1438 1442 1440 1328 1330 1445 1440 1330 1331 1443 1333 1442 1443 1331 1329 1442 1331 1445 1336 1446 1334 1336 1445 1330 1334 1445 1332 1331 1333 1339 1337 1449 1337 1332 1449 1449 1332 1448 1448 1332 1333 1333 1443 1448 1336 1334 1335 1452 1451 1342 1451 1336 1342 1342 1336 1340 1340 1336 1335 1446 1336 1451 1338 1337 1339 1345 1343 1455 1343 1338 1455 1455 1338 1454 1454 1338 1339 1339 1449 1454 1342 1340 1341 1458 1457 1351 1457 1342 1351 1351 1342 1349 1349 1342 1341 1452 1342 1457 1344 1343 1345 1461 1345 1460 1344 1345 1461 1346 1344 1461 1345 1455 1460 1463 1347 1346 1463 1346 1461 1466 1348 1347 1466 1347 1463 1350 1465 1351 1466 1465 1350 1348 1466 1350 1351 1349 1350 1458 1351 1465 1352 1353 1354 1362 1361 1468 1361 1352 1468 1468 1352 1469 1469 1352 1354 1356 1353 1355 1356 1354 1353 1354 1356 1469 1356 1471 1469 1359 1355 1358 1359 1356 1355 1356 1359 1471 1359 1474 1471 1359 1358 1357 1474 1365 1473 1474 1364 1365 1359 1364 1474 1357 1364 1359 1360 1361 1362 1368 1367 1476 1367 1360 1476 1476 1360 1477 1477 1360 1362 1362 1468 1477 1365 1364 1363 1483 1371 1482 1483 1370 1371 1365 1370 1483 1363 1370 1365 1473 1365 1483 1366 1367 1368 1374 1373 1485 1373 1366 1485 1485 1366 1486 1486 1366 1368 1368 1476 1486 1371 1370 1369 1491 1377 1490 1491 1376 1377 1371 1376 1491 1369 1376 1371 1482 1371 1491 1372 1373 1374 1378 1374 1379 1378 1372 1374 1485 1493 1374 1493 1379 1374 1377 1376 1375 1381 1375 1380 1381 1377 1375 1377 1381 1490 1381 1496 1490 1382 1379 1384 1382 1378 1379 1493 1498 1379 1498 1384 1379 1386 1380 1385 1386 1381 1380 1381 1386 1496 1386 1502 1496 1383 1382 1384 1389 1387 1499 1387 1383 1499 1499 1383 1498 1498 1383 1384 1391 1385 1390 1391 1386 1385 1386 1391 1502 1391 1508 1502 1388 1387 1389 1394 1392 1505 1392 1388 1505 1505 1388 1504 1504 1388 1389 1389 1499 1504 1397 1390 1395 1397 1391 1390 1391 1397 1508 1397 1519 1508 1393 1392 1394 1400 1398 1511 1398 1393 1511 1511 1393 1510 1510 1393 1394 1394 1505 1510 1397 1395 1396 1520 1519 1409 1519 1397 1409 1409 1397 1407 1407 1397 1396 1399 1398 1400 1400 1401 1399 1400 1402 1401 1402 1400 1513 1400 1511 1513 1402 1403 1401 1402 1404 1403 1404 1402 1515 1402 1513 1515 1404 1405 1403 1404 1406 1405 1406 1404 1517 1404 1515 1517 1406 1408 1405 1406 1409 1408 1409 1406 1520 1406 1517 1520 1409 1407 1408 1410 1411 1412 1424 1423 1522 1423 1410 1522 1522 1410 1523 1523 1410 1412 1414 1411 1413 1414 1412 1411 1412 1414 1523 1414 1525 1523 1416 1413 1415 1416 1414 1413 1414 1416 1525 1416 1527 1525 1418 1415 1417 1418 1416 1415 1416 1418 1527 1418 1529 1527 1421 1417 1420 1421 1418 1417 1418 1421 1529 1421 1532 1529 1421 1420 1419 1532 1427 1531 1532 1426 1427 1421 1426 1532 1419 1426 1421 1422 1423 1424 1428 1424 1429 1428 1422 1424 1522 1534 1424 1534 1429 1424 1427 1426 1425 1538 1432 1537 1538 1431 1432 1427 1431 1538 1425 1431 1427 1531 1427 1538 1433 1429 1434 1433 1428 1429 1534 1540 1429 1540 1434 1429 1432 1431 1430 1544 1437 1543 1544 1436 1437 1432 1436 1544 1430 1436 1432 1537 1432 1544 1438 1434 1439 1438 1433 1434 1540 1546 1434 1546 1439 1434 1437 1436 1435 1441 1435 1440 1441 1437 1435 1437 1441 1543 1441 1549 1543 1442 1439 1444 1442 1438 1439 1546 1551 1439 1551 1444 1439 1447 1440 1445 1447 1441 1440 1441 1447 1549 1447 1556 1549 1443 1442 1444 1450 1448 1552 1448 1443 1552 1552 1443 1551 1551 1443 1444 1447 1445 1446 1557 1556 1453 1556 1447 1453 1453 1447 1451 1451 1447 1446 1449 1448 1450 1456 1454 1560 1454 1449 1560 1560 1449 1559 1559 1449 1450 1450 1552 1559 1453 1451 1452 1566 1565 1459 1565 1453 1459 1459 1453 1457 1457 1453 1452 1557 1453 1565 1455 1454 1456 1462 1460 1569 1460 1455 1569 1569 1455 1568 1568 1455 1456 1456 1560 1568 1459 1457 1458 1574 1573 1467 1573 1459 1467 1467 1459 1465 1465 1459 1458 1566 1459 1573 1461 1460 1462 1462 1463 1461 1462 1464 1463 1464 1462 1571 1462 1569 1571 1464 1466 1463 1464 1467 1466 1467 1464 1574 1464 1571 1574 1467 1465 1466 1468 1469 1470 1470 1477 1468 1478 1477 1470 1479 1478 1470 1472 1469 1471 1472 1470 1469 1470 1472 1480 1470 1480 1479 1475 1471 1474 1475 1472 1471 1472 1475 1481 1472 1481 1480 1475 1474 1473 1484 1473 1483 1475 1473 1484 1481 1475 1484 1476 1477 1478 1478 1486 1476 1487 1486 1478 1488 1487 1478 1577 1576 1479 1479 1576 1488 1479 1488 1478 1479 1480 1577 1480 1579 1577 1480 1481 1579 1481 1582 1579 1581 1582 1489 1489 1582 1481 1489 1481 1484 1484 1483 1482 1492 1482 1491 1484 1482 1492 1489 1484 1492 1485 1486 1487 1493 1487 1494 1493 1485 1487 1487 1488 1495 1487 1495 1494 1576 1584 1488 1584 1495 1488 1588 1589 1497 1497 1589 1489 1497 1489 1492 1581 1489 1589 1492 1491 1490 1497 1490 1496 1497 1492 1490 1498 1494 1500 1498 1493 1494 1494 1495 1501 1494 1501 1500 1584 1591 1495 1591 1501 1495 1503 1496 1502 1503 1497 1496 1497 1503 1588 1503 1596 1588 1499 1498 1500 1500 1504 1499 1506 1504 1500 1501 1506 1500 1591 1592 1501 1501 1592 1507 1501 1507 1506 1509 1502 1508 1509 1503 1502 1503 1509 1596 1509 1603 1596 1505 1504 1506 1506 1510 1505 1512 1510 1506 1507 1512 1506 1598 1599 1507 1507 1599 1514 1507 1514 1512 1507 1592 1598 1521 1508 1519 1521 1509 1508 1604 1603 1518 1518 1603 1509 1518 1509 1521 1511 1510 1512 1512 1513 1511 1512 1514 1513 1514 1515 1513 1514 1516 1515 1516 1514 1601 1514 1599 1601 1516 1517 1515 1516 1518 1517 1518 1516 1604 1516 1601 1604 1518 1520 1517 1518 1521 1520 1521 1519 1520 1522 1523 1524 1534 1524 1535 1534 1522 1524 1526 1523 1525 1526 1524 1523 1607 1606 1526 1526 1606 1535 1526 1535 1524 1528 1525 1527 1528 1526 1525 1526 1528 1607 1528 1609 1607 1530 1527 1529 1530 1528 1527 1528 1530 1609 1530 1612 1609 1533 1529 1532 1533 1530 1529 1611 1612 1536 1536 1612 1530 1536 1530 1533 1533 1532 1531 1539 1531 1538 1533 1531 1539 1536 1533 1539 1540 1535 1541 1540 1534 1535 1606 1614 1535 1614 1541 1535 1618 1619 1542 1542 1619 1536 1542 1536 1539 1611 1536 1619 1539 1538 1537 1545 1537 1544 1539 1537 1545 1542 1539 1545 1546 1541 1547 1546 1540 1541 1614 1621 1541 1621 1547 1541 1542 1545 1550 1542 1550 1548 1542 1548 1618 1548 1626 1618 1545 1544 1543 1550 1543 1549 1550 1545 1543 1551 1547 1553 1551 1546 1547 1621 1622 1547 1547 1622 1554 1547 1554 1553 1548 1550 1558 1548 1558 1555 1548 1555 1626 1555 1633 1626 1558 1549 1556 1558 1550 1549 1552 1551 1553 1553 1559 1552 1561 1559 1553 1554 1561 1553 1628 1629 1554 1554 1629 1562 1554 1562 1561 1554 1622 1628 1567 1557 1565 1558 1557 1567 1555 1558 1567 1634 1633 1564 1564 1633 1555 1564 1555 1567 1558 1556 1557 1560 1559 1561 1561 1568 1560 1570 1568 1561 1562 1570 1561 1562 1563 1572 1562 1572 1570 1563 1562 1631 1562 1629 1631 1563 1564 1575 1563 1575 1572 1564 1563 1634 1563 1631 1634 1575 1566 1573 1567 1566 1575 1564 1567 1575 1567 1565 1566 1569 1568 1570 1570 1571 1569 1570 1572 1571 1572 1574 1571 1572 1575 1574 1575 1573 1574 1576 1577 1578 1584 1578 1585 1584 1576 1578 1580 1577 1579 1580 1578 1577 1578 1580 1586 1578 1586 1585 1583 1579 1582 1583 1580 1579 1580 1583 1587 1580 1587 1586 1583 1582 1581 1590 1581 1589 1583 1581 1590 1587 1583 1590 1591 1585 1593 1591 1584 1585 1585 1586 1594 1585 1594 1593 1586 1587 1595 1586 1595 1594 1587 1590 1597 1587 1597 1595 1590 1589 1588 1597 1588 1596 1597 1590 1588 1592 1591 1593 1593 1598 1592 1600 1598 1593 1594 1600 1593 1594 1595 1602 1594 1602 1600 1595 1597 1605 1595 1605 1602 1605 1596 1603 1605 1597 1596 1599 1598 1600 1600 1601 1599 1600 1602 1601 1602 1604 1601 1602 1605 1604 1605 1603 1604 1606 1607 1608 1614 1608 1615 1614 1606 1608 1610 1607 1609 1610 1608 1607 1608 1610 1616 1608 1616 1615 1613 1609 1612 1613 1610 1609 1610 1613 1617 1610 1617 1616 1613 1612 1611 1620 1611 1619 1613 1611 1620 1617 1613 1620 1621 1615 1623 1621 1614 1615 1615 1616 1624 1615 1624 1623 1616 1617 1625 1616 1625 1624 1617 1620 1627 1617 1627 1625 1620 1619 1618 1627 1618 1626 1627 1620 1618 1622 1621 1623 1623 1628 1622 1630 1628 1623 1624 1630 1623 1624 1625 1632 1624 1632 1630 1625 1627 1635 1625 1635 1632 1635 1626 1633 1635 1627 1626 1629 1628 1630 1630 1631 1629 1630 1632 1631 1632 1634 1631 1632 1635 1634 1635 1633 1634" solid="false" colorPerVertex="false">
     <Coordinate point="-0.31589 -0.305295 -0.305295 -0.305295 -0.31589 -0.305295 -0.305295 -0.305295 -0.309307 -0.264589 -0.333232 -0.305295 -0.264589 -0.305295 -0.316717 -0.193484 -0.305295 -0.305295 -0.223883 -0.327314 -0.305295 -0.223883 -0.305295 -0.31487 -0.333232 -0.264589 -0.305295 -0.305295 -0.264589 -0.316717 -0.264589 -0.264589 -0.324926 -0.223883 -0.264589 -0.324403 -0.168882 -0.264589 -0.305295 -0.183177 -0.294614 -0.305295 -0.183177 -0.264589 -0.313754 -0.327314 -0.223883 -0.305295 -0.305295 -0.193484 -0.305295 -0.305295 -0.223883 -0.31487 -0.264589 -0.223883 -0.324403 -0.223883 -0.223883 -0.325237 -0.162946 -0.223883 -0.305295 -0.183177 -0.223883 -0.316287 -0.294614 -0.183177 -0.305295 -0.264589 -0.168882 -0.305295 -0.264589 -0.183177 -0.313754 -0.223883 -0.162946 -0.305295 -0.223883 -0.183177 -0.316287 -0.176475 -0.183177 -0.305295 -0.183177 -0.176475 -0.305295 -0.183177 -0.183177 -0.308667 0.176474 0.183176 -0.305295 0.183176 0.176474 -0.305295 0.183176 0.183176 -0.308667 0.223882 0.162944 -0.305295 0.223882 0.183176 -0.316287 0.294612 0.183176 -0.305295 0.264587 0.16888 -0.305295 0.264587 0.183176 -0.313754 0.162944 0.223882 -0.305295 0.183176 0.223882 -0.316287 0.223882 0.223882 -0.325237 0.264587 0.223882 -0.324403 0.327312 0.223882 -0.305295 0.305293 0.193482 -0.305295 0.305293 0.223882 -0.31487 0.16888 0.264587 -0.305295 0.183176 0.294612 -0.305295 0.183176 0.264587 -0.313754 0.223882 0.264587 -0.324403 0.264587 0.264587 -0.324926 0.33323 0.264587 -0.305295 0.305293 0.264587 -0.316717 0.193482 0.305293 -0.305295 0.223882 0.327312 -0.305295 0.223882 0.305293 -0.31487 0.264587 0.33323 -0.305295 0.264587 0.305293 -0.316717 0.315889 0.305293 -0.305295 0.305293 0.315889 -0.305295 0.305293 0.305293 -0.309307 -0.314245 -0.386707 -0.264589 -0.305295 -0.390913 -0.264589 -0.305295 -0.386707 -0.267979 -0.264589 -0.398199 -0.264589 -0.264589 -0.386707 -0.274131 -0.212571 -0.386707 -0.264589 -0.223883 -0.392445 -0.264589 -0.223883 -0.386707 -0.269473 -0.367786 -0.346001 -0.264589 -0.346001 -0.367786 -0.264589 -0.346001 -0.346001 -0.277859 -0.305295 -0.346001 -0.293611 -0.264589 -0.346001 -0.299941 -0.223883 -0.346001 -0.296955 -0.158531 -0.346001 -0.264589 -0.183177 -0.371415 -0.264589 -0.183177 -0.346001 -0.282769 -0.390913 -0.305295 -0.264589 -0.386707 -0.314245 -0.264589 -0.386707 -0.305295 -0.267979 -0.346001 -0.305295 -0.293611 -0.183177 -0.305295 -0.302365 -0.132075 -0.305295 -0.264589 -0.142471 -0.326255 -0.264589 -0.142471 -0.305295 -0.276465 -0.398199 -0.264589 -0.264589 -0.386707 -0.264589 -0.274131 -0.346001 -0.264589 -0.299941 -0.118154 -0.264589 -0.264589 -0.142471 -0.264589 -0.290474 -0.392445 -0.223883 -0.264589 -0.386707 -0.212571 -0.264589 -0.386707 -0.223883 -0.269473 -0.346001 -0.223883 -0.296955 -0.112084 -0.223883 -0.264589 -0.142471 -0.223883 -0.294956 -0.371415 -0.183177 -0.264589 -0.346001 -0.158531 -0.264589 -0.346001 -0.183177 -0.282769 -0.305295 -0.183177 -0.302365 -0.116007 -0.183177 -0.264589 -0.142471 -0.183177 -0.289656 -0.326255 -0.142471 -0.264589 -0.305295 -0.132075 -0.264589 -0.305295 -0.142471 -0.276465 -0.264589 -0.118154 -0.264589 -0.264589 -0.142471 -0.290474 -0.223883 -0.112084 -0.264589 -0.223883 -0.142471 -0.294956 -0.183177 -0.116007 -0.264589 -0.183177 -0.142471 -0.289656 -0.135328 -0.142471 -0.264589 -0.142471 -0.135328 -0.264589 -0.142471 -0.142471 -0.271074 0.135327 0.14247 -0.264589 0.14247 0.135327 -0.264589 0.14247 0.14247 -0.271074 0.183176 0.116005 -0.264589 0.183176 0.14247 -0.289656 0.223882 0.112082 -0.264589 0.223882 0.14247 -0.294956 0.264587 0.118152 -0.264589 0.264587 0.14247 -0.290474 0.326253 0.14247 -0.264589 0.305293 0.132073 -0.264589 0.305293 0.14247 -0.276465 0.116005 0.183176 -0.264589 0.14247 0.183176 -0.289656 0.305293 0.183176 -0.302365 0.371414 0.183176 -0.264589 0.345999 0.158529 -0.264589 0.345999 0.183176 -0.282769 0.112082 0.223882 -0.264589 0.14247 0.223882 -0.294956 0.345999 0.223882 -0.296955 0.392443 0.223882 -0.264589 0.386705 0.212569 -0.264589 0.386705 0.223882 -0.269473 0.118152 0.264587 -0.264589 0.14247 0.264587 -0.290474 0.345999 0.264587 -0.299941 0.398198 0.264587 -0.264589 0.386705 0.264587 -0.274131 0.132073 0.305293 -0.264589 0.14247 0.326253 -0.264589 0.14247 0.305293 -0.276465 0.183176 0.305293 -0.302365 0.345999 0.305293 -0.293611 0.390911 0.305293 -0.264589 0.386705 0.314243 -0.264589 0.386705 0.305293 -0.267979 0.158529 0.345999 -0.264589 0.183176 0.371414 -0.264589 0.183176 0.345999 -0.282769 0.223882 0.345999 -0.296955 0.264587 0.345999 -0.299941 0.305293 0.345999 -0.293611 0.367784 0.345999 -0.264589 0.345999 0.367784 -0.264589 0.345999 0.345999 -0.277859 0.212569 0.386705 -0.264589 0.223882 0.392443 -0.264589 0.223882 0.386705 -0.269473 0.264587 0.398198 -0.264589 0.264587 0.386705 -0.274131 0.314243 0.386705 -0.264589 0.305293 0.390911 -0.264589 0.305293 0.386705 -0.267979 -0.320693 -0.427413 -0.223883 -0.305295 -0.433089 -0.223883 -0.305295 -0.427413 -0.230261 -0.264589 -0.438118 -0.223883 -0.264589 -0.427413 -0.236158 -0.213203 -0.427413 -0.223883 -0.223883 -0.432277 -0.223883 -0.223883 -0.427413 -0.229557 -0.386427 -0.386707 -0.223883 -0.346001 -0.416909 -0.223883 -0.346001 -0.386707 -0.251655 -0.15099 -0.386707 -0.223883 -0.183177 -0.414389 -0.223883 -0.183177 -0.386707 -0.252141 -0.416909 -0.346001 -0.223883 -0.386707 -0.386427 -0.223883 -0.386707 -0.346001 -0.251655 -0.121113 -0.346001 -0.223883 -0.142471 -0.3789 -0.223883 -0.142471 -0.346001 -0.252393 -0.433089 -0.305295 -0.223883 -0.427413 -0.320693 -0.223883 -0.427413 -0.305295 -0.230261 -0.100935 -0.305295 -0.223883 -0.101766 -0.307719 -0.223883 -0.101766 -0.305295 -0.225574 -0.438118 -0.264589 -0.223883 -0.427413 -0.264589 -0.236158 -0.0905939 -0.264589 -0.223883 -0.101766 -0.264589 -0.245309 -0.432277 -0.223883 -0.223883 -0.427413 -0.213203 -0.223883 -0.427413 -0.223883 -0.229557 -0.0855924 -0.223883 -0.223883 -0.101766 -0.223883 -0.253371 -0.414389 -0.183177 -0.223883 -0.386707 -0.15099 -0.223883 -0.386707 -0.183177 -0.252141 -0.0868208 -0.183177 -0.223883 -0.101766 -0.183177 -0.250071 -0.3789 -0.142471 -0.223883 -0.346001 -0.121113 -0.223883 -0.346001 -0.142471 -0.252393 -0.0970091 -0.142471 -0.223883 -0.101766 -0.133954 -0.223883 -0.101766 -0.142471 -0.231985 -0.307719 -0.101766 -0.223883 -0.305295 -0.100935 -0.223883 -0.305295 -0.101766 -0.225574 -0.264589 -0.0905939 -0.223883 -0.264589 -0.101766 -0.245309 -0.223883 -0.0855924 -0.223883 -0.223883 -0.101766 -0.253371 -0.183177 -0.0868208 -0.223883 -0.183177 -0.101766 -0.250071 -0.133954 -0.101766 -0.223883 -0.142471 -0.0970091 -0.223883 -0.142471 -0.101766 -0.231985 0.133952 0.101764 -0.223883 0.14247 0.0970074 -0.223883 0.14247 0.101764 -0.231985 0.183176 0.0868191 -0.223883 0.183176 0.101764 -0.250071 0.223882 0.0855907 -0.223883 0.223882 0.101764 -0.253371 0.264587 0.0905922 -0.223883 0.264587 0.101764 -0.245309 0.307717 0.101764 -0.223883 0.305293 0.100934 -0.223883 0.305293 0.101764 -0.225574 0.0970074 0.14247 -0.223883 0.101764 0.133952 -0.223883 0.101764 0.14247 -0.231985 0.378898 0.14247 -0.223883 0.345999 0.121112 -0.223883 0.345999 0.14247 -0.252393 0.0868191 0.183176 -0.223883 0.101764 0.183176 -0.250071 0.414388 0.183176 -0.223883 0.386705 0.150988 -0.223883 0.386705 0.183176 -0.252141 0.0855907 0.223882 -0.223883 0.101764 0.223882 -0.253371 0.432275 0.223882 -0.223883 0.427411 0.213202 -0.223883 0.427411 0.223882 -0.229557 0.0905922 0.264587 -0.223883 0.101764 0.264587 -0.245309 0.438116 0.264587 -0.223883 0.427411 0.264587 -0.236158 0.100934 0.305293 -0.223883 0.101764 0.307717 -0.223883 0.101764 0.305293 -0.225574 0.433087 0.305293 -0.223883 0.427411 0.320691 -0.223883 0.427411 0.305293 -0.230261 0.121112 0.345999 -0.223883 0.14247 0.378898 -0.223883 0.14247 0.345999 -0.252393 0.416907 0.345999 -0.223883 0.386705 0.386425 -0.223883 0.386705 0.345999 -0.251655 0.150988 0.386705 -0.223883 0.183176 0.414388 -0.223883 0.183176 0.386705 -0.252141 0.386425 0.386705 -0.223883 0.345999 0.416907 -0.223883 0.345999 0.386705 -0.251655 0.213202 0.427411 -0.223883 0.223882 0.432275 -0.223883 0.223882 0.427411 -0.229557 0.264587 0.438116 -0.223883 0.264587 0.427411 -0.236158 0.320691 0.427411 -0.223883 0.305293 0.433087 -0.223883 0.305293 0.427411 -0.230261 -0.382632 -0.427413 -0.183177 -0.346001 -0.449255 -0.183177 -0.346001 -0.427413 -0.211975 -0.305295 -0.462437 -0.183177 -0.264589 -0.466099 -0.183177 -0.223883 -0.460645 -0.183177 -0.161399 -0.427413 -0.183177 -0.183177 -0.444309 -0.183177 -0.183177 -0.427413 -0.207101 -0.424534 -0.386707 -0.183177 -0.386707 -0.424534 -0.183177 -0.386707 -0.386707 -0.223655 -0.12264 -0.386707 -0.183177 -0.142471 -0.412774 -0.183177 -0.142471 -0.386707 -0.215613 -0.449255 -0.346001 -0.183177 -0.427413 -0.382632 -0.183177 -0.427413 -0.346001 -0.211975 -0.0979332 -0.346001 -0.183177 -0.101766 -0.354867 -0.183177 -0.101766 -0.346001 -0.192598 -0.462437 -0.305295 -0.183177 -0.0833198 -0.305295 -0.183177 -0.466099 -0.264589 -0.183177 -0.0735338 -0.264589 -0.183177 -0.460645 -0.223883 -0.183177 -0.0685139 -0.223883 -0.183177 -0.444309 -0.183177 -0.183177 -0.427413 -0.161399 -0.183177 -0.427413 -0.183177 -0.207101 -0.0689262 -0.183177 -0.183177 -0.412774 -0.142471 -0.183177 -0.386707 -0.12264 -0.183177 -0.386707 -0.142471 -0.215613 -0.0769228 -0.142471 -0.183177 -0.354867 -0.101766 -0.183177 -0.346001 -0.0979332 -0.183177 -0.346001 -0.101766 -0.192598 -0.305295 -0.0833198 -0.183177 -0.264589 -0.0735338 -0.183177 -0.223883 -0.0685139 -0.183177 -0.183177 -0.0689262 -0.183177 -0.142471 -0.0769228 -0.183177 -0.0989523 -0.101766 -0.183177 -0.101766 -0.0989523 -0.183177 -0.101766 -0.101766 -0.188583 0.0989506 0.101764 -0.183177 0.101764 0.0989506 -0.183177 0.101764 0.101764 -0.188583 0.14247 0.0769211 -0.183177 0.183176 0.0689245 -0.183177 0.223882 0.0685123 -0.183177 0.264587 0.0735321 -0.183177 0.305293 0.0833181 -0.183177 0.354865 0.101764 -0.183177 0.345999 0.0979315 -0.183177 0.345999 0.101764 -0.192598 0.0769211 0.14247 -0.183177 0.412772 0.14247 -0.183177 0.386705 0.122639 -0.183177 0.386705 0.14247 -0.215613 0.0689245 0.183176 -0.183177 0.444307 0.183176 -0.183177 0.427411 0.161397 -0.183177 0.427411 0.183176 -0.207101 0.0685123 0.223882 -0.183177 0.460643 0.223882 -0.183177 0.0735321 0.264587 -0.183177 0.466097 0.264587 -0.183177 0.0833181 0.305293 -0.183177 0.462436 0.305293 -0.183177 0.0979315 0.345999 -0.183177 0.101764 0.354865 -0.183177 0.101764 0.345999 -0.192598 0.449254 0.345999 -0.183177 0.427411 0.38263 -0.183177 0.427411 0.345999 -0.211975 0.122639 0.386705 -0.183177 0.14247 0.412772 -0.183177 0.14247 0.386705 -0.215613 0.424532 0.386705 -0.183177 0.386705 0.424532 -0.183177 0.386705 0.386705 -0.223655 0.161397 0.427411 -0.183177 0.183176 0.444307 -0.183177 0.183176 0.427411 -0.207101 0.223882 0.460643 -0.183177 0.264587 0.466097 -0.183177 0.305293 0.462436 -0.183177 0.38263 0.427411 -0.183177 0.345999 0.449254 -0.183177 0.345999 0.427411 -0.211975 -0.353375 -0.468119 -0.142471 -0.346001 -0.47173 -0.142471 -0.346001 -0.468119 -0.149282 -0.305295 -0.483865 -0.142471 -0.305295 -0.468119 -0.172642 -0.264589 -0.487095 -0.142471 -0.264589 -0.468119 -0.179326 -0.191209 -0.468119 -0.142471 -0.223883 -0.481415 -0.142471 -0.223883 -0.468119 -0.168584 -0.415199 -0.427413 -0.142471 -0.386707 -0.450281 -0.142471 -0.386707 -0.427413 -0.179123 -0.183177 -0.465195 -0.142471 -0.135115 -0.427413 -0.142471 -0.142471 -0.436216 -0.142471 -0.142471 -0.427413 -0.158103 -0.450281 -0.386707 -0.142471 -0.427413 -0.415199 -0.142471 -0.427413 -0.386707 -0.179123 -0.103611 -0.386707 -0.142471 -0.47173 -0.346001 -0.142471 -0.468119 -0.353375 -0.142471 -0.468119 -0.346001 -0.149282 -0.0844085 -0.346001 -0.142471 -0.101766 -0.384086 -0.142471 -0.483865 -0.305295 -0.142471 -0.468119 -0.305295 -0.172642 -0.0706654 -0.305295 -0.142471 -0.487095 -0.264589 -0.142471 -0.468119 -0.264589 -0.179326 -0.0614112 -0.264589 -0.142471 -0.481415 -0.223883 -0.142471 -0.468119 -0.191209 -0.142471 -0.468119 -0.223883 -0.168584 -0.0573266 -0.223883 -0.142471 -0.0610597 -0.261802 -0.142471 -0.0610597 -0.223883 -0.159291 -0.465195 -0.183177 -0.142471 -0.0573697 -0.183177 -0.142471 -0.0610597 -0.154873 -0.142471 -0.0610597 -0.183177 -0.158743 -0.436216 -0.142471 -0.142471 -0.427413 -0.135115 -0.142471 -0.427413 -0.142471 -0.158103 -0.386707 -0.103611 -0.142471 -0.0632113 -0.142471 -0.142471 -0.384086 -0.101766 -0.142471 -0.346001 -0.0844085 -0.142471 -0.305295 -0.0706654 -0.142471 -0.264589 -0.0614112 -0.142471 -0.142471 -0.0632113 -0.142471 -0.0817618 -0.101766 -0.142471 -0.101766 -0.0817618 -0.142471 -0.261802 -0.0610597 -0.142471 -0.223883 -0.0573266 -0.142471 -0.223883 -0.0610597 -0.159291 -0.154873 -0.0610597 -0.142471 -0.183177 -0.0573697 -0.142471 -0.183177 -0.0610597 -0.158743 0.154872 0.061058 -0.142471 0.183176 0.057368 -0.142471 0.183176 0.061058 -0.158743 0.261801 0.061058 -0.142471 0.223882 0.0573249 -0.142471 0.223882 0.061058 -0.159291 0.0817601 0.101764 -0.142471 0.101764 0.0817601 -0.142471 0.14247 0.0632097 -0.142471 0.264587 0.0614095 -0.142471 0.305293 0.0706638 -0.142471 0.384084 0.101764 -0.142471 0.345999 0.0844068 -0.142471 0.0632097 0.14247 -0.142471 0.386705 0.10361 -0.142471 0.436215 0.14247 -0.142471 0.427411 0.135113 -0.142471 0.427411 0.14247 -0.158103 0.057368 0.183176 -0.142471 0.061058 0.154872 -0.142471 0.061058 0.183176 -0.158743 0.465193 0.183176 -0.142471 0.0573249 0.223882 -0.142471 0.061058 0.261801 -0.142471 0.061058 0.223882 -0.159291 0.481414 0.223882 -0.142471 0.468117 0.191207 -0.142471 0.468117 0.223882 -0.168584 0.0614095 0.264587 -0.142471 0.487094 0.264587 -0.142471 0.468117 0.264587 -0.179326 0.0706638 0.305293 -0.142471 0.483863 0.305293 -0.142471 0.468117 0.305293 -0.172642 0.0844068 0.345999 -0.142471 0.101764 0.384084 -0.142471 0.471729 0.345999 -0.142471 0.468117 0.353373 -0.142471 0.468117 0.345999 -0.149282 0.10361 0.386705 -0.142471 0.450279 0.386705 -0.142471 0.427411 0.415197 -0.142471 0.427411 0.386705 -0.179123 0.135113 0.427411 -0.142471 0.14247 0.436215 -0.142471 0.14247 0.427411 -0.158103 0.183176 0.465193 -0.142471 0.415197 0.427411 -0.142471 0.386705 0.450279 -0.142471 0.386705 0.427411 -0.179123 0.191207 0.468117 -0.142471 0.223882 0.481414 -0.142471 0.223882 0.468117 -0.168584 0.264587 0.487094 -0.142471 0.264587 0.468117 -0.179326 0.305293 0.483863 -0.142471 0.305293 0.468117 -0.172642 0.353373 0.468117 -0.142471 0.345999 0.471729 -0.142471 0.345999 0.468117 -0.149282 -0.385463 -0.468119 -0.101766 -0.346001 -0.487739 -0.101766 -0.305295 -0.498564 -0.101766 -0.264589 -0.501252 -0.101766 -0.223883 -0.495879 -0.101766 -0.165551 -0.468119 -0.101766 -0.183177 -0.480619 -0.101766 -0.183177 -0.468119 -0.134449 -0.436206 -0.427413 -0.101766 -0.427413 -0.436206 -0.101766 -0.427413 -0.427413 -0.119941 -0.386707 -0.467445 -0.101766 -0.120637 -0.427413 -0.101766 -0.142471 -0.452654 -0.101766 -0.467445 -0.386707 -0.101766 -0.0929089 -0.386707 -0.101766 -0.101766 -0.403918 -0.101766 -0.101766 -0.386707 -0.13729 -0.487739 -0.346001 -0.101766 -0.468119 -0.385463 -0.101766 -0.075044 -0.346001 -0.101766 -0.498564 -0.305295 -0.101766 -0.0619722 -0.305295 -0.101766 -0.501252 -0.264589 -0.101766 -0.0545126 -0.264589 -0.101766 -0.0610597 -0.30148 -0.101766 -0.0610597 -0.264589 -0.14091 -0.495879 -0.223883 -0.101766 -0.0507249 -0.223883 -0.101766 -0.480619 -0.183177 -0.101766 -0.468119 -0.165551 -0.101766 -0.468119 -0.183177 -0.134449 -0.0506548 -0.183177 -0.101766 -0.452654 -0.142471 -0.101766 -0.427413 -0.120637 -0.101766 -0.0553183 -0.142471 -0.101766 -0.0610597 -0.122088 -0.101766 -0.0610597 -0.142471 -0.133763 -0.403918 -0.101766 -0.101766 -0.386707 -0.0929089 -0.101766 -0.386707 -0.101766 -0.13729 -0.346001 -0.075044 -0.101766 -0.305295 -0.0619722 -0.101766 -0.0698161 -0.101766 -0.101766 -0.101766 -0.0698161 -0.101766 -0.30148 -0.0610597 -0.101766 -0.264589 -0.0545126 -0.101766 -0.264589 -0.0610597 -0.14091 -0.223883 -0.0507249 -0.101766 -0.183177 -0.0506548 -0.101766 -0.122088 -0.0610597 -0.101766 -0.142471 -0.0553183 -0.101766 -0.142471 -0.0610597 -0.133763 0.122086 0.061058 -0.101766 0.14247 0.0553166 -0.101766 0.14247 0.061058 -0.133763 0.183176 0.0506531 -0.101766 0.223882 0.0507231 -0.101766 0.301479 0.061058 -0.101766 0.264587 0.0545109 -0.101766 0.264587 0.061058 -0.14091 0.0698143 0.101764 -0.101766 0.101764 0.0698143 -0.101766 0.305293 0.0619705 -0.101766 0.345999 0.0750423 -0.101766 0.403916 0.101764 -0.101766 0.386705 0.0929072 -0.101766 0.386705 0.101764 -0.13729 0.0553166 0.14247 -0.101766 0.061058 0.122086 -0.101766 0.061058 0.14247 -0.133763 0.452652 0.14247 -0.101766 0.427411 0.120636 -0.101766 0.0506531 0.183176 -0.101766 0.480617 0.183176 -0.101766 0.468117 0.16555 -0.101766 0.468117 0.183176 -0.134449 0.0507231 0.223882 -0.101766 0.495877 0.223882 -0.101766 0.0545109 0.264587 -0.101766 0.061058 0.301479 -0.101766 0.061058 0.264587 -0.14091 0.50125 0.264587 -0.101766 0.0619705 0.305293 -0.101766 0.498562 0.305293 -0.101766 0.0750423 0.345999 -0.101766 0.487737 0.345999 -0.101766 0.468117 0.385461 -0.101766 0.0929072 0.386705 -0.101766 0.101764 0.403916 -0.101766 0.101764 0.386705 -0.13729 0.467443 0.386705 -0.101766 0.120636 0.427411 -0.101766 0.14247 0.452652 -0.101766 0.386705 0.467443 -0.101766 0.436204 0.427411 -0.101766 0.427411 0.436204 -0.101766 0.427411 0.427411 -0.119941 0.16555 0.468117 -0.101766 0.183176 0.480617 -0.101766 0.183176 0.468117 -0.134449 0.223882 0.495877 -0.101766 0.264587 0.50125 -0.101766 0.305293 0.498562 -0.101766 0.385461 0.468117 -0.101766 0.345999 0.487737 -0.101766 -0.284263 -0.508825 -0.0610597 -0.256334 -0.508825 -0.0610597 -0.264589 -0.510089 -0.0610597 -0.264589 -0.508825 -0.0664266 -0.402362 -0.468119 -0.0610597 -0.386707 -0.47861 -0.0610597 -0.386707 -0.468119 -0.0992988 -0.346001 -0.4976 -0.0610597 -0.305295 -0.507579 -0.0610597 -0.223883 -0.504701 -0.0610597 -0.151084 -0.468119 -0.0610597 -0.183177 -0.490311 -0.0610597 -0.448934 -0.427413 -0.0610597 -0.427413 -0.448934 -0.0610597 -0.111366 -0.427413 -0.0610597 -0.142471 -0.462539 -0.0610597 -0.47861 -0.386707 -0.0610597 -0.468119 -0.402362 -0.0610597 -0.468119 -0.386707 -0.0992988 -0.0864208 -0.386707 -0.0610597 -0.101766 -0.415842 -0.0610597 -0.4976 -0.346001 -0.0610597 -0.0691572 -0.346001 -0.0610597 -0.507579 -0.305295 -0.0610597 -0.0572848 -0.305295 -0.0610597 -0.0610597 -0.321339 -0.0610597 -0.0610597 -0.305295 -0.0953205 -0.510089 -0.264589 -0.0610597 -0.508825 -0.284263 -0.0610597 -0.508825 -0.256334 -0.0610597 -0.508825 -0.264589 -0.0664266 -0.0503101 -0.264589 -0.0610597 -0.504701 -0.223883 -0.0610597 -0.0467053 -0.223883 -0.0610597 -0.490311 -0.183177 -0.0610597 -0.468119 -0.151084 -0.0610597 -0.0465667 -0.183177 -0.0610597 -0.462539 -0.142471 -0.0610597 -0.427413 -0.111366 -0.0610597 -0.0505695 -0.142471 -0.0610597 -0.0610597 -0.102048 -0.0610597 -0.415842 -0.101766 -0.0610597 -0.386707 -0.0864208 -0.0610597 -0.346001 -0.0691572 -0.0610597 -0.0611745 -0.101766 -0.0610597 -0.101766 -0.0611745 -0.0610597 -0.321339 -0.0610597 -0.0610597 -0.305295 -0.0572848 -0.0610597 -0.305295 -0.0610597 -0.0953205 -0.264589 -0.0503101 -0.0610597 -0.223883 -0.0467053 -0.0610597 -0.183177 -0.0465667 -0.0610597 -0.102048 -0.0610597 -0.0610597 -0.142471 -0.0505695 -0.0610597 0.102046 0.061058 -0.0610597 0.14247 0.0505677 -0.0610597 0.183176 0.046565 -0.0610597 0.223882 0.0467036 -0.0610597 0.264587 0.0503085 -0.0610597 0.321337 0.061058 -0.0610597 0.305293 0.057283 -0.0610597 0.305293 0.061058 -0.0953205 0.0611727 0.101764 -0.0610597 0.101764 0.0611727 -0.0610597 0.345999 0.0691555 -0.0610597 0.41584 0.101764 -0.0610597 0.386705 0.086419 -0.0610597 0.0505677 0.14247 -0.0610597 0.061058 0.102046 -0.0610597 0.462538 0.14247 -0.0610597 0.427411 0.111365 -0.0610597 0.046565 0.183176 -0.0610597 0.490309 0.183176 -0.0610597 0.468117 0.151082 -0.0610597 0.0467036 0.223882 -0.0610597 0.5047 0.223882 -0.0610597 0.0503085 0.264587 -0.0610597 0.510087 0.264587 -0.0610597 0.508823 0.256332 -0.0610597 0.508823 0.284261 -0.0610597 0.508823 0.264587 -0.0664266 0.057283 0.305293 -0.0610597 0.061058 0.321337 -0.0610597 0.061058 0.305293 -0.0953205 0.507577 0.305293 -0.0610597 0.0691555 0.345999 -0.0610597 0.497598 0.345999 -0.0610597 0.086419 0.386705 -0.0610597 0.101764 0.41584 -0.0610597 0.478608 0.386705 -0.0610597 0.468117 0.402361 -0.0610597 0.468117 0.386705 -0.0992988 0.111365 0.427411 -0.0610597 0.14247 0.462538 -0.0610597 0.448932 0.427411 -0.0610597 0.427411 0.448932 -0.0610597 0.151082 0.468117 -0.0610597 0.183176 0.490309 -0.0610597 0.223882 0.5047 -0.0610597 0.305293 0.507577 -0.0610597 0.345999 0.497598 -0.0610597 0.402361 0.468117 -0.0610597 0.386705 0.478608 -0.0610597 0.386705 0.468117 -0.0992988 0.256332 0.508823 -0.0610597 0.284261 0.508823 -0.0610597 0.264587 0.510087 -0.0610597 0.264587 0.508823 -0.0664266 -0.319271 -0.508825 -0.0203538 -0.305295 -0.512328 -0.0203538 -0.305295 -0.508825 -0.0494749 -0.264589 -0.51491 -0.0203538 -0.223725 -0.508825 -0.0203538 -0.223883 -0.508888 -0.0203538 -0.223883 -0.508825 -0.0208846 -0.410298 -0.468119 -0.0203538 -0.386707 -0.483964 -0.0203538 -0.346001 -0.502296 -0.0203538 -0.143949 -0.468119 -0.0203538 -0.183177 -0.494898 -0.0203538 -0.454994 -0.427413 -0.0203538 -0.427413 -0.454994 -0.0203538 -0.106841 -0.427413 -0.0203538 -0.142471 -0.467177 -0.0203538 -0.483964 -0.386707 -0.0203538 -0.468119 -0.410298 -0.0203538 -0.0832817 -0.386707 -0.0203538 -0.101766 -0.421395 -0.0203538 -0.502296 -0.346001 -0.0203538 -0.066318 -0.346001 -0.0203538 -0.512328 -0.305295 -0.0203538 -0.508825 -0.319271 -0.0203538 -0.508825 -0.305295 -0.0494749 -0.0551147 -0.305295 -0.0203538 -0.0610597 -0.330246 -0.0203538 -0.51491 -0.264589 -0.0203538 -0.048313 -0.264589 -0.0203538 -0.508888 -0.223883 -0.0203538 -0.508825 -0.223725 -0.0203538 -0.508825 -0.223883 -0.0208846 -0.0448046 -0.223883 -0.0203538 -0.494898 -0.183177 -0.0203538 -0.468119 -0.143949 -0.0203538 -0.0446194 -0.183177 -0.0203538 -0.467177 -0.142471 -0.0203538 -0.427413 -0.106841 -0.0203538 -0.0481845 -0.142471 -0.0203538 -0.421395 -0.101766 -0.0203538 -0.386707 -0.0832817 -0.0203538 -0.346001 -0.066318 -0.0203538 -0.0571964 -0.101766 -0.0203538 -0.0610597 -0.0928589 -0.0203538 -0.0610597 -0.101766 -0.0601909 -0.330246 -0.0610597 -0.0203538 -0.305295 -0.0551147 -0.0203538 -0.264589 -0.048313 -0.0203538 -0.223883 -0.0448046 -0.0203538 -0.183177 -0.0446194 -0.0203538 -0.142471 -0.0481845 -0.0203538 -0.0928589 -0.0610597 -0.0203538 -0.101766 -0.0571964 -0.0203538 -0.101766 -0.0610597 -0.0601909 0.0928571 0.061058 -0.0203538 0.101764 0.0571947 -0.0203538 0.101764 0.061058 -0.0601909 0.14247 0.0481828 -0.0203538 0.183176 0.0446177 -0.0203538 0.223882 0.0448029 -0.0203538 0.264587 0.0483112 -0.0203538 0.330244 0.061058 -0.0203538 0.305293 0.055113 -0.0203538 0.0571947 0.101764 -0.0203538 0.061058 0.0928571 -0.0203538 0.061058 0.101764 -0.0601909 0.345999 0.0663164 -0.0203538 0.421393 0.101764 -0.0203538 0.386705 0.08328 -0.0203538 0.0481828 0.14247 -0.0203538 0.467176 0.14247 -0.0203538 0.427411 0.106839 -0.0203538 0.0446177 0.183176 -0.0203538 0.494897 0.183176 -0.0203538 0.468117 0.143948 -0.0203538 0.0448029 0.223882 -0.0203538 0.508886 0.223882 -0.0203538 0.508823 0.223723 -0.0203538 0.508823 0.223882 -0.0208846 0.0483112 0.264587 -0.0203538 0.514909 0.264587 -0.0203538 0.055113 0.305293 -0.0203538 0.061058 0.330244 -0.0203538 0.512326 0.305293 -0.0203538 0.508823 0.31927 -0.0203538 0.508823 0.305293 -0.0494749 0.0663164 0.345999 -0.0203538 0.502294 0.345999 -0.0203538 0.08328 0.386705 -0.0203538 0.101764 0.421393 -0.0203538 0.483962 0.386705 -0.0203538 0.468117 0.410296 -0.0203538 0.106839 0.427411 -0.0203538 0.14247 0.467176 -0.0203538 0.454992 0.427411 -0.0203538 0.427411 0.454992 -0.0203538 0.143948 0.468117 -0.0203538 0.183176 0.494897 -0.0203538 0.345999 0.502294 -0.0203538 0.410296 0.468117 -0.0203538 0.386705 0.483962 -0.0203538 0.223723 0.508823 -0.0203538 0.223882 0.508886 -0.0203538 0.223882 0.508823 -0.0208846 0.264587 0.514909 -0.0203538 0.31927 0.508823 -0.0203538 0.305293 0.512326 -0.0203538 0.305293 0.508823 -0.0494749 -0.319271 -0.508825 0.0203521 -0.305295 -0.512328 0.0203521 -0.305295 -0.508825 0.0494732 -0.264589 -0.51491 0.0203521 -0.223725 -0.508825 0.0203521 -0.223883 -0.508888 0.0203521 -0.223883 -0.508825 0.0208829 -0.410298 -0.468119 0.0203521 -0.386707 -0.483964 0.0203521 -0.346001 -0.502296 0.0203521 -0.143949 -0.468119 0.0203521 -0.183177 -0.494898 0.0203521 -0.454994 -0.427413 0.0203521 -0.427413 -0.454994 0.0203521 -0.106841 -0.427413 0.0203521 -0.142471 -0.467177 0.0203521 -0.483964 -0.386707 0.0203521 -0.468119 -0.410298 0.0203521 -0.0832817 -0.386707 0.0203521 -0.101766 -0.421395 0.0203521 -0.502296 -0.346001 0.0203521 -0.066318 -0.346001 0.0203521 -0.512328 -0.305295 0.0203521 -0.508825 -0.319271 0.0203521 -0.508825 -0.305295 0.0494732 -0.0551147 -0.305295 0.0203521 -0.0610597 -0.330246 0.0203521 -0.51491 -0.264589 0.0203521 -0.048313 -0.264589 0.0203521 -0.508888 -0.223883 0.0203521 -0.508825 -0.223725 0.0203521 -0.508825 -0.223883 0.0208829 -0.0448046 -0.223883 0.0203521 -0.494898 -0.183177 0.0203521 -0.468119 -0.143949 0.0203521 -0.0446194 -0.183177 0.0203521 -0.467177 -0.142471 0.0203521 -0.427413 -0.106841 0.0203521 -0.0481845 -0.142471 0.0203521 -0.421395 -0.101766 0.0203521 -0.386707 -0.0832817 0.0203521 -0.346001 -0.066318 0.0203521 -0.0571964 -0.101766 0.0203521 -0.0610597 -0.0928589 0.0203521 -0.0610597 -0.101766 0.0601892 -0.330246 -0.0610597 0.0203521 -0.305295 -0.0551147 0.0203521 -0.264589 -0.048313 0.0203521 -0.223883 -0.0448046 0.0203521 -0.183177 -0.0446194 0.0203521 -0.142471 -0.0481845 0.0203521 -0.0928589 -0.0610597 0.0203521 -0.101766 -0.0571964 0.0203521 -0.101766 -0.0610597 0.0601892 0.0928571 0.061058 0.0203521 0.101764 0.0571947 0.0203521 0.101764 0.061058 0.0601892 0.14247 0.0481828 0.0203521 0.183176 0.0446177 0.0203521 0.223882 0.0448029 0.0203521 0.264587 0.0483112 0.0203521 0.330244 0.061058 0.0203521 0.305293 0.055113 0.0203521 0.0571947 0.101764 0.0203521 0.061058 0.0928571 0.0203521 0.061058 0.101764 0.0601892 0.345999 0.0663164 0.0203521 0.421393 0.101764 0.0203521 0.386705 0.08328 0.0203521 0.0481828 0.14247 0.0203521 0.467176 0.14247 0.0203521 0.427411 0.106839 0.0203521 0.0446177 0.183176 0.0203521 0.494897 0.183176 0.0203521 0.468117 0.143948 0.0203521 0.0448029 0.223882 0.0203521 0.508886 0.223882 0.0203521 0.508823 0.223723 0.0203521 0.508823 0.223882 0.0208829 0.0483112 0.264587 0.0203521 0.514909 0.264587 0.0203521 0.055113 0.305293 0.0203521 0.061058 0.330244 0.0203521 0.512326 0.305293 0.0203521 0.508823 0.31927 0.0203521 0.508823 0.305293 0.0494732 0.0663164 0.345999 0.0203521 0.502294 0.345999 0.0203521 0.08328 0.386705 0.0203521 0.101764 0.421393 0.0203521 0.483962 0.386705 0.0203521 0.468117 0.410296 0.0203521 0.106839 0.427411 0.0203521 0.14247 0.467176 0.0203521 0.454992 0.427411 0.0203521 0.427411 0.454992 0.0203521 0.143948 0.468117 0.0203521 0.183176 0.494897 0.0203521 0.345999 0.502294 0.0203521 0.410296 0.468117 0.0203521 0.386705 0.483962 0.0203521 0.223723 0.508823 0.0203521 0.223882 0.508886 0.0203521 0.223882 0.508823 0.0208829 0.264587 0.514909 0.0203521 0.31927 0.508823 0.0203521 0.305293 0.512326 0.0203521 0.305293 0.508823 0.0494732 -0.284263 -0.508825 0.061058 -0.256334 -0.508825 0.061058 -0.264589 -0.510089 0.061058 -0.264589 -0.508825 0.066425 -0.402362 -0.468119 0.061058 -0.386707 -0.47861 0.061058 -0.386707 -0.468119 0.0992971 -0.346001 -0.4976 0.061058 -0.305295 -0.507579 0.061058 -0.223883 -0.504701 0.061058 -0.151084 -0.468119 0.061058 -0.183177 -0.490311 0.061058 -0.448934 -0.427413 0.061058 -0.427413 -0.448934 0.061058 -0.111366 -0.427413 0.061058 -0.142471 -0.462539 0.061058 -0.47861 -0.386707 0.061058 -0.468119 -0.402362 0.061058 -0.468119 -0.386707 0.0992971 -0.0864208 -0.386707 0.061058 -0.101766 -0.415842 0.061058 -0.4976 -0.346001 0.061058 -0.0691572 -0.346001 0.061058 -0.507579 -0.305295 0.061058 -0.0572848 -0.305295 0.061058 -0.0610597 -0.321339 0.061058 -0.0610597 -0.305295 0.0953188 -0.510089 -0.264589 0.061058 -0.508825 -0.284263 0.061058 -0.508825 -0.256334 0.061058 -0.508825 -0.264589 0.066425 -0.0503101 -0.264589 0.061058 -0.504701 -0.223883 0.061058 -0.0467053 -0.223883 0.061058 -0.490311 -0.183177 0.061058 -0.468119 -0.151084 0.061058 -0.0465667 -0.183177 0.061058 -0.462539 -0.142471 0.061058 -0.427413 -0.111366 0.061058 -0.0505695 -0.142471 0.061058 -0.0610597 -0.102048 0.061058 -0.415842 -0.101766 0.061058 -0.386707 -0.0864208 0.061058 -0.346001 -0.0691572 0.061058 -0.0611745 -0.101766 0.061058 -0.101766 -0.0611745 0.061058 -0.321339 -0.0610597 0.061058 -0.305295 -0.0572848 0.061058 -0.305295 -0.0610597 0.0953188 -0.264589 -0.0503101 0.061058 -0.223883 -0.0467053 0.061058 -0.183177 -0.0465667 0.061058 -0.102048 -0.0610597 0.061058 -0.142471 -0.0505695 0.061058 0.102046 0.061058 0.061058 0.14247 0.0505677 0.061058 0.183176 0.046565 0.061058 0.223882 0.0467036 0.061058 0.264587 0.0503085 0.061058 0.321337 0.061058 0.061058 0.305293 0.057283 0.061058 0.305293 0.061058 0.0953188 0.0611727 0.101764 0.061058 0.101764 0.0611727 0.061058 0.345999 0.0691555 0.061058 0.41584 0.101764 0.061058 0.386705 0.086419 0.061058 0.0505677 0.14247 0.061058 0.061058 0.102046 0.061058 0.462538 0.14247 0.061058 0.427411 0.111365 0.061058 0.046565 0.183176 0.061058 0.490309 0.183176 0.061058 0.468117 0.151082 0.061058 0.0467036 0.223882 0.061058 0.5047 0.223882 0.061058 0.0503085 0.264587 0.061058 0.510087 0.264587 0.061058 0.508823 0.256332 0.061058 0.508823 0.284261 0.061058 0.508823 0.264587 0.066425 0.057283 0.305293 0.061058 0.061058 0.321337 0.061058 0.061058 0.305293 0.0953188 0.507577 0.305293 0.061058 0.0691555 0.345999 0.061058 0.497598 0.345999 0.061058 0.086419 0.386705 0.061058 0.101764 0.41584 0.061058 0.478608 0.386705 0.061058 0.468117 0.402361 0.061058 0.468117 0.386705 0.0992971 0.111365 0.427411 0.061058 0.14247 0.462538 0.061058 0.448932 0.427411 0.061058 0.427411 0.448932 0.061058 0.151082 0.468117 0.061058 0.183176 0.490309 0.061058 0.223882 0.5047 0.061058 0.305293 0.507577 0.061058 0.345999 0.497598 0.061058 0.402361 0.468117 0.061058 0.386705 0.478608 0.061058 0.386705 0.468117 0.0992971 0.256332 0.508823 0.061058 0.284261 0.508823 0.061058 0.264587 0.510087 0.061058 0.264587 0.508823 0.066425 -0.385463 -0.468119 0.101764 -0.346001 -0.487739 0.101764 -0.305295 -0.498564 0.101764 -0.264589 -0.501252 0.101764 -0.223883 -0.495879 0.101764 -0.165551 -0.468119 0.101764 -0.183177 -0.480619 0.101764 -0.183177 -0.468119 0.134447 -0.436206 -0.427413 0.101764 -0.427413 -0.436206 0.101764 -0.427413 -0.427413 0.119939 -0.386707 -0.467445 0.101764 -0.120637 -0.427413 0.101764 -0.142471 -0.452654 0.101764 -0.467445 -0.386707 0.101764 -0.0929089 -0.386707 0.101764 -0.101766 -0.403918 0.101764 -0.101766 -0.386707 0.137288 -0.487739 -0.346001 0.101764 -0.468119 -0.385463 0.101764 -0.075044 -0.346001 0.101764 -0.498564 -0.305295 0.101764 -0.0619722 -0.305295 0.101764 -0.501252 -0.264589 0.101764 -0.0545126 -0.264589 0.101764 -0.0610597 -0.30148 0.101764 -0.0610597 -0.264589 0.140909 -0.495879 -0.223883 0.101764 -0.0507249 -0.223883 0.101764 -0.480619 -0.183177 0.101764 -0.468119 -0.165551 0.101764 -0.468119 -0.183177 0.134447 -0.0506548 -0.183177 0.101764 -0.452654 -0.142471 0.101764 -0.427413 -0.120637 0.101764 -0.0553183 -0.142471 0.101764 -0.0610597 -0.122088 0.101764 -0.0610597 -0.142471 0.133762 -0.403918 -0.101766 0.101764 -0.386707 -0.0929089 0.101764 -0.386707 -0.101766 0.137288 -0.346001 -0.075044 0.101764 -0.305295 -0.0619722 0.101764 -0.0698161 -0.101766 0.101764 -0.101766 -0.0698161 0.101764 -0.30148 -0.0610597 0.101764 -0.264589 -0.0545126 0.101764 -0.264589 -0.0610597 0.140909 -0.223883 -0.0507249 0.101764 -0.183177 -0.0506548 0.101764 -0.122088 -0.0610597 0.101764 -0.142471 -0.0553183 0.101764 -0.142471 -0.0610597 0.133762 0.122086 0.061058 0.101764 0.14247 0.0553166 0.101764 0.14247 0.061058 0.133762 0.183176 0.0506531 0.101764 0.223882 0.0507231 0.101764 0.301479 0.061058 0.101764 0.264587 0.0545109 0.101764 0.264587 0.061058 0.140909 0.0698143 0.101764 0.101764 0.101764 0.0698143 0.101764 0.305293 0.0619705 0.101764 0.345999 0.0750423 0.101764 0.403916 0.101764 0.101764 0.386705 0.0929072 0.101764 0.386705 0.101764 0.137288 0.0553166 0.14247 0.101764 0.061058 0.122086 0.101764 0.061058 0.14247 0.133762 0.452652 0.14247 0.101764 0.427411 0.120636 0.101764 0.0506531 0.183176 0.101764 0.480617 0.183176 0.101764 0.468117 0.16555 0.101764 0.468117 0.183176 0.134447 0.0507231 0.223882 0.101764 0.495877 0.223882 0.101764 0.0545109 0.264587 0.101764 0.061058 0.301479 0.101764 0.061058 0.264587 0.140909 0.50125 0.264587 0.101764 0.0619705 0.305293 0.101764 0.498562 0.305293 0.101764 0.0750423 0.345999 0.101764 0.487737 0.345999 0.101764 0.468117 0.385461 0.101764 0.0929072 0.386705 0.101764 0.101764 0.403916 0.101764 0.101764 0.386705 0.137288 0.467443 0.386705 0.101764 0.120636 0.427411 0.101764 0.14247 0.452652 0.101764 0.386705 0.467443 0.101764 0.436204 0.427411 0.101764 0.427411 0.436204 0.101764 0.427411 0.427411 0.119939 0.16555 0.468117 0.101764 0.183176 0.480617 0.101764 0.183176 0.468117 0.134447 0.223882 0.495877 0.101764 0.264587 0.50125 0.101764 0.305293 0.498562 0.101764 0.385461 0.468117 0.101764 0.345999 0.487737 0.101764 -0.353375 -0.468119 0.14247 -0.346001 -0.47173 0.14247 -0.346001 -0.468119 0.14928 -0.305295 -0.483865 0.14247 -0.305295 -0.468119 0.17264 -0.264589 -0.487095 0.14247 -0.264589 -0.468119 0.179324 -0.191209 -0.468119 0.14247 -0.223883 -0.481415 0.14247 -0.223883 -0.468119 0.168582 -0.415199 -0.427413 0.14247 -0.386707 -0.450281 0.14247 -0.386707 -0.427413 0.179121 -0.183177 -0.465195 0.14247 -0.135115 -0.427413 0.14247 -0.142471 -0.436216 0.14247 -0.142471 -0.427413 0.158101 -0.450281 -0.386707 0.14247 -0.427413 -0.415199 0.14247 -0.427413 -0.386707 0.179121 -0.103611 -0.386707 0.14247 -0.47173 -0.346001 0.14247 -0.468119 -0.353375 0.14247 -0.468119 -0.346001 0.14928 -0.0844085 -0.346001 0.14247 -0.101766 -0.384086 0.14247 -0.483865 -0.305295 0.14247 -0.468119 -0.305295 0.17264 -0.0706654 -0.305295 0.14247 -0.487095 -0.264589 0.14247 -0.468119 -0.264589 0.179324 -0.0614112 -0.264589 0.14247 -0.481415 -0.223883 0.14247 -0.468119 -0.191209 0.14247 -0.468119 -0.223883 0.168582 -0.0573266 -0.223883 0.14247 -0.0610597 -0.261802 0.14247 -0.0610597 -0.223883 0.15929 -0.465195 -0.183177 0.14247 -0.0573697 -0.183177 0.14247 -0.0610597 -0.154873 0.14247 -0.0610597 -0.183177 0.158741 -0.436216 -0.142471 0.14247 -0.427413 -0.135115 0.14247 -0.427413 -0.142471 0.158101 -0.386707 -0.103611 0.14247 -0.0632113 -0.142471 0.14247 -0.384086 -0.101766 0.14247 -0.346001 -0.0844085 0.14247 -0.305295 -0.0706654 0.14247 -0.264589 -0.0614112 0.14247 -0.142471 -0.0632113 0.14247 -0.0817618 -0.101766 0.14247 -0.101766 -0.0817618 0.14247 -0.261802 -0.0610597 0.14247 -0.223883 -0.0573266 0.14247 -0.223883 -0.0610597 0.15929 -0.154873 -0.0610597 0.14247 -0.183177 -0.0573697 0.14247 -0.183177 -0.0610597 0.158741 0.154872 0.061058 0.14247 0.183176 0.057368 0.14247 0.183176 0.061058 0.158741 0.261801 0.061058 0.14247 0.223882 0.0573249 0.14247 0.223882 0.061058 0.15929 0.0817601 0.101764 0.14247 0.101764 0.0817601 0.14247 0.14247 0.0632097 0.14247 0.264587 0.0614095 0.14247 0.305293 0.0706638 0.14247 0.384084 0.101764 0.14247 0.345999 0.0844068 0.14247 0.0632097 0.14247 0.14247 0.386705 0.10361 0.14247 0.436215 0.14247 0.14247 0.427411 0.135113 0.14247 0.427411 0.14247 0.158101 0.057368 0.183176 0.14247 0.061058 0.154872 0.14247 0.061058 0.183176 0.158741 0.465193 0.183176 0.14247 0.0573249 0.223882 0.14247 0.061058 0.261801 0.14247 0.061058 0.223882 0.15929 0.481414 0.223882 0.14247 0.468117 0.191207 0.14247 0.468117 0.223882 0.168582 0.0614095 0.264587 0.14247 0.487094 0.264587 0.14247 0.468117 0.264587 0.179324 0.0706638 0.305293 0.14247 0.483863 0.305293 0.14247 0.468117 0.305293 0.17264 0.0844068 0.345999 0.14247 0.101764 0.384084 0.14247 0.471729 0.345999 0.14247 0.468117 0.353373 0.14247 0.468117 0.345999 0.14928 0.10361 0.386705 0.14247 0.450279 0.386705 0.14247 0.427411 0.415197 0.14247 0.427411 0.386705 0.179121 0.135113 0.427411 0.14247 0.14247 0.436215 0.14247 0.14247 0.427411 0.158101 0.183176 0.465193 0.14247 0.415197 0.427411 0.14247 0.386705 0.450279 0.14247 0.386705 0.427411 0.179121 0.191207 0.468117 0.14247 0.223882 0.481414 0.14247 0.223882 0.468117 0.168582 0.264587 0.487094 0.14247 0.264587 0.468117 0.179324 0.305293 0.483863 0.14247 0.305293 0.468117 0.17264 0.353373 0.468117 0.14247 0.345999 0.471729 0.14247 0.345999 0.468117 0.14928 -0.382632 -0.427413 0.183176 -0.346001 -0.449255 0.183176 -0.346001 -0.427413 0.211973 -0.305295 -0.462437 0.183176 -0.264589 -0.466099 0.183176 -0.223883 -0.460645 0.183176 -0.161399 -0.427413 0.183176 -0.183177 -0.444309 0.183176 -0.183177 -0.427413 0.207099 -0.424534 -0.386707 0.183176 -0.386707 -0.424534 0.183176 -0.386707 -0.386707 0.223654 -0.12264 -0.386707 0.183176 -0.142471 -0.412774 0.183176 -0.142471 -0.386707 0.215611 -0.449255 -0.346001 0.183176 -0.427413 -0.382632 0.183176 -0.427413 -0.346001 0.211973 -0.0979332 -0.346001 0.183176 -0.101766 -0.354867 0.183176 -0.101766 -0.346001 0.192596 -0.462437 -0.305295 0.183176 -0.0833198 -0.305295 0.183176 -0.466099 -0.264589 0.183176 -0.0735338 -0.264589 0.183176 -0.460645 -0.223883 0.183176 -0.0685139 -0.223883 0.183176 -0.444309 -0.183177 0.183176 -0.427413 -0.161399 0.183176 -0.427413 -0.183177 0.207099 -0.0689262 -0.183177 0.183176 -0.412774 -0.142471 0.183176 -0.386707 -0.12264 0.183176 -0.386707 -0.142471 0.215611 -0.0769228 -0.142471 0.183176 -0.354867 -0.101766 0.183176 -0.346001 -0.0979332 0.183176 -0.346001 -0.101766 0.192596 -0.305295 -0.0833198 0.183176 -0.264589 -0.0735338 0.183176 -0.223883 -0.0685139 0.183176 -0.183177 -0.0689262 0.183176 -0.142471 -0.0769228 0.183176 -0.0989523 -0.101766 0.183176 -0.101766 -0.0989523 0.183176 -0.101766 -0.101766 0.188581 0.0989506 0.101764 0.183176 0.101764 0.0989506 0.183176 0.101764 0.101764 0.188581 0.14247 0.0769211 0.183176 0.183176 0.0689245 0.183176 0.223882 0.0685123 0.183176 0.264587 0.0735321 0.183176 0.305293 0.0833181 0.183176 0.354865 0.101764 0.183176 0.345999 0.0979315 0.183176 0.345999 0.101764 0.192596 0.0769211 0.14247 0.183176 0.412772 0.14247 0.183176 0.386705 0.122639 0.183176 0.386705 0.14247 0.215611 0.0689245 0.183176 0.183176 0.444307 0.183176 0.183176 0.427411 0.161397 0.183176 0.427411 0.183176 0.207099 0.0685123 0.223882 0.183176 0.460643 0.223882 0.183176 0.0735321 0.264587 0.183176 0.466097 0.264587 0.183176 0.0833181 0.305293 0.183176 0.462436 0.305293 0.183176 0.0979315 0.345999 0.183176 0.101764 0.354865 0.183176 0.101764 0.345999 0.192596 0.449254 0.345999 0.183176 0.427411 0.38263 0.183176 0.427411 0.345999 0.211973 0.122639 0.386705 0.183176 0.14247 0.412772 0.183176 0.14247 0.386705 0.215611 0.424532 0.386705 0.183176 0.386705 0.424532 0.183176 0.386705 0.386705 0.223654 0.161397 0.427411 0.183176 0.183176 0.444307 0.183176 0.183176 0.427411 0.207099 0.223882 0.460643 0.183176 0.264587 0.466097 0.183176 0.305293 0.462436 0.183176 0.38263 0.427411 0.183176 0.345999 0.449254 0.183176 0.345999 0.427411 0.211973 -0.320693 -0.427413 0.223882 -0.305295 -0.433089 0.223882 -0.305295 -0.427413 0.230259 -0.264589 -0.438118 0.223882 -0.264589 -0.427413 0.236157 -0.213203 -0.427413 0.223882 -0.223883 -0.432277 0.223882 -0.223883 -0.427413 0.229555 -0.386427 -0.386707 0.223882 -0.346001 -0.416909 0.223882 -0.346001 -0.386707 0.251653 -0.15099 -0.386707 0.223882 -0.183177 -0.414389 0.223882 -0.183177 -0.386707 0.25214 -0.416909 -0.346001 0.223882 -0.386707 -0.386427 0.223882 -0.386707 -0.346001 0.251653 -0.121113 -0.346001 0.223882 -0.142471 -0.3789 0.223882 -0.142471 -0.346001 0.252392 -0.433089 -0.305295 0.223882 -0.427413 -0.320693 0.223882 -0.427413 -0.305295 0.230259 -0.100935 -0.305295 0.223882 -0.101766 -0.307719 0.223882 -0.101766 -0.305295 0.225572 -0.438118 -0.264589 0.223882 -0.427413 -0.264589 0.236157 -0.0905939 -0.264589 0.223882 -0.101766 -0.264589 0.245307 -0.432277 -0.223883 0.223882 -0.427413 -0.213203 0.223882 -0.427413 -0.223883 0.229555 -0.0855924 -0.223883 0.223882 -0.101766 -0.223883 0.253369 -0.414389 -0.183177 0.223882 -0.386707 -0.15099 0.223882 -0.386707 -0.183177 0.25214 -0.0868208 -0.183177 0.223882 -0.101766 -0.183177 0.250069 -0.3789 -0.142471 0.223882 -0.346001 -0.121113 0.223882 -0.346001 -0.142471 0.252392 -0.0970091 -0.142471 0.223882 -0.101766 -0.133954 0.223882 -0.101766 -0.142471 0.231983 -0.307719 -0.101766 0.223882 -0.305295 -0.100935 0.223882 -0.305295 -0.101766 0.225572 -0.264589 -0.0905939 0.223882 -0.264589 -0.101766 0.245307 -0.223883 -0.0855924 0.223882 -0.223883 -0.101766 0.253369 -0.183177 -0.0868208 0.223882 -0.183177 -0.101766 0.250069 -0.133954 -0.101766 0.223882 -0.142471 -0.0970091 0.223882 -0.142471 -0.101766 0.231983 0.133952 0.101764 0.223882 0.14247 0.0970074 0.223882 0.14247 0.101764 0.231983 0.183176 0.0868191 0.223882 0.183176 0.101764 0.250069 0.223882 0.0855907 0.223882 0.223882 0.101764 0.253369 0.264587 0.0905922 0.223882 0.264587 0.101764 0.245307 0.307717 0.101764 0.223882 0.305293 0.100934 0.223882 0.305293 0.101764 0.225572 0.0970074 0.14247 0.223882 0.101764 0.133952 0.223882 0.101764 0.14247 0.231983 0.378898 0.14247 0.223882 0.345999 0.121112 0.223882 0.345999 0.14247 0.252392 0.0868191 0.183176 0.223882 0.101764 0.183176 0.250069 0.414388 0.183176 0.223882 0.386705 0.150988 0.223882 0.386705 0.183176 0.25214 0.0855907 0.223882 0.223882 0.101764 0.223882 0.253369 0.432275 0.223882 0.223882 0.427411 0.213202 0.223882 0.427411 0.223882 0.229555 0.0905922 0.264587 0.223882 0.101764 0.264587 0.245307 0.438116 0.264587 0.223882 0.427411 0.264587 0.236157 0.100934 0.305293 0.223882 0.101764 0.307717 0.223882 0.101764 0.305293 0.225572 0.433087 0.305293 0.223882 0.427411 0.320691 0.223882 0.427411 0.305293 0.230259 0.121112 0.345999 0.223882 0.14247 0.378898 0.223882 0.14247 0.345999 0.252392 0.416907 0.345999 0.223882 0.386705 0.386425 0.223882 0.386705 0.345999 0.251653 0.150988 0.386705 0.223882 0.183176 0.414388 0.223882 0.183176 0.386705 0.25214 0.386425 0.386705 0.223882 0.345999 0.416907 0.223882 0.345999 0.386705 0.251653 0.213202 0.427411 0.223882 0.223882 0.432275 0.223882 0.223882 0.427411 0.229555 0.264587 0.438116 0.223882 0.264587 0.427411 0.236157 0.320691 0.427411 0.223882 0.305293 0.433087 0.223882 0.305293 0.427411 0.230259 -0.314245 -0.386707 0.264587 -0.305295 -0.390913 0.264587 -0.305295 -0.386707 0.267978 -0.264589 -0.398199 0.264587 -0.264589 -0.386707 0.27413 -0.212571 -0.386707 0.264587 -0.223883 -0.392445 0.264587 -0.223883 -0.386707 0.269471 -0.367786 -0.346001 0.264587 -0.346001 -0.367786 0.264587 -0.346001 -0.346001 0.277858 -0.305295 -0.346001 0.29361 -0.264589 -0.346001 0.29994 -0.223883 -0.346001 0.296953 -0.158531 -0.346001 0.264587 -0.183177 -0.371415 0.264587 -0.183177 -0.346001 0.282767 -0.390913 -0.305295 0.264587 -0.386707 -0.314245 0.264587 -0.386707 -0.305295 0.267978 -0.346001 -0.305295 0.29361 -0.183177 -0.305295 0.302364 -0.132075 -0.305295 0.264587 -0.142471 -0.326255 0.264587 -0.142471 -0.305295 0.276463 -0.398199 -0.264589 0.264587 -0.386707 -0.264589 0.27413 -0.346001 -0.264589 0.29994 -0.118154 -0.264589 0.264587 -0.142471 -0.264589 0.290473 -0.392445 -0.223883 0.264587 -0.386707 -0.212571 0.264587 -0.386707 -0.223883 0.269471 -0.346001 -0.223883 0.296953 -0.112084 -0.223883 0.264587 -0.142471 -0.223883 0.294954 -0.371415 -0.183177 0.264587 -0.346001 -0.158531 0.264587 -0.346001 -0.183177 0.282767 -0.305295 -0.183177 0.302364 -0.116007 -0.183177 0.264587 -0.142471 -0.183177 0.289654 -0.326255 -0.142471 0.264587 -0.305295 -0.132075 0.264587 -0.305295 -0.142471 0.276463 -0.264589 -0.118154 0.264587 -0.264589 -0.142471 0.290473 -0.223883 -0.112084 0.264587 -0.223883 -0.142471 0.294954 -0.183177 -0.116007 0.264587 -0.183177 -0.142471 0.289654 -0.135328 -0.142471 0.264587 -0.142471 -0.135328 0.264587 -0.142471 -0.142471 0.271072 0.135327 0.14247 0.264587 0.14247 0.135327 0.264587 0.14247 0.14247 0.271072 0.183176 0.116005 0.264587 0.183176 0.14247 0.289654 0.223882 0.112082 0.264587 0.223882 0.14247 0.294954 0.264587 0.118152 0.264587 0.264587 0.14247 0.290473 0.326253 0.14247 0.264587 0.305293 0.132073 0.264587 0.305293 0.14247 0.276463 0.116005 0.183176 0.264587 0.14247 0.183176 0.289654 0.305293 0.183176 0.302364 0.371414 0.183176 0.264587 0.345999 0.158529 0.264587 0.345999 0.183176 0.282767 0.112082 0.223882 0.264587 0.14247 0.223882 0.294954 0.345999 0.223882 0.296953 0.392443 0.223882 0.264587 0.386705 0.212569 0.264587 0.386705 0.223882 0.269471 0.118152 0.264587 0.264587 0.14247 0.264587 0.290473 0.345999 0.264587 0.29994 0.398198 0.264587 0.264587 0.386705 0.264587 0.27413 0.132073 0.305293 0.264587 0.14247 0.326253 0.264587 0.14247 0.305293 0.276463 0.183176 0.305293 0.302364 0.345999 0.305293 0.29361 0.390911 0.305293 0.264587 0.386705 0.314243 0.264587 0.386705 0.305293 0.267978 0.158529 0.345999 0.264587 0.183176 0.371414 0.264587 0.183176 0.345999 0.282767 0.223882 0.345999 0.296953 0.264587 0.345999 0.29994 0.305293 0.345999 0.29361 0.367784 0.345999 0.264587 0.345999 0.367784 0.264587 0.345999 0.345999 0.277858 0.212569 0.386705 0.264587 0.223882 0.392443 0.264587 0.223882 0.386705 0.269471 0.264587 0.398198 0.264587 0.264587 0.386705 0.27413 0.314243 0.386705 0.264587 0.305293 0.390911 0.264587 0.305293 0.386705 0.267978 -0.31589 -0.305295 0.305293 -0.305295 -0.31589 0.305293 -0.305295 -0.305295 0.309306 -0.264589 -0.333232 0.305293 -0.264589 -0.305295 0.316715 -0.193484 -0.305295 0.305293 -0.223883 -0.327314 0.305293 -0.223883 -0.305295 0.314869 -0.333232 -0.264589 0.305293 -0.305295 -0.264589 0.316715 -0.264589 -0.264589 0.324924 -0.223883 -0.264589 0.324401 -0.168882 -0.264589 0.305293 -0.183177 -0.294614 0.305293 -0.183177 -0.264589 0.313753 -0.327314 -0.223883 0.305293 -0.305295 -0.193484 0.305293 -0.305295 -0.223883 0.314869 -0.264589 -0.223883 0.324401 -0.223883 -0.223883 0.325235 -0.162946 -0.223883 0.305293 -0.183177 -0.223883 0.316285 -0.294614 -0.183177 0.305293 -0.264589 -0.168882 0.305293 -0.264589 -0.183177 0.313753 -0.223883 -0.162946 0.305293 -0.223883 -0.183177 0.316285 -0.176475 -0.183177 0.305293 -0.183177 -0.176475 0.305293 -0.183177 -0.183177 0.308665 0.176474 0.183176 0.305293 0.183176 0.176474 0.305293 0.183176 0.183176 0.308665 0.223882 0.162944 0.305293 0.223882 0.183176 0.316285 0.294612 0.183176 0.305293 0.264587 0.16888 0.305293 0.264587 0.183176 0.313753 0.162944 0.223882 0.305293 0.183176 0.223882 0.316285 0.223882 0.223882 0.325235 0.264587 0.223882 0.324401 0.327312 0.223882 0.305293 0.305293 0.193482 0.305293 0.305293 0.223882 0.314869 0.16888 0.264587 0.305293 0.183176 0.294612 0.305293 0.183176 0.264587 0.313753 0.223882 0.264587 0.324401 0.264587 0.264587 0.324924 0.33323 0.264587 0.305293 0.305293 0.264587 0.316715 0.193482 0.305293 0.305293 0.223882 0.327312 0.305293 0.223882 0.305293 0.314869 0.264587 0.33323 0.305293 0.264587 0.305293 0.316715 0.315889 0.305293 0.305293 0.305293 0.315889 0.305293 0.305293 0.305293 0.309306"/>
     <Normal vector="-0.296106 -0.247351 -0.922572 -0.247351 -0.296106 -0.922572 -0.253027 -0.253027 -0.933785 -0.0399474 -0.393459 -0.918474 -0.0570938 -0.27901 -0.958589 0.336934 -0.313777 -0.887704 0.172706 -0.386555 -0.905951 0.160116 -0.301683 -0.939867 -0.393459 -0.0399474 -0.918474 -0.27901 -0.0570938 -0.958589 -0.0852046 -0.0852046 -0.992714 0.131879 -0.114979 -0.984575 0.457551 -0.152111 -0.876076 0.386944 -0.268594 -0.882118 0.368374 -0.143502 -0.918536 -0.386555 0.172706 -0.905951 -0.313777 0.336934 -0.887704 -0.301683 0.160116 -0.939867 -0.114979 0.131879 -0.984575 0.0978193 0.0978193 -0.990385 0.463922 0.036077 -0.885141 0.335325 0.0576061 -0.94034 -0.268594 0.386944 -0.882118 -0.152111 0.457551 -0.876076 -0.143502 0.368374 -0.918536 0.036077 0.463922 -0.885141 0.0576061 0.335325 -0.94034 0.332896 0.280756 -0.900198 0.280756 0.332896 -0.900198 0.289567 0.289567 -0.912306 -0.332896 -0.280756 -0.900198 -0.280756 -0.332896 -0.900198 -0.289567 -0.289567 -0.912306 -0.036077 -0.463921 -0.885141 -0.0576061 -0.335325 -0.94034 0.268594 -0.386944 -0.882118 0.152111 -0.457551 -0.876076 0.143502 -0.368374 -0.918536 -0.463921 -0.036077 -0.885141 -0.335325 -0.0576061 -0.94034 -0.0978193 -0.0978193 -0.990385 0.114979 -0.131879 -0.984575 0.386555 -0.172706 -0.905951 0.313777 -0.336934 -0.887704 0.301683 -0.160116 -0.939867 -0.457551 0.152111 -0.876076 -0.386944 0.268594 -0.882118 -0.368374 0.143502 -0.918536 -0.131879 0.114979 -0.984575 0.0852046 0.0852046 -0.992714 0.393459 0.0399474 -0.918474 0.27901 0.0570938 -0.958589 -0.336934 0.313777 -0.887704 -0.172706 0.386555 -0.905951 -0.160116 0.301683 -0.939867 0.0399474 0.393459 -0.918474 0.0570938 0.27901 -0.958589 0.296106 0.247351 -0.922572 0.247351 0.296106 -0.922572 0.253027 0.253027 -0.933785 -0.241737 -0.585629 -0.773693 -0.203148 -0.602163 -0.772095 -0.205031 -0.58901 -0.781684 -0.00515177 -0.642232 -0.766493 -0.0100431 -0.60687 -0.794737 0.266799 -0.613189 -0.743517 0.204102 -0.629688 -0.749557 0.20211 -0.61343 -0.76345 -0.48947 -0.396018 -0.776909 -0.396018 -0.48947 -0.776909 -0.407788 -0.407788 -0.816956 -0.229368 -0.431272 -0.872579 -0.0318197 -0.451421 -0.891744 0.183182 -0.467207 -0.864964 0.55272 -0.461121 -0.694167 0.419682 -0.549787 -0.72222 0.411164 -0.470931 -0.780492 -0.602163 -0.203148 -0.772095 -0.585629 -0.241737 -0.773693 -0.58901 -0.205031 -0.781684 -0.431272 -0.229368 -0.872579 0.392679 -0.316795 -0.863391 0.683697 -0.314901 -0.658328 0.631775 -0.382782 -0.674046 0.625971 -0.319366 -0.711453 -0.642232 -0.00515177 -0.766493 -0.60687 -0.0100431 -0.794737 -0.451421 -0.0318197 -0.891744 0.746847 -0.172871 -0.642133 0.610529 -0.167317 -0.774119 -0.629688 0.204102 -0.749557 -0.613189 0.266799 -0.743517 -0.61343 0.20211 -0.76345 -0.467207 0.183182 -0.864964 0.763478 -0.0192727 -0.645547 0.585912 0.0125657 -0.810277 -0.549787 0.419682 -0.72222 -0.461121 0.55272 -0.694167 -0.470931 0.411164 -0.780492 -0.316795 0.392679 -0.863391 0.71498 0.177633 -0.676202 0.546946 0.227576 -0.805642 -0.382782 0.631775 -0.674046 -0.314901 0.683697 -0.658328 -0.319366 0.625971 -0.711453 -0.172871 0.746847 -0.642133 -0.167317 0.610529 -0.774119 -0.0192727 0.763478 -0.645547 0.0125657 0.585912 -0.810277 0.177633 0.71498 -0.676202 0.227576 0.546946 -0.805642 0.529442 0.465226 -0.709406 0.465226 0.529442 -0.709406 0.480649 0.480649 -0.733452 -0.529442 -0.465226 -0.709406 -0.465226 -0.529442 -0.709406 -0.480649 -0.480649 -0.733452 -0.177633 -0.71498 -0.676202 -0.227576 -0.546946 -0.805642 0.0192727 -0.763478 -0.645547 -0.0125657 -0.585912 -0.810277 0.172871 -0.746847 -0.642133 0.167317 -0.610529 -0.774119 0.382782 -0.631775 -0.674046 0.314901 -0.683697 -0.658328 0.319366 -0.625971 -0.711453 -0.71498 -0.177633 -0.676202 -0.546946 -0.227576 -0.805642 0.316795 -0.392679 -0.863391 0.549787 -0.419682 -0.72222 0.461121 -0.55272 -0.694167 0.470931 -0.411164 -0.780492 -0.763478 0.0192727 -0.645547 -0.585912 -0.0125657 -0.810277 0.467207 -0.183182 -0.864964 0.629688 -0.204102 -0.749557 0.613189 -0.266799 -0.743517 0.61343 -0.20211 -0.76345 -0.746847 0.172871 -0.642133 -0.610529 0.167317 -0.774119 0.451421 0.0318197 -0.891744 0.642232 0.00515177 -0.766493 0.60687 0.0100431 -0.794737 -0.683697 0.314901 -0.658328 -0.631775 0.382782 -0.674046 -0.625971 0.319366 -0.711453 -0.392679 0.316795 -0.863391 0.431272 0.229368 -0.872579 0.602163 0.203148 -0.772095 0.585629 0.241737 -0.773693 0.58901 0.205031 -0.781684 -0.55272 0.461121 -0.694167 -0.419682 0.549787 -0.72222 -0.411164 0.470931 -0.780492 -0.183182 0.467207 -0.864964 0.0318197 0.451421 -0.891744 0.229368 0.431272 -0.872579 0.48947 0.396018 -0.776909 0.396018 0.48947 -0.776909 0.407788 0.407788 -0.816956 -0.266799 0.613189 -0.743517 -0.204102 0.629688 -0.749557 -0.20211 0.61343 -0.76345 0.00515177 0.642232 -0.766493 0.0100431 0.60687 -0.794737 0.241737 0.585629 -0.773693 0.203148 0.602163 -0.772095 0.205031 0.58901 -0.781684 -0.247095 -0.728009 -0.63949 -0.181284 -0.749032 -0.637249 -0.183521 -0.733176 -0.654808 0.0129938 -0.775632 -0.631051 0.0093018 -0.74631 -0.665534 0.277183 -0.742545 -0.609751 0.218816 -0.757449 -0.615135 0.217581 -0.74528 -0.630251 -0.54268 -0.544113 -0.639874 -0.367627 -0.673458 -0.641331 -0.383926 -0.569043 -0.72718 0.600677 -0.577114 -0.553286 0.431429 -0.682727 -0.589706 0.424772 -0.605173 -0.673301 -0.673458 -0.367627 -0.641331 -0.544113 -0.54268 -0.639874 -0.569043 -0.383926 -0.72718 0.746618 -0.427647 -0.509588 0.641569 -0.541953 -0.54284 0.6364 -0.451424 -0.625469 -0.749032 -0.181284 -0.637249 -0.728009 -0.247095 -0.63949 -0.733176 -0.183521 -0.654808 0.831966 -0.292103 -0.471707 0.828663 -0.298507 -0.473509 0.828426 -0.293106 -0.477284 -0.775632 0.0129938 -0.631051 -0.74631 0.0093018 -0.665534 0.873568 -0.169582 -0.456202 0.825177 -0.173479 -0.537575 -0.757449 0.218816 -0.615135 -0.742545 0.277183 -0.609751 -0.74528 0.217581 -0.630251 0.889468 -0.0410582 -0.45515 0.81534 -0.0292253 -0.578244 -0.682727 0.431429 -0.589706 -0.577114 0.600677 -0.553286 -0.605173 0.424772 -0.673301 0.871923 0.118605 -0.47506 0.795338 0.149024 -0.587563 -0.541953 0.641569 -0.54284 -0.427647 0.746618 -0.509588 -0.451424 0.6364 -0.625469 0.77869 0.359092 -0.514486 0.734408 0.43013 -0.525008 0.74972 0.37471 -0.545446 -0.298507 0.828663 -0.473509 -0.292103 0.831966 -0.471707 -0.293106 0.828426 -0.477284 -0.169582 0.873568 -0.456202 -0.173479 0.825177 -0.537575 -0.0410582 0.889468 -0.45515 -0.0292253 0.81534 -0.578244 0.118605 0.871923 -0.47506 0.149024 0.795338 -0.587563 0.43013 0.734408 -0.525008 0.359092 0.77869 -0.514486 0.37471 0.74972 -0.545446 -0.43013 -0.734408 -0.525008 -0.359092 -0.77869 -0.514486 -0.37471 -0.74972 -0.545446 -0.118605 -0.871923 -0.47506 -0.149024 -0.795338 -0.587563 0.0410582 -0.889468 -0.45515 0.0292253 -0.81534 -0.578244 0.169582 -0.873568 -0.456202 0.173479 -0.825177 -0.537575 0.298507 -0.828663 -0.473509 0.292103 -0.831966 -0.471707 0.293106 -0.828426 -0.477284 -0.77869 -0.359092 -0.514486 -0.734408 -0.43013 -0.525008 -0.74972 -0.37471 -0.545446 0.541953 -0.641569 -0.54284 0.427647 -0.746618 -0.509588 0.451424 -0.6364 -0.625469 -0.871923 -0.118605 -0.47506 -0.795338 -0.149024 -0.587563 0.682727 -0.431429 -0.589706 0.577115 -0.600677 -0.553286 0.605173 -0.424772 -0.673301 -0.889468 0.0410582 -0.45515 -0.81534 0.0292253 -0.578244 0.757449 -0.218816 -0.615134 0.742545 -0.277183 -0.609751 0.74528 -0.217581 -0.630251 -0.873568 0.169582 -0.456202 -0.825177 0.173479 -0.537575 0.775632 -0.0129938 -0.631051 0.74631 -0.0093018 -0.665534 -0.831966 0.292103 -0.471707 -0.828663 0.298507 -0.473509 -0.828426 0.293106 -0.477284 0.749032 0.181284 -0.637249 0.728009 0.247095 -0.63949 0.733176 0.183521 -0.654808 -0.746618 0.427647 -0.509588 -0.641569 0.541953 -0.54284 -0.6364 0.451424 -0.625469 0.673458 0.367627 -0.641331 0.544113 0.54268 -0.639874 0.569043 0.383926 -0.72718 -0.600677 0.577115 -0.553286 -0.431429 0.682727 -0.589706 -0.424772 0.605173 -0.673301 0.54268 0.544113 -0.639874 0.367627 0.673458 -0.641331 0.383926 0.569043 -0.72718 -0.277183 0.742545 -0.609751 -0.218816 0.757449 -0.615134 -0.217581 0.74528 -0.630251 -0.0129938 0.775632 -0.631051 -0.0093018 0.74631 -0.665534 0.247095 0.728009 -0.63949 0.181284 0.749032 -0.637249 0.183521 0.733176 -0.654808 -0.503061 -0.694184 -0.514818 -0.350558 -0.78189 -0.515516 -0.360433 -0.714771 -0.599325 -0.16712 -0.842826 -0.51158 0.0254216 -0.86314 -0.504324 0.227333 -0.839872 -0.492885 0.552994 -0.700773 -0.450683 0.437403 -0.766361 -0.470498 0.434808 -0.725373 -0.533644 -0.679548 -0.522733 -0.514748 -0.522733 -0.679548 -0.514748 -0.543901 -0.543901 -0.639017 0.741901 -0.535128 -0.404007 0.645282 -0.63047 -0.431415 0.642599 -0.567273 -0.515041 -0.78189 -0.350558 -0.515516 -0.694184 -0.503061 -0.514818 -0.714771 -0.360433 -0.599325 0.845992 -0.390418 -0.363142 0.830725 -0.415442 -0.370545 0.830547 -0.398032 -0.389566 -0.842826 -0.16712 -0.51158 0.902271 -0.269463 -0.336596 -0.86314 0.0254216 -0.504324 0.934832 -0.158647 -0.317681 -0.839872 0.227333 -0.492885 0.949275 -0.048144 -0.310739 -0.766361 0.437403 -0.470498 -0.700773 0.552994 -0.450683 -0.725373 0.434808 -0.533644 0.943329 0.0844212 -0.320942 -0.63047 0.645282 -0.431415 -0.535128 0.741901 -0.404007 -0.567273 0.642599 -0.515041 0.889575 0.288246 -0.35436 -0.415442 0.830725 -0.370545 -0.390418 0.845992 -0.363142 -0.398032 0.830547 -0.389566 -0.269463 0.902271 -0.336596 -0.158647 0.934832 -0.317681 -0.048144 0.949275 -0.310739 0.0844212 0.943329 -0.320942 0.288246 0.889575 -0.35436 0.666633 0.636739 -0.38751 0.636739 0.666633 -0.38751 0.647354 0.647354 -0.402326 -0.666633 -0.636739 -0.38751 -0.636739 -0.666633 -0.38751 -0.647354 -0.647354 -0.402326 -0.288246 -0.889575 -0.35436 -0.0844212 -0.943329 -0.320942 0.048144 -0.949275 -0.310739 0.158647 -0.934832 -0.317681 0.269463 -0.902271 -0.336596 0.415442 -0.830725 -0.370545 0.390418 -0.845992 -0.363142 0.398032 -0.830547 -0.389566 -0.889575 -0.288246 -0.35436 0.63047 -0.645282 -0.431415 0.535128 -0.741901 -0.404007 0.567273 -0.642599 -0.515041 -0.943329 -0.0844212 -0.320942 0.766361 -0.437403 -0.470498 0.700773 -0.552994 -0.450683 0.725373 -0.434808 -0.533644 -0.949275 0.048144 -0.310739 0.839872 -0.227333 -0.492885 -0.934832 0.158647 -0.317681 0.86314 -0.0254215 -0.504324 -0.902271 0.269463 -0.336596 0.842826 0.16712 -0.51158 -0.845992 0.390418 -0.363142 -0.830725 0.415442 -0.370545 -0.830547 0.398032 -0.389566 0.78189 0.350558 -0.515516 0.694184 0.503061 -0.514818 0.714771 0.360433 -0.599325 -0.741901 0.535128 -0.404007 -0.645282 0.63047 -0.431415 -0.642599 0.567273 -0.515041 0.679548 0.522733 -0.514748 0.522733 0.679548 -0.514748 0.543901 0.543901 -0.639017 -0.552994 0.700773 -0.450683 -0.437403 0.766361 -0.470498 -0.434808 0.725373 -0.533644 -0.227333 0.839872 -0.492885 -0.0254215 0.86314 -0.504324 0.16712 0.842826 -0.51158 0.503061 0.694184 -0.514818 0.350558 0.78189 -0.515516 0.360433 0.714771 -0.599325 -0.3644 -0.843606 -0.394387 -0.336272 -0.855416 -0.393935 -0.337674 -0.846328 -0.411953 -0.158336 -0.905875 -0.392837 -0.163488 -0.863445 -0.477215 0.0316655 -0.921188 -0.387827 0.0265406 -0.870436 -0.491566 0.402277 -0.840841 -0.362159 0.23264 -0.896385 -0.377324 0.230288 -0.864479 -0.446814 -0.620437 -0.676988 -0.39591 -0.51034 -0.763324 -0.396094 -0.520578 -0.691195 -0.501247 0.440876 -0.823156 -0.35783 0.68275 -0.656872 -0.319957 0.646266 -0.689144 -0.327752 0.646125 -0.671495 -0.362789 -0.763324 -0.51034 -0.396094 -0.676988 -0.620437 -0.39591 -0.691195 -0.520578 -0.501247 0.822462 -0.494083 -0.281848 -0.855416 -0.336272 -0.393935 -0.843606 -0.3644 -0.394387 -0.846328 -0.337674 -0.411953 0.896976 -0.361874 -0.253931 0.82982 -0.482929 -0.279604 -0.905875 -0.158336 -0.392837 -0.863445 -0.163488 -0.477215 0.941294 -0.246951 -0.230178 -0.921188 0.0316655 -0.387827 -0.870436 0.0265406 -0.491566 0.966135 -0.145684 -0.212978 -0.896385 0.23264 -0.377324 -0.840841 0.402277 -0.362159 -0.864479 0.230288 -0.446814 0.977173 -0.048387 -0.206862 0.967341 -0.138196 -0.212495 0.969017 -0.0487202 -0.24214 -0.823156 0.440876 -0.35783 0.97526 0.0653611 -0.211175 0.957885 0.177082 -0.226049 0.966431 0.0712867 -0.246839 -0.689144 0.646266 -0.327752 -0.656872 0.68275 -0.319957 -0.671495 0.646125 -0.362789 -0.494083 0.822462 -0.281848 0.943609 0.235004 -0.233187 -0.482929 0.82982 -0.279604 -0.361874 0.896976 -0.253931 -0.246951 0.941294 -0.230178 -0.145684 0.966135 -0.212978 0.235004 0.943609 -0.233187 0.781949 0.55881 -0.276201 0.55881 0.781949 -0.276201 -0.138196 0.967341 -0.212495 -0.048387 0.977173 -0.206862 -0.0487202 0.969017 -0.24214 0.177082 0.957885 -0.226049 0.0653611 0.97526 -0.211175 0.0712867 0.966431 -0.246839 -0.177082 -0.957885 -0.226049 -0.0653611 -0.97526 -0.211175 -0.0712867 -0.966431 -0.246839 0.138196 -0.967341 -0.212495 0.048387 -0.977173 -0.206862 0.0487202 -0.969017 -0.24214 -0.781949 -0.55881 -0.276201 -0.55881 -0.781949 -0.276201 -0.235004 -0.943609 -0.233187 0.145684 -0.966135 -0.212978 0.246951 -0.941294 -0.230178 0.482928 -0.82982 -0.279604 0.361874 -0.896976 -0.253931 -0.943609 -0.235004 -0.233187 0.494083 -0.822462 -0.281848 0.689144 -0.646266 -0.327752 0.656872 -0.68275 -0.319957 0.671495 -0.646125 -0.362789 -0.97526 -0.0653611 -0.211175 -0.957885 -0.177082 -0.226049 -0.966431 -0.0712867 -0.246839 0.823156 -0.440876 -0.35783 -0.977173 0.048387 -0.206862 -0.967341 0.138196 -0.212495 -0.969017 0.0487202 -0.24214 0.896385 -0.23264 -0.377324 0.840841 -0.402277 -0.362159 0.864479 -0.230288 -0.446814 -0.966135 0.145684 -0.212978 0.921188 -0.0316655 -0.387827 0.870436 -0.0265406 -0.491566 -0.941294 0.246951 -0.230178 0.905875 0.158336 -0.392837 0.863445 0.163488 -0.477215 -0.896976 0.361874 -0.253931 -0.82982 0.482928 -0.279604 0.855416 0.336272 -0.393935 0.843606 0.3644 -0.394387 0.846328 0.337674 -0.411953 -0.822462 0.494083 -0.281848 0.763324 0.51034 -0.396094 0.676988 0.620437 -0.39591 0.691195 0.520578 -0.501247 -0.68275 0.656872 -0.319957 -0.646266 0.689144 -0.327752 -0.646125 0.671495 -0.362789 -0.440876 0.823156 -0.35783 0.620437 0.676988 -0.39591 0.51034 0.763324 -0.396094 0.520578 0.691195 -0.501247 -0.402277 0.840841 -0.362159 -0.23264 0.896385 -0.377324 -0.230288 0.864479 -0.446814 -0.0316655 0.921188 -0.387827 -0.0265406 0.870436 -0.491566 0.158336 0.905875 -0.392837 0.163488 0.863445 -0.477215 0.3644 0.843606 -0.394387 0.336272 0.855416 -0.393935 0.337674 0.846328 -0.411953 -0.491243 -0.825143 -0.27896 -0.330267 -0.901566 -0.279469 -0.151441 -0.948724 -0.277467 0.0373553 -0.961167 -0.273429 0.236118 -0.934483 -0.266439 0.535293 -0.808616 -0.244137 0.442713 -0.860233 -0.25299 0.44166 -0.832331 -0.334906 -0.693748 -0.663657 -0.279774 -0.663657 -0.693748 -0.279774 -0.667803 -0.667803 -0.328754 -0.497071 -0.821653 -0.278939 0.751021 -0.624728 -0.213736 0.647027 -0.726582 -0.231158 -0.821653 -0.497071 -0.278939 0.864177 -0.467174 -0.186939 0.829788 -0.52223 -0.196794 0.829694 -0.48998 -0.267446 -0.901566 -0.330267 -0.279469 -0.825143 -0.491243 -0.27896 0.926344 -0.338221 -0.165813 -0.948724 -0.151441 -0.277467 0.962217 -0.228596 -0.14793 -0.961167 0.0373553 -0.273429 0.981155 -0.135934 -0.137318 0.964867 -0.217941 -0.146742 0.966994 -0.145254 -0.209343 -0.934483 0.236118 -0.266439 0.990187 -0.0464858 -0.131795 -0.860233 0.442713 -0.25299 -0.808616 0.535293 -0.244137 -0.832331 0.44166 -0.334906 0.9895 0.0542454 -0.13397 -0.726582 0.647027 -0.231158 -0.624728 0.751021 -0.213736 0.968261 0.198733 -0.151576 0.932068 0.317608 -0.174284 0.950928 0.225396 -0.211972 -0.52223 0.829788 -0.196794 -0.467174 0.864177 -0.186939 -0.48998 0.829694 -0.267446 -0.338221 0.926344 -0.165813 -0.228596 0.962217 -0.14793 0.853409 0.482884 -0.196258 0.482884 0.853409 -0.196258 -0.217941 0.964867 -0.146742 -0.135934 0.981155 -0.137318 -0.145254 0.966994 -0.209343 -0.0464858 0.990187 -0.131795 0.0542454 0.9895 -0.13397 0.317608 0.932068 -0.174284 0.198733 0.968261 -0.151576 0.225396 0.950928 -0.211972 -0.317608 -0.932068 -0.174284 -0.198733 -0.968261 -0.151576 -0.225396 -0.950928 -0.211972 -0.0542454 -0.9895 -0.13397 0.0464858 -0.990187 -0.131795 0.217941 -0.964867 -0.146742 0.135934 -0.981155 -0.137318 0.145254 -0.966994 -0.209343 -0.853409 -0.482884 -0.196258 -0.482884 -0.853409 -0.196258 0.228596 -0.962217 -0.14793 0.338221 -0.926344 -0.165813 0.52223 -0.829788 -0.196794 0.467174 -0.864177 -0.186939 0.48998 -0.829694 -0.267446 -0.968261 -0.198733 -0.151576 -0.932068 -0.317608 -0.174284 -0.950928 -0.225396 -0.211972 0.726583 -0.647027 -0.231158 0.624728 -0.751021 -0.213736 -0.9895 -0.0542454 -0.13397 0.860233 -0.442713 -0.25299 0.808616 -0.535293 -0.244137 0.832331 -0.44166 -0.334906 -0.990187 0.0464858 -0.131795 0.934483 -0.236118 -0.266439 -0.981155 0.135934 -0.137318 -0.964867 0.217941 -0.146742 -0.966994 0.145254 -0.209343 0.961167 -0.0373553 -0.273429 -0.962217 0.228596 -0.14793 0.948724 0.151441 -0.277467 -0.926344 0.338221 -0.165813 0.901566 0.330267 -0.279469 0.825143 0.491243 -0.27896 -0.864177 0.467174 -0.186939 -0.829788 0.52223 -0.196794 -0.829694 0.48998 -0.267446 0.821653 0.497071 -0.278939 -0.751021 0.624728 -0.213736 -0.647027 0.726583 -0.231158 0.497071 0.821653 -0.278939 0.693748 0.663657 -0.279774 0.663657 0.693748 -0.279774 0.667803 0.667803 -0.328754 -0.535293 0.808616 -0.244137 -0.442713 0.860233 -0.25299 -0.44166 0.832331 -0.334906 -0.236118 0.934483 -0.266439 -0.0373553 0.961167 -0.273429 0.151441 0.948724 -0.277467 0.491243 0.825143 -0.27896 0.330267 0.901566 -0.279469 -0.0458803 -0.985388 -0.16403 0.083328 -0.983296 -0.161817 0.0415364 -0.985866 -0.162306 0.0413446 -0.983507 -0.176083 -0.549839 -0.818437 -0.166845 -0.493117 -0.853833 -0.166751 -0.496621 -0.824332 -0.271743 -0.324698 -0.931058 -0.166443 -0.14557 -0.97554 -0.164712 0.238745 -0.958122 -0.158125 0.606878 -0.782353 -0.140079 0.443776 -0.883373 -0.150716 -0.734787 -0.657407 -0.167047 -0.657407 -0.734787 -0.167047 0.790339 -0.60043 -0.121853 0.646788 -0.750261 -0.137018 -0.853833 -0.493117 -0.166751 -0.818437 -0.549839 -0.166845 -0.824332 -0.496621 -0.271743 0.887356 -0.448624 -0.106468 0.829014 -0.546916 -0.116698 -0.931058 -0.324698 -0.166443 0.94218 -0.321848 -0.0933329 -0.97554 -0.14557 -0.164712 0.972483 -0.217605 -0.0832195 0.963948 -0.251573 -0.0866843 0.96441 -0.226608 -0.136243 -0.985866 0.0415364 -0.162306 -0.985388 -0.0458803 -0.16403 -0.983296 0.083328 -0.161817 -0.983507 0.0413446 -0.176083 0.988703 -0.128809 -0.0766494 -0.958122 0.238745 -0.158125 0.996327 -0.0448145 -0.072963 -0.883373 0.443776 -0.150716 -0.782353 0.606878 -0.140079 0.996194 0.0454615 -0.0743673 -0.750261 0.646788 -0.137018 -0.60043 0.790339 -0.121853 0.981896 0.167723 -0.0880296 0.906031 0.40245 -0.130926 -0.546916 0.829014 -0.116698 -0.448624 0.887356 -0.106468 -0.321848 0.94218 -0.0933329 0.904942 0.404798 -0.131221 0.404798 0.904942 -0.131221 -0.251573 0.963948 -0.0866843 -0.217605 0.972483 -0.0832195 -0.226608 0.96441 -0.136243 -0.128809 0.988703 -0.0766494 -0.0448145 0.996327 -0.072963 0.0454615 0.996194 -0.0743673 0.40245 0.906031 -0.130926 0.167723 0.981896 -0.0880296 -0.40245 -0.906031 -0.130926 -0.167723 -0.981896 -0.0880296 -0.0454615 -0.996194 -0.0743673 0.0448145 -0.996327 -0.072963 0.128809 -0.988703 -0.0766494 0.251573 -0.963948 -0.0866843 0.217605 -0.972483 -0.0832195 0.226608 -0.96441 -0.136243 -0.904942 -0.404798 -0.131221 -0.404798 -0.904942 -0.131221 0.321848 -0.94218 -0.0933329 0.546916 -0.829014 -0.116698 0.448624 -0.887356 -0.106468 -0.981896 -0.167723 -0.0880296 -0.906031 -0.40245 -0.130926 0.750261 -0.646788 -0.137018 0.60043 -0.790339 -0.121853 -0.996194 -0.0454615 -0.0743673 0.883373 -0.443776 -0.150716 0.782353 -0.606878 -0.140079 -0.996327 0.0448145 -0.072963 0.958122 -0.238745 -0.158125 -0.988703 0.128809 -0.0766494 0.985866 -0.0415365 -0.162306 0.983296 -0.0833278 -0.161817 0.985388 0.0458803 -0.16403 0.983507 -0.0413446 -0.176083 -0.972483 0.217605 -0.0832195 -0.963948 0.251573 -0.0866843 -0.96441 0.226608 -0.136243 0.97554 0.14557 -0.164712 -0.94218 0.321848 -0.0933329 0.931058 0.324698 -0.166443 -0.887356 0.448624 -0.106468 -0.829014 0.546916 -0.116698 0.853833 0.493117 -0.166751 0.818437 0.549839 -0.166845 0.824332 0.496621 -0.271743 -0.790339 0.60043 -0.121853 -0.646788 0.750261 -0.137018 0.734787 0.657407 -0.167047 0.657407 0.734787 -0.167047 -0.606878 0.782353 -0.140079 -0.443776 0.883373 -0.150716 -0.238745 0.958122 -0.158125 0.14557 0.97554 -0.164712 0.324698 0.931058 -0.166443 0.549839 0.818437 -0.166845 0.493117 0.853833 -0.166751 0.496621 0.824332 -0.271743 -0.0833278 0.983296 -0.161817 0.0458803 0.985388 -0.16403 -0.0415365 0.985866 -0.162306 -0.0413446 0.983507 -0.176083 -0.201037 -0.97804 -0.0549829 -0.143958 -0.988068 -0.0547521 -0.144833 -0.980505 -0.13279 0.0423587 -0.997641 -0.0540154 0.240987 -0.969115 -0.0523607 0.240149 -0.969323 -0.0523676 0.240159 -0.969247 -0.0536996 -0.578146 -0.814046 -0.0554628 -0.490839 -0.869483 -0.0554589 -0.321411 -0.945328 -0.0552249 0.639743 -0.76724 -0.0455184 0.444261 -0.8945 -0.050013 -0.754982 -0.653394 -0.0554862 -0.653394 -0.754982 -0.0554862 0.808132 -0.587674 -0.0395255 0.646426 -0.761629 -0.0453405 -0.869483 -0.490839 -0.0554589 -0.814046 -0.578146 -0.0554628 0.897801 -0.439046 -0.0345315 0.828216 -0.559077 -0.0386226 -0.945328 -0.321411 -0.0552249 0.949092 -0.313559 -0.0300999 -0.988068 -0.143958 -0.0547521 -0.97804 -0.201037 -0.0549829 -0.980505 -0.144833 -0.13279 0.976877 -0.212109 -0.0268541 0.963277 -0.266973 -0.0286701 -0.997641 0.0423587 -0.0540154 0.991838 -0.125106 -0.0246123 -0.969323 0.240149 -0.0523676 -0.969115 0.240987 -0.0523607 -0.969247 0.240159 -0.0536996 0.998755 -0.0440797 -0.0233397 -0.8945 0.444261 -0.050013 -0.76724 0.639743 -0.0455184 0.998925 0.0397214 -0.023899 -0.761629 0.646426 -0.0453405 -0.587674 0.808132 -0.0395255 0.988852 0.14599 -0.0293063 -0.559077 0.828216 -0.0386226 -0.439046 0.897801 -0.0345315 -0.313559 0.949092 -0.0300999 0.935193 0.350859 -0.0480964 0.892888 0.4468 -0.0558643 0.905815 0.403442 -0.129359 -0.266973 0.963277 -0.0286701 -0.212109 0.976877 -0.0268541 -0.125106 0.991838 -0.0246123 -0.0440797 0.998755 -0.0233397 0.0397214 0.998925 -0.023899 0.14599 0.988852 -0.0293063 0.4468 0.892888 -0.0558643 0.350859 0.935193 -0.0480964 0.403442 0.905815 -0.129359 -0.4468 -0.892888 -0.0558643 -0.350859 -0.935193 -0.0480964 -0.403442 -0.905815 -0.129359 -0.14599 -0.988852 -0.0293063 -0.0397214 -0.998925 -0.023899 0.0440797 -0.998755 -0.0233397 0.125106 -0.991838 -0.0246123 0.266973 -0.963277 -0.0286701 0.212109 -0.976877 -0.0268541 -0.935193 -0.350859 -0.0480964 -0.892888 -0.4468 -0.0558643 -0.905815 -0.403442 -0.129359 0.313559 -0.949092 -0.0300999 0.559077 -0.828216 -0.0386226 0.439046 -0.897801 -0.0345315 -0.988852 -0.14599 -0.0293063 0.761629 -0.646426 -0.0453405 0.587674 -0.808132 -0.0395255 -0.998925 -0.0397214 -0.023899 0.8945 -0.444261 -0.050013 0.76724 -0.639743 -0.0455184 -0.998755 0.0440797 -0.0233397 0.969323 -0.240149 -0.0523676 0.969115 -0.240987 -0.0523607 0.969247 -0.240159 -0.0536996 -0.991838 0.125106 -0.0246123 0.997641 -0.0423587 -0.0540154 -0.976877 0.212109 -0.0268541 -0.963277 0.266973 -0.0286701 0.988068 0.143958 -0.0547521 0.978039 0.201037 -0.0549829 0.980505 0.144833 -0.13279 -0.949092 0.313559 -0.0300999 0.945328 0.321411 -0.0552249 -0.897801 0.439046 -0.0345315 -0.828216 0.559077 -0.0386226 0.869483 0.490839 -0.0554589 0.814047 0.578145 -0.0554628 -0.808132 0.587674 -0.0395255 -0.646426 0.761629 -0.0453405 0.754982 0.653394 -0.0554862 0.653394 0.754982 -0.0554862 -0.639743 0.76724 -0.0455184 -0.444261 0.8945 -0.050013 0.321411 0.945328 -0.0552249 0.578145 0.814047 -0.0554628 0.490839 0.869483 -0.0554589 -0.240987 0.969115 -0.0523607 -0.240149 0.969323 -0.0523676 -0.240159 0.969247 -0.0536996 -0.0423587 0.997641 -0.0540154 0.201037 0.978039 -0.0549829 0.143958 0.988068 -0.0547521 0.144833 0.980505 -0.13279 -0.201037 -0.97804 0.0549829 -0.143958 -0.988068 0.0547521 -0.144833 -0.980505 0.13279 0.0423587 -0.997641 0.0540154 0.240987 -0.969115 0.0523607 0.240149 -0.969323 0.0523676 0.240159 -0.969247 0.0536996 -0.578146 -0.814046 0.0554628 -0.490839 -0.869483 0.0554589 -0.321411 -0.945328 0.0552249 0.639743 -0.76724 0.0455184 0.444261 -0.8945 0.050013 -0.754982 -0.653394 0.0554862 -0.653394 -0.754982 0.0554862 0.808132 -0.587674 0.0395255 0.646426 -0.761629 0.0453405 -0.869483 -0.490839 0.0554589 -0.814046 -0.578146 0.0554628 0.897801 -0.439046 0.0345315 0.828216 -0.559077 0.0386226 -0.945328 -0.321411 0.0552249 0.949092 -0.313559 0.0300999 -0.988068 -0.143958 0.0547521 -0.97804 -0.201037 0.0549829 -0.980505 -0.144833 0.13279 0.976877 -0.212109 0.0268541 0.963277 -0.266973 0.0286701 -0.997641 0.0423587 0.0540154 0.991838 -0.125106 0.0246123 -0.969323 0.240149 0.0523676 -0.969115 0.240987 0.0523607 -0.969247 0.240159 0.0536996 0.998755 -0.0440797 0.0233397 -0.8945 0.444261 0.050013 -0.76724 0.639743 0.0455184 0.998925 0.0397214 0.023899 -0.761629 0.646426 0.0453405 -0.587674 0.808132 0.0395255 0.988852 0.14599 0.0293063 -0.559077 0.828216 0.0386226 -0.439046 0.897801 0.0345315 -0.313559 0.949092 0.0300999 0.935193 0.350859 0.0480964 0.892888 0.4468 0.0558643 0.905815 0.403442 0.129359 -0.266973 0.963277 0.0286701 -0.212109 0.976877 0.0268541 -0.125106 0.991838 0.0246123 -0.0440797 0.998755 0.0233397 0.0397214 0.998925 0.023899 0.14599 0.988852 0.0293063 0.4468 0.892888 0.0558643 0.350859 0.935193 0.0480964 0.403442 0.905815 0.129359 -0.4468 -0.892888 0.0558643 -0.350859 -0.935193 0.0480964 -0.403442 -0.905815 0.129359 -0.14599 -0.988852 0.0293063 -0.0397214 -0.998925 0.023899 0.0440797 -0.998755 0.0233397 0.125106 -0.991838 0.0246123 0.266973 -0.963277 0.0286701 0.212109 -0.976877 0.0268541 -0.935193 -0.350859 0.0480964 -0.892888 -0.4468 0.0558643 -0.905815 -0.403442 0.129359 0.313559 -0.949092 0.0300999 0.559077 -0.828216 0.0386226 0.439046 -0.897801 0.0345315 -0.988852 -0.14599 0.0293063 0.761629 -0.646426 0.0453405 0.587674 -0.808132 0.0395255 -0.998925 -0.0397214 0.023899 0.8945 -0.444261 0.050013 0.76724 -0.639743 0.0455184 -0.998755 0.0440797 0.0233397 0.969323 -0.240149 0.0523676 0.969115 -0.240987 0.0523607 0.969247 -0.240159 0.0536996 -0.991838 0.125106 0.0246123 0.997641 -0.0423587 0.0540154 -0.976877 0.212109 0.0268541 -0.963277 0.266973 0.0286701 0.988068 0.143958 0.0547521 0.978039 0.201037 0.0549829 0.980505 0.144833 0.13279 -0.949092 0.313559 0.0300999 0.945328 0.321411 0.0552249 -0.897801 0.439046 0.0345315 -0.828216 0.559077 0.0386226 0.869483 0.490839 0.0554589 0.814047 0.578145 0.0554628 -0.808132 0.587674 0.0395255 -0.646426 0.761629 0.0453405 0.754982 0.653394 0.0554862 0.653394 0.754982 0.0554862 -0.639743 0.76724 0.0455184 -0.444261 0.8945 0.050013 0.321411 0.945328 0.0552249 0.578145 0.814047 0.0554628 0.490839 0.869483 0.0554589 -0.240987 0.969115 0.0523607 -0.240149 0.969323 0.0523676 -0.240159 0.969247 0.0536996 -0.0423587 0.997641 0.0540154 0.201037 0.978039 0.0549829 0.143958 0.988068 0.0547521 0.144833 0.980505 0.13279 -0.0458803 -0.985388 0.16403 0.083328 -0.983296 0.161817 0.0415364 -0.985866 0.162306 0.0413446 -0.983507 0.176083 -0.549839 -0.818437 0.166845 -0.493117 -0.853833 0.166751 -0.496621 -0.824332 0.271743 -0.324698 -0.931058 0.166443 -0.14557 -0.97554 0.164712 0.238745 -0.958122 0.158125 0.606878 -0.782353 0.140079 0.443776 -0.883373 0.150716 -0.734787 -0.657407 0.167047 -0.657407 -0.734787 0.167047 0.790339 -0.60043 0.121853 0.646788 -0.750261 0.137018 -0.853833 -0.493117 0.166751 -0.818437 -0.549839 0.166845 -0.824332 -0.496621 0.271743 0.887356 -0.448624 0.106468 0.829014 -0.546916 0.116698 -0.931058 -0.324698 0.166443 0.94218 -0.321848 0.0933329 -0.97554 -0.14557 0.164712 0.972483 -0.217605 0.0832195 0.963948 -0.251573 0.0866843 0.96441 -0.226608 0.136243 -0.985866 0.0415364 0.162306 -0.985388 -0.0458803 0.16403 -0.983296 0.083328 0.161817 -0.983507 0.0413446 0.176083 0.988703 -0.128809 0.0766494 -0.958122 0.238745 0.158125 0.996327 -0.0448145 0.072963 -0.883373 0.443776 0.150716 -0.782353 0.606878 0.140079 0.996194 0.0454615 0.0743673 -0.750261 0.646788 0.137018 -0.60043 0.790339 0.121853 0.981896 0.167723 0.0880296 0.906031 0.40245 0.130926 -0.546916 0.829014 0.116698 -0.448624 0.887356 0.106468 -0.321848 0.94218 0.0933329 0.904942 0.404798 0.131221 0.404798 0.904942 0.131221 -0.251573 0.963948 0.0866843 -0.217605 0.972483 0.0832195 -0.226608 0.96441 0.136243 -0.128809 0.988703 0.0766494 -0.0448145 0.996327 0.072963 0.0454615 0.996194 0.0743673 0.40245 0.906031 0.130926 0.167723 0.981896 0.0880296 -0.40245 -0.906031 0.130926 -0.167723 -0.981896 0.0880296 -0.0454615 -0.996194 0.0743673 0.0448145 -0.996327 0.072963 0.128809 -0.988703 0.0766494 0.251573 -0.963948 0.0866843 0.217605 -0.972483 0.0832195 0.226608 -0.96441 0.136243 -0.904942 -0.404798 0.131221 -0.404798 -0.904942 0.131221 0.321848 -0.94218 0.0933329 0.546916 -0.829014 0.116698 0.448624 -0.887356 0.106468 -0.981896 -0.167723 0.0880296 -0.906031 -0.40245 0.130926 0.750261 -0.646788 0.137018 0.60043 -0.790339 0.121853 -0.996194 -0.0454615 0.0743673 0.883373 -0.443776 0.150716 0.782353 -0.606878 0.140079 -0.996327 0.0448145 0.072963 0.958122 -0.238745 0.158125 -0.988703 0.128809 0.0766494 0.985866 -0.0415365 0.162306 0.983296 -0.0833278 0.161817 0.985388 0.0458803 0.16403 0.983507 -0.0413446 0.176083 -0.972483 0.217605 0.0832195 -0.963948 0.251573 0.0866843 -0.96441 0.226608 0.136243 0.97554 0.14557 0.164712 -0.94218 0.321848 0.0933329 0.931058 0.324698 0.166443 -0.887356 0.448624 0.106468 -0.829014 0.546916 0.116698 0.853833 0.493117 0.166751 0.818437 0.549839 0.166845 0.824332 0.496621 0.271743 -0.790339 0.60043 0.121853 -0.646788 0.750261 0.137018 0.734787 0.657407 0.167047 0.657407 0.734787 0.167047 -0.606878 0.782353 0.140079 -0.443776 0.883373 0.150716 -0.238745 0.958122 0.158125 0.14557 0.97554 0.164712 0.324698 0.931058 0.166443 0.549839 0.818437 0.166845 0.493117 0.853833 0.166751 0.496621 0.824332 0.271743 -0.0833278 0.983296 0.161817 0.0458803 0.985388 0.16403 -0.0415365 0.985866 0.162306 -0.0413446 0.983507 0.176083 -0.491243 -0.825143 0.27896 -0.330267 -0.901566 0.279469 -0.151441 -0.948724 0.277467 0.0373553 -0.961167 0.273429 0.236118 -0.934483 0.266439 0.535293 -0.808616 0.244137 0.442713 -0.860233 0.25299 0.44166 -0.832331 0.334906 -0.693748 -0.663657 0.279774 -0.663657 -0.693748 0.279774 -0.667803 -0.667803 0.328754 -0.497071 -0.821653 0.278939 0.751021 -0.624728 0.213736 0.647027 -0.726582 0.231158 -0.821653 -0.497071 0.278939 0.864177 -0.467174 0.186939 0.829788 -0.52223 0.196794 0.829694 -0.48998 0.267446 -0.901566 -0.330267 0.279469 -0.825143 -0.491243 0.27896 0.926344 -0.338221 0.165813 -0.948724 -0.151441 0.277467 0.962217 -0.228596 0.14793 -0.961167 0.0373553 0.273429 0.981155 -0.135934 0.137318 0.964867 -0.217941 0.146742 0.966994 -0.145254 0.209343 -0.934483 0.236118 0.266439 0.990187 -0.0464858 0.131795 -0.860233 0.442713 0.25299 -0.808616 0.535293 0.244137 -0.832331 0.44166 0.334906 0.9895 0.0542454 0.13397 -0.726582 0.647027 0.231158 -0.624728 0.751021 0.213736 0.968261 0.198733 0.151576 0.932068 0.317608 0.174284 0.950928 0.225396 0.211972 -0.52223 0.829788 0.196794 -0.467174 0.864177 0.186939 -0.48998 0.829694 0.267446 -0.338221 0.926344 0.165813 -0.228596 0.962217 0.14793 0.853409 0.482884 0.196258 0.482884 0.853409 0.196258 -0.217941 0.964867 0.146742 -0.135934 0.981155 0.137318 -0.145254 0.966994 0.209343 -0.0464858 0.990187 0.131795 0.0542454 0.9895 0.13397 0.317608 0.932068 0.174284 0.198733 0.968261 0.151576 0.225396 0.950928 0.211972 -0.317608 -0.932068 0.174284 -0.198733 -0.968261 0.151576 -0.225396 -0.950928 0.211972 -0.0542454 -0.9895 0.13397 0.0464858 -0.990187 0.131795 0.217941 -0.964867 0.146742 0.135934 -0.981155 0.137318 0.145254 -0.966994 0.209343 -0.853409 -0.482884 0.196258 -0.482884 -0.853409 0.196258 0.228596 -0.962217 0.14793 0.338221 -0.926344 0.165813 0.52223 -0.829788 0.196794 0.467174 -0.864177 0.186939 0.48998 -0.829694 0.267446 -0.968261 -0.198733 0.151576 -0.932068 -0.317608 0.174284 -0.950928 -0.225396 0.211972 0.726583 -0.647027 0.231158 0.624728 -0.751021 0.213736 -0.9895 -0.0542454 0.13397 0.860233 -0.442713 0.25299 0.808616 -0.535293 0.244137 0.832331 -0.44166 0.334906 -0.990187 0.0464858 0.131795 0.934483 -0.236118 0.266439 -0.981155 0.135934 0.137318 -0.964867 0.217941 0.146742 -0.966994 0.145254 0.209343 0.961167 -0.0373553 0.273429 -0.962217 0.228596 0.14793 0.948724 0.151441 0.277467 -0.926344 0.338221 0.165813 0.901566 0.330267 0.279469 0.825143 0.491243 0.27896 -0.864177 0.467174 0.186939 -0.829788 0.52223 0.196794 -0.829694 0.48998 0.267446 0.821653 0.497071 0.278939 -0.751021 0.624728 0.213736 -0.647027 0.726583 0.231158 0.497071 0.821653 0.278939 0.693748 0.663657 0.279774 0.663657 0.693748 0.279774 0.667803 0.667803 0.328754 -0.535293 0.808616 0.244137 -0.442713 0.860233 0.25299 -0.44166 0.832331 0.334906 -0.236118 0.934483 0.266439 -0.0373553 0.961167 0.273429 0.151441 0.948724 0.277467 0.491243 0.825143 0.27896 0.330267 0.901566 0.279469 -0.3644 -0.843606 0.394387 -0.336272 -0.855416 0.393935 -0.337674 -0.846328 0.411953 -0.158336 -0.905875 0.392837 -0.163488 -0.863445 0.477215 0.0316655 -0.921188 0.387827 0.0265406 -0.870436 0.491566 0.402277 -0.840841 0.362159 0.23264 -0.896385 0.377324 0.230288 -0.864479 0.446814 -0.620437 -0.676988 0.39591 -0.51034 -0.763324 0.396094 -0.520578 -0.691195 0.501247 0.440876 -0.823156 0.35783 0.68275 -0.656872 0.319957 0.646266 -0.689144 0.327752 0.646125 -0.671495 0.362789 -0.763324 -0.51034 0.396094 -0.676988 -0.620437 0.39591 -0.691195 -0.520578 0.501247 0.822462 -0.494083 0.281848 -0.855416 -0.336272 0.393935 -0.843606 -0.3644 0.394387 -0.846328 -0.337674 0.411953 0.896976 -0.361874 0.253931 0.82982 -0.482929 0.279604 -0.905875 -0.158336 0.392837 -0.863445 -0.163488 0.477215 0.941294 -0.246951 0.230178 -0.921188 0.0316655 0.387827 -0.870436 0.0265406 0.491566 0.966135 -0.145684 0.212978 -0.896385 0.23264 0.377324 -0.840841 0.402277 0.362159 -0.864479 0.230288 0.446814 0.977173 -0.048387 0.206862 0.967341 -0.138196 0.212495 0.969017 -0.0487202 0.24214 -0.823156 0.440876 0.35783 0.97526 0.0653611 0.211175 0.957885 0.177082 0.226049 0.966431 0.0712867 0.246838 -0.689144 0.646266 0.327752 -0.656872 0.68275 0.319957 -0.671495 0.646125 0.362789 -0.494083 0.822462 0.281848 0.943609 0.235004 0.233187 -0.482929 0.82982 0.279604 -0.361874 0.896976 0.253931 -0.246951 0.941294 0.230178 -0.145684 0.966135 0.212978 0.235004 0.943609 0.233187 0.781949 0.55881 0.276201 0.55881 0.781949 0.276201 -0.138196 0.967341 0.212495 -0.048387 0.977173 0.206862 -0.0487202 0.969017 0.24214 0.177082 0.957885 0.226049 0.0653611 0.97526 0.211175 0.0712867 0.966431 0.246838 -0.177082 -0.957885 0.226049 -0.0653611 -0.97526 0.211175 -0.0712867 -0.966431 0.246838 0.138196 -0.967341 0.212495 0.048387 -0.977173 0.206862 0.0487202 -0.969017 0.24214 -0.781949 -0.55881 0.276201 -0.55881 -0.781949 0.276201 -0.235004 -0.943609 0.233187 0.145684 -0.966135 0.212978 0.246951 -0.941294 0.230178 0.482928 -0.82982 0.279604 0.361874 -0.896976 0.253931 -0.943609 -0.235004 0.233187 0.494083 -0.822462 0.281848 0.689144 -0.646266 0.327752 0.656872 -0.68275 0.319957 0.671495 -0.646125 0.362789 -0.97526 -0.0653611 0.211175 -0.957885 -0.177082 0.226049 -0.966431 -0.0712867 0.246838 0.823156 -0.440876 0.35783 -0.977173 0.048387 0.206862 -0.967341 0.138196 0.212495 -0.969017 0.0487202 0.24214 0.896385 -0.23264 0.377324 0.840841 -0.402277 0.362159 0.864479 -0.230288 0.446814 -0.966135 0.145684 0.212978 0.921188 -0.0316655 0.387827 0.870436 -0.0265406 0.491566 -0.941294 0.246951 0.230178 0.905875 0.158336 0.392837 0.863445 0.163488 0.477215 -0.896976 0.361874 0.253931 -0.82982 0.482928 0.279604 0.855416 0.336272 0.393935 0.843606 0.3644 0.394387 0.846328 0.337674 0.411953 -0.822462 0.494083 0.281848 0.763324 0.51034 0.396094 0.676988 0.620437 0.39591 0.691195 0.520578 0.501247 -0.68275 0.656872 0.319957 -0.646266 0.689144 0.327752 -0.646125 0.671495 0.362789 -0.440876 0.823156 0.35783 0.620437 0.676988 0.39591 0.51034 0.763324 0.396094 0.520578 0.691195 0.501247 -0.402277 0.840841 0.362159 -0.23264 0.896385 0.377324 -0.230288 0.864479 0.446814 -0.0316655 0.921188 0.387827 -0.0265406 0.870436 0.491566 0.158336 0.905875 0.392837 0.163488 0.863445 0.477215 0.3644 0.843606 0.394387 0.336272 0.855416 0.393935 0.337674 0.846328 0.411953 -0.503061 -0.694184 0.514818 -0.350558 -0.78189 0.515516 -0.360433 -0.714771 0.599325 -0.16712 -0.842826 0.51158 0.0254216 -0.86314 0.504324 0.227333 -0.839872 0.492885 0.552994 -0.700773 0.450683 0.437403 -0.766361 0.470498 0.434808 -0.725373 0.533644 -0.679548 -0.522733 0.514748 -0.522733 -0.679548 0.514748 -0.543901 -0.543901 0.639017 0.741901 -0.535128 0.404007 0.645282 -0.63047 0.431415 0.642599 -0.567273 0.515041 -0.78189 -0.350558 0.515516 -0.694184 -0.503061 0.514818 -0.714771 -0.360433 0.599325 0.845992 -0.390418 0.363142 0.830725 -0.415442 0.370545 0.830547 -0.398032 0.389566 -0.842826 -0.16712 0.51158 0.902271 -0.269463 0.336596 -0.86314 0.0254216 0.504324 0.934832 -0.158647 0.317681 -0.839872 0.227333 0.492885 0.949275 -0.048144 0.310739 -0.766361 0.437403 0.470498 -0.700773 0.552994 0.450683 -0.725373 0.434808 0.533644 0.943329 0.0844212 0.320942 -0.63047 0.645282 0.431415 -0.535128 0.741901 0.404007 -0.567273 0.642599 0.515041 0.889575 0.288246 0.35436 -0.415442 0.830725 0.370545 -0.390418 0.845992 0.363142 -0.398032 0.830547 0.389566 -0.269463 0.902271 0.336596 -0.158647 0.934832 0.317681 -0.048144 0.949275 0.310739 0.0844212 0.943329 0.320942 0.288246 0.889575 0.35436 0.666633 0.636739 0.38751 0.636739 0.666633 0.38751 0.647354 0.647354 0.402326 -0.666633 -0.636739 0.38751 -0.636739 -0.666633 0.38751 -0.647354 -0.647354 0.402326 -0.288246 -0.889575 0.35436 -0.0844212 -0.943329 0.320942 0.048144 -0.949275 0.310739 0.158647 -0.934832 0.317681 0.269463 -0.902271 0.336596 0.415442 -0.830725 0.370545 0.390418 -0.845992 0.363142 0.398032 -0.830547 0.389566 -0.889575 -0.288246 0.35436 0.63047 -0.645282 0.431415 0.535128 -0.741901 0.404007 0.567273 -0.642599 0.515041 -0.943329 -0.0844212 0.320942 0.766361 -0.437403 0.470498 0.700773 -0.552994 0.450683 0.725373 -0.434808 0.533644 -0.949275 0.048144 0.310739 0.839872 -0.227333 0.492885 -0.934832 0.158647 0.317681 0.86314 -0.0254215 0.504324 -0.902271 0.269463 0.336596 0.842826 0.16712 0.51158 -0.845992 0.390418 0.363142 -0.830725 0.415442 0.370545 -0.830547 0.398032 0.389566 0.78189 0.350558 0.515516 0.694184 0.503061 0.514818 0.714771 0.360433 0.599325 -0.741901 0.535128 0.404007 -0.645282 0.63047 0.431415 -0.642599 0.567273 0.515041 0.679548 0.522733 0.514748 0.522733 0.679548 0.514748 0.543901 0.543901 0.639017 -0.552994 0.700773 0.450683 -0.437403 0.766361 0.470498 -0.434808 0.725373 0.533644 -0.227333 0.839872 0.492885 -0.0254215 0.86314 0.504324 0.16712 0.842826 0.51158 0.503061 0.694184 0.514818 0.350558 0.78189 0.515516 0.360433 0.714771 0.599325 -0.247095 -0.728009 0.63949 -0.181284 -0.749032 0.637249 -0.183521 -0.733176 0.654808 0.0129938 -0.775632 0.631051 0.00930182 -0.74631 0.665534 0.277183 -0.742545 0.609751 0.218816 -0.757449 0.615135 0.217581 -0.74528 0.630251 -0.54268 -0.544113 0.639874 -0.367627 -0.673458 0.641331 -0.383926 -0.569043 0.72718 0.600677 -0.577114 0.553286 0.431429 -0.682727 0.589706 0.424772 -0.605173 0.673301 -0.673458 -0.367627 0.641331 -0.544113 -0.54268 0.639874 -0.569043 -0.383926 0.72718 0.746618 -0.427647 0.509588 0.641569 -0.541953 0.54284 0.6364 -0.451424 0.625469 -0.749032 -0.181284 0.637249 -0.728009 -0.247095 0.63949 -0.733176 -0.183521 0.654808 0.831966 -0.292103 0.471707 0.828663 -0.298507 0.473509 0.828426 -0.293106 0.477284 -0.775632 0.0129938 0.631051 -0.74631 0.00930182 0.665534 0.873568 -0.169582 0.456202 0.825177 -0.173479 0.537575 -0.757449 0.218816 0.615135 -0.742545 0.277183 0.609751 -0.74528 0.217581 0.630251 0.889468 -0.0410582 0.45515 0.81534 -0.0292253 0.578244 -0.682727 0.431429 0.589706 -0.577114 0.600677 0.553286 -0.605173 0.424772 0.673301 0.871923 0.118605 0.47506 0.795338 0.149024 0.587563 -0.541953 0.641569 0.54284 -0.427647 0.746618 0.509588 -0.451424 0.6364 0.625469 0.77869 0.359092 0.514486 0.734408 0.43013 0.525008 0.74972 0.37471 0.545446 -0.298507 0.828663 0.473509 -0.292103 0.831966 0.471707 -0.293106 0.828426 0.477284 -0.169582 0.873568 0.456202 -0.173479 0.825177 0.537575 -0.0410582 0.889468 0.45515 -0.0292253 0.81534 0.578244 0.118605 0.871923 0.47506 0.149024 0.795338 0.587563 0.43013 0.734408 0.525008 0.359092 0.77869 0.514486 0.37471 0.74972 0.545446 -0.43013 -0.734408 0.525008 -0.359092 -0.77869 0.514486 -0.37471 -0.74972 0.545446 -0.118605 -0.871923 0.47506 -0.149024 -0.795338 0.587563 0.0410582 -0.889468 0.45515 0.0292253 -0.81534 0.578244 0.169582 -0.873568 0.456202 0.173479 -0.825177 0.537575 0.298507 -0.828663 0.473509 0.292103 -0.831966 0.471707 0.293106 -0.828426 0.477284 -0.77869 -0.359092 0.514486 -0.734408 -0.43013 0.525008 -0.74972 -0.37471 0.545446 0.541953 -0.641569 0.54284 0.427647 -0.746618 0.509588 0.451424 -0.6364 0.625469 -0.871923 -0.118605 0.47506 -0.795338 -0.149024 0.587563 0.682727 -0.431429 0.589706 0.577115 -0.600677 0.553286 0.605173 -0.424772 0.673301 -0.889468 0.0410582 0.45515 -0.81534 0.0292253 0.578244 0.757449 -0.218816 0.615134 0.742545 -0.277183 0.609751 0.74528 -0.217581 0.630251 -0.873568 0.169582 0.456202 -0.825177 0.173479 0.537575 0.775632 -0.0129938 0.631051 0.74631 -0.00930182 0.665534 -0.831966 0.292103 0.471707 -0.828663 0.298507 0.473509 -0.828426 0.293106 0.477284 0.749032 0.181284 0.637249 0.728009 0.247095 0.63949 0.733176 0.183521 0.654808 -0.746618 0.427647 0.509588 -0.641569 0.541953 0.54284 -0.6364 0.451424 0.625469 0.673458 0.367627 0.641331 0.544113 0.54268 0.639874 0.569043 0.383926 0.72718 -0.600677 0.577115 0.553286 -0.431429 0.682727 0.589706 -0.424772 0.605173 0.673301 0.54268 0.544113 0.639874 0.367627 0.673458 0.641331 0.383926 0.569043 0.72718 -0.277183 0.742545 0.609751 -0.218816 0.757449 0.615134 -0.217581 0.74528 0.630251 -0.0129938 0.775632 0.631051 -0.00930182 0.74631 0.665534 0.247095 0.728009 0.63949 0.181284 0.749032 0.637249 0.183521 0.733176 0.654808 -0.241737 -0.585629 0.773693 -0.203148 -0.602163 0.772095 -0.205031 -0.58901 0.781684 -0.00515177 -0.642232 0.766493 -0.0100431 -0.60687 0.794737 0.266799 -0.613189 0.743517 0.204102 -0.629688 0.749557 0.20211 -0.61343 0.76345 -0.48947 -0.396018 0.776909 -0.396018 -0.48947 0.776909 -0.407788 -0.407788 0.816956 -0.229368 -0.431272 0.872579 -0.0318197 -0.451421 0.891744 0.183182 -0.467206 0.864964 0.55272 -0.461121 0.694167 0.419682 -0.549787 0.72222 0.411164 -0.470931 0.780492 -0.602163 -0.203148 0.772095 -0.585629 -0.241737 0.773693 -0.58901 -0.205031 0.781684 -0.431272 -0.229368 0.872579 0.392679 -0.316795 0.863391 0.683697 -0.314901 0.658328 0.631775 -0.382782 0.674046 0.625971 -0.319366 0.711453 -0.642232 -0.00515177 0.766493 -0.60687 -0.0100431 0.794737 -0.451421 -0.0318197 0.891744 0.746847 -0.172871 0.642133 0.610529 -0.167317 0.774119 -0.629688 0.204102 0.749557 -0.613189 0.266799 0.743517 -0.61343 0.20211 0.76345 -0.467206 0.183182 0.864964 0.763478 -0.0192727 0.645547 0.585912 0.0125657 0.810277 -0.549787 0.419682 0.72222 -0.461121 0.55272 0.694167 -0.470931 0.411164 0.780492 -0.316795 0.392679 0.863391 0.71498 0.177633 0.676202 0.546946 0.227576 0.805642 -0.382782 0.631775 0.674046 -0.314901 0.683697 0.658328 -0.319366 0.625971 0.711453 -0.172871 0.746847 0.642133 -0.167317 0.610529 0.774119 -0.0192727 0.763478 0.645547 0.0125657 0.585912 0.810277 0.177633 0.71498 0.676202 0.227576 0.546946 0.805642 0.529442 0.465226 0.709406 0.465226 0.529442 0.709406 0.480649 0.480649 0.733452 -0.529442 -0.465226 0.709406 -0.465226 -0.529442 0.709406 -0.480649 -0.480649 0.733452 -0.177633 -0.71498 0.676202 -0.227576 -0.546946 0.805642 0.0192727 -0.763478 0.645547 -0.0125657 -0.585912 0.810277 0.172871 -0.746847 0.642133 0.167317 -0.610529 0.774119 0.382782 -0.631775 0.674046 0.314901 -0.683697 0.658328 0.319366 -0.625971 0.711453 -0.71498 -0.177633 0.676202 -0.546946 -0.227576 0.805642 0.316795 -0.392679 0.863391 0.549787 -0.419682 0.72222 0.461121 -0.55272 0.694167 0.470931 -0.411164 0.780492 -0.763478 0.0192727 0.645547 -0.585912 -0.0125657 0.810277 0.467206 -0.183182 0.864964 0.629688 -0.204102 0.749557 0.613189 -0.266799 0.743517 0.61343 -0.20211 0.76345 -0.746847 0.172871 0.642133 -0.610529 0.167317 0.774119 0.451421 0.0318197 0.891744 0.642232 0.00515177 0.766493 0.60687 0.0100431 0.794737 -0.683697 0.314901 0.658328 -0.631775 0.382782 0.674046 -0.625971 0.319366 0.711453 -0.392679 0.316795 0.863391 0.431272 0.229368 0.872579 0.602163 0.203148 0.772095 0.585629 0.241737 0.773693 0.58901 0.205031 0.781684 -0.55272 0.461121 0.694167 -0.419682 0.549787 0.72222 -0.411164 0.470931 0.780492 -0.183182 0.467206 0.864964 0.0318197 0.451421 0.891744 0.229368 0.431272 0.872579 0.48947 0.396018 0.776909 0.396018 0.48947 0.776909 0.407788 0.407788 0.816956 -0.266799 0.613189 0.743517 -0.204102 0.629688 0.749557 -0.20211 0.61343 0.76345 0.00515177 0.642232 0.766493 0.0100431 0.60687 0.794737 0.241737 0.585629 0.773693 0.203148 0.602163 0.772095 0.205031 0.58901 0.781684 -0.296106 -0.247351 0.922572 -0.247351 -0.296106 0.922572 -0.253027 -0.253027 0.933785 -0.0399474 -0.393459 0.918474 -0.0570938 -0.27901 0.958589 0.336934 -0.313777 0.887704 0.172706 -0.386555 0.905951 0.160116 -0.301683 0.939867 -0.393459 -0.0399474 0.918474 -0.27901 -0.0570938 0.958589 -0.0852046 -0.0852046 0.992714 0.131879 -0.114979 0.984575 0.457551 -0.152111 0.876076 0.386944 -0.268594 0.882118 0.368374 -0.143502 0.918536 -0.386555 0.172706 0.905951 -0.313777 0.336934 0.887704 -0.301683 0.160116 0.939867 -0.114979 0.131879 0.984575 0.0978193 0.0978193 0.990385 0.463922 0.036077 0.885141 0.335325 0.0576062 0.94034 -0.268594 0.386944 0.882118 -0.152111 0.457551 0.876076 -0.143502 0.368374 0.918536 0.036077 0.463922 0.885141 0.0576062 0.335325 0.94034 0.332896 0.280756 0.900198 0.280756 0.332896 0.900198 0.289567 0.289567 0.912306 -0.332896 -0.280756 0.900198 -0.280756 -0.332896 0.900198 -0.289567 -0.289567 0.912306 -0.036077 -0.463921 0.885141 -0.0576062 -0.335325 0.94034 0.268594 -0.386944 0.882118 0.152111 -0.457551 0.876076 0.143502 -0.368374 0.918536 -0.463921 -0.036077 0.885141 -0.335325 -0.0576062 0.94034 -0.0978193 -0.0978193 0.990385 0.114979 -0.131879 0.984575 0.386555 -0.172706 0.905951 0.313777 -0.336934 0.887704 0.301683 -0.160116 0.939867 -0.457551 0.152111 0.876076 -0.386944 0.268594 0.882118 -0.368374 0.143502 0.918536 -0.131879 0.114979 0.984575 0.0852046 0.0852046 0.992714 0.393459 0.0399474 0.918474 0.27901 0.0570938 0.958589 -0.336934 0.313777 0.887704 -0.172706 0.386555 0.905951 -0.160116 0.301683 0.939867 0.0399474 0.393459 0.918474 0.0570938 0.27901 0.958589 0.296106 0.247351 0.922572 0.247351 0.296106 0.922572 0.253027 0.253027 0.933785"/>
    </IndexedTriangleSet>
   </Shape>
  </Transform>
  </Group>
  <Group>
  <Transform rotation="0 0 1 0" translation="0 0 0">
   <Shape>
    <Appearance USE='ap0'/>
    <IndexedTriangleSet USE='its0'/>
   </Shape>
  </Transform>
  </Group>
  <Group>
  <Transform rotation="0 0 1 0" translation="0 0 0">
   <Shape>
    <Appearance USE='ap1'/>
    <IndexedTriangleSet USE='its1'/>
   </Shape>
  </Transform>
  </Group>
  <Group>
  <Transform rotation="0 0 1 0" translation="0 0 0">
   <Shape>
    <Appearance DEF='ap2'>
     <Material ambientIntensity='1' diffuseColor='0.835294 0.368627 0' specularColor='0.85 0.85 0.85' shininess='0.234375' transparency='0'/>
    </Appearance>
    <IndexedTriangleSet DEF='its2' index="0 1 6 1 7 6 1 2 7 2 8 7 2 3 8 3 9 8 3 4 9 4 10 9 4 5 10 5 11 10 5 0 11 0 6 11 6 7 13 6 13 12 7 8 14 7 14 13 8 9 15 8 15 14 9 10 16 9 16 15 10 11 17 10 17 16 11 6 12 11 12 17 12 13 18 13 19 18 13 14 19 14 20 19 14 15 20 15 21 20 15 16 21 16 22 21 16 17 22 17 23 22 17 12 23 12 18 23 18 19 25 18 25 24 19 20 26 19 26 25 20 21 27 20 27 26 21 22 28 21 28 27 22 23 29 22 29 28 23 18 24 23 24 29 24 25 30 25 31 30 25 26 31 26 32 31 26 27 32 27 33 32 27 28 33 28 34 33 28 29 34 29 35 34 29 24 35 24 30 35 30 31 37 30 37 36 31 32 38 31 38 37 32 33 39 32 39 38 33 34 40 33 40 39 34 35 41 34 41 40 35 30 36 35 36 41 36 37 42 37 43 42 37 38 43 38 44 43 38 39 44 39 45 44 39 40 45 40 46 45 40 41 46 41 47 46 41 36 47 36 42 47 42 43 49 42 49 48 43 44 50 43 50 49 44 45 51 44 51 50 45 46 52 45 52 51 46 47 53 46 53 52 47 42 48 47 48 53 48 49 54 49 55 54 49 50 55 50 56 55 50 51 56 51 57 56 51 52 57 52 58 57 52 53 58 53 59 58 53 48 59 48 54 59 54 55 61 54 61 60 55 56 62 55 62 61 56 57 63 56 63 62 57 58 64 57 64 63 58 59 65 58 65 64 59 54 60 59 60 65 60 61 66 61 67 66 61 62 67 62 68 67 62 63 68 63 69 68 63 64 69 64 70 69 64 65 70 65 71 70 65 60 71 60 66 71 66 67 73 66 73 72 67 68 74 67 74 73 68 69 75 68 75 74 69 70 76 69 76 75 70 71 77 70 77 76 71 66 72 71 72 77 72 73 78 73 79 78 73 74 79 74 80 79 74 75 80 75 81 80 75 76 81 76 82 81 76 77 82 77 83 82 77 72 83 72 78 83 78 79 85 78 85 84 79 80 86 79 86 85 80 81 87 80 87 86 81 82 88 81 88 87 82 83 89 82 89 88 83 78 84 83 84 89 84 85 90 85 91 90 85 86 91 86 92 91 86 87 92 87 93 92 87 88 93 88 94 93 88 89 94 89 95 94 89 84 95 84 90 95 90 91 97 90 97 96 91 92 98 91 98 97 92 93 99 92 99 98 93 94 100 93 100 99 94 95 101 94 101 100 95 90 96 95 96 101 96 97 102 97 103 102 97 98 103 98 104 103 98 99 104 99 105 104 99 100 105 100 106 105 100 101 106 101 107 106 101 96 107 96 102 107 102 103 109 102 109 108 103 104 110 103 110 109 104 105 111 104 111 110 105 106 112 105 112 111 106 107 113 106 113 112 107 102 108 107 108 113 108 109 114 109 115 114 109 110 115 110 116 115 110 111 116 111 117 116 111 112 117 112 118 117 112 113 118 113 119 118 113 108 119 108 114 119 114 115 121 114 121 120 115 116 122 115 122 121 116 117 123 116 123 122 117 118 124 117 124 123 118 119 125 118 125 124 119 114 120 119 120 125 120 121 126 121 127 126 121 122 127 122 128 127 122 123 128 123 129 128 123 124 129 124 130 129 124 125 130 125 131 130 125 120 131 120 126 131 126 127 133 126 133 132 127 128 134 127 134 133 128 129 135 128 135 134 129 130 136 129 136 135 130 131 137 130 137 136 131 126 132 131 132 137 132 133 138 133 139 138 133 134 139 134 140 139 134 135 140 135 141 140 135 136 141 136 142 141 136 137 142 137 143 142 137 132 143 132 138 143 138 139 145 138 145 144 139 140 146 139 146 145 140 141 147 140 147 146 141 142 148 141 148 147 142 143 149 142 149 148 143 138 144 143 144 149 144 145 150 145 151 150 145 146 151 146 152 151 146 147 152 147 153 152 147 148 153 148 154 153 148 149 154 149 155 154 149 144 155 144 150 155 150 151 157 150 157 156 151 152 158 151 158 157 152 153 159 152 159 158 153 154 160 153 160 159 154 155 161 154 161 160 155 150 156 155 156 161 156 157 162 157 163 162 157 158 163 158 164 163 158 159 164 159 165 164 159 160 165 160 166 165 160 161 166 161 167 166 161 156 167 156 162 167 162 163 169 162 169 168 163 164 170 163 170 169 164 165 171 164 171 170 165 166 172 165 172 171 166 167 173 166 173 172 167 162 168 167 168 173 168 169 174 169 175 174 169 170 175 170 176 175 170 171 176 171 177 176 171 172 177 172 178 177 172 173 178 173 179 178 173 168 179 168 174 179 174 175 181 174 181 180 175 176 182 175 182 181 176 177 183 176 183 182 177 178 184 177 184 183 178 179 185 178 185 184 179 174 180 179 180 185 180 181 186 181 187 186 181 182 187 182 188 187 182 183 188 183 189 188 183 184 189 184 190 189 184 185 190 185 191 190 185 180 191 180 186 191 186 187 193 186 193 192 187 188 194 187 194 193 188 189 195 188 195 194 189 190 196 189 196 195 190 191 197 190 197 196 191 186 192 191 192 197 192 193 198 193 199 198 193 194 199 194 200 199 194 195 200 195 201 200 195 196 201 196 202 201 196 197 202 197 203 202 197 192 203 192 198 203 198 199 205 198 205 204 199 200 206 199 206 205 200 201 207 200 207 206 201 202 208 201 208 207 202 203 209 202 209 208 203 198 204 203 204 209 204 205 210 205 211 210 205 206 211 206 212 211 206 207 212 207 213 212 207 208 213 208 214 213 208 209 214 209 215 214 209 204 215 204 210 215 210 211 217 210 217 216 211 212 218 211 218 217 212 213 219 212 219 218 213 214 220 213 220 219 214 215 221 214 221 220 215 210 216 215 216 221 216 217 222 217 223 222 217 218 223 218 224 223 218 219 224 219 225 224 219 220 225 220 226 225 220 221 226 221 227 226 221 216 227 216 222 227 222 223 229 222 229 228 223 224 230 223 230 229 224 225 231 224 231 230 225 226 232 225 232 231 226 227 233 226 233 232 227 222 228 227 228 233 228 229 234 229 235 234 229 230 235 230 236 235 230 231 236 231 237 236 231 232 237 232 238 237 232 233 238 233 239 238 233 228 239 228 234 239 234 235 241 234 241 240 235 236 242 235 242 241 236 237 243 236 243 242 237 238 244 237 244 243 238 239 245 238 245 244 239 234 240 239 240 245 240 241 246 241 247 246 241 242 247 242 248 247 242 243 248 243 249 248 243 244 249 244 250 249 244 245 250 245 251 250 245 240 251 240 246 251 246 247 253 246 253 252 247 248 254 247 254 253 248 249 255 248 255 254 249 250 256 249 256 255 250 251 257 250 257 256 251 246 252 251 252 257 252 253 258 253 259 258 253 254 259 254 260 259 254 255 260 255 261 260 255 256 261 256 262 261 256 257 262 257 263 262 257 252 263 252 258 263 258 259 265 258 265 264 259 260 266 259 266 265 260 261 267 260 267 266 261 262 268 261 268 267 262 263 269 262 269 268 263 258 264 263 264 269 264 265 270 265 271 270 265 266 271 266 272 271 266 267 272 267 273 272 267 268 273 268 274 273 268 269 274 269 275 274 269 264 275 264 270 275 270 271 277 270 277 276 271 272 278 271 278 277 272 273 279 272 279 278 273 274 280 273 280 279 274 275 281 274 281 280 275 270 276 275 276 281 276 277 282 277 283 282 277 278 283 278 284 283 278 279 284 279 285 284 279 280 285 280 286 285 280 281 286 281 287 286 281 276 287 276 282 287 282 283 289 282 289 288 283 284 290 283 290 289 284 285 291 284 291 290 285 286 292 285 292 291 286 287 293 286 293 292 287 282 288 287 288 293 288 289 294 289 295 294 289 290 295 290 296 295 290 291 296 291 297 296 291 292 297 292 298 297 292 293 298 293 299 298 293 288 299 288 294 299 294 295 301 294 301 300 295 296 302 295 302 301 296 297 303 296 303 302 297 298 304 297 304 303 298 299 305 298 305 304 299 294 300 299 300 305 300 301 306 301 307 306 301 302 307 302 308 307 302 303 308 303 309 308 303 304 309 304 310 309 304 305 310 305 311 310 305 300 311 300 306 311 306 307 313 306 313 312 307 308 314 307 314 313 308 309 315 308 315 314 309 310 316 309 316 315 310 311 317 310 317 316 311 306 312 311 312 317 312 313 318 313 319 318 313 314 319 314 320 319 314 315 320 315 321 320 315 316 321 316 322 321 316 317 322 317 323 322 317 312 323 312 318 323 318 319 325 318 325 324 319 320 326 319 326 325 320 321 327 320 327 326 321 322 328 321 328 327 322 323 329 322 329 328 323 318 324 323 324 329 324 325 330 325 331 330 325 326 331 326 332 331 326 327 332 327 333 332 327 328 333 328 334 333 328 329 334 329 335 334 329 324 335 324 330 335 330 331 337 330 337 336 331 332 338 331 338 337 332 333 339 332 339 338 333 334 340 333 340 339 334 335 341 334 341 340 335 330 336 335 336 341 336 337 342 337 343 342 337 338 343 338 344 343 338 339 344 339 345 344 339 340 345 340 346 345 340 341 346 341 347 346 341 336 347 336 342 347 342 343 349 342 349 348 343 344 350 343 350 349 344 345 351 344 351 350 345 346 352 345 352 351 346 347 353 346 353 352 347 342 348 347 348 353 348 349 354 349 355 354 349 350 355 350 356 355 350 351 356 351 357 356 351 352 357 352 358 357 352 353 358 353 359 358 353 348 359 348 354 359 354 355 361 354 361 360 355 356 362 355 362 361 356 357 363 356 363 362 357 358 364 357 364 363 358 359 365 358 365 364 359 354 360 359 360 365 360 361 366 361 367 366 361 362 367 362 368 367 362 363 368 363 369 368 363 364 369 364 370 369 364 365 370 365 371 370 365 360 371 360 366 371 366 367 373 366 373 372 367 368 374 367 374 373 368 369 375 368 375 374 369 370 376 369 376 375 370 371 377 370 377 376 371 366 372 371 372 377 372 373 378 373 379 378 373 374 379 374 380 379 374 375 380 375 381 380 375 376 381 376 382 381 376 377 382 377 383 382 377 372 383 372 378 383 378 379 385 378 385 384 379 380 386 379 386 385 380 381 387 380 387 386 381 382 388 381 388 387 382 383 389 382 389 388 383 378 384 383 384 389 384 385 390 385 391 390 385 386 391 386 392 391 386 387 392 387 393 392 387 388 393 388 394 393 388 389 394 389 395 394 389 384 395 384 390 395 390 391 397 390 397 396 391 392 398 391 398 397 392 393 399 392 399 398 393 394 400 393 400 399 394 395 401 394 401 400 395 390 396 395 396 401 396 397 402 397 403 402 397 398 403 398 404 403 398 399 404 399 405 404 399 400 405 400 406 405 400 401 406 401 407 406 401 396 407 396 402 407 402 403 409 402 409 408 403 404 410 403 410 409 404 405 411 404 411 410 405 406 412 405 412 411 406 407 413 406 413 412 407 402 408 407 408 413 408 409 414 409 415 414 409 410 415 410 416 415 410 411 416 411 417 416 411 412 417 412 418 417 412 413 418 413 419 418 413 408 419 408 414 419 414 415 421 414 421 420 415 416 422 415 422 421 416 417 423 416 423 422 417 418 424 417 424 423 418 419 425 418 425 424 419 414 420 419 420 425 420 421 426 421 427 426 421 422 427 422 428 427 422 423 428 423 429 428 423 424 429 424 430 429 424 425 430 425 431 430 425 420 431 420 426 431 426 427 433 426 433 432 427 428 434 427 434 433 428 429 435 428 435 434 429 430 436 429 436 435 430 431 437 430 437 436 431 426 432 431 432 437 432 433 438 433 439 438 433 434 439 434 440 439 434 435 440 435 441 440 435 436 441 436 442 441 436 437 442 437 443 442 437 432 443 432 438 443 438 439 445 438 445 444 439 440 446 439 446 445 440 441 447 440 447 446 441 442 448 441 448 447 442 443 449 442 449 448 443 438 444 443 444 449 444 445 450 445 451 450 445 446 451 446 452 451 446 447 452 447 453 452 447 448 453 448 454 453 448 449 454 449 455 454 449 444 455 444 450 455 450 451 457 450 457 456 451 452 458 451 458 457 452 453 459 452 459 458 453 454 460 453 460 459 454 455 461 454 461 460 455 450 456 455 456 461 456 457 462 457 463 462 457 458 463 458 464 463 458 459 464 459 465 464 459 460 465 460 466 465 460 461 466 461 467 466 461 456 467 456 462 467 462 463 469 462 469 468 463 464 470 463 470 469 464 465 471 464 471 470 465 466 472 465 472 471 466 467 473 466 473 472 467 462 468 467 468 473 468 469 474 469 475 474 469 470 475 470 476 475 470 471 476 471 477 476 471 472 477 472 478 477 472 473 478 473 479 478 473 468 479 468 474 479 474 475 481 474 481 480 475 476 482 475 482 481 476 477 483 476 483 482 477 478 484 477 484 483 478 479 485 478 485 484 479 474 480 479 480 485 480 481 486 481 487 486 481 482 487 482 488 487 482 483 488 483 489 488 483 484 489 484 490 489 484 485 490 485 491 490 485 480 491 480 486 491 486 487 493 486 493 492 487 488 494 487 494 493 488 489 495 488 495 494 489 490 496 489 496 495 490 491 497 490 497 496 491 486 492 491 492 497 492 493 498 493 499 498 493 494 499 494 500 499 494 495 500 495 501 500 495 496 501 496 502 501 496 497 502 497 503 502 497 492 503 492 498 503 498 499 505 498 505 504 499 500 506 499 506 505 500 501 507 500 507 506 501 502 508 501 508 507 502 503 509 502 509 508 503 498 504 503 504 509 504 505 510 505 511 510 505 506 511 506 512 511 506 507 512 507 513 512 507 508 513 508 514 513 508 509 514 509 515 514 509 504 515 504 510 515 510 511 517 510 517 516 511 512 518 511 518 517 512 513 519 512 519 518 513 514 520 513 520 519 514 515 521 514 521 520 515 510 516 515 516 521 516 517 522 517 523 522 517 518 523 518 524 523 518 519 524 519 525 524 519 520 525 520 526 525 520 521 526 521 527 526 521 516 527 516 522 527 522 523 529 522 529 528 523 524 530 523 530 529 524 525 531 524 531 530 525 526 532 525 532 531 526 527 533 526 533 532 527 522 528 527 528 533 528 529 534 529 535 534 529 530 535 530 536 535 530 531 536 531 537 536 531 532 537 532 538 537 532 533 538 533 539 538 533 528 539 528 534 539 534 535 541 534 541 540 535 536 542 535 542 541 536 537 543 536 543 542 537 538 544 537 544 543 538 539 545 538 545 544 539 534 540 539 540 545 540 541 546 541 547 546 541 542 547 542 548 547 542 543 548 543 549 548 543 544 549 544 550 549 544 545 550 545 551 550 545 540 551 540 546 551 546 547 553 546 553 552 547 548 554 547 554 553 548 549 555 548 555 554 549 550 556 549 556 555 550 551 557 550 557 556 551 546 552 551 552 557 552 553 558 553 559 558 553 554 559 554 560 559 554 555 560 555 561 560 555 556 561 556 562 561 556 557 562 557 563 562 557 552 563 552 558 563 558 559 565 558 565 564 559 560 566 559 566 565 560 561 567 560 567 566 561 562 568 561 568 567 562 563 569 562 569 568 563 558 564 563 564 569 564 565 570 565 571 570 565 566 571 566 572 571 566 567 572 567 573 572 567 568 573 568 574 573 568 569 574 569 575 574 569 564 575 564 570 575 570 571 577 570 577 576 571 572 578 571 578 577 572 573 579 572 579 578 573 574 580 573 580 579 574 575 581 574 581 580 575 570 576 575 576 581 576 577 582 577 583 582 577 578 583 578 584 583 578 579 584 579 585 584 579 580 585 580 586 585 580 581 586 581 587 586 581 576 587 576 582 587 582 583 589 582 589 588 583 584 590 583 590 589 584 585 591 584 591 590 585 586 592 585 592 591 586 587 593 586 593 592 587 582 588 587 588 593 588 589 594 589 595 594 589 590 595 590 596 595 590 591 596 591 597 596 591 592 597 592 598 597 592 593 598 593 599 598 593 588 599 588 594 599 594 595 601 594 601 600 595 596 602 595 602 601 596 597 603 596 603 602 597 598 604 597 604 603 598 599 605 598 605 604 599 594 600 599 600 605 600 601 606 601 607 606 601 602 607 602 608 607 602 603 608 603 609 608 603 604 609 604 610 609 604 605 610 605 611 610 605 600 611 600 606 611 606 607 613 606 613 612 607 608 614 607 614 613 608 609 615 608 615 614 609 610 616 609 616 615 610 611 617 610 617 616 611 606 612 611 612 617 612 613 618 613 619 618 613 614 619 614 620 619 614 615 620 615 621 620 615 616 621 616 622 621 616 617 622 617 623 622 617 612 623 612 618 623 618 619 625 618 625 624 619 620 626 619 626 625 620 621 627 620 627 626 621 622 628 621 628 627 622 623 629 622 629 628 623 618 624 623 624 629 624 625 630 625 631 630 625 626 631 626 632 631 626 627 632 627 633 632 627 628 633 628 634 633 628 629 634 629 635 634 629 624 635 624 630 635 630 631 637 630 637 636 631 632 638 631 638 637 632 633 639 632 639 638 633 634 640 633 640 639 634 635 641 634 641 640 635 630 636 635 636 641 636 637 642 637 643 642 637 638 643 638 644 643 638 639 644 639 645 644 639 640 645 640 646 645 640 641 646 641 647 646 641 636 647 636 642 647 642 643 649 642 649 648 643 644 650 643 650 649 644 645 651 644 651 650 645 646 652 645 652 651 646 647 653 646 653 652 647 642 648 647 648 653 648 649 654 649 655 654 649 650 655 650 656 655 650 651 656 651 657 656 651 652 657 652 658 657 652 653 658 653 659 658 653 648 659 648 654 659 654 655 661 654 661 660 655 656 662 655 662 661 656 657 663 656 663 662 657 658 664 657 664 663 658 659 665 658 665 664 659 654 660 659 660 665 660 661 666 661 667 666 661 662 667 662 668 667 662 663 668 663 669 668 663 664 669 664 670 669 664 665 670 665 671 670 665 660 671 660 666 671 666 667 673 666 673 672 667 668 674 667 674 673 668 669 675 668 675 674 669 670 676 669 676 675 670 671 677 670 677 676 671 666 672 671 672 677 672 673 678 673 679 678 673 674 679 674 680 679 674 675 680 675 681 680 675 676 681 676 682 681 676 677 682 677 683 682 677 672 683 672 678 683 678 679 685 678 685 684 679 680 686 679 686 685 680 681 687 680 687 686 681 682 688 681 688 687 682 683 689 682 689 688 683 678 684 683 684 689 684 685 690 685 691 690 685 686 691 686 692 691 686 687 692 687 693 692 687 688 693 688 694 693 688 689 694 689 695 694 689 684 695 684 690 695 690 691 697 690 697 696 691 692 698 691 698 697 692 693 699 692 699 698 693 694 700 693 700 699 694 695 701 694 701 700 695 690 696 695 696 701 696 697 702 697 703 702 697 698 703 698 704 703 698 699 704 699 705 704 699 700 705 700 706 705 700 701 706 701 707 706 701 696 707 696 702 707 702 703 709 702 709 708 703 704 710 703 710 709 704 705 711 704 711 710 705 706 712 705 712 711 706 707 713 706 713 712 707 702 708 707 708 713 708 709 714 709 715 714 709 710 715 710 716 715 710 711 716 711 717 716 711 712 717 712 718 717 712 713 718 713 719 718 713 708 719 708 714 719 714 715 721 714 721 720 715 716 722 715 722 721 716 717 723 716 723 722 717 718 724 717 724 723 718 719 725 718 725 724 719 714 720 719 720 725 720 721 726 721 727 726 721 722 727 722 728 727 722 723 728 723 729 728 723 724 729 724 730 729 724 725 730 725 731 730 725 720 731 720 726 731 726 727 733 726 733 732 727 728 734 727 734 733 728 729 735 728 735 734 729 730 736 729 736 735 730 731 737 730 737 736 731 726 732 731 732 737 732 733 738 733 739 738 733 734 739 734 740 739 734 735 740 735 741 740 735 736 741 736 742 741 736 737 742 737 743 742 737 732 743 732 738 743 738 739 745 738 745 744 739 740 746 739 746 745 740 741 747 740 747 746 741 742 748 741 748 747 742 743 749 742 749 748 743 738 744 743 744 749 744 745 750 745 751 750 745 746 751 746 752 751 746 747 752 747 753 752 747 748 753 748 754 753 748 749 754 749 755 754 749 744 755 744 750 755 750 751 757 750 757 756 751 752 758 751 758 757 752 753 759 752 759 758 753 754 760 753 760 759 754 755 761 754 761 760 755 750 756 755 756 761 756 757 762 757 763 762 757 758 763 758 764 763 758 759 764 759 765 764 759 760 765 760 766 765 760 761 766 761 767 766 761 756 767 756 762 767 762 763 769 762 769 768 763 764 770 763 770 769 764 765 771 764 771 770 765 766 772 765 772 771 766 767 773 766 773 772 767 762 768 767 768 773 768 769 774 769 775 774 769 770 775 770 776 775 770 771 776 771 777 776 771 772 777 772 778 777 772 773 778 773 779 778 773 768 779 768 774 779 774 775 781 774 781 780 775 776 782 775 782 781 776 777 783 776 783 782 777 778 784 777 784 783 778 779 785 778 785 784 779 774 780 779 780 785 780 781 786 781 787 786 781 782 787 782 788 787 782 783 788 783 789 788 783 784 789 784 790 789 784 785 790 785 791 790 785 780 791 780 786 791 786 787 793 786 793 792 787 788 794 787 794 793 788 789 795 788 795 794 789 790 796 789 796 795 790 791 797 790 797 796 791 786 792 791 792 797 792 793 798 793 799 798 793 794 799 794 800 799 794 795 800 795 801 800 795 796 801 796 802 801 796 797 802 797 803 802 797 792 803 792 798 803 798 799 805 798 805 804 799 800 806 799 806 805 800 801 807 800 807 806 801 802 808 801 808 807 802 803 809 802 809 808 803 798 804 803 804 809 804 805 810 805 811 810 805 806 811 806 812 811 806 807 812 807 813 812 807 808 813 808 814 813 808 809 814 809 815 814 809 804 815 804 810 815 810 811 817 810 817 816 811 812 818 811 818 817 812 813 819 812 819 818 813 814 820 813 820 819 814 815 821 814 821 820 815 810 816 815 816 821 816 817 822 817 823 822 817 818 823 818 824 823 818 819 824 819 825 824 819 820 825 820 826 825 820 821 826 821 827 826 821 816 827 816 822 827 822 823 829 822 829 828 823 824 830 823 830 829 824 825 831 824 831 830 825 826 832 825 832 831 826 827 833 826 833 832 827 822 828 827 828 833 828 829 834 829 835 834 829 830 835 830 836 835 830 831 836 831 837 836 831 832 837 832 838 837 832 833 838 833 839 838 833 828 839 828 834 839 834 835 841 834 841 840 835 836 842 835 842 841 836 837 843 836 843 842 837 838 844 837 844 843 838 839 845 838 845 844 839 834 840 839 840 845 840 841 846 841 847 846 841 842 847 842 848 847 842 843 848 843 849 848 843 844 849 844 850 849 844 845 850 845 851 850 845 840 851 840 846 851 846 847 853 846 853 852 847 848 854 847 854 853 848 849 855 848 855 854 849 850 856 849 856 855 850 851 857 850 857 856 851 846 852 851 852 857 852 853 858 853 859 858 853 854 859 854 860 859 854 855 860 855 861 860 855 856 861 856 862 861 856 857 862 857 863 862 857 852 863 852 858 863 858 859 865 858 865 864 859 860 866 859 866 865 860 861 867 860 867 866 861 862 868 861 868 867 862 863 869 862 869 868 863 858 864 863 864 869 864 865 870 865 871 870 865 866 871 866 872 871 866 867 872 867 873 872 867 868 873 868 874 873 868 869 874 869 875 874 869 864 875 864 870 875 870 871 877 870 877 876 871 872 878 871 878 877 872 873 879 872 879 878 873 874 880 873 880 879 874 875 881 874 881 880 875 870 876 875 876 881 876 877 882 877 883 882 877 878 883 878 884 883 878 879 884 879 885 884 879 880 885 880 886 885 880 881 886 881 887 886 881 876 887 876 882 887 882 883 889 882 889 888 883 884 890 883 890 889 884 885 891 884 891 890 885 886 892 885 892 891 886 887 893 886 893 892 887 882 888 887 888 893 888 889 894 889 895 894 889 890 895 890 896 895 890 891 896 891 897 896 891 892 897 892 898 897 892 893 898 893 899 898 893 888 899 888 894 899 894 895 901 894 901 900 895 896 902 895 902 901 896 897 903 896 903 902 897 898 904 897 904 903 898 899 905 898 905 904 899 894 900 899 900 905 900 901 906 901 907 906 901 902 907 902 908 907 902 903 908 903 909 908 903 904 909 904 910 909 904 905 910 905 911 910 905 900 911 900 906 911 906 907 913 906 913 912 907 908 914 907 914 913 908 909 915 908 915 914 909 910 916 909 916 915 910 911 917 910 917 916 911 906 912 911 912 917 912 913 918 913 919 918 913 914 919 914 920 919 914 915 920 915 921 920 915 916 921 916 922 921 916 917 922 917 923 922 917 912 923 912 918 923 918 919 925 918 925 924 919 920 926 919 926 925 920 921 927 920 927 926 921 922 928 921 928 927 922 923 929 922 929 928 923 918 924 923 924 929 924 925 930 925 931 930 925 926 931 926 932 931 926 927 932 927 933 932 927 928 933 928 934 933 928 929 934 929 935 934 929 924 935 924 930 935 930 931 937 930 937 936 931 932 938 931 938 937 932 933 939 932 939 938 933 934 940 933 940 939 934 935 941 934 941 940 935 930 936 935 936 941 936 937 942 937 943 942 937 938 943 938 944 943 938 939 944 939 945 944 939 940 945 940 946 945 940 941 946 941 947 946 941 936 947 936 942 947 942 943 949 942 949 948 943 944 950 943 950 949 944 945 951 944 951 950 945 946 952 945 952 951 946 947 953 946 953 952 947 942 948 947 948 953 948 949 954 949 955 954 949 950 955 950 956 955 950 951 956 951 957 956 951 952 957 952 958 957 952 953 958 953 959 958 953 948 959 948 954 959 954 955 961 954 961 960 955 956 962 955 962 961 956 957 963 956 963 962 957 958 964 957 964 963 958 959 965 958 965 964 959 954 960 959 960 965 960 961 966 961 967 966 961 962 967 962 968 967 962 963 968 963 969 968 963 964 969 964 970 969 964 965 970 965 971 970 965 960 971 960 966 971 966 967 973 966 973 972 967 968 974 967 974 973 968 969 975 968 975 974 969 970 976 969 976 975 970 971 977 970 977 976 971 966 972 971 972 977 972 973 978 973 979 978 973 974 979 974 980 979 974 975 980 975 981 980 975 976 981 976 982 981 976 977 982 977 983 982 977 972 983 972 978 983 978 979 985 978 985 984 979 980 986 979 986 985 980 981 987 980 987 986 981 982 988 981 988 987 982 983 989 982 989 988 983 978 984 983 984 989 984 985 990 985 991 990 985 986 991 986 992 991 986 987 992 987 993 992 987 988 993 988 994 993 988 989 994 989 995 994 989 984 995 984 990 995 990 991 997 990 997 996 991 992 998 991 998 997 992 993 999 992 999 998 993 994 1000 993 1000 999 994 995 1001 994 1001 1000 995 990 996 995 996 1001 996 997 1002 997 1003 1002 997 998 1003 998 1004 1003 998 999 1004 999 1005 1004 999 1000 1005 1000 1006 1005 1000 1001 1006 1001 1007 1006 1001 996 1007 996 1002 1007 1002 1003 1009 1002 1009 1008 1003 1004 1010 1003 1010 1009 1004 1005 1011 1004 1011 1010 1005 1006 1012 1005 1012 1011 1006 1007 1013 1006 1013 1012 1007 1002 1008 1007 1008 1013 1008 1009 1014 1009 1015 1014 1009 1010 1015 1010 1016 1015 1010 1011 1016 1011 1017 1016 1011 1012 1017 1012 1018 1017 1012 1013 1018 1013 1019 1018 1013 1008 1019 1008 1014 1019 1014 1015 1021 1014 1021 1020 1015 1016 1022 1015 1022 1021 1016 1017 1023 1016 1023 1022 1017 1018 1024 1017 1024 1023 1018 1019 1025 1018 1025 1024 1019 1014 1020 1019 1020 1025 1020 1021 1026 1021 1027 1026 1021 1022 1027 1022 1028 1027 1022 1023 1028 1023 1029 1028 1023 1024 1029 1024 1030 1029 1024 1025 1030 1025 1031 1030 1025 1020 1031 1020 1026 1031 1026 1027 1033 1026 1033 1032 1027 1028 1034 1027 1034 1033 1028 1029 1035 1028 1035 1034 1029 1030 1036 1029 1036 1035 1030 1031 1037 1030 1037 1036 1031 1026 1032 1031 1032 1037 1032 1033 1038 1033 1039 1038 1033 1034 1039 1034 1040 1039 1034 1035 1040 1035 1041 1040 1035 1036 1041 1036 1042 1041 1036 1037 1042 1037 1043 1042 1037 1032 1043 1032 1038 1043 1038 1039 1045 1038 1045 1044 1039 1040 1046 1039 1046 1045 1040 1041 1047 1040 1047 1046 1041 1042 1048 1041 1048 1047 1042 1043 1049 1042 1049 1048 1043 1038 1044 1043 1044 1049 1044 1045 1050 1045 1051 1050 1045 1046 1051 1046 1052 1051 1046 1047 1052 1047 1053 1052 1047 1048 1053 1048 1054 1053 1048 1049 1054 1049 1055 1054 1049 1044 1055 1044 1050 1055 1050 1051 1057 1050 1057 1056 1051 1052 1058 1051 1058 1057 1052 1053 1059 1052 1059 1058 1053 1054 1060 1053 1060 1059 1054 1055 1061 1054 1061 1060 1055 1050 1056 1055 1056 1061 1056 1057 1062 1057 1063 1062 1057 1058 1063 1058 1064 1063 1058 1059 1064 1059 1065 1064 1059 1060 1065 1060 1066 1065 1060 1061 1066 1061 1067 1066 1061 1056 1067 1056 1062 1067 1062 1063 1069 1062 1069 1068 1063 1064 1070 1063 1070 1069 1064 1065 1071 1064 1071 1070 1065 1066 1072 1065 1072 1071 1066 1067 1073 1066 1073 1072 1067 1062 1068 1067 1068 1073 1068 1069 1074 1069 1075 1074 1069 1070 1075 1070 1076 1075 1070 1071 1076 1071 1077 1076 1071 1072 1077 1072 1078 1077 1072 1073 1078 1073 1079 1078 1073 1068 1079 1068 1074 1079 1074 1075 1081 1074 1081 1080 1075 1076 1082 1075 1082 1081 1076 1077 1083 1076 1083 1082 1077 1078 1084 1077 1084 1083 1078 1079 1085 1078 1085 1084 1079 1074 1080 1079 1080 1085 1080 1081 1086 1081 1087 1086 1081 1082 1087 1082 1088 1087 1082 1083 1088 1083 1089 1088 1083 1084 1089 1084 1090 1089 1084 1085 1090 1085 1091 1090 1085 1080 1091 1080 1086 1091 1086 1087 1093 1086 1093 1092 1087 1088 1094 1087 1094 1093 1088 1089 1095 1088 1095 1094 1089 1090 1096 1089 1096 1095 1090 1091 1097 1090 1097 1096 1091 1086 1092 1091 1092 1097 1092 1093 1098 1093 1099 1098 1093 1094 1099 1094 1100 1099 1094 1095 1100 1095 1101 1100 1095 1096 1101 1096 1102 1101 1096 1097 1102 1097 1103 1102 1097 1092 1103 1092 1098 1103 1098 1099 1105 1098 1105 1104 1099 1100 1106 1099 1106 1105 1100 1101 1107 1100 1107 1106 1101 1102 1108 1101 1108 1107 1102 1103 1109 1102 1109 1108 1103 1098 1104 1103 1104 1109 1104 1105 1110 1105 1111 1110 1105 1106 1111 1106 1112 1111 1106 1107 1112 1107 1113 1112 1107 1108 1113 1108 1114 1113 1108 1109 1114 1109 1115 1114 1109 1104 1115 1104 1110 1115 1110 1111 1117 1110 1117 1116 1111 1112 1118 1111 1118 1117 1112 1113 1119 1112 1119 1118 1113 1114 1120 1113 1120 1119 1114 1115 1121 1114 1121 1120 1115 1110 1116 1115 1116 1121 1116 1117 1122 1117 1123 1122 1117 1118 1123 1118 1124 1123 1118 1119 1124 1119 1125 1124 1119 1120 1125 1120 1126 1125 1120 1121 1126 1121 1127 1126 1121 1116 1127 1116 1122 1127 1122 1123 1129 1122 1129 1128 1123 1124 1130 1123 1130 1129 1124 1125 1131 1124 1131 1130 1125 1126 1132 1125 1132 1131 1126 1127 1133 1126 1133 1132 1127 1122 1128 1127 1128 1133 1128 1129 1134 1129 1135 1134 1129 1130 1135 1130 1136 1135 1130 1131 1136 1131 1137 1136 1131 1132 1137 1132 1138 1137 1132 1133 1138 1133 1139 1138 1133 1128 1139 1128 1134 1139 1134 1135 1141 1134 1141 1140 1135 1136 1142 1135 1142 1141 1136 1137 1143 1136 1143 1142 1137 1138 1144 1137 1144 1143 1138 1139 1145 1138 1145 1144 1139 1134 1140 1139 1140 1145 1140 1141 1146 1141 1147 1146 1141 1142 1147 1142 1148 1147 1142 1143 1148 1143 1149 1148 1143 1144 1149 1144 1150 1149 1144 1145 1150 1145 1151 1150 1145 1140 1151 1140 1146 1151 1146 1147 1153 1146 1153 1152 1147 1148 1154 1147 1154 1153 1148 1149 1155 1148 1155 1154 1149 1150 1156 1149 1156 1155 1150 1151 1157 1150 1157 1156 1151 1146 1152 1151 1152 1157 1152 1153 1158 1153 1159 1158 1153 1154 1159 1154 1160 1159 1154 1155 1160 1155 1161 1160 1155 1156 1161 1156 1162 1161 1156 1157 1162 1157 1163 1162 1157 1152 1163 1152 1158 1163 1158 1159 1165 1158 1165 1164 1159 1160 1166 1159 1166 1165 1160 1161 1167 1160 1167 1166 1161 1162 1168 1161 1168 1167 1162 1163 1169 1162 1169 1168 1163 1158 1164 1163 1164 1169 1164 1165 1170 1165 1171 1170 1165 1166 1171 1166 1172 1171 1166 1167 1172 1167 1173 1172 1167 1168 1173 1168 1174 1173 1168 1169 1174 1169 1175 1174 1169 1164 1175 1164 1170 1175 1170 1171 1177 1170 1177 1176 1171 1172 1178 1171 1178 1177 1172 1173 1179 1172 1179 1178 1173 1174 1180 1173 1180 1179 1174 1175 1181 1174 1181 1180 1175 1170 1176 1175 1176 1181 1176 1177 1182 1177 1183 1182 1177 1178 1183 1178 1184 1183 1178 1179 1184 1179 1185 1184 1179 1180 1185 1180 1186 1185 1180 1181 1186 1181 1187 1186 1181 1176 1187 1176 1182 1187 1182 1183 1189 1182 1189 1188 1183 1184 1190 1183 1190 1189 1184 1185 1191 1184 1191 1190 1185 1186 1192 1185 1192 1191 1186 1187 1193 1186 1193 1192 1187 1182 1188 1187 1188 1193 1188 1189 1194 1189 1195 1194 1189 1190 1195 1190 1196 1195 1190 1191 1196 1191 1197 1196 1191 1192 1197 1192 1198 1197 1192 1193 1198 1193 1199 1198 1193 1188 1199 1188 1194 1199 1194 1195 1201 1194 1201 1200 1195 1196 1202 1195 1202 1201 1196 1197 1203 1196 1203 1202 1197 1198 1204 1197 1204 1203 1198 1199 1205 1198 1205 1204 1199 1194 1200 1199 1200 1205 1200 1201 1206 1201 1207 1206 1201 1202 1207 1202 1208 1207 1202 1203 1208 1203 1209 1208 1203 1204 1209 1204 1210 1209 1204 1205 1210 1205 1211 1210 1205 1200 1211 1200 1206 1211 1206 1207 1213 1206 1213 1212 1207 1208 1214 1207 1214 1213 1208 1209 1215 1208 1215 1214 1209 1210 1216 1209 1216 1215 1210 1211 1217 1210 1217 1216 1211 1206 1212 1211 1212 1217 1212 1213 1218 1213 1219 1218 1213 1214 1219 1214 1220 1219 1214 1215 1220 1215 1221 1220 1215 1216 1221 1216 1222 1221 1216 1217 1222 1217 1223 1222 1217 1212 1223 1212 1218 1223 1218 1219 1225 1218 1225 1224 1219 1220 1226 1219 1226 1225 1220 1221 1227 1220 1227 1226 1221 1222 1228 1221 1228 1227 1222 1223 1229 1222 1229 1228 1223 1218 1224 1223 1224 1229 1224 1225 1230 1225 1231 1230 1225 1226 1231 1226 1232 1231 1226 1227 1232 1227 1233 1232 1227 1228 1233 1228 1234 1233 1228 1229 1234 1229 1235 1234 1229 1224 1235 1224 1230 1235 1230 1231 1237 1230 1237 1236 1231 1232 1238 1231 1238 1237 1232 1233 1239 1232 1239 1238 1233 1234 1240 1233 1240 1239 1234 1235 1241 1234 1241 1240 1235 1230 1236 1235 1236 1241 1236 1237 1242 1237 1243 1242 1237 1238 1243 1238 1244 1243 1238 1239 1244 1239 1245 1244 1239 1240 1245 1240 1246 1245 1240 1241 1246 1241 1247 1246 1241 1236 1247 1236 1242 1247 1242 1243 1249 1242 1249 1248 1243 1244 1250 1243 1250 1249 1244 1245 1251 1244 1251 1250 1245 1246 1252 1245 1252 1251 1246 1247 1253 1246 1253 1252 1247 1242 1248 1247 1248 1253 1248 1249 1254 1249 1255 1254 1249 1250 1255 1250 1256 1255 1250 1251 1256 1251 1257 1256 1251 1252 1257 1252 1258 1257 1252 1253 1258 1253 1259 1258 1253 1248 1259 1248 1254 1259 1254 1255 1261 1254 1261 1260 1255 1256 1262 1255 1262 1261 1256 1257 1263 1256 1263 1262 1257 1258 1264 1257 1264 1263 1258 1259 1265 1258 1265 1264 1259 1254 1260 1259 1260 1265 1260 1261 1266 1261 1267 1266 1261 1262 1267 1262 1268 1267 1262 1263 1268 1263 1269 1268 1263 1264 1269 1264 1270 1269 1264 1265 1270 1265 1271 1270 1265 1260 1271 1260 1266 1271 1266 1267 1273 1266 1273 1272 1267 1268 1274 1267 1274 1273 1268 1269 1275 1268 1275 1274 1269 1270 1276 1269 1276 1275 1270 1271 1277 1270 1277 1276 1271 1266 1272 1271 1272 1277 1272 1273 1278 1273 1279 1278 1273 1274 1279 1274 1280 1279 1274 1275 1280 1275 1281 1280 1275 1276 1281 1276 1282 1281 1276 1277 1282 1277 1283 1282 1277 1272 1283 1272 1278 1283 1278 1279 1285 1278 1285 1284 1279 1280 1286 1279 1286 1285 1280 1281 1287 1280 1287 1286 1281 1282 1288 1281 1288 1287 1282 1283 1289 1282 1289 1288 1283 1278 1284 1283 1284 1289 1284 1285 1290 1285 1291 1290 1285 1286 1291 1286 1292 1291 1286 1287 1292 1287 1293 1292 1287 1288 1293 1288 1294 1293 1288 1289 1294 1289 1295 1294 1289 1284 1295 1284 1290 1295 1290 1291 1297 1290 1297 1296 1291 1292 1298 1291 1298 1297 1292 1293 1299 1292 1299 1298 1293 1294 1300 1293 1300 1299 1294 1295 1301 1294 1301 1300 1295 1290 1296 1295 1296 1301 1296 1297 1302 1297 1303 1302 1297 1298 1303 1298 1304 1303 1298 1299 1304 1299 1305 1304 1299 1300 1305 1300 1306 1305 1300 1301 1306 1301 1307 1306 1301 1296 1307 1296 1302 1307 1302 1303 1309 1302 1309 1308 1303 1304 1310 1303 1310 1309 1304 1305 1311 1304 1311 1310 1305 1306 1312 1305 1312 1311 1306 1307 1313 1306 1313 1312 1307 1302 1308 1307 1308 1313 1308 1309 1314 1309 1315 1314 1309 1310 1315 1310 1316 1315 1310 1311 1316 1311 1317 1316 1311 1312 1317 1312 1318 1317 1312 1313 1318 1313 1319 1318 1313 1308 1319 1308 1314 1319 1314 1315 1321 1314 1321 1320 1315 1316 1322 1315 1322 1321 1316 1317 1323 1316 1323 1322 1317 1318 1324 1317 1324 1323 1318 1319 1325 1318 1325 1324 1319 1314 1320 1319 1320 1325 1326 1328 1327 1326 1329 1328 1326 1330 1329 1326 1331 1330 1326 1332 1331 1326 1327 1332 1333 1334 1335 1333 1335 1336 1333 1336 1337 1333 1337 1338 1333 1338 1339 1333 1339 1334" solid="false" colorPerVertex="false">
     <Coordinate point="-1 0 -0.01 -1 0.00866025 -0.005 -1 0.00866025 0.005 -1 1.22465e-18 0.01 -1 -0.00866025 0.005 -1 -0.00866025 -0.005 -0.990909 0.005 -0.00866025 -0.990909 0.01 -6.12323e-19 -0.990909 0.005 0.00866025 -0.990909 -0.005 0.00866025 -0.990909 -0.01 1.83697e-18 -0.990909 -0.005 -0.00866025 -0.981818 0 -0.01 -0.981818 0.00866025 -0.005 -0.981818 0.00866025 0.005 -0.981818 1.22465e-18 0.01 -0.981818 -0.00866025 0.005 -0.981818 -0.00866025 -0.005 -0.972727 0.005 -0.00866025 -0.972727 0.01 -6.12323e-19 -0.972727 0.005 0.00866025 -0.972727 -0.005 0.00866025 -0.972727 -0.01 1.83697e-18 -0.972727 -0.005 -0.00866025 -0.963636 0 -0.01 -0.963636 0.00866025 -0.005 -0.963636 0.00866025 0.005 -0.963636 1.22465e-18 0.01 -0.963636 -0.00866025 0.005 -0.963636 -0.00866025 -0.005 -0.954545 0.005 -0.00866025 -0.954545 0.01 -6.12323e-19 -0.954545 0.005 0.00866025 -0.954545 -0.005 0.00866025 -0.954545 -0.01 1.83697e-18 -0.954545 -0.005 -0.00866025 -0.945455 0 -0.01 -0.945455 0.00866025 -0.005 -0.945455 0.00866025 0.005 -0.945455 1.22465e-18 0.01 -0.945455 -0.00866025 0.005 -0.945455 -0.00866025 -0.005 -0.936364 0.005 -0.00866025 -0.936364 0.01 -6.12323e-19 -0.936364 0.005 0.00866025 -0.936364 -0.005 0.00866025 -0.936364 -0.01 1.83697e-18 -0.936364 -0.005 -0.00866025 -0.927273 0 -0.01 -0.927273 0.00866025 -0.005 -0.927273 0.00866025 0.005 -0.927273 1.22465e-18 0.01 -0.927273 -0.00866025 0.005 -0.927273 -0.00866025 -0.005 -0.918182 0.005 -0.00866025 -0.918182 0.01 -6.12323e-19 -0.918182 0.005 0.00866025 -0.918182 -0.005 0.00866025 -0.918182 -0.01 1.83697e-18 -0.918182 -0.005 -0.00866025 -0.909091 0 -0.01 -0.909091 0.00866025 -0.005 -0.909091 0.00866025 0.005 -0.909091 1.22465e-18 0.01 -0.909091 -0.00866025 0.005 -0.909091 -0.00866025 -0.005 -0.9 0.005 -0.00866025 -0.9 0.01 -6.12323e-19 -0.9 0.005 0.00866025 -0.9 -0.005 0.00866025 -0.9 -0.01 1.83697e-18 -0.9 -0.005 -0.00866025 -0.890909 0 -0.01 -0.890909 0.00866025 -0.005 -0.890909 0.00866025 0.005 -0.890909 1.22465e-18 0.01 -0.890909 -0.00866025 0.005 -0.890909 -0.00866025 -0.005 -0.881818 0.005 -0.00866025 -0.881818 0.01 -6.12323e-19 -0.881818 0.005 0.00866025 -0.881818 -0.005 0.00866025 -0.881818 -0.01 1.83697e-18 -0.881818 -0.005 -0.00866025 -0.872727 0 -0.01 -0.872727 0.00866025 -0.005 -0.872727 0.00866025 0.005 -0.872727 1.22465e-18 0.01 -0.872727 -0.00866025 0.005 -0.872727 -0.00866025 -0.005 -0.863636 0.005 -0.00866025 -0.863636 0.01 -6.12323e-19 -0.863636 0.005 0.00866025 -0.863636 -0.005 0.00866025 -0.863636 -0.01 1.83697e-18 -0.863636 -0.005 -0.00866025 -0.854545 0 -0.01 -0.854545 0.00866025 -0.005 -0.854545 0.00866025 0.005 -0.854545 1.22465e-18 0.01 -0.854545 -0.00866025 0.005 -0.854545 -0.00866025 -0.005 -0.845455 0.005 -0.00866025 -0.845455 0.01 -6.12323e-19 -0.845455 0.005 0.00866025 -0.845455 -0.005 0.00866025 -0.845455 -0.01 1.83697e-18 -0.845455 -0.005 -0.00866025 -0.836364 0 -0.01 -0.836364 0.00866025 -0.005 -0.836364 0.00866025 0.005 -0.836364 1.22465e-18 0.01 -0.836364 -0.00866025 0.005 -0.836364 -0.00866025 -0.005 -0.827273 0.005 -0.00866025 -0.827273 0.01 -6.12323e-19 -0.827273 0.005 0.00866025 -0.827273 -0.005 0.00866025 -0.827273 -0.01 1.83697e-18 -0.827273 -0.005 -0.00866025 -0.818182 0 -0.01 -0.818182 0.00866025 -0.005 -0.818182 0.00866025 0.005 -0.818182 1.22465e-18 0.01 -0.818182 -0.00866025 0.005 -0.818182 -0.00866025 -0.005 -0.809091 0.005 -0.00866025 -0.809091 0.01 -6.12323e-19 -0.809091 0.005 0.00866025 -0.809091 -0.005 0.00866025 -0.809091 -0.01 1.83697e-18 -0.809091 -0.005 -0.00866025 -0.8 0 -0.01 -0.8 0.00866025 -0.005 -0.8 0.00866025 0.005 -0.8 1.22465e-18 0.01 -0.8 -0.00866025 0.005 -0.8 -0.00866025 -0.005 -0.790909 0.005 -0.00866025 -0.790909 0.01 -6.12323e-19 -0.790909 0.005 0.00866025 -0.790909 -0.005 0.00866025 -0.790909 -0.01 1.83697e-18 -0.790909 -0.005 -0.00866025 -0.781818 0 -0.01 -0.781818 0.00866025 -0.005 -0.781818 0.00866025 0.005 -0.781818 1.22465e-18 0.01 -0.781818 -0.00866025 0.005 -0.781818 -0.00866025 -0.005 -0.772727 0.005 -0.00866025 -0.772727 0.01 -6.12323e-19 -0.772727 0.005 0.00866025 -0.772727 -0.005 0.00866025 -0.772727 -0.01 1.83697e-18 -0.772727 -0.005 -0.00866025 -0.763636 0 -0.01 -0.763636 0.00866025 -0.005 -0.763636 0.00866025 0.005 -0.763636 1.22465e-18 0.01 -0.763636 -0.00866025 0.005 -0.763636 -0.00866025 -0.005 -0.754545 0.005 -0.00866025 -0.754545 0.01 -6.12323e-19 -0.754545 0.005 0.00866025 -0.754545 -0.005 0.00866025 -0.754545 -0.01 1.83697e-18 -0.754545 -0.005 -0.00866025 -0.745455 0 -0.01 -0.745455 0.00866025 -0.005 -0.745455 0.00866025 0.005 -0.745455 1.22465e-18 0.01 -0.745455 -0.00866025 0.005 -0.745455 -0.00866025 -0.005 -0.736364 0.005 -0.00866025 -0.736364 0.01 -6.12323e-19 -0.736364 0.005 0.00866025 -0.736364 -0.005 0.00866025 -0.736364 -0.01 1.83697e-18 -0.736364 -0.005 -0.00866025 -0.727273 0 -0.01 -0.727273 0.00866025 -0.005 -0.727273 0.00866025 0.005 -0.727273 1.22465e-18 0.01 -0.727273 -0.00866025 0.005 -0.727273 -0.00866025 -0.005 -0.718182 0.005 -0.00866025 -0.718182 0.01 -6.12323e-19 -0.718182 0.005 0.00866025 -0.718182 -0.005 0.00866025 -0.718182 -0.01 1.83697e-18 -0.718182 -0.005 -0.00866025 -0.709091 0 -0.01 -0.709091 0.00866025 -0.005 -0.709091 0.00866025 0.005 -0.709091 1.22465e-18 0.01 -0.709091 -0.00866025 0.005 -0.709091 -0.00866025 -0.005 -0.7 0.005 -0.00866025 -0.7 0.01 -6.12323e-19 -0.7 0.005 0.00866025 -0.7 -0.005 0.00866025 -0.7 -0.01 1.83697e-18 -0.7 -0.005 -0.00866025 -0.690909 0 -0.01 -0.690909 0.00866025 -0.005 -0.690909 0.00866025 0.005 -0.690909 1.22465e-18 0.01 -0.690909 -0.00866025 0.005 -0.690909 -0.00866025 -0.005 -0.681818 0.005 -0.00866025 -0.681818 0.01 -6.12323e-19 -0.681818 0.005 0.00866025 -0.681818 -0.005 0.00866025 -0.681818 -0.01 1.83697e-18 -0.681818 -0.005 -0.00866025 -0.672727 0 -0.01 -0.672727 0.00866025 -0.005 -0.672727 0.00866025 0.005 -0.672727 1.22465e-18 0.01 -0.672727 -0.00866025 0.005 -0.672727 -0.00866025 -0.005 -0.663636 0.005 -0.00866025 -0.663636 0.01 -6.12323e-19 -0.663636 0.005 0.00866025 -0.663636 -0.005 0.00866025 -0.663636 -0.01 1.83697e-18 -0.663636 -0.005 -0.00866025 -0.654545 0 -0.01 -0.654545 0.00866025 -0.005 -0.654545 0.00866025 0.005 -0.654545 1.22465e-18 0.01 -0.654545 -0.00866025 0.005 -0.654545 -0.00866025 -0.005 -0.645455 0.005 -0.00866025 -0.645455 0.01 -6.12323e-19 -0.645455 0.005 0.00866025 -0.645455 -0.005 0.00866025 -0.645455 -0.01 1.83697e-18 -0.645455 -0.005 -0.00866025 -0.636364 0 -0.01 -0.636364 0.00866025 -0.005 -0.636364 0.00866025 0.005 -0.636364 1.22465e-18 0.01 -0.636364 -0.00866025 0.005 -0.636364 -0.00866025 -0.005 -0.627273 0.005 -0.00866025 -0.627273 0.01 -6.12323e-19 -0.627273 0.005 0.00866025 -0.627273 -0.005 0.00866025 -0.627273 -0.01 1.83697e-18 -0.627273 -0.005 -0.00866025 -0.618182 0 -0.01 -0.618182 0.00866025 -0.005 -0.618182 0.00866025 0.005 -0.618182 1.22465e-18 0.01 -0.618182 -0.00866025 0.005 -0.618182 -0.00866025 -0.005 -0.609091 0.005 -0.00866025 -0.609091 0.01 -6.12323e-19 -0.609091 0.005 0.00866025 -0.609091 -0.005 0.00866025 -0.609091 -0.01 1.83697e-18 -0.609091 -0.005 -0.00866025 -0.6 0 -0.01 -0.6 0.00866025 -0.005 -0.6 0.00866025 0.005 -0.6 1.22465e-18 0.01 -0.6 -0.00866025 0.005 -0.6 -0.00866025 -0.005 -0.590909 0.005 -0.00866025 -0.590909 0.01 -6.12323e-19 -0.590909 0.005 0.00866025 -0.590909 -0.005 0.00866025 -0.590909 -0.01 1.83697e-18 -0.590909 -0.005 -0.00866025 -0.581818 0 -0.01 -0.581818 0.00866025 -0.005 -0.581818 0.00866025 0.005 -0.581818 1.22465e-18 0.01 -0.581818 -0.00866025 0.005 -0.581818 -0.00866025 -0.005 -0.572727 0.005 -0.00866025 -0.572727 0.01 -6.12323e-19 -0.572727 0.005 0.00866025 -0.572727 -0.005 0.00866025 -0.572727 -0.01 1.83697e-18 -0.572727 -0.005 -0.00866025 -0.563636 0 -0.01 -0.563636 0.00866025 -0.005 -0.563636 0.00866025 0.005 -0.563636 1.22465e-18 0.01 -0.563636 -0.00866025 0.005 -0.563636 -0.00866025 -0.005 -0.554545 0.005 -0.00866025 -0.554545 0.01 -6.12323e-19 -0.554545 0.005 0.00866025 -0.554545 -0.005 0.00866025 -0.554545 -0.01 1.83697e-18 -0.554545 -0.005 -0.00866025 -0.545455 0 -0.01 -0.545455 0.00866025 -0.005 -0.545455 0.00866025 0.005 -0.545455 1.22465e-18 0.01 -0.545455 -0.00866025 0.005 -0.545455 -0.00866025 -0.005 -0.536364 0.005 -0.00866025 -0.536364 0.01 -6.12323e-19 -0.536364 0.005 0.00866025 -0.536364 -0.005 0.00866025 -0.536364 -0.01 1.83697e-18 -0.536364 -0.005 -0.00866025 -0.527273 0 -0.01 -0.527273 0.00866025 -0.005 -0.527273 0.00866025 0.005 -0.527273 1.22465e-18 0.01 -0.527273 -0.00866025 0.005 -0.527273 -0.00866025 -0.005 -0.518182 0.005 -0.00866025 -0.518182 0.01 -6.12323e-19 -0.518182 0.005 0.00866025 -0.518182 -0.005 0.00866025 -0.518182 -0.01 1.83697e-18 -0.518182 -0.005 -0.00866025 -0.509091 0 -0.01 -0.509091 0.00866025 -0.005 -0.509091 0.00866025 0.005 -0.509091 1.22465e-18 0.01 -0.509091 -0.00866025 0.005 -0.509091 -0.00866025 -0.005 -0.5 0.005 -0.00866025 -0.5 0.01 -6.12323e-19 -0.5 0.005 0.00866025 -0.5 -0.005 0.00866025 -0.5 -0.01 1.83697e-18 -0.5 -0.005 -0.00866025 -0.490909 0 -0.01 -0.490909 0.00866025 -0.005 -0.490909 0.00866025 0.005 -0.490909 1.22465e-18 0.01 -0.490909 -0.00866025 0.005 -0.490909 -0.00866025 -0.005 -0.481818 0.005 -0.00866025 -0.481818 0.01 -6.12323e-19 -0.481818 0.005 0.00866025 -0.481818 -0.005 0.00866025 -0.481818 -0.01 1.83697e-18 -0.481818 -0.005 -0.00866025 -0.472727 0 -0.01 -0.472727 0.00866025 -0.005 -0.472727 0.00866025 0.005 -0.472727 1.22465e-18 0.01 -0.472727 -0.00866025 0.005 -0.472727 -0.00866025 -0.005 -0.463636 0.005 -0.00866025 -0.463636 0.01 -6.12323e-19 -0.463636 0.005 0.00866025 -0.463636 -0.005 0.00866025 -0.463636 -0.01 1.83697e-18 -0.463636 -0.005 -0.00866025 -0.454545 0 -0.01 -0.454545 0.00866025 -0.005 -0.454545 0.00866025 0.005 -0.454545 1.22465e-18 0.01 -0.454545 -0.00866025 0.005 -0.454545 -0.00866025 -0.005 -0.445455 0.005 -0.00866025 -0.445455 0.01 -6.12323e-19 -0.445455 0.005 0.00866025 -0.445455 -0.005 0.00866025 -0.445455 -0.01 1.83697e-18 -0.445455 -0.005 -0.00866025 -0.436364 0 -0.01 -0.436364 0.00866025 -0.005 -0.436364 0.00866025 0.005 -0.436364 1.22465e-18 0.01 -0.436364 -0.00866025 0.005 -0.436364 -0.00866025 -0.005 -0.427273 0.005 -0.00866025 -0.427273 0.01 -6.12323e-19 -0.427273 0.005 0.00866025 -0.427273 -0.005 0.00866025 -0.427273 -0.01 1.83697e-18 -0.427273 -0.005 -0.00866025 -0.418182 0 -0.01 -0.418182 0.00866025 -0.005 -0.418182 0.00866025 0.005 -0.418182 1.22465e-18 0.01 -0.418182 -0.00866025 0.005 -0.418182 -0.00866025 -0.005 -0.409091 0.005 -0.00866025 -0.409091 0.01 -6.12323e-19 -0.409091 0.005 0.00866025 -0.409091 -0.005 0.00866025 -0.409091 -0.01 1.83697e-18 -0.409091 -0.005 -0.00866025 -0.4 0 -0.01 -0.4 0.00866025 -0.005 -0.4 0.00866025 0.005 -0.4 1.22465e-18 0.01 -0.4 -0.00866025 0.005 -0.4 -0.00866025 -0.005 -0.390909 0.005 -0.00866025 -0.390909 0.01 -6.12323e-19 -0.390909 0.005 0.00866025 -0.390909 -0.005 0.00866025 -0.390909 -0.01 1.83697e-18 -0.390909 -0.005 -0.00866025 -0.381818 0 -0.01 -0.381818 0.00866025 -0.005 -0.381818 0.00866025 0.005 -0.381818 1.22465e-18 0.01 -0.381818 -0.00866025 0.005 -0.381818 -0.00866025 -0.005 -0.372727 0.005 -0.00866025 -0.372727 0.01 -6.12323e-19 -0.372727 0.005 0.00866025 -0.372727 -0.005 0.00866025 -0.372727 -0.01 1.83697e-18 -0.372727 -0.005 -0.00866025 -0.363636 0 -0.01 -0.363636 0.00866025 -0.005 -0.363636 0.00866025 0.005 -0.363636 1.22465e-18 0.01 -0.363636 -0.00866025 0.005 -0.363636 -0.00866025 -0.005 -0.354545 0.005 -0.00866025 -0.354545 0.01 -6.12323e-19 -0.354545 0.005 0.00866025 -0.354545 -0.005 0.00866025 -0.354545 -0.01 1.83697e-18 -0.354545 -0.005 -0.00866025 -0.345455 0 -0.01 -0.345455 0.00866025 -0.005 -0.345455 0.00866025 0.005 -0.345455 1.22465e-18 0.01 -0.345455 -0.00866025 0.005 -0.345455 -0.00866025 -0.005 -0.336364 0.005 -0.00866025 -0.336364 0.01 -6.12323e-19 -0.336364 0.005 0.00866025 -0.336364 -0.005 0.00866025 -0.336364 -0.01 1.83697e-18 -0.336364 -0.005 -0.00866025 -0.327273 0 -0.01 -0.327273 0.00866025 -0.005 -0.327273 0.00866025 0.005 -0.327273 1.22465e-18 0.01 -0.327273 -0.00866025 0.005 -0.327273 -0.00866025 -0.005 -0.318182 0.005 -0.00866025 -0.318182 0.01 -6.12323e-19 -0.318182 0.005 0.00866025 -0.318182 -0.005 0.00866025 -0.318182 -0.01 1.83697e-18 -0.318182 -0.005 -0.00866025 -0.309091 0 -0.01 -0.309091 0.00866025 -0.005 -0.309091 0.00866025 0.005 -0.309091 1.22465e-18 0.01 -0.309091 -0.00866025 0.005 -0.309091 -0.00866025 -0.005 -0.3 0.005 -0.00866025 -0.3 0.01 -6.12323e-19 -0.3 0.005 0.00866025 -0.3 -0.005 0.00866025 -0.3 -0.01 1.83697e-18 -0.3 -0.005 -0.00866025 -0.290909 0 -0.01 -0.290909 0.00866025 -0.005 -0.290909 0.00866025 0.005 -0.290909 1.22465e-18 0.01 -0.290909 -0.00866025 0.005 -0.290909 -0.00866025 -0.005 -0.281818 0.005 -0.00866025 -0.281818 0.01 -6.12323e-19 -0.281818 0.005 0.00866025 -0.281818 -0.005 0.00866025 -0.281818 -0.01 1.83697e-18 -0.281818 -0.005 -0.00866025 -0.272727 0 -0.01 -0.272727 0.00866025 -0.005 -0.272727 0.00866025 0.005 -0.272727 1.22465e-18 0.01 -0.272727 -0.00866025 0.005 -0.272727 -0.00866025 -0.005 -0.263636 0.005 -0.00866025 -0.263636 0.01 -6.12323e-19 -0.263636 0.005 0.00866025 -0.263636 -0.005 0.00866025 -0.263636 -0.01 1.83697e-18 -0.263636 -0.005 -0.00866025 -0.254545 0 -0.01 -0.254545 0.00866025 -0.005 -0.254545 0.00866025 0.005 -0.254545 1.22465e-18 0.01 -0.254545 -0.00866025 0.005 -0.254545 -0.00866025 -0.005 -0.245455 0.005 -0.00866025 -0.245455 0.01 -6.12323e-19 -0.245455 0.005 0.00866025 -0.245455 -0.005 0.00866025 -0.245455 -0.01 1.83697e-18 -0.245455 -0.005 -0.00866025 -0.236364 0 -0.01 -0.236364 0.00866025 -0.005 -0.236364 0.00866025 0.005 -0.236364 1.22465e-18 0.01 -0.236364 -0.00866025 0.005 -0.236364 -0.00866025 -0.005 -0.227273 0.005 -0.00866025 -0.227273 0.01 -6.12323e-19 -0.227273 0.005 0.00866025 -0.227273 -0.005 0.00866025 -0.227273 -0.01 1.83697e-18 -0.227273 -0.005 -0.00866025 -0.218182 0 -0.01 -0.218182 0.00866025 -0.005 -0.218182 0.00866025 0.005 -0.218182 1.22465e-18 0.01 -0.218182 -0.00866025 0.005 -0.218182 -0.00866025 -0.005 -0.209091 0.005 -0.00866025 -0.209091 0.01 -6.12323e-19 -0.209091 0.005 0.00866025 -0.209091 -0.005 0.00866025 -0.209091 -0.01 1.83697e-18 -0.209091 -0.005 -0.00866025 -0.2 0 -0.01 -0.2 0.00866025 -0.005 -0.2 0.00866025 0.005 -0.2 1.22465e-18 0.01 -0.2 -0.00866025 0.005 -0.2 -0.00866025 -0.005 -0.190909 0.005 -0.00866025 -0.190909 0.01 -6.12323e-19 -0.190909 0.005 0.00866025 -0.190909 -0.005 0.00866025 -0.190909 -0.01 1.83697e-18 -0.190909 -0.005 -0.00866025 -0.181818 0 -0.01 -0.181818 0.00866025 -0.005 -0.181818 0.00866025 0.005 -0.181818 1.22465e-18 0.01 -0.181818 -0.00866025 0.005 -0.181818 -0.00866025 -0.005 -0.172727 0.005 -0.00866025 -0.172727 0.01 -6.12323e-19 -0.172727 0.005 0.00866025 -0.172727 -0.005 0.00866025 -0.172727 -0.01 1.83697e-18 -0.172727 -0.005 -0.00866025 -0.163636 0 -0.01 -0.163636 0.00866025 -0.005 -0.163636 0.00866025 0.005 -0.163636 1.22465e-18 0.01 -0.163636 -0.00866025 0.005 -0.163636 -0.00866025 -0.005 -0.154545 0.005 -0.00866025 -0.154545 0.01 -6.12323e-19 -0.154545 0.005 0.00866025 -0.154545 -0.005 0.00866025 -0.154545 -0.01 1.83697e-18 -0.154545 -0.005 -0.00866025 -0.145455 0 -0.01 -0.145455 0.00866025 -0.005 -0.145455 0.00866025 0.005 -0.145455 1.22465e-18 0.01 -0.145455 -0.00866025 0.005 -0.145455 -0.00866025 -0.005 -0.136364 0.005 -0.00866025 -0.136364 0.01 -6.12323e-19 -0.136364 0.005 0.00866025 -0.136364 -0.005 0.00866025 -0.136364 -0.01 1.83697e-18 -0.136364 -0.005 -0.00866025 -0.127273 0 -0.01 -0.127273 0.00866025 -0.005 -0.127273 0.00866025 0.005 -0.127273 1.22465e-18 0.01 -0.127273 -0.00866025 0.005 -0.127273 -0.00866025 -0.005 -0.118182 0.005 -0.00866025 -0.118182 0.01 -6.12323e-19 -0.118182 0.005 0.00866025 -0.118182 -0.005 0.00866025 -0.118182 -0.01 1.83697e-18 -0.118182 -0.005 -0.00866025 -0.109091 0 -0.01 -0.109091 0.00866025 -0.005 -0.109091 0.00866025 0.005 -0.109091 1.22465e-18 0.01 -0.109091 -0.00866025 0.005 -0.109091 -0.00866025 -0.005 -0.1 0.005 -0.00866025 -0.1 0.01 -6.12323e-19 -0.1 0.005 0.00866025 -0.1 -0.005 0.00866025 -0.1 -0.01 1.83697e-18 -0.1 -0.005 -0.00866025 -0.0909091 0 -0.01 -0.0909091 0.00866025 -0.005 -0.0909091 0.00866025 0.005 -0.0909091 1.22465e-18 0.01 -0.0909091 -0.00866025 0.005 -0.0909091 -0.00866025 -0.005 -0.0818182 0.005 -0.00866025 -0.0818182 0.01 -6.12323e-19 -0.0818182 0.005 0.00866025 -0.0818182 -0.005 0.00866025 -0.0818182 -0.01 1.83697e-18 -0.0818182 -0.005 -0.00866025 -0.0727273 0 -0.01 -0.0727273 0.00866025 -0.005 -0.0727273 0.00866025 0.005 -0.0727273 1.22465e-18 0.01 -0.0727273 -0.00866025 0.005 -0.0727273 -0.00866025 -0.005 -0.0636364 0.005 -0.00866025 -0.0636364 0.01 -6.12323e-19 -0.0636364 0.005 0.00866025 -0.0636364 -0.005 0.00866025 -0.0636364 -0.01 1.83697e-18 -0.0636364 -0.005 -0.00866025 -0.0545455 0 -0.01 -0.0545455 0.00866025 -0.005 -0.0545455 0.00866025 0.005 -0.0545455 1.22465e-18 0.01 -0.0545455 -0.00866025 0.005 -0.0545455 -0.00866025 -0.005 -0.0454545 0.005 -0.00866025 -0.0454545 0.01 -6.12323e-19 -0.0454545 0.005 0.00866025 -0.0454545 -0.005 0.00866025 -0.0454545 -0.01 1.83697e-18 -0.0454545 -0.005 -0.00866025 -0.0363636 0 -0.01 -0.0363636 0.00866025 -0.005 -0.0363636 0.00866025 0.005 -0.0363636 1.22465e-18 0.01 -0.0363636 -0.00866025 0.005 -0.0363636 -0.00866025 -0.005 -0.0272727 0.005 -0.00866025 -0.0272727 0.01 -6.12323e-19 -0.0272727 0.005 0.00866025 -0.0272727 -0.005 0.00866025 -0.0272727 -0.01 1.83697e-18 -0.0272727 -0.005 -0.00866025 -0.0181818 0 -0.01 -0.0181818 0.00866025 -0.005 -0.0181818 0.00866025 0.005 -0.0181818 1.22465e-18 0.01 -0.0181818 -0.00866025 0.005 -0.0181818 -0.00866025 -0.005 -0.00909091 0.005 -0.00866025 -0.00909091 0.01 -6.12323e-19 -0.00909091 0.005 0.00866025 -0.00909091 -0.005 0.00866025 -0.00909091 -0.01 1.83697e-18 -0.00909091 -0.005 -0.00866025 0 0 -0.01 0 0.00866025 -0.005 0 0.00866025 0.005 0 1.22465e-18 0.01 0 -0.00866025 0.005 0 -0.00866025 -0.005 0.00909091 0.005 -0.00866025 0.00909091 0.01 -6.12323e-19 0.00909091 0.005 0.00866025 0.00909091 -0.005 0.00866025 0.00909091 -0.01 1.83697e-18 0.00909091 -0.005 -0.00866025 0.0181818 0 -0.01 0.0181818 0.00866025 -0.005 0.0181818 0.00866025 0.005 0.0181818 1.22465e-18 0.01 0.0181818 -0.00866025 0.005 0.0181818 -0.00866025 -0.005 0.0272727 0.005 -0.00866025 0.0272727 0.01 -6.12323e-19 0.0272727 0.005 0.00866025 0.0272727 -0.005 0.00866025 0.0272727 -0.01 1.83697e-18 0.0272727 -0.005 -0.00866025 0.0363636 0 -0.01 0.0363636 0.00866025 -0.005 0.0363636 0.00866025 0.005 0.0363636 1.22465e-18 0.01 0.0363636 -0.00866025 0.005 0.0363636 -0.00866025 -0.005 0.0454545 0.005 -0.00866025 0.0454545 0.01 -6.12323e-19 0.0454545 0.005 0.00866025 0.0454545 -0.005 0.00866025 0.0454545 -0.01 1.83697e-18 0.0454545 -0.005 -0.00866025 0.0545455 0 -0.01 0.0545455 0.00866025 -0.005 0.0545455 0.00866025 0.005 0.0545455 1.22465e-18 0.01 0.0545455 -0.00866025 0.005 0.0545455 -0.00866025 -0.005 0.0636364 0.005 -0.00866025 0.0636364 0.01 -6.12323e-19 0.0636364 0.005 0.00866025 0.0636364 -0.005 0.00866025 0.0636364 -0.01 1.83697e-18 0.0636364 -0.005 -0.00866025 0.0727273 0 -0.01 0.0727273 0.00866025 -0.005 0.0727273 0.00866025 0.005 0.0727273 1.22465e-18 0.01 0.0727273 -0.00866025 0.005 0.0727273 -0.00866025 -0.005 0.0818182 0.005 -0.00866025 0.0818182 0.01 -6.12323e-19 0.0818182 0.005 0.00866025 0.0818182 -0.005 0.00866025 0.0818182 -0.01 1.83697e-18 0.0818182 -0.005 -0.00866025 0.0909091 0 -0.01 0.0909091 0.00866025 -0.005 0.0909091 0.00866025 0.005 0.0909091 1.22465e-18 0.01 0.0909091 -0.00866025 0.005 0.0909091 -0.00866025 -0.005 0.1 0.005 -0.00866025 0.1 0.01 -6.12323e-19 0.1 0.005 0.00866025 0.1 -0.005 0.00866025 0.1 -0.01 1.83697e-18 0.1 -0.005 -0.00866025 0.109091 0 -0.01 0.109091 0.00866025 -0.005 0.109091 0.00866025 0.005 0.109091 1.22465e-18 0.01 0.109091 -0.00866025 0.005 0.109091 -0.00866025 -0.005 0.118182 0.005 -0.00866025 0.118182 0.01 -6.12323e-19 0.118182 0.005 0.00866025 0.118182 -0.005 0.00866025 0.118182 -0.01 1.83697e-18 0.118182 -0.005 -0.00866025 0.127273 0 -0.01 0.127273 0.00866025 -0.005 0.127273 0.00866025 0.005 0.127273 1.22465e-18 0.01 0.127273 -0.00866025 0.005 0.127273 -0.00866025 -0.005 0.136364 0.005 -0.00866025 0.136364 0.01 -6.12323e-19 0.136364 0.005 0.00866025 0.136364 -0.005 0.00866025 0.136364 -0.01 1.83697e-18 0.136364 -0.005 -0.00866025 0.145455 0 -0.01 0.145455 0.00866025 -0.005 0.145455 0.00866025 0.005 0.145455 1.22465e-18 0.01 0.145455 -0.00866025 0.005 0.145455 -0.00866025 -0.005 0.154545 0.005 -0.00866025 0.154545 0.01 -6.12323e-19 0.154545 0.005 0.00866025 0.154545 -0.005 0.00866025 0.154545 -0.01 1.83697e-18 0.154545 -0.005 -0.00866025 0.163636 0 -0.01 0.163636 0.00866025 -0.005 0.163636 0.00866025 0.005 0.163636 1.22465e-18 0.01 0.163636 -0.00866025 0.005 0.163636 -0.00866025 -0.005 0.172727 0.005 -0.00866025 0.172727 0.01 -6.12323e-19 0.172727 0.005 0.00866025 0.172727 -0.005 0.00866025 0.172727 -0.01 1.83697e-18 0.172727 -0.005 -0.00866025 0.181818 0 -0.01 0.181818 0.00866025 -0.005 0.181818 0.00866025 0.005 0.181818 1.22465e-18 0.01 0.181818 -0.00866025 0.005 0.181818 -0.00866025 -0.005 0.190909 0.005 -0.00866025 0.190909 0.01 -6.12323e-19 0.190909 0.005 0.00866025 0.190909 -0.005 0.00866025 0.190909 -0.01 1.83697e-18 0.190909 -0.005 -0.00866025 0.2 0 -0.01 0.2 0.00866025 -0.005 0.2 0.00866025 0.005 0.2 1.22465e-18 0.01 0.2 -0.00866025 0.005 0.2 -0.00866025 -0.005 0.209091 0.005 -0.00866025 0.209091 0.01 -6.12323e-19 0.209091 0.005 0.00866025 0.209091 -0.005 0.00866025 0.209091 -0.01 1.83697e-18 0.209091 -0.005 -0.00866025 0.218182 0 -0.01 0.218182 0.00866025 -0.005 0.218182 0.00866025 0.005 0.218182 1.22465e-18 0.01 0.218182 -0.00866025 0.005 0.218182 -0.00866025 -0.005 0.227273 0.005 -0.00866025 0.227273 0.01 -6.12323e-19 0.227273 0.005 0.00866025 0.227273 -0.005 0.00866025 0.227273 -0.01 1.83697e-18 0.227273 -0.005 -0.00866025 0.236364 0 -0.01 0.236364 0.00866025 -0.005 0.236364 0.00866025 0.005 0.236364 1.22465e-18 0.01 0.236364 -0.00866025 0.005 0.236364 -0.00866025 -0.005 0.245455 0.005 -0.00866025 0.245455 0.01 -6.12323e-19 0.245455 0.005 0.00866025 0.245455 -0.005 0.00866025 0.245455 -0.01 1.83697e-18 0.245455 -0.005 -0.00866025 0.254545 0 -0.01 0.254545 0.00866025 -0.005 0.254545 0.00866025 0.005 0.254545 1.22465e-18 0.01 0.254545 -0.00866025 0.005 0.254545 -0.00866025 -0.005 0.263636 0.005 -0.00866025 0.263636 0.01 -6.12323e-19 0.263636 0.005 0.00866025 0.263636 -0.005 0.00866025 0.263636 -0.01 1.83697e-18 0.263636 -0.005 -0.00866025 0.272727 0 -0.01 0.272727 0.00866025 -0.005 0.272727 0.00866025 0.005 0.272727 1.22465e-18 0.01 0.272727 -0.00866025 0.005 0.272727 -0.00866025 -0.005 0.281818 0.005 -0.00866025 0.281818 0.01 -6.12323e-19 0.281818 0.005 0.00866025 0.281818 -0.005 0.00866025 0.281818 -0.01 1.83697e-18 0.281818 -0.005 -0.00866025 0.290909 0 -0.01 0.290909 0.00866025 -0.005 0.290909 0.00866025 0.005 0.290909 1.22465e-18 0.01 0.290909 -0.00866025 0.005 0.290909 -0.00866025 -0.005 0.3 0.005 -0.00866025 0.3 0.01 -6.12323e-19 0.3 0.005 0.00866025 0.3 -0.005 0.00866025 0.3 -0.01 1.83697e-18 0.3 -0.005 -0.00866025 0.309091 0 -0.01 0.309091 0.00866025 -0.005 0.309091 0.00866025 0.005 0.309091 1.22465e-18 0.01 0.309091 -0.00866025 0.005 0.309091 -0.00866025 -0.005 0.318182 0.005 -0.00866025 0.318182 0.01 -6.12323e-19 0.318182 0.005 0.00866025 0.318182 -0.005 0.00866025 0.318182 -0.01 1.83697e-18 0.318182 -0.005 -0.00866025 0.327273 0 -0.01 0.327273 0.00866025 -0.005 0.327273 0.00866025 0.005 0.327273 1.22465e-18 0.01 0.327273 -0.00866025 0.005 0.327273 -0.00866025 -0.005 0.336364 0.005 -0.00866025 0.336364 0.01 -6.12323e-19 0.336364 0.005 0.00866025 0.336364 -0.005 0.00866025 0.336364 -0.01 1.83697e-18 0.336364 -0.005 -0.00866025 0.345455 0 -0.01 0.345455 0.00866025 -0.005 0.345455 0.00866025 0.005 0.345455 1.22465e-18 0.01 0.345455 -0.00866025 0.005 0.345455 -0.00866025 -0.005 0.354545 0.005 -0.00866025 0.354545 0.01 -6.12323e-19 0.354545 0.005 0.00866025 0.354545 -0.005 0.00866025 0.354545 -0.01 1.83697e-18 0.354545 -0.005 -0.00866025 0.363636 0 -0.01 0.363636 0.00866025 -0.005 0.363636 0.00866025 0.005 0.363636 1.22465e-18 0.01 0.363636 -0.00866025 0.005 0.363636 -0.00866025 -0.005 0.372727 0.005 -0.00866025 0.372727 0.01 -6.12323e-19 0.372727 0.005 0.00866025 0.372727 -0.005 0.00866025 0.372727 -0.01 1.83697e-18 0.372727 -0.005 -0.00866025 0.381818 0 -0.01 0.381818 0.00866025 -0.005 0.381818 0.00866025 0.005 0.381818 1.22465e-18 0.01 0.381818 -0.00866025 0.005 0.381818 -0.00866025 -0.005 0.390909 0.005 -0.00866025 0.390909 0.01 -6.12323e-19 0.390909 0.005 0.00866025 0.390909 -0.005 0.00866025 0.390909 -0.01 1.83697e-18 0.390909 -0.005 -0.00866025 0.4 0 -0.01 0.4 0.00866025 -0.005 0.4 0.00866025 0.005 0.4 1.22465e-18 0.01 0.4 -0.00866025 0.005 0.4 -0.00866025 -0.005 0.409091 0.005 -0.00866025 0.409091 0.01 -6.12323e-19 0.409091 0.005 0.00866025 0.409091 -0.005 0.00866025 0.409091 -0.01 1.83697e-18 0.409091 -0.005 -0.00866025 0.418182 0 -0.01 0.418182 0.00866025 -0.005 0.418182 0.00866025 0.005 0.418182 1.22465e-18 0.01 0.418182 -0.00866025 0.005 0.418182 -0.00866025 -0.005 0.427273 0.005 -0.00866025 0.427273 0.01 -6.12323e-19 0.427273 0.005 0.00866025 0.427273 -0.005 0.00866025 0.427273 -0.01 1.83697e-18 0.427273 -0.005 -0.00866025 0.436364 0 -0.01 0.436364 0.00866025 -0.005 0.436364 0.00866025 0.005 0.436364 1.22465e-18 0.01 0.436364 -0.00866025 0.005 0.436364 -0.00866025 -0.005 0.445455 0.005 -0.00866025 0.445455 0.01 -6.12323e-19 0.445455 0.005 0.00866025 0.445455 -0.005 0.00866025 0.445455 -0.01 1.83697e-18 0.445455 -0.005 -0.00866025 0.454545 0 -0.01 0.454545 0.00866025 -0.005 0.454545 0.00866025 0.005 0.454545 1.22465e-18 0.01 0.454545 -0.00866025 0.005 0.454545 -0.00866025 -0.005 0.463636 0.005 -0.00866025 0.463636 0.01 -6.12323e-19 0.463636 0.005 0.00866025 0.463636 -0.005 0.00866025 0.463636 -0.01 1.83697e-18 0.463636 -0.005 -0.00866025 0.472727 0 -0.01 0.472727 0.00866025 -0.005 0.472727 0.00866025 0.005 0.472727 1.22465e-18 0.01 0.472727 -0.00866025 0.005 0.472727 -0.00866025 -0.005 0.481818 0.005 -0.00866025 0.481818 0.01 -6.12323e-19 0.481818 0.005 0.00866025 0.481818 -0.005 0.00866025 0.481818 -0.01 1.83697e-18 0.481818 -0.005 -0.00866025 0.490909 0 -0.01 0.490909 0.00866025 -0.005 0.490909 0.00866025 0.005 0.490909 1.22465e-18 0.01 0.490909 -0.00866025 0.005 0.490909 -0.00866025 -0.005 0.5 0.005 -0.00866025 0.5 0.01 -6.12323e-19 0.5 0.005 0.00866025 0.5 -0.005 0.00866025 0.5 -0.01 1.83697e-18 0.5 -0.005 -0.00866025 0.509091 0 -0.01 0.509091 0.00866025 -0.005 0.509091 0.00866025 0.005 0.509091 1.22465e-18 0.01 0.509091 -0.00866025 0.005 0.509091 -0.00866025 -0.005 0.518182 0.005 -0.00866025 0.518182 0.01 -6.12323e-19 0.518182 0.005 0.00866025 0.518182 -0.005 0.00866025 0.518182 -0.01 1.83697e-18 0.518182 -0.005 -0.00866025 0.527273 0 -0.01 0.527273 0.00866025 -0.005 0.527273 0.00866025 0.005 0.527273 1.22465e-18 0.01 0.527273 -0.00866025 0.005 0.527273 -0.00866025 -0.005 0.536364 0.005 -0.00866025 0.536364 0.01 -6.12323e-19 0.536364 0.005 0.00866025 0.536364 -0.005 0.00866025 0.536364 -0.01 1.83697e-18 0.536364 -0.005 -0.00866025 0.545455 0 -0.01 0.545455 0.00866025 -0.005 0.545455 0.00866025 0.005 0.545455 1.22465e-18 0.01 0.545455 -0.00866025 0.005 0.545455 -0.00866025 -0.005 0.554545 0.005 -0.00866025 0.554545 0.01 -6.12323e-19 0.554545 0.005 0.00866025 0.554545 -0.005 0.00866025 0.554545 -0.01 1.83697e-18 0.554545 -0.005 -0.00866025 0.563636 0 -0.01 0.563636 0.00866025 -0.005 0.563636 0.00866025 0.005 0.563636 1.22465e-18 0.01 0.563636 -0.00866025 0.005 0.563636 -0.00866025 -0.005 0.572727 0.005 -0.00866025 0.572727 0.01 -6.12323e-19 0.572727 0.005 0.00866025 0.572727 -0.005 0.00866025 0.572727 -0.01 1.83697e-18 0.572727 -0.005 -0.00866025 0.581818 0 -0.01 0.581818 0.00866025 -0.005 0.581818 0.00866025 0.005 0.581818 1.22465e-18 0.01 0.581818 -0.00866025 0.005 0.581818 -0.00866025 -0.005 0.590909 0.005 -0.00866025 0.590909 0.01 -6.12323e-19 0.590909 0.005 0.00866025 0.590909 -0.005 0.00866025 0.590909 -0.01 1.83697e-18 0.590909 -0.005 -0.00866025 0.6 0 -0.01 0.6 0.00866025 -0.005 0.6 0.00866025 0.005 0.6 1.22465e-18 0.01 0.6 -0.00866025 0.005 0.6 -0.00866025 -0.005 0.609091 0.005 -0.00866025 0.609091 0.01 -6.12323e-19 0.609091 0.005 0.00866025 0.609091 -0.005 0.00866025 0.609091 -0.01 1.83697e-18 0.609091 -0.005 -0.00866025 0.618182 0 -0.01 0.618182 0.00866025 -0.005 0.618182 0.00866025 0.005 0.618182 1.22465e-18 0.01 0.618182 -0.00866025 0.005 0.618182 -0.00866025 -0.005 0.627273 0.005 -0.00866025 0.627273 0.01 -6.12323e-19 0.627273 0.005 0.00866025 0.627273 -0.005 0.00866025 0.627273 -0.01 1.83697e-18 0.627273 -0.005 -0.00866025 0.636364 0 -0.01 0.636364 0.00866025 -0.005 0.636364 0.00866025 0.005 0.636364 1.22465e-18 0.01 0.636364 -0.00866025 0.005 0.636364 -0.00866025 -0.005 0.645455 0.005 -0.00866025 0.645455 0.01 -6.12323e-19 0.645455 0.005 0.00866025 0.645455 -0.005 0.00866025 0.645455 -0.01 1.83697e-18 0.645455 -0.005 -0.00866025 0.654545 0 -0.01 0.654545 0.00866025 -0.005 0.654545 0.00866025 0.005 0.654545 1.22465e-18 0.01 0.654545 -0.00866025 0.005 0.654545 -0.00866025 -0.005 0.663636 0.005 -0.00866025 0.663636 0.01 -6.12323e-19 0.663636 0.005 0.00866025 0.663636 -0.005 0.00866025 0.663636 -0.01 1.83697e-18 0.663636 -0.005 -0.00866025 0.672727 0 -0.01 0.672727 0.00866025 -0.005 0.672727 0.00866025 0.005 0.672727 1.22465e-18 0.01 0.672727 -0.00866025 0.005 0.672727 -0.00866025 -0.005 0.681818 0.005 -0.00866025 0.681818 0.01 -6.12323e-19 0.681818 0.005 0.00866025 0.681818 -0.005 0.00866025 0.681818 -0.01 1.83697e-18 0.681818 -0.005 -0.00866025 0.690909 0 -0.01 0.690909 0.00866025 -0.005 0.690909 0.00866025 0.005 0.690909 1.22465e-18 0.01 0.690909 -0.00866025 0.005 0.690909 -0.00866025 -0.005 0.7 0.005 -0.00866025 0.7 0.01 -6.12323e-19 0.7 0.005 0.00866025 0.7 -0.005 0.00866025 0.7 -0.01 1.83697e-18 0.7 -0.005 -0.00866025 0.709091 0 -0.01 0.709091 0.00866025 -0.005 0.709091 0.00866025 0.005 0.709091 1.22465e-18 0.01 0.709091 -0.00866025 0.005 0.709091 -0.00866025 -0.005 0.718182 0.005 -0.00866025 0.718182 0.01 -6.12323e-19 0.718182 0.005 0.00866025 0.718182 -0.005 0.00866025 0.718182 -0.01 1.83697e-18 0.718182 -0.005 -0.00866025 0.727273 0 -0.01 0.727273 0.00866025 -0.005 0.727273 0.00866025 0.005 0.727273 1.22465e-18 0.01 0.727273 -0.00866025 0.005 0.727273 -0.00866025 -0.005 0.736364 0.005 -0.00866025 0.736364 0.01 -6.12323e-19 0.736364 0.005 0.00866025 0.736364 -0.005 0.00866025 0.736364 -0.01 1.83697e-18 0.736364 -0.005 -0.00866025 0.745455 0 -0.01 0.745455 0.00866025 -0.005 0.745455 0.00866025 0.005 0.745455 1.22465e-18 0.01 0.745455 -0.00866025 0.005 0.745455 -0.00866025 -0.005 0.754545 0.005 -0.00866025 0.754545 0.01 -6.12323e-19 0.754545 0.005 0.00866025 0.754545 -0.005 0.00866025 0.754545 -0.01 1.83697e-18 0.754545 -0.005 -0.00866025 0.763636 0 -0.01 0.763636 0.00866025 -0.005 0.763636 0.00866025 0.005 0.763636 1.22465e-18 0.01 0.763636 -0.00866025 0.005 0.763636 -0.00866025 -0.005 0.772727 0.005 -0.00866025 0.772727 0.01 -6.12323e-19 0.772727 0.005 0.00866025 0.772727 -0.005 0.00866025 0.772727 -0.01 1.83697e-18 0.772727 -0.005 -0.00866025 0.781818 0 -0.01 0.781818 0.00866025 -0.005 0.781818 0.00866025 0.005 0.781818 1.22465e-18 0.01 0.781818 -0.00866025 0.005 0.781818 -0.00866025 -0.005 0.790909 0.005 -0.00866025 0.790909 0.01 -6.12323e-19 0.790909 0.005 0.00866025 0.790909 -0.005 0.00866025 0.790909 -0.01 1.83697e-18 0.790909 -0.005 -0.00866025 0.8 0 -0.01 0.8 0.00866025 -0.005 0.8 0.00866025 0.005 0.8 1.22465e-18 0.01 0.8 -0.00866025 0.005 0.8 -0.00866025 -0.005 0.809091 0.005 -0.00866025 0.809091 0.01 -6.12323e-19 0.809091 0.005 0.00866025 0.809091 -0.005 0.00866025 0.809091 -0.01 1.83697e-18 0.809091 -0.005 -0.00866025 0.818182 0 -0.01 0.818182 0.00866025 -0.005 0.818182 0.00866025 0.005 0.818182 1.22465e-18 0.01 0.818182 -0.00866025 0.005 0.818182 -0.00866025 -0.005 0.827273 0.005 -0.00866025 0.827273 0.01 -6.12323e-19 0.827273 0.005 0.00866025 0.827273 -0.005 0.00866025 0.827273 -0.01 1.83697e-18 0.827273 -0.005 -0.00866025 0.836364 0 -0.01 0.836364 0.00866025 -0.005 0.836364 0.00866025 0.005 0.836364 1.22465e-18 0.01 0.836364 -0.00866025 0.005 0.836364 -0.00866025 -0.005 0.845455 0.005 -0.00866025 0.845455 0.01 -6.12323e-19 0.845455 0.005 0.00866025 0.845455 -0.005 0.00866025 0.845455 -0.01 1.83697e-18 0.845455 -0.005 -0.00866025 0.854545 0 -0.01 0.854545 0.00866025 -0.005 0.854545 0.00866025 0.005 0.854545 1.22465e-18 0.01 0.854545 -0.00866025 0.005 0.854545 -0.00866025 -0.005 0.863636 0.005 -0.00866025 0.863636 0.01 -6.12323e-19 0.863636 0.005 0.00866025 0.863636 -0.005 0.00866025 0.863636 -0.01 1.83697e-18 0.863636 -0.005 -0.00866025 0.872727 0 -0.01 0.872727 0.00866025 -0.005 0.872727 0.00866025 0.005 0.872727 1.22465e-18 0.01 0.872727 -0.00866025 0.005 0.872727 -0.00866025 -0.005 0.881818 0.005 -0.00866025 0.881818 0.01 -6.12323e-19 0.881818 0.005 0.00866025 0.881818 -0.005 0.00866025 0.881818 -0.01 1.83697e-18 0.881818 -0.005 -0.00866025 0.890909 0 -0.01 0.890909 0.00866025 -0.005 0.890909 0.00866025 0.005 0.890909 1.22465e-18 0.01 0.890909 -0.00866025 0.005 0.890909 -0.00866025 -0.005 0.9 0.005 -0.00866025 0.9 0.01 -6.12323e-19 0.9 0.005 0.00866025 0.9 -0.005 0.00866025 0.9 -0.01 1.83697e-18 0.9 -0.005 -0.00866025 0.909091 0 -0.01 0.909091 0.00866025 -0.005 0.909091 0.00866025 0.005 0.909091 1.22465e-18 0.01 0.909091 -0.00866025 0.005 0.909091 -0.00866025 -0.005 0.918182 0.005 -0.00866025 0.918182 0.01 -6.12323e-19 0.918182 0.005 0.00866025 0.918182 -0.005 0.00866025 0.918182 -0.01 1.83697e-18 0.918182 -0.005 -0.00866025 0.927273 0 -0.01 0.927273 0.00866025 -0.005 0.927273 0.00866025 0.005 0.927273 1.22465e-18 0.01 0.927273 -0.00866025 0.005 0.927273 -0.00866025 -0.005 0.936364 0.005 -0.00866025 0.936364 0.01 -6.12323e-19 0.936364 0.005 0.00866025 0.936364 -0.005 0.00866025 0.936364 -0.01 1.83697e-18 0.936364 -0.005 -0.00866025 0.945455 0 -0.01 0.945455 0.00866025 -0.005 0.945455 0.00866025 0.005 0.945455 1.22465e-18 0.01 0.945455 -0.00866025 0.005 0.945455 -0.00866025 -0.005 0.954545 0.005 -0.00866025 0.954545 0.01 -6.12323e-19 0.954545 0.005 0.00866025 0.954545 -0.005 0.00866025 0.954545 -0.01 1.83697e-18 0.954545 -0.005 -0.00866025 0.963636 0 -0.01 0.963636 0.00866025 -0.005 0.963636 0.00866025 0.005 0.963636 1.22465e-18 0.01 0.963636 -0.00866025 0.005 0.963636 -0.00866025 -0.005 0.972727 0.005 -0.00866025 0.972727 0.01 -6.12323e-19 0.972727 0.005 0.00866025 0.972727 -0.005 0.00866025 0.972727 -0.01 1.83697e-18 0.972727 -0.005 -0.00866025 0.981818 0 -0.01 0.981818 0.00866025 -0.005 0.981818 0.00866025 0.005 0.981818 1.22465e-18 0.01 0.981818 -0.00866025 0.005 0.981818 -0.00866025 -0.005 0.990909 0.005 -0.00866025 0.990909 0.01 -6.12323e-19 0.990909 0.005 0.00866025 0.990909 -0.005 0.00866025 0.990909 -0.01 1.83697e-18 0.990909 -0.005 -0.00866025 1 0 -0.01 1 0.00866025 -0.005 1 0.00866025 0.005 1 1.22465e-18 0.01 1 -0.00866025 0.005 1 -0.00866025 -0.005 -1 0 0 -1 0 -0.01 -1 0.00866025 -0.005 -1 0.00866025 0.005 -1 1.22465e-18 0.01 -1 -0.00866025 0.005 -1 -0.00866025 -0.005 1 0 0 1 0 -0.01 1 0.00866025 -0.005 1 0.00866025 0.005 1 1.22465e-18 0.01 1 -0.00866025 0.005 1 -0.00866025 -0.005"/>
     <Normal vector="-0.0538637 0 -0.998548 -0.0538636 0.864768 -0.499274 -0.0538636 0.864768 0.499274 -0.0538637 0 0.998548 -0.0538636 -0.864768 0.499274 -0.0538636 -0.864768 -0.499274 0 0.5 -0.866025 0 1 0 0 0.5 0.866025 0 -0.5 0.866025 0 -1 0 0 -0.5 -0.866025 0 0 -1 0 0.866025 -0.5 0 0.866025 0.5 0 0 1 0 -0.866025 0.5 0 -0.866025 -0.5 1.70907e-07 0.5 -0.866025 1.7642e-07 1 0 1.70907e-07 0.5 0.866025 1.70907e-07 -0.5 0.866025 1.7642e-07 -1 0 1.70907e-07 -0.5 -0.866025 -1.7642e-07 0 -1 -1.70907e-07 0.866025 -0.5 -1.70907e-07 0.866025 0.5 -1.7642e-07 0 1 -1.70907e-07 -0.866025 0.5 -1.70907e-07 -0.866025 -0.5 0 0.5 -0.866025 0 1 0 0 0.5 0.866025 0 -0.5 0.866025 0 -1 0 0 -0.5 -0.866025 0 0 -1 0 0.866025 -0.5 0 0.866025 0.5 0 0 1 0 -0.866025 0.5 0 -0.866025 -0.5 0 0.5 -0.866025 0 1 0 0 0.5 0.866025 0 -0.5 0.866025 0 -1 0 0 -0.5 -0.866025 0 0 -1 0 0.866025 -0.5 0 0.866025 0.5 0 0 1 0 -0.866025 0.5 0 -0.866025 -0.5 0 0.5 -0.866025 0 1 0 0 0.5 0.866025 0 -0.5 0.866025 0 -1 0 0 -0.5 -0.866025 1.7642e-07 0 -1 1.70907e-07 0.866025 -0.5 1.70907e-07 0.866025 0.5 1.7642e-07 0 1 1.70907e-07 -0.866025 0.5 1.70907e-07 -0.866025 -0.5 -1.70907e-07 0.5 -0.866025 -1.7642e-07 1 0 -1.70907e-07 0.5 0.866025 -1.70907e-07 -0.5 0.866025 -1.7642e-07 -1 0 -1.70907e-07 -0.5 -0.866025 0 0 -1 0 0.866025 -0.5 0 0.866025 0.5 0 0 1 0 -0.866025 0.5 0 -0.866025 -0.5 0 0.5 -0.866025 0 1 0 0 0.5 0.866025 0 -0.5 0.866025 0 -1 0 0 -0.5 -0.866025 0 0 -1 0 0.866025 -0.5 0 0.866025 0.5 0 0 1 0 -0.866025 0.5 0 -0.866025 -0.5 0 0.5 -0.866025 0 1 0 0 0.5 0.866025 0 -0.5 0.866025 0 -1 0 0 -0.5 -0.866025 0 0 -1 0 0.866025 -0.5 0 0.866025 0.5 0 0 1 0 -0.866025 0.5 0 -0.866025 -0.5 1.70907e-07 0.5 -0.866025 1.7642e-07 1 0 1.70907e-07 0.5 0.866025 1.70907e-07 -0.5 0.866025 1.7642e-07 -1 0 1.70907e-07 -0.5 -0.866025 -1.7642e-07 0 -1 -1.70907e-07 0.866025 -0.5 -1.70907e-07 0.866025 0.5 -1.7642e-07 0 1 -1.70907e-07 -0.866025 0.5 -1.70907e-07 -0.866025 -0.5 0 0.5 -0.866025 0 1 0 0 0.5 0.866025 0 -0.5 0.866025 0 -1 0 0 -0.5 -0.866025 0 0 -1 0 0.866025 -0.5 0 0.866025 0.5 0 0 1 0 -0.866025 0.5 0 -0.866025 -0.5 0 0.5 -0.866025 0 1 0 0 0.5 0.866025 0 -0.5 0.866025 0 -1 0 0 -0.5 -0.866025 0 0 -1 0 0.866025 -0.5 0 0.866025 0.5 0 0 1 0 -0.866025 0.5 0 -0.866025 -0.5 0 0.5 -0.866025 0 1 0 0 0.5 0.866025 0 -0.5 0.866025 0 -1 0 0 -0.5 -0.866025 1.7642e-07 0 -1 1.70907e-07 0.866025 -0.5 1.70907e-07 0.866025 0.5 1.7642e-07 0 1 1.70907e-07 -0.866025 0.5 1.70907e-07 -0.866025 -0.5 -1.70907e-07 0.5 -0.866025 -1.7642e-07 1 0 -1.70907e-07 0.5 0.866025 -1.70907e-07 -0.5 0.866025 -1.7642e-07 -1 0 -1.70907e-07 -0.5 -0.866025 0 0 -1 0 0.866025 -0.5 0 0.866025 0.5 0 0 1 0 -0.866025 0.5 0 -0.866025 -0.5 0 0.5 -0.866025 0 1 0 0 0.5 0.866025 0 -0.5 0.866025 0 -1 0 0 -0.5 -0.866025 0 0 -1 0 0.866025 -0.5 0 0.866025 0.5 0 0 1 0 -0.866025 0.5 0 -0.866025 -0.5 0 0.5 -0.866025 0 1 0 0 0.5 0.866025 0 -0.5 0.866025 0 -1 0 0 -0.5 -0.866025 1.7642e-07 0 -1 1.70907e-07 0.866025 -0.5 1.70907e-07 0.866025 0.5 1.7642e-07 0 1 1.70907e-07 -0.866025 0.5 1.70907e-07 -0.866025 -0.5 -1.70907e-07 0.5 -0.866025 -1.7642e-07 1 0 -1.70907e-07 0.5 0.866025 -1.70907e-07 -0.5 0.866025 -1.7642e-07 -1 0 -1.70907e-07 -0.5 -0.866025 0 0 -1 0 0.866025 -0.5 0 0.866025 0.5 0 0 1 0 -0.866025 0.5 0 -0.866025 -0.5 0 0.5 -0.866025 0 1 0 0 0.5 0.866025 0 -0.5 0.866025 0 -1 0 0 -0.5 -0.866025 0 0 -1 0 0.866025 -0.5 0 0.866025 0.5 0 0 1 0 -0.866025 0.5 0 -0.866025 -0.5 0 0.5 -0.866025 0 1 0 0 0.5 0.866025 0 -0.5 0.866025 0 -1 0 0 -0.5 -0.866025 0 0 -1 0 0.866025 -0.5 0 0.866025 0.5 0 0 1 0 -0.866025 0.5 0 -0.866025 -0.5 1.70907e-07 0.5 -0.866025 1.7642e-07 1 0 1.70907e-07 0.5 0.866025 1.70907e-07 -0.5 0.866025 1.7642e-07 -1 0 1.70907e-07 -0.5 -0.866025 -1.7642e-07 0 -1 -1.70907e-07 0.866025 -0.5 -1.70907e-07 0.866025 0.5 -1.7642e-07 0 1 -1.70907e-07 -0.866025 0.5 -1.70907e-07 -0.866025 -0.5 0 0.5 -0.866025 0 1 0 0 0.5 0.866025 0 -0.5 0.866025 0 -1 0 0 -0.5 -0.866025 0 0 -1 0 0.866025 -0.5 0 0.866025 0.5 0 0 1 0 -0.866025 0.5 0 -0.866025 -0.5 0 0.5 -0.866025 0 1 0 0 0.5 0.866025 0 -0.5 0.866025 0 -1 0 0 -0.5 -0.866025 0 0 -1 0 0.866025 -0.5 0 0.866025 0.5 0 0 1 0 -0.866025 0.5 0 -0.866025 -0.5 0 0.5 -0.866025 0 1 0 0 0.5 0.866025 0 -0.5 0.866025 0 -1 0 0 -0.5 -0.866025 1.7642e-07 0 -1 1.70907e-07 0.866025 -0.5 1.70907e-07 0.866025 0.5 1.7642e-07 0 1 1.70907e-07 -0.866025 0.5 1.70907e-07 -0.866025 -0.5 -1.70907e-07 0.5 -0.866025 -1.7642e-07 1 0 -1.70907e-07 0.5 0.866025 -1.70907e-07 -0.5 0.866025 -1.7642e-07 -1 0 -1.70907e-07 -0.5 -0.866025 0 0 -1 0 0.866025 -0.5 0 0.866025 0.5 0 0 1 0 -0.866025 0.5 0 -0.866025 -0.5 0 0.5 -0.866025 0 1 0 0 0.5 0.866025 0 -0.5 0.866025 0 -1 0 0 -0.5 -0.866025 0 0 -1 0 0.866025 -0.5 0 0.866025 0.5 0 0 1 0 -0.866025 0.5 0 -0.866025 -0.5 0 0.5 -0.866025 0 1 0 0 0.5 0.866025 0 -0.5 0.866025 0 -1 0 0 -0.5 -0.866025 0 0 -1 0 0.866025 -0.5 0 0.866025 0.5 0 0 1 0 -0.866025 0.5 0 -0.866025 -0.5 1.70907e-07 0.5 -0.866025 1.7642e-07 1 0 1.70907e-07 0.5 0.866025 1.70907e-07 -0.5 0.866025 1.7642e-07 -1 0 1.70907e-07 -0.5 -0.866025 -1.7642e-07 0 -1 -1.70907e-07 0.866025 -0.5 -1.70907e-07 0.866025 0.5 -1.7642e-07 0 1 -1.70907e-07 -0.866025 0.5 -1.70907e-07 -0.866025 -0.5 0 0.5 -0.866025 0 1 0 0 0.5 0.866025 0 -0.5 0.866025 0 -1 0 0 -0.5 -0.866025 0 0 -1 0 0.866025 -0.5 0 0.866025 0.5 0 0 1 0 -0.866025 0.5 0 -0.866025 -0.5 0 0.5 -0.866025 0 1 0 0 0.5 0.866025 0 -0.5 0.866025 0 -1 0 0 -0.5 -0.866025 9.09664e-08 0 -1 8.82098e-08 0.866025 -0.5 8.82098e-08 0.866025 0.5 9.09664e-08 0 1 8.82098e-08 -0.866025 0.5 8.82098e-08 -0.866025 -0.5 -8.26967e-08 0.5 -0.866025 -8.54533e-08 1 0 -8.26967e-08 0.5 0.866025 -8.26967e-08 -0.5 0.866025 -8.54533e-08 -1 0 -8.26967e-08 -0.5 -0.866025 0 0 -1 0 0.866025 -0.5 0 0.866025 0.5 0 0 1 0 -0.866025 0.5 0 -0.866025 -0.5 0 0.5 -0.866025 0 1 0 0 0.5 0.866025 0 -0.5 0.866025 0 -1 0 0 -0.5 -0.866025 9.09664e-08 0 -1 8.82098e-08 0.866025 -0.5 8.82098e-08 0.866025 0.5 9.09664e-08 0 1 8.82098e-08 -0.866025 0.5 8.82098e-08 -0.866025 -0.5 -8.26967e-08 0.5 -0.866025 -8.54533e-08 1 0 -8.26967e-08 0.5 0.866025 -8.26967e-08 -0.5 0.866025 -8.54533e-08 -1 0 -8.26967e-08 -0.5 -0.866025 0 0 -1 0 0.866025 -0.5 0 0.866025 0.5 0 0 1 0 -0.866025 0.5 0 -0.866025 -0.5 8.82098e-08 0.5 -0.866025 9.09664e-08 1 0 8.82098e-08 0.5 0.866025 8.82098e-08 -0.5 0.866025 9.09664e-08 -1 0 8.82098e-08 -0.5 -0.866025 -8.54533e-08 0 -1 -8.26967e-08 0.866025 -0.5 -8.26967e-08 0.866025 0.5 -8.54533e-08 0 1 -8.26967e-08 -0.866025 0.5 -8.26967e-08 -0.866025 -0.5 0 0.5 -0.866025 0 1 0 0 0.5 0.866025 0 -0.5 0.866025 0 -1 0 0 -0.5 -0.866025 0 0 -1 0 0.866025 -0.5 0 0.866025 0.5 0 0 1 0 -0.866025 0.5 0 -0.866025 -0.5 8.82098e-08 0.5 -0.866025 9.09664e-08 1 0 8.82098e-08 0.5 0.866025 8.82098e-08 -0.5 0.866025 9.09664e-08 -1 0 8.82098e-08 -0.5 -0.866025 -8.54533e-08 0 -1 -8.26967e-08 0.866025 -0.5 -8.26967e-08 0.866025 0.5 -8.54533e-08 0 1 -8.26967e-08 -0.866025 0.5 -8.26967e-08 -0.866025 -0.5 0 0.5 -0.866025 0 1 0 0 0.5 0.866025 0 -0.5 0.866025 0 -1 0 0 -0.5 -0.866025 9.09664e-08 0 -1 8.82098e-08 0.866025 -0.5 8.82098e-08 0.866025 0.5 9.09664e-08 0 1 8.82098e-08 -0.866025 0.5 8.82098e-08 -0.866025 -0.5 -8.26967e-08 0.5 -0.866025 -8.54533e-08 1 0 -8.26967e-08 0.5 0.866025 -8.26967e-08 -0.5 0.866025 -8.54533e-08 -1 0 -8.26967e-08 -0.5 -0.866025 0 0 -1 0 0.866025 -0.5 0 0.866025 0.5 0 0 1 0 -0.866025 0.5 0 -0.866025 -0.5 8.82098e-08 0.5 -0.866025 9.09664e-08 1 0 8.82098e-08 0.5 0.866025 8.82098e-08 -0.5 0.866025 9.09664e-08 -1 0 8.82098e-08 -0.5 -0.866025 -8.54533e-08 0 -1 -8.26967e-08 0.866025 -0.5 -8.26967e-08 0.866025 0.5 -8.54533e-08 0 1 -8.26967e-08 -0.866025 0.5 -8.26967e-08 -0.866025 -0.5 0 0.5 -0.866025 0 1 0 0 0.5 0.866025 0 -0.5 0.866025 0 -1 0 0 -0.5 -0.866025 0 0 -1 0 0.866025 -0.5 0 0.866025 0.5 0 0 1 0 -0.866025 0.5 0 -0.866025 -0.5 8.82098e-08 0.5 -0.866025 9.09664e-08 1 0 8.82098e-08 0.5 0.866025 8.82098e-08 -0.5 0.866025 9.09664e-08 -1 0 8.82098e-08 -0.5 -0.866025 -8.54533e-08 0 -1 -8.26967e-08 0.866025 -0.5 -8.26967e-08 0.866025 0.5 -8.54533e-08 0 1 -8.26967e-08 -0.866025 0.5 -8.26967e-08 -0.866025 -0.5 0 0.5 -0.866025 0 1 0 0 0.5 0.866025 0 -0.5 0.866025 0 -1 0 0 -0.5 -0.866025 9.09664e-08 0 -1 8.82098e-08 0.866025 -0.5 8.82098e-08 0.866025 0.5 9.09664e-08 0 1 8.82098e-08 -0.866025 0.5 8.82098e-08 -0.866025 -0.5 -8.26967e-08 0.5 -0.866025 -8.54533e-08 1 0 -8.26967e-08 0.5 0.866025 -8.26967e-08 -0.5 0.866025 -8.54533e-08 -1 0 -8.26967e-08 -0.5 -0.866025 0 0 -1 0 0.866025 -0.5 0 0.866025 0.5 0 0 1 0 -0.866025 0.5 0 -0.866025 -0.5 4.41049e-08 0.5 -0.866025 4.41049e-08 1 0 4.41049e-08 0.5 0.866025 4.41049e-08 -0.5 0.866025 4.41049e-08 -1 0 4.41049e-08 -0.5 -0.866025 -4.41049e-08 0 -1 -4.41049e-08 0.866025 -0.5 -4.41049e-08 0.866025 0.5 -4.41049e-08 0 1 -4.41049e-08 -0.866025 0.5 -4.41049e-08 -0.866025 -0.5 4.41049e-08 0.5 -0.866025 4.41049e-08 1 0 4.41049e-08 0.5 0.866025 4.41049e-08 -0.5 0.866025 4.41049e-08 -1 0 4.41049e-08 -0.5 -0.866025 0 0 -1 0 0.866025 -0.5 0 0.866025 0.5 0 0 1 0 -0.866025 0.5 0 -0.866025 -0.5 -4.41049e-08 0.5 -0.866025 -4.41049e-08 1 0 -4.41049e-08 0.5 0.866025 -4.41049e-08 -0.5 0.866025 -4.41049e-08 -1 0 -4.41049e-08 -0.5 -0.866025 4.41049e-08 0 -1 4.41049e-08 0.866025 -0.5 4.41049e-08 0.866025 0.5 4.41049e-08 0 1 4.41049e-08 -0.866025 0.5 4.41049e-08 -0.866025 -0.5 -4.41049e-08 0.5 -0.866025 -4.41049e-08 1 0 -4.41049e-08 0.5 0.866025 -4.41049e-08 -0.5 0.866025 -4.41049e-08 -1 0 -4.41049e-08 -0.5 -0.866025 4.41049e-08 0 -1 4.41049e-08 0.866025 -0.5 4.41049e-08 0.866025 0.5 4.41049e-08 0 1 4.41049e-08 -0.866025 0.5 4.41049e-08 -0.866025 -0.5 0 0.5 -0.866025 0 1 0 0 0.5 0.866025 0 -0.5 0.866025 0 -1 0 0 -0.5 -0.866025 -4.41049e-08 0 -1 -4.41049e-08 0.866025 -0.5 -4.41049e-08 0.866025 0.5 -4.41049e-08 0 1 -4.41049e-08 -0.866025 0.5 -4.41049e-08 -0.866025 -0.5 4.41049e-08 0.5 -0.866025 4.41049e-08 1 0 4.41049e-08 0.5 0.866025 4.41049e-08 -0.5 0.866025 4.41049e-08 -1 0 4.41049e-08 -0.5 -0.866025 -4.41049e-08 0 -1 -4.41049e-08 0.866025 -0.5 -4.41049e-08 0.866025 0.5 -4.41049e-08 0 1 -4.41049e-08 -0.866025 0.5 -4.41049e-08 -0.866025 -0.5 4.41049e-08 0.5 -0.866025 4.41049e-08 1 0 4.41049e-08 0.5 0.866025 4.41049e-08 -0.5 0.866025 4.41049e-08 -1 0 4.41049e-08 -0.5 -0.866025 -1.92959e-08 0 -1 -2.75656e-08 0.866025 -0.5 -2.75656e-08 0.866025 0.5 -1.92959e-08 0 1 -2.75656e-08 -0.866025 0.5 -2.75656e-08 -0.866025 -0.5 -5.51311e-09 0.5 -0.866025 -5.51311e-09 1 0 -5.51311e-09 0.5 0.866025 -5.51311e-09 -0.5 0.866025 -5.51311e-09 -1 0 -5.51311e-09 -0.5 -0.866025 -5.51311e-09 0 -1 -5.51311e-09 0.866025 -0.5 -5.51311e-09 0.866025 0.5 -5.51311e-09 0 1 -5.51311e-09 -0.866025 0.5 -5.51311e-09 -0.866025 -0.5 -5.51311e-09 0.5 -0.866025 -5.51311e-09 1 0 -5.51311e-09 0.5 0.866025 -5.51311e-09 -0.5 0.866025 -5.51311e-09 -1 0 -5.51311e-09 -0.5 -0.866025 1.37828e-08 0 -1 2.20525e-08 0.866025 -0.5 2.20525e-08 0.866025 0.5 1.37828e-08 0 1 2.20525e-08 -0.866025 0.5 2.20525e-08 -0.866025 -0.5 -2.75656e-08 0.5 -0.866025 -1.92959e-08 1 0 -2.75656e-08 0.5 0.866025 -2.75656e-08 -0.5 0.866025 -1.92959e-08 -1 0 -2.75656e-08 -0.5 -0.866025 -5.51311e-09 0 -1 -5.51311e-09 0.866025 -0.5 -5.51311e-09 0.866025 0.5 -5.51311e-09 0 1 -5.51311e-09 -0.866025 0.5 -5.51311e-09 -0.866025 -0.5 -5.51311e-09 0.5 -0.866025 -5.51311e-09 1 0 -5.51311e-09 0.5 0.866025 -5.51311e-09 -0.5 0.866025 -5.51311e-09 -1 0 -5.51311e-09 -0.5 -0.866025 -5.51311e-09 0 -1 -5.51311e-09 0.866025 -0.5 -5.51311e-09 0.866025 0.5 -5.51311e-09 0 1 -5.51311e-09 -0.866025 0.5 -5.51311e-09 -0.866025 -0.5 8.26967e-09 0.5 -0.866025 5.51311e-09 1 0 8.26967e-09 0.5 0.866025 8.26967e-09 -0.5 0.866025 5.51311e-09 -1 0 8.26967e-09 -0.5 -0.866025 -1.10262e-08 0 -1 -1.37828e-08 0.866025 -0.5 -1.37828e-08 0.866025 0.5 -1.10262e-08 0 1 -1.37828e-08 -0.866025 0.5 -1.37828e-08 -0.866025 -0.5 8.26967e-09 0.5 -0.866025 -2.75656e-09 1 0 8.26967e-09 0.5 0.866025 8.26967e-09 -0.5 0.866025 -2.75656e-09 -1 0 8.26967e-09 -0.5 -0.866025 5.51311e-09 0 -1 -2.75656e-09 0.866025 -0.5 -2.75656e-09 0.866025 0.5 5.51311e-09 0 1 -2.75656e-09 -0.866025 0.5 -2.75656e-09 -0.866025 -0.5 0 0.5 -0.866025 0 1 0 0 0.5 0.866025 0 -0.5 0.866025 0 -1 0 0 -0.5 -0.866025 0 0 -1 0 0.866025 -0.5 0 0.866025 0.5 0 0 1 0 -0.866025 0.5 0 -0.866025 -0.5 0 0.5 -0.866025 0 1 0 0 0.5 0.866025 0 -0.5 0.866025 0 -1 0 0 -0.5 -0.866025 0 0 -1 8.26967e-09 0.866025 -0.5 8.26967e-09 0.866025 0.5 0 0 1 8.26967e-09 -0.866025 0.5 8.26967e-09 -0.866025 -0.5 -8.26967e-09 0.5 -0.866025 2.75656e-09 1 0 -8.26967e-09 0.5 0.866025 -8.26967e-09 -0.5 0.866025 2.75656e-09 -1 0 -8.26967e-09 -0.5 -0.866025 5.51311e-09 0 -1 8.26967e-09 0.866025 -0.5 8.26967e-09 0.866025 0.5 5.51311e-09 0 1 8.26967e-09 -0.866025 0.5 8.26967e-09 -0.866025 -0.5 -1.37828e-08 0.5 -0.866025 -1.10262e-08 1 0 -1.37828e-08 0.5 0.866025 -1.37828e-08 -0.5 0.866025 -1.10262e-08 -1 0 -1.37828e-08 -0.5 -0.866025 -5.51311e-09 0 -1 -5.51311e-09 0.866025 -0.5 -5.51311e-09 0.866025 0.5 -5.51311e-09 0 1 -5.51311e-09 -0.866025 0.5 -5.51311e-09 -0.866025 -0.5 -5.51311e-09 0.5 -0.866025 -5.51311e-09 1 0 -5.51311e-09 0.5 0.866025 -5.51311e-09 -0.5 0.866025 -5.51311e-09 -1 0 -5.51311e-09 -0.5 -0.866025 -5.51311e-09 0 -1 -5.51311e-09 0.866025 -0.5 -5.51311e-09 0.866025 0.5 -5.51311e-09 0 1 -5.51311e-09 -0.866025 0.5 -5.51311e-09 -0.866025 -0.5 2.20525e-08 0.5 -0.866025 1.37828e-08 1 0 2.20525e-08 0.5 0.866025 2.20525e-08 -0.5 0.866025 1.37828e-08 -1 0 2.20525e-08 -0.5 -0.866025 -1.92959e-08 0 -1 -2.75656e-08 0.866025 -0.5 -2.75656e-08 0.866025 0.5 -1.92959e-08 0 1 -2.75656e-08 -0.866025 0.5 -2.75656e-08 -0.866025 -0.5 -5.51311e-09 0.5 -0.866025 -5.51311e-09 1 0 -5.51311e-09 0.5 0.866025 -5.51311e-09 -0.5 0.866025 -5.51311e-09 -1 0 -5.51311e-09 -0.5 -0.866025 -5.51311e-09 0 -1 -5.51311e-09 0.866025 -0.5 -5.51311e-09 0.866025 0.5 -5.51311e-09 0 1 -5.51311e-09 -0.866025 0.5 -5.51311e-09 -0.866025 -0.5 -5.51311e-09 0.5 -0.866025 -5.51311e-09 1 0 -5.51311e-09 0.5 0.866025 -5.51311e-09 -0.5 0.866025 -5.51311e-09 -1 0 -5.51311e-09 -0.5 -0.866025 1.37828e-08 0 -1 2.20525e-08 0.866025 -0.5 2.20525e-08 0.866025 0.5 1.37828e-08 0 1 2.20525e-08 -0.866025 0.5 2.20525e-08 -0.866025 -0.5 -4.41049e-08 0.5 -0.866025 -4.41049e-08 1 0 -4.41049e-08 0.5 0.866025 -4.41049e-08 -0.5 0.866025 -4.41049e-08 -1 0 -4.41049e-08 -0.5 -0.866025 4.41049e-08 0 -1 4.41049e-08 0.866025 -0.5 4.41049e-08 0.866025 0.5 4.41049e-08 0 1 4.41049e-08 -0.866025 0.5 4.41049e-08 -0.866025 -0.5 -4.41049e-08 0.5 -0.866025 -4.41049e-08 1 0 -4.41049e-08 0.5 0.866025 -4.41049e-08 -0.5 0.866025 -4.41049e-08 -1 0 -4.41049e-08 -0.5 -0.866025 4.41049e-08 0 -1 4.41049e-08 0.866025 -0.5 4.41049e-08 0.866025 0.5 4.41049e-08 0 1 4.41049e-08 -0.866025 0.5 4.41049e-08 -0.866025 -0.5 0 0.5 -0.866025 0 1 0 0 0.5 0.866025 0 -0.5 0.866025 0 -1 0 0 -0.5 -0.866025 -4.41049e-08 0 -1 -4.41049e-08 0.866025 -0.5 -4.41049e-08 0.866025 0.5 -4.41049e-08 0 1 -4.41049e-08 -0.866025 0.5 -4.41049e-08 -0.866025 -0.5 4.41049e-08 0.5 -0.866025 4.41049e-08 1 0 4.41049e-08 0.5 0.866025 4.41049e-08 -0.5 0.866025 4.41049e-08 -1 0 4.41049e-08 -0.5 -0.866025 -4.41049e-08 0 -1 -4.41049e-08 0.866025 -0.5 -4.41049e-08 0.866025 0.5 -4.41049e-08 0 1 -4.41049e-08 -0.866025 0.5 -4.41049e-08 -0.866025 -0.5 4.41049e-08 0.5 -0.866025 4.41049e-08 1 0 4.41049e-08 0.5 0.866025 4.41049e-08 -0.5 0.866025 4.41049e-08 -1 0 4.41049e-08 -0.5 -0.866025 0 0 -1 0 0.866025 -0.5 0 0.866025 0.5 0 0 1 0 -0.866025 0.5 0 -0.866025 -0.5 -4.41049e-08 0.5 -0.866025 -4.41049e-08 1 0 -4.41049e-08 0.5 0.866025 -4.41049e-08 -0.5 0.866025 -4.41049e-08 -1 0 -4.41049e-08 -0.5 -0.866025 4.41049e-08 0 -1 4.41049e-08 0.866025 -0.5 4.41049e-08 0.866025 0.5 4.41049e-08 0 1 4.41049e-08 -0.866025 0.5 4.41049e-08 -0.866025 -0.5 -4.41049e-08 0.5 -0.866025 -4.41049e-08 1 0 -4.41049e-08 0.5 0.866025 -4.41049e-08 -0.5 0.866025 -4.41049e-08 -1 0 -4.41049e-08 -0.5 -0.866025 0 0 -1 0 0.866025 -0.5 0 0.866025 0.5 0 0 1 0 -0.866025 0.5 0 -0.866025 -0.5 8.82098e-08 0.5 -0.866025 9.09664e-08 1 0 8.82098e-08 0.5 0.866025 8.82098e-08 -0.5 0.866025 9.09664e-08 -1 0 8.82098e-08 -0.5 -0.866025 -8.54533e-08 0 -1 -8.26967e-08 0.866025 -0.5 -8.26967e-08 0.866025 0.5 -8.54533e-08 0 1 -8.26967e-08 -0.866025 0.5 -8.26967e-08 -0.866025 -0.5 0 0.5 -0.866025 0 1 0 0 0.5 0.866025 0 -0.5 0.866025 0 -1 0 0 -0.5 -0.866025 9.09664e-08 0 -1 8.82098e-08 0.866025 -0.5 8.82098e-08 0.866025 0.5 9.09664e-08 0 1 8.82098e-08 -0.866025 0.5 8.82098e-08 -0.866025 -0.5 -8.26967e-08 0.5 -0.866025 -8.54533e-08 1 0 -8.26967e-08 0.5 0.866025 -8.26967e-08 -0.5 0.866025 -8.54533e-08 -1 0 -8.26967e-08 -0.5 -0.866025 0 0 -1 0 0.866025 -0.5 0 0.866025 0.5 0 0 1 0 -0.866025 0.5 0 -0.866025 -0.5 0 0.5 -0.866025 0 1 0 0 0.5 0.866025 0 -0.5 0.866025 0 -1 0 0 -0.5 -0.866025 9.09664e-08 0 -1 8.82098e-08 0.866025 -0.5 8.82098e-08 0.866025 0.5 9.09664e-08 0 1 8.82098e-08 -0.866025 0.5 8.82098e-08 -0.866025 -0.5 -8.26967e-08 0.5 -0.866025 -8.54533e-08 1 0 -8.26967e-08 0.5 0.866025 -8.26967e-08 -0.5 0.866025 -8.54533e-08 -1 0 -8.26967e-08 -0.5 -0.866025 0 0 -1 0 0.866025 -0.5 0 0.866025 0.5 0 0 1 0 -0.866025 0.5 0 -0.866025 -0.5 8.82098e-08 0.5 -0.866025 9.09664e-08 1 0 8.82098e-08 0.5 0.866025 8.82098e-08 -0.5 0.866025 9.09664e-08 -1 0 8.82098e-08 -0.5 -0.866025 -8.54533e-08 0 -1 -8.26967e-08 0.866025 -0.5 -8.26967e-08 0.866025 0.5 -8.54533e-08 0 1 -8.26967e-08 -0.866025 0.5 -8.26967e-08 -0.866025 -0.5 0 0.5 -0.866025 0 1 0 0 0.5 0.866025 0 -0.5 0.866025 0 -1 0 0 -0.5 -0.866025 9.09664e-08 0 -1 8.82098e-08 0.866025 -0.5 8.82098e-08 0.866025 0.5 9.09664e-08 0 1 8.82098e-08 -0.866025 0.5 8.82098e-08 -0.866025 -0.5 -8.26967e-08 0.5 -0.866025 -8.54533e-08 1 0 -8.26967e-08 0.5 0.866025 -8.26967e-08 -0.5 0.866025 -8.54533e-08 -1 0 -8.26967e-08 -0.5 -0.866025 0 0 -1 0 0.866025 -0.5 0 0.866025 0.5 0 0 1 0 -0.866025 0.5 0 -0.866025 -0.5 0 0.5 -0.866025 0 1 0 0 0.5 0.866025 0 -0.5 0.866025 0 -1 0 0 -0.5 -0.866025 9.09664e-08 0 -1 8.82098e-08 0.866025 -0.5 8.82098e-08 0.866025 0.5 9.09664e-08 0 1 8.82098e-08 -0.866025 0.5 8.82098e-08 -0.866025 -0.5 -8.26967e-08 0.5 -0.866025 -8.54533e-08 1 0 -8.26967e-08 0.5 0.866025 -8.26967e-08 -0.5 0.866025 -8.54533e-08 -1 0 -8.26967e-08 -0.5 -0.866025 0 0 -1 0 0.866025 -0.5 0 0.866025 0.5 0 0 1 0 -0.866025 0.5 0 -0.866025 -0.5 8.82098e-08 0.5 -0.866025 9.09664e-08 1 0 8.82098e-08 0.5 0.866025 8.82098e-08 -0.5 0.866025 9.09664e-08 -1 0 8.82098e-08 -0.5 -0.866025 -8.54533e-08 0 -1 -8.26967e-08 0.866025 -0.5 -8.26967e-08 0.866025 0.5 -8.54533e-08 0 1 -8.26967e-08 -0.866025 0.5 -8.26967e-08 -0.866025 -0.5 0 0.5 -0.866025 0 1 0 0 0.5 0.866025 0 -0.5 0.866025 0 -1 0 0 -0.5 -0.866025 0 0 -1 0 0.866025 -0.5 0 0.866025 0.5 0 0 1 0 -0.866025 0.5 0 -0.866025 -0.5 8.82098e-08 0.5 -0.866025 9.09664e-08 1 0 8.82098e-08 0.5 0.866025 8.82098e-08 -0.5 0.866025 9.09664e-08 -1 0 8.82098e-08 -0.5 -0.866025 -8.54533e-08 0 -1 -8.26967e-08 0.866025 -0.5 -8.26967e-08 0.866025 0.5 -8.54533e-08 0 1 -8.26967e-08 -0.866025 0.5 -8.26967e-08 -0.866025 -0.5 0 0.5 -0.866025 0 1 0 0 0.5 0.866025 0 -0.5 0.866025 0 -1 0 0 -0.5 -0.866025 0 0 -1 0 0.866025 -0.5 0 0.866025 0.5 0 0 1 0 -0.866025 0.5 0 -0.866025 -0.5 0 0.5 -0.866025 0 1 0 0 0.5 0.866025 0 -0.5 0.866025 0 -1 0 0 -0.5 -0.866025 1.7642e-07 0 -1 1.70907e-07 0.866025 -0.5 1.70907e-07 0.866025 0.5 1.7642e-07 0 1 1.70907e-07 -0.866025 0.5 1.70907e-07 -0.866025 -0.5 -1.70907e-07 0.5 -0.866025 -1.7642e-07 1 0 -1.70907e-07 0.5 0.866025 -1.70907e-07 -0.5 0.866025 -1.7642e-07 -1 0 -1.70907e-07 -0.5 -0.866025 0 0 -1 0 0.866025 -0.5 0 0.866025 0.5 0 0 1 0 -0.866025 0.5 0 -0.866025 -0.5 0 0.5 -0.866025 0 1 0 0 0.5 0.866025 0 -0.5 0.866025 0 -1 0 0 -0.5 -0.866025 0 0 -1 0 0.866025 -0.5 0 0.866025 0.5 0 0 1 0 -0.866025 0.5 0 -0.866025 -0.5 0 0.5 -0.866025 0 1 0 0 0.5 0.866025 0 -0.5 0.866025 0 -1 0 0 -0.5 -0.866025 0 0 -1 0 0.866025 -0.5 0 0.866025 0.5 0 0 1 0 -0.866025 0.5 0 -0.866025 -0.5 1.70907e-07 0.5 -0.866025 1.7642e-07 1 0 1.70907e-07 0.5 0.866025 1.70907e-07 -0.5 0.866025 1.7642e-07 -1 0 1.70907e-07 -0.5 -0.866025 -1.7642e-07 0 -1 -1.70907e-07 0.866025 -0.5 -1.70907e-07 0.866025 0.5 -1.7642e-07 0 1 -1.70907e-07 -0.866025 0.5 -1.70907e-07 -0.866025 -0.5 0 0.5 -0.866025 0 1 0 0 0.5 0.866025 0 -0.5 0.866025 0 -1 0 0 -0.5 -0.866025 0 0 -1 0 0.866025 -0.5 0 0.866025 0.5 0 0 1 0 -0.866025 0.5 0 -0.866025 -0.5 0 0.5 -0.866025 0 1 0 0 0.5 0.866025 0 -0.5 0.866025 0 -1 0 0 -0.5 -0.866025 0 0 -1 0 0.866025 -0.5 0 0.866025 0.5 0 0 1 0 -0.866025 0.5 0 -0.866025 -0.5 0 0.5 -0.866025 0 1 0 0 0.5 0.866025 0 -0.5 0.866025 0 -1 0 0 -0.5 -0.866025 1.7642e-07 0 -1 1.70907e-07 0.866025 -0.5 1.70907e-07 0.866025 0.5 1.7642e-07 0 1 1.70907e-07 -0.866025 0.5 1.70907e-07 -0.866025 -0.5 -1.70907e-07 0.5 -0.866025 -1.7642e-07 1 0 -1.70907e-07 0.5 0.866025 -1.70907e-07 -0.5 0.866025 -1.7642e-07 -1 0 -1.70907e-07 -0.5 -0.866025 0 0 -1 0 0.866025 -0.5 0 0.866025 0.5 0 0 1 0 -0.866025 0.5 0 -0.866025 -0.5 0 0.5 -0.866025 0 1 0 0 0.5 0.866025 0 -0.5 0.866025 0 -1 0 0 -0.5 -0.866025 0 0 -1 0 0.866025 -0.5 0 0.866025 0.5 0 0 1 0 -0.866025 0.5 0 -0.866025 -0.5 0 0.5 -0.866025 0 1 0 0 0.5 0.866025 0 -0.5 0.866025 0 -1 0 0 -0.5 -0.866025 0 0 -1 0 0.866025 -0.5 0 0.866025 0.5 0 0 1 0 -0.866025 0.5 0 -0.866025 -0.5 1.70907e-07 0.5 -0.866025 1.7642e-07 1 0 1.70907e-07 0.5 0.866025 1.70907e-07 -0.5 0.866025 1.7642e-07 -1 0 1.70907e-07 -0.5 -0.866025 -1.7642e-07 0 -1 -1.70907e-07 0.866025 -0.5 -1.70907e-07 0.866025 0.5 -1.7642e-07 0 1 -1.70907e-07 -0.866025 0.5 -1.70907e-07 -0.866025 -0.5 0 0.5 -0.866025 0 1 0 0 0.5 0.866025 0 -0.5 0.866025 0 -1 0 0 -0.5 -0.866025 0 0 -1 0 0.866025 -0.5 0 0.866025 0.5 0 0 1 0 -0.866025 0.5 0 -0.866025 -0.5 0 0.5 -0.866025 0 1 0 0 0.5 0.866025 0 -0.5 0.866025 0 -1 0 0 -0.5 -0.866025 0 0 -1 0 0.866025 -0.5 0 0.866025 0.5 0 0 1 0 -0.866025 0.5 0 -0.866025 -0.5 1.70907e-07 0.5 -0.866025 1.7642e-07 1 0 1.70907e-07 0.5 0.866025 1.70907e-07 -0.5 0.866025 1.7642e-07 -1 0 1.70907e-07 -0.5 -0.866025 -1.7642e-07 0 -1 -1.70907e-07 0.866025 -0.5 -1.70907e-07 0.866025 0.5 -1.7642e-07 0 1 -1.70907e-07 -0.866025 0.5 -1.70907e-07 -0.866025 -0.5 0 0.5 -0.866025 0 1 0 0 0.5 0.866025 0 -0.5 0.866025 0 -1 0 0 -0.5 -0.866025 0 0 -1 0 0.866025 -0.5 0 0.866025 0.5 0 0 1 0 -0.866025 0.5 0 -0.866025 -0.5 0 0.5 -0.866025 0 1 0 0 0.5 0.866025 0 -0.5 0.866025 0 -1 0 0 -0.5 -0.866025 0 0 -1 0 0.866025 -0.5 0 0.866025 0.5 0 0 1 0 -0.866025 0.5 0 -0.866025 -0.5 0 0.5 -0.866025 0 1 0 0 0.5 0.866025 0 -0.5 0.866025 0 -1 0 0 -0.5 -0.866025 1.7642e-07 0 -1 1.70907e-07 0.866025 -0.5 1.70907e-07 0.866025 0.5 1.7642e-07 0 1 1.70907e-07 -0.866025 0.5 1.70907e-07 -0.866025 -0.5 -1.70907e-07 0.5 -0.866025 -1.7642e-07 1 0 -1.70907e-07 0.5 0.866025 -1.70907e-07 -0.5 0.866025 -1.7642e-07 -1 0 -1.70907e-07 -0.5 -0.866025 0 0 -1 0 0.866025 -0.5 0 0.866025 0.5 0 0 1 0 -0.866025 0.5 0 -0.866025 -0.5 0 0.5 -0.866025 0 1 0 0 0.5 0.866025 0 -0.5 0.866025 0 -1 0 0 -0.5 -0.866025 0 0 -1 0 0.866025 -0.5 0 0.866025 0.5 0 0 1 0 -0.866025 0.5 0 -0.866025 -0.5 0 0.5 -0.866025 0 1 0 0 0.5 0.866025 0 -0.5 0.866025 0 -1 0 0 -0.5 -0.866025 0 0 -1 0 0.866025 -0.5 0 0.866025 0.5 0 0 1 0 -0.866025 0.5 0 -0.866025 -0.5 1.70907e-07 0.5 -0.866025 1.7642e-07 1 0 1.70907e-07 0.5 0.866025 1.70907e-07 -0.5 0.866025 1.7642e-07 -1 0 1.70907e-07 -0.5 -0.866025 -1.7642e-07 0 -1 -1.70907e-07 0.866025 -0.5 -1.70907e-07 0.866025 0.5 -1.7642e-07 0 1 -1.70907e-07 -0.866025 0.5 -1.70907e-07 -0.866025 -0.5 0 0.5 -0.866025 0 1 0 0 0.5 0.866025 0 -0.5 0.866025 0 -1 0 0 -0.5 -0.866025 0 0 -1 0 0.866025 -0.5 0 0.866025 0.5 0 0 1 0 -0.866025 0.5 0 -0.866025 -0.5 0 0.5 -0.866025 0 1 0 0 0.5 0.866025 0 -0.5 0.866025 0 -1 0 0 -0.5 -0.866025 0 0 -1 0 0.866025 -0.5 0 0.866025 0.5 0 0 1 0 -0.866025 0.5 0 -0.866025 -0.5 0 0.5 -0.866025 0 1 0 0 0.5 0.866025 0 -0.5 0.866025 0 -1 0 0 -0.5 -0.866025 1.7642e-07 0 -1 1.70907e-07 0.866025 -0.5 1.70907e-07 0.866025 0.5 1.7642e-07 0 1 1.70907e-07 -0.866025 0.5 1.70907e-07 -0.866025 -0.5 -1.70907e-07 0.5 -0.866025 -1.7642e-07 1 0 -1.70907e-07 0.5 0.866025 -1.70907e-07 -0.5 0.866025 -1.7642e-07 -1 0 -1.70907e-07 -0.5 -0.866025 0 0 -1 0 0.866025 -0.5 0 0.866025 0.5 0 0 1 0 -0.866025 0.5 0 -0.866025 -0.5 0 0.5 -0.866025 0 1 0 0 0.5 0.866025 0 -0.5 0.866025 0 -1 0 0 -0.5 -0.866025 0.0538637 0 -0.998548 0.0538636 0.864768 -0.499274 0.0538636 0.864768 0.499274 0.0538637 0 0.998548 0.0538636 -0.864768 0.499274 0.0538636 -0.864768 -0.499274 -1 0 0 -1 0 0 -1 0 0 -1 0 0 -1 0 0 -1 0 0 -1 0 0 1 0 0 1 0 0 1 0 0 1 0 0 1 0 0 1 0 0 1 0 0"/>
    </IndexedTriangleSet>
   </Shape>
  </Transform>
  </Group>
  <Group>
  <Transform rotation="0 0 1 0" translation="0 0 0">
   <Shape>
    <Appearance DEF='ap3'>
     <Material ambientIntensity='1' diffuseColor='0 0.619608 0.45098' specularColor='0.85 0.85 0.85' shininess='0.234375' transparency='0'/>
    </Appearance>
    <IndexedTriangleSet DEF='its3' index="0 1 6 1 7 6 1 2 7 2 8 7 2 3 8 3 9 8 3 4 9 4 10 9 4 5 10 5 11 10 5 0 11 0 6 11 6 7 13 6 13 12 7 8 14 7 14 13 8 9 15 8 15 14 9 10 16 9 16 15 10 11 17 10 17 16 11 6 12 11 12 17 12 13 18 13 19 18 13 14 19 14 20 19 14 15 20 15 21 20 15 16 21 16 22 21 16 17 22 17 23 22 17 12 23 12 18 23 18 19 25 18 25 24 19 20 26 19 26 25 20 21 27 20 27 26 21 22 28 21 28 27 22 23 29 22 29 28 23 18 24 23 24 29 24 25 30 25 31 30 25 26 31 26 32 31 26 27 32 27 33 32 27 28 33 28 34 33 28 29 34 29 35 34 29 24 35 24 30 35 30 31 37 30 37 36 31 32 38 31 38 37 32 33 39 32 39 38 33 34 40 33 40 39 34 35 41 34 41 40 35 30 36 35 36 41 36 37 42 37 43 42 37 38 43 38 44 43 38 39 44 39 45 44 39 40 45 40 46 45 40 41 46 41 47 46 41 36 47 36 42 47 42 43 49 42 49 48 43 44 50 43 50 49 44 45 51 44 51 50 45 46 52 45 52 51 46 47 53 46 53 52 47 42 48 47 48 53 48 49 54 49 55 54 49 50 55 50 56 55 50 51 56 51 57 56 51 52 57 52 58 57 52 53 58 53 59 58 53 48 59 48 54 59 54 55 61 54 61 60 55 56 62 55 62 61 56 57 63 56 63 62 57 58 64 57 64 63 58 59 65 58 65 64 59 54 60 59 60 65 60 61 66 61 67 66 61 62 67 62 68 67 62 63 68 63 69 68 63 64 69 64 70 69 64 65 70 65 71 70 65 60 71 60 66 71 66 67 73 66 73 72 67 68 74 67 74 73 68 69 75 68 75 74 69 70 76 69 76 75 70 71 77 70 77 76 71 66 72 71 72 77 72 73 78 73 79 78 73 74 79 74 80 79 74 75 80 75 81 80 75 76 81 76 82 81 76 77 82 77 83 82 77 72 83 72 78 83 78 79 85 78 85 84 79 80 86 79 86 85 80 81 87 80 87 86 81 82 88 81 88 87 82 83 89 82 89 88 83 78 84 83 84 89 84 85 90 85 91 90 85 86 91 86 92 91 86 87 92 87 93 92 87 88 93 88 94 93 88 89 94 89 95 94 89 84 95 84 90 95 90 91 97 90 97 96 91 92 98 91 98 97 92 93 99 92 99 98 93 94 100 93 100 99 94 95 101 94 101 100 95 90 96 95 96 101 96 97 102 97 103 102 97 98 103 98 104 103 98 99 104 99 105 104 99 100 105 100 106 105 100 101 106 101 107 106 101 96 107 96 102 107 102 103 109 102 109 108 103 104 110 103 110 109 104 105 111 104 111 110 105 106 112 105 112 111 106 107 113 106 113 112 107 102 108 107 108 113 108 109 114 109 115 114 109 110 115 110 116 115 110 111 116 111 117 116 111 112 117 112 118 117 112 113 118 113 119 118 113 108 119 108 114 119 114 115 121 114 121 120 115 116 122 115 122 121 116 117 123 116 123 122 117 118 124 117 124 123 118 119 125 118 125 124 119 114 120 119 120 125 120 121 126 121 127 126 121 122 127 122 128 127 122 123 128 123 129 128 123 124 129 124 130 129 124 125 130 125 131 130 125 120 131 120 126 131 126 127 133 126 133 132 127 128 134 127 134 133 128 129 135 128 135 134 129 130 136 129 136 135 130 131 137 130 137 136 131 126 132 131 132 137 132 133 138 133 139 138 133 134 139 134 140 139 134 135 140 135 141 140 135 136 141 136 142 141 136 137 142 137 143 142 137 132 143 132 138 143 138 139 145 138 145 144 139 140 146 139 146 145 140 141 147 140 147 146 141 142 148 141 148 147 142 143 149 142 149 148 143 138 144 143 144 149 144 145 150 145 151 150 145 146 151 146 152 151 146 147 152 147 153 152 147 148 153 148 154 153 148 149 154 149 155 154 149 144 155 144 150 155 150 151 157 150 157 156 151 152 158 151 158 157 152 153 159 152 159 158 153 154 160 153 160 159 154 155 161 154 161 160 155 150 156 155 156 161 156 157 162 157 163 162 157 158 163 158 164 163 158 159 164 159 165 164 159 160 165 160 166 165 160 161 166 161 167 166 161 156 167 156 162 167 162 163 169 162 169 168 163 164 170 163 170 169 164 165 171 164 171 170 165 166 172 165 172 171 166 167 173 166 173 172 167 162 168 167 168 173 168 169 174 169 175 174 169 170 175 170 176 175 170 171 176 171 177 176 171 172 177 172 178 177 172 173 178 173 179 178 173 168 179 168 174 179 174 175 181 174 181 180 175 176 182 175 182 181 176 177 183 176 183 182 177 178 184 177 184 183 178 179 185 178 185 184 179 174 180 179 180 185 180 181 186 181 187 186 181 182 187 182 188 187 182 183 188 183 189 188 183 184 189 184 190 189 184 185 190 185 191 190 185 180 191 180 186 191 186 187 193 186 193 192 187 188 194 187 194 193 188 189 195 188 195 194 189 190 196 189 196 195 190 191 197 190 197 196 191 186 192 191 192 197 192 193 198 193 199 198 193 194 199 194 200 199 194 195 200 195 201 200 195 196 201 196 202 201 196 197 202 197 203 202 197 192 203 192 198 203 198 199 205 198 205 204 199 200 206 199 206 205 200 201 207 200 207 206 201 202 208 201 208 207 202 203 209 202 209 208 203 198 204 203 204 209 204 205 210 205 211 210 205 206 211 206 212 211 206 207 212 207 213 212 207 208 213 208 214 213 208 209 214 209 215 214 209 204 215 204 210 215 210 211 217 210 217 216 211 212 218 211 218 217 212 213 219 212 219 218 213 214 220 213 220 219 214 215 221 214 221 220 215 210 216 215 216 221 216 217 222 217 223 222 217 218 223 218 224 223 218 219 224 219 225 224 219 220 225 220 226 225 220 221 226 221 227 226 221 216 227 216 222 227 222 223 229 222 229 228 223 224 230 223 230 229 224 225 231 224 231 230 225 226 232 225 232 231 226 227 233 226 233 232 227 222 228 227 228 233 228 229 234 229 235 234 229 230 235 230 236 235 230 231 236 231 237 236 231 232 237 232 238 237 232 233 238 233 239 238 233 228 239 228 234 239 234 235 241 234 241 240 235 236 242 235 242 241 236 237 243 236 243 242 237 238 244 237 244 243 238 239 245 238 245 244 239 234 240 239 240 245 240 241 246 241 247 246 241 242 247 242 248 247 242 243 248 243 249 248 243 244 249 244 250 249 244 245 250 245 251 250 245 240 251 240 246 251 246 247 253 246 253 252 247 248 254 247 254 253 248 249 255 248 255 254 249 250 256 249 256 255 250 251 257 250 257 256 251 246 252 251 252 257 252 253 258 253 259 258 253 254 259 254 260 259 254 255 260 255 261 260 255 256 261 256 262 261 256 257 262 257 263 262 257 252 263 252 258 263 258 259 265 258 265 264 259 260 266 259 266 265 260 261 267 260 267 266 261 262 268 261 268 267 262 263 269 262 269 268 263 258 264 263 264 269 264 265 270 265 271 270 265 266 271 266 272 271 266 267 272 267 273 272 267 268 273 268 274 273 268 269 274 269 275 274 269 264 275 264 270 275 270 271 277 270 277 276 271 272 278 271 278 277 272 273 279 272 279 278 273 274 280 273 280 279 274 275 281 274 281 280 275 270 276 275 276 281 276 277 282 277 283 282 277 278 283 278 284 283 278 279 284 279 285 284 279 280 285 280 286 285 280 281 286 281 287 286 281 276 287 276 282 287 282 283 289 282 289 288 283 284 290 283 290 289 284 285 291 284 291 290 285 286 292 285 292 291 286 287 293 286 293 292 287 282 288 287 288 293 288 289 294 289 295 294 289 290 295 290 296 295 290 291 296 291 297 296 291 292 297 292 298 297 292 293 298 293 299 298 293 288 299 288 294 299 294 295 301 294 301 300 295 296 302 295 302 301 296 297 303 296 303 302 297 298 304 297 304 303 298 299 305 298 305 304 299 294 300 299 300 305 300 301 306 301 307 306 301 302 307 302 308 307 302 303 308 303 309 308 303 304 309 304 310 309 304 305 310 305 311 310 305 300 311 300 306 311 306 307 313 306 313 312 307 308 314 307 314 313 308 309 315 308 315 314 309 310 316 309 316 315 310 311 317 310 317 316 311 306 312 311 312 317 312 313 318 313 319 318 313 314 319 314 320 319 314 315 320 315 321 320 315 316 321 316 322 321 316 317 322 317 323 322 317 312 323 312 318 323 318 319 325 318 325 324 319 320 326 319 326 325 320 321 327 320 327 326 321 322 328 321 328 327 322 323 329 322 329 328 323 318 324 323 324 329 324 325 330 325 331 330 325 326 331 326 332 331 326 327 332 327 333 332 327 328 333 328 334 333 328 329 334 329 335 334 329 324 335 324 330 335 330 331 337 330 337 336 331 332 338 331 338 337 332 333 339 332 339 338 333 334 340 333 340 339 334 335 341 334 341 340 335 330 336 335 336 341 336 337 342 337 343 342 337 338 343 338 344 343 338 339 344 339 345 344 339 340 345 340 346 345 340 341 346 341 347 346 341 336 347 336 342 347 342 343 349 342 349 348 343 344 350 343 350 349 344 345 351 344 351 350 345 346 352 345 352 351 346 347 353 346 353 352 347 342 348 347 348 353 348 349 354 349 355 354 349 350 355 350 356 355 350 351 356 351 357 356 351 352 357 352 358 357 352 353 358 353 359 358 353 348 359 348 354 359 354 355 361 354 361 360 355 356 362 355 362 361 356 357 363 356 363 362 357 358 364 357 364 363 358 359 365 358 365 364 359 354 360 359 360 365 360 361 366 361 367 366 361 362 367 362 368 367 362 363 368 363 369 368 363 364 369 364 370 369 364 365 370 365 371 370 365 360 371 360 366 371 366 367 373 366 373 372 367 368 374 367 374 373 368 369 375 368 375 374 369 370 376 369 376 375 370 371 377 370 377 376 371 366 372 371 372 377 372 373 378 373 379 378 373 374 379 374 380 379 374 375 380 375 381 380 375 376 381 376 382 381 376 377 382 377 383 382 377 372 383 372 378 383 378 379 385 378 385 384 379 380 386 379 386 385 380 381 387 380 387 386 381 382 388 381 388 387 382 383 389 382 389 388 383 378 384 383 384 389 384 385 390 385 391 390 385 386 391 386 392 391 386 387 392 387 393 392 387 388 393 388 394 393 388 389 394 389 395 394 389 384 395 384 390 395 390 391 397 390 397 396 391 392 398 391 398 397 392 393 399 392 399 398 393 394 400 393 400 399 394 395 401 394 401 400 395 390 396 395 396 401 396 397 402 397 403 402 397 398 403 398 404 403 398 399 404 399 405 404 399 400 405 400 406 405 400 401 406 401 407 406 401 396 407 396 402 407 402 403 409 402 409 408 403 404 410 403 410 409 404 405 411 404 411 410 405 406 412 405 412 411 406 407 413 406 413 412 407 402 408 407 408 413 408 409 414 409 415 414 409 410 415 410 416 415 410 411 416 411 417 416 411 412 417 412 418 417 412 413 418 413 419 418 413 408 419 408 414 419 414 415 421 414 421 420 415 416 422 415 422 421 416 417 423 416 423 422 417 418 424 417 424 423 418 419 425 418 425 424 419 414 420 419 420 425 420 421 426 421 427 426 421 422 427 422 428 427 422 423 428 423 429 428 423 424 429 424 430 429 424 425 430 425 431 430 425 420 431 420 426 431 426 427 433 426 433 432 427 428 434 427 434 433 428 429 435 428 435 434 429 430 436 429 436 435 430 431 437 430 437 436 431 426 432 431 432 437 432 433 438 433 439 438 433 434 439 434 440 439 434 435 440 435 441 440 435 436 441 436 442 441 436 437 442 437 443 442 437 432 443 432 438 443 438 439 445 438 445 444 439 440 446 439 446 445 440 441 447 440 447 446 441 442 448 441 448 447 442 443 449 442 449 448 443 438 444 443 444 449 444 445 450 445 451 450 445 446 451 446 452 451 446 447 452 447 453 452 447 448 453 448 454 453 448 449 454 449 455 454 449 444 455 444 450 455 450 451 457 450 457 456 451 452 458 451 458 457 452 453 459 452 459 458 453 454 460 453 460 459 454 455 461 454 461 460 455 450 456 455 456 461 456 457 462 457 463 462 457 458 463 458 464 463 458 459 464 459 465 464 459 460 465 460 466 465 460 461 466 461 467 466 461 456 467 456 462 467 462 463 469 462 469 468 463 464 470 463 470 469 464 465 471 464 471 470 465 466 472 465 472 471 466 467 473 466 473 472 467 462 468 467 468 473 468 469 474 469 475 474 469 470 475 470 476 475 470 471 476 471 477 476 471 472 477 472 478 477 472 473 478 473 479 478 473 468 479 468 474 479 474 475 481 474 481 480 475 476 482 475 482 481 476 477 483 476 483 482 477 478 484 477 484 483 478 479 485 478 485 484 479 474 480 479 480 485 480 481 486 481 487 486 481 482 487 482 488 487 482 483 488 483 489 488 483 484 489 484 490 489 484 485 490 485 491 490 485 480 491 480 486 491 486 487 493 486 493 492 487 488 494 487 494 493 488 489 495 488 495 494 489 490 496 489 496 495 490 491 497 490 497 496 491 486 492 491 492 497 492 493 498 493 499 498 493 494 499 494 500 499 494 495 500 495 501 500 495 496 501 496 502 501 496 497 502 497 503 502 497 492 503 492 498 503 498 499 505 498 505 504 499 500 506 499 506 505 500 501 507 500 507 506 501 502 508 501 508 507 502 503 509 502 509 508 503 498 504 503 504 509 504 505 510 505 511 510 505 506 511 506 512 511 506 507 512 507 513 512 507 508 513 508 514 513 508 509 514 509 515 514 509 504 515 504 510 515 510 511 517 510 517 516 511 512 518 511 518 517 512 513 519 512 519 518 513 514 520 513 520 519 514 515 521 514 521 520 515 510 516 515 516 521 516 517 522 517 523 522 517 518 523 518 524 523 518 519 524 519 525 524 519 520 525 520 526 525 520 521 526 521 527 526 521 516 527 516 522 527 522 523 529 522 529 528 523 524 530 523 530 529 524 525 531 524 531 530 525 526 532 525 532 531 526 527 533 526 533 532 527 522 528 527 528 533 528 529 534 529 535 534 529 530 535 530 536 535 530 531 536 531 537 536 531 532 537 532 538 537 532 533 538 533 539 538 533 528 539 528 534 539 534 535 541 534 541 540 535 536 542 535 542 541 536 537 543 536 543 542 537 538 544 537 544 543 538 539 545 538 545 544 539 534 540 539 540 545 540 541 546 541 547 546 541 542 547 542 548 547 542 543 548 543 549 548 543 544 549 544 550 549 544 545 550 545 551 550 545 540 551 540 546 551 546 547 553 546 553 552 547 548 554 547 554 553 548 549 555 548 555 554 549 550 556 549 556 555 550 551 557 550 557 556 551 546 552 551 552 557 552 553 558 553 559 558 553 554 559 554 560 559 554 555 560 555 561 560 555 556 561 556 562 561 556 557 562 557 563 562 557 552 563 552 558 563 558 559 565 558 565 564 559 560 566 559 566 565 560 561 567 560 567 566 561 562 568 561 568 567 562 563 569 562 569 568 563 558 564 563 564 569 564 565 570 565 571 570 565 566 571 566 572 571 566 567 572 567 573 572 567 568 573 568 574 573 568 569 574 569 575 574 569 564 575 564 570 575 570 571 577 570 577 576 571 572 578 571 578 577 572 573 579 572 579 578 573 574 580 573 580 579 574 575 581 574 581 580 575 570 576 575 576 581 576 577 582 577 583 582 577 578 583 578 584 583 578 579 584 579 585 584 579 580 585 580 586 585 580 581 586 581 587 586 581 576 587 576 582 587 582 583 589 582 589 588 583 584 590 583 590 589 584 585 591 584 591 590 585 586 592 585 592 591 586 587 593 586 593 592 587 582 588 587 588 593 588 589 594 589 595 594 589 590 595 590 596 595 590 591 596 591 597 596 591 592 597 592 598 597 592 593 598 593 599 598 593 588 599 588 594 599 594 595 601 594 601 600 595 596 602 595 602 601 596 597 603 596 603 602 597 598 604 597 604 603 598 599 605 598 605 604 599 594 600 599 600 605 600 601 606 601 607 606 601 602 607 602 608 607 602 603 608 603 609 608 603 604 609 604 610 609 604 605 610 605 611 610 605 600 611 600 606 611 606 607 613 606 613 612 607 608 614 607 614 613 608 609 615 608 615 614 609 610 616 609 616 615 610 611 617 610 617 616 611 606 612 611 612 617 612 613 618 613 619 618 613 614 619 614 620 619 614 615 620 615 621 620 615 616 621 616 622 621 616 617 622 617 623 622 617 612 623 612 618 623 618 619 625 618 625 624 619 620 626 619 626 625 620 621 627 620 627 626 621 622 628 621 628 627 622 623 629 622 629 628 623 618 624 623 624 629 624 625 630 625 631 630 625 626 631 626 632 631 626 627 632 627 633 632 627 628 633 628 634 633 628 629 634 629 635 634 629 624 635 624 630 635 630 631 637 630 637 636 631 632 638 631 638 637 632 633 639 632 639 638 633 634 640 633 640 639 634 635 641 634 641 640 635 630 636 635 636 641 636 637 642 637 643 642 637 638 643 638 644 643 638 639 644 639 645 644 639 640 645 640 646 645 640 641 646 641 647 646 641 636 647 636 642 647 642 643 649 642 649 648 643 644 650 643 650 649 644 645 651 644 651 650 645 646 652 645 652 651 646 647 653 646 653 652 647 642 648 647 648 653 648 649 654 649 655 654 649 650 655 650 656 655 650 651 656 651 657 656 651 652 657 652 658 657 652 653 658 653 659 658 653 648 659 648 654 659 654 655 661 654 661 660 655 656 662 655 662 661 656 657 663 656 663 662 657 658 664 657 664 663 658 659 665 658 665 664 659 654 660 659 660 665 660 661 666 661 667 666 661 662 667 662 668 667 662 663 668 663 669 668 663 664 669 664 670 669 664 665 670 665 671 670 665 660 671 660 666 671 666 667 673 666 673 672 667 668 674 667 674 673 668 669 675 668 675 674 669 670 676 669 676 675 670 671 677 670 677 676 671 666 672 671 672 677 672 673 678 673 679 678 673 674 679 674 680 679 674 675 680 675 681 680 675 676 681 676 682 681 676 677 682 677 683 682 677 672 683 672 678 683 678 679 685 678 685 684 679 680 686 679 686 685 680 681 687 680 687 686 681 682 688 681 688 687 682 683 689 682 689 688 683 678 684 683 684 689 684 685 690 685 691 690 685 686 691 686 692 691 686 687 692 687 693 692 687 688 693 688 694 693 688 689 694 689 695 694 689 684 695 684 690 695 690 691 697 690 697 696 691 692 698 691 698 697 692 693 699 692 699 698 693 694 700 693 700 699 694 695 701 694 701 700 695 690 696 695 696 701 696 697 702 697 703 702 697 698 703 698 704 703 698 699 704 699 705 704 699 700 705 700 706 705 700 701 706 701 707 706 701 696 707 696 702 707 702 703 709 702 709 708 703 704 710 703 710 709 704 705 711 704 711 710 705 706 712 705 712 711 706 707 713 706 713 712 707 702 708 707 708 713 708 709 714 709 715 714 709 710 715 710 716 715 710 711 716 711 717 716 711 712 717 712 718 717 712 713 718 713 719 718 713 708 719 708 714 719 714 715 721 714 721 720 715 716 722 715 722 721 716 717 723 716 723 722 717 718 724 717 724 723 718 719 725 718 725 724 719 714 720 719 720 725 720 721 726 721 727 726 721 722 727 722 728 727 722 723 728 723 729 728 723 724 729 724 730 729 724 725 730 725 731 730 725 720 731 720 726 731 726 727 733 726 733 732 727 728 734 727 734 733 728 729 735 728 735 734 729 730 736 729 736 735 730 731 737 730 737 736 731 726 732 731 732 737 732 733 738 733 739 738 733 734 739 734 740 739 734 735 740 735 741 740 735 736 741 736 742 741 736 737 742 737 743 742 737 732 743 732 738 743 738 739 745 738 745 744 739 740 746 739 746 745 740 741 747 740 747 746 741 742 748 741 748 747 742 743 749 742 749 748 743 738 744 743 744 749 744 745 750 745 751 750 745 746 751 746 752 751 746 747 752 747 753 752 747 748 753 748 754 753 748 749 754 749 755 754 749 744 755 744 750 755 750 751 757 750 757 756 751 752 758 751 758 757 752 753 759 752 759 758 753 754 760 753 760 759 754 755 761 754 761 760 755 750 756 755 756 761 756 757 762 757 763 762 757 758 763 758 764 763 758 759 764 759 765 764 759 760 765 760 766 765 760 761 766 761 767 766 761 756 767 756 762 767 762 763 769 762 769 768 763 764 770 763 770 769 764 765 771 764 771 770 765 766 772 765 772 771 766 767 773 766 773 772 767 762 768 767 768 773 768 769 774 769 775 774 769 770 775 770 776 775 770 771 776 771 777 776 771 772 777 772 778 777 772 773 778 773 779 778 773 768 779 768 774 779 774 775 781 774 781 780 775 776 782 775 782 781 776 777 783 776 783 782 777 778 784 777 784 783 778 779 785 778 785 784 779 774 780 779 780 785 780 781 786 781 787 786 781 782 787 782 788 787 782 783 788 783 789 788 783 784 789 784 790 789 784 785 790 785 791 790 785 780 791 780 786 791 786 787 793 786 793 792 787 788 794 787 794 793 788 789 795 788 795 794 789 790 796 789 796 795 790 791 797 790 797 796 791 786 792 791 792 797 792 793 798 793 799 798 793 794 799 794 800 799 794 795 800 795 801 800 795 796 801 796 802 801 796 797 802 797 803 802 797 792 803 792 798 803 798 799 805 798 805 804 799 800 806 799 806 805 800 801 807 800 807 806 801 802 808 801 808 807 802 803 809 802 809 808 803 798 804 803 804 809 804 805 810 805 811 810 805 806 811 806 812 811 806 807 812 807 813 812 807 808 813 808 814 813 808 809 814 809 815 814 809 804 815 804 810 815 810 811 817 810 817 816 811 812 818 811 818 817 812 813 819 812 819 818 813 814 820 813 820 819 814 815 821 814 821 820 815 810 816 815 816 821 816 817 822 817 823 822 817 818 823 818 824 823 818 819 824 819 825 824 819 820 825 820 826 825 820 821 826 821 827 826 821 816 827 816 822 827 822 823 829 822 829 828 823 824 830 823 830 829 824 825 831 824 831 830 825 826 832 825 832 831 826 827 833 826 833 832 827 822 828 827 828 833 828 829 834 829 835 834 829 830 835 830 836 835 830 831 836 831 837 836 831 832 837 832 838 837 832 833 838 833 839 838 833 828 839 828 834 839 834 835 841 834 841 840 835 836 842 835 842 841 836 837 843 836 843 842 837 838 844 837 844 843 838 839 845 838 845 844 839 834 840 839 840 845 840 841 846 841 847 846 841 842 847 842 848 847 842 843 848 843 849 848 843 844 849 844 850 849 844 845 850 845 851 850 845 840 851 840 846 851 846 847 853 846 853 852 847 848 854 847 854 853 848 849 855 848 855 854 849 850 856 849 856 855 850 851 857 850 857 856 851 846 852 851 852 857 852 853 858 853 859 858 853 854 859 854 860 859 854 855 860 855 861 860 855 856 861 856 862 861 856 857 862 857 863 862 857 852 863 852 858 863 858 859 865 858 865 864 859 860 866 859 866 865 860 861 867 860 867 866 861 862 868 861 868 867 862 863 869 862 869 868 863 858 864 863 864 869 864 865 870 865 871 870 865 866 871 866 872 871 866 867 872 867 873 872 867 868 873 868 874 873 868 869 874 869 875 874 869 864 875 864 870 875 870 871 877 870 877 876 871 872 878 871 878 877 872 873 879 872 879 878 873 874 880 873 880 879 874 875 881 874 881 880 875 870 876 875 876 881 876 877 882 877 883 882 877 878 883 878 884 883 878 879 884 879 885 884 879 880 885 880 886 885 880 881 886 881 887 886 881 876 887 876 882 887 882 883 889 882 889 888 883 884 890 883 890 889 884 885 891 884 891 890 885 886 892 885 892 891 886 887 893 886 893 892 887 882 888 887 888 893 888 889 894 889 895 894 889 890 895 890 896 895 890 891 896 891 897 896 891 892 897 892 898 897 892 893 898 893 899 898 893 888 899 888 894 899 894 895 901 894 901 900 895 896 902 895 902 901 896 897 903 896 903 902 897 898 904 897 904 903 898 899 905 898 905 904 899 894 900 899 900 905 900 901 906 901 907 906 901 902 907 902 908 907 902 903 908 903 909 908 903 904 909 904 910 909 904 905 910 905 911 910 905 900 911 900 906 911 906 907 913 906 913 912 907 908 914 907 914 913 908 909 915 908 915 914 909 910 916 909 916 915 910 911 917 910 917 916 911 906 912 911 912 917 912 913 918 913 919 918 913 914 919 914 920 919 914 915 920 915 921 920 915 916 921 916 922 921 916 917 922 917 923 922 917 912 923 912 918 923 918 919 925 918 925 924 919 920 926 919 926 925 920 921 927 920 927 926 921 922 928 921 928 927 922 923 929 922 929 928 923 918 924 923 924 929 924 925 930 925 931 930 925 926 931 926 932 931 926 927 932 927 933 932 927 928 933 928 934 933 928 929 934 929 935 934 929 924 935 924 930 935 930 931 937 930 937 936 931 932 938 931 938 937 932 933 939 932 939 938 933 934 940 933 940 939 934 935 941 934 941 940 935 930 936 935 936 941 936 937 942 937 943 942 937 938 943 938 944 943 938 939 944 939 945 944 939 940 945 940 946 945 940 941 946 941 947 946 941 936 947 936 942 947 942 943 949 942 949 948 943 944 950 943 950 949 944 945 951 944 951 950 945 946 952 945 952 951 946 947 953 946 953 952 947 942 948 947 948 953 948 949 954 949 955 954 949 950 955 950 956 955 950 951 956 951 957 956 951 952 957 952 958 957 952 953 958 953 959 958 953 948 959 948 954 959 954 955 961 954 961 960 955 956 962 955 962 961 956 957 963 956 963 962 957 958 964 957 964 963 958 959 965 958 965 964 959 954 960 959 960 965 960 961 966 961 967 966 961 962 967 962 968 967 962 963 968 963 969 968 963 964 969 964 970 969 964 965 970 965 971 970 965 960 971 960 966 971 966 967 973 966 973 972 967 968 974 967 974 973 968 969 975 968 975 974 969 970 976 969 976 975 970 971 977 970 977 976 971 966 972 971 972 977 972 973 978 973 979 978 973 974 979 974 980 979 974 975 980 975 981 980 975 976 981 976 982 981 976 977 982 977 983 982 977 972 983 972 978 983 978 979 985 978 985 984 979 980 986 979 986 985 980 981 987 980 987 986 981 982 988 981 988 987 982 983 989 982 989 988 983 978 984 983 984 989 984 985 990 985 991 990 985 986 991 986 992 991 986 987 992 987 993 992 987 988 993 988 994 993 988 989 994 989 995 994 989 984 995 984 990 995 990 991 997 990 997 996 991 992 998 991 998 997 992 993 999 992 999 998 993 994 1000 993 1000 999 994 995 1001 994 1001 1000 995 990 996 995 996 1001 996 997 1002 997 1003 1002 997 998 1003 998 1004 1003 998 999 1004 999 1005 1004 999 1000 1005 1000 1006 1005 1000 1001 1006 1001 1007 1006 1001 996 1007 996 1002 1007 1002 1003 1009 1002 1009 1008 1003 1004 1010 1003 1010 1009 1004 1005 1011 1004 1011 1010 1005 1006 1012 1005 1012 1011 1006 1007 1013 1006 1013 1012 1007 1002 1008 1007 1008 1013 1008 1009 1014 1009 1015 1014 1009 1010 1015 1010 1016 1015 1010 1011 1016 1011 1017 1016 1011 1012 1017 1012 1018 1017 1012 1013 1018 1013 1019 1018 1013 1008 1019 1008 1014 1019 1014 1015 1021 1014 1021 1020 1015 1016 1022 1015 1022 1021 1016 1017 1023 1016 1023 1022 1017 1018 1024 1017 1024 1023 1018 1019 1025 1018 1025 1024 1019 1014 1020 1019 1020 1025 1020 1021 1026 1021 1027 1026 1021 1022 1027 1022 1028 1027 1022 1023 1028 1023 1029 1028 1023 1024 1029 1024 1030 1029 1024 1025 1030 1025 1031 1030 1025 1020 1031 1020 1026 1031 1026 1027 1033 1026 1033 1032 1027 1028 1034 1027 1034 1033 1028 1029 1035 1028 1035 1034 1029 1030 1036 1029 1036 1035 1030 1031 1037 1030 1037 1036 1031 1026 1032 1031 1032 1037 1032 1033 1038 1033 1039 1038 1033 1034 1039 1034 1040 1039 1034 1035 1040 1035 1041 1040 1035 1036 1041 1036 1042 1041 1036 1037 1042 1037 1043 1042 1037 1032 1043 1032 1038 1043 1038 1039 1045 1038 1045 1044 1039 1040 1046 1039 1046 1045 1040 1041 1047 1040 1047 1046 1041 1042 1048 1041 1048 1047 1042 1043 1049 1042 1049 1048 1043 1038 1044 1043 1044 1049 1044 1045 1050 1045 1051 1050 1045 1046 1051 1046 1052 1051 1046 1047 1052 1047 1053 1052 1047 1048 1053 1048 1054 1053 1048 1049 1054 1049 1055 1054 1049 1044 1055 1044 1050 1055 1050 1051 1057 1050 1057 1056 1051 1052 1058 1051 1058 1057 1052 1053 1059 1052 1059 1058 1053 1054 1060 1053 1060 1059 1054 1055 1061 1054 1061 1060 1055 1050 1056 1055 1056 1061 1056 1057 1062 1057 1063 1062 1057 1058 1063 1058 1064 1063 1058 1059 1064 1059 1065 1064 1059 1060 1065 1060 1066 1065 1060 1061 1066 1061 1067 1066 1061 1056 1067 1056 1062 1067 1062 1063 1069 1062 1069 1068 1063 1064 1070 1063 1070 1069 1064 1065 1071 1064 1071 1070 1065 1066 1072 1065 1072 1071 1066 1067 1073 1066 1073 1072 1067 1062 1068 1067 1068 1073 1068 1069 1074 1069 1075 1074 1069 1070 1075 1070 1076 1075 1070 1071 1076 1071 1077 1076 1071 1072 1077 1072 1078 1077 1072 1073 1078 1073 1079 1078 1073 1068 1079 1068 1074 1079 1074 1075 1081 1074 1081 1080 1075 1076 1082 1075 1082 1081 1076 1077 1083 1076 1083 1082 1077 1078 1084 1077 1084 1083 1078 1079 1085 1078 1085 1084 1079 1074 1080 1079 1080 1085 1080 1081 1086 1081 1087 1086 1081 1082 1087 1082 1088 1087 1082 1083 1088 1083 1089 1088 1083 1084 1089 1084 1090 1089 1084 1085 1090 1085 1091 1090 1085 1080 1091 1080 1086 1091 1086 1087 1093 1086 1093 1092 1087 1088 1094 1087 1094 1093 1088 1089 1095 1088 1095 1094 1089 1090 1096 1089 1096 1095 1090 1091 1097 1090 1097 1096 1091 1086 1092 1091 1092 1097 1092 1093 1098 1093 1099 1098 1093 1094 1099 1094 1100 1099 1094 1095 1100 1095 1101 1100 1095 1096 1101 1096 1102 1101 1096 1097 1102 1097 1103 1102 1097 1092 1103 1092 1098 1103 1098 1099 1105 1098 1105 1104 1099 1100 1106 1099 1106 1105 1100 1101 1107 1100 1107 1106 1101 1102 1108 1101 1108 1107 1102 1103 1109 1102 1109 1108 1103 1098 1104 1103 1104 1109 1104 1105 1110 1105 1111 1110 1105 1106 1111 1106 1112 1111 1106 1107 1112 1107 1113 1112 1107 1108 1113 1108 1114 1113 1108 1109 1114 1109 1115 1114 1109 1104 1115 1104 1110 1115 1110 1111 1117 1110 1117 1116 1111 1112 1118 1111 1118 1117 1112 1113 1119 1112 1119 1118 1113 1114 1120 1113 1120 1119 1114 1115 1121 1114 1121 1120 1115 1110 1116 1115 1116 1121 1116 1117 1122 1117 1123 1122 1117 1118 1123 1118 1124 1123 1118 1119 1124 1119 1125 1124 1119 1120 1125 1120 1126 1125 1120 1121 1126 1121 1127 1126 1121 1116 1127 1116 1122 1127 1122 1123 1129 1122 1129 1128 1123 1124 1130 1123 1130 1129 1124 1125 1131 1124 1131 1130 1125 1126 1132 1125 1132 1131 1126 1127 1133 1126 1133 1132 1127 1122 1128 1127 1128 1133 1128 1129 1134 1129 1135 1134 1129 1130 1135 1130 1136 1135 1130 1131 1136 1131 1137 1136 1131 1132 1137 1132 1138 1137 1132 1133 1138 1133 1139 1138 1133 1128 1139 1128 1134 1139 1134 1135 1141 1134 1141 1140 1135 1136 1142 1135 1142 1141 1136 1137 1143 1136 1143 1142 1137 1138 1144 1137 1144 1143 1138 1139 1145 1138 1145 1144 1139 1134 1140 1139 1140 1145 1140 1141 1146 1141 1147 1146 1141 1142 1147 1142 1148 1147 1142 1143 1148 1143 1149 1148 1143 1144 1149 1144 1150 1149 1144 1145 1150 1145 1151 1150 1145 1140 1151 1140 1146 1151 1146 1147 1153 1146 1153 1152 1147 1148 1154 1147 1154 1153 1148 1149 1155 1148 1155 1154 1149 1150 1156 1149 1156 1155 1150 1151 1157 1150 1157 1156 1151 1146 1152 1151 1152 1157 1152 1153 1158 1153 1159 1158 1153 1154 1159 1154 1160 1159 1154 1155 1160 1155 1161 1160 1155 1156 1161 1156 1162 1161 1156 1157 1162 1157 1163 1162 1157 1152 1163 1152 1158 1163 1158 1159 1165 1158 1165 1164 1159 1160 1166 1159 1166 1165 1160 1161 1167 1160 1167 1166 1161 1162 1168 1161 1168 1167 1162 1163 1169 1162 1169 1168 1163 1158 1164 1163 1164 1169 1164 1165 1170 1165 1171 1170 1165 1166 1171 1166 1172 1171 1166 1167 1172 1167 1173 1172 1167 1168 1173 1168 1174 1173 1168 1169 1174 1169 1175 1174 1169 1164 1175 1164 1170 1175 1170 1171 1177 1170 1177 1176 1171 1172 1178 1171 1178 1177 1172 1173 1179 1172 1179 1178 1173 1174 1180 1173 1180 1179 1174 1175 1181 1174 1181 1180 1175 1170 1176 1175 1176 1181 1176 1177 1182 1177 1183 1182 1177 1178 1183 1178 1184 1183 1178 1179 1184 1179 1185 1184 1179 1180 1185 1180 1186 1185 1180 1181 1186 1181 1187 1186 1181 1176 1187 1176 1182 1187 1182 1183 1189 1182 1189 1188 1183 1184 1190 1183 1190 1189 1184 1185 1191 1184 1191 1190 1185 1186 1192 1185 1192 1191 1186 1187 1193 1186 1193 1192 1187 1182 1188 1187 1188 1193 1188 1189 1194 1189 1195 1194 1189 1190 1195 1190 1196 1195 1190 1191 1196 1191 1197 1196 1191 1192 1197 1192 1198 1197 1192 1193 1198 1193 1199 1198 1193 1188 1199 1188 1194 1199 1194 1195 1201 1194 1201 1200 1195 1196 1202 1195 1202 1201 1196 1197 1203 1196 1203 1202 1197 1198 1204 1197 1204 1203 1198 1199 1205 1198 1205 1204 1199 1194 1200 1199 1200 1205 1200 1201 1206 1201 1207 1206 1201 1202 1207 1202 1208 1207 1202 1203 1208 1203 1209 1208 1203 1204 1209 1204 1210 1209 1204 1205 1210 1205 1211 1210 1205 1200 1211 1200 1206 1211 1206 1207 1213 1206 1213 1212 1207 1208 1214 1207 1214 1213 1208 1209 1215 1208 1215 1214 1209 1210 1216 1209 1216 1215 1210 1211 1217 1210 1217 1216 1211 1206 1212 1211 1212 1217 1212 1213 1218 1213 1219 1218 1213 1214 1219 1214 1220 1219 1214 1215 1220 1215 1221 1220 1215 1216 1221 1216 1222 1221 1216 1217 1222 1217 1223 1222 1217 1212 1223 1212 1218 1223 1218 1219 1225 1218 1225 1224 1219 1220 1226 1219 1226 1225 1220 1221 1227 1220 1227 1226 1221 1222 1228 1221 1228 1227 1222 1223 1229 1222 1229 1228 1223 1218 1224 1223 1224 1229 1224 1225 1230 1225 1231 1230 1225 1226 1231 1226 1232 1231 1226 1227 1232 1227 1233 1232 1227 1228 1233 1228 1234 1233 1228 1229 1234 1229 1235 1234 1229 1224 1235 1224 1230 1235 1230 1231 1237 1230 1237 1236 1231 1232 1238 1231 1238 1237 1232 1233 1239 1232 1239 1238 1233 1234 1240 1233 1240 1239 1234 1235 1241 1234 1241 1240 1235 1230 1236 1235 1236 1241 1236 1237 1242 1237 1243 1242 1237 1238 1243 1238 1244 1243 1238 1239 1244 1239 1245 1244 1239 1240 1245 1240 1246 1245 1240 1241 1246 1241 1247 1246 1241 1236 1247 1236 1242 1247 1242 1243 1249 1242 1249 1248 1243 1244 1250 1243 1250 1249 1244 1245 1251 1244 1251 1250 1245 1246 1252 1245 1252 1251 1246 1247 1253 1246 1253 1252 1247 1242 1248 1247 1248 1253 1248 1249 1254 1249 1255 1254 1249 1250 1255 1250 1256 1255 1250 1251 1256 1251 1257 1256 1251 1252 1257 1252 1258 1257 1252 1253 1258 1253 1259 1258 1253 1248 1259 1248 1254 1259 1254 1255 1261 1254 1261 1260 1255 1256 1262 1255 1262 1261 1256 1257 1263 1256 1263 1262 1257 1258 1264 1257 1264 1263 1258 1259 1265 1258 1265 1264 1259 1254 1260 1259 1260 1265 1260 1261 1266 1261 1267 1266 1261 1262 1267 1262 1268 1267 1262 1263 1268 1263 1269 1268 1263 1264 1269 1264 1270 1269 1264 1265 1270 1265 1271 1270 1265 1260 1271 1260 1266 1271 1266 1267 1273 1266 1273 1272 1267 1268 1274 1267 1274 1273 1268 1269 1275 1268 1275 1274 1269 1270 1276 1269 1276 1275 1270 1271 1277 1270 1277 1276 1271 1266 1272 1271 1272 1277 1272 1273 1278 1273 1279 1278 1273 1274 1279 1274 1280 1279 1274 1275 1280 1275 1281 1280 1275 1276 1281 1276 1282 1281 1276 1277 1282 1277 1283 1282 1277 1272 1283 1272 1278 1283 1278 1279 1285 1278 1285 1284 1279 1280 1286 1279 1286 1285 1280 1281 1287 1280 1287 1286 1281 1282 1288 1281 1288 1287 1282 1283 1289 1282 1289 1288 1283 1278 1284 1283 1284 1289 1284 1285 1290 1285 1291 1290 1285 1286 1291 1286 1292 1291 1286 1287 1292 1287 1293 1292 1287 1288 1293 1288 1294 1293 1288 1289 1294 1289 1295 1294 1289 1284 1295 1284 1290 1295 1290 1291 1297 1290 1297 1296 1291 1292 1298 1291 1298 1297 1292 1293 1299 1292 1299 1298 1293 1294 1300 1293 1300 1299 1294 1295 1301 1294 1301 1300 1295 1290 1296 1295 1296 1301 1296 1297 1302 1297 1303 1302 1297 1298 1303 1298 1304 1303 1298 1299 1304 1299 1305 1304 1299 1300 1305 1300 1306 1305 1300 1301 1306 1301 1307 1306 1301 1296 1307 1296 1302 1307 1302 1303 1309 1302 1309 1308 1303 1304 1310 1303 1310 1309 1304 1305 1311 1304 1311 1310 1305 1306 1312 1305 1312 1311 1306 1307 1313 1306 1313 1312 1307 1302 1308 1307 1308 1313 1308 1309 1314 1309 1315 1314 1309 1310 1315 1310 1316 1315 1310 1311 1316 1311 1317 1316 1311 1312 1317 1312 1318 1317 1312 1313 1318 1313 1319 1318 1313 1308 1319 1308 1314 1319 1314 1315 1321 1314 1321 1320 1315 1316 1322 1315 1322 1321 1316 1317 1323 1316 1323 1322 1317 1318 1324 1317 1324 1323 1318 1319 1325 1318 1325 1324 1319 1314 1320 1319 1320 1325 1326 1328 1327 1326 1329 1328 1326 1330 1329 1326 1331 1330 1326 1332 1331 1326 1327 1332 1333 1334 1335 1333 1335 1336 1333 1336 1337 1333 1337 1338 1333 1338 1339 1333 1339 1334" solid="false" colorPerVertex="false">
     <Coordinate point="0.01 -1 0 0.005 -1 -0.00866025 -0.005 -1 -0.00866025 -0.01 -1 -1.22465e-18 -0.005 -1 0.00866025 0.005 -1 0.00866025 0.00866025 -0.990909 -0.005 6.12323e-19 -0.990909 -0.01 -0.00866025 -0.990909 -0.005 -0.00866025 -0.990909 0.005 -1.83697e-18 -0.990909 0.01 0.00866025 -0.990909 0.005 0.01 -0.981818 0 0.005 -0.981818 -0.00866025 -0.005 -0.981818 -0.00866025 -0.01 -0.981818 -1.22465e-18 -0.005 -0.981818 0.00866025 0.005 -0.981818 0.00866025 0.00866025 -0.972727 -0.005 6.12323e-19 -0.972727 -0.01 -0.00866025 -0.972727 -0.005 -0.00866025 -0.972727 0.005 -1.83697e-18 -0.972727 0.01 0.00866025 -0.972727 0.005 0.01 -0.963636 0 0.005 -0.963636 -0.00866025 -0.005 -0.963636 -0.00866025 -0.01 -0.963636 -1.22465e-18 -0.005 -0.963636 0.00866025 0.005 -0.963636 0.00866025 0.00866025 -0.954545 -0.005 6.12323e-19 -0.954545 -0.01 -0.00866025 -0.954545 -0.005 -0.00866025 -0.954545 0.005 -1.83697e-18 -0.954545 0.01 0.00866025 -0.954545 0.005 0.01 -0.945455 0 0.005 -0.945455 -0.00866025 -0.005 -0.945455 -0.00866025 -0.01 -0.945455 -1.22465e-18 -0.005 -0.945455 0.00866025 0.005 -0.945455 0.00866025 0.00866025 -0.936364 -0.005 6.12323e-19 -0.936364 -0.01 -0.00866025 -0.936364 -0.005 -0.00866025 -0.936364 0.005 -1.83697e-18 -0.936364 0.01 0.00866025 -0.936364 0.005 0.01 -0.927273 0 0.005 -0.927273 -0.00866025 -0.005 -0.927273 -0.00866025 -0.01 -0.927273 -1.22465e-18 -0.005 -0.927273 0.00866025 0.005 -0.927273 0.00866025 0.00866025 -0.918182 -0.005 6.12323e-19 -0.918182 -0.01 -0.00866025 -0.918182 -0.005 -0.00866025 -0.918182 0.005 -1.83697e-18 -0.918182 0.01 0.00866025 -0.918182 0.005 0.01 -0.909091 0 0.005 -0.909091 -0.00866025 -0.005 -0.909091 -0.00866025 -0.01 -0.909091 -1.22465e-18 -0.005 -0.909091 0.00866025 0.005 -0.909091 0.00866025 0.00866025 -0.9 -0.005 6.12323e-19 -0.9 -0.01 -0.00866025 -0.9 -0.005 -0.00866025 -0.9 0.005 -1.83697e-18 -0.9 0.01 0.00866025 -0.9 0.005 0.01 -0.890909 0 0.005 -0.890909 -0.00866025 -0.005 -0.890909 -0.00866025 -0.01 -0.890909 -1.22465e-18 -0.005 -0.890909 0.00866025 0.005 -0.890909 0.00866025 0.00866025 -0.881818 -0.005 6.12323e-19 -0.881818 -0.01 -0.00866025 -0.881818 -0.005 -0.00866025 -0.881818 0.005 -1.83697e-18 -0.881818 0.01 0.00866025 -0.881818 0.005 0.01 -0.872727 0 0.005 -0.872727 -0.00866025 -0.005 -0.872727 -0.00866025 -0.01 -0.872727 -1.22465e-18 -0.005 -0.872727 0.00866025 0.005 -0.872727 0.00866025 0.00866025 -0.863636 -0.005 6.12323e-19 -0.863636 -0.01 -0.00866025 -0.863636 -0.005 -0.00866025 -0.863636 0.005 -1.83697e-18 -0.863636 0.01 0.00866025 -0.863636 0.005 0.01 -0.854545 0 0.005 -0.854545 -0.00866025 -0.005 -0.854545 -0.00866025 -0.01 -0.854545 -1.22465e-18 -0.005 -0.854545 0.00866025 0.005 -0.854545 0.00866025 0.00866025 -0.845455 -0.005 6.12323e-19 -0.845455 -0.01 -0.00866025 -0.845455 -0.005 -0.00866025 -0.845455 0.005 -1.83697e-18 -0.845455 0.01 0.00866025 -0.845455 0.005 0.01 -0.836364 0 0.005 -0.836364 -0.00866025 -0.005 -0.836364 -0.00866025 -0.01 -0.836364 -1.22465e-18 -0.005 -0.836364 0.00866025 0.005 -0.836364 0.00866025 0.00866025 -0.827273 -0.005 6.12323e-19 -0.827273 -0.01 -0.00866025 -0.827273 -0.005 -0.00866025 -0.827273 0.005 -1.83697e-18 -0.827273 0.01 0.00866025 -0.827273 0.005 0.01 -0.818182 0 0.005 -0.818182 -0.00866025 -0.005 -0.818182 -0.00866025 -0.01 -0.818182 -1.22465e-18 -0.005 -0.818182 0.00866025 0.005 -0.818182 0.00866025 0.00866025 -0.809091 -0.005 6.12323e-19 -0.809091 -0.01 -0.00866025 -0.809091 -0.005 -0.00866025 -0.809091 0.005 -1.83697e-18 -0.809091 0.01 0.00866025 -0.809091 0.005 0.01 -0.8 0 0.005 -0.8 -0.00866025 -0.005 -0.8 -0.00866025 -0.01 -0.8 -1.22465e-18 -0.005 -0.8 0.00866025 0.005 -0.8 0.00866025 0.00866025 -0.790909 -0.005 6.12323e-19 -0.790909 -0.01 -0.00866025 -0.790909 -0.005 -0.00866025 -0.790909 0.005 -1.83697e-18 -0.790909 0.01 0.00866025 -0.790909 0.005 0.01 -0.781818 0 0.005 -0.781818 -0.00866025 -0.005 -0.781818 -0.00866025 -0.01 -0.781818 -1.22465e-18 -0.005 -0.781818 0.00866025 0.005 -0.781818 0.00866025 0.00866025 -0.772727 -0.005 6.12323e-19 -0.772727 -0.01 -0.00866025 -0.772727 -0.005 -0.00866025 -0.772727 0.005 -1.83697e-18 -0.772727 0.01 0.00866025 -0.772727 0.005 0.01 -0.763636 0 0.005 -0.763636 -0.00866025 -0.005 -0.763636 -0.00866025 -0.01 -0.763636 -1.22465e-18 -0.005 -0.763636 0.00866025 0.005 -0.763636 0.00866025 0.00866025 -0.754545 -0.005 6.12323e-19 -0.754545 -0.01 -0.00866025 -0.754545 -0.005 -0.00866025 -0.754545 0.005 -1.83697e-18 -0.754545 0.01 0.00866025 -0.754545 0.005 0.01 -0.745455 0 0.005 -0.745455 -0.00866025 -0.005 -0.745455 -0.00866025 -0.01 -0.745455 -1.22465e-18 -0.005 -0.745455 0.00866025 0.005 -0.745455 0.00866025 0.00866025 -0.736364 -0.005 6.12323e-19 -0.736364 -0.01 -0.00866025 -0.736364 -0.005 -0.00866025 -0.736364 0.005 -1.83697e-18 -0.736364 0.01 0.00866025 -0.736364 0.005 0.01 -0.727273 0 0.005 -0.727273 -0.00866025 -0.005 -0.727273 -0.00866025 -0.01 -0.727273 -1.22465e-18 -0.005 -0.727273 0.00866025 0.005 -0.727273 0.00866025 0.00866025 -0.718182 -0.005 6.12323e-19 -0.718182 -0.01 -0.00866025 -0.718182 -0.005 -0.00866025 -0.718182 0.005 -1.83697e-18 -0.718182 0.01 0.00866025 -0.718182 0.005 0.01 -0.709091 0 0.005 -0.709091 -0.00866025 -0.005 -0.709091 -0.00866025 -0.01 -0.709091 -1.22465e-18 -0.005 -0.709091 0.00866025 0.005 -0.709091 0.00866025 0.00866025 -0.7 -0.005 6.12323e-19 -0.7 -0.01 -0.00866025 -0.7 -0.005 -0.00866025 -0.7 0.005 -1.83697e-18 -0.7 0.01 0.00866025 -0.7 0.005 0.01 -0.690909 0 0.005 -0.690909 -0.00866025 -0.005 -0.690909 -0.00866025 -0.01 -0.690909 -1.22465e-18 -0.005 -0.690909 0.00866025 0.005 -0.690909 0.00866025 0.00866025 -0.681818 -0.005 6.12323e-19 -0.681818 -0.01 -0.00866025 -0.681818 -0.005 -0.00866025 -0.681818 0.005 -1.83697e-18 -0.681818 0.01 0.00866025 -0.681818 0.005 0.01 -0.672727 0 0.005 -0.672727 -0.00866025 -0.005 -0.672727 -0.00866025 -0.01 -0.672727 -1.22465e-18 -0.005 -0.672727 0.00866025 0.005 -0.672727 0.00866025 0.00866025 -0.663636 -0.005 6.12323e-19 -0.663636 -0.01 -0.00866025 -0.663636 -0.005 -0.00866025 -0.663636 0.005 -1.83697e-18 -0.663636 0.01 0.00866025 -0.663636 0.005 0.01 -0.654545 0 0.005 -0.654545 -0.00866025 -0.005 -0.654545 -0.00866025 -0.01 -0.654545 -1.22465e-18 -0.005 -0.654545 0.00866025 0.005 -0.654545 0.00866025 0.00866025 -0.645455 -0.005 6.12323e-19 -0.645455 -0.01 -0.00866025 -0.645455 -0.005 -0.00866025 -0.645455 0.005 -1.83697e-18 -0.645455 0.01 0.00866025 -0.645455 0.005 0.01 -0.636364 0 0.005 -0.636364 -0.00866025 -0.005 -0.636364 -0.00866025 -0.01 -0.636364 -1.22465e-18 -0.005 -0.636364 0.00866025 0.005 -0.636364 0.00866025 0.00866025 -0.627273 -0.005 6.12323e-19 -0.627273 -0.01 -0.00866025 -0.627273 -0.005 -0.00866025 -0.627273 0.005 -1.83697e-18 -0.627273 0.01 0.00866025 -0.627273 0.005 0.01 -0.618182 0 0.005 -0.618182 -0.00866025 -0.005 -0.618182 -0.00866025 -0.01 -0.618182 -1.22465e-18 -0.005 -0.618182 0.00866025 0.005 -0.618182 0.00866025 0.00866025 -0.609091 -0.005 6.12323e-19 -0.609091 -0.01 -0.00866025 -0.609091 -0.005 -0.00866025 -0.609091 0.005 -1.83697e-18 -0.609091 0.01 0.00866025 -0.609091 0.005 0.01 -0.6 0 0.005 -0.6 -0.00866025 -0.005 -0.6 -0.00866025 -0.01 -0.6 -1.22465e-18 -0.005 -0.6 0.00866025 0.005 -0.6 0.00866025 0.00866025 -0.590909 -0.005 6.12323e-19 -0.590909 -0.01 -0.00866025 -0.590909 -0.005 -0.00866025 -0.590909 0.005 -1.83697e-18 -0.590909 0.01 0.00866025 -0.590909 0.005 0.01 -0.581818 0 0.005 -0.581818 -0.00866025 -0.005 -0.581818 -0.00866025 -0.01 -0.581818 -1.22465e-18 -0.005 -0.581818 0.00866025 0.005 -0.581818 0.00866025 0.00866025 -0.572727 -0.005 6.12323e-19 -0.572727 -0.01 -0.00866025 -0.572727 -0.005 -0.00866025 -0.572727 0.005 -1.83697e-18 -0.572727 0.01 0.00866025 -0.572727 0.005 0.01 -0.563636 0 0.005 -0.563636 -0.00866025 -0.005 -0.563636 -0.00866025 -0.01 -0.563636 -1.22465e-18 -0.005 -0.563636 0.00866025 0.005 -0.563636 0.00866025 0.00866025 -0.554545 -0.005 6.12323e-19 -0.554545 -0.01 -0.00866025 -0.554545 -0.005 -0.00866025 -0.554545 0.005 -1.83697e-18 -0.554545 0.01 0.00866025 -0.554545 0.005 0.01 -0.545455 0 0.005 -0.545455 -0.00866025 -0.005 -0.545455 -0.00866025 -0.01 -0.545455 -1.22465e-18 -0.005 -0.545455 0.00866025 0.005 -0.545455 0.00866025 0.00866025 -0.536364 -0.005 6.12323e-19 -0.536364 -0.01 -0.00866025 -0.536364 -0.005 -0.00866025 -0.536364 0.005 -1.83697e-18 -0.536364 0.01 0.00866025 -0.536364 0.005 0.01 -0.527273 0 0.005 -0.527273 -0.00866025 -0.005 -0.527273 -0.00866025 -0.01 -0.527273 -1.22465e-18 -0.005 -0.527273 0.00866025 0.005 -0.527273 0.00866025 0.00866025 -0.518182 -0.005 6.12323e-19 -0.518182 -0.01 -0.00866025 -0.518182 -0.005 -0.00866025 -0.518182 0.005 -1.83697e-18 -0.518182 0.01 0.00866025 -0.518182 0.005 0.01 -0.509091 0 0.005 -0.509091 -0.00866025 -0.005 -0.509091 -0.00866025 -0.01 -0.509091 -1.22465e-18 -0.005 -0.509091 0.00866025 0.005 -0.509091 0.00866025 0.00866025 -0.5 -0.005 6.12323e-19 -0.5 -0.01 -0.00866025 -0.5 -0.005 -0.00866025 -0.5 0.005 -1.83697e-18 -0.5 0.01 0.00866025 -0.5 0.005 0.01 -0.490909 0 0.005 -0.490909 -0.00866025 -0.005 -0.490909 -0.00866025 -0.01 -0.490909 -1.22465e-18 -0.005 -0.490909 0.00866025 0.005 -0.490909 0.00866025 0.00866025 -0.481818 -0.005 6.12323e-19 -0.481818 -0.01 -0.00866025 -0.481818 -0.005 -0.00866025 -0.481818 0.005 -1.83697e-18 -0.481818 0.01 0.00866025 -0.481818 0.005 0.01 -0.472727 0 0.005 -0.472727 -0.00866025 -0.005 -0.472727 -0.00866025 -0.01 -0.472727 -1.22465e-18 -0.005 -0.472727 0.00866025 0.005 -0.472727 0.00866025 0.00866025 -0.463636 -0.005 6.12323e-19 -0.463636 -0.01 -0.00866025 -0.463636 -0.005 -0.00866025 -0.463636 0.005 -1.83697e-18 -0.463636 0.01 0.00866025 -0.463636 0.005 0.01 -0.454545 0 0.005 -0.454545 -0.00866025 -0.005 -0.454545 -0.00866025 -0.01 -0.454545 -1.22465e-18 -0.005 -0.454545 0.00866025 0.005 -0.454545 0.00866025 0.00866025 -0.445455 -0.005 6.12323e-19 -0.445455 -0.01 -0.00866025 -0.445455 -0.005 -0.00866025 -0.445455 0.005 -1.83697e-18 -0.445455 0.01 0.00866025 -0.445455 0.005 0.01 -0.436364 0 0.005 -0.436364 -0.00866025 -0.005 -0.436364 -0.00866025 -0.01 -0.436364 -1.22465e-18 -0.005 -0.436364 0.00866025 0.005 -0.436364 0.00866025 0.00866025 -0.427273 -0.005 6.12323e-19 -0.427273 -0.01 -0.00866025 -0.427273 -0.005 -0.00866025 -0.427273 0.005 -1.83697e-18 -0.427273 0.01 0.00866025 -0.427273 0.005 0.01 -0.418182 0 0.005 -0.418182 -0.00866025 -0.005 -0.418182 -0.00866025 -0.01 -0.418182 -1.22465e-18 -0.005 -0.418182 0.00866025 0.005 -0.418182 0.00866025 0.00866025 -0.409091 -0.005 6.12323e-19 -0.409091 -0.01 -0.00866025 -0.409091 -0.005 -0.00866025 -0.409091 0.005 -1.83697e-18 -0.409091 0.01 0.00866025 -0.409091 0.005 0.01 -0.4 0 0.005 -0.4 -0.00866025 -0.005 -0.4 -0.00866025 -0.01 -0.4 -1.22465e-18 -0.005 -0.4 0.00866025 0.005 -0.4 0.00866025 0.00866025 -0.390909 -0.005 6.12323e-19 -0.390909 -0.01 -0.00866025 -0.390909 -0.005 -0.00866025 -0.390909 0.005 -1.83697e-18 -0.390909 0.01 0.00866025 -0.390909 0.005 0.01 -0.381818 0 0.005 -0.381818 -0.00866025 -0.005 -0.381818 -0.00866025 -0.01 -0.381818 -1.22465e-18 -0.005 -0.381818 0.00866025 0.005 -0.381818 0.00866025 0.00866025 -0.372727 -0.005 6.12323e-19 -0.372727 -0.01 -0.00866025 -0.372727 -0.005 -0.00866025 -0.372727 0.005 -1.83697e-18 -0.372727 0.01 0.00866025 -0.372727 0.005 0.01 -0.363636 0 0.005 -0.363636 -0.00866025 -0.005 -0.363636 -0.00866025 -0.01 -0.363636 -1.22465e-18 -0.005 -0.363636 0.00866025 0.005 -0.363636 0.00866025 0.00866025 -0.354545 -0.005 6.12323e-19 -0.354545 -0.01 -0.00866025 -0.354545 -0.005 -0.00866025 -0.354545 0.005 -1.83697e-18 -0.354545 0.01 0.00866025 -0.354545 0.005 0.01 -0.345455 0 0.005 -0.345455 -0.00866025 -0.005 -0.345455 -0.00866025 -0.01 -0.345455 -1.22465e-18 -0.005 -0.345455 0.00866025 0.005 -0.345455 0.00866025 0.00866025 -0.336364 -0.005 6.12323e-19 -0.336364 -0.01 -0.00866025 -0.336364 -0.005 -0.00866025 -0.336364 0.005 -1.83697e-18 -0.336364 0.01 0.00866025 -0.336364 0.005 0.01 -0.327273 0 0.005 -0.327273 -0.00866025 -0.005 -0.327273 -0.00866025 -0.01 -0.327273 -1.22465e-18 -0.005 -0.327273 0.00866025 0.005 -0.327273 0.00866025 0.00866025 -0.318182 -0.005 6.12323e-19 -0.318182 -0.01 -0.00866025 -0.318182 -0.005 -0.00866025 -0.318182 0.005 -1.83697e-18 -0.318182 0.01 0.00866025 -0.318182 0.005 0.01 -0.309091 0 0.005 -0.309091 -0.00866025 -0.005 -0.309091 -0.00866025 -0.01 -0.309091 -1.22465e-18 -0.005 -0.309091 0.00866025 0.005 -0.309091 0.00866025 0.00866025 -0.3 -0.005 6.12323e-19 -0.3 -0.01 -0.00866025 -0.3 -0.005 -0.00866025 -0.3 0.005 -1.83697e-18 -0.3 0.01 0.00866025 -0.3 0.005 0.01 -0.290909 0 0.005 -0.290909 -0.00866025 -0.005 -0.290909 -0.00866025 -0.01 -0.290909 -1.22465e-18 -0.005 -0.290909 0.00866025 0.005 -0.290909 0.00866025 0.00866025 -0.281818 -0.005 6.12323e-19 -0.281818 -0.01 -0.00866025 -0.281818 -0.005 -0.00866025 -0.281818 0.005 -1.83697e-18 -0.281818 0.01 0.00866025 -0.281818 0.005 0.01 -0.272727 0 0.005 -0.272727 -0.00866025 -0.005 -0.272727 -0.00866025 -0.01 -0.272727 -1.22465e-18 -0.005 -0.272727 0.00866025 0.005 -0.272727 0.00866025 0.00866025 -0.263636 -0.005 6.12323e-19 -0.263636 -0.01 -0.00866025 -0.263636 -0.005 -0.00866025 -0.263636 0.005 -1.83697e-18 -0.263636 0.01 0.00866025 -0.263636 0.005 0.01 -0.254545 0 0.005 -0.254545 -0.00866025 -0.005 -0.254545 -0.00866025 -0.01 -0.254545 -1.22465e-18 -0.005 -0.254545 0.00866025 0.005 -0.254545 0.00866025 0.00866025 -0.245455 -0.005 6.12323e-19 -0.245455 -0.01 -0.00866025 -0.245455 -0.005 -0.00866025 -0.245455 0.005 -1.83697e-18 -0.245455 0.01 0.00866025 -0.245455 0.005 0.01 -0.236364 0 0.005 -0.236364 -0.00866025 -0.005 -0.236364 -0.00866025 -0.01 -0.236364 -1.22465e-18 -0.005 -0.236364 0.00866025 0.005 -0.236364 0.00866025 0.00866025 -0.227273 -0.005 6.12323e-19 -0.227273 -0.01 -0.00866025 -0.227273 -0.005 -0.00866025 -0.227273 0.005 -1.83697e-18 -0.227273 0.01 0.00866025 -0.227273 0.005 0.01 -0.218182 0 0.005 -0.218182 -0.00866025 -0.005 -0.218182 -0.00866025 -0.01 -0.218182 -1.22465e-18 -0.005 -0.218182 0.00866025 0.005 -0.218182 0.00866025 0.00866025 -0.209091 -0.005 6.12323e-19 -0.209091 -0.01 -0.00866025 -0.209091 -0.005 -0.00866025 -0.209091 0.005 -1.83697e-18 -0.209091 0.01 0.00866025 -0.209091 0.005 0.01 -0.2 0 0.005 -0.2 -0.00866025 -0.005 -0.2 -0.00866025 -0.01 -0.2 -1.22465e-18 -0.005 -0.2 0.00866025 0.005 -0.2 0.00866025 0.00866025 -0.190909 -0.005 6.12323e-19 -0.190909 -0.01 -0.00866025 -0.190909 -0.005 -0.00866025 -0.190909 0.005 -1.83697e-18 -0.190909 0.01 0.00866025 -0.190909 0.005 0.01 -0.181818 0 0.005 -0.181818 -0.00866025 -0.005 -0.181818 -0.00866025 -0.01 -0.181818 -1.22465e-18 -0.005 -0.181818 0.00866025 0.005 -0.181818 0.00866025 0.00866025 -0.172727 -0.005 6.12323e-19 -0.172727 -0.01 -0.00866025 -0.172727 -0.005 -0.00866025 -0.172727 0.005 -1.83697e-18 -0.172727 0.01 0.00866025 -0.172727 0.005 0.01 -0.163636 0 0.005 -0.163636 -0.00866025 -0.005 -0.163636 -0.00866025 -0.01 -0.163636 -1.22465e-18 -0.005 -0.163636 0.00866025 0.005 -0.163636 0.00866025 0.00866025 -0.154545 -0.005 6.12323e-19 -0.154545 -0.01 -0.00866025 -0.154545 -0.005 -0.00866025 -0.154545 0.005 -1.83697e-18 -0.154545 0.01 0.00866025 -0.154545 0.005 0.01 -0.145455 0 0.005 -0.145455 -0.00866025 -0.005 -0.145455 -0.00866025 -0.01 -0.145455 -1.22465e-18 -0.005 -0.145455 0.00866025 0.005 -0.145455 0.00866025 0.00866025 -0.136364 -0.005 6.12323e-19 -0.136364 -0.01 -0.00866025 -0.136364 -0.005 -0.00866025 -0.136364 0.005 -1.83697e-18 -0.136364 0.01 0.00866025 -0.136364 0.005 0.01 -0.127273 0 0.005 -0.127273 -0.00866025 -0.005 -0.127273 -0.00866025 -0.01 -0.127273 -1.22465e-18 -0.005 -0.127273 0.00866025 0.005 -0.127273 0.00866025 0.00866025 -0.118182 -0.005 6.12323e-19 -0.118182 -0.01 -0.00866025 -0.118182 -0.005 -0.00866025 -0.118182 0.005 -1.83697e-18 -0.118182 0.01 0.00866025 -0.118182 0.005 0.01 -0.109091 0 0.005 -0.109091 -0.00866025 -0.005 -0.109091 -0.00866025 -0.01 -0.109091 -1.22465e-18 -0.005 -0.109091 0.00866025 0.005 -0.109091 0.00866025 0.00866025 -0.1 -0.005 6.12323e-19 -0.1 -0.01 -0.00866025 -0.1 -0.005 -0.00866025 -0.1 0.005 -1.83697e-18 -0.1 0.01 0.00866025 -0.1 0.005 0.01 -0.0909091 0 0.005 -0.0909091 -0.00866025 -0.005 -0.0909091 -0.00866025 -0.01 -0.0909091 -1.22465e-18 -0.005 -0.0909091 0.00866025 0.005 -0.0909091 0.00866025 0.00866025 -0.0818182 -0.005 6.12323e-19 -0.0818182 -0.01 -0.00866025 -0.0818182 -0.005 -0.00866025 -0.0818182 0.005 -1.83697e-18 -0.0818182 0.01 0.00866025 -0.0818182 0.005 0.01 -0.0727273 0 0.005 -0.0727273 -0.00866025 -0.005 -0.0727273 -0.00866025 -0.01 -0.0727273 -1.22465e-18 -0.005 -0.0727273 0.00866025 0.005 -0.0727273 0.00866025 0.00866025 -0.0636364 -0.005 6.12323e-19 -0.0636364 -0.01 -0.00866025 -0.0636364 -0.005 -0.00866025 -0.0636364 0.005 -1.83697e-18 -0.0636364 0.01 0.00866025 -0.0636364 0.005 0.01 -0.0545455 0 0.005 -0.0545455 -0.00866025 -0.005 -0.0545455 -0.00866025 -0.01 -0.0545455 -1.22465e-18 -0.005 -0.0545455 0.00866025 0.005 -0.0545455 0.00866025 0.00866025 -0.0454545 -0.005 6.12323e-19 -0.0454545 -0.01 -0.00866025 -0.0454545 -0.005 -0.00866025 -0.0454545 0.005 -1.83697e-18 -0.0454545 0.01 0.00866025 -0.0454545 0.005 0.01 -0.0363636 0 0.005 -0.0363636 -0.00866025 -0.005 -0.0363636 -0.00866025 -0.01 -0.0363636 -1.22465e-18 -0.005 -0.0363636 0.00866025 0.005 -0.0363636 0.00866025 0.00866025 -0.0272727 -0.005 6.12323e-19 -0.0272727 -0.01 -0.00866025 -0.0272727 -0.005 -0.00866025 -0.0272727 0.005 -1.83697e-18 -0.0272727 0.01 0.00866025 -0.0272727 0.005 0.01 -0.0181818 0 0.005 -0.0181818 -0.00866025 -0.005 -0.0181818 -0.00866025 -0.01 -0.0181818 -1.22465e-18 -0.005 -0.0181818 0.00866025 0.005 -0.0181818 0.00866025 0.00866025 -0.00909091 -0.005 6.12323e-19 -0.00909091 -0.01 -0.00866025 -0.00909091 -0.005 -0.00866025 -0.00909091 0.005 -1.83697e-18 -0.00909091 0.01 0.00866025 -0.00909091 0.005 0.01 0 0 0.005 0 -0.00866025 -0.005 0 -0.00866025 -0.01 0 -1.22465e-18 -0.005 0 0.00866025 0.005 0 0.00866025 0.00866025 0.00909091 -0.005 6.12323e-19 0.00909091 -0.01 -0.00866025 0.00909091 -0.005 -0.00866025 0.00909091 0.005 -1.83697e-18 0.00909091 0.01 0.00866025 0.00909091 0.005 0.01 0.0181818 0 0.005 0.0181818 -0.00866025 -0.005 0.0181818 -0.00866025 -0.01 0.0181818 -1.22465e-18 -0.005 0.0181818 0.00866025 0.005 0.0181818 0.00866025 0.00866025 0.0272727 -0.005 6.12323e-19 0.0272727 -0.01 -0.00866025 0.0272727 -0.005 -0.00866025 0.0272727 0.005 -1.83697e-18 0.0272727 0.01 0.00866025 0.0272727 0.005 0.01 0.0363636 0 0.005 0.0363636 -0.00866025 -0.005 0.0363636 -0.00866025 -0.01 0.0363636 -1.22465e-18 -0.005 0.0363636 0.00866025 0.005 0.0363636 0.00866025 0.00866025 0.0454545 -0.005 6.12323e-19 0.0454545 -0.01 -0.00866025 0.0454545 -0.005 -0.00866025 0.0454545 0.005 -1.83697e-18 0.0454545 0.01 0.00866025 0.0454545 0.005 0.01 0.0545455 0 0.005 0.0545455 -0.00866025 -0.005 0.0545455 -0.00866025 -0.01 0.0545455 -1.22465e-18 -0.005 0.0545455 0.00866025 0.005 0.0545455 0.00866025 0.00866025 0.0636364 -0.005 6.12323e-19 0.0636364 -0.01 -0.00866025 0.0636364 -0.005 -0.00866025 0.0636364 0.005 -1.83697e-18 0.0636364 0.01 0.00866025 0.0636364 0.005 0.01 0.0727273 0 0.005 0.0727273 -0.00866025 -0.005 0.0727273 -0.00866025 -0.01 0.0727273 -1.22465e-18 -0.005 0.0727273 0.00866025 0.005 0.0727273 0.00866025 0.00866025 0.0818182 -0.005 6.12323e-19 0.0818182 -0.01 -0.00866025 0.0818182 -0.005 -0.00866025 0.0818182 0.005 -1.83697e-18 0.0818182 0.01 0.00866025 0.0818182 0.005 0.01 0.0909091 0 0.005 0.0909091 -0.00866025 -0.005 0.0909091 -0.00866025 -0.01 0.0909091 -1.22465e-18 -0.005 0.0909091 0.00866025 0.005 0.0909091 0.00866025 0.00866025 0.1 -0.005 6.12323e-19 0.1 -0.01 -0.00866025 0.1 -0.005 -0.00866025 0.1 0.005 -1.83697e-18 0.1 0.01 0.00866025 0.1 0.005 0.01 0.109091 0 0.005 0.109091 -0.00866025 -0.005 0.109091 -0.00866025 -0.01 0.109091 -1.22465e-18 -0.005 0.109091 0.00866025 0.005 0.109091 0.00866025 0.00866025 0.118182 -0.005 6.12323e-19 0.118182 -0.01 -0.00866025 0.118182 -0.005 -0.00866025 0.118182 0.005 -1.83697e-18 0.118182 0.01 0.00866025 0.118182 0.005 0.01 0.127273 0 0.005 0.127273 -0.00866025 -0.005 0.127273 -0.00866025 -0.01 0.127273 -1.22465e-18 -0.005 0.127273 0.00866025 0.005 0.127273 0.00866025 0.00866025 0.136364 -0.005 6.12323e-19 0.136364 -0.01 -0.00866025 0.136364 -0.005 -0.00866025 0.136364 0.005 -1.83697e-18 0.136364 0.01 0.00866025 0.136364 0.005 0.01 0.145455 0 0.005 0.145455 -0.00866025 -0.005 0.145455 -0.00866025 -0.01 0.145455 -1.22465e-18 -0.005 0.145455 0.00866025 0.005 0.145455 0.00866025 0.00866025 0.154545 -0.005 6.12323e-19 0.154545 -0.01 -0.00866025 0.154545 -0.005 -0.00866025 0.154545 0.005 -1.83697e-18 0.154545 0.01 0.00866025 0.154545 0.005 0.01 0.163636 0 0.005 0.163636 -0.00866025 -0.005 0.163636 -0.00866025 -0.01 0.163636 -1.22465e-18 -0.005 0.163636 0.00866025 0.005 0.163636 0.00866025 0.00866025 0.172727 -0.005 6.12323e-19 0.172727 -0.01 -0.00866025 0.172727 -0.005 -0.00866025 0.172727 0.005 -1.83697e-18 0.172727 0.01 0.00866025 0.172727 0.005 0.01 0.181818 0 0.005 0.181818 -0.00866025 -0.005 0.181818 -0.00866025 -0.01 0.181818 -1.22465e-18 -0.005 0.181818 0.00866025 0.005 0.181818 0.00866025 0.00866025 0.190909 -0.005 6.12323e-19 0.190909 -0.01 -0.00866025 0.190909 -0.005 -0.00866025 0.190909 0.005 -1.83697e-18 0.190909 0.01 0.00866025 0.190909 0.005 0.01 0.2 0 0.005 0.2 -0.00866025 -0.005 0.2 -0.00866025 -0.01 0.2 -1.22465e-18 -0.005 0.2 0.00866025 0.005 0.2 0.00866025 0.00866025 0.209091 -0.005 6.12323e-19 0.209091 -0.01 -0.00866025 0.209091 -0.005 -0.00866025 0.209091 0.005 -1.83697e-18 0.209091 0.01 0.00866025 0.209091 0.005 0.01 0.218182 0 0.005 0.218182 -0.00866025 -0.005 0.218182 -0.00866025 -0.01 0.218182 -1.22465e-18 -0.005 0.218182 0.00866025 0.005 0.218182 0.00866025 0.00866025 0.227273 -0.005 6.12323e-19 0.227273 -0.01 -0.00866025 0.227273 -0.005 -0.00866025 0.227273 0.005 -1.83697e-18 0.227273 0.01 0.00866025 0.227273 0.005 0.01 0.236364 0 0.005 0.236364 -0.00866025 -0.005 0.236364 -0.00866025 -0.01 0.236364 -1.22465e-18 -0.005 0.236364 0.00866025 0.005 0.236364 0.00866025 0.00866025 0.245455 -0.005 6.12323e-19 0.245455 -0.01 -0.00866025 0.245455 -0.005 -0.00866025 0.245455 0.005 -1.83697e-18 0.245455 0.01 0.00866025 0.245455 0.005 0.01 0.254545 0 0.005 0.254545 -0.00866025 -0.005 0.254545 -0.00866025 -0.01 0.254545 -1.22465e-18 -0.005 0.254545 0.00866025 0.005 0.254545 0.00866025 0.00866025 0.263636 -0.005 6.12323e-19 0.263636 -0.01 -0.00866025 0.263636 -0.005 -0.00866025 0.263636 0.005 -1.83697e-18 0.263636 0.01 0.00866025 0.263636 0.005 0.01 0.272727 0 0.005 0.272727 -0.00866025 -0.005 0.272727 -0.00866025 -0.01 0.272727 -1.22465e-18 -0.005 0.272727 0.00866025 0.005 0.272727 0.00866025 0.00866025 0.281818 -0.005 6.12323e-19 0.281818 -0.01 -0.00866025 0.281818 -0.005 -0.00866025 0.281818 0.005 -1.83697e-18 0.281818 0.01 0.00866025 0.281818 0.005 0.01 0.290909 0 0.005 0.290909 -0.00866025 -0.005 0.290909 -0.00866025 -0.01 0.290909 -1.22465e-18 -0.005 0.290909 0.00866025 0.005 0.290909 0.00866025 0.00866025 0.3 -0.005 6.12323e-19 0.3 -0.01 -0.00866025 0.3 -0.005 -0.00866025 0.3 0.005 -1.83697e-18 0.3 0.01 0.00866025 0.3 0.005 0.01 0.309091 0 0.005 0.309091 -0.00866025 -0.005 0.309091 -0.00866025 -0.01 0.309091 -1.22465e-18 -0.005 0.309091 0.00866025 0.005 0.309091 0.00866025 0.00866025 0.318182 -0.005 6.12323e-19 0.318182 -0.01 -0.00866025 0.318182 -0.005 -0.00866025 0.318182 0.005 -1.83697e-18 0.318182 0.01 0.00866025 0.318182 0.005 0.01 0.327273 0 0.005 0.327273 -0.00866025 -0.005 0.327273 -0.00866025 -0.01 0.327273 -1.22465e-18 -0.005 0.327273 0.00866025 0.005 0.327273 0.00866025 0.00866025 0.336364 -0.005 6.12323e-19 0.336364 -0.01 -0.00866025 0.336364 -0.005 -0.00866025 0.336364 0.005 -1.83697e-18 0.336364 0.01 0.00866025 0.336364 0.005 0.01 0.345455 0 0.005 0.345455 -0.00866025 -0.005 0.345455 -0.00866025 -0.01 0.345455 -1.22465e-18 -0.005 0.345455 0.00866025 0.005 0.345455 0.00866025 0.00866025 0.354545 -0.005 6.12323e-19 0.354545 -0.01 -0.00866025 0.354545 -0.005 -0.00866025 0.354545 0.005 -1.83697e-18 0.354545 0.01 0.00866025 0.354545 0.005 0.01 0.363636 0 0.005 0.363636 -0.00866025 -0.005 0.363636 -0.00866025 -0.01 0.363636 -1.22465e-18 -0.005 0.363636 0.00866025 0.005 0.363636 0.00866025 0.00866025 0.372727 -0.005 6.12323e-19 0.372727 -0.01 -0.00866025 0.372727 -0.005 -0.00866025 0.372727 0.005 -1.83697e-18 0.372727 0.01 0.00866025 0.372727 0.005 0.01 0.381818 0 0.005 0.381818 -0.00866025 -0.005 0.381818 -0.00866025 -0.01 0.381818 -1.22465e-18 -0.005 0.381818 0.00866025 0.005 0.381818 0.00866025 0.00866025 0.390909 -0.005 6.12323e-19 0.390909 -0.01 -0.00866025 0.390909 -0.005 -0.00866025 0.390909 0.005 -1.83697e-18 0.390909 0.01 0.00866025 0.390909 0.005 0.01 0.4 0 0.005 0.4 -0.00866025 -0.005 0.4 -0.00866025 -0.01 0.4 -1.22465e-18 -0.005 0.4 0.00866025 0.005 0.4 0.00866025 0.00866025 0.409091 -0.005 6.12323e-19 0.409091 -0.01 -0.00866025 0.409091 -0.005 -0.00866025 0.409091 0.005 -1.83697e-18 0.409091 0.01 0.00866025 0.409091 0.005 0.01 0.418182 0 0.005 0.418182 -0.00866025 -0.005 0.418182 -0.00866025 -0.01 0.418182 -1.22465e-18 -0.005 0.418182 0.00866025 0.005 0.418182 0.00866025 0.00866025 0.427273 -0.005 6.12323e-19 0.427273 -0.01 -0.00866025 0.427273 -0.005 -0.00866025 0.427273 0.005 -1.83697e-18 0.427273 0.01 0.00866025 0.427273 0.005 0.01 0.436364 0 0.005 0.436364 -0.00866025 -0.005 0.436364 -0.00866025 -0.01 0.436364 -1.22465e-18 -0.005 0.436364 0.00866025 0.005 0.436364 0.00866025 0.00866025 0.445455 -0.005 6.12323e-19 0.445455 -0.01 -0.00866025 0.445455 -0.005 -0.00866025 0.445455 0.005 -1.83697e-18 0.445455 0.01 0.00866025 0.445455 0.005 0.01 0.454545 0 0.005 0.454545 -0.00866025 -0.005 0.454545 -0.00866025 -0.01 0.454545 -1.22465e-18 -0.005 0.454545 0.00866025 0.005 0.454545 0.00866025 0.00866025 0.463636 -0.005 6.12323e-19 0.463636 -0.01 -0.00866025 0.463636 -0.005 -0.00866025 0.463636 0.005 -1.83697e-18 0.463636 0.01 0.00866025 0.463636 0.005 0.01 0.472727 0 0.005 0.472727 -0.00866025 -0.005 0.472727 -0.00866025 -0.01 0.472727 -1.22465e-18 -0.005 0.472727 0.00866025 0.005 0.472727 0.00866025 0.00866025 0.481818 -0.005 6.12323e-19 0.481818 -0.01 -0.00866025 0.481818 -0.005 -0.00866025 0.481818 0.005 -1.83697e-18 0.481818 0.01 0.00866025 0.481818 0.005 0.01 0.490909 0 0.005 0.490909 -0.00866025 -0.005 0.490909 -0.00866025 -0.01 0.490909 -1.22465e-18 -0.005 0.490909 0.00866025 0.005 0.490909 0.00866025 0.00866025 0.5 -0.005 6.12323e-19 0.5 -0.01 -0.00866025 0.5 -0.005 -0.00866025 0.5 0.005 -1.83697e-18 0.5 0.01 0.00866025 0.5 0.005 0.01 0.509091 0 0.005 0.509091 -0.00866025 -0.005 0.509091 -0.00866025 -0.01 0.509091 -1.22465e-18 -0.005 0.509091 0.00866025 0.005 0.509091 0.00866025 0.00866025 0.518182 -0.005 6.12323e-19 0.518182 -0.01 -0.00866025 0.518182 -0.005 -0.00866025 0.518182 0.005 -1.83697e-18 0.518182 0.01 0.00866025 0.518182 0.005 0.01 0.527273 0 0.005 0.527273 -0.00866025 -0.005 0.527273 -0.00866025 -0.01 0.527273 -1.22465e-18 -0.005 0.527273 0.00866025 0.005 0.527273 0.00866025 0.00866025 0.536364 -0.005 6.12323e-19 0.536364 -0.01 -0.00866025 0.536364 -0.005 -0.00866025 0.536364 0.005 -1.83697e-18 0.536364 0.01 0.00866025 0.536364 0.005 0.01 0.545455 0 0.005 0.545455 -0.00866025 -0.005 0.545455 -0.00866025 -0.01 0.545455 -1.22465e-18 -0.005 0.545455 0.00866025 0.005 0.545455 0.00866025 0.00866025 0.554545 -0.005 6.12323e-19 0.554545 -0.01 -0.00866025 0.554545 -0.005 -0.00866025 0.554545 0.005 -1.83697e-18 0.554545 0.01 0.00866025 0.554545 0.005 0.01 0.563636 0 0.005 0.563636 -0.00866025 -0.005 0.563636 -0.00866025 -0.01 0.563636 -1.22465e-18 -0.005 0.563636 0.00866025 0.005 0.563636 0.00866025 0.00866025 0.572727 -0.005 6.12323e-19 0.572727 -0.01 -0.00866025 0.572727 -0.005 -0.00866025 0.572727 0.005 -1.83697e-18 0.572727 0.01 0.00866025 0.572727 0.005 0.01 0.581818 0 0.005 0.581818 -0.00866025 -0.005 0.581818 -0.00866025 -0.01 0.581818 -1.22465e-18 -0.005 0.581818 0.00866025 0.005 0.581818 0.00866025 0.00866025 0.590909 -0.005 6.12323e-19 0.590909 -0.01 -0.00866025 0.590909 -0.005 -0.00866025 0.590909 0.005 -1.83697e-18 0.590909 0.01 0.00866025 0.590909 0.005 0.01 0.6 0 0.005 0.6 -0.00866025 -0.005 0.6 -0.00866025 -0.01 0.6 -1.22465e-18 -0.005 0.6 0.00866025 0.005 0.6 0.00866025 0.00866025 0.609091 -0.005 6.12323e-19 0.609091 -0.01 -0.00866025 0.609091 -0.005 -0.00866025 0.609091 0.005 -1.83697e-18 0.609091 0.01 0.00866025 0.609091 0.005 0.01 0.618182 0 0.005 0.618182 -0.00866025 -0.005 0.618182 -0.00866025 -0.01 0.618182 -1.22465e-18 -0.005 0.618182 0.00866025 0.005 0.618182 0.00866025 0.00866025 0.627273 -0.005 6.12323e-19 0.627273 -0.01 -0.00866025 0.627273 -0.005 -0.00866025 0.627273 0.005 -1.83697e-18 0.627273 0.01 0.00866025 0.627273 0.005 0.01 0.636364 0 0.005 0.636364 -0.00866025 -0.005 0.636364 -0.00866025 -0.01 0.636364 -1.22465e-18 -0.005 0.636364 0.00866025 0.005 0.636364 0.00866025 0.00866025 0.645455 -0.005 6.12323e-19 0.645455 -0.01 -0.00866025 0.645455 -0.005 -0.00866025 0.645455 0.005 -1.83697e-18 0.645455 0.01 0.00866025 0.645455 0.005 0.01 0.654545 0 0.005 0.654545 -0.00866025 -0.005 0.654545 -0.00866025 -0.01 0.654545 -1.22465e-18 -0.005 0.654545 0.00866025 0.005 0.654545 0.00866025 0.00866025 0.663636 -0.005 6.12323e-19 0.663636 -0.01 -0.00866025 0.663636 -0.005 -0.00866025 0.663636 0.005 -1.83697e-18 0.663636 0.01 0.00866025 0.663636 0.005 0.01 0.672727 0 0.005 0.672727 -0.00866025 -0.005 0.672727 -0.00866025 -0.01 0.672727 -1.22465e-18 -0.005 0.672727 0.00866025 0.005 0.672727 0.00866025 0.00866025 0.681818 -0.005 6.12323e-19 0.681818 -0.01 -0.00866025 0.681818 -0.005 -0.00866025 0.681818 0.005 -1.83697e-18 0.681818 0.01 0.00866025 0.681818 0.005 0.01 0.690909 0 0.005 0.690909 -0.00866025 -0.005 0.690909 -0.00866025 -0.01 0.690909 -1.22465e-18 -0.005 0.690909 0.00866025 0.005 0.690909 0.00866025 0.00866025 0.7 -0.005 6.12323e-19 0.7 -0.01 -0.00866025 0.7 -0.005 -0.00866025 0.7 0.005 -1.83697e-18 0.7 0.01 0.00866025 0.7 0.005 0.01 0.709091 0 0.005 0.709091 -0.00866025 -0.005 0.709091 -0.00866025 -0.01 0.709091 -1.22465e-18 -0.005 0.709091 0.00866025 0.005 0.709091 0.00866025 0.00866025 0.718182 -0.005 6.12323e-19 0.718182 -0.01 -0.00866025 0.718182 -0.005 -0.00866025 0.718182 0.005 -1.83697e-18 0.718182 0.01 0.00866025 0.718182 0.005 0.01 0.727273 0 0.005 0.727273 -0.00866025 -0.005 0.727273 -0.00866025 -0.01 0.727273 -1.22465e-18 -0.005 0.727273 0.00866025 0.005 0.727273 0.00866025 0.00866025 0.736364 -0.005 6.12323e-19 0.736364 -0.01 -0.00866025 0.736364 -0.005 -0.00866025 0.736364 0.005 -1.83697e-18 0.736364 0.01 0.00866025 0.736364 0.005 0.01 0.745455 0 0.005 0.745455 -0.00866025 -0.005 0.745455 -0.00866025 -0.01 0.745455 -1.22465e-18 -0.005 0.745455 0.00866025 0.005 0.745455 0.00866025 0.00866025 0.754545 -0.005 6.12323e-19 0.754545 -0.01 -0.00866025 0.754545 -0.005 -0.00866025 0.754545 0.005 -1.83697e-18 0.754545 0.01 0.00866025 0.754545 0.005 0.01 0.763636 0 0.005 0.763636 -0.00866025 -0.005 0.763636 -0.00866025 -0.01 0.763636 -1.22465e-18 -0.005 0.763636 0.00866025 0.005 0.763636 0.00866025 0.00866025 0.772727 -0.005 6.12323e-19 0.772727 -0.01 -0.00866025 0.772727 -0.005 -0.00866025 0.772727 0.005 -1.83697e-18 0.772727 0.01 0.00866025 0.772727 0.005 0.01 0.781818 0 0.005 0.781818 -0.00866025 -0.005 0.781818 -0.00866025 -0.01 0.781818 -1.22465e-18 -0.005 0.781818 0.00866025 0.005 0.781818 0.00866025 0.00866025 0.790909 -0.005 6.12323e-19 0.790909 -0.01 -0.00866025 0.790909 -0.005 -0.00866025 0.790909 0.005 -1.83697e-18 0.790909 0.01 0.00866025 0.790909 0.005 0.01 0.8 0 0.005 0.8 -0.00866025 -0.005 0.8 -0.00866025 -0.01 0.8 -1.22465e-18 -0.005 0.8 0.00866025 0.005 0.8 0.00866025 0.00866025 0.809091 -0.005 6.12323e-19 0.809091 -0.01 -0.00866025 0.809091 -0.005 -0.00866025 0.809091 0.005 -1.83697e-18 0.809091 0.01 0.00866025 0.809091 0.005 0.01 0.818182 0 0.005 0.818182 -0.00866025 -0.005 0.818182 -0.00866025 -0.01 0.818182 -1.22465e-18 -0.005 0.818182 0.00866025 0.005 0.818182 0.00866025 0.00866025 0.827273 -0.005 6.12323e-19 0.827273 -0.01 -0.00866025 0.827273 -0.005 -0.00866025 0.827273 0.005 -1.83697e-18 0.827273 0.01 0.00866025 0.827273 0.005 0.01 0.836364 0 0.005 0.836364 -0.00866025 -0.005 0.836364 -0.00866025 -0.01 0.836364 -1.22465e-18 -0.005 0.836364 0.00866025 0.005 0.836364 0.00866025 0.00866025 0.845455 -0.005 6.12323e-19 0.845455 -0.01 -0.00866025 0.845455 -0.005 -0.00866025 0.845455 0.005 -1.83697e-18 0.845455 0.01 0.00866025 0.845455 0.005 0.01 0.854545 0 0.005 0.854545 -0.00866025 -0.005 0.854545 -0.00866025 -0.01 0.854545 -1.22465e-18 -0.005 0.854545 0.00866025 0.005 0.854545 0.00866025 0.00866025 0.863636 -0.005 6.12323e-19 0.863636 -0.01 -0.00866025 0.863636 -0.005 -0.00866025 0.863636 0.005 -1.83697e-18 0.863636 0.01 0.00866025 0.863636 0.005 0.01 0.872727 0 0.005 0.872727 -0.00866025 -0.005 0.872727 -0.00866025 -0.01 0.872727 -1.22465e-18 -0.005 0.872727 0.00866025 0.005 0.872727 0.00866025 0.00866025 0.881818 -0.005 6.12323e-19 0.881818 -0.01 -0.00866025 0.881818 -0.005 -0.00866025 0.881818 0.005 -1.83697e-18 0.881818 0.01 0.00866025 0.881818 0.005 0.01 0.890909 0 0.005 0.890909 -0.00866025 -0.005 0.890909 -0.00866025 -0.01 0.890909 -1.22465e-18 -0.005 0.890909 0.00866025 0.005 0.890909 0.00866025 0.00866025 0.9 -0.005 6.12323e-19 0.9 -0.01 -0.00866025 0.9 -0.005 -0.00866025 0.9 0.005 -1.83697e-18 0.9 0.01 0.00866025 0.9 0.005 0.01 0.909091 0 0.005 0.909091 -0.00866025 -0.005 0.909091 -0.00866025 -0.01 0.909091 -1.22465e-18 -0.005 0.909091 0.00866025 0.005 0.909091 0.00866025 0.00866025 0.918182 -0.005 6.12323e-19 0.918182 -0.01 -0.00866025 0.918182 -0.005 -0.00866025 0.918182 0.005 -1.83697e-18 0.918182 0.01 0.00866025 0.918182 0.005 0.01 0.927273 0 0.005 0.927273 -0.00866025 -0.005 0.927273 -0.00866025 -0.01 0.927273 -1.22465e-18 -0.005 0.927273 0.00866025 0.005 0.927273 0.00866025 0.00866025 0.936364 -0.005 6.12323e-19 0.936364 -0.01 -0.00866025 0.936364 -0.005 -0.00866025 0.936364 0.005 -1.83697e-18 0.936364 0.01 0.00866025 0.936364 0.005 0.01 0.945455 0 0.005 0.945455 -0.00866025 -0.005 0.945455 -0.00866025 -0.01 0.945455 -1.22465e-18 -0.005 0.945455 0.00866025 0.005 0.945455 0.00866025 0.00866025 0.954545 -0.005 6.12323e-19 0.954545 -0.01 -0.00866025 0.954545 -0.005 -0.00866025 0.954545 0.005 -1.83697e-18 0.954545 0.01 0.00866025 0.954545 0.005 0.01 0.963636 0 0.005 0.963636 -0.00866025 -0.005 0.963636 -0.00866025 -0.01 0.963636 -1.22465e-18 -0.005 0.963636 0.00866025 0.005 0.963636 0.00866025 0.00866025 0.972727 -0.005 6.12323e-19 0.972727 -0.01 -0.00866025 0.972727 -0.005 -0.00866025 0.972727 0.005 -1.83697e-18 0.972727 0.01 0.00866025 0.972727 0.005 0.01 0.981818 0 0.005 0.981818 -0.00866025 -0.005 0.981818 -0.00866025 -0.01 0.981818 -1.22465e-18 -0.005 0.981818 0.00866025 0.005 0.981818 0.00866025 0.00866025 0.990909 -0.005 6.12323e-19 0.990909 -0.01 -0.00866025 0.990909 -0.005 -0.00866025 0.990909 0.005 -1.83697e-18 0.990909 0.01 0.00866025 0.990909 0.005 0.01 1 0 0.005 1 -0.00866025 -0.005 1 -0.00866025 -0.01 1 -1.22465e-18 -0.005 1 0.00866025 0.005 1 0.00866025 0 -1 0 0.01 -1 0 0.005 -1 -0.00866025 -0.005 -1 -0.00866025 -0.01 -1 -1.22465e-18 -0.005 -1 0.00866025 0.005 -1 0.00866025 0 1 0 0.01 1 0 0.005 1 -0.00866025 -0.005 1 -0.00866025 -0.01 1 -1.22465e-18 -0.005 1 0.00866025 0.005 1 0.00866025"/>
     <Normal vector="0.998548 -0.0538637 0 0.499274 -0.0538636 -0.864768 -0.499274 -0.0538636 -0.864768 -0.998548 -0.0538637 0 -0.499274 -0.0538636 0.864768 0.499274 -0.0538636 0.864768 0.866025 0 -0.5 0 0 -1 -0.866025 0 -0.5 -0.866025 0 0.5 0 0 1 0.866025 0 0.5 1 0 0 0.5 0 -0.866025 -0.5 0 -0.866025 -1 0 0 -0.5 0 0.866025 0.5 0 0.866025 0.866025 1.70907e-07 -0.5 0 1.7642e-07 -1 -0.866025 1.70907e-07 -0.5 -0.866025 1.70907e-07 0.5 0 1.7642e-07 1 0.866025 1.70907e-07 0.5 1 -1.7642e-07 0 0.5 -1.70907e-07 -0.866025 -0.5 -1.70907e-07 -0.866025 -1 -1.7642e-07 0 -0.5 -1.70907e-07 0.866025 0.5 -1.70907e-07 0.866025 0.866025 0 -0.5 0 0 -1 -0.866025 0 -0.5 -0.866025 0 0.5 0 0 1 0.866025 0 0.5 1 0 0 0.5 0 -0.866025 -0.5 0 -0.866025 -1 0 0 -0.5 0 0.866025 0.5 0 0.866025 0.866025 0 -0.5 0 0 -1 -0.866025 0 -0.5 -0.866025 0 0.5 0 0 1 0.866025 0 0.5 1 0 0 0.5 0 -0.866025 -0.5 0 -0.866025 -1 0 0 -0.5 0 0.866025 0.5 0 0.866025 0.866025 0 -0.5 0 0 -1 -0.866025 0 -0.5 -0.866025 0 0.5 0 0 1 0.866025 0 0.5 1 1.7642e-07 0 0.5 1.70907e-07 -0.866025 -0.5 1.70907e-07 -0.866025 -1 1.7642e-07 0 -0.5 1.70907e-07 0.866025 0.5 1.70907e-07 0.866025 0.866025 -1.70907e-07 -0.5 0 -1.7642e-07 -1 -0.866025 -1.70907e-07 -0.5 -0.866025 -1.70907e-07 0.5 0 -1.7642e-07 1 0.866025 -1.70907e-07 0.5 1 0 0 0.5 0 -0.866025 -0.5 0 -0.866025 -1 0 0 -0.5 0 0.866025 0.5 0 0.866025 0.866025 0 -0.5 0 0 -1 -0.866025 0 -0.5 -0.866025 0 0.5 0 0 1 0.866025 0 0.5 1 0 0 0.5 0 -0.866025 -0.5 0 -0.866025 -1 0 0 -0.5 0 0.866025 0.5 0 0.866025 0.866025 0 -0.5 0 0 -1 -0.866025 0 -0.5 -0.866025 0 0.5 0 0 1 0.866025 0 0.5 1 0 0 0.5 0 -0.866025 -0.5 0 -0.866025 -1 0 0 -0.5 0 0.866025 0.5 0 0.866025 0.866025 1.70907e-07 -0.5 0 1.7642e-07 -1 -0.866025 1.70907e-07 -0.5 -0.866025 1.70907e-07 0.5 0 1.7642e-07 1 0.866025 1.70907e-07 0.5 1 -1.7642e-07 0 0.5 -1.70907e-07 -0.866025 -0.5 -1.70907e-07 -0.866025 -1 -1.7642e-07 0 -0.5 -1.70907e-07 0.866025 0.5 -1.70907e-07 0.866025 0.866025 0 -0.5 0 0 -1 -0.866025 0 -0.5 -0.866025 0 0.5 0 0 1 0.866025 0 0.5 1 0 0 0.5 0 -0.866025 -0.5 0 -0.866025 -1 0 0 -0.5 0 0.866025 0.5 0 0.866025 0.866025 0 -0.5 0 0 -1 -0.866025 0 -0.5 -0.866025 0 0.5 0 0 1 0.866025 0 0.5 1 0 0 0.5 0 -0.866025 -0.5 0 -0.866025 -1 0 0 -0.5 0 0.866025 0.5 0 0.866025 0.866025 0 -0.5 0 0 -1 -0.866025 0 -0.5 -0.866025 0 0.5 0 0 1 0.866025 0 0.5 1 1.7642e-07 0 0.5 1.70907e-07 -0.866025 -0.5 1.70907e-07 -0.866025 -1 1.7642e-07 0 -0.5 1.70907e-07 0.866025 0.5 1.70907e-07 0.866025 0.866025 -1.70907e-07 -0.5 0 -1.7642e-07 -1 -0.866025 -1.70907e-07 -0.5 -0.866025 -1.70907e-07 0.5 0 -1.7642e-07 1 0.866025 -1.70907e-07 0.5 1 0 0 0.5 0 -0.866025 -0.5 0 -0.866025 -1 0 0 -0.5 0 0.866025 0.5 0 0.866025 0.866025 0 -0.5 0 0 -1 -0.866025 0 -0.5 -0.866025 0 0.5 0 0 1 0.866025 0 0.5 1 0 0 0.5 0 -0.866025 -0.5 0 -0.866025 -1 0 0 -0.5 0 0.866025 0.5 0 0.866025 0.866025 0 -0.5 0 0 -1 -0.866025 0 -0.5 -0.866025 0 0.5 0 0 1 0.866025 0 0.5 1 1.7642e-07 0 0.5 1.70907e-07 -0.866025 -0.5 1.70907e-07 -0.866025 -1 1.7642e-07 0 -0.5 1.70907e-07 0.866025 0.5 1.70907e-07 0.866025 0.866025 -1.70907e-07 -0.5 0 -1.7642e-07 -1 -0.866025 -1.70907e-07 -0.5 -0.866025 -1.70907e-07 0.5 0 -1.7642e-07 1 0.866025 -1.70907e-07 0.5 1 0 0 0.5 0 -0.866025 -0.5 0 -0.866025 -1 0 0 -0.5 0 0.866025 0.5 0 0.866025 0.866025 0 -0.5 0 0 -1 -0.866025 0 -0.5 -0.866025 0 0.5 0 0 1 0.866025 0 0.5 1 0 0 0.5 0 -0.866025 -0.5 0 -0.866025 -1 0 0 -0.5 0 0.866025 0.5 0 0.866025 0.866025 0 -0.5 0 0 -1 -0.866025 0 -0.5 -0.866025 0 0.5 0 0 1 0.866025 0 0.5 1 0 0 0.5 0 -0.866025 -0.5 0 -0.866025 -1 0 0 -0.5 0 0.866025 0.5 0 0.866025 0.866025 1.70907e-07 -0.5 0 1.7642e-07 -1 -0.866025 1.70907e-07 -0.5 -0.866025 1.70907e-07 0.5 0 1.7642e-07 1 0.866025 1.70907e-07 0.5 1 -1.7642e-07 0 0.5 -1.70907e-07 -0.866025 -0.5 -1.70907e-07 -0.866025 -1 -1.7642e-07 0 -0.5 -1.70907e-07 0.866025 0.5 -1.70907e-07 0.866025 0.866025 0 -0.5 0 0 -1 -0.866025 0 -0.5 -0.866025 0 0.5 0 0 1 0.866025 0 0.5 1 0 0 0.5 0 -0.866025 -0.5 0 -0.866025 -1 0 0 -0.5 0 0.866025 0.5 0 0.866025 0.866025 0 -0.5 0 0 -1 -0.866025 0 -0.5 -0.866025 0 0.5 0 0 1 0.866025 0 0.5 1 0 0 0.5 0 -0.866025 -0.5 0 -0.866025 -1 0 0 -0.5 0 0.866025 0.5 0 0.866025 0.866025 0 -0.5 0 0 -1 -0.866025 0 -0.5 -0.866025 0 0.5 0 0 1 0.866025 0 0.5 1 1.7642e-07 0 0.5 1.70907e-07 -0.866025 -0.5 1.70907e-07 -0.866025 -1 1.7642e-07 0 -0.5 1.70907e-07 0.866025 0.5 1.70907e-07 0.866025 0.866025 -1.70907e-07 -0.5 0 -1.7642e-07 -1 -0.866025 -1.70907e-07 -0.5 -0.866025 -1.70907e-07 0.5 0 -1.7642e-07 1 0.866025 -1.70907e-07 0.5 1 0 0 0.5 0 -0.866025 -0.5 0 -0.866025 -1 0 0 -0.5 0 0.866025 0.5 0 0.866025 0.866025 0 -0.5 0 0 -1 -0.866025 0 -0.5 -0.866025 0 0.5 0 0 1 0.866025 0 0.5 1 0 0 0.5 0 -0.866025 -0.5 0 -0.866025 -1 0 0 -0.5 0 0.866025 0.5 0 0.866025 0.866025 0 -0.5 0 0 -1 -0.866025 0 -0.5 -0.866025 0 0.5 0 0 1 0.866025 0 0.5 1 0 0 0.5 0 -0.866025 -0.5 0 -0.866025 -1 0 0 -0.5 0 0.866025 0.5 0 0.866025 0.866025 1.70907e-07 -0.5 0 1.7642e-07 -1 -0.866025 1.70907e-07 -0.5 -0.866025 1.70907e-07 0.5 0 1.7642e-07 1 0.866025 1.70907e-07 0.5 1 -1.7642e-07 0 0.5 -1.70907e-07 -0.866025 -0.5 -1.70907e-07 -0.866025 -1 -1.7642e-07 0 -0.5 -1.70907e-07 0.866025 0.5 -1.70907e-07 0.866025 0.866025 0 -0.5 0 0 -1 -0.866025 0 -0.5 -0.866025 0 0.5 0 0 1 0.866025 0 0.5 1 0 0 0.5 0 -0.866025 -0.5 0 -0.866025 -1 0 0 -0.5 0 0.866025 0.5 0 0.866025 0.866025 0 -0.5 0 0 -1 -0.866025 0 -0.5 -0.866025 0 0.5 0 0 1 0.866025 0 0.5 1 9.09664e-08 0 0.5 8.82098e-08 -0.866025 -0.5 8.82098e-08 -0.866025 -1 9.09664e-08 0 -0.5 8.82098e-08 0.866025 0.5 8.82098e-08 0.866025 0.866025 -8.26967e-08 -0.5 0 -8.54533e-08 -1 -0.866025 -8.26967e-08 -0.5 -0.866025 -8.26967e-08 0.5 0 -8.54533e-08 1 0.866025 -8.26967e-08 0.5 1 0 0 0.5 0 -0.866025 -0.5 0 -0.866025 -1 0 0 -0.5 0 0.866025 0.5 0 0.866025 0.866025 0 -0.5 0 0 -1 -0.866025 0 -0.5 -0.866025 0 0.5 0 0 1 0.866025 0 0.5 1 9.09664e-08 0 0.5 8.82098e-08 -0.866025 -0.5 8.82098e-08 -0.866025 -1 9.09664e-08 0 -0.5 8.82098e-08 0.866025 0.5 8.82098e-08 0.866025 0.866025 -8.26967e-08 -0.5 0 -8.54533e-08 -1 -0.866025 -8.26967e-08 -0.5 -0.866025 -8.26967e-08 0.5 0 -8.54533e-08 1 0.866025 -8.26967e-08 0.5 1 0 0 0.5 0 -0.866025 -0.5 0 -0.866025 -1 0 0 -0.5 0 0.866025 0.5 0 0.866025 0.866025 8.82098e-08 -0.5 0 9.09664e-08 -1 -0.866025 8.82098e-08 -0.5 -0.866025 8.82098e-08 0.5 0 9.09664e-08 1 0.866025 8.82098e-08 0.5 1 -8.54533e-08 0 0.5 -8.26967e-08 -0.866025 -0.5 -8.26967e-08 -0.866025 -1 -8.54533e-08 0 -0.5 -8.26967e-08 0.866025 0.5 -8.26967e-08 0.866025 0.866025 0 -0.5 0 0 -1 -0.866025 0 -0.5 -0.866025 0 0.5 0 0 1 0.866025 0 0.5 1 0 0 0.5 0 -0.866025 -0.5 0 -0.866025 -1 0 0 -0.5 0 0.866025 0.5 0 0.866025 0.866025 8.82098e-08 -0.5 0 9.09664e-08 -1 -0.866025 8.82098e-08 -0.5 -0.866025 8.82098e-08 0.5 0 9.09664e-08 1 0.866025 8.82098e-08 0.5 1 -8.54533e-08 0 0.5 -8.26967e-08 -0.866025 -0.5 -8.26967e-08 -0.866025 -1 -8.54533e-08 0 -0.5 -8.26967e-08 0.866025 0.5 -8.26967e-08 0.866025 0.866025 0 -0.5 0 0 -1 -0.866025 0 -0.5 -0.866025 0 0.5 0 0 1 0.866025 0 0.5 1 9.09664e-08 0 0.5 8.82098e-08 -0.866025 -0.5 8.82098e-08 -0.866025 -1 9.09664e-08 0 -0.5 8.82098e-08 0.866025 0.5 8.82098e-08 0.866025 0.866025 -8.26967e-08 -0.5 0 -8.54533e-08 -1 -0.866025 -8.26967e-08 -0.5 -0.866025 -8.26967e-08 0.5 0 -8.54533e-08 1 0.866025 -8.26967e-08 0.5 1 0 0 0.5 0 -0.866025 -0.5 0 -0.866025 -1 0 0 -0.5 0 0.866025 0.5 0 0.866025 0.866025 8.82098e-08 -0.5 0 9.09664e-08 -1 -0.866025 8.82098e-08 -0.5 -0.866025 8.82098e-08 0.5 0 9.09664e-08 1 0.866025 8.82098e-08 0.5 1 -8.54533e-08 0 0.5 -8.26967e-08 -0.866025 -0.5 -8.26967e-08 -0.866025 -1 -8.54533e-08 0 -0.5 -8.26967e-08 0.866025 0.5 -8.26967e-08 0.866025 0.866025 0 -0.5 0 0 -1 -0.866025 0 -0.5 -0.866025 0 0.5 0 0 1 0.866025 0 0.5 1 0 0 0.5 0 -0.866025 -0.5 0 -0.866025 -1 0 0 -0.5 0 0.866025 0.5 0 0.866025 0.866025 8.82098e-08 -0.5 0 9.09664e-08 -1 -0.866025 8.82098e-08 -0.5 -0.866025 8.82098e-08 0.5 0 9.09664e-08 1 0.866025 8.82098e-08 0.5 1 -8.54533e-08 0 0.5 -8.26967e-08 -0.866025 -0.5 -8.26967e-08 -0.866025 -1 -8.54533e-08 0 -0.5 -8.26967e-08 0.866025 0.5 -8.26967e-08 0.866025 0.866025 0 -0.5 0 0 -1 -0.866025 0 -0.5 -0.866025 0 0.5 0 0 1 0.866025 0 0.5 1 9.09664e-08 0 0.5 8.82098e-08 -0.866025 -0.5 8.82098e-08 -0.866025 -1 9.09664e-08 0 -0.5 8.82098e-08 0.866025 0.5 8.82098e-08 0.866025 0.866025 -8.26967e-08 -0.5 0 -8.54533e-08 -1 -0.866025 -8.26967e-08 -0.5 -0.866025 -8.26967e-08 0.5 0 -8.54533e-08 1 0.866025 -8.26967e-08 0.5 1 0 0 0.5 0 -0.866025 -0.5 0 -0.866025 -1 0 0 -0.5 0 0.866025 0.5 0 0.866025 0.866025 4.41049e-08 -0.5 0 4.41049e-08 -1 -0.866025 4.41049e-08 -0.5 -0.866025 4.41049e-08 0.5 0 4.41049e-08 1 0.866025 4.41049e-08 0.5 1 -4.41049e-08 0 0.5 -4.41049e-08 -0.866025 -0.5 -4.41049e-08 -0.866025 -1 -4.41049e-08 0 -0.5 -4.41049e-08 0.866025 0.5 -4.41049e-08 0.866025 0.866025 4.41049e-08 -0.5 0 4.41049e-08 -1 -0.866025 4.41049e-08 -0.5 -0.866025 4.41049e-08 0.5 0 4.41049e-08 1 0.866025 4.41049e-08 0.5 1 0 0 0.5 0 -0.866025 -0.5 0 -0.866025 -1 0 0 -0.5 0 0.866025 0.5 0 0.866025 0.866025 -4.41049e-08 -0.5 0 -4.41049e-08 -1 -0.866025 -4.41049e-08 -0.5 -0.866025 -4.41049e-08 0.5 0 -4.41049e-08 1 0.866025 -4.41049e-08 0.5 1 4.41049e-08 0 0.5 4.41049e-08 -0.866025 -0.5 4.41049e-08 -0.866025 -1 4.41049e-08 0 -0.5 4.41049e-08 0.866025 0.5 4.41049e-08 0.866025 0.866025 -4.41049e-08 -0.5 0 -4.41049e-08 -1 -0.866025 -4.41049e-08 -0.5 -0.866025 -4.41049e-08 0.5 0 -4.41049e-08 1 0.866025 -4.41049e-08 0.5 1 4.41049e-08 0 0.5 4.41049e-08 -0.866025 -0.5 4.41049e-08 -0.866025 -1 4.41049e-08 0 -0.5 4.41049e-08 0.866025 0.5 4.41049e-08 0.866025 0.866025 0 -0.5 0 0 -1 -0.866025 0 -0.5 -0.866025 0 0.5 0 0 1 0.866025 0 0.5 1 -4.41049e-08 0 0.5 -4.41049e-08 -0.866025 -0.5 -4.41049e-08 -0.866025 -1 -4.41049e-08 0 -0.5 -4.41049e-08 0.866025 0.5 -4.41049e-08 0.866025 0.866025 4.41049e-08 -0.5 0 4.41049e-08 -1 -0.866025 4.41049e-08 -0.5 -0.866025 4.41049e-08 0.5 0 4.41049e-08 1 0.866025 4.41049e-08 0.5 1 -4.41049e-08 0 0.5 -4.41049e-08 -0.866025 -0.5 -4.41049e-08 -0.866025 -1 -4.41049e-08 0 -0.5 -4.41049e-08 0.866025 0.5 -4.41049e-08 0.866025 0.866025 4.41049e-08 -0.5 0 4.41049e-08 -1 -0.866025 4.41049e-08 -0.5 -0.866025 4.41049e-08 0.5 0 4.41049e-08 1 0.866025 4.41049e-08 0.5 1 -1.92959e-08 0 0.5 -2.75656e-08 -0.866025 -0.5 -2.75656e-08 -0.866025 -1 -1.92959e-08 0 -0.5 -2.75656e-08 0.866025 0.5 -2.75656e-08 0.866025 0.866025 -5.51311e-09 -0.5 0 -5.51311e-09 -1 -0.866025 -5.51311e-09 -0.5 -0.866025 -5.51311e-09 0.5 0 -5.51311e-09 1 0.866025 -5.51311e-09 0.5 1 -5.51311e-09 0 0.5 -5.51311e-09 -0.866025 -0.5 -5.51311e-09 -0.866025 -1 -5.51311e-09 0 -0.5 -5.51311e-09 0.866025 0.5 -5.51311e-09 0.866025 0.866025 -5.51311e-09 -0.5 0 -5.51311e-09 -1 -0.866025 -5.51311e-09 -0.5 -0.866025 -5.51311e-09 0.5 0 -5.51311e-09 1 0.866025 -5.51311e-09 0.5 1 1.37828e-08 0 0.5 2.20525e-08 -0.866025 -0.5 2.20525e-08 -0.866025 -1 1.37828e-08 0 -0.5 2.20525e-08 0.866025 0.5 2.20525e-08 0.866025 0.866025 -2.75656e-08 -0.5 0 -1.92959e-08 -1 -0.866025 -2.75656e-08 -0.5 -0.866025 -2.75656e-08 0.5 0 -1.92959e-08 1 0.866025 -2.75656e-08 0.5 1 -5.51311e-09 0 0.5 -5.51311e-09 -0.866025 -0.5 -5.51311e-09 -0.866025 -1 -5.51311e-09 0 -0.5 -5.51311e-09 0.866025 0.5 -5.51311e-09 0.866025 0.866025 -5.51311e-09 -0.5 0 -5.51311e-09 -1 -0.866025 -5.51311e-09 -0.5 -0.866025 -5.51311e-09 0.5 0 -5.51311e-09 1 0.866025 -5.51311e-09 0.5 1 -5.51311e-09 0 0.5 -5.51311e-09 -0.866025 -0.5 -5.51311e-09 -0.866025 -1 -5.51311e-09 0 -0.5 -5.51311e-09 0.866025 0.5 -5.51311e-09 0.866025 0.866025 8.26967e-09 -0.5 0 5.51311e-09 -1 -0.866025 8.26967e-09 -0.5 -0.866025 8.26967e-09 0.5 0 5.51311e-09 1 0.866025 8.26967e-09 0.5 1 -1.10262e-08 0 0.5 -1.37828e-08 -0.866025 -0.5 -1.37828e-08 -0.866025 -1 -1.10262e-08 0 -0.5 -1.37828e-08 0.866025 0.5 -1.37828e-08 0.866025 0.866025 8.26967e-09 -0.5 0 -2.75656e-09 -1 -0.866025 8.26967e-09 -0.5 -0.866025 8.26967e-09 0.5 0 -2.75656e-09 1 0.866025 8.26967e-09 0.5 1 5.51311e-09 0 0.5 -2.75656e-09 -0.866025 -0.5 -2.75656e-09 -0.866025 -1 5.51311e-09 0 -0.5 -2.75656e-09 0.866025 0.5 -2.75656e-09 0.866025 0.866025 0 -0.5 0 0 -1 -0.866025 0 -0.5 -0.866025 0 0.5 0 0 1 0.866025 0 0.5 1 0 0 0.5 0 -0.866025 -0.5 0 -0.866025 -1 0 0 -0.5 0 0.866025 0.5 0 0.866025 0.866025 0 -0.5 0 0 -1 -0.866025 0 -0.5 -0.866025 0 0.5 0 0 1 0.866025 0 0.5 1 0 0 0.5 8.26967e-09 -0.866025 -0.5 8.26967e-09 -0.866025 -1 0 0 -0.5 8.26967e-09 0.866025 0.5 8.26967e-09 0.866025 0.866025 -8.26967e-09 -0.5 0 2.75656e-09 -1 -0.866025 -8.26967e-09 -0.5 -0.866025 -8.26967e-09 0.5 0 2.75656e-09 1 0.866025 -8.26967e-09 0.5 1 5.51311e-09 0 0.5 8.26967e-09 -0.866025 -0.5 8.26967e-09 -0.866025 -1 5.51311e-09 0 -0.5 8.26967e-09 0.866025 0.5 8.26967e-09 0.866025 0.866025 -1.37828e-08 -0.5 0 -1.10262e-08 -1 -0.866025 -1.37828e-08 -0.5 -0.866025 -1.37828e-08 0.5 0 -1.10262e-08 1 0.866025 -1.37828e-08 0.5 1 -5.51311e-09 0 0.5 -5.51311e-09 -0.866025 -0.5 -5.51311e-09 -0.866025 -1 -5.51311e-09 0 -0.5 -5.51311e-09 0.866025 0.5 -5.51311e-09 0.866025 0.866025 -5.51311e-09 -0.5 0 -5.51311e-09 -1 -0.866025 -5.51311e-09 -0.5 -0.866025 -5.51311e-09 0.5 0 -5.51311e-09 1 0.866025 -5.51311e-09 0.5 1 -5.51311e-09 0 0.5 -5.51311e-09 -0.866025 -0.5 -5.51311e-09 -0.866025 -1 -5.51311e-09 0 -0.5 -5.51311e-09 0.866025 0.5 -5.51311e-09 0.866025 0.866025 2.20525e-08 -0.5 0 1.37828e-08 -1 -0.866025 2.20525e-08 -0.5 -0.866025 2.20525e-08 0.5 0 1.37828e-08 1 0.866025 2.20525e-08 0.5 1 -1.92959e-08 0 0.5 -2.75656e-08 -0.866025 -0.5 -2.75656e-08 -0.866025 -1 -1.92959e-08 0 -0.5 -2.75656e-08 0.866025 0.5 -2.75656e-08 0.866025 0.866025 -5.51311e-09 -0.5 0 -5.51311e-09 -1 -0.866025 -5.51311e-09 -0.5 -0.866025 -5.51311e-09 0.5 0 -5.51311e-09 1 0.866025 -5.51311e-09 0.5 1 -5.51311e-09 0 0.5 -5.51311e-09 -0.866025 -0.5 -5.51311e-09 -0.866025 -1 -5.51311e-09 0 -0.5 -5.51311e-09 0.866025 0.5 -5.51311e-09 0.866025 0.866025 -5.51311e-09 -0.5 0 -5.51311e-09 -1 -0.866025 -5.51311e-09 -0.5 -0.866025 -5.51311e-09 0.5 0 -5.51311e-09 1 0.866025 -5.51311e-09 0.5 1 1.37828e-08 0 0.5 2.20525e-08 -0.866025 -0.5 2.20525e-08 -0.866025 -1 1.37828e-08 0 -0.5 2.20525e-08 0.866025 0.5 2.20525e-08 0.866025 0.866025 -4.41049e-08 -0.5 0 -4.41049e-08 -1 -0.866025 -4.41049e-08 -0.5 -0.866025 -4.41049e-08 0.5 0 -4.41049e-08 1 0.866025 -4.41049e-08 0.5 1 4.41049e-08 0 0.5 4.41049e-08 -0.866025 -0.5 4.41049e-08 -0.866025 -1 4.41049e-08 0 -0.5 4.41049e-08 0.866025 0.5 4.41049e-08 0.866025 0.866025 -4.41049e-08 -0.5 0 -4.41049e-08 -1 -0.866025 -4.41049e-08 -0.5 -0.866025 -4.41049e-08 0.5 0 -4.41049e-08 1 0.866025 -4.41049e-08 0.5 1 4.41049e-08 0 0.5 4.41049e-08 -0.866025 -0.5 4.41049e-08 -0.866025 -1 4.41049e-08 0 -0.5 4.41049e-08 0.866025 0.5 4.41049e-08 0.866025 0.866025 0 -0.5 0 0 -1 -0.866025 0 -0.5 -0.866025 0 0.5 0 0 1 0.866025 0 0.5 1 -4.41049e-08 0 0.5 -4.41049e-08 -0.866025 -0.5 -4.41049e-08 -0.866025 -1 -4.41049e-08 0 -0.5 -4.41049e-08 0.866025 0.5 -4.41049e-08 0.866025 0.866025 4.41049e-08 -0.5 0 4.41049e-08 -1 -0.866025 4.41049e-08 -0.5 -0.866025 4.41049e-08 0.5 0 4.41049e-08 1 0.866025 4.41049e-08 0.5 1 -4.41049e-08 0 0.5 -4.41049e-08 -0.866025 -0.5 -4.41049e-08 -0.866025 -1 -4.41049e-08 0 -0.5 -4.41049e-08 0.866025 0.5 -4.41049e-08 0.866025 0.866025 4.41049e-08 -0.5 0 4.41049e-08 -1 -0.866025 4.41049e-08 -0.5 -0.866025 4.41049e-08 0.5 0 4.41049e-08 1 0.866025 4.41049e-08 0.5 1 0 0 0.5 0 -0.866025 -0.5 0 -0.866025 -1 0 0 -0.5 0 0.866025 0.5 0 0.866025 0.866025 -4.41049e-08 -0.5 0 -4.41049e-08 -1 -0.866025 -4.41049e-08 -0.5 -0.866025 -4.41049e-08 0.5 0 -4.41049e-08 1 0.866025 -4.41049e-08 0.5 1 4.41049e-08 0 0.5 4.41049e-08 -0.866025 -0.5 4.41049e-08 -0.866025 -1 4.41049e-08 0 -0.5 4.41049e-08 0.866025 0.5 4.41049e-08 0.866025 0.866025 -4.41049e-08 -0.5 0 -4.41049e-08 -1 -0.866025 -4.41049e-08 -0.5 -0.866025 -4.41049e-08 0.5 0 -4.41049e-08 1 0.866025 -4.41049e-08 0.5 1 0 0 0.5 0 -0.866025 -0.5 0 -0.866025 -1 0 0 -0.5 0 0.866025 0.5 0 0.866025 0.866025 8.82098e-08 -0.5 0 9.09664e-08 -1 -0.866025 8.82098e-08 -0.5 -0.866025 8.82098e-08 0.5 0 9.09664e-08 1 0.866025 8.82098e-08 0.5 1 -8.54533e-08 0 0.5 -8.26967e-08 -0.866025 -0.5 -8.26967e-08 -0.866025 -1 -8.54533e-08 0 -0.5 -8.26967e-08 0.866025 0.5 -8.26967e-08 0.866025 0.866025 0 -0.5 0 0 -1 -0.866025 0 -0.5 -0.866025 0 0.5 0 0 1 0.866025 0 0.5 1 9.09664e-08 0 0.5 8.82098e-08 -0.866025 -0.5 8.82098e-08 -0.866025 -1 9.09664e-08 0 -0.5 8.82098e-08 0.866025 0.5 8.82098e-08 0.866025 0.866025 -8.26967e-08 -0.5 0 -8.54533e-08 -1 -0.866025 -8.26967e-08 -0.5 -0.866025 -8.26967e-08 0.5 0 -8.54533e-08 1 0.866025 -8.26967e-08 0.5 1 0 0 0.5 0 -0.866025 -0.5 0 -0.866025 -1 0 0 -0.5 0 0.866025 0.5 0 0.866025 0.866025 0 -0.5 0 0 -1 -0.866025 0 -0.5 -0.866025 0 0.5 0 0 1 0.866025 0 0.5 1 9.09664e-08 0 0.5 8.82098e-08 -0.866025 -0.5 8.82098e-08 -0.866025 -1 9.09664e-08 0 -0.5 8.82098e-08 0.866025 0.5 8.82098e-08 0.866025 0.866025 -8.26967e-08 -0.5 0 -8.54533e-08 -1 -0.866025 -8.26967e-08 -0.5 -0.866025 -8.26967e-08 0.5 0 -8.54533e-08 1 0.866025 -8.26967e-08 0.5 1 0 0 0.5 0 -0.866025 -0.5 0 -0.866025 -1 0 0 -0.5 0 0.866025 0.5 0 0.866025 0.866025 8.82098e-08 -0.5 0 9.09664e-08 -1 -0.866025 8.82098e-08 -0.5 -0.866025 8.82098e-08 0.5 0 9.09664e-08 1 0.866025 8.82098e-08 0.5 1 -8.54533e-08 0 0.5 -8.26967e-08 -0.866025 -0.5 -8.26967e-08 -0.866025 -1 -8.54533e-08 0 -0.5 -8.26967e-08 0.866025 0.5 -8.26967e-08 0.866025 0.866025 0 -0.5 0 0 -1 -0.866025 0 -0.5 -0.866025 0 0.5 0 0 1 0.866025 0 0.5 1 9.09664e-08 0 0.5 8.82098e-08 -0.866025 -0.5 8.82098e-08 -0.866025 -1 9.09664e-08 0 -0.5 8.82098e-08 0.866025 0.5 8.82098e-08 0.866025 0.866025 -8.26967e-08 -0.5 0 -8.54533e-08 -1 -0.866025 -8.26967e-08 -0.5 -0.866025 -8.26967e-08 0.5 0 -8.54533e-08 1 0.866025 -8.26967e-08 0.5 1 0 0 0.5 0 -0.866025 -0.5 0 -0.866025 -1 0 0 -0.5 0 0.866025 0.5 0 0.866025 0.866025 0 -0.5 0 0 -1 -0.866025 0 -0.5 -0.866025 0 0.5 0 0 1 0.866025 0 0.5 1 9.09664e-08 0 0.5 8.82098e-08 -0.866025 -0.5 8.82098e-08 -0.866025 -1 9.09664e-08 0 -0.5 8.82098e-08 0.866025 0.5 8.82098e-08 0.866025 0.866025 -8.26967e-08 -0.5 0 -8.54533e-08 -1 -0.866025 -8.26967e-08 -0.5 -0.866025 -8.26967e-08 0.5 0 -8.54533e-08 1 0.866025 -8.26967e-08 0.5 1 0 0 0.5 0 -0.866025 -0.5 0 -0.866025 -1 0 0 -0.5 0 0.866025 0.5 0 0.866025 0.866025 8.82098e-08 -0.5 0 9.09664e-08 -1 -0.866025 8.82098e-08 -0.5 -0.866025 8.82098e-08 0.5 0 9.09664e-08 1 0.866025 8.82098e-08 0.5 1 -8.54533e-08 0 0.5 -8.26967e-08 -0.866025 -0.5 -8.26967e-08 -0.866025 -1 -8.54533e-08 0 -0.5 -8.26967e-08 0.866025 0.5 -8.26967e-08 0.866025 0.866025 0 -0.5 0 0 -1 -0.866025 0 -0.5 -0.866025 0 0.5 0 0 1 0.866025 0 0.5 1 0 0 0.5 0 -0.866025 -0.5 0 -0.866025 -1 0 0 -0.5 0 0.866025 0.5 0 0.866025 0.866025 8.82098e-08 -0.5 0 9.09664e-08 -1 -0.866025 8.82098e-08 -0.5 -0.866025 8.82098e-08 0.5 0 9.09664e-08 1 0.866025 8.82098e-08 0.5 1 -8.54533e-08 0 0.5 -8.26967e-08 -0.866025 -0.5 -8.26967e-08 -0.866025 -1 -8.54533e-08 0 -0.5 -8.26967e-08 0.866025 0.5 -8.26967e-08 0.866025 0.866025 0 -0.5 0 0 -1 -0.866025 0 -0.5 -0.866025 0 0.5 0 0 1 0.866025 0 0.5 1 0 0 0.5 0 -0.866025 -0.5 0 -0.866025 -1 0 0 -0.5 0 0.866025 0.5 0 0.866025 0.866025 0 -0.5 0 0 -1 -0.866025 0 -0.5 -0.866025 0 0.5 0 0 1 0.866025 0 0.5 1 1.7642e-07 0 0.5 1.70907e-07 -0.866025 -0.5 1.70907e-07 -0.866025 -1 1.7642e-07 0 -0.5 1.70907e-07 0.866025 0.5 1.70907e-07 0.866025 0.866025 -1.70907e-07 -0.5 0 -1.7642e-07 -1 -0.866025 -1.70907e-07 -0.5 -0.866025 -1.70907e-07 0.5 0 -1.7642e-07 1 0.866025 -1.70907e-07 0.5 1 0 0 0.5 0 -0.866025 -0.5 0 -0.866025 -1 0 0 -0.5 0 0.866025 0.5 0 0.866025 0.866025 0 -0.5 0 0 -1 -0.866025 0 -0.5 -0.866025 0 0.5 0 0 1 0.866025 0 0.5 1 0 0 0.5 0 -0.866025 -0.5 0 -0.866025 -1 0 0 -0.5 0 0.866025 0.5 0 0.866025 0.866025 0 -0.5 0 0 -1 -0.866025 0 -0.5 -0.866025 0 0.5 0 0 1 0.866025 0 0.5 1 0 0 0.5 0 -0.866025 -0.5 0 -0.866025 -1 0 0 -0.5 0 0.866025 0.5 0 0.866025 0.866025 1.70907e-07 -0.5 0 1.7642e-07 -1 -0.866025 1.70907e-07 -0.5 -0.866025 1.70907e-07 0.5 0 1.7642e-07 1 0.866025 1.70907e-07 0.5 1 -1.7642e-07 0 0.5 -1.70907e-07 -0.866025 -0.5 -1.70907e-07 -0.866025 -1 -1.7642e-07 0 -0.5 -1.70907e-07 0.866025 0.5 -1.70907e-07 0.866025 0.866025 0 -0.5 0 0 -1 -0.866025 0 -0.5 -0.866025 0 0.5 0 0 1 0.866025 0 0.5 1 0 0 0.5 0 -0.866025 -0.5 0 -0.866025 -1 0 0 -0.5 0 0.866025 0.5 0 0.866025 0.866025 0 -0.5 0 0 -1 -0.866025 0 -0.5 -0.866025 0 0.5 0 0 1 0.866025 0 0.5 1 0 0 0.5 0 -0.866025 -0.5 0 -0.866025 -1 0 0 -0.5 0 0.866025 0.5 0 0.866025 0.866025 0 -0.5 0 0 -1 -0.866025 0 -0.5 -0.866025 0 0.5 0 0 1 0.866025 0 0.5 1 1.7642e-07 0 0.5 1.70907e-07 -0.866025 -0.5 1.70907e-07 -0.866025 -1 1.7642e-07 0 -0.5 1.70907e-07 0.866025 0.5 1.70907e-07 0.866025 0.866025 -1.70907e-07 -0.5 0 -1.7642e-07 -1 -0.866025 -1.70907e-07 -0.5 -0.866025 -1.70907e-07 0.5 0 -1.7642e-07 1 0.866025 -1.70907e-07 0.5 1 0 0 0.5 0 -0.866025 -0.5 0 -0.866025 -1 0 0 -0.5 0 0.866025 0.5 0 0.866025 0.866025 0 -0.5 0 0 -1 -0.866025 0 -0.5 -0.866025 0 0.5 0 0 1 0.866025 0 0.5 1 0 0 0.5 0 -0.866025 -0.5 0 -0.866025 -1 0 0 -0.5 0 0.866025 0.5 0 0.866025 0.866025 0 -0.5 0 0 -1 -0.866025 0 -0.5 -0.866025 0 0.5 0 0 1 0.866025 0 0.5 1 0 0 0.5 0 -0.866025 -0.5 0 -0.866025 -1 0 0 -0.5 0 0.866025 0.5 0 0.866025 0.866025 1.70907e-07 -0.5 0 1.7642e-07 -1 -0.866025 1.70907e-07 -0.5 -0.866025 1.70907e-07 0.5 0 1.7642e-07 1 0.866025 1.70907e-07 0.5 1 -1.7642e-07 0 0.5 -1.70907e-07 -0.866025 -0.5 -1.70907e-07 -0.866025 -1 -1.7642e-07 0 -0.5 -1.70907e-07 0.866025 0.5 -1.70907e-07 0.866025 0.866025 0 -0.5 0 0 -1 -0.866025 0 -0.5 -0.866025 0 0.5 0 0 1 0.866025 0 0.5 1 0 0 0.5 0 -0.866025 -0.5 0 -0.866025 -1 0 0 -0.5 0 0.866025 0.5 0 0.866025 0.866025 0 -0.5 0 0 -1 -0.866025 0 -0.5 -0.866025 0 0.5 0 0 1 0.866025 0 0.5 1 0 0 0.5 0 -0.866025 -0.5 0 -0.866025 -1 0 0 -0.5 0 0.866025 0.5 0 0.866025 0.866025 1.70907e-07 -0.5 0 1.7642e-07 -1 -0.866025 1.70907e-07 -0.5 -0.866025 1.70907e-07 0.5 0 1.7642e-07 1 0.866025 1.70907e-07 0.5 1 -1.7642e-07 0 0.5 -1.70907e-07 -0.866025 -0.5 -1.70907e-07 -0.866025 -1 -1.7642e-07 0 -0.5 -1.70907e-07 0.866025 0.5 -1.70907e-07 0.866025 0.866025 0 -0.5 0 0 -1 -0.866025 0 -0.5 -0.866025 0 0.5 0 0 1 0.866025 0 0.5 1 0 0 0.5 0 -0.866025 -0.5 0 -0.866025 -1 0 0 -0.5 0 0.866025 0.5 0 0.866025 0.866025 0 -0.5 0 0 -1 -0.866025 0 -0.5 -0.866025 0 0.5 0 0 1 0.866025 0 0.5 1 0 0 0.5 0 -0.866025 -0.5 0 -0.866025 -1 0 0 -0.5 0 0.866025 0.5 0 0.866025 0.866025 0 -0.5 0 0 -1 -0.866025 0 -0.5 -0.866025 0 0.5 0 0 1 0.866025 0 0.5 1 1.7642e-07 0 0.5 1.70907e-07 -0.866025 -0.5 1.70907e-07 -0.866025 -1 1.7642e-07 0 -0.5 1.70907e-07 0.866025 0.5 1.70907e-07 0.866025 0.866025 -1.70907e-07 -0.5 0 -1.7642e-07 -1 -0.866025 -1.70907e-07 -0.5 -0.866025 -1.70907e-07 0.5 0 -1.7642e-07 1 0.866025 -1.70907e-07 0.5 1 0 0 0.5 0 -0.866025 -0.5 0 -0.866025 -1 0 0 -0.5 0 0.866025 0.5 0 0.866025 0.866025 0 -0.5 0 0 -1 -0.866025 0 -0.5 -0.866025 0 0.5 0 0 1 0.866025 0 0.5 1 0 0 0.5 0 -0.866025 -0.5 0 -0.866025 -1 0 0 -0.5 0 0.866025 0.5 0 0.866025 0.866025 0 -0.5 0 0 -1 -0.866025 0 -0.5 -0.866025 0 0.5 0 0 1 0.866025 0 0.5 1 0 0 0.5 0 -0.866025 -0.5 0 -0.866025 -1 0 0 -0.5 0 0.866025 0.5 0 0.866025 0.866025 1.70907e-07 -0.5 0 1.7642e-07 -1 -0.866025 1.70907e-07 -0.5 -0.866025 1.70907e-07 0.5 0 1.7642e-07 1 0.866025 1.70907e-07 0.5 1 -1.7642e-07 0 0.5 -1.70907e-07 -0.866025 -0.5 -1.70907e-07 -0.866025 -1 -1.7642e-07 0 -0.5 -1.70907e-07 0.866025 0.5 -1.70907e-07 0.866025 0.866025 0 -0.5 0 0 -1 -0.866025 0 -0.5 -0.866025 0 0.5 0 0 1 0.866025 0 0.5 1 0 0 0.5 0 -0.866025 -0.5 0 -0.866025 -1 0 0 -0.5 0 0.866025 0.5 0 0.866025 0.866025 0 -0.5 0 0 -1 -0.866025 0 -0.5 -0.866025 0 0.5 0 0 1 0.866025 0 0.5 1 0 0 0.5 0 -0.866025 -0.5 0 -0.866025 -1 0 0 -0.5 0 0.866025 0.5 0 0.866025 0.866025 0 -0.5 0 0 -1 -0.866025 0 -0.5 -0.866025 0 0.5 0 0 1 0.866025 0 0.5 1 1.7642e-07 0 0.5 1.70907e-07 -0.866025 -0.5 1.70907e-07 -0.866025 -1 1.7642e-07 0 -0.5 1.70907e-07 0.866025 0.5 1.70907e-07 0.866025 0.866025 -1.70907e-07 -0.5 0 -1.7642e-07 -1 -0.866025 -1.70907e-07 -0.5 -0.866025 -1.70907e-07 0.5 0 -1.7642e-07 1 0.866025 -1.70907e-07 0.5 1 0 0 0.5 0 -0.866025 -0.5 0 -0.866025 -1 0 0 -0.5 0 0.866025 0.5 0 0.866025 0.866025 0 -0.5 0 0 -1 -0.866025 0 -0.5 -0.866025 0 0.5 0 0 1 0.866025 0 0.5 0.998548 0.0538637 0 0.499274 0.0538636 -0.864768 -0.499274 0.0538636 -0.864768 -0.998548 0.0538637 0 -0.499274 0.0538636 0.864768 0.499274 0.0538636 0.864768 0 -1 0 0 -1 0 0 -1 0 0 -1 0 0 -1 0 0 -1 0 0 -1 0 0 1 0 0 1 0 0 1 0 0 1 0 0 1 0 0 1 0 0 1 0"/>
    </IndexedTriangleSet>
   </Shape>
  </Transform>
  </Group>
  <Group>
  <Transform rotation="0 0 1 0" translation="0 0 0">
   <Shape>
    <Appearance DEF='ap4'>
     <Material ambientIntensity='1' diffuseColor='0 0.447059 0.698039' specularColor='0.85 0.85 0.85' shininess='0.234375' transparency='0'/>
    </Appearance>
    <IndexedTriangleSet DEF='its4' index="0 1 6 1 7 6 1 2 7 2 8 7 2 3 8 3 9 8 3 4 9 4 10 9 4 5 10 5 11 10 5 0 11 0 6 11 6 7 13 6 13 12 7 8 14 7 14 13 8 9 15 8 15 14 9 10 16 9 16 15 10 11 17 10 17 16 11 6 12 11 12 17 12 13 18 13 19 18 13 14 19 14 20 19 14 15 20 15 21 20 15 16 21 16 22 21 16 17 22 17 23 22 17 12 23 12 18 23 18 19 25 18 25 24 19 20 26 19 26 25 20 21 27 20 27 26 21 22 28 21 28 27 22 23 29 22 29 28 23 18 24 23 24 29 24 25 30 25 31 30 25 26 31 26 32 31 26 27 32 27 33 32 27 28 33 28 34 33 28 29 34 29 35 34 29 24 35 24 30 35 30 31 37 30 37 36 31 32 38 31 38 37 32 33 39 32 39 38 33 34 40 33 40 39 34 35 41 34 41 40 35 30 36 35 36 41 36 37 42 37 43 42 37 38 43 38 44 43 38 39 44 39 45 44 39 40 45 40 46 45 40 41 46 41 47 46 41 36 47 36 42 47 42 43 49 42 49 48 43 44 50 43 50 49 44 45 51 44 51 50 45 46 52 45 52 51 46 47 53 46 53 52 47 42 48 47 48 53 48 49 54 49 55 54 49 50 55 50 56 55 50 51 56 51 57 56 51 52 57 52 58 57 52 53 58 53 59 58 53 48 59 48 54 59 54 55 61 54 61 60 55 56 62 55 62 61 56 57 63 56 63 62 57 58 64 57 64 63 58 59 65 58 65 64 59 54 60 59 60 65 60 61 66 61 67 66 61 62 67 62 68 67 62 63 68 63 69 68 63 64 69 64 70 69 64 65 70 65 71 70 65 60 71 60 66 71 66 67 73 66 73 72 67 68 74 67 74 73 68 69 75 68 75 74 69 70 76 69 76 75 70 71 77 70 77 76 71 66 72 71 72 77 72 73 78 73 79 78 73 74 79 74 80 79 74 75 80 75 81 80 75 76 81 76 82 81 76 77 82 77 83 82 77 72 83 72 78 83 78 79 85 78 85 84 79 80 86 79 86 85 80 81 87 80 87 86 81 82 88 81 88 87 82 83 89 82 89 88 83 78 84 83 84 89 84 85 90 85 91 90 85 86 91 86 92 91 86 87 92 87 93 92 87 88 93 88 94 93 88 89 94 89 95 94 89 84 95 84 90 95 90 91 97 90 97 96 91 92 98 91 98 97 92 93 99 92 99 98 93 94 100 93 100 99 94 95 101 94 101 100 95 90 96 95 96 101 96 97 102 97 103 102 97 98 103 98 104 103 98 99 104 99 105 104 99 100 105 100 106 105 100 101 106 101 107 106 101 96 107 96 102 107 102 103 109 102 109 108 103 104 110 103 110 109 104 105 111 104 111 110 105 106 112 105 112 111 106 107 113 106 113 112 107 102 108 107 108 113 108 109 114 109 115 114 109 110 115 110 116 115 110 111 116 111 117 116 111 112 117 112 118 117 112 113 118 113 119 118 113 108 119 108 114 119 114 115 121 114 121 120 115 116 122 115 122 121 116 117 123 116 123 122 117 118 124 117 124 123 118 119 125 118 125 124 119 114 120 119 120 125 120 121 126 121 127 126 121 122 127 122 128 127 122 123 128 123 129 128 123 124 129 124 130 129 124 125 130 125 131 130 125 120 131 120 126 131 126 127 133 126 133 132 127 128 134 127 134 133 128 129 135 128 135 134 129 130 136 129 136 135 130 131 137 130 137 136 131 126 132 131 132 137 132 133 138 133 139 138 133 134 139 134 140 139 134 135 140 135 141 140 135 136 141 136 142 141 136 137 142 137 143 142 137 132 143 132 138 143 138 139 145 138 145 144 139 140 146 139 146 145 140 141 147 140 147 146 141 142 148 141 148 147 142 143 149 142 149 148 143 138 144 143 144 149 144 145 150 145 151 150 145 146 151 146 152 151 146 147 152 147 153 152 147 148 153 148 154 153 148 149 154 149 155 154 149 144 155 144 150 155 150 151 157 150 157 156 151 152 158 151 158 157 152 153 159 152 159 158 153 154 160 153 160 159 154 155 161 154 161 160 155 150 156 155 156 161 156 157 162 157 163 162 157 158 163 158 164 163 158 159 164 159 165 164 159 160 165 160 166 165 160 161 166 161 167 166 161 156 167 156 162 167 162 163 169 162 169 168 163 164 170 163 170 169 164 165 171 164 171 170 165 166 172 165 172 171 166 167 173 166 173 172 167 162 168 167 168 173 168 169 174 169 175 174 169 170 175 170 176 175 170 171 176 171 177 176 171 172 177 172 178 177 172 173 178 173 179 178 173 168 179 168 174 179 174 175 181 174 181 180 175 176 182 175 182 181 176 177 183 176 183 182 177 178 184 177 184 183 178 179 185 178 185 184 179 174 180 179 180 185 180 181 186 181 187 186 181 182 187 182 188 187 182 183 188 183 189 188 183 184 189 184 190 189 184 185 190 185 191 190 185 180 191 180 186 191 186 187 193 186 193 192 187 188 194 187 194 193 188 189 195 188 195 194 189 190 196 189 196 195 190 191 197 190 197 196 191 186 192 191 192 197 192 193 198 193 199 198 193 194 199 194 200 199 194 195 200 195 201 200 195 196 201 196 202 201 196 197 202 197 203 202 197 192 203 192 198 203 198 199 205 198 205 204 199 200 206 199 206 205 200 201 207 200 207 206 201 202 208 201 208 207 202 203 209 202 209 208 203 198 204 203 204 209 204 205 210 205 211 210 205 206 211 206 212 211 206 207 212 207 213 212 207 208 213 208 214 213 208 209 214 209 215 214 209 204 215 204 210 215 210 211 217 210 217 216 211 212 218 211 218 217 212 213 219 212 219 218 213 214 220 213 220 219 214 215 221 214 221 220 215 210 216 215 216 221 216 217 222 217 223 222 217 218 223 218 224 223 218 219 224 219 225 224 219 220 225 220 226 225 220 221 226 221 227 226 221 216 227 216 222 227 222 223 229 222 229 228 223 224 230 223 230 229 224 225 231 224 231 230 225 226 232 225 232 231 226 227 233 226 233 232 227 222 228 227 228 233 228 229 234 229 235 234 229 230 235 230 236 235 230 231 236 231 237 236 231 232 237 232 238 237 232 233 238 233 239 238 233 228 239 228 234 239 234 235 241 234 241 240 235 236 242 235 242 241 236 237 243 236 243 242 237 238 244 237 244 243 238 239 245 238 245 244 239 234 240 239 240 245 240 241 246 241 247 246 241 242 247 242 248 247 242 243 248 243 249 248 243 244 249 244 250 249 244 245 250 245 251 250 245 240 251 240 246 251 246 247 253 246 253 252 247 248 254 247 254 253 248 249 255 248 255 254 249 250 256 249 256 255 250 251 257 250 257 256 251 246 252 251 252 257 252 253 258 253 259 258 253 254 259 254 260 259 254 255 260 255 261 260 255 256 261 256 262 261 256 257 262 257 263 262 257 252 263 252 258 263 258 259 265 258 265 264 259 260 266 259 266 265 260 261 267 260 267 266 261 262 268 261 268 267 262 263 269 262 269 268 263 258 264 263 264 269 264 265 270 265 271 270 265 266 271 266 272 271 266 267 272 267 273 272 267 268 273 268 274 273 268 269 274 269 275 274 269 264 275 264 270 275 270 271 277 270 277 276 271 272 278 271 278 277 272 273 279 272 279 278 273 274 280 273 280 279 274 275 281 274 281 280 275 270 276 275 276 281 276 277 282 277 283 282 277 278 283 278 284 283 278 279 284 279 285 284 279 280 285 280 286 285 280 281 286 281 287 286 281 276 287 276 282 287 282 283 289 282 289 288 283 284 290 283 290 289 284 285 291 284 291 290 285 286 292 285 292 291 286 287 293 286 293 292 287 282 288 287 288 293 288 289 294 289 295 294 289 290 295 290 296 295 290 291 296 291 297 296 291 292 297 292 298 297 292 293 298 293 299 298 293 288 299 288 294 299 294 295 301 294 301 300 295 296 302 295 302 301 296 297 303 296 303 302 297 298 304 297 304 303 298 299 305 298 305 304 299 294 300 299 300 305 300 301 306 301 307 306 301 302 307 302 308 307 302 303 308 303 309 308 303 304 309 304 310 309 304 305 310 305 311 310 305 300 311 300 306 311 306 307 313 306 313 312 307 308 314 307 314 313 308 309 315 308 315 314 309 310 316 309 316 315 310 311 317 310 317 316 311 306 312 311 312 317 312 313 318 313 319 318 313 314 319 314 320 319 314 315 320 315 321 320 315 316 321 316 322 321 316 317 322 317 323 322 317 312 323 312 318 323 318 319 325 318 325 324 319 320 326 319 326 325 320 321 327 320 327 326 321 322 328 321 328 327 322 323 329 322 329 328 323 318 324 323 324 329 324 325 330 325 331 330 325 326 331 326 332 331 326 327 332 327 333 332 327 328 333 328 334 333 328 329 334 329 335 334 329 324 335 324 330 335 330 331 337 330 337 336 331 332 338 331 338 337 332 333 339 332 339 338 333 334 340 333 340 339 334 335 341 334 341 340 335 330 336 335 336 341 336 337 342 337 343 342 337 338 343 338 344 343 338 339 344 339 345 344 339 340 345 340 346 345 340 341 346 341 347 346 341 336 347 336 342 347 342 343 349 342 349 348 343 344 350 343 350 349 344 345 351 344 351 350 345 346 352 345 352 351 346 347 353 346 353 352 347 342 348 347 348 353 348 349 354 349 355 354 349 350 355 350 356 355 350 351 356 351 357 356 351 352 357 352 358 357 352 353 358 353 359 358 353 348 359 348 354 359 354 355 361 354 361 360 355 356 362 355 362 361 356 357 363 356 363 362 357 358 364 357 364 363 358 359 365 358 365 364 359 354 360 359 360 365 360 361 366 361 367 366 361 362 367 362 368 367 362 363 368 363 369 368 363 364 369 364 370 369 364 365 370 365 371 370 365 360 371 360 366 371 366 367 373 366 373 372 367 368 374 367 374 373 368 369 375 368 375 374 369 370 376 369 376 375 370 371 377 370 377 376 371 366 372 371 372 377 372 373 378 373 379 378 373 374 379 374 380 379 374 375 380 375 381 380 375 376 381 376 382 381 376 377 382 377 383 382 377 372 383 372 378 383 378 379 385 378 385 384 379 380 386 379 386 385 380 381 387 380 387 386 381 382 388 381 388 387 382 383 389 382 389 388 383 378 384 383 384 389 384 385 390 385 391 390 385 386 391 386 392 391 386 387 392 387 393 392 387 388 393 388 394 393 388 389 394 389 395 394 389 384 395 384 390 395 390 391 397 390 397 396 391 392 398 391 398 397 392 393 399 392 399 398 393 394 400 393 400 399 394 395 401 394 401 400 395 390 396 395 396 401 396 397 402 397 403 402 397 398 403 398 404 403 398 399 404 399 405 404 399 400 405 400 406 405 400 401 406 401 407 406 401 396 407 396 402 407 402 403 409 402 409 408 403 404 410 403 410 409 404 405 411 404 411 410 405 406 412 405 412 411 406 407 413 406 413 412 407 402 408 407 408 413 408 409 414 409 415 414 409 410 415 410 416 415 410 411 416 411 417 416 411 412 417 412 418 417 412 413 418 413 419 418 413 408 419 408 414 419 414 415 421 414 421 420 415 416 422 415 422 421 416 417 423 416 423 422 417 418 424 417 424 423 418 419 425 418 425 424 419 414 420 419 420 425 420 421 426 421 427 426 421 422 427 422 428 427 422 423 428 423 429 428 423 424 429 424 430 429 424 425 430 425 431 430 425 420 431 420 426 431 426 427 433 426 433 432 427 428 434 427 434 433 428 429 435 428 435 434 429 430 436 429 436 435 430 431 437 430 437 436 431 426 432 431 432 437 432 433 438 433 439 438 433 434 439 434 440 439 434 435 440 435 441 440 435 436 441 436 442 441 436 437 442 437 443 442 437 432 443 432 438 443 438 439 445 438 445 444 439 440 446 439 446 445 440 441 447 440 447 446 441 442 448 441 448 447 442 443 449 442 449 448 443 438 444 443 444 449 444 445 450 445 451 450 445 446 451 446 452 451 446 447 452 447 453 452 447 448 453 448 454 453 448 449 454 449 455 454 449 444 455 444 450 455 450 451 457 450 457 456 451 452 458 451 458 457 452 453 459 452 459 458 453 454 460 453 460 459 454 455 461 454 461 460 455 450 456 455 456 461 456 457 462 457 463 462 457 458 463 458 464 463 458 459 464 459 465 464 459 460 465 460 466 465 460 461 466 461 467 466 461 456 467 456 462 467 462 463 469 462 469 468 463 464 470 463 470 469 464 465 471 464 471 470 465 466 472 465 472 471 466 467 473 466 473 472 467 462 468 467 468 473 468 469 474 469 475 474 469 470 475 470 476 475 470 471 476 471 477 476 471 472 477 472 478 477 472 473 478 473 479 478 473 468 479 468 474 479 474 475 481 474 481 480 475 476 482 475 482 481 476 477 483 476 483 482 477 478 484 477 484 483 478 479 485 478 485 484 479 474 480 479 480 485 480 481 486 481 487 486 481 482 487 482 488 487 482 483 488 483 489 488 483 484 489 484 490 489 484 485 490 485 491 490 485 480 491 480 486 491 486 487 493 486 493 492 487 488 494 487 494 493 488 489 495 488 495 494 489 490 496 489 496 495 490 491 497 490 497 496 491 486 492 491 492 497 492 493 498 493 499 498 493 494 499 494 500 499 494 495 500 495 501 500 495 496 501 496 502 501 496 497 502 497 503 502 497 492 503 492 498 503 498 499 505 498 505 504 499 500 506 499 506 505 500 501 507 500 507 506 501 502 508 501 508 507 502 503 509 502 509 508 503 498 504 503 504 509 504 505 510 505 511 510 505 506 511 506 512 511 506 507 512 507 513 512 507 508 513 508 514 513 508 509 514 509 515 514 509 504 515 504 510 515 510 511 517 510 517 516 511 512 518 511 518 517 512 513 519 512 519 518 513 514 520 513 520 519 514 515 521 514 521 520 515 510 516 515 516 521 516 517 522 517 523 522 517 518 523 518 524 523 518 519 524 519 525 524 519 520 525 520 526 525 520 521 526 521 527 526 521 516 527 516 522 527 522 523 529 522 529 528 523 524 530 523 530 529 524 525 531 524 531 530 525 526 532 525 532 531 526 527 533 526 533 532 527 522 528 527 528 533 528 529 534 529 535 534 529 530 535 530 536 535 530 531 536 531 537 536 531 532 537 532 538 537 532 533 538 533 539 538 533 528 539 528 534 539 534 535 541 534 541 540 535 536 542 535 542 541 536 537 543 536 543 542 537 538 544 537 544 543 538 539 545 538 545 544 539 534 540 539 540 545 540 541 546 541 547 546 541 542 547 542 548 547 542 543 548 543 549 548 543 544 549 544 550 549 544 545 550 545 551 550 545 540 551 540 546 551 546 547 553 546 553 552 547 548 554 547 554 553 548 549 555 548 555 554 549 550 556 549 556 555 550 551 557 550 557 556 551 546 552 551 552 557 552 553 558 553 559 558 553 554 559 554 560 559 554 555 560 555 561 560 555 556 561 556 562 561 556 557 562 557 563 562 557 552 563 552 558 563 558 559 565 558 565 564 559 560 566 559 566 565 560 561 567 560 567 566 561 562 568 561 568 567 562 563 569 562 569 568 563 558 564 563 564 569 564 565 570 565 571 570 565 566 571 566 572 571 566 567 572 567 573 572 567 568 573 568 574 573 568 569 574 569 575 574 569 564 575 564 570 575 570 571 577 570 577 576 571 572 578 571 578 577 572 573 579 572 579 578 573 574 580 573 580 579 574 575 581 574 581 580 575 570 576 575 576 581 576 577 582 577 583 582 577 578 583 578 584 583 578 579 584 579 585 584 579 580 585 580 586 585 580 581 586 581 587 586 581 576 587 576 582 587 582 583 589 582 589 588 583 584 590 583 590 589 584 585 591 584 591 590 585 586 592 585 592 591 586 587 593 586 593 592 587 582 588 587 588 593 588 589 594 589 595 594 589 590 595 590 596 595 590 591 596 591 597 596 591 592 597 592 598 597 592 593 598 593 599 598 593 588 599 588 594 599 594 595 601 594 601 600 595 596 602 595 602 601 596 597 603 596 603 602 597 598 604 597 604 603 598 599 605 598 605 604 599 594 600 599 600 605 600 601 606 601 607 606 601 602 607 602 608 607 602 603 608 603 609 608 603 604 609 604 610 609 604 605 610 605 611 610 605 600 611 600 606 611 606 607 613 606 613 612 607 608 614 607 614 613 608 609 615 608 615 614 609 610 616 609 616 615 610 611 617 610 617 616 611 606 612 611 612 617 612 613 618 613 619 618 613 614 619 614 620 619 614 615 620 615 621 620 615 616 621 616 622 621 616 617 622 617 623 622 617 612 623 612 618 623 618 619 625 618 625 624 619 620 626 619 626 625 620 621 627 620 627 626 621 622 628 621 628 627 622 623 629 622 629 628 623 618 624 623 624 629 624 625 630 625 631 630 625 626 631 626 632 631 626 627 632 627 633 632 627 628 633 628 634 633 628 629 634 629 635 634 629 624 635 624 630 635 630 631 637 630 637 636 631 632 638 631 638 637 632 633 639 632 639 638 633 634 640 633 640 639 634 635 641 634 641 640 635 630 636 635 636 641 636 637 642 637 643 642 637 638 643 638 644 643 638 639 644 639 645 644 639 640 645 640 646 645 640 641 646 641 647 646 641 636 647 636 642 647 642 643 649 642 649 648 643 644 650 643 650 649 644 645 651 644 651 650 645 646 652 645 652 651 646 647 653 646 653 652 647 642 648 647 648 653 648 649 654 649 655 654 649 650 655 650 656 655 650 651 656 651 657 656 651 652 657 652 658 657 652 653 658 653 659 658 653 648 659 648 654 659 654 655 661 654 661 660 655 656 662 655 662 661 656 657 663 656 663 662 657 658 664 657 664 663 658 659 665 658 665 664 659 654 660 659 660 665 660 661 666 661 667 666 661 662 667 662 668 667 662 663 668 663 669 668 663 664 669 664 670 669 664 665 670 665 671 670 665 660 671 660 666 671 666 667 673 666 673 672 667 668 674 667 674 673 668 669 675 668 675 674 669 670 676 669 676 675 670 671 677 670 677 676 671 666 672 671 672 677 672 673 678 673 679 678 673 674 679 674 680 679 674 675 680 675 681 680 675 676 681 676 682 681 676 677 682 677 683 682 677 672 683 672 678 683 678 679 685 678 685 684 679 680 686 679 686 685 680 681 687 680 687 686 681 682 688 681 688 687 682 683 689 682 689 688 683 678 684 683 684 689 684 685 690 685 691 690 685 686 691 686 692 691 686 687 692 687 693 692 687 688 693 688 694 693 688 689 694 689 695 694 689 684 695 684 690 695 690 691 697 690 697 696 691 692 698 691 698 697 692 693 699 692 699 698 693 694 700 693 700 699 694 695 701 694 701 700 695 690 696 695 696 701 696 697 702 697 703 702 697 698 703 698 704 703 698 699 704 699 705 704 699 700 705 700 706 705 700 701 706 701 707 706 701 696 707 696 702 707 702 703 709 702 709 708 703 704 710 703 710 709 704 705 711 704 711 710 705 706 712 705 712 711 706 707 713 706 713 712 707 702 708 707 708 713 708 709 714 709 715 714 709 710 715 710 716 715 710 711 716 711 717 716 711 712 717 712 718 717 712 713 718 713 719 718 713 708 719 708 714 719 714 715 721 714 721 720 715 716 722 715 722 721 716 717 723 716 723 722 717 718 724 717 724 723 718 719 725 718 725 724 719 714 720 719 720 725 720 721 726 721 727 726 721 722 727 722 728 727 722 723 728 723 729 728 723 724 729 724 730 729 724 725 730 725 731 730 725 720 731 720 726 731 726 727 733 726 733 732 727 728 734 727 734 733 728 729 735 728 735 734 729 730 736 729 736 735 730 731 737 730 737 736 731 726 732 731 732 737 732 733 738 733 739 738 733 734 739 734 740 739 734 735 740 735 741 740 735 736 741 736 742 741 736 737 742 737 743 742 737 732 743 732 738 743 738 739 745 738 745 744 739 740 746 739 746 745 740 741 747 740 747 746 741 742 748 741 748 747 742 743 749 742 749 748 743 738 744 743 744 749 744 745 750 745 751 750 745 746 751 746 752 751 746 747 752 747 753 752 747 748 753 748 754 753 748 749 754 749 755 754 749 744 755 744 750 755 750 751 757 750 757 756 751 752 758 751 758 757 752 753 759 752 759 758 753 754 760 753 760 759 754 755 761 754 761 760 755 750 756 755 756 761 756 757 762 757 763 762 757 758 763 758 764 763 758 759 764 759 765 764 759 760 765 760 766 765 760 761 766 761 767 766 761 756 767 756 762 767 762 763 769 762 769 768 763 764 770 763 770 769 764 765 771 764 771 770 765 766 772 765 772 771 766 767 773 766 773 772 767 762 768 767 768 773 768 769 774 769 775 774 769 770 775 770 776 775 770 771 776 771 777 776 771 772 777 772 778 777 772 773 778 773 779 778 773 768 779 768 774 779 774 775 781 774 781 780 775 776 782 775 782 781 776 777 783 776 783 782 777 778 784 777 784 783 778 779 785 778 785 784 779 774 780 779 780 785 780 781 786 781 787 786 781 782 787 782 788 787 782 783 788 783 789 788 783 784 789 784 790 789 784 785 790 785 791 790 785 780 791 780 786 791 786 787 793 786 793 792 787 788 794 787 794 793 788 789 795 788 795 794 789 790 796 789 796 795 790 791 797 790 797 796 791 786 792 791 792 797 792 793 798 793 799 798 793 794 799 794 800 799 794 795 800 795 801 800 795 796 801 796 802 801 796 797 802 797 803 802 797 792 803 792 798 803 798 799 805 798 805 804 799 800 806 799 806 805 800 801 807 800 807 806 801 802 808 801 808 807 802 803 809 802 809 808 803 798 804 803 804 809 804 805 810 805 811 810 805 806 811 806 812 811 806 807 812 807 813 812 807 808 813 808 814 813 808 809 814 809 815 814 809 804 815 804 810 815 810 811 817 810 817 816 811 812 818 811 818 817 812 813 819 812 819 818 813 814 820 813 820 819 814 815 821 814 821 820 815 810 816 815 816 821 816 817 822 817 823 822 817 818 823 818 824 823 818 819 824 819 825 824 819 820 825 820 826 825 820 821 826 821 827 826 821 816 827 816 822 827 822 823 829 822 829 828 823 824 830 823 830 829 824 825 831 824 831 830 825 826 832 825 832 831 826 827 833 826 833 832 827 822 828 827 828 833 828 829 834 829 835 834 829 830 835 830 836 835 830 831 836 831 837 836 831 832 837 832 838 837 832 833 838 833 839 838 833 828 839 828 834 839 834 835 841 834 841 840 835 836 842 835 842 841 836 837 843 836 843 842 837 838 844 837 844 843 838 839 845 838 845 844 839 834 840 839 840 845 840 841 846 841 847 846 841 842 847 842 848 847 842 843 848 843 849 848 843 844 849 844 850 849 844 845 850 845 851 850 845 840 851 840 846 851 846 847 853 846 853 852 847 848 854 847 854 853 848 849 855 848 855 854 849 850 856 849 856 855 850 851 857 850 857 856 851 846 852 851 852 857 852 853 858 853 859 858 853 854 859 854 860 859 854 855 860 855 861 860 855 856 861 856 862 861 856 857 862 857 863 862 857 852 863 852 858 863 858 859 865 858 865 864 859 860 866 859 866 865 860 861 867 860 867 866 861 862 868 861 868 867 862 863 869 862 869 868 863 858 864 863 864 869 864 865 870 865 871 870 865 866 871 866 872 871 866 867 872 867 873 872 867 868 873 868 874 873 868 869 874 869 875 874 869 864 875 864 870 875 870 871 877 870 877 876 871 872 878 871 878 877 872 873 879 872 879 878 873 874 880 873 880 879 874 875 881 874 881 880 875 870 876 875 876 881 876 877 882 877 883 882 877 878 883 878 884 883 878 879 884 879 885 884 879 880 885 880 886 885 880 881 886 881 887 886 881 876 887 876 882 887 882 883 889 882 889 888 883 884 890 883 890 889 884 885 891 884 891 890 885 886 892 885 892 891 886 887 893 886 893 892 887 882 888 887 888 893 888 889 894 889 895 894 889 890 895 890 896 895 890 891 896 891 897 896 891 892 897 892 898 897 892 893 898 893 899 898 893 888 899 888 894 899 894 895 901 894 901 900 895 896 902 895 902 901 896 897 903 896 903 902 897 898 904 897 904 903 898 899 905 898 905 904 899 894 900 899 900 905 900 901 906 901 907 906 901 902 907 902 908 907 902 903 908 903 909 908 903 904 909 904 910 909 904 905 910 905 911 910 905 900 911 900 906 911 906 907 913 906 913 912 907 908 914 907 914 913 908 909 915 908 915 914 909 910 916 909 916 915 910 911 917 910 917 916 911 906 912 911 912 917 912 913 918 913 919 918 913 914 919 914 920 919 914 915 920 915 921 920 915 916 921 916 922 921 916 917 922 917 923 922 917 912 923 912 918 923 918 919 925 918 925 924 919 920 926 919 926 925 920 921 927 920 927 926 921 922 928 921 928 927 922 923 929 922 929 928 923 918 924 923 924 929 924 925 930 925 931 930 925 926 931 926 932 931 926 927 932 927 933 932 927 928 933 928 934 933 928 929 934 929 935 934 929 924 935 924 930 935 930 931 937 930 937 936 931 932 938 931 938 937 932 933 939 932 939 938 933 934 940 933 940 939 934 935 941 934 941 940 935 930 936 935 936 941 936 937 942 937 943 942 937 938 943 938 944 943 938 939 944 939 945 944 939 940 945 940 946 945 940 941 946 941 947 946 941 936 947 936 942 947 942 943 949 942 949 948 943 944 950 943 950 949 944 945 951 944 951 950 945 946 952 945 952 951 946 947 953 946 953 952 947 942 948 947 948 953 948 949 954 949 955 954 949 950 955 950 956 955 950 951 956 951 957 956 951 952 957 952 958 957 952 953 958 953 959 958 953 948 959 948 954 959 954 955 961 954 961 960 955 956 962 955 962 961 956 957 963 956 963 962 957 958 964 957 964 963 958 959 965 958 965 964 959 954 960 959 960 965 960 961 966 961 967 966 961 962 967 962 968 967 962 963 968 963 969 968 963 964 969 964 970 969 964 965 970 965 971 970 965 960 971 960 966 971 966 967 973 966 973 972 967 968 974 967 974 973 968 969 975 968 975 974 969 970 976 969 976 975 970 971 977 970 977 976 971 966 972 971 972 977 972 973 978 973 979 978 973 974 979 974 980 979 974 975 980 975 981 980 975 976 981 976 982 981 976 977 982 977 983 982 977 972 983 972 978 983 978 979 985 978 985 984 979 980 986 979 986 985 980 981 987 980 987 986 981 982 988 981 988 987 982 983 989 982 989 988 983 978 984 983 984 989 984 985 990 985 991 990 985 986 991 986 992 991 986 987 992 987 993 992 987 988 993 988 994 993 988 989 994 989 995 994 989 984 995 984 990 995 990 991 997 990 997 996 991 992 998 991 998 997 992 993 999 992 999 998 993 994 1000 993 1000 999 994 995 1001 994 1001 1000 995 990 996 995 996 1001 996 997 1002 997 1003 1002 997 998 1003 998 1004 1003 998 999 1004 999 1005 1004 999 1000 1005 1000 1006 1005 1000 1001 1006 1001 1007 1006 1001 996 1007 996 1002 1007 1002 1003 1009 1002 1009 1008 1003 1004 1010 1003 1010 1009 1004 1005 1011 1004 1011 1010 1005 1006 1012 1005 1012 1011 1006 1007 1013 1006 1013 1012 1007 1002 1008 1007 1008 1013 1008 1009 1014 1009 1015 1014 1009 1010 1015 1010 1016 1015 1010 1011 1016 1011 1017 1016 1011 1012 1017 1012 1018 1017 1012 1013 1018 1013 1019 1018 1013 1008 1019 1008 1014 1019 1014 1015 1021 1014 1021 1020 1015 1016 1022 1015 1022 1021 1016 1017 1023 1016 1023 1022 1017 1018 1024 1017 1024 1023 1018 1019 1025 1018 1025 1024 1019 1014 1020 1019 1020 1025 1020 1021 1026 1021 1027 1026 1021 1022 1027 1022 1028 1027 1022 1023 1028 1023 1029 1028 1023 1024 1029 1024 1030 1029 1024 1025 1030 1025 1031 1030 1025 1020 1031 1020 1026 1031 1026 1027 1033 1026 1033 1032 1027 1028 1034 1027 1034 1033 1028 1029 1035 1028 1035 1034 1029 1030 1036 1029 1036 1035 1030 1031 1037 1030 1037 1036 1031 1026 1032 1031 1032 1037 1032 1033 1038 1033 1039 1038 1033 1034 1039 1034 1040 1039 1034 1035 1040 1035 1041 1040 1035 1036 1041 1036 1042 1041 1036 1037 1042 1037 1043 1042 1037 1032 1043 1032 1038 1043 1038 1039 1045 1038 1045 1044 1039 1040 1046 1039 1046 1045 1040 1041 1047 1040 1047 1046 1041 1042 1048 1041 1048 1047 1042 1043 1049 1042 1049 1048 1043 1038 1044 1043 1044 1049 1044 1045 1050 1045 1051 1050 1045 1046 1051 1046 1052 1051 1046 1047 1052 1047 1053 1052 1047 1048 1053 1048 1054 1053 1048 1049 1054 1049 1055 1054 1049 1044 1055 1044 1050 1055 1050 1051 1057 1050 1057 1056 1051 1052 1058 1051 1058 1057 1052 1053 1059 1052 1059 1058 1053 1054 1060 1053 1060 1059 1054 1055 1061 1054 1061 1060 1055 1050 1056 1055 1056 1061 1056 1057 1062 1057 1063 1062 1057 1058 1063 1058 1064 1063 1058 1059 1064 1059 1065 1064 1059 1060 1065 1060 1066 1065 1060 1061 1066 1061 1067 1066 1061 1056 1067 1056 1062 1067 1062 1063 1069 1062 1069 1068 1063 1064 1070 1063 1070 1069 1064 1065 1071 1064 1071 1070 1065 1066 1072 1065 1072 1071 1066 1067 1073 1066 1073 1072 1067 1062 1068 1067 1068 1073 1068 1069 1074 1069 1075 1074 1069 1070 1075 1070 1076 1075 1070 1071 1076 1071 1077 1076 1071 1072 1077 1072 1078 1077 1072 1073 1078 1073 1079 1078 1073 1068 1079 1068 1074 1079 1074 1075 1081 1074 1081 1080 1075 1076 1082 1075 1082 1081 1076 1077 1083 1076 1083 1082 1077 1078 1084 1077 1084 1083 1078 1079 1085 1078 1085 1084 1079 1074 1080 1079 1080 1085 1080 1081 1086 1081 1087 1086 1081 1082 1087 1082 1088 1087 1082 1083 1088 1083 1089 1088 1083 1084 1089 1084 1090 1089 1084 1085 1090 1085 1091 1090 1085 1080 1091 1080 1086 1091 1086 1087 1093 1086 1093 1092 1087 1088 1094 1087 1094 1093 1088 1089 1095 1088 1095 1094 1089 1090 1096 1089 1096 1095 1090 1091 1097 1090 1097 1096 1091 1086 1092 1091 1092 1097 1092 1093 1098 1093 1099 1098 1093 1094 1099 1094 1100 1099 1094 1095 1100 1095 1101 1100 1095 1096 1101 1096 1102 1101 1096 1097 1102 1097 1103 1102 1097 1092 1103 1092 1098 1103 1098 1099 1105 1098 1105 1104 1099 1100 1106 1099 1106 1105 1100 1101 1107 1100 1107 1106 1101 1102 1108 1101 1108 1107 1102 1103 1109 1102 1109 1108 1103 1098 1104 1103 1104 1109 1104 1105 1110 1105 1111 1110 1105 1106 1111 1106 1112 1111 1106 1107 1112 1107 1113 1112 1107 1108 1113 1108 1114 1113 1108 1109 1114 1109 1115 1114 1109 1104 1115 1104 1110 1115 1110 1111 1117 1110 1117 1116 1111 1112 1118 1111 1118 1117 1112 1113 1119 1112 1119 1118 1113 1114 1120 1113 1120 1119 1114 1115 1121 1114 1121 1120 1115 1110 1116 1115 1116 1121 1116 1117 1122 1117 1123 1122 1117 1118 1123 1118 1124 1123 1118 1119 1124 1119 1125 1124 1119 1120 1125 1120 1126 1125 1120 1121 1126 1121 1127 1126 1121 1116 1127 1116 1122 1127 1122 1123 1129 1122 1129 1128 1123 1124 1130 1123 1130 1129 1124 1125 1131 1124 1131 1130 1125 1126 1132 1125 1132 1131 1126 1127 1133 1126 1133 1132 1127 1122 1128 1127 1128 1133 1128 1129 1134 1129 1135 1134 1129 1130 1135 1130 1136 1135 1130 1131 1136 1131 1137 1136 1131 1132 1137 1132 1138 1137 1132 1133 1138 1133 1139 1138 1133 1128 1139 1128 1134 1139 1134 1135 1141 1134 1141 1140 1135 1136 1142 1135 1142 1141 1136 1137 1143 1136 1143 1142 1137 1138 1144 1137 1144 1143 1138 1139 1145 1138 1145 1144 1139 1134 1140 1139 1140 1145 1140 1141 1146 1141 1147 1146 1141 1142 1147 1142 1148 1147 1142 1143 1148 1143 1149 1148 1143 1144 1149 1144 1150 1149 1144 1145 1150 1145 1151 1150 1145 1140 1151 1140 1146 1151 1146 1147 1153 1146 1153 1152 1147 1148 1154 1147 1154 1153 1148 1149 1155 1148 1155 1154 1149 1150 1156 1149 1156 1155 1150 1151 1157 1150 1157 1156 1151 1146 1152 1151 1152 1157 1152 1153 1158 1153 1159 1158 1153 1154 1159 1154 1160 1159 1154 1155 1160 1155 1161 1160 1155 1156 1161 1156 1162 1161 1156 1157 1162 1157 1163 1162 1157 1152 1163 1152 1158 1163 1158 1159 1165 1158 1165 1164 1159 1160 1166 1159 1166 1165 1160 1161 1167 1160 1167 1166 1161 1162 1168 1161 1168 1167 1162 1163 1169 1162 1169 1168 1163 1158 1164 1163 1164 1169 1164 1165 1170 1165 1171 1170 1165 1166 1171 1166 1172 1171 1166 1167 1172 1167 1173 1172 1167 1168 1173 1168 1174 1173 1168 1169 1174 1169 1175 1174 1169 1164 1175 1164 1170 1175 1170 1171 1177 1170 1177 1176 1171 1172 1178 1171 1178 1177 1172 1173 1179 1172 1179 1178 1173 1174 1180 1173 1180 1179 1174 1175 1181 1174 1181 1180 1175 1170 1176 1175 1176 1181 1176 1177 1182 1177 1183 1182 1177 1178 1183 1178 1184 1183 1178 1179 1184 1179 1185 1184 1179 1180 1185 1180 1186 1185 1180 1181 1186 1181 1187 1186 1181 1176 1187 1176 1182 1187 1182 1183 1189 1182 1189 1188 1183 1184 1190 1183 1190 1189 1184 1185 1191 1184 1191 1190 1185 1186 1192 1185 1192 1191 1186 1187 1193 1186 1193 1192 1187 1182 1188 1187 1188 1193 1188 1189 1194 1189 1195 1194 1189 1190 1195 1190 1196 1195 1190 1191 1196 1191 1197 1196 1191 1192 1197 1192 1198 1197 1192 1193 1198 1193 1199 1198 1193 1188 1199 1188 1194 1199 1194 1195 1201 1194 1201 1200 1195 1196 1202 1195 1202 1201 1196 1197 1203 1196 1203 1202 1197 1198 1204 1197 1204 1203 1198 1199 1205 1198 1205 1204 1199 1194 1200 1199 1200 1205 1200 1201 1206 1201 1207 1206 1201 1202 1207 1202 1208 1207 1202 1203 1208 1203 1209 1208 1203 1204 1209 1204 1210 1209 1204 1205 1210 1205 1211 1210 1205 1200 1211 1200 1206 1211 1206 1207 1213 1206 1213 1212 1207 1208 1214 1207 1214 1213 1208 1209 1215 1208 1215 1214 1209 1210 1216 1209 1216 1215 1210 1211 1217 1210 1217 1216 1211 1206 1212 1211 1212 1217 1212 1213 1218 1213 1219 1218 1213 1214 1219 1214 1220 1219 1214 1215 1220 1215 1221 1220 1215 1216 1221 1216 1222 1221 1216 1217 1222 1217 1223 1222 1217 1212 1223 1212 1218 1223 1218 1219 1225 1218 1225 1224 1219 1220 1226 1219 1226 1225 1220 1221 1227 1220 1227 1226 1221 1222 1228 1221 1228 1227 1222 1223 1229 1222 1229 1228 1223 1218 1224 1223 1224 1229 1224 1225 1230 1225 1231 1230 1225 1226 1231 1226 1232 1231 1226 1227 1232 1227 1233 1232 1227 1228 1233 1228 1234 1233 1228 1229 1234 1229 1235 1234 1229 1224 1235 1224 1230 1235 1230 1231 1237 1230 1237 1236 1231 1232 1238 1231 1238 1237 1232 1233 1239 1232 1239 1238 1233 1234 1240 1233 1240 1239 1234 1235 1241 1234 1241 1240 1235 1230 1236 1235 1236 1241 1236 1237 1242 1237 1243 1242 1237 1238 1243 1238 1244 1243 1238 1239 1244 1239 1245 1244 1239 1240 1245 1240 1246 1245 1240 1241 1246 1241 1247 1246 1241 1236 1247 1236 1242 1247 1242 1243 1249 1242 1249 1248 1243 1244 1250 1243 1250 1249 1244 1245 1251 1244 1251 1250 1245 1246 1252 1245 1252 1251 1246 1247 1253 1246 1253 1252 1247 1242 1248 1247 1248 1253 1248 1249 1254 1249 1255 1254 1249 1250 1255 1250 1256 1255 1250 1251 1256 1251 1257 1256 1251 1252 1257 1252 1258 1257 1252 1253 1258 1253 1259 1258 1253 1248 1259 1248 1254 1259 1254 1255 1261 1254 1261 1260 1255 1256 1262 1255 1262 1261 1256 1257 1263 1256 1263 1262 1257 1258 1264 1257 1264 1263 1258 1259 1265 1258 1265 1264 1259 1254 1260 1259 1260 1265 1260 1261 1266 1261 1267 1266 1261 1262 1267 1262 1268 1267 1262 1263 1268 1263 1269 1268 1263 1264 1269 1264 1270 1269 1264 1265 1270 1265 1271 1270 1265 1260 1271 1260 1266 1271 1266 1267 1273 1266 1273 1272 1267 1268 1274 1267 1274 1273 1268 1269 1275 1268 1275 1274 1269 1270 1276 1269 1276 1275 1270 1271 1277 1270 1277 1276 1271 1266 1272 1271 1272 1277 1272 1273 1278 1273 1279 1278 1273 1274 1279 1274 1280 1279 1274 1275 1280 1275 1281 1280 1275 1276 1281 1276 1282 1281 1276 1277 1282 1277 1283 1282 1277 1272 1283 1272 1278 1283 1278 1279 1285 1278 1285 1284 1279 1280 1286 1279 1286 1285 1280 1281 1287 1280 1287 1286 1281 1282 1288 1281 1288 1287 1282 1283 1289 1282 1289 1288 1283 1278 1284 1283 1284 1289 1284 1285 1290 1285 1291 1290 1285 1286 1291 1286 1292 1291 1286 1287 1292 1287 1293 1292 1287 1288 1293 1288 1294 1293 1288 1289 1294 1289 1295 1294 1289 1284 1295 1284 1290 1295 1290 1291 1297 1290 1297 1296 1291 1292 1298 1291 1298 1297 1292 1293 1299 1292 1299 1298 1293 1294 1300 1293 1300 1299 1294 1295 1301 1294 1301 1300 1295 1290 1296 1295 1296 1301 1296 1297 1302 1297 1303 1302 1297 1298 1303 1298 1304 1303 1298 1299 1304 1299 1305 1304 1299 1300 1305 1300 1306 1305 1300 1301 1306 1301 1307 1306 1301 1296 1307 1296 1302 1307 1302 1303 1309 1302 1309 1308 1303 1304 1310 1303 1310 1309 1304 1305 1311 1304 1311 1310 1305 1306 1312 1305 1312 1311 1306 1307 1313 1306 1313 1312 1307 1302 1308 1307 1308 1313 1308 1309 1314 1309 1315 1314 1309 1310 1315 1310 1316 1315 1310 1311 1316 1311 1317 1316 1311 1312 1317 1312 1318 1317 1312 1313 1318 1313 1319 1318 1313 1308 1319 1308 1314 1319 1314 1315 1321 1314 1321 1320 1315 1316 1322 1315 1322 1321 1316 1317 1323 1316 1323 1322 1317 1318 1324 1317 1324 1323 1318 1319 1325 1318 1325 1324 1319 1314 1320 1319 1320 1325 1326 1328 1327 1326 1329 1328 1326 1330 1329 1326 1331 1330 1326 1332 1331 1326 1327 1332 1333 1334 1335 1333 1335 1336 1333 1336 1337 1333 1337 1338 1333 1338 1339 1333 1339 1334" solid="false" colorPerVertex="false">
     <Coordinate point="0.01 0 -1 0.005 0.00866025 -1 -0.005 0.00866025 -1 -0.01 1.22465e-18 -1 -0.005 -0.00866025 -1 0.005 -0.00866025 -1 0.00866025 0.005 -0.990909 6.12323e-19 0.01 -0.990909 -0.00866025 0.005 -0.990909 -0.00866025 -0.005 -0.990909 -1.83697e-18 -0.01 -0.990909 0.00866025 -0.005 -0.990909 0.01 0 -0.981818 0.005 0.00866025 -0.981818 -0.005 0.00866025 -0.981818 -0.01 1.22465e-18 -0.981818 -0.005 -0.00866025 -0.981818 0.005 -0.00866025 -0.981818 0.00866025 0.005 -0.972727 6.12323e-19 0.01 -0.972727 -0.00866025 0.005 -0.972727 -0.00866025 -0.005 -0.972727 -1.83697e-18 -0.01 -0.972727 0.00866025 -0.005 -0.972727 0.01 0 -0.963636 0.005 0.00866025 -0.963636 -0.005 0.00866025 -0.963636 -0.01 1.22465e-18 -0.963636 -0.005 -0.00866025 -0.963636 0.005 -0.00866025 -0.963636 0.00866025 0.005 -0.954545 6.12323e-19 0.01 -0.954545 -0.00866025 0.005 -0.954545 -0.00866025 -0.005 -0.954545 -1.83697e-18 -0.01 -0.954545 0.00866025 -0.005 -0.954545 0.01 0 -0.945455 0.005 0.00866025 -0.945455 -0.005 0.00866025 -0.945455 -0.01 1.22465e-18 -0.945455 -0.005 -0.00866025 -0.945455 0.005 -0.00866025 -0.945455 0.00866025 0.005 -0.936364 6.12323e-19 0.01 -0.936364 -0.00866025 0.005 -0.936364 -0.00866025 -0.005 -0.936364 -1.83697e-18 -0.01 -0.936364 0.00866025 -0.005 -0.936364 0.01 0 -0.927273 0.005 0.00866025 -0.927273 -0.005 0.00866025 -0.927273 -0.01 1.22465e-18 -0.927273 -0.005 -0.00866025 -0.927273 0.005 -0.00866025 -0.927273 0.00866025 0.005 -0.918182 6.12323e-19 0.01 -0.918182 -0.00866025 0.005 -0.918182 -0.00866025 -0.005 -0.918182 -1.83697e-18 -0.01 -0.918182 0.00866025 -0.005 -0.918182 0.01 0 -0.909091 0.005 0.00866025 -0.909091 -0.005 0.00866025 -0.909091 -0.01 1.22465e-18 -0.909091 -0.005 -0.00866025 -0.909091 0.005 -0.00866025 -0.909091 0.00866025 0.005 -0.9 6.12323e-19 0.01 -0.9 -0.00866025 0.005 -0.9 -0.00866025 -0.005 -0.9 -1.83697e-18 -0.01 -0.9 0.00866025 -0.005 -0.9 0.01 0 -0.890909 0.005 0.00866025 -0.890909 -0.005 0.00866025 -0.890909 -0.01 1.22465e-18 -0.890909 -0.005 -0.00866025 -0.890909 0.005 -0.00866025 -0.890909 0.00866025 0.005 -0.881818 6.12323e-19 0.01 -0.881818 -0.00866025 0.005 -0.881818 -0.00866025 -0.005 -0.881818 -1.83697e-18 -0.01 -0.881818 0.00866025 -0.005 -0.881818 0.01 0 -0.872727 0.005 0.00866025 -0.872727 -0.005 0.00866025 -0.872727 -0.01 1.22465e-18 -0.872727 -0.005 -0.00866025 -0.872727 0.005 -0.00866025 -0.872727 0.00866025 0.005 -0.863636 6.12323e-19 0.01 -0.863636 -0.00866025 0.005 -0.863636 -0.00866025 -0.005 -0.863636 -1.83697e-18 -0.01 -0.863636 0.00866025 -0.005 -0.863636 0.01 0 -0.854545 0.005 0.00866025 -0.854545 -0.005 0.00866025 -0.854545 -0.01 1.22465e-18 -0.854545 -0.005 -0.00866025 -0.854545 0.005 -0.00866025 -0.854545 0.00866025 0.005 -0.845455 6.12323e-19 0.01 -0.845455 -0.00866025 0.005 -0.845455 -0.00866025 -0.005 -0.845455 -1.83697e-18 -0.01 -0.845455 0.00866025 -0.005 -0.845455 0.01 0 -0.836364 0.005 0.00866025 -0.836364 -0.005 0.00866025 -0.836364 -0.01 1.22465e-18 -0.836364 -0.005 -0.00866025 -0.836364 0.005 -0.00866025 -0.836364 0.00866025 0.005 -0.827273 6.12323e-19 0.01 -0.827273 -0.00866025 0.005 -0.827273 -0.00866025 -0.005 -0.827273 -1.83697e-18 -0.01 -0.827273 0.00866025 -0.005 -0.827273 0.01 0 -0.818182 0.005 0.00866025 -0.818182 -0.005 0.00866025 -0.818182 -0.01 1.22465e-18 -0.818182 -0.005 -0.00866025 -0.818182 0.005 -0.00866025 -0.818182 0.00866025 0.005 -0.809091 6.12323e-19 0.01 -0.809091 -0.00866025 0.005 -0.809091 -0.00866025 -0.005 -0.809091 -1.83697e-18 -0.01 -0.809091 0.00866025 -0.005 -0.809091 0.01 0 -0.8 0.005 0.00866025 -0.8 -0.005 0.00866025 -0.8 -0.01 1.22465e-18 -0.8 -0.005 -0.00866025 -0.8 0.005 -0.00866025 -0.8 0.00866025 0.005 -0.790909 6.12323e-19 0.01 -0.790909 -0.00866025 0.005 -0.790909 -0.00866025 -0.005 -0.790909 -1.83697e-18 -0.01 -0.790909 0.00866025 -0.005 -0.790909 0.01 0 -0.781818 0.005 0.00866025 -0.781818 -0.005 0.00866025 -0.781818 -0.01 1.22465e-18 -0.781818 -0.005 -0.00866025 -0.781818 0.005 -0.00866025 -0.781818 0.00866025 0.005 -0.772727 6.12323e-19 0.01 -0.772727 -0.00866025 0.005 -0.772727 -0.00866025 -0.005 -0.772727 -1.83697e-18 -0.01 -0.772727 0.00866025 -0.005 -0.772727 0.01 0 -0.763636 0.005 0.00866025 -0.763636 -0.005 0.00866025 -0.763636 -0.01 1.22465e-18 -0.763636 -0.005 -0.00866025 -0.763636 0.005 -0.00866025 -0.763636 0.00866025 0.005 -0.754545 6.12323e-19 0.01 -0.754545 -0.00866025 0.005 -0.754545 -0.00866025 -0.005 -0.754545 -1.83697e-18 -0.01 -0.754545 0.00866025 -0.005 -0.754545 0.01 0 -0.745455 0.005 0.00866025 -0.745455 -0.005 0.00866025 -0.745455 -0.01 1.22465e-18 -0.745455 -0.005 -0.00866025 -0.745455 0.005 -0.00866025 -0.745455 0.00866025 0.005 -0.736364 6.12323e-19 0.01 -0.736364 -0.00866025 0.005 -0.736364 -0.00866025 -0.005 -0.736364 -1.83697e-18 -0.01 -0.736364 0.00866025 -0.005 -0.736364 0.01 0 -0.727273 0.005 0.00866025 -0.727273 -0.005 0.00866025 -0.727273 -0.01 1.22465e-18 -0.727273 -0.005 -0.00866025 -0.727273 0.005 -0.00866025 -0.727273 0.00866025 0.005 -0.718182 6.12323e-19 0.01 -0.718182 -0.00866025 0.005 -0.718182 -0.00866025 -0.005 -0.718182 -1.83697e-18 -0.01 -0.718182 0.00866025 -0.005 -0.718182 0.01 0 -0.709091 0.005 0.00866025 -0.709091 -0.005 0.00866025 -0.709091 -0.01 1.22465e-18 -0.709091 -0.005 -0.00866025 -0.709091 0.005 -0.00866025 -0.709091 0.00866025 0.005 -0.7 6.12323e-19 0.01 -0.7 -0.00866025 0.005 -0.7 -0.00866025 -0.005 -0.7 -1.83697e-18 -0.01 -0.7 0.00866025 -0.005 -0.7 0.01 0 -0.690909 0.005 0.00866025 -0.690909 -0.005 0.00866025 -0.690909 -0.01 1.22465e-18 -0.690909 -0.005 -0.00866025 -0.690909 0.005 -0.00866025 -0.690909 0.00866025 0.005 -0.681818 6.12323e-19 0.01 -0.681818 -0.00866025 0.005 -0.681818 -0.00866025 -0.005 -0.681818 -1.83697e-18 -0.01 -0.681818 0.00866025 -0.005 -0.681818 0.01 0 -0.672727 0.005 0.00866025 -0.672727 -0.005 0.00866025 -0.672727 -0.01 1.22465e-18 -0.672727 -0.005 -0.00866025 -0.672727 0.005 -0.00866025 -0.672727 0.00866025 0.005 -0.663636 6.12323e-19 0.01 -0.663636 -0.00866025 0.005 -0.663636 -0.00866025 -0.005 -0.663636 -1.83697e-18 -0.01 -0.663636 0.00866025 -0.005 -0.663636 0.01 0 -0.654545 0.005 0.00866025 -0.654545 -0.005 0.00866025 -0.654545 -0.01 1.22465e-18 -0.654545 -0.005 -0.00866025 -0.654545 0.005 -0.00866025 -0.654545 0.00866025 0.005 -0.645455 6.12323e-19 0.01 -0.645455 -0.00866025 0.005 -0.645455 -0.00866025 -0.005 -0.645455 -1.83697e-18 -0.01 -0.645455 0.00866025 -0.005 -0.645455 0.01 0 -0.636364 0.005 0.00866025 -0.636364 -0.005 0.00866025 -0.636364 -0.01 1.22465e-18 -0.636364 -0.005 -0.00866025 -0.636364 0.005 -0.00866025 -0.636364 0.00866025 0.005 -0.627273 6.12323e-19 0.01 -0.627273 -0.00866025 0.005 -0.627273 -0.00866025 -0.005 -0.627273 -1.83697e-18 -0.01 -0.627273 0.00866025 -0.005 -0.627273 0.01 0 -0.618182 0.005 0.00866025 -0.618182 -0.005 0.00866025 -0.618182 -0.01 1.22465e-18 -0.618182 -0.005 -0.00866025 -0.618182 0.005 -0.00866025 -0.618182 0.00866025 0.005 -0.609091 6.12323e-19 0.01 -0.609091 -0.00866025 0.005 -0.609091 -0.00866025 -0.005 -0.609091 -1.83697e-18 -0.01 -0.609091 0.00866025 -0.005 -0.609091 0.01 0 -0.6 0.005 0.00866025 -0.6 -0.005 0.00866025 -0.6 -0.01 1.22465e-18 -0.6 -0.005 -0.00866025 -0.6 0.005 -0.00866025 -0.6 0.00866025 0.005 -0.590909 6.12323e-19 0.01 -0.590909 -0.00866025 0.005 -0.590909 -0.00866025 -0.005 -0.590909 -1.83697e-18 -0.01 -0.590909 0.00866025 -0.005 -0.590909 0.01 0 -0.581818 0.005 0.00866025 -0.581818 -0.005 0.00866025 -0.581818 -0.01 1.22465e-18 -0.581818 -0.005 -0.00866025 -0.581818 0.005 -0.00866025 -0.581818 0.00866025 0.005 -0.572727 6.12323e-19 0.01 -0.572727 -0.00866025 0.005 -0.572727 -0.00866025 -0.005 -0.572727 -1.83697e-18 -0.01 -0.572727 0.00866025 -0.005 -0.572727 0.01 0 -0.563636 0.005 0.00866025 -0.563636 -0.005 0.00866025 -0.563636 -0.01 1.22465e-18 -0.563636 -0.005 -0.00866025 -0.563636 0.005 -0.00866025 -0.563636 0.00866025 0.005 -0.554545 6.12323e-19 0.01 -0.554545 -0.00866025 0.005 -0.554545 -0.00866025 -0.005 -0.554545 -1.83697e-18 -0.01 -0.554545 0.00866025 -0.005 -0.554545 0.01 0 -0.545455 0.005 0.00866025 -0.545455 -0.005 0.00866025 -0.545455 -0.01 1.22465e-18 -0.545455 -0.005 -0.00866025 -0.545455 0.005 -0.00866025 -0.545455 0.00866025 0.005 -0.536364 6.12323e-19 0.01 -0.536364 -0.00866025 0.005 -0.536364 -0.00866025 -0.005 -0.536364 -1.83697e-18 -0.01 -0.536364 0.00866025 -0.005 -0.536364 0.01 0 -0.527273 0.005 0.00866025 -0.527273 -0.005 0.00866025 -0.527273 -0.01 1.22465e-18 -0.527273 -0.005 -0.00866025 -0.527273 0.005 -0.00866025 -0.527273 0.00866025 0.005 -0.518182 6.12323e-19 0.01 -0.518182 -0.00866025 0.005 -0.518182 -0.00866025 -0.005 -0.518182 -1.83697e-18 -0.01 -0.518182 0.00866025 -0.005 -0.518182 0.01 0 -0.509091 0.005 0.00866025 -0.509091 -0.005 0.00866025 -0.509091 -0.01 1.22465e-18 -0.509091 -0.005 -0.00866025 -0.509091 0.005 -0.00866025 -0.509091 0.00866025 0.005 -0.5 6.12323e-19 0.01 -0.5 -0.00866025 0.005 -0.5 -0.00866025 -0.005 -0.5 -1.83697e-18 -0.01 -0.5 0.00866025 -0.005 -0.5 0.01 0 -0.490909 0.005 0.00866025 -0.490909 -0.005 0.00866025 -0.490909 -0.01 1.22465e-18 -0.490909 -0.005 -0.00866025 -0.490909 0.005 -0.00866025 -0.490909 0.00866025 0.005 -0.481818 6.12323e-19 0.01 -0.481818 -0.00866025 0.005 -0.481818 -0.00866025 -0.005 -0.481818 -1.83697e-18 -0.01 -0.481818 0.00866025 -0.005 -0.481818 0.01 0 -0.472727 0.005 0.00866025 -0.472727 -0.005 0.00866025 -0.472727 -0.01 1.22465e-18 -0.472727 -0.005 -0.00866025 -0.472727 0.005 -0.00866025 -0.472727 0.00866025 0.005 -0.463636 6.12323e-19 0.01 -0.463636 -0.00866025 0.005 -0.463636 -0.00866025 -0.005 -0.463636 -1.83697e-18 -0.01 -0.463636 0.00866025 -0.005 -0.463636 0.01 0 -0.454545 0.005 0.00866025 -0.454545 -0.005 0.00866025 -0.454545 -0.01 1.22465e-18 -0.454545 -0.005 -0.00866025 -0.454545 0.005 -0.00866025 -0.454545 0.00866025 0.005 -0.445455 6.12323e-19 0.01 -0.445455 -0.00866025 0.005 -0.445455 -0.00866025 -0.005 -0.445455 -1.83697e-18 -0.01 -0.445455 0.00866025 -0.005 -0.445455 0.01 0 -0.436364 0.005 0.00866025 -0.436364 -0.005 0.00866025 -0.436364 -0.01 1.22465e-18 -0.436364 -0.005 -0.00866025 -0.436364 0.005 -0.00866025 -0.436364 0.00866025 0.005 -0.427273 6.12323e-19 0.01 -0.427273 -0.00866025 0.005 -0.427273 -0.00866025 -0.005 -0.427273 -1.83697e-18 -0.01 -0.427273 0.00866025 -0.005 -0.427273 0.01 0 -0.418182 0.005 0.00866025 -0.418182 -0.005 0.00866025 -0.418182 -0.01 1.22465e-18 -0.418182 -0.005 -0.00866025 -0.418182 0.005 -0.00866025 -0.418182 0.00866025 0.005 -0.409091 6.12323e-19 0.01 -0.409091 -0.00866025 0.005 -0.409091 -0.00866025 -0.005 -0.409091 -1.83697e-18 -0.01 -0.409091 0.00866025 -0.005 -0.409091 0.01 0 -0.4 0.005 0.00866025 -0.4 -0.005 0.00866025 -0.4 -0.01 1.22465e-18 -0.4 -0.005 -0.00866025 -0.4 0.005 -0.00866025 -0.4 0.00866025 0.005 -0.390909 6.12323e-19 0.01 -0.390909 -0.00866025 0.005 -0.390909 -0.00866025 -0.005 -0.390909 -1.83697e-18 -0.01 -0.390909 0.00866025 -0.005 -0.390909 0.01 0 -0.381818 0.005 0.00866025 -0.381818 -0.005 0.00866025 -0.381818 -0.01 1.22465e-18 -0.381818 -0.005 -0.00866025 -0.381818 0.005 -0.00866025 -0.381818 0.00866025 0.005 -0.372727 6.12323e-19 0.01 -0.372727 -0.00866025 0.005 -0.372727 -0.00866025 -0.005 -0.372727 -1.83697e-18 -0.01 -0.372727 0.00866025 -0.005 -0.372727 0.01 0 -0.363636 0.005 0.00866025 -0.363636 -0.005 0.00866025 -0.363636 -0.01 1.22465e-18 -0.363636 -0.005 -0.00866025 -0.363636 0.005 -0.00866025 -0.363636 0.00866025 0.005 -0.354545 6.12323e-19 0.01 -0.354545 -0.00866025 0.005 -0.354545 -0.00866025 -0.005 -0.354545 -1.83697e-18 -0.01 -0.354545 0.00866025 -0.005 -0.354545 0.01 0 -0.345455 0.005 0.00866025 -0.345455 -0.005 0.00866025 -0.345455 -0.01 1.22465e-18 -0.345455 -0.005 -0.00866025 -0.345455 0.005 -0.00866025 -0.345455 0.00866025 0.005 -0.336364 6.12323e-19 0.01 -0.336364 -0.00866025 0.005 -0.336364 -0.00866025 -0.005 -0.336364 -1.83697e-18 -0.01 -0.336364 0.00866025 -0.005 -0.336364 0.01 0 -0.327273 0.005 0.00866025 -0.327273 -0.005 0.00866025 -0.327273 -0.01 1.22465e-18 -0.327273 -0.005 -0.00866025 -0.327273 0.005 -0.00866025 -0.327273 0.00866025 0.005 -0.318182 6.12323e-19 0.01 -0.318182 -0.00866025 0.005 -0.318182 -0.00866025 -0.005 -0.318182 -1.83697e-18 -0.01 -0.318182 0.00866025 -0.005 -0.318182 0.01 0 -0.309091 0.005 0.00866025 -0.309091 -0.005 0.00866025 -0.309091 -0.01 1.22465e-18 -0.309091 -0.005 -0.00866025 -0.309091 0.005 -0.00866025 -0.309091 0.00866025 0.005 -0.3 6.12323e-19 0.01 -0.3 -0.00866025 0.005 -0.3 -0.00866025 -0.005 -0.3 -1.83697e-18 -0.01 -0.3 0.00866025 -0.005 -0.3 0.01 0 -0.290909 0.005 0.00866025 -0.290909 -0.005 0.00866025 -0.290909 -0.01 1.22465e-18 -0.290909 -0.005 -0.00866025 -0.290909 0.005 -0.00866025 -0.290909 0.00866025 0.005 -0.281818 6.12323e-19 0.01 -0.281818 -0.00866025 0.005 -0.281818 -0.00866025 -0.005 -0.281818 -1.83697e-18 -0.01 -0.281818 0.00866025 -0.005 -0.281818 0.01 0 -0.272727 0.005 0.00866025 -0.272727 -0.005 0.00866025 -0.272727 -0.01 1.22465e-18 -0.272727 -0.005 -0.00866025 -0.272727 0.005 -0.00866025 -0.272727 0.00866025 0.005 -0.263636 6.12323e-19 0.01 -0.263636 -0.00866025 0.005 -0.263636 -0.00866025 -0.005 -0.263636 -1.83697e-18 -0.01 -0.263636 0.00866025 -0.005 -0.263636 0.01 0 -0.254545 0.005 0.00866025 -0.254545 -0.005 0.00866025 -0.254545 -0.01 1.22465e-18 -0.254545 -0.005 -0.00866025 -0.254545 0.005 -0.00866025 -0.254545 0.00866025 0.005 -0.245455 6.12323e-19 0.01 -0.245455 -0.00866025 0.005 -0.245455 -0.00866025 -0.005 -0.245455 -1.83697e-18 -0.01 -0.245455 0.00866025 -0.005 -0.245455 0.01 0 -0.236364 0.005 0.00866025 -0.236364 -0.005 0.00866025 -0.236364 -0.01 1.22465e-18 -0.236364 -0.005 -0.00866025 -0.236364 0.005 -0.00866025 -0.236364 0.00866025 0.005 -0.227273 6.12323e-19 0.01 -0.227273 -0.00866025 0.005 -0.227273 -0.00866025 -0.005 -0.227273 -1.83697e-18 -0.01 -0.227273 0.00866025 -0.005 -0.227273 0.01 0 -0.218182 0.005 0.00866025 -0.218182 -0.005 0.00866025 -0.218182 -0.01 1.22465e-18 -0.218182 -0.005 -0.00866025 -0.218182 0.005 -0.00866025 -0.218182 0.00866025 0.005 -0.209091 6.12323e-19 0.01 -0.209091 -0.00866025 0.005 -0.209091 -0.00866025 -0.005 -0.209091 -1.83697e-18 -0.01 -0.209091 0.00866025 -0.005 -0.209091 0.01 0 -0.2 0.005 0.00866025 -0.2 -0.005 0.00866025 -0.2 -0.01 1.22465e-18 -0.2 -0.005 -0.00866025 -0.2 0.005 -0.00866025 -0.2 0.00866025 0.005 -0.190909 6.12323e-19 0.01 -0.190909 -0.00866025 0.005 -0.190909 -0.00866025 -0.005 -0.190909 -1.83697e-18 -0.01 -0.190909 0.00866025 -0.005 -0.190909 0.01 0 -0.181818 0.005 0.00866025 -0.181818 -0.005 0.00866025 -0.181818 -0.01 1.22465e-18 -0.181818 -0.005 -0.00866025 -0.181818 0.005 -0.00866025 -0.181818 0.00866025 0.005 -0.172727 6.12323e-19 0.01 -0.172727 -0.00866025 0.005 -0.172727 -0.00866025 -0.005 -0.172727 -1.83697e-18 -0.01 -0.172727 0.00866025 -0.005 -0.172727 0.01 0 -0.163636 0.005 0.00866025 -0.163636 -0.005 0.00866025 -0.163636 -0.01 1.22465e-18 -0.163636 -0.005 -0.00866025 -0.163636 0.005 -0.00866025 -0.163636 0.00866025 0.005 -0.154545 6.12323e-19 0.01 -0.154545 -0.00866025 0.005 -0.154545 -0.00866025 -0.005 -0.154545 -1.83697e-18 -0.01 -0.154545 0.00866025 -0.005 -0.154545 0.01 0 -0.145455 0.005 0.00866025 -0.145455 -0.005 0.00866025 -0.145455 -0.01 1.22465e-18 -0.145455 -0.005 -0.00866025 -0.145455 0.005 -0.00866025 -0.145455 0.00866025 0.005 -0.136364 6.12323e-19 0.01 -0.136364 -0.00866025 0.005 -0.136364 -0.00866025 -0.005 -0.136364 -1.83697e-18 -0.01 -0.136364 0.00866025 -0.005 -0.136364 0.01 0 -0.127273 0.005 0.00866025 -0.127273 -0.005 0.00866025 -0.127273 -0.01 1.22465e-18 -0.127273 -0.005 -0.00866025 -0.127273 0.005 -0.00866025 -0.127273 0.00866025 0.005 -0.118182 6.12323e-19 0.01 -0.118182 -0.00866025 0.005 -0.118182 -0.00866025 -0.005 -0.118182 -1.83697e-18 -0.01 -0.118182 0.00866025 -0.005 -0.118182 0.01 0 -0.109091 0.005 0.00866025 -0.109091 -0.005 0.00866025 -0.109091 -0.01 1.22465e-18 -0.109091 -0.005 -0.00866025 -0.109091 0.005 -0.00866025 -0.109091 0.00866025 0.005 -0.1 6.12323e-19 0.01 -0.1 -0.00866025 0.005 -0.1 -0.00866025 -0.005 -0.1 -1.83697e-18 -0.01 -0.1 0.00866025 -0.005 -0.1 0.01 0 -0.0909091 0.005 0.00866025 -0.0909091 -0.005 0.00866025 -0.0909091 -0.01 1.22465e-18 -0.0909091 -0.005 -0.00866025 -0.0909091 0.005 -0.00866025 -0.0909091 0.00866025 0.005 -0.0818182 6.12323e-19 0.01 -0.0818182 -0.00866025 0.005 -0.0818182 -0.00866025 -0.005 -0.0818182 -1.83697e-18 -0.01 -0.0818182 0.00866025 -0.005 -0.0818182 0.01 0 -0.0727273 0.005 0.00866025 -0.0727273 -0.005 0.00866025 -0.0727273 -0.01 1.22465e-18 -0.0727273 -0.005 -0.00866025 -0.0727273 0.005 -0.00866025 -0.0727273 0.00866025 0.005 -0.0636364 6.12323e-19 0.01 -0.0636364 -0.00866025 0.005 -0.0636364 -0.00866025 -0.005 -0.0636364 -1.83697e-18 -0.01 -0.0636364 0.00866025 -0.005 -0.0636364 0.01 0 -0.0545455 0.005 0.00866025 -0.0545455 -0.005 0.00866025 -0.0545455 -0.01 1.22465e-18 -0.0545455 -0.005 -0.00866025 -0.0545455 0.005 -0.00866025 -0.0545455 0.00866025 0.005 -0.0454545 6.12323e-19 0.01 -0.0454545 -0.00866025 0.005 -0.0454545 -0.00866025 -0.005 -0.0454545 -1.83697e-18 -0.01 -0.0454545 0.00866025 -0.005 -0.0454545 0.01 0 -0.0363636 0.005 0.00866025 -0.0363636 -0.005 0.00866025 -0.0363636 -0.01 1.22465e-18 -0.0363636 -0.005 -0.00866025 -0.0363636 0.005 -0.00866025 -0.0363636 0.00866025 0.005 -0.0272727 6.12323e-19 0.01 -0.0272727 -0.00866025 0.005 -0.0272727 -0.00866025 -0.005 -0.0272727 -1.83697e-18 -0.01 -0.0272727 0.00866025 -0.005 -0.0272727 0.01 0 -0.0181818 0.005 0.00866025 -0.0181818 -0.005 0.00866025 -0.0181818 -0.01 1.22465e-18 -0.0181818 -0.005 -0.00866025 -0.0181818 0.005 -0.00866025 -0.0181818 0.00866025 0.005 -0.00909091 6.12323e-19 0.01 -0.00909091 -0.00866025 0.005 -0.00909091 -0.00866025 -0.005 -0.00909091 -1.83697e-18 -0.01 -0.00909091 0.00866025 -0.005 -0.00909091 0.01 0 0 0.005 0.00866025 0 -0.005 0.00866025 0 -0.01 1.22465e-18 0 -0.005 -0.00866025 0 0.005 -0.00866025 0 0.00866025 0.005 0.00909091 6.12323e-19 0.01 0.00909091 -0.00866025 0.005 0.00909091 -0.00866025 -0.005 0.00909091 -1.83697e-18 -0.01 0.00909091 0.00866025 -0.005 0.00909091 0.01 0 0.0181818 0.005 0.00866025 0.0181818 -0.005 0.00866025 0.0181818 -0.01 1.22465e-18 0.0181818 -0.005 -0.00866025 0.0181818 0.005 -0.00866025 0.0181818 0.00866025 0.005 0.0272727 6.12323e-19 0.01 0.0272727 -0.00866025 0.005 0.0272727 -0.00866025 -0.005 0.0272727 -1.83697e-18 -0.01 0.0272727 0.00866025 -0.005 0.0272727 0.01 0 0.0363636 0.005 0.00866025 0.0363636 -0.005 0.00866025 0.0363636 -0.01 1.22465e-18 0.0363636 -0.005 -0.00866025 0.0363636 0.005 -0.00866025 0.0363636 0.00866025 0.005 0.0454545 6.12323e-19 0.01 0.0454545 -0.00866025 0.005 0.0454545 -0.00866025 -0.005 0.0454545 -1.83697e-18 -0.01 0.0454545 0.00866025 -0.005 0.0454545 0.01 0 0.0545455 0.005 0.00866025 0.0545455 -0.005 0.00866025 0.0545455 -0.01 1.22465e-18 0.0545455 -0.005 -0.00866025 0.0545455 0.005 -0.00866025 0.0545455 0.00866025 0.005 0.0636364 6.12323e-19 0.01 0.0636364 -0.00866025 0.005 0.0636364 -0.00866025 -0.005 0.0636364 -1.83697e-18 -0.01 0.0636364 0.00866025 -0.005 0.0636364 0.01 0 0.0727273 0.005 0.00866025 0.0727273 -0.005 0.00866025 0.0727273 -0.01 1.22465e-18 0.0727273 -0.005 -0.00866025 0.0727273 0.005 -0.00866025 0.0727273 0.00866025 0.005 0.0818182 6.12323e-19 0.01 0.0818182 -0.00866025 0.005 0.0818182 -0.00866025 -0.005 0.0818182 -1.83697e-18 -0.01 0.0818182 0.00866025 -0.005 0.0818182 0.01 0 0.0909091 0.005 0.00866025 0.0909091 -0.005 0.00866025 0.0909091 -0.01 1.22465e-18 0.0909091 -0.005 -0.00866025 0.0909091 0.005 -0.00866025 0.0909091 0.00866025 0.005 0.1 6.12323e-19 0.01 0.1 -0.00866025 0.005 0.1 -0.00866025 -0.005 0.1 -1.83697e-18 -0.01 0.1 0.00866025 -0.005 0.1 0.01 0 0.109091 0.005 0.00866025 0.109091 -0.005 0.00866025 0.109091 -0.01 1.22465e-18 0.109091 -0.005 -0.00866025 0.109091 0.005 -0.00866025 0.109091 0.00866025 0.005 0.118182 6.12323e-19 0.01 0.118182 -0.00866025 0.005 0.118182 -0.00866025 -0.005 0.118182 -1.83697e-18 -0.01 0.118182 0.00866025 -0.005 0.118182 0.01 0 0.127273 0.005 0.00866025 0.127273 -0.005 0.00866025 0.127273 -0.01 1.22465e-18 0.127273 -0.005 -0.00866025 0.127273 0.005 -0.00866025 0.127273 0.00866025 0.005 0.136364 6.12323e-19 0.01 0.136364 -0.00866025 0.005 0.136364 -0.00866025 -0.005 0.136364 -1.83697e-18 -0.01 0.136364 0.00866025 -0.005 0.136364 0.01 0 0.145455 0.005 0.00866025 0.145455 -0.005 0.00866025 0.145455 -0.01 1.22465e-18 0.145455 -0.005 -0.00866025 0.145455 0.005 -0.00866025 0.145455 0.00866025 0.005 0.154545 6.12323e-19 0.01 0.154545 -0.00866025 0.005 0.154545 -0.00866025 -0.005 0.154545 -1.83697e-18 -0.01 0.154545 0.00866025 -0.005 0.154545 0.01 0 0.163636 0.005 0.00866025 0.163636 -0.005 0.00866025 0.163636 -0.01 1.22465e-18 0.163636 -0.005 -0.00866025 0.163636 0.005 -0.00866025 0.163636 0.00866025 0.005 0.172727 6.12323e-19 0.01 0.172727 -0.00866025 0.005 0.172727 -0.00866025 -0.005 0.172727 -1.83697e-18 -0.01 0.172727 0.00866025 -0.005 0.172727 0.01 0 0.181818 0.005 0.00866025 0.181818 -0.005 0.00866025 0.181818 -0.01 1.22465e-18 0.181818 -0.005 -0.00866025 0.181818 0.005 -0.00866025 0.181818 0.00866025 0.005 0.190909 6.12323e-19 0.01 0.190909 -0.00866025 0.005 0.190909 -0.00866025 -0.005 0.190909 -1.83697e-18 -0.01 0.190909 0.00866025 -0.005 0.190909 0.01 0 0.2 0.005 0.00866025 0.2 -0.005 0.00866025 0.2 -0.01 1.22465e-18 0.2 -0.005 -0.00866025 0.2 0.005 -0.00866025 0.2 0.00866025 0.005 0.209091 6.12323e-19 0.01 0.209091 -0.00866025 0.005 0.209091 -0.00866025 -0.005 0.209091 -1.83697e-18 -0.01 0.209091 0.00866025 -0.005 0.209091 0.01 0 0.218182 0.005 0.00866025 0.218182 -0.005 0.00866025 0.218182 -0.01 1.22465e-18 0.218182 -0.005 -0.00866025 0.218182 0.005 -0.00866025 0.218182 0.00866025 0.005 0.227273 6.12323e-19 0.01 0.227273 -0.00866025 0.005 0.227273 -0.00866025 -0.005 0.227273 -1.83697e-18 -0.01 0.227273 0.00866025 -0.005 0.227273 0.01 0 0.236364 0.005 0.00866025 0.236364 -0.005 0.00866025 0.236364 -0.01 1.22465e-18 0.236364 -0.005 -0.00866025 0.236364 0.005 -0.00866025 0.236364 0.00866025 0.005 0.245455 6.12323e-19 0.01 0.245455 -0.00866025 0.005 0.245455 -0.00866025 -0.005 0.245455 -1.83697e-18 -0.01 0.245455 0.00866025 -0.005 0.245455 0.01 0 0.254545 0.005 0.00866025 0.254545 -0.005 0.00866025 0.254545 -0.01 1.22465e-18 0.254545 -0.005 -0.00866025 0.254545 0.005 -0.00866025 0.254545 0.00866025 0.005 0.263636 6.12323e-19 0.01 0.263636 -0.00866025 0.005 0.263636 -0.00866025 -0.005 0.263636 -1.83697e-18 -0.01 0.263636 0.00866025 -0.005 0.263636 0.01 0 0.272727 0.005 0.00866025 0.272727 -0.005 0.00866025 0.272727 -0.01 1.22465e-18 0.272727 -0.005 -0.00866025 0.272727 0.005 -0.00866025 0.272727 0.00866025 0.005 0.281818 6.12323e-19 0.01 0.281818 -0.00866025 0.005 0.281818 -0.00866025 -0.005 0.281818 -1.83697e-18 -0.01 0.281818 0.00866025 -0.005 0.281818 0.01 0 0.290909 0.005 0.00866025 0.290909 -0.005 0.00866025 0.290909 -0.01 1.22465e-18 0.290909 -0.005 -0.00866025 0.290909 0.005 -0.00866025 0.290909 0.00866025 0.005 0.3 6.12323e-19 0.01 0.3 -0.00866025 0.005 0.3 -0.00866025 -0.005 0.3 -1.83697e-18 -0.01 0.3 0.00866025 -0.005 0.3 0.01 0 0.309091 0.005 0.00866025 0.309091 -0.005 0.00866025 0.309091 -0.01 1.22465e-18 0.309091 -0.005 -0.00866025 0.309091 0.005 -0.00866025 0.309091 0.00866025 0.005 0.318182 6.12323e-19 0.01 0.318182 -0.00866025 0.005 0.318182 -0.00866025 -0.005 0.318182 -1.83697e-18 -0.01 0.318182 0.00866025 -0.005 0.318182 0.01 0 0.327273 0.005 0.00866025 0.327273 -0.005 0.00866025 0.327273 -0.01 1.22465e-18 0.327273 -0.005 -0.00866025 0.327273 0.005 -0.00866025 0.327273 0.00866025 0.005 0.336364 6.12323e-19 0.01 0.336364 -0.00866025 0.005 0.336364 -0.00866025 -0.005 0.336364 -1.83697e-18 -0.01 0.336364 0.00866025 -0.005 0.336364 0.01 0 0.345455 0.005 0.00866025 0.345455 -0.005 0.00866025 0.345455 -0.01 1.22465e-18 0.345455 -0.005 -0.00866025 0.345455 0.005 -0.00866025 0.345455 0.00866025 0.005 0.354545 6.12323e-19 0.01 0.354545 -0.00866025 0.005 0.354545 -0.00866025 -0.005 0.354545 -1.83697e-18 -0.01 0.354545 0.00866025 -0.005 0.354545 0.01 0 0.363636 0.005 0.00866025 0.363636 -0.005 0.00866025 0.363636 -0.01 1.22465e-18 0.363636 -0.005 -0.00866025 0.363636 0.005 -0.00866025 0.363636 0.00866025 0.005 0.372727 6.12323e-19 0.01 0.372727 -0.00866025 0.005 0.372727 -0.00866025 -0.005 0.372727 -1.83697e-18 -0.01 0.372727 0.00866025 -0.005 0.372727 0.01 0 0.381818 0.005 0.00866025 0.381818 -0.005 0.00866025 0.381818 -0.01 1.22465e-18 0.381818 -0.005 -0.00866025 0.381818 0.005 -0.00866025 0.381818 0.00866025 0.005 0.390909 6.12323e-19 0.01 0.390909 -0.00866025 0.005 0.390909 -0.00866025 -0.005 0.390909 -1.83697e-18 -0.01 0.390909 0.00866025 -0.005 0.390909 0.01 0 0.4 0.005 0.00866025 0.4 -0.005 0.00866025 0.4 -0.01 1.22465e-18 0.4 -0.005 -0.00866025 0.4 0.005 -0.00866025 0.4 0.00866025 0.005 0.409091 6.12323e-19 0.01 0.409091 -0.00866025 0.005 0.409091 -0.00866025 -0.005 0.409091 -1.83697e-18 -0.01 0.409091 0.00866025 -0.005 0.409091 0.01 0 0.418182 0.005 0.00866025 0.418182 -0.005 0.00866025 0.418182 -0.01 1.22465e-18 0.418182 -0.005 -0.00866025 0.418182 0.005 -0.00866025 0.418182 0.00866025 0.005 0.427273 6.12323e-19 0.01 0.427273 -0.00866025 0.005 0.427273 -0.00866025 -0.005 0.427273 -1.83697e-18 -0.01 0.427273 0.00866025 -0.005 0.427273 0.01 0 0.436364 0.005 0.00866025 0.436364 -0.005 0.00866025 0.436364 -0.01 1.22465e-18 0.436364 -0.005 -0.00866025 0.436364 0.005 -0.00866025 0.436364 0.00866025 0.005 0.445455 6.12323e-19 0.01 0.445455 -0.00866025 0.005 0.445455 -0.00866025 -0.005 0.445455 -1.83697e-18 -0.01 0.445455 0.00866025 -0.005 0.445455 0.01 0 0.454545 0.005 0.00866025 0.454545 -0.005 0.00866025 0.454545 -0.01 1.22465e-18 0.454545 -0.005 -0.00866025 0.454545 0.005 -0.00866025 0.454545 0.00866025 0.005 0.463636 6.12323e-19 0.01 0.463636 -0.00866025 0.005 0.463636 -0.00866025 -0.005 0.463636 -1.83697e-18 -0.01 0.463636 0.00866025 -0.005 0.463636 0.01 0 0.472727 0.005 0.00866025 0.472727 -0.005 0.00866025 0.472727 -0.01 1.22465e-18 0.472727 -0.005 -0.00866025 0.472727 0.005 -0.00866025 0.472727 0.00866025 0.005 0.481818 6.12323e-19 0.01 0.481818 -0.00866025 0.005 0.481818 -0.00866025 -0.005 0.481818 -1.83697e-18 -0.01 0.481818 0.00866025 -0.005 0.481818 0.01 0 0.490909 0.005 0.00866025 0.490909 -0.005 0.00866025 0.490909 -0.01 1.22465e-18 0.490909 -0.005 -0.00866025 0.490909 0.005 -0.00866025 0.490909 0.00866025 0.005 0.5 6.12323e-19 0.01 0.5 -0.00866025 0.005 0.5 -0.00866025 -0.005 0.5 -1.83697e-18 -0.01 0.5 0.00866025 -0.005 0.5 0.01 0 0.509091 0.005 0.00866025 0.509091 -0.005 0.00866025 0.509091 -0.01 1.22465e-18 0.509091 -0.005 -0.00866025 0.509091 0.005 -0.00866025 0.509091 0.00866025 0.005 0.518182 6.12323e-19 0.01 0.518182 -0.00866025 0.005 0.518182 -0.00866025 -0.005 0.518182 -1.83697e-18 -0.01 0.518182 0.00866025 -0.005 0.518182 0.01 0 0.527273 0.005 0.00866025 0.527273 -0.005 0.00866025 0.527273 -0.01 1.22465e-18 0.527273 -0.005 -0.00866025 0.527273 0.005 -0.00866025 0.527273 0.00866025 0.005 0.536364 6.12323e-19 0.01 0.536364 -0.00866025 0.005 0.536364 -0.00866025 -0.005 0.536364 -1.83697e-18 -0.01 0.536364 0.00866025 -0.005 0.536364 0.01 0 0.545455 0.005 0.00866025 0.545455 -0.005 0.00866025 0.545455 -0.01 1.22465e-18 0.545455 -0.005 -0.00866025 0.545455 0.005 -0.00866025 0.545455 0.00866025 0.005 0.554545 6.12323e-19 0.01 0.554545 -0.00866025 0.005 0.554545 -0.00866025 -0.005 0.554545 -1.83697e-18 -0.01 0.554545 0.00866025 -0.005 0.554545 0.01 0 0.563636 0.005 0.00866025 0.563636 -0.005 0.00866025 0.563636 -0.01 1.22465e-18 0.563636 -0.005 -0.00866025 0.563636 0.005 -0.00866025 0.563636 0.00866025 0.005 0.572727 6.12323e-19 0.01 0.572727 -0.00866025 0.005 0.572727 -0.00866025 -0.005 0.572727 -1.83697e-18 -0.01 0.572727 0.00866025 -0.005 0.572727 0.01 0 0.581818 0.005 0.00866025 0.581818 -0.005 0.00866025 0.581818 -0.01 1.22465e-18 0.581818 -0.005 -0.00866025 0.581818 0.005 -0.00866025 0.581818 0.00866025 0.005 0.590909 6.12323e-19 0.01 0.590909 -0.00866025 0.005 0.590909 -0.00866025 -0.005 0.590909 -1.83697e-18 -0.01 0.590909 0.00866025 -0.005 0.590909 0.01 0 0.6 0.005 0.00866025 0.6 -0.005 0.00866025 0.6 -0.01 1.22465e-18 0.6 -0.005 -0.00866025 0.6 0.005 -0.00866025 0.6 0.00866025 0.005 0.609091 6.12323e-19 0.01 0.609091 -0.00866025 0.005 0.609091 -0.00866025 -0.005 0.609091 -1.83697e-18 -0.01 0.609091 0.00866025 -0.005 0.609091 0.01 0 0.618182 0.005 0.00866025 0.618182 -0.005 0.00866025 0.618182 -0.01 1.22465e-18 0.618182 -0.005 -0.00866025 0.618182 0.005 -0.00866025 0.618182 0.00866025 0.005 0.627273 6.12323e-19 0.01 0.627273 -0.00866025 0.005 0.627273 -0.00866025 -0.005 0.627273 -1.83697e-18 -0.01 0.627273 0.00866025 -0.005 0.627273 0.01 0 0.636364 0.005 0.00866025 0.636364 -0.005 0.00866025 0.636364 -0.01 1.22465e-18 0.636364 -0.005 -0.00866025 0.636364 0.005 -0.00866025 0.636364 0.00866025 0.005 0.645455 6.12323e-19 0.01 0.645455 -0.00866025 0.005 0.645455 -0.00866025 -0.005 0.645455 -1.83697e-18 -0.01 0.645455 0.00866025 -0.005 0.645455 0.01 0 0.654545 0.005 0.00866025 0.654545 -0.005 0.00866025 0.654545 -0.01 1.22465e-18 0.654545 -0.005 -0.00866025 0.654545 0.005 -0.00866025 0.654545 0.00866025 0.005 0.663636 6.12323e-19 0.01 0.663636 -0.00866025 0.005 0.663636 -0.00866025 -0.005 0.663636 -1.83697e-18 -0.01 0.663636 0.00866025 -0.005 0.663636 0.01 0 0.672727 0.005 0.00866025 0.672727 -0.005 0.00866025 0.672727 -0.01 1.22465e-18 0.672727 -0.005 -0.00866025 0.672727 0.005 -0.00866025 0.672727 0.00866025 0.005 0.681818 6.12323e-19 0.01 0.681818 -0.00866025 0.005 0.681818 -0.00866025 -0.005 0.681818 -1.83697e-18 -0.01 0.681818 0.00866025 -0.005 0.681818 0.01 0 0.690909 0.005 0.00866025 0.690909 -0.005 0.00866025 0.690909 -0.01 1.22465e-18 0.690909 -0.005 -0.00866025 0.690909 0.005 -0.00866025 0.690909 0.00866025 0.005 0.7 6.12323e-19 0.01 0.7 -0.00866025 0.005 0.7 -0.00866025 -0.005 0.7 -1.83697e-18 -0.01 0.7 0.00866025 -0.005 0.7 0.01 0 0.709091 0.005 0.00866025 0.709091 -0.005 0.00866025 0.709091 -0.01 1.22465e-18 0.709091 -0.005 -0.00866025 0.709091 0.005 -0.00866025 0.709091 0.00866025 0.005 0.718182 6.12323e-19 0.01 0.718182 -0.00866025 0.005 0.718182 -0.00866025 -0.005 0.718182 -1.83697e-18 -0.01 0.718182 0.00866025 -0.005 0.718182 0.01 0 0.727273 0.005 0.00866025 0.727273 -0.005 0.00866025 0.727273 -0.01 1.22465e-18 0.727273 -0.005 -0.00866025 0.727273 0.005 -0.00866025 0.727273 0.00866025 0.005 0.736364 6.12323e-19 0.01 0.736364 -0.00866025 0.005 0.736364 -0.00866025 -0.005 0.736364 -1.83697e-18 -0.01 0.736364 0.00866025 -0.005 0.736364 0.01 0 0.745455 0.005 0.00866025 0.745455 -0.005 0.00866025 0.745455 -0.01 1.22465e-18 0.745455 -0.005 -0.00866025 0.745455 0.005 -0.00866025 0.745455 0.00866025 0.005 0.754545 6.12323e-19 0.01 0.754545 -0.00866025 0.005 0.754545 -0.00866025 -0.005 0.754545 -1.83697e-18 -0.01 0.754545 0.00866025 -0.005 0.754545 0.01 0 0.763636 0.005 0.00866025 0.763636 -0.005 0.00866025 0.763636 -0.01 1.22465e-18 0.763636 -0.005 -0.00866025 0.763636 0.005 -0.00866025 0.763636 0.00866025 0.005 0.772727 6.12323e-19 0.01 0.772727 -0.00866025 0.005 0.772727 -0.00866025 -0.005 0.772727 -1.83697e-18 -0.01 0.772727 0.00866025 -0.005 0.772727 0.01 0 0.781818 0.005 0.00866025 0.781818 -0.005 0.00866025 0.781818 -0.01 1.22465e-18 0.781818 -0.005 -0.00866025 0.781818 0.005 -0.00866025 0.781818 0.00866025 0.005 0.790909 6.12323e-19 0.01 0.790909 -0.00866025 0.005 0.790909 -0.00866025 -0.005 0.790909 -1.83697e-18 -0.01 0.790909 0.00866025 -0.005 0.790909 0.01 0 0.8 0.005 0.00866025 0.8 -0.005 0.00866025 0.8 -0.01 1.22465e-18 0.8 -0.005 -0.00866025 0.8 0.005 -0.00866025 0.8 0.00866025 0.005 0.809091 6.12323e-19 0.01 0.809091 -0.00866025 0.005 0.809091 -0.00866025 -0.005 0.809091 -1.83697e-18 -0.01 0.809091 0.00866025 -0.005 0.809091 0.01 0 0.818182 0.005 0.00866025 0.818182 -0.005 0.00866025 0.818182 -0.01 1.22465e-18 0.818182 -0.005 -0.00866025 0.818182 0.005 -0.00866025 0.818182 0.00866025 0.005 0.827273 6.12323e-19 0.01 0.827273 -0.00866025 0.005 0.827273 -0.00866025 -0.005 0.827273 -1.83697e-18 -0.01 0.827273 0.00866025 -0.005 0.827273 0.01 0 0.836364 0.005 0.00866025 0.836364 -0.005 0.00866025 0.836364 -0.01 1.22465e-18 0.836364 -0.005 -0.00866025 0.836364 0.005 -0.00866025 0.836364 0.00866025 0.005 0.845455 6.12323e-19 0.01 0.845455 -0.00866025 0.005 0.845455 -0.00866025 -0.005 0.845455 -1.83697e-18 -0.01 0.845455 0.00866025 -0.005 0.845455 0.01 0 0.854545 0.005 0.00866025 0.854545 -0.005 0.00866025 0.854545 -0.01 1.22465e-18 0.854545 -0.005 -0.00866025 0.854545 0.005 -0.00866025 0.854545 0.00866025 0.005 0.863636 6.12323e-19 0.01 0.863636 -0.00866025 0.005 0.863636 -0.00866025 -0.005 0.863636 -1.83697e-18 -0.01 0.863636 0.00866025 -0.005 0.863636 0.01 0 0.872727 0.005 0.00866025 0.872727 -0.005 0.00866025 0.872727 -0.01 1.22465e-18 0.872727 -0.005 -0.00866025 0.872727 0.005 -0.00866025 0.872727 0.00866025 0.005 0.881818 6.12323e-19 0.01 0.881818 -0.00866025 0.005 0.881818 -0.00866025 -0.005 0.881818 -1.83697e-18 -0.01 0.881818 0.00866025 -0.005 0.881818 0.01 0 0.890909 0.005 0.00866025 0.890909 -0.005 0.00866025 0.890909 -0.01 1.22465e-18 0.890909 -0.005 -0.00866025 0.890909 0.005 -0.00866025 0.890909 0.00866025 0.005 0.9 6.12323e-19 0.01 0.9 -0.00866025 0.005 0.9 -0.00866025 -0.005 0.9 -1.83697e-18 -0.01 0.9 0.00866025 -0.005 0.9 0.01 0 0.909091 0.005 0.00866025 0.909091 -0.005 0.00866025 0.909091 -0.01 1.22465e-18 0.909091 -0.005 -0.00866025 0.909091 0.005 -0.00866025 0.909091 0.00866025 0.005 0.918182 6.12323e-19 0.01 0.918182 -0.00866025 0.005 0.918182 -0.00866025 -0.005 0.918182 -1.83697e-18 -0.01 0.918182 0.00866025 -0.005 0.918182 0.01 0 0.927273 0.005 0.00866025 0.927273 -0.005 0.00866025 0.927273 -0.01 1.22465e-18 0.927273 -0.005 -0.00866025 0.927273 0.005 -0.00866025 0.927273 0.00866025 0.005 0.936364 6.12323e-19 0.01 0.936364 -0.00866025 0.005 0.936364 -0.00866025 -0.005 0.936364 -1.83697e-18 -0.01 0.936364 0.00866025 -0.005 0.936364 0.01 0 0.945455 0.005 0.00866025 0.945455 -0.005 0.00866025 0.945455 -0.01 1.22465e-18 0.945455 -0.005 -0.00866025 0.945455 0.005 -0.00866025 0.945455 0.00866025 0.005 0.954545 6.12323e-19 0.01 0.954545 -0.00866025 0.005 0.954545 -0.00866025 -0.005 0.954545 -1.83697e-18 -0.01 0.954545 0.00866025 -0.005 0.954545 0.01 0 0.963636 0.005 0.00866025 0.963636 -0.005 0.00866025 0.963636 -0.01 1.22465e-18 0.963636 -0.005 -0.00866025 0.963636 0.005 -0.00866025 0.963636 0.00866025 0.005 0.972727 6.12323e-19 0.01 0.972727 -0.00866025 0.005 0.972727 -0.00866025 -0.005 0.972727 -1.83697e-18 -0.01 0.972727 0.00866025 -0.005 0.972727 0.01 0 0.981818 0.005 0.00866025 0.981818 -0.005 0.00866025 0.981818 -0.01 1.22465e-18 0.981818 -0.005 -0.00866025 0.981818 0.005 -0.00866025 0.981818 0.00866025 0.005 0.990909 6.12323e-19 0.01 0.990909 -0.00866025 0.005 0.990909 -0.00866025 -0.005 0.990909 -1.83697e-18 -0.01 0.990909 0.00866025 -0.005 0.990909 0.01 0 1 0.005 0.00866025 1 -0.005 0.00866025 1 -0.01 1.22465e-18 1 -0.005 -0.00866025 1 0.005 -0.00866025 1 0 0 -1 0.01 0 -1 0.005 0.00866025 -1 -0.005 0.00866025 -1 -0.01 1.22465e-18 -1 -0.005 -0.00866025 -1 0.005 -0.00866025 -1 0 0 1 0.01 0 1 0.005 0.00866025 1 -0.005 0.00866025 1 -0.01 1.22465e-18 1 -0.005 -0.00866025 1 0.005 -0.00866025 1"/>
     <Normal vector="0.998548 0 -0.0538637 0.499274 0.864768 -0.0538636 -0.499274 0.864768 -0.0538636 -0.998548 0 -0.0538637 -0.499274 -0.864768 -0.0538636 0.499274 -0.864768 -0.0538636 0.866025 0.5 0 0 1 0 -0.866025 0.5 0 -0.866025 -0.5 0 0 -1 0 0.866025 -0.5 0 1 0 0 0.5 0.866025 0 -0.5 0.866025 0 -1 0 0 -0.5 -0.866025 0 0.5 -0.866025 0 0.866025 0.5 1.70907e-07 0 1 1.7642e-07 -0.866025 0.5 1.70907e-07 -0.866025 -0.5 1.70907e-07 0 -1 1.7642e-07 0.866025 -0.5 1.70907e-07 1 0 -1.7642e-07 0.5 0.866025 -1.70907e-07 -0.5 0.866025 -1.70907e-07 -1 0 -1.7642e-07 -0.5 -0.866025 -1.70907e-07 0.5 -0.866025 -1.70907e-07 0.866025 0.5 0 0 1 0 -0.866025 0.5 0 -0.866025 -0.5 0 0 -1 0 0.866025 -0.5 0 1 0 0 0.5 0.866025 0 -0.5 0.866025 0 -1 0 0 -0.5 -0.866025 0 0.5 -0.866025 0 0.866025 0.5 0 0 1 0 -0.866025 0.5 0 -0.866025 -0.5 0 0 -1 0 0.866025 -0.5 0 1 0 0 0.5 0.866025 0 -0.5 0.866025 0 -1 0 0 -0.5 -0.866025 0 0.5 -0.866025 0 0.866025 0.5 0 0 1 0 -0.866025 0.5 0 -0.866025 -0.5 0 0 -1 0 0.866025 -0.5 0 1 0 1.7642e-07 0.5 0.866025 1.70907e-07 -0.5 0.866025 1.70907e-07 -1 0 1.7642e-07 -0.5 -0.866025 1.70907e-07 0.5 -0.866025 1.70907e-07 0.866025 0.5 -1.70907e-07 0 1 -1.7642e-07 -0.866025 0.5 -1.70907e-07 -0.866025 -0.5 -1.70907e-07 0 -1 -1.7642e-07 0.866025 -0.5 -1.70907e-07 1 0 0 0.5 0.866025 0 -0.5 0.866025 0 -1 0 0 -0.5 -0.866025 0 0.5 -0.866025 0 0.866025 0.5 0 0 1 0 -0.866025 0.5 0 -0.866025 -0.5 0 0 -1 0 0.866025 -0.5 0 1 0 0 0.5 0.866025 0 -0.5 0.866025 0 -1 0 0 -0.5 -0.866025 0 0.5 -0.866025 0 0.866025 0.5 0 0 1 0 -0.866025 0.5 0 -0.866025 -0.5 0 0 -1 0 0.866025 -0.5 0 1 0 0 0.5 0.866025 0 -0.5 0.866025 0 -1 0 0 -0.5 -0.866025 0 0.5 -0.866025 0 0.866025 0.5 1.70907e-07 0 1 1.7642e-07 -0.866025 0.5 1.70907e-07 -0.866025 -0.5 1.70907e-07 0 -1 1.7642e-07 0.866025 -0.5 1.70907e-07 1 0 -1.7642e-07 0.5 0.866025 -1.70907e-07 -0.5 0.866025 -1.70907e-07 -1 0 -1.7642e-07 -0.5 -0.866025 -1.70907e-07 0.5 -0.866025 -1.70907e-07 0.866025 0.5 0 0 1 0 -0.866025 0.5 0 -0.866025 -0.5 0 0 -1 0 0.866025 -0.5 0 1 0 0 0.5 0.866025 0 -0.5 0.866025 0 -1 0 0 -0.5 -0.866025 0 0.5 -0.866025 0 0.866025 0.5 0 0 1 0 -0.866025 0.5 0 -0.866025 -0.5 0 0 -1 0 0.866025 -0.5 0 1 0 0 0.5 0.866025 0 -0.5 0.866025 0 -1 0 0 -0.5 -0.866025 0 0.5 -0.866025 0 0.866025 0.5 0 0 1 0 -0.866025 0.5 0 -0.866025 -0.5 0 0 -1 0 0.866025 -0.5 0 1 0 1.7642e-07 0.5 0.866025 1.70907e-07 -0.5 0.866025 1.70907e-07 -1 0 1.7642e-07 -0.5 -0.866025 1.70907e-07 0.5 -0.866025 1.70907e-07 0.866025 0.5 -1.70907e-07 0 1 -1.7642e-07 -0.866025 0.5 -1.70907e-07 -0.866025 -0.5 -1.70907e-07 0 -1 -1.7642e-07 0.866025 -0.5 -1.70907e-07 1 0 0 0.5 0.866025 0 -0.5 0.866025 0 -1 0 0 -0.5 -0.866025 0 0.5 -0.866025 0 0.866025 0.5 0 0 1 0 -0.866025 0.5 0 -0.866025 -0.5 0 0 -1 0 0.866025 -0.5 0 1 0 0 0.5 0.866025 0 -0.5 0.866025 0 -1 0 0 -0.5 -0.866025 0 0.5 -0.866025 0 0.866025 0.5 0 0 1 0 -0.866025 0.5 0 -0.866025 -0.5 0 0 -1 0 0.866025 -0.5 0 1 0 1.7642e-07 0.5 0.866025 1.70907e-07 -0.5 0.866025 1.70907e-07 -1 0 1.7642e-07 -0.5 -0.866025 1.70907e-07 0.5 -0.866025 1.70907e-07 0.866025 0.5 -1.70907e-07 0 1 -1.7642e-07 -0.866025 0.5 -1.70907e-07 -0.866025 -0.5 -1.70907e-07 0 -1 -1.7642e-07 0.866025 -0.5 -1.70907e-07 1 0 0 0.5 0.866025 0 -0.5 0.866025 0 -1 0 0 -0.5 -0.866025 0 0.5 -0.866025 0 0.866025 0.5 0 0 1 0 -0.866025 0.5 0 -0.866025 -0.5 0 0 -1 0 0.866025 -0.5 0 1 0 0 0.5 0.866025 0 -0.5 0.866025 0 -1 0 0 -0.5 -0.866025 0 0.5 -0.866025 0 0.866025 0.5 0 0 1 0 -0.866025 0.5 0 -0.866025 -0.5 0 0 -1 0 0.866025 -0.5 0 1 0 0 0.5 0.866025 0 -0.5 0.866025 0 -1 0 0 -0.5 -0.866025 0 0.5 -0.866025 0 0.866025 0.5 1.70907e-07 0 1 1.7642e-07 -0.866025 0.5 1.70907e-07 -0.866025 -0.5 1.70907e-07 0 -1 1.7642e-07 0.866025 -0.5 1.70907e-07 1 0 -1.7642e-07 0.5 0.866025 -1.70907e-07 -0.5 0.866025 -1.70907e-07 -1 0 -1.7642e-07 -0.5 -0.866025 -1.70907e-07 0.5 -0.866025 -1.70907e-07 0.866025 0.5 0 0 1 0 -0.866025 0.5 0 -0.866025 -0.5 0 0 -1 0 0.866025 -0.5 0 1 0 0 0.5 0.866025 0 -0.5 0.866025 0 -1 0 0 -0.5 -0.866025 0 0.5 -0.866025 0 0.866025 0.5 0 0 1 0 -0.866025 0.5 0 -0.866025 -0.5 0 0 -1 0 0.866025 -0.5 0 1 0 0 0.5 0.866025 0 -0.5 0.866025 0 -1 0 0 -0.5 -0.866025 0 0.5 -0.866025 0 0.866025 0.5 0 0 1 0 -0.866025 0.5 0 -0.866025 -0.5 0 0 -1 0 0.866025 -0.5 0 1 0 1.7642e-07 0.5 0.866025 1.70907e-07 -0.5 0.866025 1.70907e-07 -1 0 1.7642e-07 -0.5 -0.866025 1.70907e-07 0.5 -0.866025 1.70907e-07 0.866025 0.5 -1.70907e-07 0 1 -1.7642e-07 -0.866025 0.5 -1.70907e-07 -0.866025 -0.5 -1.70907e-07 0 -1 -1.7642e-07 0.866025 -0.5 -1.70907e-07 1 0 0 0.5 0.866025 0 -0.5 0.866025 0 -1 0 0 -0.5 -0.866025 0 0.5 -0.866025 0 0.866025 0.5 0 0 1 0 -0.866025 0.5 0 -0.866025 -0.5 0 0 -1 0 0.866025 -0.5 0 1 0 0 0.5 0.866025 0 -0.5 0.866025 0 -1 0 0 -0.5 -0.866025 0 0.5 -0.866025 0 0.866025 0.5 0 0 1 0 -0.866025 0.5 0 -0.866025 -0.5 0 0 -1 0 0.866025 -0.5 0 1 0 0 0.5 0.866025 0 -0.5 0.866025 0 -1 0 0 -0.5 -0.866025 0 0.5 -0.866025 0 0.866025 0.5 1.70907e-07 0 1 1.7642e-07 -0.866025 0.5 1.70907e-07 -0.866025 -0.5 1.70907e-07 0 -1 1.7642e-07 0.866025 -0.5 1.70907e-07 1 0 -1.7642e-07 0.5 0.866025 -1.70907e-07 -0.5 0.866025 -1.70907e-07 -1 0 -1.7642e-07 -0.5 -0.866025 -1.70907e-07 0.5 -0.866025 -1.70907e-07 0.866025 0.5 0 0 1 0 -0.866025 0.5 0 -0.866025 -0.5 0 0 -1 0 0.866025 -0.5 0 1 0 0 0.5 0.866025 0 -0.5 0.866025 0 -1 0 0 -0.5 -0.866025 0 0.5 -0.866025 0 0.866025 0.5 0 0 1 0 -0.866025 0.5 0 -0.866025 -0.5 0 0 -1 0 0.866025 -0.5 0 1 0 9.09664e-08 0.5 0.866025 8.82098e-08 -0.5 0.866025 8.82098e-08 -1 0 9.09664e-08 -0.5 -0.866025 8.82098e-08 0.5 -0.866025 8.82098e-08 0.866025 0.5 -8.26967e-08 0 1 -8.54533e-08 -0.866025 0.5 -8.26967e-08 -0.866025 -0.5 -8.26967e-08 0 -1 -8.54533e-08 0.866025 -0.5 -8.26967e-08 1 0 0 0.5 0.866025 0 -0.5 0.866025 0 -1 0 0 -0.5 -0.866025 0 0.5 -0.866025 0 0.866025 0.5 0 0 1 0 -0.866025 0.5 0 -0.866025 -0.5 0 0 -1 0 0.866025 -0.5 0 1 0 9.09664e-08 0.5 0.866025 8.82098e-08 -0.5 0.866025 8.82098e-08 -1 0 9.09664e-08 -0.5 -0.866025 8.82098e-08 0.5 -0.866025 8.82098e-08 0.866025 0.5 -8.26967e-08 0 1 -8.54533e-08 -0.866025 0.5 -8.26967e-08 -0.866025 -0.5 -8.26967e-08 0 -1 -8.54533e-08 0.866025 -0.5 -8.26967e-08 1 0 0 0.5 0.866025 0 -0.5 0.866025 0 -1 0 0 -0.5 -0.866025 0 0.5 -0.866025 0 0.866025 0.5 8.82098e-08 0 1 9.09664e-08 -0.866025 0.5 8.82098e-08 -0.866025 -0.5 8.82098e-08 0 -1 9.09664e-08 0.866025 -0.5 8.82098e-08 1 0 -8.54533e-08 0.5 0.866025 -8.26967e-08 -0.5 0.866025 -8.26967e-08 -1 0 -8.54533e-08 -0.5 -0.866025 -8.26967e-08 0.5 -0.866025 -8.26967e-08 0.866025 0.5 0 0 1 0 -0.866025 0.5 0 -0.866025 -0.5 0 0 -1 0 0.866025 -0.5 0 1 0 0 0.5 0.866025 0 -0.5 0.866025 0 -1 0 0 -0.5 -0.866025 0 0.5 -0.866025 0 0.866025 0.5 8.82098e-08 0 1 9.09664e-08 -0.866025 0.5 8.82098e-08 -0.866025 -0.5 8.82098e-08 0 -1 9.09664e-08 0.866025 -0.5 8.82098e-08 1 0 -8.54533e-08 0.5 0.866025 -8.26967e-08 -0.5 0.866025 -8.26967e-08 -1 0 -8.54533e-08 -0.5 -0.866025 -8.26967e-08 0.5 -0.866025 -8.26967e-08 0.866025 0.5 0 0 1 0 -0.866025 0.5 0 -0.866025 -0.5 0 0 -1 0 0.866025 -0.5 0 1 0 9.09664e-08 0.5 0.866025 8.82098e-08 -0.5 0.866025 8.82098e-08 -1 0 9.09664e-08 -0.5 -0.866025 8.82098e-08 0.5 -0.866025 8.82098e-08 0.866025 0.5 -8.26967e-08 0 1 -8.54533e-08 -0.866025 0.5 -8.26967e-08 -0.866025 -0.5 -8.26967e-08 0 -1 -8.54533e-08 0.866025 -0.5 -8.26967e-08 1 0 0 0.5 0.866025 0 -0.5 0.866025 0 -1 0 0 -0.5 -0.866025 0 0.5 -0.866025 0 0.866025 0.5 8.82098e-08 0 1 9.09664e-08 -0.866025 0.5 8.82098e-08 -0.866025 -0.5 8.82098e-08 0 -1 9.09664e-08 0.866025 -0.5 8.82098e-08 1 0 -8.54533e-08 0.5 0.866025 -8.26967e-08 -0.5 0.866025 -8.26967e-08 -1 0 -8.54533e-08 -0.5 -0.866025 -8.26967e-08 0.5 -0.866025 -8.26967e-08 0.866025 0.5 0 0 1 0 -0.866025 0.5 0 -0.866025 -0.5 0 0 -1 0 0.866025 -0.5 0 1 0 0 0.5 0.866025 0 -0.5 0.866025 0 -1 0 0 -0.5 -0.866025 0 0.5 -0.866025 0 0.866025 0.5 8.82098e-08 0 1 9.09664e-08 -0.866025 0.5 8.82098e-08 -0.866025 -0.5 8.82098e-08 0 -1 9.09664e-08 0.866025 -0.5 8.82098e-08 1 0 -8.54533e-08 0.5 0.866025 -8.26967e-08 -0.5 0.866025 -8.26967e-08 -1 0 -8.54533e-08 -0.5 -0.866025 -8.26967e-08 0.5 -0.866025 -8.26967e-08 0.866025 0.5 0 0 1 0 -0.866025 0.5 0 -0.866025 -0.5 0 0 -1 0 0.866025 -0.5 0 1 0 9.09664e-08 0.5 0.866025 8.82098e-08 -0.5 0.866025 8.82098e-08 -1 0 9.09664e-08 -0.5 -0.866025 8.82098e-08 0.5 -0.866025 8.82098e-08 0.866025 0.5 -8.26967e-08 0 1 -8.54533e-08 -0.866025 0.5 -8.26967e-08 -0.866025 -0.5 -8.26967e-08 0 -1 -8.54533e-08 0.866025 -0.5 -8.26967e-08 1 0 0 0.5 0.866025 0 -0.5 0.866025 0 -1 0 0 -0.5 -0.866025 0 0.5 -0.866025 0 0.866025 0.5 4.41049e-08 0 1 4.41049e-08 -0.866025 0.5 4.41049e-08 -0.866025 -0.5 4.41049e-08 0 -1 4.41049e-08 0.866025 -0.5 4.41049e-08 1 0 -4.41049e-08 0.5 0.866025 -4.41049e-08 -0.5 0.866025 -4.41049e-08 -1 0 -4.41049e-08 -0.5 -0.866025 -4.41049e-08 0.5 -0.866025 -4.41049e-08 0.866025 0.5 4.41049e-08 0 1 4.41049e-08 -0.866025 0.5 4.41049e-08 -0.866025 -0.5 4.41049e-08 0 -1 4.41049e-08 0.866025 -0.5 4.41049e-08 1 0 0 0.5 0.866025 0 -0.5 0.866025 0 -1 0 0 -0.5 -0.866025 0 0.5 -0.866025 0 0.866025 0.5 -4.41049e-08 0 1 -4.41049e-08 -0.866025 0.5 -4.41049e-08 -0.866025 -0.5 -4.41049e-08 0 -1 -4.41049e-08 0.866025 -0.5 -4.41049e-08 1 0 4.41049e-08 0.5 0.866025 4.41049e-08 -0.5 0.866025 4.41049e-08 -1 0 4.41049e-08 -0.5 -0.866025 4.41049e-08 0.5 -0.866025 4.41049e-08 0.866025 0.5 -4.41049e-08 0 1 -4.41049e-08 -0.866025 0.5 -4.41049e-08 -0.866025 -0.5 -4.41049e-08 0 -1 -4.41049e-08 0.866025 -0.5 -4.41049e-08 1 0 4.41049e-08 0.5 0.866025 4.41049e-08 -0.5 0.866025 4.41049e-08 -1 0 4.41049e-08 -0.5 -0.866025 4.41049e-08 0.5 -0.866025 4.41049e-08 0.866025 0.5 0 0 1 0 -0.866025 0.5 0 -0.866025 -0.5 0 0 -1 0 0.866025 -0.5 0 1 0 -4.41049e-08 0.5 0.866025 -4.41049e-08 -0.5 0.866025 -4.41049e-08 -1 0 -4.41049e-08 -0.5 -0.866025 -4.41049e-08 0.5 -0.866025 -4.41049e-08 0.866025 0.5 4.41049e-08 0 1 4.41049e-08 -0.866025 0.5 4.41049e-08 -0.866025 -0.5 4.41049e-08 0 -1 4.41049e-08 0.866025 -0.5 4.41049e-08 1 0 -4.41049e-08 0.5 0.866025 -4.41049e-08 -0.5 0.866025 -4.41049e-08 -1 0 -4.41049e-08 -0.5 -0.866025 -4.41049e-08 0.5 -0.866025 -4.41049e-08 0.866025 0.5 4.41049e-08 0 1 4.41049e-08 -0.866025 0.5 4.41049e-08 -0.866025 -0.5 4.41049e-08 0 -1 4.41049e-08 0.866025 -0.5 4.41049e-08 1 0 -1.92959e-08 0.5 0.866025 -2.75656e-08 -0.5 0.866025 -2.75656e-08 -1 0 -1.92959e-08 -0.5 -0.866025 -2.75656e-08 0.5 -0.866025 -2.75656e-08 0.866025 0.5 -5.51311e-09 0 1 -5.51311e-09 -0.866025 0.5 -5.51311e-09 -0.866025 -0.5 -5.51311e-09 0 -1 -5.51311e-09 0.866025 -0.5 -5.51311e-09 1 0 -5.51311e-09 0.5 0.866025 -5.51311e-09 -0.5 0.866025 -5.51311e-09 -1 0 -5.51311e-09 -0.5 -0.866025 -5.51311e-09 0.5 -0.866025 -5.51311e-09 0.866025 0.5 -5.51311e-09 0 1 -5.51311e-09 -0.866025 0.5 -5.51311e-09 -0.866025 -0.5 -5.51311e-09 0 -1 -5.51311e-09 0.866025 -0.5 -5.51311e-09 1 0 1.37828e-08 0.5 0.866025 2.20525e-08 -0.5 0.866025 2.20525e-08 -1 0 1.37828e-08 -0.5 -0.866025 2.20525e-08 0.5 -0.866025 2.20525e-08 0.866025 0.5 -2.75656e-08 0 1 -1.92959e-08 -0.866025 0.5 -2.75656e-08 -0.866025 -0.5 -2.75656e-08 0 -1 -1.92959e-08 0.866025 -0.5 -2.75656e-08 1 0 -5.51311e-09 0.5 0.866025 -5.51311e-09 -0.5 0.866025 -5.51311e-09 -1 0 -5.51311e-09 -0.5 -0.866025 -5.51311e-09 0.5 -0.866025 -5.51311e-09 0.866025 0.5 -5.51311e-09 0 1 -5.51311e-09 -0.866025 0.5 -5.51311e-09 -0.866025 -0.5 -5.51311e-09 0 -1 -5.51311e-09 0.866025 -0.5 -5.51311e-09 1 0 -5.51311e-09 0.5 0.866025 -5.51311e-09 -0.5 0.866025 -5.51311e-09 -1 0 -5.51311e-09 -0.5 -0.866025 -5.51311e-09 0.5 -0.866025 -5.51311e-09 0.866025 0.5 8.26967e-09 0 1 5.51311e-09 -0.866025 0.5 8.26967e-09 -0.866025 -0.5 8.26967e-09 0 -1 5.51311e-09 0.866025 -0.5 8.26967e-09 1 0 -1.10262e-08 0.5 0.866025 -1.37828e-08 -0.5 0.866025 -1.37828e-08 -1 0 -1.10262e-08 -0.5 -0.866025 -1.37828e-08 0.5 -0.866025 -1.37828e-08 0.866025 0.5 8.26967e-09 0 1 -2.75656e-09 -0.866025 0.5 8.26967e-09 -0.866025 -0.5 8.26967e-09 0 -1 -2.75656e-09 0.866025 -0.5 8.26967e-09 1 0 5.51311e-09 0.5 0.866025 -2.75656e-09 -0.5 0.866025 -2.75656e-09 -1 0 5.51311e-09 -0.5 -0.866025 -2.75656e-09 0.5 -0.866025 -2.75656e-09 0.866025 0.5 0 0 1 0 -0.866025 0.5 0 -0.866025 -0.5 0 0 -1 0 0.866025 -0.5 0 1 0 0 0.5 0.866025 0 -0.5 0.866025 0 -1 0 0 -0.5 -0.866025 0 0.5 -0.866025 0 0.866025 0.5 0 0 1 0 -0.866025 0.5 0 -0.866025 -0.5 0 0 -1 0 0.866025 -0.5 0 1 0 0 0.5 0.866025 8.26967e-09 -0.5 0.866025 8.26967e-09 -1 0 0 -0.5 -0.866025 8.26967e-09 0.5 -0.866025 8.26967e-09 0.866025 0.5 -8.26967e-09 0 1 2.75656e-09 -0.866025 0.5 -8.26967e-09 -0.866025 -0.5 -8.26967e-09 0 -1 2.75656e-09 0.866025 -0.5 -8.26967e-09 1 0 5.51311e-09 0.5 0.866025 8.26967e-09 -0.5 0.866025 8.26967e-09 -1 0 5.51311e-09 -0.5 -0.866025 8.26967e-09 0.5 -0.866025 8.26967e-09 0.866025 0.5 -1.37828e-08 0 1 -1.10262e-08 -0.866025 0.5 -1.37828e-08 -0.866025 -0.5 -1.37828e-08 0 -1 -1.10262e-08 0.866025 -0.5 -1.37828e-08 1 0 -5.51311e-09 0.5 0.866025 -5.51311e-09 -0.5 0.866025 -5.51311e-09 -1 0 -5.51311e-09 -0.5 -0.866025 -5.51311e-09 0.5 -0.866025 -5.51311e-09 0.866025 0.5 -5.51311e-09 0 1 -5.51311e-09 -0.866025 0.5 -5.51311e-09 -0.866025 -0.5 -5.51311e-09 0 -1 -5.51311e-09 0.866025 -0.5 -5.51311e-09 1 0 -5.51311e-09 0.5 0.866025 -5.51311e-09 -0.5 0.866025 -5.51311e-09 -1 0 -5.51311e-09 -0.5 -0.866025 -5.51311e-09 0.5 -0.866025 -5.51311e-09 0.866025 0.5 2.20525e-08 0 1 1.37828e-08 -0.866025 0.5 2.20525e-08 -0.866025 -0.5 2.20525e-08 0 -1 1.37828e-08 0.866025 -0.5 2.20525e-08 1 0 -1.92959e-08 0.5 0.866025 -2.75656e-08 -0.5 0.866025 -2.75656e-08 -1 0 -1.92959e-08 -0.5 -0.866025 -2.75656e-08 0.5 -0.866025 -2.75656e-08 0.866025 0.5 -5.51311e-09 0 1 -5.51311e-09 -0.866025 0.5 -5.51311e-09 -0.866025 -0.5 -5.51311e-09 0 -1 -5.51311e-09 0.866025 -0.5 -5.51311e-09 1 0 -5.51311e-09 0.5 0.866025 -5.51311e-09 -0.5 0.866025 -5.51311e-09 -1 0 -5.51311e-09 -0.5 -0.866025 -5.51311e-09 0.5 -0.866025 -5.51311e-09 0.866025 0.5 -5.51311e-09 0 1 -5.51311e-09 -0.866025 0.5 -5.51311e-09 -0.866025 -0.5 -5.51311e-09 0 -1 -5.51311e-09 0.866025 -0.5 -5.51311e-09 1 0 1.37828e-08 0.5 0.866025 2.20525e-08 -0.5 0.866025 2.20525e-08 -1 0 1.37828e-08 -0.5 -0.866025 2.20525e-08 0.5 -0.866025 2.20525e-08 0.866025 0.5 -4.41049e-08 0 1 -4.41049e-08 -0.866025 0.5 -4.41049e-08 -0.866025 -0.5 -4.41049e-08 0 -1 -4.41049e-08 0.866025 -0.5 -4.41049e-08 1 0 4.41049e-08 0.5 0.866025 4.41049e-08 -0.5 0.866025 4.41049e-08 -1 0 4.41049e-08 -0.5 -0.866025 4.41049e-08 0.5 -0.866025 4.41049e-08 0.866025 0.5 -4.41049e-08 0 1 -4.41049e-08 -0.866025 0.5 -4.41049e-08 -0.866025 -0.5 -4.41049e-08 0 -1 -4.41049e-08 0.866025 -0.5 -4.41049e-08 1 0 4.41049e-08 0.5 0.866025 4.41049e-08 -0.5 0.866025 4.41049e-08 -1 0 4.41049e-08 -0.5 -0.866025 4.41049e-08 0.5 -0.866025 4.41049e-08 0.866025 0.5 0 0 1 0 -0.866025 0.5 0 -0.866025 -0.5 0 0 -1 0 0.866025 -0.5 0 1 0 -4.41049e-08 0.5 0.866025 -4.41049e-08 -0.5 0.866025 -4.41049e-08 -1 0 -4.41049e-08 -0.5 -0.866025 -4.41049e-08 0.5 -0.866025 -4.41049e-08 0.866025 0.5 4.41049e-08 0 1 4.41049e-08 -0.866025 0.5 4.41049e-08 -0.866025 -0.5 4.41049e-08 0 -1 4.41049e-08 0.866025 -0.5 4.41049e-08 1 0 -4.41049e-08 0.5 0.866025 -4.41049e-08 -0.5 0.866025 -4.41049e-08 -1 0 -4.41049e-08 -0.5 -0.866025 -4.41049e-08 0.5 -0.866025 -4.41049e-08 0.866025 0.5 4.41049e-08 0 1 4.41049e-08 -0.866025 0.5 4.41049e-08 -0.866025 -0.5 4.41049e-08 0 -1 4.41049e-08 0.866025 -0.5 4.41049e-08 1 0 0 0.5 0.866025 0 -0.5 0.866025 0 -1 0 0 -0.5 -0.866025 0 0.5 -0.866025 0 0.866025 0.5 -4.41049e-08 0 1 -4.41049e-08 -0.866025 0.5 -4.41049e-08 -0.866025 -0.5 -4.41049e-08 0 -1 -4.41049e-08 0.866025 -0.5 -4.41049e-08 1 0 4.41049e-08 0.5 0.866025 4.41049e-08 -0.5 0.866025 4.41049e-08 -1 0 4.41049e-08 -0.5 -0.866025 4.41049e-08 0.5 -0.866025 4.41049e-08 0.866025 0.5 -4.41049e-08 0 1 -4.41049e-08 -0.866025 0.5 -4.41049e-08 -0.866025 -0.5 -4.41049e-08 0 -1 -4.41049e-08 0.866025 -0.5 -4.41049e-08 1 0 0 0.5 0.866025 0 -0.5 0.866025 0 -1 0 0 -0.5 -0.866025 0 0.5 -0.866025 0 0.866025 0.5 8.82098e-08 0 1 9.09664e-08 -0.866025 0.5 8.82098e-08 -0.866025 -0.5 8.82098e-08 0 -1 9.09664e-08 0.866025 -0.5 8.82098e-08 1 0 -8.54533e-08 0.5 0.866025 -8.26967e-08 -0.5 0.866025 -8.26967e-08 -1 0 -8.54533e-08 -0.5 -0.866025 -8.26967e-08 0.5 -0.866025 -8.26967e-08 0.866025 0.5 0 0 1 0 -0.866025 0.5 0 -0.866025 -0.5 0 0 -1 0 0.866025 -0.5 0 1 0 9.09664e-08 0.5 0.866025 8.82098e-08 -0.5 0.866025 8.82098e-08 -1 0 9.09664e-08 -0.5 -0.866025 8.82098e-08 0.5 -0.866025 8.82098e-08 0.866025 0.5 -8.26967e-08 0 1 -8.54533e-08 -0.866025 0.5 -8.26967e-08 -0.866025 -0.5 -8.26967e-08 0 -1 -8.54533e-08 0.866025 -0.5 -8.26967e-08 1 0 0 0.5 0.866025 0 -0.5 0.866025 0 -1 0 0 -0.5 -0.866025 0 0.5 -0.866025 0 0.866025 0.5 0 0 1 0 -0.866025 0.5 0 -0.866025 -0.5 0 0 -1 0 0.866025 -0.5 0 1 0 9.09664e-08 0.5 0.866025 8.82098e-08 -0.5 0.866025 8.82098e-08 -1 0 9.09664e-08 -0.5 -0.866025 8.82098e-08 0.5 -0.866025 8.82098e-08 0.866025 0.5 -8.26967e-08 0 1 -8.54533e-08 -0.866025 0.5 -8.26967e-08 -0.866025 -0.5 -8.26967e-08 0 -1 -8.54533e-08 0.866025 -0.5 -8.26967e-08 1 0 0 0.5 0.866025 0 -0.5 0.866025 0 -1 0 0 -0.5 -0.866025 0 0.5 -0.866025 0 0.866025 0.5 8.82098e-08 0 1 9.09664e-08 -0.866025 0.5 8.82098e-08 -0.866025 -0.5 8.82098e-08 0 -1 9.09664e-08 0.866025 -0.5 8.82098e-08 1 0 -8.54533e-08 0.5 0.866025 -8.26967e-08 -0.5 0.866025 -8.26967e-08 -1 0 -8.54533e-08 -0.5 -0.866025 -8.26967e-08 0.5 -0.866025 -8.26967e-08 0.866025 0.5 0 0 1 0 -0.866025 0.5 0 -0.866025 -0.5 0 0 -1 0 0.866025 -0.5 0 1 0 9.09664e-08 0.5 0.866025 8.82098e-08 -0.5 0.866025 8.82098e-08 -1 0 9.09664e-08 -0.5 -0.866025 8.82098e-08 0.5 -0.866025 8.82098e-08 0.866025 0.5 -8.26967e-08 0 1 -8.54533e-08 -0.866025 0.5 -8.26967e-08 -0.866025 -0.5 -8.26967e-08 0 -1 -8.54533e-08 0.866025 -0.5 -8.26967e-08 1 0 0 0.5 0.866025 0 -0.5 0.866025 0 -1 0 0 -0.5 -0.866025 0 0.5 -0.866025 0 0.866025 0.5 0 0 1 0 -0.866025 0.5 0 -0.866025 -0.5 0 0 -1 0 0.866025 -0.5 0 1 0 9.09664e-08 0.5 0.866025 8.82098e-08 -0.5 0.866025 8.82098e-08 -1 0 9.09664e-08 -0.5 -0.866025 8.82098e-08 0.5 -0.866025 8.82098e-08 0.866025 0.5 -8.26967e-08 0 1 -8.54533e-08 -0.866025 0.5 -8.26967e-08 -0.866025 -0.5 -8.26967e-08 0 -1 -8.54533e-08 0.866025 -0.5 -8.26967e-08 1 0 0 0.5 0.866025 0 -0.5 0.866025 0 -1 0 0 -0.5 -0.866025 0 0.5 -0.866025 0 0.866025 0.5 8.82098e-08 0 1 9.09664e-08 -0.866025 0.5 8.82098e-08 -0.866025 -0.5 8.82098e-08 0 -1 9.09664e-08 0.866025 -0.5 8.82098e-08 1 0 -8.54533e-08 0.5 0.866025 -8.26967e-08 -0.5 0.866025 -8.26967e-08 -1 0 -8.54533e-08 -0.5 -0.866025 -8.26967e-08 0.5 -0.866025 -8.26967e-08 0.866025 0.5 0 0 1 0 -0.866025 0.5 0 -0.866025 -0.5 0 0 -1 0 0.866025 -0.5 0 1 0 0 0.5 0.866025 0 -0.5 0.866025 0 -1 0 0 -0.5 -0.866025 0 0.5 -0.866025 0 0.866025 0.5 8.82098e-08 0 1 9.09664e-08 -0.866025 0.5 8.82098e-08 -0.866025 -0.5 8.82098e-08 0 -1 9.09664e-08 0.866025 -0.5 8.82098e-08 1 0 -8.54533e-08 0.5 0.866025 -8.26967e-08 -0.5 0.866025 -8.26967e-08 -1 0 -8.54533e-08 -0.5 -0.866025 -8.26967e-08 0.5 -0.866025 -8.26967e-08 0.866025 0.5 0 0 1 0 -0.866025 0.5 0 -0.866025 -0.5 0 0 -1 0 0.866025 -0.5 0 1 0 0 0.5 0.866025 0 -0.5 0.866025 0 -1 0 0 -0.5 -0.866025 0 0.5 -0.866025 0 0.866025 0.5 0 0 1 0 -0.866025 0.5 0 -0.866025 -0.5 0 0 -1 0 0.866025 -0.5 0 1 0 1.7642e-07 0.5 0.866025 1.70907e-07 -0.5 0.866025 1.70907e-07 -1 0 1.7642e-07 -0.5 -0.866025 1.70907e-07 0.5 -0.866025 1.70907e-07 0.866025 0.5 -1.70907e-07 0 1 -1.7642e-07 -0.866025 0.5 -1.70907e-07 -0.866025 -0.5 -1.70907e-07 0 -1 -1.7642e-07 0.866025 -0.5 -1.70907e-07 1 0 0 0.5 0.866025 0 -0.5 0.866025 0 -1 0 0 -0.5 -0.866025 0 0.5 -0.866025 0 0.866025 0.5 0 0 1 0 -0.866025 0.5 0 -0.866025 -0.5 0 0 -1 0 0.866025 -0.5 0 1 0 0 0.5 0.866025 0 -0.5 0.866025 0 -1 0 0 -0.5 -0.866025 0 0.5 -0.866025 0 0.866025 0.5 0 0 1 0 -0.866025 0.5 0 -0.866025 -0.5 0 0 -1 0 0.866025 -0.5 0 1 0 0 0.5 0.866025 0 -0.5 0.866025 0 -1 0 0 -0.5 -0.866025 0 0.5 -0.866025 0 0.866025 0.5 1.70907e-07 0 1 1.7642e-07 -0.866025 0.5 1.70907e-07 -0.866025 -0.5 1.70907e-07 0 -1 1.7642e-07 0.866025 -0.5 1.70907e-07 1 0 -1.7642e-07 0.5 0.866025 -1.70907e-07 -0.5 0.866025 -1.70907e-07 -1 0 -1.7642e-07 -0.5 -0.866025 -1.70907e-07 0.5 -0.866025 -1.70907e-07 0.866025 0.5 0 0 1 0 -0.866025 0.5 0 -0.866025 -0.5 0 0 -1 0 0.866025 -0.5 0 1 0 0 0.5 0.866025 0 -0.5 0.866025 0 -1 0 0 -0.5 -0.866025 0 0.5 -0.866025 0 0.866025 0.5 0 0 1 0 -0.866025 0.5 0 -0.866025 -0.5 0 0 -1 0 0.866025 -0.5 0 1 0 0 0.5 0.866025 0 -0.5 0.866025 0 -1 0 0 -0.5 -0.866025 0 0.5 -0.866025 0 0.866025 0.5 0 0 1 0 -0.866025 0.5 0 -0.866025 -0.5 0 0 -1 0 0.866025 -0.5 0 1 0 1.7642e-07 0.5 0.866025 1.70907e-07 -0.5 0.866025 1.70907e-07 -1 0 1.7642e-07 -0.5 -0.866025 1.70907e-07 0.5 -0.866025 1.70907e-07 0.866025 0.5 -1.70907e-07 0 1 -1.7642e-07 -0.866025 0.5 -1.70907e-07 -0.866025 -0.5 -1.70907e-07 0 -1 -1.7642e-07 0.866025 -0.5 -1.70907e-07 1 0 0 0.5 0.866025 0 -0.5 0.866025 0 -1 0 0 -0.5 -0.866025 0 0.5 -0.866025 0 0.866025 0.5 0 0 1 0 -0.866025 0.5 0 -0.866025 -0.5 0 0 -1 0 0.866025 -0.5 0 1 0 0 0.5 0.866025 0 -0.5 0.866025 0 -1 0 0 -0.5 -0.866025 0 0.5 -0.866025 0 0.866025 0.5 0 0 1 0 -0.866025 0.5 0 -0.866025 -0.5 0 0 -1 0 0.866025 -0.5 0 1 0 0 0.5 0.866025 0 -0.5 0.866025 0 -1 0 0 -0.5 -0.866025 0 0.5 -0.866025 0 0.866025 0.5 1.70907e-07 0 1 1.7642e-07 -0.866025 0.5 1.70907e-07 -0.866025 -0.5 1.70907e-07 0 -1 1.7642e-07 0.866025 -0.5 1.70907e-07 1 0 -1.7642e-07 0.5 0.866025 -1.70907e-07 -0.5 0.866025 -1.70907e-07 -1 0 -1.7642e-07 -0.5 -0.866025 -1.70907e-07 0.5 -0.866025 -1.70907e-07 0.866025 0.5 0 0 1 0 -0.866025 0.5 0 -0.866025 -0.5 0 0 -1 0 0.866025 -0.5 0 1 0 0 0.5 0.866025 0 -0.5 0.866025 0 -1 0 0 -0.5 -0.866025 0 0.5 -0.866025 0 0.866025 0.5 0 0 1 0 -0.866025 0.5 0 -0.866025 -0.5 0 0 -1 0 0.866025 -0.5 0 1 0 0 0.5 0.866025 0 -0.5 0.866025 0 -1 0 0 -0.5 -0.866025 0 0.5 -0.866025 0 0.866025 0.5 1.70907e-07 0 1 1.7642e-07 -0.866025 0.5 1.70907e-07 -0.866025 -0.5 1.70907e-07 0 -1 1.7642e-07 0.866025 -0.5 1.70907e-07 1 0 -1.7642e-07 0.5 0.866025 -1.70907e-07 -0.5 0.866025 -1.70907e-07 -1 0 -1.7642e-07 -0.5 -0.866025 -1.70907e-07 0.5 -0.866025 -1.70907e-07 0.866025 0.5 0 0 1 0 -0.866025 0.5 0 -0.866025 -0.5 0 0 -1 0 0.866025 -0.5 0 1 0 0 0.5 0.866025 0 -0.5 0.866025 0 -1 0 0 -0.5 -0.866025 0 0.5 -0.866025 0 0.866025 0.5 0 0 1 0 -0.866025 0.5 0 -0.866025 -0.5 0 0 -1 0 0.866025 -0.5 0 1 0 0 0.5 0.866025 0 -0.5 0.866025 0 -1 0 0 -0.5 -0.866025 0 0.5 -0.866025 0 0.866025 0.5 0 0 1 0 -0.866025 0.5 0 -0.866025 -0.5 0 0 -1 0 0.866025 -0.5 0 1 0 1.7642e-07 0.5 0.866025 1.70907e-07 -0.5 0.866025 1.70907e-07 -1 0 1.7642e-07 -0.5 -0.866025 1.70907e-07 0.5 -0.866025 1.70907e-07 0.866025 0.5 -1.70907e-07 0 1 -1.7642e-07 -0.866025 0.5 -1.70907e-07 -0.866025 -0.5 -1.70907e-07 0 -1 -1.7642e-07 0.866025 -0.5 -1.70907e-07 1 0 0 0.5 0.866025 0 -0.5 0.866025 0 -1 0 0 -0.5 -0.866025 0 0.5 -0.866025 0 0.866025 0.5 0 0 1 0 -0.866025 0.5 0 -0.866025 -0.5 0 0 -1 0 0.866025 -0.5 0 1 0 0 0.5 0.866025 0 -0.5 0.866025 0 -1 0 0 -0.5 -0.866025 0 0.5 -0.866025 0 0.866025 0.5 0 0 1 0 -0.866025 0.5 0 -0.866025 -0.5 0 0 -1 0 0.866025 -0.5 0 1 0 0 0.5 0.866025 0 -0.5 0.866025 0 -1 0 0 -0.5 -0.866025 0 0.5 -0.866025 0 0.866025 0.5 1.70907e-07 0 1 1.7642e-07 -0.866025 0.5 1.70907e-07 -0.866025 -0.5 1.70907e-07 0 -1 1.7642e-07 0.866025 -0.5 1.70907e-07 1 0 -1.7642e-07 0.5 0.866025 -1.70907e-07 -0.5 0.866025 -1.70907e-07 -1 0 -1.7642e-07 -0.5 -0.866025 -1.70907e-07 0.5 -0.866025 -1.70907e-07 0.866025 0.5 0 0 1 0 -0.866025 0.5 0 -0.866025 -0.5 0 0 -1 0 0.866025 -0.5 0 1 0 0 0.5 0.866025 0 -0.5 0.866025 0 -1 0 0 -0.5 -0.866025 0 0.5 -0.866025 0 0.866025 0.5 0 0 1 0 -0.866025 0.5 0 -0.866025 -0.5 0 0 -1 0 0.866025 -0.5 0 1 0 0 0.5 0.866025 0 -0.5 0.866025 0 -1 0 0 -0.5 -0.866025 0 0.5 -0.866025 0 0.866025 0.5 0 0 1 0 -0.866025 0.5 0 -0.866025 -0.5 0 0 -1 0 0.866025 -0.5 0 1 0 1.7642e-07 0.5 0.866025 1.70907e-07 -0.5 0.866025 1.70907e-07 -1 0 1.7642e-07 -0.5 -0.866025 1.70907e-07 0.5 -0.866025 1.70907e-07 0.866025 0.5 -1.70907e-07 0 1 -1.7642e-07 -0.866025 0.5 -1.70907e-07 -0.866025 -0.5 -1.70907e-07 0 -1 -1.7642e-07 0.866025 -0.5 -1.70907e-07 1 0 0 0.5 0.866025 0 -0.5 0.866025 0 -1 0 0 -0.5 -0.866025 0 0.5 -0.866025 0 0.866025 0.5 0 0 1 0 -0.866025 0.5 0 -0.866025 -0.5 0 0 -1 0 0.866025 -0.5 0 0.998548 0 0.0538637 0.499274 0.864768 0.0538636 -0.499274 0.864768 0.0538636 -0.998548 0 0.0538637 -0.499274 -0.864768 0.0538636 0.499274 -0.864768 0.0538636 0 0 -1 0 0 -1 0 0 -1 0 0 -1 0 0 -1 0 0 -1 0 0 -1 0 0 1 0 0 1 0 0 1 0 0 1 0 0 1 0 0 1 0 0 1"/>
    </IndexedTriangleSet>
   </Shape>
  </Transform>
  </Group>
  <Group>
  <Transform rotation="0 0 1 0" translation="0 0 0">
   <Shape>
    <Appearance USE='ap2'/>
    <IndexedTriangleSet DEF='its5' index="0 1 6 1 7 6 1 2 7 2 8 7 2 3 8 3 9 8 3 4 9 4 10 9 4 5 10 5 11 10 5 0 11 0 6 11 6 7 13 6 13 12 7 8 14 7 14 13 8 9 15 8 15 14 9 10 16 9 16 15 10 11 17 10 17 16 11 6 12 11 12 17 12 13 18 13 19 18 13 14 19 14 20 19 14 15 20 15 21 20 15 16 21 16 22 21 16 17 22 17 23 22 17 12 23 12 18 23 24 26 25 24 27 26 24 28 27 24 29 28 24 30 29 24 25 30 31 32 33 31 33 34 31 34 35 31 35 36 31 36 37 31 37 32" solid="false" colorPerVertex="false">
     <Coordinate point="1 0 -0.03 1 0.0259808 -0.015 1 0.0259808 0.015 1 3.67394e-18 0.03 1 -0.0259808 0.015 1 -0.0259808 -0.015 1.03333 0.01 -0.0173205 1.03333 0.02 -1.22465e-18 1.03333 0.01 0.0173205 1.03333 -0.01 0.0173205 1.03333 -0.02 3.67394e-18 1.03333 -0.01 -0.0173205 1.06667 0 -0.01 1.06667 0.00866025 -0.005 1.06667 0.00866025 0.005 1.06667 1.22465e-18 0.01 1.06667 -0.00866025 0.005 1.06667 -0.00866025 -0.005 1.1 0 0 1.1 0 0 1.1 0 0 1.1 0 0 1.1 0 0 1.1 0 0 1 0 0 1 0 -0.03 1 0.0259808 -0.015 1 0.0259808 0.015 1 3.67394e-18 0.03 1 -0.0259808 0.015 1 -0.0259808 -0.015 1.1 0 0 1.1 0 0 1.1 0 0 1.1 0 0 1.1 0 0 1.1 0 0 1.1 0 0"/>
     <Normal vector="0.259327 0 -0.96579 0.259327 0.836398 -0.482895 0.259327 0.836398 0.482895 0.259327 0 0.96579 0.259327 -0.836398 0.482895 0.259327 -0.836398 -0.482895 0.298397 0.477221 -0.826571 0.298397 0.954442 0 0.298397 0.477221 0.826571 0.298397 -0.477221 0.826571 0.298397 -0.954442 0 0.298397 -0.477221 -0.826571 0.302324 0 -0.953205 0.302324 0.8255 -0.476603 0.302324 0.8255 0.476603 0.302324 0 0.953205 0.302324 -0.8255 0.476603 0.302324 -0.8255 -0.476603 0.25146 0.483934 -0.838198 0.25146 0.967868 0 0.25146 0.483934 0.838198 0.25146 -0.483934 0.838198 0.25146 -0.967868 0 0.25146 -0.483934 -0.838198 -1 0 0 -1 0 0 -1 0 0 -1 0 0 -1 0 0 -1 0 0 -1 0 0 1 0 0 1 0 0 1 0 0 1 0 0 1 0 0 1 0 0 1 0 0"/>
    </IndexedTriangleSet>
   </Shape>
  </Transform>
  </Group>
  <Group>
  <Transform rotation="0 0 1 0" translation="0 0 0">
   <Shape>
    <Appearance USE='ap3'/>
    <IndexedTriangleSet DEF='its6' index="0 1 6 1 7 6 1 2 7 2 8 7 2 3 8 3 9 8 3 4 9 4 10 9 4 5 10 5 11 10 5 0 11 0 6 11 6 7 13 6 13 12 7 8 14 7 14 13 8 9 15 8 15 14 9 10 16 9 16 15 10 11 17 10 17 16 11 6 12 11 12 17 12 13 18 13 19 18 13 14 19 14 20 19 14 15 20 15 21 20 15 16 21 16 22 21 16 17 22 17 23 22 17 12 23 12 18 23 24 26 25 24 27 26 24 28 27 24 29 28 24 30 29 24 25 30 31 32 33 31 33 34 31 34 35 31 35 36 31 36 37 31 37 32" solid="false" colorPerVertex="false">
     <Coordinate point="0.03 1 0 0.015 1 -0.0259808 -0.015 1 -0.0259808 -0.03 1 -3.67394e-18 -0.015 1 0.0259808 0.015 1 0.0259808 0.0173205 1.03333 -0.01 1.22465e-18 1.03333 -0.02 -0.0173205 1.03333 -0.01 -0.0173205 1.03333 0.01 -3.67394e-18 1.03333 0.02 0.0173205 1.03333 0.01 0.01 1.06667 0 0.005 1.06667 -0.00866025 -0.005 1.06667 -0.00866025 -0.01 1.06667 -1.22465e-18 -0.005 1.06667 0.00866025 0.005 1.06667 0.00866025 0 1.1 0 0 1.1 0 0 1.1 0 0 1.1 0 0 1.1 0 0 1.1 0 0 1 0 0.03 1 0 0.015 1 -0.0259808 -0.015 1 -0.0259808 -0.03 1 -3.67394e-18 -0.015 1 0.0259808 0.015 1 0.0259808 0 1.1 0 0 1.1 0 0 1.1 0 0 1.1 0 0 1.1 0 0 1.1 0 0 1.1 0"/>
     <Normal vector="0.96579 0.259327 0 0.482895 0.259327 -0.836398 -0.482895 0.259327 -0.836398 -0.96579 0.259327 0 -0.482895 0.259327 0.836398 0.482895 0.259327 0.836398 0.826571 0.298397 -0.477221 0 0.298397 -0.954442 -0.826571 0.298397 -0.477221 -0.826571 0.298397 0.477221 0 0.298397 0.954442 0.826571 0.298397 0.477221 0.953205 0.302324 0 0.476603 0.302324 -0.8255 -0.476603 0.302324 -0.8255 -0.953205 0.302324 0 -0.476603 0.302324 0.8255 0.476603 0.302324 0.8255 0.838198 0.25146 -0.483934 0 0.25146 -0.967868 -0.838198 0.25146 -0.483934 -0.838198 0.25146 0.483934 0 0.25146 0.967868 0.838198 0.25146 0.483934 0 -1 0 0 -1 0 0 -1 0 0 -1 0 0 -1 0 0 -1 0 0 -1 0 1 0 0 1 0 0 1 0 0 1 0 0 1 0 0 1 0 0 1 0 0"/>
    </IndexedTriangleSet>
   </Shape>
  </Transform>
  </Group>
  <Group>
  <Transform rotation="0 0 1 0" translation="0 0 0">
   <Shape>
    <Appearance USE='ap4'/>
    <IndexedTriangleSet DEF='its7' index="0 1 6 1 7 6 1 2 7 2 8 7 2 3 8 3 9 8 3 4 9 4 10 9 4 5 10 5 11 10 5 0 11 0 6 11 6 7 13 6 13 12 7 8 14 7 14 13 8 9 15 8 15 14 9 10 16 9 16 15 10 11 17 10 17 16 11 6 12 11 12 17 12 13 18 13 19 18 13 14 19 14 20 19 14 15 20 15 21 20 15 16 21 16 22 21 16 17 22 17 23 22 17 12 23 12 18 23 24 26 25 24 27 26 24 28 27 24 29 28 24 30 29 24 25 30 31 32 33 31 33 34 31 34 35 31 35 36 31 36 37 31 37 32" solid="false" colorPerVertex="false">
     <Coordinate point="0.03 0 1 0.015 0.0259808 1 -0.015 0.0259808 1 -0.03 3.67394e-18 1 -0.015 -0.0259808 1 0.015 -0.0259808 1 0.0173205 0.01 1.03333 1.22465e-18 0.02 1.03333 -0.0173205 0.01 1.03333 -0.0173205 -0.01 1.03333 -3.67394e-18 -0.02 1.03333 0.0173205 -0.01 1.03333 0.01 0 1.06667 0.005 0.00866025 1.06667 -0.005 0.00866025 1.06667 -0.01 1.22465e-18 1.06667 -0.005 -0.00866025 1.06667 0.005 -0.00866025 1.06667 0 0 1.1 0 0 1.1 0 0 1.1 0 0 1.1 0 0 1.1 0 0 1.1 0 0 1 0.03 0 1 0.015 0.0259808 1 -0.015 0.0259808 1 -0.03 3.67394e-18 1 -0.015 -0.0259808 1 0.015 -0.0259808 1 0 0 1.1 0 0 1.1 0 0 1.1 0 0 1.1 0 0 1.1 0 0 1.1 0 0 1.1"/>
     <Normal vector="0.96579 0 0.259327 0.482895 0.836398 0.259327 -0.482895 0.836398 0.259327 -0.96579 0 0.259327 -0.482895 -0.836398 0.259327 0.482895 -0.836398 0.259327 0.826571 0.477221 0.298397 0 0.954442 0.298397 -0.826571 0.477221 0.298397 -0.826571 -0.477221 0.298397 0 -0.954442 0.298397 0.826571 -0.477221 0.298397 0.953205 0 0.302324 0.476603 0.8255 0.302324 -0.476603 0.8255 0.302324 -0.953205 0 0.302324 -0.476603 -0.8255 0.302324 0.476603 -0.8255 0.302324 0.838198 0.483934 0.25146 0 0.967868 0.25146 -0.838198 0.483934 0.25146 -0.838198 -0.483934 0.25146 0 -0.967868 0.25146 0.838198 -0.483934 0.25146 0 0 -1 0 0 -1 0 0 -1 0 0 -1 0 0 -1 0 0 -1 0 0 -1 1 0 0 1 0 0 1 0 0 1 0 0 1 0 0 1 0 0 1 0 0"/>
    </IndexedTriangleSet>
   </Shape>
  </Transform>
  </Group>
 </Scene>
</X3D>
