<?xml version='1.0' encoding='UTF-8'?>
<X3D version='3.3' profile='Interchange'
 xmlns:xsd='http://www.w3.org/2001/XMLSchema-instance'
 xsd:noNamespaceSchemaLocation='http://www.web3d.org/specifications/x3d-3.3.xsd'>
 <head>
  <unit category='length' name='ångström' conversionFactor='1e-10'/>
  <meta name="generator" content="UCSF-ChimeraX/1.2 (Windows 10.0.19041), http://www.rbvi.ucsf.edu/chimerax/"/>
  <meta name="created" content="2026-07-29T14:28:30.736303+00:00Z"/>
  <meta name="creator" content="grsou"/>
  <meta name="dateCopyrighted" content="© 2026 grsou"/>
  <meta name="ChimeraX-commit" content="c899b5336ed08abd3ca5e0ddaaf0e382729be282"/>
  <meta name="ChimeraX-date" content="2021-05-24 04:13:57 UTC"/>
  <meta name="ChimeraX-branch" content="release/v1.2"/>
 </head>
 <Scene>
  <Viewpoint centerOfRotation="0.05 0.05 0.05" fieldOfView="0.523599" orientation="0 0 1 0" position="0.05 0.05 4.61794"/>
  <NavigationInfo type='"EXAMINE" "ANY"' headlight='true'/>
  <Background skyColor='1 1 1' transparency='0'/>
  <Group>
  <Transform rotation="0 0 1 0" translation="0 0 0">
   <Shape>
    <Appearance DEF='ap0'>
     <Material ambientIntensity='1' diffuseColor='1 0.666667 0' specularColor='0.85 0.85 0.85' shininess='0.234375' transparency='0'/>
    </Appearance>
    <IndexedTriangleSet DEF='its0' index="8 1 0 7 8 0 6 47 48 0 47 6 7 0 6 35 0 1 35 33 0 47 0 33 9 2 1 8 9 1 37 1 2 37 35 1 2 51 50 10 51 2 9 10 2 50 37 2 13 4 3 12 13 3 11 55 56 3 55 11 12 3 11 41 3 4 41 39 3 55 3 39 14 5 4 13 14 4 43 4 5 43 41 4 5 59 58 15 59 5 14 15 5 58 43 5 17 7 6 16 17 6 62 16 6 62 70 16 62 6 48 18 8 7 17 18 7 19 9 8 18 19 8 20 10 9 19 20 9 10 72 64 10 20 72 64 51 10 22 12 11 21 22 11 66 21 11 66 74 21 66 11 56 23 13 12 22 23 12 24 14 13 23 24 13 25 15 14 24 25 14 15 76 68 15 25 76 68 59 15 26 80 79 16 80 26 17 16 26 80 16 70 27 18 17 26 27 17 28 19 18 27 28 18 20 82 83 28 82 20 19 28 20 83 72 20 29 88 87 21 88 29 22 21 29 88 21 74 30 23 22 29 30 22 31 24 23 30 31 23 25 90 91 31 90 25 24 31 25 91 76 25 95 27 26 95 97 27 95 26 79 97 28 27 97 99 28 99 82 28 101 30 29 101 103 30 101 29 87 103 31 30 103 105 31 105 90 31 47 33 49 49 33 34 49 34 32 46 127 128 32 127 46 49 32 46 111 32 34 111 109 32 127 32 109 33 35 34 35 36 34 113 34 36 113 111 34 35 37 36 37 38 36 115 36 38 115 113 36 131 50 52 131 37 50 130 37 131 38 37 130 130 115 38 57 137 138 57 40 137 55 40 57 39 40 55 39 41 40 41 42 40 119 40 42 119 117 40 137 40 117 41 43 42 43 44 42 121 42 44 121 119 42 43 58 44 44 58 60 44 60 45 123 44 45 123 121 44 45 141 140 61 141 45 60 61 45 140 123 45 62 48 63 63 48 49 63 49 46 144 63 46 144 150 63 144 46 128 48 47 49 52 50 51 51 64 52 52 64 65 52 65 53 133 52 53 133 131 52 53 152 146 53 65 152 146 133 53 66 56 67 67 56 57 67 57 54 147 67 54 147 154 67 138 54 57 138 135 54 147 54 135 56 55 57 60 58 59 59 68 60 60 68 69 60 69 61 61 156 148 61 69 156 148 141 61 70 62 71 62 63 71 150 71 63 150 158 71 73 65 72 65 64 72 65 160 152 65 73 160 74 66 75 66 67 75 154 75 67 154 162 75 77 69 76 69 68 76 69 164 156 69 77 164 80 70 81 81 70 71 81 71 78 158 78 71 158 166 78 72 83 73 73 83 84 73 84 85 73 168 160 73 85 168 88 74 89 89 74 75 89 75 86 162 86 75 162 169 86 76 91 77 77 91 92 77 92 93 77 170 164 77 93 170 94 174 173 78 174 94 81 78 94 174 78 166 79 80 81 95 79 96 96 79 81 96 81 94 84 83 82 176 99 100 176 82 99 177 82 176 84 82 177 177 85 84 177 179 85 179 168 85 181 89 86 181 184 89 181 86 169 87 88 89 183 102 184 102 101 184 184 101 89 89 101 87 92 91 90 90 105 92 92 105 106 92 106 107 93 186 187 107 186 93 92 107 93 187 170 93 191 96 94 191 193 96 191 94 173 97 95 98 95 96 98 193 98 96 193 195 98 99 97 100 97 98 100 195 100 98 195 197 100 197 176 100 103 101 104 101 102 104 199 104 102 199 201 104 199 102 183 105 103 106 103 104 106 201 106 104 201 203 106 203 107 106 203 205 107 205 186 107 127 109 129 129 109 110 129 110 108 126 224 225 108 224 126 129 108 126 209 108 110 209 208 108 224 108 208 109 111 110 111 112 110 211 110 112 211 209 110 111 113 112 113 114 112 213 112 114 213 211 112 113 115 114 115 116 114 215 114 116 215 213 114 228 130 132 228 115 130 227 115 228 116 115 227 227 215 116 139 232 233 139 118 232 137 118 139 117 118 137 117 119 118 119 120 118 217 118 120 217 216 118 232 118 216 119 121 120 121 122 120 219 120 122 219 217 120 121 123 122 123 124 122 221 122 124 221 219 122 123 140 124 124 140 142 124 142 125 223 124 125 223 221 124 125 236 235 143 236 125 142 143 125 235 223 125 144 128 145 145 128 129 145 129 126 238 145 126 238 242 145 238 126 225 128 127 129 132 130 131 131 133 132 133 134 132 230 132 134 230 228 132 146 134 133 239 134 146 244 239 146 239 230 134 240 135 136 147 135 240 247 147 240 135 138 136 138 139 136 233 136 139 233 231 136 240 136 231 138 137 139 142 140 141 141 148 142 142 148 149 142 149 143 143 250 241 143 149 250 241 236 143 150 144 151 144 145 151 242 151 145 242 252 151 153 245 152 152 245 244 152 244 146 248 155 247 247 155 154 247 154 147 157 149 156 149 148 156 149 256 250 149 157 256 158 150 159 150 151 159 252 159 151 252 258 159 161 153 160 153 152 160 153 260 254 153 161 260 254 245 153 162 154 163 154 155 163 255 163 155 255 261 163 255 155 248 165 157 164 157 156 164 157 262 256 157 165 262 166 158 167 158 159 167 258 167 159 258 264 167 267 161 266 266 161 160 266 160 168 267 260 161 163 270 162 162 270 269 162 269 169 270 163 261 171 165 170 165 164 170 165 272 262 165 171 272 174 166 175 175 166 167 175 167 172 264 172 167 264 274 172 275 179 180 168 179 275 266 168 275 169 182 181 276 182 169 269 276 169 170 187 171 171 187 188 171 188 189 171 277 272 171 189 277 190 279 278 172 279 190 175 172 190 279 172 274 173 174 175 191 173 192 192 173 175 192 175 190 178 177 176 281 197 198 281 176 197 282 176 281 178 176 282 179 177 180 177 178 180 282 180 178 282 284 180 284 275 180 184 181 185 181 182 185 285 185 182 285 287 185 285 182 276 183 184 185 286 200 287 200 199 287 287 199 185 185 199 183 188 187 186 186 205 188 188 205 206 188 206 207 189 289 290 207 289 189 188 207 189 290 277 189 292 192 190 292 293 192 292 190 278 193 191 194 191 192 194 293 194 192 293 295 194 195 193 196 193 194 196 295 196 194 295 297 196 197 195 198 195 196 198 297 198 196 297 299 198 299 281 198 201 199 202 199 200 202 300 202 200 300 301 202 300 200 286 203 201 204 201 202 204 301 204 202 301 303 204 205 203 206 203 204 206 303 206 204 303 305 206 305 207 206 305 307 207 307 289 207 208 226 224 314 226 208 316 314 208 210 315 209 209 315 316 209 316 208 209 211 210 211 212 210 309 210 212 309 308 210 315 210 308 211 213 212 213 214 212 310 212 214 310 309 212 318 214 319 319 214 213 319 213 215 318 310 214 321 227 229 215 227 321 319 215 321 216 234 232 322 234 216 324 322 216 218 323 217 217 323 324 217 324 216 217 219 218 219 220 218 312 218 220 312 311 218 323 218 311 219 221 220 221 222 220 313 220 222 313 312 220 326 222 327 327 222 221 327 221 223 326 313 222 329 235 237 223 235 329 327 223 329 225 224 226 330 225 226 238 225 330 336 238 330 330 226 314 229 227 228 331 229 332 332 229 228 332 228 230 331 321 229 239 332 230 239 339 332 342 231 334 342 240 231 234 333 233 233 333 334 233 334 231 233 232 234 333 234 322 237 235 236 241 237 236 335 237 241 345 335 241 335 329 237 337 243 336 336 243 242 336 242 238 246 340 244 244 340 339 244 339 239 343 249 342 342 249 247 342 247 240 251 346 250 250 346 345 250 345 241 252 242 253 242 243 253 348 253 243 348 352 253 348 243 337 246 244 245 254 246 245 349 246 254 354 349 254 349 340 246 248 247 249 350 248 249 255 248 350 356 255 350 350 249 343 257 251 256 251 250 256 251 358 351 251 257 358 351 346 251 258 252 259 252 253 259 352 259 253 352 360 259 354 254 260 362 354 260 261 255 356 261 356 364 263 257 262 257 256 262 257 366 358 257 263 366 264 258 265 258 259 265 360 265 259 360 368 265 369 267 268 260 267 369 362 260 369 261 271 270 370 271 261 364 370 261 273 263 272 263 262 272 263 371 366 263 273 371 265 373 264 264 373 372 264 372 274 373 265 368 268 267 266 376 268 375 375 268 266 375 266 275 376 369 268 269 270 271 271 379 269 269 379 378 269 378 276 379 271 370 382 273 381 381 273 272 381 272 277 382 371 273 274 280 279 384 280 274 372 384 274 284 375 275 284 386 375 388 276 378 388 285 276 389 290 291 277 290 389 381 277 389 278 279 280 390 278 280 292 278 390 392 292 390 390 280 384 283 282 281 299 283 281 397 283 299 395 397 299 283 385 282 282 385 386 282 386 284 397 385 283 387 288 388 388 288 287 388 287 285 286 287 288 398 286 288 300 286 398 400 300 398 398 288 387 291 290 289 307 291 289 405 291 307 403 405 307 405 389 291 391 294 392 392 294 293 392 293 292 295 293 296 293 294 296 406 296 294 406 407 296 406 294 391 297 295 298 295 296 298 407 298 296 407 408 298 298 394 297 297 394 395 297 395 299 408 394 298 399 302 400 400 302 301 400 301 300 303 301 304 301 302 304 409 304 302 409 410 304 409 302 399 305 303 306 303 304 306 410 306 304 410 411 306 306 402 305 305 402 403 305 403 307 411 402 306 308 317 315 412 317 308 413 412 308 308 309 414 413 308 414 309 310 415 414 309 415 416 318 320 310 318 416 415 310 416 311 325 323 417 325 311 418 417 311 311 312 419 418 311 419 312 313 420 419 312 420 421 326 328 313 326 421 420 313 421 432 314 423 432 330 314 317 422 316 316 422 423 316 423 314 316 315 317 422 317 412 320 318 319 425 320 426 426 320 319 426 319 321 425 416 320 331 426 321 331 435 426 440 322 428 440 333 322 325 427 324 324 427 428 324 428 322 324 323 325 427 325 417 328 326 327 429 328 430 430 328 327 430 327 329 429 421 328 335 430 329 335 443 430 433 338 432 432 338 336 432 336 330 435 331 436 331 332 436 438 339 341 332 339 438 436 332 438 333 440 334 440 441 334 334 344 342 439 344 334 441 439 334 347 444 345 345 444 443 345 443 335 337 336 338 446 337 338 348 337 446 450 348 446 446 338 433 341 339 340 349 341 340 447 341 349 453 447 349 447 438 341 343 342 344 448 343 344 350 343 448 456 350 448 448 344 439 347 345 346 351 347 346 449 347 351 459 449 351 449 444 347 451 353 450 450 353 352 450 352 348 355 454 354 354 454 453 354 453 349 457 357 456 456 357 356 456 356 350 359 460 358 358 460 459 358 459 351 360 352 361 352 353 361 462 361 353 462 466 361 462 353 451 363 355 362 355 354 362 355 467 463 355 363 467 463 454 355 364 356 365 356 357 365 464 365 357 464 468 365 464 357 457 367 359 366 359 358 366 359 469 465 359 367 469 465 460 359 361 471 360 360 471 470 360 470 368 471 361 466 474 363 473 473 363 362 473 362 369 474 467 363 365 477 364 364 477 476 364 476 370 477 365 468 480 367 479 479 367 366 479 366 371 480 469 367 368 374 373 482 374 368 470 482 368 483 376 377 369 376 483 473 369 483 370 380 379 484 380 370 476 484 370 485 382 383 371 382 485 479 371 485 372 373 374 374 487 372 372 487 486 372 486 384 487 374 482 377 376 375 386 377 375 492 377 386 490 492 386 492 483 377 378 379 380 493 378 380 388 378 493 495 388 493 493 380 484 383 382 381 498 383 497 497 383 381 497 381 389 498 485 383 501 384 486 501 390 384 490 386 489 386 385 489 397 489 385 397 504 489 388 495 387 495 494 387 506 387 494 506 398 387 405 497 389 405 508 497 500 393 501 501 393 392 501 392 390 391 392 393 510 391 393 406 391 510 511 406 510 510 393 500 396 395 394 408 396 394 514 396 408 513 514 408 396 503 395 395 503 504 395 504 397 514 503 396 505 401 506 506 401 400 506 400 398 399 400 401 515 399 401 409 399 515 516 409 515 515 401 505 404 403 402 411 404 402 519 404 411 518 519 411 404 507 403 403 507 508 403 508 405 519 507 404 512 407 406 512 406 511 513 408 407 513 407 512 517 410 409 517 409 516 518 411 410 518 410 517 412 424 422 520 424 412 521 520 412 412 413 522 521 412 522 413 414 524 522 413 524 414 415 526 524 414 526 415 416 527 526 415 527 425 527 416 425 538 527 542 417 528 542 427 417 417 418 529 528 417 529 418 419 530 529 418 530 419 420 532 530 419 532 420 421 534 532 420 534 535 429 431 421 429 535 534 421 535 423 422 424 434 536 537 434 424 536 432 424 434 423 424 432 536 424 520 538 425 539 425 426 539 540 435 437 426 435 540 539 426 540 427 542 428 542 543 428 428 442 440 541 442 428 543 541 428 431 429 430 545 443 445 545 430 443 544 430 545 431 430 544 544 535 431 433 432 434 546 433 434 446 433 546 552 446 546 546 434 537 437 435 436 547 437 548 548 437 436 548 436 438 547 540 437 447 548 438 447 555 548 557 439 550 557 448 439 442 549 441 441 549 550 441 550 439 441 440 442 549 442 541 445 443 444 449 445 444 551 445 449 559 551 449 551 545 445 553 452 552 552 452 450 552 450 446 455 556 453 453 556 555 453 555 447 558 458 557 557 458 456 557 456 448 461 560 459 459 560 559 459 559 449 451 450 452 562 451 452 462 451 562 566 462 562 562 452 553 455 453 454 463 455 454 563 455 463 567 563 463 563 556 455 457 456 458 564 457 458 464 457 564 568 464 564 564 458 558 461 459 460 465 461 460 565 461 465 569 565 465 565 560 461 466 462 566 466 566 570 567 463 467 571 567 467 468 464 568 468 568 572 569 465 469 573 569 469 466 472 471 574 472 466 570 574 466 575 474 475 467 474 575 571 467 575 468 478 477 576 478 468 572 576 468 577 480 481 469 480 577 573 469 577 470 471 472 472 579 470 470 579 578 470 578 482 579 472 574 475 474 473 582 475 581 581 475 473 581 473 483 582 575 475 476 477 478 478 584 476 476 584 583 476 583 484 584 478 576 481 480 479 586 481 585 585 481 479 585 479 485 586 577 481 482 488 487 588 488 482 578 588 482 492 581 483 492 590 581 592 484 583 592 493 484 593 498 499 485 498 593 585 485 593 486 487 488 594 502 595 502 501 595 595 501 488 488 501 486 595 488 588 491 490 489 504 491 489 598 491 504 597 598 504 491 589 490 490 589 590 490 590 492 598 589 491 591 496 592 592 496 495 592 495 493 494 495 496 599 494 496 506 494 599 601 506 599 599 496 591 499 498 497 602 508 509 602 497 508 603 497 602 499 497 603 603 593 499 500 501 502 604 500 502 510 500 604 605 510 604 604 502 594 597 504 596 504 503 596 514 596 503 514 611 596 506 601 505 601 600 505 612 505 600 612 515 505 509 508 507 519 509 507 619 509 519 618 619 519 619 602 509 606 511 510 606 510 605 608 512 511 608 511 606 610 513 512 610 512 608 611 514 513 611 513 610 613 516 515 613 515 612 614 517 516 614 516 613 616 518 517 616 517 614 618 519 518 618 518 616 636 520 624 636 536 520 520 521 626 624 520 626 523 625 522 522 625 626 522 626 521 522 524 523 524 525 523 621 523 525 621 620 523 625 523 620 627 525 628 628 525 524 628 524 526 627 621 525 526 527 629 628 526 629 538 629 527 538 638 629 643 528 630 643 542 528 528 529 632 630 528 632 531 631 530 530 631 632 530 632 529 530 532 531 532 533 531 623 531 533 623 622 531 631 531 622 633 533 634 634 533 532 634 532 534 633 623 533 534 535 635 634 534 635 544 635 535 544 646 635 536 636 537 636 637 537 648 537 637 648 546 537 638 538 639 538 539 639 539 540 641 639 539 641 547 641 540 547 650 641 652 541 642 652 549 541 541 543 644 642 541 644 542 643 543 643 644 543 646 544 647 544 545 647 551 647 545 551 654 647 649 554 648 648 554 552 648 552 546 650 547 651 547 548 651 555 651 548 555 657 651 549 652 550 652 653 550 659 550 653 659 557 550 561 655 559 559 655 654 559 654 551 553 552 554 656 553 554 562 553 656 662 562 656 656 554 649 657 555 658 555 556 658 563 658 556 563 663 658 557 659 558 659 660 558 664 558 660 664 564 558 561 559 560 565 561 560 661 561 565 665 661 565 661 655 561 566 562 662 566 662 666 663 563 567 667 663 567 568 564 664 568 664 668 665 565 569 669 665 569 570 566 666 570 666 670 667 567 571 671 667 571 572 568 668 572 668 672 669 569 573 673 669 573 574 570 670 574 670 674 671 571 575 675 671 575 576 572 672 576 672 676 673 573 577 677 673 577 574 580 579 678 580 574 674 678 574 582 675 575 582 680 675 682 576 676 682 584 576 683 586 587 577 586 683 677 577 683 578 579 580 580 685 578 578 685 684 578 684 588 685 580 678 680 582 679 582 581 679 590 679 581 590 687 679 584 682 583 682 681 583 689 583 681 689 592 583 587 586 585 691 587 690 690 587 585 690 585 593 691 683 587 693 588 684 693 595 588 687 590 686 590 589 686 598 686 589 598 697 686 592 689 591 689 688 591 698 591 688 698 599 591 603 690 593 603 703 690 595 693 594 693 692 594 704 594 692 704 604 594 695 597 694 597 596 694 611 694 596 611 709 694 697 598 597 697 597 695 700 601 599 700 599 698 601 700 600 700 699 600 710 600 699 710 612 600 703 603 702 603 602 702 619 702 602 619 715 702 706 605 604 706 604 704 705 607 706 706 607 606 706 606 605 608 606 609 606 607 609 716 609 607 716 717 609 716 607 705 609 707 608 608 707 708 608 708 610 717 707 609 709 611 610 709 610 708 712 613 612 712 612 710 711 615 712 712 615 614 712 614 613 616 614 617 614 615 617 718 617 615 718 719 617 718 615 711 617 713 616 616 713 714 616 714 618 719 713 617 715 619 618 715 618 714 725 620 720 725 625 620 620 621 721 720 620 721 627 721 621 627 727 721 733 622 722 733 631 622 622 623 723 722 622 723 633 723 623 633 735 723 738 624 724 738 636 624 624 626 726 724 624 726 625 725 626 725 726 626 727 627 728 627 628 728 628 629 729 728 628 729 730 638 640 629 638 730 729 629 730 630 645 643 731 645 630 732 731 630 630 632 734 732 630 734 631 733 632 733 734 632 735 633 736 633 634 736 634 635 737 736 634 737 646 737 635 646 744 737 636 738 637 738 739 637 746 637 739 746 648 637 640 638 639 740 640 741 741 640 639 741 639 641 740 730 640 650 741 641 650 748 741 750 642 743 750 652 642 645 742 644 644 742 743 644 743 642 644 643 645 742 645 731 744 646 745 646 647 745 654 745 647 654 752 745 648 746 649 746 747 649 754 649 747 754 656 649 748 650 749 650 651 749 657 749 651 657 755 749 652 750 653 750 751 653 757 653 751 757 659 653 752 654 753 654 655 753 661 753 655 661 759 753 662 656 754 662 754 760 755 657 756 657 658 756 663 756 658 663 761 756 659 757 660 757 758 660 762 660 758 762 664 660 759 661 665 763 759 665 666 662 760 666 760 764 761 663 667 765 761 667 668 664 762 668 762 766 763 665 669 767 763 669 670 666 764 670 764 768 765 667 671 769 765 671 672 668 766 672 766 770 767 669 673 771 767 673 674 670 768 674 768 772 769 671 675 773 769 675 676 672 770 676 770 774 771 673 677 775 771 677 678 674 772 678 772 776 680 773 675 680 778 773 780 676 774 780 682 676 775 677 683 781 775 683 783 678 776 783 685 678 778 680 777 680 679 777 687 777 679 687 785 777 682 780 681 780 779 681 787 681 779 787 689 681 691 781 683 691 789 781 685 783 684 783 782 684 791 684 782 791 693 684 785 687 784 687 686 784 697 784 686 697 793 784 689 787 688 787 786 688 795 688 786 795 698 688 789 691 788 691 690 788 703 788 690 703 797 788 693 791 692 791 790 692 798 692 790 798 704 692 696 695 694 709 696 694 804 696 709 803 804 709 696 792 695 695 792 793 695 793 697 804 792 696 794 701 795 795 701 700 795 700 698 699 700 701 805 699 701 710 699 805 806 710 805 805 701 794 797 703 796 703 702 796 715 796 702 715 811 796 800 706 704 800 704 798 706 800 705 800 799 705 812 705 799 812 716 705 802 708 801 708 707 801 717 801 707 717 813 801 803 709 708 803 708 802 808 712 710 808 710 806 712 808 711 808 807 711 814 711 807 814 718 711 810 714 809 714 713 809 719 809 713 719 815 809 811 715 714 811 714 810 813 717 716 813 716 812 815 719 718 815 718 814 821 720 816 821 725 720 720 721 817 816 720 817 727 817 721 727 823 817 829 722 818 829 733 722 722 723 819 818 722 819 735 819 723 735 831 819 834 724 820 834 738 724 724 726 822 820 724 822 725 821 726 821 822 726 823 727 824 727 728 824 728 729 825 824 728 825 729 730 826 825 729 826 740 826 730 740 836 826 838 731 827 838 742 731 731 732 828 827 731 828 732 734 830 828 732 830 733 829 734 829 830 734 831 735 832 735 736 832 736 737 833 832 736 833 744 833 737 744 840 833 738 834 739 834 835 739 842 739 835 842 746 739 836 740 837 740 741 837 748 837 741 748 844 837 742 838 743 838 839 743 846 743 839 846 750 743 840 744 841 744 745 841 752 841 745 752 848 841 746 842 747 842 843 747 850 747 843 850 754 747 844 748 845 748 749 845 755 845 749 755 851 845 750 846 751 846 847 751 853 751 847 853 757 751 848 752 849 752 753 849 759 849 753 759 855 849 760 754 850 760 850 856 851 755 852 755 756 852 761 852 756 761 857 852 757 853 758 853 854 758 858 758 854 858 762 758 855 759 763 859 855 763 764 760 856 764 856 860 857 761 765 861 857 765 766 762 858 766 858 862 859 763 767 863 859 767 768 764 860 768 860 864 861 765 769 865 861 769 770 766 862 770 862 866 863 767 771 867 863 771 772 768 864 772 864 868 865 769 773 869 865 773 774 770 866 774 866 870 867 771 775 871 867 775 776 772 868 776 868 872 778 869 773 778 874 869 876 774 870 876 780 774 871 775 781 877 871 781 879 776 872 879 783 776 874 778 873 778 777 873 785 873 777 785 881 873 780 876 779 876 875 779 883 779 875 883 787 779 789 877 781 789 885 877 783 879 782 879 878 782 887 782 878 887 791 782 881 785 880 785 784 880 793 880 784 793 889 880 787 883 786 883 882 786 891 786 882 891 795 786 885 789 884 789 788 884 797 884 788 797 893 884 791 887 790 887 886 790 894 790 886 894 798 790 889 793 888 793 792 888 804 888 792 804 900 888 795 891 794 891 890 794 901 794 890 901 805 794 893 797 892 797 796 892 811 892 796 811 907 892 896 800 798 896 798 894 800 896 799 896 895 799 908 799 895 908 812 799 898 802 897 802 801 897 813 897 801 813 909 897 899 803 802 899 802 898 900 804 803 900 803 899 902 806 805 902 805 901 904 808 806 904 806 902 808 904 807 904 903 807 910 807 903 910 814 807 906 810 905 810 809 905 815 905 809 815 911 905 907 811 810 907 810 906 909 813 812 909 812 908 911 815 814 911 814 910 917 816 912 917 821 816 816 817 913 912 816 913 823 913 817 823 919 913 923 818 914 923 829 818 818 819 915 914 818 915 831 915 819 831 925 915 928 820 916 928 834 820 820 822 918 916 820 918 821 917 822 917 918 822 919 823 920 823 824 920 824 825 921 920 824 921 921 932 930 826 932 921 825 826 921 932 826 836 838 827 937 827 935 937 922 935 827 828 922 827 828 830 924 922 828 924 829 923 830 923 924 830 925 831 926 831 832 926 832 833 927 926 832 927 840 927 833 840 938 927 834 928 835 928 929 835 940 835 929 940 842 835 932 836 931 931 836 837 931 837 933 844 933 837 844 942 933 838 937 839 839 937 936 839 936 934 944 839 934 944 846 839 938 840 939 840 841 939 848 939 841 848 946 939 842 940 843 940 941 843 948 843 941 948 850 843 942 844 943 844 845 943 851 943 845 851 949 943 846 944 847 944 945 847 951 847 945 951 853 847 946 848 947 848 849 947 855 947 849 855 953 947 856 850 948 856 948 954 949 851 950 851 852 950 857 950 852 857 955 950 853 951 854 951 952 854 956 854 952 956 858 854 953 855 859 957 953 859 860 856 954 860 954 958 955 857 861 959 955 861 862 858 956 862 956 960 957 859 863 961 957 863 864 860 958 864 958 962 959 861 865 963 959 865 866 862 960 866 960 964 961 863 867 965 961 867 868 864 962 868 962 966 963 865 869 967 963 869 870 866 964 870 964 968 965 867 871 969 965 871 872 868 966 872 966 970 874 967 869 874 972 967 974 870 968 974 876 870 969 871 877 975 969 877 977 872 970 977 879 872 972 874 971 874 873 971 881 971 873 881 979 971 876 974 875 974 973 875 981 875 973 981 883 875 885 975 877 885 983 975 879 977 878 977 976 878 985 878 976 985 887 878 979 881 978 881 880 978 889 978 880 889 989 978 883 981 882 981 980 882 990 882 980 990 891 882 983 885 982 885 884 982 893 982 884 893 995 982 887 985 886 985 984 886 996 886 984 996 894 886 888 988 889 889 988 987 889 987 989 988 888 900 993 890 992 992 890 891 992 891 990 901 890 993 995 893 994 893 892 994 907 994 892 907 1007 994 998 896 894 998 894 996 896 998 895 998 997 895 1008 895 997 1008 908 895 1000 898 999 898 897 999 909 999 897 909 1009 999 1001 899 898 1001 898 1000 900 986 988 1001 986 900 899 1001 900 1002 993 991 901 993 1002 902 901 1002 1004 904 902 1004 902 1002 904 1004 903 1004 1003 903 1010 903 1003 1010 910 903 1006 906 1005 906 905 1005 911 1005 905 911 1011 1005 1007 907 906 1007 906 1006 1009 909 908 1009 908 1008 1011 911 910 1011 910 1010 930 932 931 937 935 936 987 988 986 993 992 991 917 912 1015 1017 912 913 1017 1015 912 1017 913 919 923 914 1023 1025 914 915 1025 1023 914 1025 915 925 1028 916 1012 1028 928 916 916 918 1013 1012 916 1013 917 1015 918 918 1015 1014 918 1014 1013 1017 919 1016 1016 919 920 1016 920 1018 920 921 1019 1018 920 1019 930 1019 921 930 1030 1019 1034 922 1020 1034 935 922 922 924 1021 1020 922 1021 923 1023 924 924 1023 1022 924 1022 1021 1025 925 1024 1024 925 926 1024 926 1026 926 927 1027 1026 926 1027 938 1027 927 938 1036 1027 928 1028 929 1028 1029 929 1038 929 1029 1038 940 929 1030 930 1031 930 931 1031 931 933 1032 1031 931 1032 942 1032 933 942 1039 1032 1041 934 1033 1041 944 934 934 936 1035 1033 934 1035 935 1034 936 1034 1035 936 1036 938 1037 938 939 1037 946 1037 939 946 1043 1037 1046 941 1044 1044 941 940 1044 940 1038 948 941 1046 1039 942 1040 942 943 1040 949 1040 943 949 1047 1040 944 1041 945 1041 1042 945 1049 945 1042 1049 951 945 947 1053 946 946 1053 1051 946 1051 1043 1053 947 953 1054 1046 1045 948 1046 1054 954 948 1054 1047 949 1048 949 950 1048 955 1048 950 955 1055 1048 951 1049 952 1049 1050 952 1056 952 1050 1056 956 952 953 1052 1053 1057 1052 953 957 1057 953 958 954 1054 958 1054 1058 1055 955 959 1059 1055 959 960 956 1056 960 1056 1060 1057 957 961 1061 1057 961 962 958 1058 962 1058 1062 1059 959 963 1063 1059 963 964 960 1060 964 1060 1064 1061 961 965 1065 1061 965 966 962 1062 966 1062 1066 1063 963 967 1067 1063 967 968 964 1064 968 1064 1068 1065 965 969 1069 1065 969 970 1071 1072 1066 1071 970 966 1066 970 972 1067 967 972 1074 1067 1076 968 1068 1076 974 968 1069 1079 1078 975 1079 1069 969 975 1069 977 970 1072 1074 972 1073 972 971 1073 979 1073 971 979 1082 1073 974 1076 973 1076 1075 973 1084 973 1075 1084 981 973 1079 975 983 977 1072 976 976 1072 1070 976 1070 1080 1087 976 1080 1087 985 976 1082 979 1081 979 978 1081 989 1081 978 989 1090 1081 981 1084 980 1084 1083 980 1091 980 1083 1091 990 980 1079 983 1077 1077 983 982 1077 982 1085 995 1085 982 995 1095 1085 985 1087 984 1087 1086 984 1096 984 1086 1096 996 984 1089 987 1088 987 986 1088 1001 1088 986 1001 1103 1088 1090 989 987 1090 987 1089 1093 992 990 1093 990 1091 992 1093 991 1093 1092 991 1104 991 1092 1104 1002 991 1095 995 1094 995 994 1094 1007 1094 994 1007 1111 1094 1097 998 996 1097 996 1096 1099 997 1098 1098 997 998 1098 998 1097 1008 997 1099 999 1101 1000 1000 1101 1100 1000 1100 1102 1101 999 1009 1103 1001 1000 1103 1000 1102 1105 1004 1002 1105 1002 1104 1107 1003 1106 1106 1003 1004 1106 1004 1105 1010 1003 1107 1005 1109 1006 1006 1109 1108 1006 1108 1110 1109 1005 1011 1111 1007 1006 1111 1006 1110 1099 1009 1008 1099 1101 1009 1107 1011 1010 1107 1109 1011 1015 1017 1014 1017 1016 1014 1023 1025 1022 1025 1024 1022 1046 1044 1045 1051 1053 1052 1072 1071 1070 1078 1079 1077 1101 1099 1100 1099 1098 1100 1109 1107 1108 1107 1106 1108 1028 1012 1124 1012 1122 1124 1112 1122 1012 1013 1112 1012 1013 1014 1113 1112 1013 1113 1014 1016 1114 1113 1014 1114 1016 1018 1115 1114 1016 1115 1018 1019 1116 1115 1018 1116 1030 1116 1019 1030 1125 1116 1127 1020 1117 1127 1034 1020 1020 1021 1118 1117 1020 1118 1021 1022 1119 1118 1021 1119 1022 1024 1120 1119 1022 1120 1024 1026 1121 1120 1024 1121 1121 1131 1129 1027 1131 1121 1026 1027 1121 1131 1027 1036 1134 1029 1132 1029 1028 1132 1132 1028 1123 1123 1028 1124 1038 1029 1134 1125 1030 1126 1030 1031 1126 1126 1137 1135 1032 1137 1126 1031 1032 1126 1137 1032 1039 1041 1033 1142 1033 1140 1142 1128 1140 1033 1035 1128 1033 1034 1127 1035 1127 1128 1035 1130 1145 1143 1130 1037 1145 1131 1037 1130 1036 1037 1131 1145 1037 1043 1146 1134 1133 1038 1134 1146 1044 1038 1146 1137 1039 1136 1136 1039 1040 1136 1040 1138 1047 1138 1040 1047 1147 1138 1041 1142 1042 1042 1142 1141 1042 1141 1139 1148 1042 1139 1148 1049 1042 1043 1144 1145 1149 1144 1043 1051 1149 1043 1152 1045 1150 1150 1045 1044 1150 1044 1146 1054 1045 1152 1048 1155 1047 1047 1155 1153 1047 1153 1147 1155 1048 1055 1158 1050 1156 1156 1050 1049 1156 1049 1148 1056 1050 1158 1052 1161 1051 1051 1161 1159 1051 1159 1149 1161 1052 1057 1162 1152 1151 1054 1152 1162 1058 1054 1162 1055 1154 1155 1163 1154 1055 1059 1163 1055 1164 1158 1157 1056 1158 1164 1060 1056 1164 1057 1160 1161 1165 1160 1057 1061 1165 1057 1062 1058 1162 1062 1162 1166 1163 1059 1063 1167 1163 1063 1064 1060 1164 1064 1164 1168 1165 1061 1065 1169 1165 1065 1066 1171 1172 1166 1171 1066 1062 1166 1066 1167 1175 1174 1067 1175 1167 1063 1067 1167 1068 1177 1178 1168 1177 1068 1064 1168 1068 1169 1181 1180 1069 1181 1169 1065 1069 1169 1071 1066 1172 1175 1067 1074 1076 1068 1178 1181 1069 1078 1071 1172 1070 1070 1172 1170 1070 1170 1182 1080 1187 1188 1182 1187 1080 1070 1182 1080 1175 1074 1173 1173 1074 1073 1173 1073 1183 1082 1183 1073 1082 1192 1183 1076 1178 1075 1075 1178 1176 1075 1176 1184 1193 1075 1184 1193 1084 1075 1181 1078 1179 1179 1078 1077 1179 1077 1185 1185 1199 1198 1085 1199 1185 1077 1085 1185 1087 1080 1188 1081 1191 1082 1082 1191 1190 1082 1190 1192 1191 1081 1090 1196 1083 1195 1195 1083 1084 1195 1084 1193 1091 1083 1196 1199 1085 1095 1202 1086 1201 1086 1087 1201 1201 1087 1186 1186 1087 1188 1096 1086 1202 1204 1089 1203 1089 1088 1203 1103 1203 1088 1103 1214 1203 1090 1189 1191 1204 1189 1090 1089 1204 1090 1206 1196 1194 1091 1196 1206 1093 1091 1206 1093 1206 1092 1206 1205 1092 1215 1092 1205 1215 1104 1092 1208 1197 1209 1197 1199 1209 1209 1199 1094 1094 1199 1095 1209 1094 1111 1210 1202 1200 1096 1202 1210 1097 1096 1210 1211 1098 1097 1211 1097 1210 1212 1100 1098 1212 1098 1211 1213 1102 1100 1213 1100 1212 1214 1103 1102 1214 1102 1213 1216 1105 1104 1216 1104 1215 1217 1106 1105 1217 1105 1216 1218 1108 1106 1218 1106 1217 1219 1110 1108 1219 1108 1218 1111 1207 1209 1219 1207 1111 1110 1219 1111 1124 1122 1123 1129 1131 1130 1134 1132 1133 1135 1137 1136 1142 1140 1141 1143 1145 1144 1152 1150 1151 1153 1155 1154 1158 1156 1157 1159 1161 1160 1172 1171 1170 1174 1175 1173 1178 1177 1176 1180 1181 1179 1188 1187 1186 1190 1191 1189 1196 1195 1194 1198 1199 1197 1202 1201 1200 1208 1209 1207 1122 1112 1229 1112 1227 1229 1220 1227 1112 1113 1220 1112 1113 1114 1221 1220 1113 1221 1114 1115 1222 1221 1114 1222 1222 1232 1230 1116 1232 1222 1115 1116 1222 1232 1116 1125 1127 1117 1237 1117 1235 1237 1223 1235 1117 1118 1223 1117 1118 1119 1224 1223 1118 1224 1119 1120 1225 1224 1119 1225 1225 1240 1238 1121 1240 1225 1120 1121 1225 1240 1121 1129 1122 1229 1123 1123 1229 1228 1123 1228 1226 1242 1123 1226 1242 1132 1123 1232 1125 1231 1231 1125 1126 1231 1126 1233 1135 1233 1126 1135 1243 1233 1127 1237 1128 1128 1237 1236 1128 1236 1234 1245 1128 1234 1245 1140 1128 1240 1129 1239 1239 1129 1130 1239 1130 1241 1143 1241 1130 1143 1247 1241 1250 1133 1248 1248 1133 1132 1248 1132 1242 1146 1133 1250 1243 1135 1244 1135 1136 1244 1244 1253 1251 1138 1253 1244 1136 1138 1244 1253 1138 1147 1148 1139 1256 1139 1254 1256 1246 1254 1139 1141 1246 1139 1140 1245 1141 1245 1246 1141 1144 1259 1143 1143 1259 1257 1143 1257 1247 1259 1144 1149 1260 1250 1249 1146 1250 1260 1150 1146 1260 1147 1252 1253 1261 1252 1147 1153 1261 1147 1262 1256 1255 1148 1256 1262 1156 1148 1262 1149 1258 1259 1263 1258 1149 1159 1263 1149 1265 1151 1264 1264 1151 1150 1264 1150 1260 1162 1151 1265 1154 1267 1153 1153 1267 1266 1153 1266 1261 1267 1154 1163 1269 1157 1268 1268 1157 1156 1268 1156 1262 1164 1157 1269 1160 1271 1159 1159 1271 1270 1159 1270 1263 1271 1160 1165 1166 1265 1273 1166 1162 1265 1275 1163 1167 1275 1267 1163 1168 1269 1277 1168 1164 1269 1279 1165 1169 1279 1271 1165 1171 1166 1273 1275 1167 1174 1177 1168 1277 1279 1169 1180 1171 1273 1170 1170 1273 1272 1170 1272 1280 1182 1285 1286 1280 1285 1182 1170 1280 1182 1275 1174 1274 1274 1174 1173 1274 1173 1281 1281 1289 1288 1183 1289 1281 1173 1183 1281 1177 1277 1176 1176 1277 1276 1176 1276 1282 1184 1291 1292 1282 1291 1184 1176 1282 1184 1279 1180 1278 1278 1180 1179 1278 1179 1283 1283 1295 1294 1185 1295 1283 1179 1185 1283 1187 1182 1286 1289 1183 1192 1193 1184 1292 1295 1185 1198 1187 1286 1186 1186 1286 1284 1186 1284 1296 1302 1186 1296 1302 1201 1186 1298 1190 1297 1190 1189 1297 1204 1297 1189 1204 1309 1297 1192 1287 1289 1298 1287 1192 1190 1298 1192 1300 1292 1290 1193 1292 1300 1195 1193 1300 1195 1300 1194 1300 1299 1194 1310 1194 1299 1310 1206 1194 1295 1198 1293 1293 1198 1197 1293 1197 1301 1208 1301 1197 1208 1317 1301 1305 1200 1304 1304 1200 1201 1304 1201 1302 1210 1200 1305 1203 1308 1204 1204 1308 1307 1204 1307 1309 1308 1203 1214 1313 1205 1312 1312 1205 1206 1312 1206 1310 1215 1205 1313 1207 1316 1208 1208 1316 1315 1208 1315 1317 1316 1207 1219 1318 1305 1303 1210 1305 1318 1211 1210 1318 1319 1212 1211 1319 1211 1318 1320 1213 1212 1320 1212 1319 1214 1306 1308 1320 1306 1214 1213 1320 1214 1321 1313 1311 1215 1313 1321 1216 1215 1321 1322 1217 1216 1322 1216 1321 1323 1218 1217 1323 1217 1322 1219 1314 1316 1323 1314 1219 1218 1323 1219 1229 1227 1228 1230 1232 1231 1237 1235 1236 1238 1240 1239 1250 1248 1249 1251 1253 1252 1256 1254 1255 1257 1259 1258 1264 1272 1265 1272 1273 1265 1267 1275 1266 1275 1274 1266 1268 1276 1269 1276 1277 1269 1271 1279 1270 1279 1278 1270 1286 1285 1284 1288 1289 1287 1292 1291 1290 1294 1295 1293 1305 1304 1303 1307 1308 1306 1313 1312 1311 1315 1316 1314 1227 1220 1326 1328 1220 1221 1328 1326 1220 1330 1221 1222 1330 1328 1221 1330 1222 1230 1235 1223 1334 1336 1223 1224 1336 1334 1223 1338 1224 1225 1338 1336 1224 1338 1225 1238 1242 1226 1342 1226 1340 1342 1324 1340 1226 1228 1324 1226 1227 1326 1228 1228 1326 1325 1228 1325 1324 1330 1230 1329 1329 1230 1231 1329 1231 1331 1331 1345 1343 1233 1345 1331 1231 1233 1331 1345 1233 1243 1245 1234 1350 1234 1348 1350 1332 1348 1234 1236 1332 1234 1235 1334 1236 1236 1334 1333 1236 1333 1332 1338 1238 1337 1337 1238 1239 1337 1239 1339 1339 1353 1351 1241 1353 1339 1239 1241 1339 1353 1241 1247 1354 1342 1341 1242 1342 1354 1248 1242 1354 1345 1243 1344 1344 1243 1244 1344 1244 1346 1251 1346 1244 1251 1355 1346 1245 1350 1246 1246 1350 1349 1246 1349 1347 1356 1246 1347 1356 1254 1246 1247 1352 1353 1357 1352 1247 1257 1357 1247 1359 1249 1358 1358 1249 1248 1358 1248 1354 1260 1249 1359 1252 1362 1251 1251 1362 1360 1251 1360 1355 1362 1252 1261 1365 1255 1363 1363 1255 1254 1363 1254 1356 1262 1255 1365 1258 1367 1257 1257 1367 1366 1257 1366 1357 1367 1258 1263 1264 1359 1369 1264 1260 1359 1261 1361 1362 1370 1361 1261 1266 1370 1261 1371 1365 1364 1262 1365 1371 1268 1262 1371 1373 1263 1270 1373 1367 1263 1272 1369 1375 1272 1264 1369 1370 1266 1274 1376 1370 1274 1276 1268 1371 1276 1371 1377 1379 1270 1278 1379 1373 1270 1280 1375 1381 1280 1272 1375 1376 1384 1383 1281 1384 1376 1274 1281 1376 1282 1386 1387 1377 1386 1282 1276 1377 1282 1389 1278 1283 1389 1379 1278 1285 1280 1381 1384 1281 1288 1291 1282 1387 1389 1283 1294 1285 1381 1284 1284 1381 1380 1284 1380 1390 1296 1395 1396 1390 1395 1296 1284 1390 1296 1384 1288 1382 1382 1288 1287 1382 1287 1391 1298 1391 1287 1298 1400 1391 1291 1387 1290 1290 1387 1385 1290 1385 1392 1401 1290 1392 1401 1300 1290 1389 1294 1388 1388 1294 1293 1388 1293 1393 1393 1407 1406 1301 1407 1393 1293 1301 1393 1302 1296 1396 1297 1399 1298 1298 1399 1398 1298 1398 1400 1399 1297 1309 1404 1299 1403 1403 1299 1300 1403 1300 1401 1310 1299 1404 1407 1301 1317 1408 1396 1394 1302 1396 1408 1304 1302 1408 1410 1303 1409 1409 1303 1304 1409 1304 1408 1318 1303 1410 1306 1414 1307 1307 1414 1413 1307 1413 1415 1414 1306 1320 1309 1397 1399 1415 1397 1309 1307 1415 1309 1416 1404 1402 1310 1404 1416 1312 1310 1416 1418 1311 1417 1417 1311 1312 1417 1312 1416 1321 1311 1418 1314 1422 1315 1315 1422 1421 1315 1421 1423 1422 1314 1323 1317 1405 1407 1423 1405 1317 1315 1423 1317 1410 1319 1318 1410 1412 1319 1412 1320 1319 1412 1414 1320 1418 1322 1321 1418 1420 1322 1420 1323 1322 1420 1422 1323 1326 1328 1325 1328 1327 1325 1328 1330 1327 1330 1329 1327 1334 1336 1333 1336 1335 1333 1336 1338 1335 1338 1337 1335 1342 1340 1341 1343 1345 1344 1350 1348 1349 1351 1353 1352 1358 1368 1359 1368 1369 1359 1360 1362 1361 1365 1363 1364 1367 1373 1366 1373 1372 1366 1368 1374 1369 1374 1375 1369 1373 1379 1372 1379 1378 1372 1374 1380 1375 1380 1381 1375 1379 1389 1378 1389 1388 1378 1383 1384 1382 1387 1386 1385 1396 1395 1394 1398 1399 1397 1404 1403 1402 1406 1407 1405 1412 1410 1411 1410 1409 1411 1414 1412 1413 1412 1411 1413 1420 1418 1419 1418 1417 1419 1422 1420 1421 1420 1419 1421 1340 1324 1424 1426 1324 1325 1426 1424 1324 1428 1325 1327 1428 1426 1325 1430 1327 1329 1430 1428 1327 1432 1329 1331 1432 1430 1329 1432 1331 1343 1348 1332 1434 1436 1332 1333 1436 1434 1332 1438 1333 1335 1438 1436 1333 1440 1335 1337 1440 1438 1335 1441 1337 1339 1441 1440 1337 1441 1339 1351 1424 1341 1340 1442 1341 1424 1445 1442 1424 1354 1341 1442 1431 1448 1446 1431 1344 1448 1432 1344 1431 1343 1344 1432 1450 1344 1346 1450 1448 1344 1450 1346 1355 1356 1347 1452 1455 1347 1349 1455 1452 1347 1455 1349 1453 1349 1348 1453 1453 1348 1433 1433 1348 1434 1459 1351 1352 1441 1351 1459 1458 1441 1459 1459 1352 1357 1358 1442 1461 1358 1354 1442 1355 1449 1450 1462 1449 1355 1360 1462 1355 1463 1452 1451 1356 1452 1463 1363 1356 1463 1465 1357 1366 1465 1459 1357 1368 1461 1467 1368 1358 1461 1361 1469 1360 1360 1469 1468 1360 1468 1462 1469 1361 1370 1471 1364 1470 1470 1364 1363 1470 1363 1463 1371 1364 1471 1473 1366 1372 1473 1465 1366 1374 1467 1475 1374 1368 1467 1477 1370 1376 1477 1469 1370 1377 1471 1479 1377 1371 1471 1481 1372 1378 1481 1473 1372 1380 1475 1483 1380 1374 1475 1477 1376 1383 1386 1377 1479 1487 1378 1388 1487 1481 1378 1390 1483 1488 1390 1380 1483 1477 1383 1476 1476 1383 1382 1476 1382 1484 1484 1496 1495 1391 1496 1484 1382 1391 1484 1386 1479 1385 1385 1479 1478 1385 1478 1485 1392 1497 1498 1485 1497 1392 1385 1485 1392 1505 1388 1393 1505 1487 1388 1395 1390 1488 1496 1391 1400 1401 1392 1498 1505 1393 1406 1488 1394 1395 1506 1394 1488 1491 1506 1488 1408 1394 1506 1513 1492 1514 1492 1494 1514 1514 1494 1397 1397 1494 1398 1514 1397 1415 1494 1400 1398 1494 1496 1400 1498 1403 1401 1498 1501 1403 1516 1402 1515 1402 1403 1515 1515 1403 1499 1499 1403 1501 1416 1402 1516 1523 1406 1405 1505 1406 1523 1504 1505 1523 1523 1405 1423 1506 1409 1408 1506 1508 1409 1508 1411 1409 1508 1510 1411 1510 1413 1411 1510 1512 1413 1512 1415 1413 1512 1514 1415 1516 1417 1416 1516 1518 1417 1518 1419 1417 1518 1520 1419 1520 1421 1419 1520 1522 1421 1522 1423 1421 1522 1523 1423 1425 1443 1426 1426 1443 1445 1426 1445 1424 1426 1428 1425 1428 1427 1425 1428 1430 1427 1430 1429 1427 1430 1432 1429 1432 1431 1429 1434 1436 1433 1436 1435 1433 1436 1438 1435 1438 1437 1435 1438 1440 1437 1440 1439 1437 1456 1439 1458 1458 1439 1440 1458 1440 1441 1444 1460 1445 1445 1460 1461 1445 1461 1442 1445 1443 1444 1446 1448 1447 1448 1450 1447 1450 1449 1447 1452 1455 1451 1455 1454 1451 1455 1453 1454 1456 1458 1457 1464 1457 1465 1465 1457 1458 1465 1458 1459 1460 1466 1461 1466 1467 1461 1465 1473 1464 1473 1472 1464 1466 1474 1467 1474 1475 1467 1469 1477 1468 1477 1476 1468 1470 1478 1471 1478 1479 1471 1473 1481 1472 1481 1480 1472 1474 1482 1475 1482 1483 1475 1481 1487 1480 1487 1486 1480 1482 1490 1483 1483 1490 1491 1483 1491 1488 1503 1486 1504 1504 1486 1487 1504 1487 1505 1491 1490 1489 1489 1507 1491 1491 1507 1508 1491 1508 1506 1493 1494 1492 1496 1494 1495 1494 1493 1495 1501 1498 1500 1498 1497 1500 1501 1500 1499 1503 1504 1502 1521 1502 1522 1522 1502 1504 1522 1504 1523 1510 1508 1509 1508 1507 1509 1512 1510 1511 1510 1509 1511 1514 1512 1513 1512 1511 1513 1518 1516 1517 1516 1515 1517 1520 1518 1519 1518 1517 1519 1522 1520 1521 1520 1519 1521 1443 1425 1524 1526 1425 1427 1526 1524 1425 1528 1427 1429 1528 1526 1427 1530 1429 1431 1530 1528 1429 1530 1431 1446 1453 1433 1532 1534 1433 1435 1534 1532 1433 1536 1435 1437 1536 1534 1435 1537 1437 1439 1537 1536 1437 1537 1439 1456 1524 1444 1443 1538 1444 1524 1541 1538 1524 1460 1444 1538 1529 1544 1542 1529 1447 1544 1530 1447 1529 1446 1447 1530 1545 1447 1449 1545 1544 1447 1545 1449 1462 1463 1451 1546 1549 1451 1454 1549 1546 1451 1549 1454 1547 1454 1453 1547 1547 1453 1531 1531 1453 1532 1553 1456 1457 1537 1456 1553 1552 1537 1553 1553 1457 1464 1466 1538 1555 1466 1460 1538 1557 1462 1468 1557 1545 1462 1470 1546 1559 1470 1463 1546 1561 1464 1472 1561 1553 1464 1474 1555 1563 1474 1466 1555 1565 1468 1476 1565 1557 1468 1478 1559 1567 1478 1470 1559 1569 1472 1480 1569 1561 1472 1482 1563 1570 1482 1474 1563 1577 1476 1484 1577 1565 1476 1485 1567 1578 1485 1478 1567 1585 1480 1486 1585 1569 1480 1490 1482 1570 1577 1484 1495 1497 1485 1578 1585 1486 1503 1570 1489 1490 1586 1489 1570 1573 1586 1570 1507 1489 1586 1591 1574 1592 1574 1576 1592 1592 1576 1492 1492 1576 1493 1592 1492 1513 1576 1495 1493 1576 1577 1495 1578 1500 1497 1578 1581 1500 1594 1499 1593 1499 1500 1593 1593 1500 1579 1579 1500 1581 1515 1499 1594 1599 1503 1502 1585 1503 1599 1584 1585 1599 1599 1502 1521 1586 1509 1507 1586 1588 1509 1588 1511 1509 1588 1590 1511 1590 1513 1511 1590 1592 1513 1594 1517 1515 1594 1596 1517 1596 1519 1517 1596 1598 1519 1598 1521 1519 1598 1599 1521 1525 1539 1526 1526 1539 1541 1526 1541 1524 1526 1528 1525 1528 1527 1525 1528 1530 1527 1530 1529 1527 1532 1534 1531 1534 1533 1531 1534 1536 1533 1536 1535 1533 1550 1535 1552 1552 1535 1536 1552 1536 1537 1540 1554 1541 1541 1554 1555 1541 1555 1538 1541 1539 1540 1542 1544 1543 1556 1543 1557 1557 1543 1544 1557 1544 1545 1548 1558 1549 1549 1558 1559 1549 1559 1546 1549 1547 1548 1550 1552 1551 1560 1551 1561 1561 1551 1552 1561 1552 1553 1554 1562 1555 1562 1563 1555 1557 1565 1556 1565 1564 1556 1558 1566 1559 1566 1567 1559 1561 1569 1560 1569 1568 1560 1562 1572 1563 1563 1572 1573 1563 1573 1570 1575 1564 1576 1576 1564 1565 1576 1565 1577 1566 1580 1567 1567 1580 1581 1567 1581 1578 1583 1568 1584 1584 1568 1569 1584 1569 1585 1573 1572 1571 1571 1587 1573 1573 1587 1588 1573 1588 1586 1575 1576 1574 1581 1580 1579 1583 1584 1582 1597 1582 1598 1598 1582 1584 1598 1584 1599 1590 1588 1589 1588 1587 1589 1592 1590 1591 1590 1589 1591 1596 1594 1595 1594 1593 1595 1598 1596 1597 1596 1595 1597 1539 1525 1600 1601 1525 1527 1601 1600 1525 1602 1527 1529 1602 1601 1527 1602 1529 1542 1547 1531 1603 1604 1531 1533 1604 1603 1531 1605 1533 1535 1605 1604 1533 1605 1535 1550 1600 1540 1539 1606 1540 1600 1607 1606 1600 1554 1540 1606 1610 1542 1543 1602 1542 1610 1609 1602 1610 1610 1543 1556 1603 1548 1547 1611 1548 1603 1612 1611 1603 1558 1548 1611 1615 1550 1551 1605 1550 1615 1614 1605 1615 1615 1551 1560 1562 1606 1616 1562 1554 1606 1620 1556 1564 1620 1610 1556 1566 1611 1621 1566 1558 1611 1625 1560 1568 1625 1615 1560 1572 1562 1616 1620 1564 1575 1580 1566 1621 1625 1568 1583 1616 1571 1572 1626 1571 1616 1617 1626 1616 1587 1571 1626 1628 1575 1574 1620 1575 1628 1619 1620 1628 1628 1574 1591 1621 1579 1580 1629 1579 1621 1622 1629 1621 1593 1579 1629 1631 1583 1582 1625 1583 1631 1624 1625 1631 1631 1582 1597 1626 1589 1587 1626 1627 1589 1627 1591 1589 1627 1628 1591 1629 1595 1593 1629 1630 1595 1630 1597 1595 1630 1631 1597 1600 1601 1608 1600 1608 1607 1601 1602 1609 1601 1609 1608 1603 1604 1613 1603 1613 1612 1604 1605 1614 1604 1614 1613 1606 1607 1617 1606 1617 1616 1607 1608 1618 1607 1618 1617 1608 1609 1619 1608 1619 1618 1609 1610 1620 1609 1620 1619 1611 1612 1622 1611 1622 1621 1612 1613 1623 1612 1623 1622 1613 1614 1624 1613 1624 1623 1614 1615 1625 1614 1625 1624 1617 1618 1627 1617 1627 1626 1618 1619 1628 1618 1628 1627 1622 1623 1630 1622 1630 1629 1623 1624 1631 1623 1631 1630" solid="false" colorPerVertex="false">
     <Coordinate point="-0.386707 -0.0610597 -0.311643 -0.346001 -0.0610597 -0.315038 -0.305295 -0.0610597 -0.309879 0.305293 -0.0610597 -0.309879 0.345999 -0.0610597 -0.315038 0.386705 -0.0610597 -0.311643 -0.427413 -0.0203538 -0.309854 -0.386707 -0.0203538 -0.321669 -0.346001 -0.0203538 -0.325686 -0.305295 -0.0203538 -0.322031 -0.264589 -0.0203538 -0.309403 0.264587 -0.0203538 -0.309403 0.305293 -0.0203538 -0.322031 0.345999 -0.0203538 -0.325686 0.386705 -0.0203538 -0.321669 0.427411 -0.0203538 -0.309854 -0.427413 0.0203521 -0.309854 -0.386707 0.0203521 -0.321669 -0.346001 0.0203521 -0.325686 -0.305295 0.0203521 -0.322031 -0.264589 0.0203521 -0.309403 0.264587 0.0203521 -0.309403 0.305293 0.0203521 -0.322031 0.345999 0.0203521 -0.325686 0.386705 0.0203521 -0.321669 0.427411 0.0203521 -0.309854 -0.386707 0.061058 -0.311643 -0.346001 0.061058 -0.315038 -0.305295 0.061058 -0.309879 0.305293 0.061058 -0.309879 0.345999 0.061058 -0.315038 0.386705 0.061058 -0.311643 -0.427413 -0.101766 -0.280614 -0.386707 -0.0736259 -0.305295 -0.386707 -0.101766 -0.29112 -0.346001 -0.0788034 -0.305295 -0.346001 -0.101766 -0.292721 -0.305295 -0.0685508 -0.305295 -0.305295 -0.101766 -0.284902 0.305293 -0.0685508 -0.305295 0.305293 -0.101766 -0.284902 0.345999 -0.0788034 -0.305295 0.345999 -0.101766 -0.292721 0.386705 -0.0736259 -0.305295 0.386705 -0.101766 -0.29112 0.427411 -0.101766 -0.280614 -0.468119 -0.0610597 -0.280979 -0.409792 -0.0610597 -0.305295 -0.427413 -0.0394495 -0.305295 -0.427413 -0.0610597 -0.300398 -0.293142 -0.0610597 -0.305295 -0.264589 -0.0320424 -0.305295 -0.264589 -0.0610597 -0.29587 -0.223883 -0.0610597 -0.269167 0.223882 -0.0610597 -0.269167 0.29314 -0.0610597 -0.305295 0.264587 -0.0320424 -0.305295 0.264587 -0.0610597 -0.29587 0.40979 -0.0610597 -0.305295 0.427411 -0.0394495 -0.305295 0.427411 -0.0610597 -0.300398 0.468117 -0.0610597 -0.280979 -0.437441 -0.0203538 -0.305295 -0.468119 -0.0203538 -0.290511 -0.257531 -0.0203538 -0.305295 -0.223883 -0.0203538 -0.287347 0.25753 -0.0203538 -0.305295 0.223882 -0.0203538 -0.287347 0.43744 -0.0203538 -0.305295 0.468117 -0.0203538 -0.290511 -0.437441 0.0203521 -0.305295 -0.468119 0.0203521 -0.290511 -0.257531 0.0203521 -0.305295 -0.223883 0.0203521 -0.287347 0.25753 0.0203521 -0.305295 0.223882 0.0203521 -0.287347 0.43744 0.0203521 -0.305295 0.468117 0.0203521 -0.290511 -0.468119 0.061058 -0.280979 -0.409792 0.061058 -0.305295 -0.427413 0.0394477 -0.305295 -0.427413 0.061058 -0.300398 -0.293142 0.061058 -0.305295 -0.264589 0.0320407 -0.305295 -0.264589 0.061058 -0.29587 -0.223883 0.061058 -0.269167 0.223882 0.061058 -0.269167 0.29314 0.061058 -0.305295 0.264587 0.0320407 -0.305295 0.264587 0.061058 -0.29587 0.40979 0.061058 -0.305295 0.427411 0.0394477 -0.305295 0.427411 0.061058 -0.300398 0.468117 0.061058 -0.280979 -0.427413 0.101764 -0.280614 -0.386707 0.0736241 -0.305295 -0.386707 0.101764 -0.29112 -0.346001 0.0788017 -0.305295 -0.346001 0.101764 -0.292721 -0.305295 0.068549 -0.305295 -0.305295 0.101764 -0.284902 0.305293 0.068549 -0.305295 0.305293 0.101764 -0.284902 0.345999 0.0788017 -0.305295 0.345999 0.101764 -0.292721 0.386705 0.0736241 -0.305295 0.386705 0.101764 -0.29112 0.427411 0.101764 -0.280614 -0.468119 -0.142471 -0.226332 -0.427413 -0.122138 -0.264589 -0.427413 -0.142471 -0.246881 -0.386707 -0.133327 -0.264589 -0.386707 -0.142471 -0.256023 -0.346001 -0.132469 -0.264589 -0.346001 -0.142471 -0.254243 -0.305295 -0.121522 -0.264589 -0.305295 -0.142471 -0.239666 0.305293 -0.121522 -0.264589 0.305293 -0.142471 -0.239666 0.345999 -0.132469 -0.264589 0.345999 -0.142471 -0.254243 0.386705 -0.133327 -0.264589 0.386705 -0.142471 -0.256023 0.427411 -0.122138 -0.264589 0.427411 -0.142471 -0.246881 0.468117 -0.142471 -0.226332 -0.508825 -0.101766 -0.229323 -0.460487 -0.101766 -0.264589 -0.468119 -0.0939367 -0.264589 -0.468119 -0.101766 -0.260488 -0.264685 -0.101766 -0.264589 -0.264589 -0.101711 -0.264589 -0.264589 -0.101766 -0.264544 -0.223883 -0.0659552 -0.264589 -0.223883 -0.101766 -0.227078 0.223882 -0.0659552 -0.264589 0.223882 -0.101766 -0.227078 0.264683 -0.101766 -0.264589 0.264587 -0.101711 -0.264589 0.264587 -0.101766 -0.264544 0.460486 -0.101766 -0.264589 0.468117 -0.0939367 -0.264589 0.468117 -0.101766 -0.260488 0.508823 -0.101766 -0.229323 -0.491893 -0.0610597 -0.264589 -0.508825 -0.0610597 -0.251069 -0.219575 -0.0610597 -0.264589 0.219574 -0.0610597 -0.264589 0.491891 -0.0610597 -0.264589 0.508823 -0.0610597 -0.251069 -0.504678 -0.0203538 -0.264589 -0.508825 -0.0203538 -0.261172 -0.19909 -0.0203538 -0.264589 -0.183177 -0.0203538 -0.24922 0.199088 -0.0203538 -0.264589 0.183176 -0.0203538 -0.24922 0.504676 -0.0203538 -0.264589 0.508823 -0.0203538 -0.261172 -0.504678 0.0203521 -0.264589 -0.508825 0.0203521 -0.261172 -0.19909 0.0203521 -0.264589 -0.183177 0.0203521 -0.24922 0.199088 0.0203521 -0.264589 0.183176 0.0203521 -0.24922 0.504676 0.0203521 -0.264589 0.508823 0.0203521 -0.261172 -0.491893 0.061058 -0.264589 -0.508825 0.061058 -0.251069 -0.219575 0.061058 -0.264589 0.219574 0.061058 -0.264589 0.491891 0.061058 -0.264589 0.508823 0.061058 -0.251069 -0.508825 0.101764 -0.229323 -0.460487 0.101764 -0.264589 -0.468119 0.093935 -0.264589 -0.468119 0.101764 -0.260488 -0.264685 0.101764 -0.264589 -0.264589 0.10171 -0.264589 -0.264589 0.101764 -0.264544 -0.223883 0.0659536 -0.264589 -0.223883 0.101764 -0.227078 0.223882 0.0659536 -0.264589 0.223882 0.101764 -0.227078 0.264683 0.101764 -0.264589 0.264587 0.10171 -0.264589 0.264587 0.101764 -0.264544 0.460486 0.101764 -0.264589 0.468117 0.093935 -0.264589 0.468117 0.101764 -0.260488 0.508823 0.101764 -0.229323 -0.468119 0.14247 -0.226332 -0.427413 0.122136 -0.264589 -0.427413 0.14247 -0.246881 -0.386707 0.133325 -0.264589 -0.386707 0.14247 -0.256023 -0.346001 0.132468 -0.264589 -0.346001 0.14247 -0.254243 -0.305295 0.12152 -0.264589 -0.305295 0.14247 -0.239666 0.305293 0.12152 -0.264589 0.305293 0.14247 -0.239666 0.345999 0.132468 -0.264589 0.345999 0.14247 -0.254243 0.386705 0.133325 -0.264589 0.386705 0.14247 -0.256023 0.427411 0.122136 -0.264589 0.427411 0.14247 -0.246881 0.468117 0.14247 -0.226332 -0.468119 -0.144624 -0.223883 -0.427413 -0.161609 -0.223883 -0.427413 -0.183177 -0.191618 -0.386707 -0.167383 -0.223883 -0.386707 -0.183177 -0.198017 -0.346001 -0.163863 -0.223883 -0.346001 -0.183177 -0.18798 -0.305295 -0.1522 -0.223883 0.305293 -0.1522 -0.223883 0.345999 -0.163863 -0.223883 0.345999 -0.183177 -0.18798 0.386705 -0.167383 -0.223883 0.386705 -0.183177 -0.198017 0.427411 -0.161609 -0.223883 0.427411 -0.183177 -0.191618 0.468117 -0.144624 -0.223883 -0.471552 -0.142471 -0.223883 -0.508825 -0.108449 -0.223883 -0.508825 -0.142471 -0.191654 -0.285814 -0.142471 -0.223883 -0.264589 -0.132086 -0.223883 -0.264589 -0.142471 -0.205851 -0.223883 -0.103658 -0.223883 0.223882 -0.103658 -0.223883 0.285812 -0.142471 -0.223883 0.264587 -0.132086 -0.223883 0.264587 -0.142471 -0.205851 0.471551 -0.142471 -0.223883 0.508823 -0.108449 -0.223883 0.508823 -0.142471 -0.191654 -0.514515 -0.101766 -0.223883 -0.221791 -0.101766 -0.223883 0.221789 -0.101766 -0.223883 0.514513 -0.101766 -0.223883 -0.536168 -0.0610597 -0.223883 -0.54953 -0.0610597 -0.20702 -0.184298 -0.0610597 -0.223883 -0.183177 -0.0589934 -0.223883 -0.183177 -0.0610597 -0.222406 0.184296 -0.0610597 -0.223883 0.183176 -0.0589934 -0.223883 0.183176 -0.0610597 -0.222406 0.536166 -0.0610597 -0.223883 0.549529 -0.0610597 -0.20702 -0.545651 -0.0203538 -0.223883 -0.54953 -0.0203538 -0.218881 -0.165749 -0.0203538 -0.223883 0.165747 -0.0203538 -0.223883 0.545649 -0.0203538 -0.223883 0.549529 -0.0203538 -0.218881 -0.545651 0.0203521 -0.223883 -0.54953 0.0203521 -0.218881 -0.165749 0.0203521 -0.223883 0.165747 0.0203521 -0.223883 0.545649 0.0203521 -0.223883 0.549529 0.0203521 -0.218881 -0.536168 0.061058 -0.223883 -0.54953 0.061058 -0.20702 -0.184298 0.061058 -0.223883 -0.183177 0.0589917 -0.223883 -0.183177 0.061058 -0.222406 0.184296 0.061058 -0.223883 0.183176 0.0589917 -0.223883 0.183176 0.061058 -0.222406 0.536166 0.061058 -0.223883 0.549529 0.061058 -0.20702 -0.514515 0.101764 -0.223883 -0.221791 0.101764 -0.223883 0.221789 0.101764 -0.223883 0.514513 0.101764 -0.223883 -0.471552 0.14247 -0.223883 -0.508825 0.108447 -0.223883 -0.508825 0.14247 -0.191654 -0.285814 0.14247 -0.223883 -0.264589 0.132085 -0.223883 -0.264589 0.14247 -0.205851 -0.223883 0.103657 -0.223883 0.223882 0.103657 -0.223883 0.285812 0.14247 -0.223883 0.264587 0.132085 -0.223883 0.264587 0.14247 -0.205851 0.471551 0.14247 -0.223883 0.508823 0.108447 -0.223883 0.508823 0.14247 -0.191654 -0.468119 0.144622 -0.223883 -0.427413 0.161608 -0.223883 -0.427413 0.183176 -0.191618 -0.386707 0.167381 -0.223883 -0.386707 0.183176 -0.198017 -0.346001 0.163861 -0.223883 -0.346001 0.183176 -0.18798 -0.305295 0.152199 -0.223883 0.305293 0.152199 -0.223883 0.345999 0.163861 -0.223883 0.345999 0.183176 -0.18798 0.386705 0.167381 -0.223883 0.386705 0.183176 -0.198017 0.427411 0.161608 -0.223883 0.427411 0.183176 -0.191618 0.468117 0.144622 -0.223883 -0.427413 -0.187868 -0.183177 -0.386707 -0.190776 -0.183177 -0.346001 -0.185368 -0.183177 0.345999 -0.185368 -0.183177 0.386705 -0.190776 -0.183177 0.427411 -0.187868 -0.183177 -0.508825 -0.149115 -0.183177 -0.444554 -0.183177 -0.183177 -0.468119 -0.174979 -0.183177 -0.468119 -0.183177 -0.16881 -0.339892 -0.183177 -0.183177 -0.305295 -0.172446 -0.183177 -0.305295 -0.183177 -0.153217 -0.264589 -0.152493 -0.183177 0.264587 -0.152493 -0.183177 0.33989 -0.183177 -0.183177 0.305293 -0.172446 -0.183177 0.305293 -0.183177 -0.153217 0.444552 -0.183177 -0.183177 0.468117 -0.174979 -0.183177 0.468117 -0.183177 -0.16881 0.508823 -0.149115 -0.183177 -0.516557 -0.142471 -0.183177 -0.250222 -0.142471 -0.183177 -0.223883 -0.124395 -0.183177 0.25022 -0.142471 -0.183177 0.223882 -0.124395 -0.183177 0.516555 -0.142471 -0.183177 -0.548477 -0.101766 -0.183177 -0.54953 -0.0995037 -0.183177 -0.54953 -0.101766 -0.181504 -0.198256 -0.101766 -0.183177 -0.183177 -0.0859046 -0.183177 -0.183177 -0.101766 -0.147132 0.198254 -0.101766 -0.183177 0.183176 -0.0859046 -0.183177 0.183176 -0.101766 -0.147132 0.548475 -0.101766 -0.183177 0.549529 -0.0995037 -0.183177 0.549529 -0.101766 -0.181504 -0.566694 -0.0610597 -0.183177 -0.163081 -0.0610597 -0.183177 0.163079 -0.0610597 -0.183177 0.566693 -0.0610597 -0.183177 -0.574903 -0.0203538 -0.183177 -0.590236 -0.0203538 -0.152954 -0.144076 -0.0203538 -0.183177 -0.142471 -0.0203538 -0.179379 0.144074 -0.0203538 -0.183177 0.14247 -0.0203538 -0.179379 0.574902 -0.0203538 -0.183177 0.590235 -0.0203538 -0.152954 -0.574903 0.0203521 -0.183177 -0.590236 0.0203521 -0.152954 -0.144076 0.0203521 -0.183177 -0.142471 0.0203521 -0.179379 0.144074 0.0203521 -0.183177 0.14247 0.0203521 -0.179379 0.574902 0.0203521 -0.183177 0.590235 0.0203521 -0.152954 -0.566694 0.061058 -0.183177 -0.163081 0.061058 -0.183177 0.163079 0.061058 -0.183177 0.566693 0.061058 -0.183177 -0.548477 0.101764 -0.183177 -0.54953 0.099502 -0.183177 -0.54953 0.101764 -0.181504 -0.198256 0.101764 -0.183177 -0.183177 0.0859029 -0.183177 -0.183177 0.101764 -0.147132 0.198254 0.101764 -0.183177 0.183176 0.0859029 -0.183177 0.183176 0.101764 -0.147132 0.548475 0.101764 -0.183177 0.549529 0.099502 -0.183177 0.549529 0.101764 -0.181504 -0.516557 0.14247 -0.183177 -0.250222 0.14247 -0.183177 -0.223883 0.124393 -0.183177 0.25022 0.14247 -0.183177 0.223882 0.124393 -0.183177 0.516555 0.14247 -0.183177 -0.508825 0.149113 -0.183177 -0.444554 0.183176 -0.183177 -0.468119 0.174977 -0.183177 -0.468119 0.183176 -0.16881 -0.339892 0.183176 -0.183177 -0.305295 0.172444 -0.183177 -0.305295 0.183176 -0.153217 -0.264589 0.152491 -0.183177 0.264587 0.152491 -0.183177 0.33989 0.183176 -0.183177 0.305293 0.172444 -0.183177 0.305293 0.183176 -0.153217 0.444552 0.183176 -0.183177 0.468117 0.174977 -0.183177 0.468117 0.183176 -0.16881 0.508823 0.149113 -0.183177 -0.427413 0.187867 -0.183177 -0.386707 0.190774 -0.183177 -0.346001 0.185367 -0.183177 0.345999 0.185367 -0.183177 0.386705 0.190774 -0.183177 0.427411 0.187867 -0.183177 -0.468119 -0.195952 -0.142471 -0.427413 -0.205975 -0.142471 -0.386707 -0.2071 -0.142471 -0.346001 -0.200512 -0.142471 -0.305295 -0.186616 -0.142471 0.305293 -0.186616 -0.142471 0.345999 -0.200512 -0.142471 0.386705 -0.2071 -0.142471 0.427411 -0.205975 -0.142471 0.468117 -0.195952 -0.142471 -0.495011 -0.183177 -0.142471 -0.508825 -0.174553 -0.142471 -0.508825 -0.183177 -0.123209 -0.299269 -0.183177 -0.142471 -0.264589 -0.166095 -0.142471 0.299267 -0.183177 -0.142471 0.264587 -0.166095 -0.142471 0.49501 -0.183177 -0.142471 0.508823 -0.174553 -0.142471 0.508823 -0.183177 -0.123209 -0.544859 -0.142471 -0.142471 -0.54953 -0.136223 -0.142471 -0.54953 -0.142471 -0.132834 -0.22975 -0.142471 -0.142471 -0.223883 -0.138588 -0.142471 -0.223883 -0.142471 -0.126814 -0.183177 -0.103155 -0.142471 0.183176 -0.103155 -0.142471 0.229748 -0.142471 -0.142471 0.223882 -0.138588 -0.142471 0.223882 -0.142471 -0.126814 0.544858 -0.142471 -0.142471 0.549529 -0.136223 -0.142471 0.549529 -0.142471 -0.132834 -0.572529 -0.101766 -0.142471 -0.181797 -0.101766 -0.142471 0.181796 -0.101766 -0.142471 0.572527 -0.101766 -0.142471 -0.587985 -0.0610597 -0.142471 -0.590236 -0.0482849 -0.142471 -0.590236 -0.0610597 -0.13643 -0.148595 -0.0610597 -0.142471 -0.142471 -0.0480866 -0.142471 -0.142471 -0.0610597 -0.117968 0.148593 -0.0610597 -0.142471 0.14247 -0.0480866 -0.142471 0.14247 -0.0610597 -0.117968 0.587983 -0.0610597 -0.142471 0.590235 -0.0482849 -0.142471 0.590235 -0.0610597 -0.13643 -0.59555 -0.0203538 -0.142471 -0.129642 -0.0203538 -0.142471 0.12964 -0.0203538 -0.142471 0.595548 -0.0203538 -0.142471 -0.59555 0.0203521 -0.142471 -0.129642 0.0203521 -0.142471 0.12964 0.0203521 -0.142471 0.595548 0.0203521 -0.142471 -0.587985 0.061058 -0.142471 -0.590236 0.0482832 -0.142471 -0.590236 0.061058 -0.13643 -0.148595 0.061058 -0.142471 -0.142471 0.0480849 -0.142471 -0.142471 0.061058 -0.117968 0.148593 0.061058 -0.142471 0.14247 0.0480849 -0.142471 0.14247 0.061058 -0.117968 0.587983 0.061058 -0.142471 0.590235 0.0482832 -0.142471 0.590235 0.061058 -0.13643 -0.572529 0.101764 -0.142471 -0.181797 0.101764 -0.142471 0.181796 0.101764 -0.142471 0.572527 0.101764 -0.142471 -0.544859 0.14247 -0.142471 -0.54953 0.136221 -0.142471 -0.54953 0.14247 -0.132834 -0.22975 0.14247 -0.142471 -0.223883 0.138587 -0.142471 -0.223883 0.14247 -0.126814 -0.183177 0.103154 -0.142471 0.183176 0.103154 -0.142471 0.229748 0.14247 -0.142471 0.223882 0.138587 -0.142471 0.223882 0.14247 -0.126814 0.544858 0.14247 -0.142471 0.549529 0.136221 -0.142471 0.549529 0.14247 -0.132834 -0.495011 0.183176 -0.142471 -0.508825 0.174552 -0.142471 -0.508825 0.183176 -0.123209 -0.299269 0.183176 -0.142471 -0.264589 0.166093 -0.142471 0.299267 0.183176 -0.142471 0.264587 0.166093 -0.142471 0.49501 0.183176 -0.142471 0.508823 0.174552 -0.142471 0.508823 0.183176 -0.123209 -0.468119 0.19595 -0.142471 -0.427413 0.205973 -0.142471 -0.386707 0.207098 -0.142471 -0.346001 0.20051 -0.142471 -0.305295 0.186615 -0.142471 0.305293 0.186615 -0.142471 0.345999 0.20051 -0.142471 0.386705 0.207098 -0.142471 0.427411 0.205973 -0.142471 0.468117 0.19595 -0.142471 -0.508825 -0.191508 -0.101766 -0.468119 -0.210064 -0.101766 -0.427413 -0.218323 -0.101766 -0.427413 -0.223883 -0.0727708 -0.386707 -0.218179 -0.101766 -0.386707 -0.223883 -0.0682953 -0.346001 -0.21076 -0.101766 -0.305295 -0.196404 -0.101766 0.305293 -0.196404 -0.101766 0.345999 -0.21076 -0.101766 0.386705 -0.218179 -0.101766 0.386705 -0.223883 -0.0682953 0.427411 -0.218323 -0.101766 0.427411 -0.223883 -0.0727708 0.468117 -0.210064 -0.101766 0.508823 -0.191508 -0.101766 -0.521468 -0.183177 -0.101766 -0.54953 -0.158192 -0.101766 -0.281454 -0.183177 -0.101766 -0.264589 -0.175172 -0.101766 -0.223883 -0.147725 -0.101766 0.223882 -0.147725 -0.101766 0.281452 -0.183177 -0.101766 0.264587 -0.175172 -0.101766 0.521466 -0.183177 -0.101766 0.549529 -0.158192 -0.101766 -0.563859 -0.142471 -0.101766 -0.217873 -0.142471 -0.101766 -0.183177 -0.112379 -0.101766 0.217871 -0.142471 -0.101766 0.183176 -0.112379 -0.101766 0.563857 -0.142471 -0.101766 -0.58839 -0.101766 -0.101766 -0.590236 -0.0967054 -0.101766 -0.590236 -0.101766 -0.0943382 -0.172606 -0.101766 -0.101766 -0.142471 -0.0652912 -0.101766 0.172604 -0.101766 -0.101766 0.14247 -0.0652912 -0.101766 0.588388 -0.101766 -0.101766 0.590235 -0.0967054 -0.101766 0.590235 -0.101766 -0.0943382 -0.603587 -0.0610597 -0.101766 -0.138979 -0.0610597 -0.101766 0.138978 -0.0610597 -0.101766 0.603586 -0.0610597 -0.101766 -0.61063 -0.0203538 -0.101766 -0.119576 -0.0203538 -0.101766 0.119574 -0.0203538 -0.101766 0.610628 -0.0203538 -0.101766 -0.61063 0.0203521 -0.101766 -0.119576 0.0203521 -0.101766 0.119574 0.0203521 -0.101766 0.610628 0.0203521 -0.101766 -0.603587 0.061058 -0.101766 -0.138979 0.061058 -0.101766 0.138978 0.061058 -0.101766 0.603586 0.061058 -0.101766 -0.58839 0.101764 -0.101766 -0.590236 0.0967038 -0.101766 -0.590236 0.101764 -0.0943382 -0.172606 0.101764 -0.101766 -0.142471 0.0652895 -0.101766 0.172604 0.101764 -0.101766 0.14247 0.0652895 -0.101766 0.588388 0.101764 -0.101766 0.590235 0.0967038 -0.101766 0.590235 0.101764 -0.0943382 -0.563859 0.14247 -0.101766 -0.217873 0.14247 -0.101766 -0.183177 0.112378 -0.101766 0.217871 0.14247 -0.101766 0.183176 0.112378 -0.101766 0.563857 0.14247 -0.101766 -0.521468 0.183176 -0.101766 -0.54953 0.15819 -0.101766 -0.281454 0.183176 -0.101766 -0.264589 0.175171 -0.101766 -0.223883 0.147723 -0.101766 0.223882 0.147723 -0.101766 0.281452 0.183176 -0.101766 0.264587 0.175171 -0.101766 0.521466 0.183176 -0.101766 0.549529 0.15819 -0.101766 -0.508825 0.191507 -0.101766 -0.468119 0.210063 -0.101766 -0.427413 0.218321 -0.101766 -0.427413 0.223882 -0.0727708 -0.386707 0.218177 -0.101766 -0.386707 0.223882 -0.0682953 -0.346001 0.210758 -0.101766 -0.305295 0.196402 -0.101766 0.305293 0.196402 -0.101766 0.345999 0.210758 -0.101766 0.386705 0.218177 -0.101766 0.386705 0.223882 -0.0682953 0.427411 0.218321 -0.101766 0.427411 0.223882 -0.0727708 0.468117 0.210063 -0.101766 0.508823 0.191507 -0.101766 -0.427413 -0.22612 -0.0610597 -0.386707 -0.225137 -0.0610597 0.386705 -0.225137 -0.0610597 0.427411 -0.22612 -0.0610597 -0.508825 -0.20182 -0.0610597 -0.441304 -0.223883 -0.0610597 -0.468119 -0.218871 -0.0610597 -0.381578 -0.223883 -0.0610597 -0.346001 -0.21709 -0.0610597 -0.305295 -0.202444 -0.0610597 0.305293 -0.202444 -0.0610597 0.381576 -0.223883 -0.0610597 0.345999 -0.21709 -0.0610597 0.441302 -0.223883 -0.0610597 0.468117 -0.218871 -0.0610597 0.508823 -0.20182 -0.0610597 -0.536561 -0.183177 -0.0610597 -0.54953 -0.171372 -0.0610597 -0.269891 -0.183177 -0.0610597 -0.264589 -0.180723 -0.0610597 -0.264589 -0.183177 -0.0231968 -0.223883 -0.153191 -0.0610597 0.223882 -0.153191 -0.0610597 0.269889 -0.183177 -0.0610597 0.264587 -0.180723 -0.0610597 0.264587 -0.183177 -0.0231968 0.536559 -0.183177 -0.0610597 0.549529 -0.171372 -0.0610597 -0.575522 -0.142471 -0.0610597 -0.590236 -0.117326 -0.0610597 -0.211575 -0.142471 -0.0610597 -0.183177 -0.117968 -0.0610597 0.211573 -0.142471 -0.0610597 0.183176 -0.117968 -0.0610597 0.57552 -0.142471 -0.0610597 0.590235 -0.117326 -0.0610597 -0.599008 -0.101766 -0.0610597 -0.16699 -0.101766 -0.0610597 -0.142471 -0.0724659 -0.0610597 0.166988 -0.101766 -0.0610597 0.14247 -0.0724659 -0.0610597 0.599006 -0.101766 -0.0610597 -0.613338 -0.0610597 -0.0610597 -0.132869 -0.0610597 -0.0610597 0.132867 -0.0610597 -0.0610597 0.613336 -0.0610597 -0.0610597 -0.619874 -0.0203538 -0.0610597 -0.112056 -0.0203538 -0.0610597 0.112054 -0.0203538 -0.0610597 0.619872 -0.0203538 -0.0610597 -0.619874 0.0203521 -0.0610597 -0.112056 0.0203521 -0.0610597 0.112054 0.0203521 -0.0610597 0.619872 0.0203521 -0.0610597 -0.613338 0.061058 -0.0610597 -0.132869 0.061058 -0.0610597 0.132867 0.061058 -0.0610597 0.613336 0.061058 -0.0610597 -0.599008 0.101764 -0.0610597 -0.16699 0.101764 -0.0610597 -0.142471 0.0724642 -0.0610597 0.166988 0.101764 -0.0610597 0.14247 0.0724642 -0.0610597 0.599006 0.101764 -0.0610597 -0.575522 0.14247 -0.0610597 -0.590236 0.117325 -0.0610597 -0.211575 0.14247 -0.0610597 -0.183177 0.117966 -0.0610597 0.211573 0.14247 -0.0610597 0.183176 0.117966 -0.0610597 0.57552 0.14247 -0.0610597 0.590235 0.117325 -0.0610597 -0.536561 0.183176 -0.0610597 -0.54953 0.17137 -0.0610597 -0.269891 0.183176 -0.0610597 -0.264589 0.180721 -0.0610597 -0.264589 0.183176 -0.0231968 -0.223883 0.153189 -0.0610597 0.223882 0.153189 -0.0610597 0.269889 0.183176 -0.0610597 0.264587 0.180721 -0.0610597 0.264587 0.183176 -0.0231968 0.536559 0.183176 -0.0610597 0.549529 0.17137 -0.0610597 -0.508825 0.201818 -0.0610597 -0.441304 0.223882 -0.0610597 -0.468119 0.21887 -0.0610597 -0.381578 0.223882 -0.0610597 -0.346001 0.217088 -0.0610597 -0.305295 0.202443 -0.0610597 0.305293 0.202443 -0.0610597 0.381576 0.223882 -0.0610597 0.345999 0.217088 -0.0610597 0.441302 0.223882 -0.0610597 0.468117 0.21887 -0.0610597 0.508823 0.201818 -0.0610597 -0.427413 0.226118 -0.0610597 -0.386707 0.225135 -0.0610597 0.386705 0.225135 -0.0610597 0.427411 0.226118 -0.0610597 -0.427413 -0.230022 -0.0203538 -0.386707 -0.228706 -0.0203538 0.386705 -0.228706 -0.0203538 0.427411 -0.230022 -0.0203538 -0.508825 -0.206786 -0.0203538 -0.464085 -0.223883 -0.0203538 -0.468119 -0.223099 -0.0203538 -0.366411 -0.223883 -0.0203538 -0.346001 -0.220109 -0.0203538 -0.305295 -0.205325 -0.0203538 -0.264589 -0.183368 -0.0203538 0.264587 -0.183368 -0.0203538 0.305293 -0.205325 -0.0203538 0.36641 -0.223883 -0.0203538 0.345999 -0.220109 -0.0203538 0.464083 -0.223883 -0.0203538 0.468117 -0.223099 -0.0203538 0.508823 -0.206786 -0.0203538 -0.543606 -0.183177 -0.0203538 -0.54953 -0.177725 -0.0203538 -0.264347 -0.183177 -0.0203538 -0.223883 -0.155779 -0.0203538 0.264345 -0.183177 -0.0203538 0.223882 -0.155779 -0.0203538 0.543604 -0.183177 -0.0203538 0.549529 -0.177725 -0.0203538 -0.581025 -0.142471 -0.0203538 -0.590236 -0.126603 -0.0203538 -0.208578 -0.142471 -0.0203538 -0.183177 -0.120607 -0.0203538 0.208576 -0.142471 -0.0203538 0.183176 -0.120607 -0.0203538 0.581023 -0.142471 -0.0203538 0.590235 -0.126603 -0.0203538 -0.604168 -0.101766 -0.0203538 -0.164306 -0.101766 -0.0203538 -0.142471 -0.0759866 -0.0203538 0.164304 -0.101766 -0.0203538 0.14247 -0.0759866 -0.0203538 0.604166 -0.101766 -0.0203538 -0.617971 -0.0610597 -0.0203538 -0.129652 -0.0610597 -0.0203538 0.129651 -0.0610597 -0.0203538 0.617969 -0.0610597 -0.0203538 -0.624264 -0.0203538 -0.0203538 -0.107162 -0.0203538 -0.0203538 0.10716 -0.0203538 -0.0203538 0.624262 -0.0203538 -0.0203538 -0.624264 0.0203521 -0.0203538 -0.107162 0.0203521 -0.0203538 0.10716 0.0203521 -0.0203538 0.624262 0.0203521 -0.0203538 -0.617971 0.061058 -0.0203538 -0.129652 0.061058 -0.0203538 0.129651 0.061058 -0.0203538 0.617969 0.061058 -0.0203538 -0.604168 0.101764 -0.0203538 -0.164306 0.101764 -0.0203538 -0.142471 0.0759849 -0.0203538 0.164304 0.101764 -0.0203538 0.14247 0.0759849 -0.0203538 0.604166 0.101764 -0.0203538 -0.581025 0.14247 -0.0203538 -0.590236 0.126602 -0.0203538 -0.208578 0.14247 -0.0203538 -0.183177 0.120605 -0.0203538 0.208576 0.14247 -0.0203538 0.183176 0.120605 -0.0203538 0.581023 0.14247 -0.0203538 0.590235 0.126602 -0.0203538 -0.543606 0.183176 -0.0203538 -0.54953 0.177723 -0.0203538 -0.264347 0.183176 -0.0203538 -0.223883 0.155778 -0.0203538 0.264345 0.183176 -0.0203538 0.223882 0.155778 -0.0203538 0.543604 0.183176 -0.0203538 0.549529 0.177723 -0.0203538 -0.508825 0.206784 -0.0203538 -0.464085 0.223882 -0.0203538 -0.468119 0.223097 -0.0203538 -0.366411 0.223882 -0.0203538 -0.346001 0.220107 -0.0203538 -0.305295 0.205323 -0.0203538 -0.264589 0.183366 -0.0203538 0.264587 0.183366 -0.0203538 0.305293 0.205323 -0.0203538 0.36641 0.223882 -0.0203538 0.345999 0.220107 -0.0203538 0.464083 0.223882 -0.0203538 0.468117 0.223097 -0.0203538 0.508823 0.206784 -0.0203538 -0.427413 0.23002 -0.0203538 -0.386707 0.228704 -0.0203538 0.386705 0.228704 -0.0203538 0.427411 0.23002 -0.0203538 -0.427413 -0.230022 0.0203521 -0.386707 -0.228706 0.0203521 0.386705 -0.228706 0.0203521 0.427411 -0.230022 0.0203521 -0.508825 -0.206786 0.0203521 -0.464085 -0.223883 0.0203521 -0.468119 -0.223099 0.0203521 -0.366411 -0.223883 0.0203521 -0.346001 -0.220109 0.0203521 -0.305295 -0.205325 0.0203521 -0.264589 -0.183368 0.0203521 0.264587 -0.183368 0.0203521 0.305293 -0.205325 0.0203521 0.36641 -0.223883 0.0203521 0.345999 -0.220109 0.0203521 0.464083 -0.223883 0.0203521 0.468117 -0.223099 0.0203521 0.508823 -0.206786 0.0203521 -0.543606 -0.183177 0.0203521 -0.54953 -0.177725 0.0203521 -0.264347 -0.183177 0.0203521 -0.223883 -0.155779 0.0203521 0.264345 -0.183177 0.0203521 0.223882 -0.155779 0.0203521 0.543604 -0.183177 0.0203521 0.549529 -0.177725 0.0203521 -0.581025 -0.142471 0.0203521 -0.590236 -0.126603 0.0203521 -0.208578 -0.142471 0.0203521 -0.183177 -0.120607 0.0203521 0.208576 -0.142471 0.0203521 0.183176 -0.120607 0.0203521 0.581023 -0.142471 0.0203521 0.590235 -0.126603 0.0203521 -0.604168 -0.101766 0.0203521 -0.164306 -0.101766 0.0203521 -0.142471 -0.0759866 0.0203521 0.164304 -0.101766 0.0203521 0.14247 -0.0759866 0.0203521 0.604166 -0.101766 0.0203521 -0.617971 -0.0610597 0.0203521 -0.129652 -0.0610597 0.0203521 0.129651 -0.0610597 0.0203521 0.617969 -0.0610597 0.0203521 -0.624264 -0.0203538 0.0203521 -0.107162 -0.0203538 0.0203521 0.10716 -0.0203538 0.0203521 0.624262 -0.0203538 0.0203521 -0.624264 0.0203521 0.0203521 -0.107162 0.0203521 0.0203521 0.10716 0.0203521 0.0203521 0.624262 0.0203521 0.0203521 -0.617971 0.061058 0.0203521 -0.129652 0.061058 0.0203521 0.129651 0.061058 0.0203521 0.617969 0.061058 0.0203521 -0.604168 0.101764 0.0203521 -0.164306 0.101764 0.0203521 -0.142471 0.0759849 0.0203521 0.164304 0.101764 0.0203521 0.14247 0.0759849 0.0203521 0.604166 0.101764 0.0203521 -0.581025 0.14247 0.0203521 -0.590236 0.126602 0.0203521 -0.208578 0.14247 0.0203521 -0.183177 0.120605 0.0203521 0.208576 0.14247 0.0203521 0.183176 0.120605 0.0203521 0.581023 0.14247 0.0203521 0.590235 0.126602 0.0203521 -0.543606 0.183176 0.0203521 -0.54953 0.177723 0.0203521 -0.264347 0.183176 0.0203521 -0.223883 0.155778 0.0203521 0.264345 0.183176 0.0203521 0.223882 0.155778 0.0203521 0.543604 0.183176 0.0203521 0.549529 0.177723 0.0203521 -0.508825 0.206784 0.0203521 -0.464085 0.223882 0.0203521 -0.468119 0.223097 0.0203521 -0.366411 0.223882 0.0203521 -0.346001 0.220107 0.0203521 -0.305295 0.205323 0.0203521 -0.264589 0.183366 0.0203521 0.264587 0.183366 0.0203521 0.305293 0.205323 0.0203521 0.36641 0.223882 0.0203521 0.345999 0.220107 0.0203521 0.464083 0.223882 0.0203521 0.468117 0.223097 0.0203521 0.508823 0.206784 0.0203521 -0.427413 0.23002 0.0203521 -0.386707 0.228704 0.0203521 0.386705 0.228704 0.0203521 0.427411 0.23002 0.0203521 -0.427413 -0.22612 0.061058 -0.386707 -0.225137 0.061058 0.386705 -0.225137 0.061058 0.427411 -0.22612 0.061058 -0.508825 -0.20182 0.061058 -0.441304 -0.223883 0.061058 -0.468119 -0.218871 0.061058 -0.381578 -0.223883 0.061058 -0.346001 -0.21709 0.061058 -0.305295 -0.202444 0.061058 0.305293 -0.202444 0.061058 0.381576 -0.223883 0.061058 0.345999 -0.21709 0.061058 0.441302 -0.223883 0.061058 0.468117 -0.218871 0.061058 0.508823 -0.20182 0.061058 -0.536561 -0.183177 0.061058 -0.54953 -0.171372 0.061058 -0.269891 -0.183177 0.061058 -0.264589 -0.180723 0.061058 -0.264589 -0.183177 0.023195 -0.223883 -0.153191 0.061058 0.223882 -0.153191 0.061058 0.269889 -0.183177 0.061058 0.264587 -0.180723 0.061058 0.264587 -0.183177 0.023195 0.536559 -0.183177 0.061058 0.549529 -0.171372 0.061058 -0.575522 -0.142471 0.061058 -0.590236 -0.117326 0.061058 -0.211575 -0.142471 0.061058 -0.183177 -0.117968 0.061058 0.211573 -0.142471 0.061058 0.183176 -0.117968 0.061058 0.57552 -0.142471 0.061058 0.590235 -0.117326 0.061058 -0.599008 -0.101766 0.061058 -0.16699 -0.101766 0.061058 -0.142471 -0.0724659 0.061058 0.166988 -0.101766 0.061058 0.14247 -0.0724659 0.061058 0.599006 -0.101766 0.061058 -0.613338 -0.0610597 0.061058 -0.132869 -0.0610597 0.061058 0.132867 -0.0610597 0.061058 0.613336 -0.0610597 0.061058 -0.619874 -0.0203538 0.061058 -0.112056 -0.0203538 0.061058 0.112054 -0.0203538 0.061058 0.619872 -0.0203538 0.061058 -0.619874 0.0203521 0.061058 -0.112056 0.0203521 0.061058 0.112054 0.0203521 0.061058 0.619872 0.0203521 0.061058 -0.613338 0.061058 0.061058 -0.132869 0.061058 0.061058 0.132867 0.061058 0.061058 0.613336 0.061058 0.061058 -0.599008 0.101764 0.061058 -0.16699 0.101764 0.061058 -0.142471 0.0724642 0.061058 0.166988 0.101764 0.061058 0.14247 0.0724642 0.061058 0.599006 0.101764 0.061058 -0.575522 0.14247 0.061058 -0.590236 0.117325 0.061058 -0.211575 0.14247 0.061058 -0.183177 0.117966 0.061058 0.211573 0.14247 0.061058 0.183176 0.117966 0.061058 0.57552 0.14247 0.061058 0.590235 0.117325 0.061058 -0.536561 0.183176 0.061058 -0.54953 0.17137 0.061058 -0.269891 0.183176 0.061058 -0.264589 0.180721 0.061058 -0.264589 0.183176 0.023195 -0.223883 0.153189 0.061058 0.223882 0.153189 0.061058 0.269889 0.183176 0.061058 0.264587 0.180721 0.061058 0.264587 0.183176 0.023195 0.536559 0.183176 0.061058 0.549529 0.17137 0.061058 -0.508825 0.201818 0.061058 -0.441304 0.223882 0.061058 -0.468119 0.21887 0.061058 -0.381578 0.223882 0.061058 -0.346001 0.217088 0.061058 -0.305295 0.202443 0.061058 0.305293 0.202443 0.061058 0.381576 0.223882 0.061058 0.345999 0.217088 0.061058 0.441302 0.223882 0.061058 0.468117 0.21887 0.061058 0.508823 0.201818 0.061058 -0.427413 0.226118 0.061058 -0.386707 0.225135 0.061058 0.386705 0.225135 0.061058 0.427411 0.226118 0.061058 -0.508825 -0.191508 0.101764 -0.468119 -0.210064 0.101764 -0.427413 -0.218323 0.101764 -0.427413 -0.223883 0.0727691 -0.386707 -0.218179 0.101764 -0.386707 -0.223883 0.0682936 -0.346001 -0.21076 0.101764 -0.305295 -0.196404 0.101764 0.305293 -0.196404 0.101764 0.345999 -0.21076 0.101764 0.386705 -0.218179 0.101764 0.386705 -0.223883 0.0682936 0.427411 -0.218323 0.101764 0.427411 -0.223883 0.0727691 0.468117 -0.210064 0.101764 0.508823 -0.191508 0.101764 -0.521468 -0.183177 0.101764 -0.54953 -0.158192 0.101764 -0.281454 -0.183177 0.101764 -0.264589 -0.175172 0.101764 -0.223883 -0.147725 0.101764 0.223882 -0.147725 0.101764 0.281452 -0.183177 0.101764 0.264587 -0.175172 0.101764 0.521466 -0.183177 0.101764 0.549529 -0.158192 0.101764 -0.563859 -0.142471 0.101764 -0.217873 -0.142471 0.101764 -0.183177 -0.112379 0.101764 0.217871 -0.142471 0.101764 0.183176 -0.112379 0.101764 0.563857 -0.142471 0.101764 -0.58839 -0.101766 0.101764 -0.590236 -0.0967054 0.101764 -0.590236 -0.101766 0.0943365 -0.172606 -0.101766 0.101764 -0.142471 -0.0652912 0.101764 0.172604 -0.101766 0.101764 0.14247 -0.0652912 0.101764 0.588388 -0.101766 0.101764 0.590235 -0.0967054 0.101764 0.590235 -0.101766 0.0943365 -0.603587 -0.0610597 0.101764 -0.138979 -0.0610597 0.101764 0.138978 -0.0610597 0.101764 0.603586 -0.0610597 0.101764 -0.61063 -0.0203538 0.101764 -0.119576 -0.0203538 0.101764 0.119574 -0.0203538 0.101764 0.610628 -0.0203538 0.101764 -0.61063 0.0203521 0.101764 -0.119576 0.0203521 0.101764 0.119574 0.0203521 0.101764 0.610628 0.0203521 0.101764 -0.603587 0.061058 0.101764 -0.138979 0.061058 0.101764 0.138978 0.061058 0.101764 0.603586 0.061058 0.101764 -0.58839 0.101764 0.101764 -0.590236 0.0967038 0.101764 -0.590236 0.101764 0.0943365 -0.172606 0.101764 0.101764 -0.142471 0.0652895 0.101764 0.172604 0.101764 0.101764 0.14247 0.0652895 0.101764 0.588388 0.101764 0.101764 0.590235 0.0967038 0.101764 0.590235 0.101764 0.0943365 -0.563859 0.14247 0.101764 -0.217873 0.14247 0.101764 -0.183177 0.112378 0.101764 0.217871 0.14247 0.101764 0.183176 0.112378 0.101764 0.563857 0.14247 0.101764 -0.521468 0.183176 0.101764 -0.54953 0.15819 0.101764 -0.281454 0.183176 0.101764 -0.264589 0.175171 0.101764 -0.223883 0.147723 0.101764 0.223882 0.147723 0.101764 0.281452 0.183176 0.101764 0.264587 0.175171 0.101764 0.521466 0.183176 0.101764 0.549529 0.15819 0.101764 -0.508825 0.191507 0.101764 -0.468119 0.210063 0.101764 -0.427413 0.218321 0.101764 -0.427413 0.223882 0.0727691 -0.386707 0.218177 0.101764 -0.386707 0.223882 0.0682936 -0.346001 0.210758 0.101764 -0.305295 0.196402 0.101764 0.305293 0.196402 0.101764 0.345999 0.210758 0.101764 0.386705 0.218177 0.101764 0.386705 0.223882 0.0682936 0.427411 0.218321 0.101764 0.427411 0.223882 0.0727691 0.468117 0.210063 0.101764 0.508823 0.191507 0.101764 -0.468119 -0.195952 0.14247 -0.427413 -0.205975 0.14247 -0.386707 -0.2071 0.14247 -0.346001 -0.200512 0.14247 -0.305295 -0.186616 0.14247 0.305293 -0.186616 0.14247 0.345999 -0.200512 0.14247 0.386705 -0.2071 0.14247 0.427411 -0.205975 0.14247 0.468117 -0.195952 0.14247 -0.495011 -0.183177 0.14247 -0.508825 -0.174553 0.14247 -0.508825 -0.183177 0.123208 -0.299269 -0.183177 0.14247 -0.264589 -0.166095 0.14247 0.299267 -0.183177 0.14247 0.264587 -0.166095 0.14247 0.49501 -0.183177 0.14247 0.508823 -0.174553 0.14247 0.508823 -0.183177 0.123208 -0.544859 -0.142471 0.14247 -0.54953 -0.136223 0.14247 -0.54953 -0.142471 0.132833 -0.22975 -0.142471 0.14247 -0.223883 -0.138588 0.14247 -0.223883 -0.142471 0.126812 -0.183177 -0.103155 0.14247 0.183176 -0.103155 0.14247 0.229748 -0.142471 0.14247 0.223882 -0.138588 0.14247 0.223882 -0.142471 0.126812 0.544858 -0.142471 0.14247 0.549529 -0.136223 0.14247 0.549529 -0.142471 0.132833 -0.572529 -0.101766 0.14247 -0.181797 -0.101766 0.14247 0.181796 -0.101766 0.14247 0.572527 -0.101766 0.14247 -0.587985 -0.0610597 0.14247 -0.590236 -0.0482849 0.14247 -0.590236 -0.0610597 0.136428 -0.148595 -0.0610597 0.14247 -0.142471 -0.0480866 0.14247 -0.142471 -0.0610597 0.117966 0.148593 -0.0610597 0.14247 0.14247 -0.0480866 0.14247 0.14247 -0.0610597 0.117966 0.587983 -0.0610597 0.14247 0.590235 -0.0482849 0.14247 0.590235 -0.0610597 0.136428 -0.59555 -0.0203538 0.14247 -0.129642 -0.0203538 0.14247 0.12964 -0.0203538 0.14247 0.595548 -0.0203538 0.14247 -0.59555 0.0203521 0.14247 -0.129642 0.0203521 0.14247 0.12964 0.0203521 0.14247 0.595548 0.0203521 0.14247 -0.587985 0.061058 0.14247 -0.590236 0.0482832 0.14247 -0.590236 0.061058 0.136428 -0.148595 0.061058 0.14247 -0.142471 0.0480849 0.14247 -0.142471 0.061058 0.117966 0.148593 0.061058 0.14247 0.14247 0.0480849 0.14247 0.14247 0.061058 0.117966 0.587983 0.061058 0.14247 0.590235 0.0482832 0.14247 0.590235 0.061058 0.136428 -0.572529 0.101764 0.14247 -0.181797 0.101764 0.14247 0.181796 0.101764 0.14247 0.572527 0.101764 0.14247 -0.544859 0.14247 0.14247 -0.54953 0.136221 0.14247 -0.54953 0.14247 0.132833 -0.22975 0.14247 0.14247 -0.223883 0.138587 0.14247 -0.223883 0.14247 0.126812 -0.183177 0.103154 0.14247 0.183176 0.103154 0.14247 0.229748 0.14247 0.14247 0.223882 0.138587 0.14247 0.223882 0.14247 0.126812 0.544858 0.14247 0.14247 0.549529 0.136221 0.14247 0.549529 0.14247 0.132833 -0.495011 0.183176 0.14247 -0.508825 0.174552 0.14247 -0.508825 0.183176 0.123208 -0.299269 0.183176 0.14247 -0.264589 0.166093 0.14247 0.299267 0.183176 0.14247 0.264587 0.166093 0.14247 0.49501 0.183176 0.14247 0.508823 0.174552 0.14247 0.508823 0.183176 0.123208 -0.468119 0.19595 0.14247 -0.427413 0.205973 0.14247 -0.386707 0.207098 0.14247 -0.346001 0.20051 0.14247 -0.305295 0.186615 0.14247 0.305293 0.186615 0.14247 0.345999 0.20051 0.14247 0.386705 0.207098 0.14247 0.427411 0.205973 0.14247 0.468117 0.19595 0.14247 -0.427413 -0.187868 0.183176 -0.386707 -0.190776 0.183176 -0.346001 -0.185368 0.183176 0.345999 -0.185368 0.183176 0.386705 -0.190776 0.183176 0.427411 -0.187868 0.183176 -0.508825 -0.149115 0.183176 -0.444554 -0.183177 0.183176 -0.468119 -0.174979 0.183176 -0.468119 -0.183177 0.168808 -0.339892 -0.183177 0.183176 -0.305295 -0.172446 0.183176 -0.305295 -0.183177 0.153215 -0.264589 -0.152493 0.183176 0.264587 -0.152493 0.183176 0.33989 -0.183177 0.183176 0.305293 -0.172446 0.183176 0.305293 -0.183177 0.153215 0.444552 -0.183177 0.183176 0.468117 -0.174979 0.183176 0.468117 -0.183177 0.168808 0.508823 -0.149115 0.183176 -0.516557 -0.142471 0.183176 -0.250222 -0.142471 0.183176 -0.223883 -0.124395 0.183176 0.25022 -0.142471 0.183176 0.223882 -0.124395 0.183176 0.516555 -0.142471 0.183176 -0.548477 -0.101766 0.183176 -0.54953 -0.0995037 0.183176 -0.54953 -0.101766 0.181502 -0.198256 -0.101766 0.183176 -0.183177 -0.0859046 0.183176 -0.183177 -0.101766 0.14713 0.198254 -0.101766 0.183176 0.183176 -0.0859046 0.183176 0.183176 -0.101766 0.14713 0.548475 -0.101766 0.183176 0.549529 -0.0995037 0.183176 0.549529 -0.101766 0.181502 -0.566694 -0.0610597 0.183176 -0.163081 -0.0610597 0.183176 0.163079 -0.0610597 0.183176 0.566693 -0.0610597 0.183176 -0.574903 -0.0203538 0.183176 -0.590236 -0.0203538 0.152952 -0.144076 -0.0203538 0.183176 -0.142471 -0.0203538 0.179378 0.144074 -0.0203538 0.183176 0.14247 -0.0203538 0.179378 0.574902 -0.0203538 0.183176 0.590235 -0.0203538 0.152952 -0.574903 0.0203521 0.183176 -0.590236 0.0203521 0.152952 -0.144076 0.0203521 0.183176 -0.142471 0.0203521 0.179378 0.144074 0.0203521 0.183176 0.14247 0.0203521 0.179378 0.574902 0.0203521 0.183176 0.590235 0.0203521 0.152952 -0.566694 0.061058 0.183176 -0.163081 0.061058 0.183176 0.163079 0.061058 0.183176 0.566693 0.061058 0.183176 -0.548477 0.101764 0.183176 -0.54953 0.099502 0.183176 -0.54953 0.101764 0.181502 -0.198256 0.101764 0.183176 -0.183177 0.0859029 0.183176 -0.183177 0.101764 0.14713 0.198254 0.101764 0.183176 0.183176 0.0859029 0.183176 0.183176 0.101764 0.14713 0.548475 0.101764 0.183176 0.549529 0.099502 0.183176 0.549529 0.101764 0.181502 -0.516557 0.14247 0.183176 -0.250222 0.14247 0.183176 -0.223883 0.124393 0.183176 0.25022 0.14247 0.183176 0.223882 0.124393 0.183176 0.516555 0.14247 0.183176 -0.508825 0.149113 0.183176 -0.444554 0.183176 0.183176 -0.468119 0.174977 0.183176 -0.468119 0.183176 0.168808 -0.339892 0.183176 0.183176 -0.305295 0.172444 0.183176 -0.305295 0.183176 0.153215 -0.264589 0.152491 0.183176 0.264587 0.152491 0.183176 0.33989 0.183176 0.183176 0.305293 0.172444 0.183176 0.305293 0.183176 0.153215 0.444552 0.183176 0.183176 0.468117 0.174977 0.183176 0.468117 0.183176 0.168808 0.508823 0.149113 0.183176 -0.427413 0.187867 0.183176 -0.386707 0.190774 0.183176 -0.346001 0.185367 0.183176 0.345999 0.185367 0.183176 0.386705 0.190774 0.183176 0.427411 0.187867 0.183176 -0.468119 -0.144624 0.223882 -0.427413 -0.161609 0.223882 -0.427413 -0.183177 0.191616 -0.386707 -0.167383 0.223882 -0.386707 -0.183177 0.198015 -0.346001 -0.163863 0.223882 -0.346001 -0.183177 0.187979 -0.305295 -0.1522 0.223882 0.305293 -0.1522 0.223882 0.345999 -0.163863 0.223882 0.345999 -0.183177 0.187979 0.386705 -0.167383 0.223882 0.386705 -0.183177 0.198015 0.427411 -0.161609 0.223882 0.427411 -0.183177 0.191616 0.468117 -0.144624 0.223882 -0.471552 -0.142471 0.223882 -0.508825 -0.108449 0.223882 -0.508825 -0.142471 0.191652 -0.285814 -0.142471 0.223882 -0.264589 -0.132086 0.223882 -0.264589 -0.142471 0.20585 -0.223883 -0.103658 0.223882 0.223882 -0.103658 0.223882 0.285812 -0.142471 0.223882 0.264587 -0.132086 0.223882 0.264587 -0.142471 0.20585 0.471551 -0.142471 0.223882 0.508823 -0.108449 0.223882 0.508823 -0.142471 0.191652 -0.514515 -0.101766 0.223882 -0.221791 -0.101766 0.223882 0.221789 -0.101766 0.223882 0.514513 -0.101766 0.223882 -0.536168 -0.0610597 0.223882 -0.54953 -0.0610597 0.207018 -0.184298 -0.0610597 0.223882 -0.183177 -0.0589934 0.223882 -0.183177 -0.0610597 0.222404 0.184296 -0.0610597 0.223882 0.183176 -0.0589934 0.223882 0.183176 -0.0610597 0.222404 0.536166 -0.0610597 0.223882 0.549529 -0.0610597 0.207018 -0.545651 -0.0203538 0.223882 -0.54953 -0.0203538 0.218879 -0.165749 -0.0203538 0.223882 0.165747 -0.0203538 0.223882 0.545649 -0.0203538 0.223882 0.549529 -0.0203538 0.218879 -0.545651 0.0203521 0.223882 -0.54953 0.0203521 0.218879 -0.165749 0.0203521 0.223882 0.165747 0.0203521 0.223882 0.545649 0.0203521 0.223882 0.549529 0.0203521 0.218879 -0.536168 0.061058 0.223882 -0.54953 0.061058 0.207018 -0.184298 0.061058 0.223882 -0.183177 0.0589917 0.223882 -0.183177 0.061058 0.222404 0.184296 0.061058 0.223882 0.183176 0.0589917 0.223882 0.183176 0.061058 0.222404 0.536166 0.061058 0.223882 0.549529 0.061058 0.207018 -0.514515 0.101764 0.223882 -0.221791 0.101764 0.223882 0.221789 0.101764 0.223882 0.514513 0.101764 0.223882 -0.471552 0.14247 0.223882 -0.508825 0.108447 0.223882 -0.508825 0.14247 0.191652 -0.285814 0.14247 0.223882 -0.264589 0.132085 0.223882 -0.264589 0.14247 0.20585 -0.223883 0.103657 0.223882 0.223882 0.103657 0.223882 0.285812 0.14247 0.223882 0.264587 0.132085 0.223882 0.264587 0.14247 0.20585 0.471551 0.14247 0.223882 0.508823 0.108447 0.223882 0.508823 0.14247 0.191652 -0.468119 0.144622 0.223882 -0.427413 0.161608 0.223882 -0.427413 0.183176 0.191616 -0.386707 0.167381 0.223882 -0.386707 0.183176 0.198015 -0.346001 0.163861 0.223882 -0.346001 0.183176 0.187979 -0.305295 0.152199 0.223882 0.305293 0.152199 0.223882 0.345999 0.163861 0.223882 0.345999 0.183176 0.187979 0.386705 0.167381 0.223882 0.386705 0.183176 0.198015 0.427411 0.161608 0.223882 0.427411 0.183176 0.191616 0.468117 0.144622 0.223882 -0.468119 -0.142471 0.22633 -0.427413 -0.122138 0.264587 -0.427413 -0.142471 0.246879 -0.386707 -0.133327 0.264587 -0.386707 -0.142471 0.256021 -0.346001 -0.132469 0.264587 -0.346001 -0.142471 0.254241 -0.305295 -0.121522 0.264587 -0.305295 -0.142471 0.239664 0.305293 -0.121522 0.264587 0.305293 -0.142471 0.239664 0.345999 -0.132469 0.264587 0.345999 -0.142471 0.254241 0.386705 -0.133327 0.264587 0.386705 -0.142471 0.256021 0.427411 -0.122138 0.264587 0.427411 -0.142471 0.246879 0.468117 -0.142471 0.22633 -0.508825 -0.101766 0.229322 -0.460487 -0.101766 0.264587 -0.468119 -0.0939367 0.264587 -0.468119 -0.101766 0.260487 -0.264685 -0.101766 0.264587 -0.264589 -0.101711 0.264587 -0.264589 -0.101766 0.264543 -0.223883 -0.0659552 0.264587 -0.223883 -0.101766 0.227077 0.223882 -0.0659552 0.264587 0.223882 -0.101766 0.227077 0.264683 -0.101766 0.264587 0.264587 -0.101711 0.264587 0.264587 -0.101766 0.264543 0.460486 -0.101766 0.264587 0.468117 -0.0939367 0.264587 0.468117 -0.101766 0.260487 0.508823 -0.101766 0.229322 -0.491893 -0.0610597 0.264587 -0.508825 -0.0610597 0.251067 -0.219575 -0.0610597 0.264587 0.219574 -0.0610597 0.264587 0.491891 -0.0610597 0.264587 0.508823 -0.0610597 0.251067 -0.504678 -0.0203538 0.264587 -0.508825 -0.0203538 0.26117 -0.19909 -0.0203538 0.264587 -0.183177 -0.0203538 0.249219 0.199088 -0.0203538 0.264587 0.183176 -0.0203538 0.249219 0.504676 -0.0203538 0.264587 0.508823 -0.0203538 0.26117 -0.504678 0.0203521 0.264587 -0.508825 0.0203521 0.26117 -0.19909 0.0203521 0.264587 -0.183177 0.0203521 0.249219 0.199088 0.0203521 0.264587 0.183176 0.0203521 0.249219 0.504676 0.0203521 0.264587 0.508823 0.0203521 0.26117 -0.491893 0.061058 0.264587 -0.508825 0.061058 0.251067 -0.219575 0.061058 0.264587 0.219574 0.061058 0.264587 0.491891 0.061058 0.264587 0.508823 0.061058 0.251067 -0.508825 0.101764 0.229322 -0.460487 0.101764 0.264587 -0.468119 0.093935 0.264587 -0.468119 0.101764 0.260487 -0.264685 0.101764 0.264587 -0.264589 0.10171 0.264587 -0.264589 0.101764 0.264543 -0.223883 0.0659536 0.264587 -0.223883 0.101764 0.227077 0.223882 0.0659536 0.264587 0.223882 0.101764 0.227077 0.264683 0.101764 0.264587 0.264587 0.10171 0.264587 0.264587 0.101764 0.264543 0.460486 0.101764 0.264587 0.468117 0.093935 0.264587 0.468117 0.101764 0.260487 0.508823 0.101764 0.229322 -0.468119 0.14247 0.22633 -0.427413 0.122136 0.264587 -0.427413 0.14247 0.246879 -0.386707 0.133325 0.264587 -0.386707 0.14247 0.256021 -0.346001 0.132468 0.264587 -0.346001 0.14247 0.254241 -0.305295 0.12152 0.264587 -0.305295 0.14247 0.239664 0.305293 0.12152 0.264587 0.305293 0.14247 0.239664 0.345999 0.132468 0.264587 0.345999 0.14247 0.254241 0.386705 0.133325 0.264587 0.386705 0.14247 0.256021 0.427411 0.122136 0.264587 0.427411 0.14247 0.246879 0.468117 0.14247 0.22633 -0.427413 -0.101766 0.280612 -0.386707 -0.0736259 0.305293 -0.386707 -0.101766 0.291118 -0.346001 -0.0788034 0.305293 -0.346001 -0.101766 0.292719 -0.305295 -0.0685508 0.305293 -0.305295 -0.101766 0.2849 0.305293 -0.0685508 0.305293 0.305293 -0.101766 0.2849 0.345999 -0.0788034 0.305293 0.345999 -0.101766 0.292719 0.386705 -0.0736259 0.305293 0.386705 -0.101766 0.291118 0.427411 -0.101766 0.280612 -0.468119 -0.0610597 0.280978 -0.409792 -0.0610597 0.305293 -0.427413 -0.0394495 0.305293 -0.427413 -0.0610597 0.300396 -0.293142 -0.0610597 0.305293 -0.264589 -0.0320424 0.305293 -0.264589 -0.0610597 0.295869 -0.223883 -0.0610597 0.269165 0.223882 -0.0610597 0.269165 0.29314 -0.0610597 0.305293 0.264587 -0.0320424 0.305293 0.264587 -0.0610597 0.295869 0.40979 -0.0610597 0.305293 0.427411 -0.0394495 0.305293 0.427411 -0.0610597 0.300396 0.468117 -0.0610597 0.280978 -0.437441 -0.0203538 0.305293 -0.468119 -0.0203538 0.290509 -0.257531 -0.0203538 0.305293 -0.223883 -0.0203538 0.287345 0.25753 -0.0203538 0.305293 0.223882 -0.0203538 0.287345 0.43744 -0.0203538 0.305293 0.468117 -0.0203538 0.290509 -0.437441 0.0203521 0.305293 -0.468119 0.0203521 0.290509 -0.257531 0.0203521 0.305293 -0.223883 0.0203521 0.287345 0.25753 0.0203521 0.305293 0.223882 0.0203521 0.287345 0.43744 0.0203521 0.305293 0.468117 0.0203521 0.290509 -0.468119 0.061058 0.280978 -0.409792 0.061058 0.305293 -0.427413 0.0394477 0.305293 -0.427413 0.061058 0.300396 -0.293142 0.061058 0.305293 -0.264589 0.0320407 0.305293 -0.264589 0.061058 0.295869 -0.223883 0.061058 0.269165 0.223882 0.061058 0.269165 0.29314 0.061058 0.305293 0.264587 0.0320407 0.305293 0.264587 0.061058 0.295869 0.40979 0.061058 0.305293 0.427411 0.0394477 0.305293 0.427411 0.061058 0.300396 0.468117 0.061058 0.280978 -0.427413 0.101764 0.280612 -0.386707 0.0736241 0.305293 -0.386707 0.101764 0.291118 -0.346001 0.0788017 0.305293 -0.346001 0.101764 0.292719 -0.305295 0.068549 0.305293 -0.305295 0.101764 0.2849 0.305293 0.068549 0.305293 0.305293 0.101764 0.2849 0.345999 0.0788017 0.305293 0.345999 0.101764 0.292719 0.386705 0.0736241 0.305293 0.386705 0.101764 0.291118 0.427411 0.101764 0.280612 -0.386707 -0.0610597 0.311641 -0.346001 -0.0610597 0.315037 -0.305295 -0.0610597 0.309878 0.305293 -0.0610597 0.309878 0.345999 -0.0610597 0.315037 0.386705 -0.0610597 0.311641 -0.427413 -0.0203538 0.309852 -0.386707 -0.0203538 0.321667 -0.346001 -0.0203538 0.325684 -0.305295 -0.0203538 0.32203 -0.264589 -0.0203538 0.309401 0.264587 -0.0203538 0.309401 0.305293 -0.0203538 0.32203 0.345999 -0.0203538 0.325684 0.386705 -0.0203538 0.321667 0.427411 -0.0203538 0.309852 -0.427413 0.0203521 0.309852 -0.386707 0.0203521 0.321667 -0.346001 0.0203521 0.325684 -0.305295 0.0203521 0.32203 -0.264589 0.0203521 0.309401 0.264587 0.0203521 0.309401 0.305293 0.0203521 0.32203 0.345999 0.0203521 0.325684 0.386705 0.0203521 0.321667 0.427411 0.0203521 0.309852 -0.386707 0.061058 0.311641 -0.346001 0.061058 0.315037 -0.305295 0.061058 0.309878 0.305293 0.061058 0.309878 0.345999 0.061058 0.315037 0.386705 0.061058 0.311641"/>
     <Normal vector="-0.155461 -0.33416 -0.929607 0.0238789 -0.359581 -0.932808 0.209723 -0.387434 -0.897726 -0.209723 -0.387434 -0.897726 -0.0238789 -0.359581 -0.932808 0.155461 -0.33416 -0.929607 -0.343463 -0.104625 -0.93332 -0.176887 -0.112873 -0.977738 0.00127308 -0.122195 -0.992505 0.1876 -0.13315 -0.973179 0.378516 -0.145999 -0.914008 -0.378516 -0.145999 -0.914008 -0.1876 -0.13315 -0.973179 -0.00127308 -0.122195 -0.992505 0.176887 -0.112873 -0.977738 0.343463 -0.104625 -0.93332 -0.343463 0.104625 -0.93332 -0.176887 0.112873 -0.977738 0.00127308 0.122195 -0.992505 0.1876 0.13315 -0.973179 0.378516 0.145999 -0.914008 -0.378516 0.145999 -0.914008 -0.1876 0.13315 -0.973179 -0.00127308 0.122195 -0.992505 0.176887 0.112873 -0.977738 0.343463 0.104625 -0.93332 -0.155461 0.33416 -0.929607 0.0238789 0.359581 -0.932808 0.209723 0.387434 -0.897726 -0.209723 0.387434 -0.897726 -0.0238789 0.359581 -0.932808 0.155461 0.33416 -0.929607 -0.291405 -0.512688 -0.80761 -0.1433 -0.397702 -0.906255 -0.115739 -0.544626 -0.830654 0.0434122 -0.453823 -0.890034 0.0669671 -0.577789 -0.813434 0.218378 -0.428636 -0.876688 0.25068 -0.611664 -0.750351 -0.218378 -0.428636 -0.876688 -0.25068 -0.611664 -0.750351 -0.0434122 -0.453823 -0.890034 -0.0669671 -0.577789 -0.813434 0.1433 -0.397702 -0.906255 0.115739 -0.544626 -0.830654 0.291405 -0.512688 -0.80761 -0.487573 -0.292369 -0.822674 -0.247464 -0.322657 -0.913594 -0.336181 -0.200966 -0.920106 -0.326125 -0.311855 -0.892406 0.267697 -0.398547 -0.877211 0.386508 -0.225566 -0.894277 0.395465 -0.420719 -0.816457 0.572303 -0.456711 -0.68109 -0.572303 -0.456711 -0.68109 -0.267697 -0.398547 -0.877211 -0.386508 -0.225566 -0.894277 -0.395465 -0.420719 -0.816457 0.247464 -0.322657 -0.913594 0.336181 -0.200966 -0.920106 0.326125 -0.311855 -0.892406 0.487573 -0.292369 -0.822674 -0.378699 -0.103166 -0.919752 -0.502549 -0.0978757 -0.858991 0.411967 -0.149174 -0.898905 0.570126 -0.163318 -0.805161 -0.411967 -0.149174 -0.898905 -0.570126 -0.163318 -0.805161 0.378699 -0.103166 -0.919752 0.502549 -0.0978757 -0.858991 -0.378699 0.103166 -0.919752 -0.502549 0.0978757 -0.858991 0.411967 0.149174 -0.898905 0.570126 0.163318 -0.805161 -0.411967 0.149174 -0.898905 -0.570126 0.163318 -0.805161 0.378699 0.103166 -0.919752 0.502549 0.0978757 -0.858991 -0.487573 0.292369 -0.822674 -0.247464 0.322657 -0.913594 -0.336181 0.200966 -0.920106 -0.326125 0.311855 -0.892406 0.267697 0.398547 -0.877211 0.386508 0.225566 -0.894277 0.395465 0.420719 -0.816457 0.572303 0.456711 -0.68109 -0.572303 0.456711 -0.68109 -0.267697 0.398547 -0.877211 -0.386508 0.225566 -0.894277 -0.395465 0.420719 -0.816457 0.247464 0.322657 -0.913594 0.336181 0.200966 -0.920106 0.326125 0.311855 -0.892406 0.487573 0.292369 -0.822674 -0.291405 0.512688 -0.80761 -0.1433 0.397702 -0.906255 -0.115739 0.544626 -0.830654 0.0434122 0.453823 -0.890034 0.0669671 0.577789 -0.813434 0.218378 0.428636 -0.876688 0.25068 0.611664 -0.750351 -0.218378 0.428636 -0.876688 -0.25068 0.611664 -0.750351 -0.0434122 0.453823 -0.890034 -0.0669671 0.577789 -0.813434 0.1433 0.397702 -0.906255 0.115739 0.544626 -0.830654 0.291405 0.512688 -0.80761 -0.40714 -0.662696 -0.628547 -0.265142 -0.60364 -0.751877 -0.235894 -0.698583 -0.675526 -0.0684917 -0.688231 -0.722252 -0.05401 -0.730836 -0.680413 0.114745 -0.71533 -0.689301 0.130236 -0.759919 -0.636837 0.280203 -0.69606 -0.66105 0.308716 -0.781594 -0.542038 -0.280203 -0.69606 -0.66105 -0.308716 -0.781594 -0.542038 -0.114745 -0.71533 -0.689301 -0.130236 -0.759919 -0.636837 0.0684917 -0.688231 -0.722252 0.05401 -0.730836 -0.680413 0.265142 -0.60364 -0.751877 0.235894 -0.698583 -0.675526 0.40714 -0.662696 -0.628547 -0.60886 -0.453906 -0.650583 -0.421023 -0.488626 -0.764188 -0.462204 -0.444288 -0.767447 -0.455304 -0.481797 -0.748712 0.426038 -0.641513 -0.637929 0.426386 -0.641283 -0.637928 0.426408 -0.641561 -0.637633 0.5756 -0.484298 -0.658893 0.580896 -0.669385 -0.463124 -0.5756 -0.484298 -0.658893 -0.580896 -0.669385 -0.463124 -0.426038 -0.641513 -0.637929 -0.426386 -0.641283 -0.637928 -0.426408 -0.641561 -0.637633 0.421023 -0.488626 -0.764188 0.462204 -0.444288 -0.767447 0.455304 -0.481797 -0.748712 0.60886 -0.453906 -0.650583 -0.56855 -0.282605 -0.772584 -0.635671 -0.274255 -0.7216 0.588879 -0.461971 -0.663177 -0.588879 -0.461971 -0.663178 0.568549 -0.282605 -0.772584 0.635671 -0.274255 -0.7216 -0.629597 -0.0922417 -0.771427 -0.646415 -0.0914878 -0.757481 0.680486 -0.176982 -0.711067 0.752903 -0.18468 -0.631688 -0.680486 -0.176982 -0.711067 -0.752903 -0.18468 -0.631688 0.629597 -0.0922416 -0.771427 0.646415 -0.0914878 -0.757481 -0.629597 0.0922417 -0.771427 -0.646415 0.0914878 -0.757481 0.680486 0.176982 -0.711067 0.752903 0.18468 -0.631688 -0.680486 0.176982 -0.711067 -0.752903 0.18468 -0.631688 0.629597 0.0922416 -0.771427 0.646415 0.0914878 -0.757481 -0.56855 0.282605 -0.772584 -0.635671 0.274255 -0.7216 0.588879 0.461971 -0.663177 -0.588879 0.461971 -0.663178 0.568549 0.282605 -0.772584 0.635671 0.274255 -0.7216 -0.60886 0.453906 -0.650583 -0.421023 0.488626 -0.764188 -0.462204 0.444288 -0.767447 -0.455304 0.481797 -0.748712 0.426038 0.641513 -0.637929 0.426386 0.641283 -0.637928 0.426408 0.641561 -0.637633 0.5756 0.484298 -0.658893 0.580896 0.669385 -0.463124 -0.5756 0.484298 -0.658893 -0.580896 0.669385 -0.463124 -0.426038 0.641513 -0.637929 -0.426386 0.641283 -0.637928 -0.426408 0.641561 -0.637633 0.421023 0.488626 -0.764188 0.462204 0.444288 -0.767447 0.455304 0.481797 -0.748712 0.60886 0.453906 -0.650583 -0.40714 0.662696 -0.628547 -0.265142 0.60364 -0.751877 -0.235894 0.698583 -0.675526 -0.0684917 0.688231 -0.722252 -0.05401 0.730836 -0.680413 0.114745 0.71533 -0.689301 0.130236 0.759919 -0.636837 0.280203 0.69606 -0.66105 0.308716 0.781594 -0.542038 -0.280203 0.69606 -0.66105 -0.308716 0.781594 -0.542038 -0.114745 0.71533 -0.689301 -0.130236 0.759919 -0.636837 0.0684917 0.688231 -0.722252 0.05401 0.730836 -0.680413 0.265142 0.60364 -0.751877 0.235894 0.698583 -0.675526 0.40714 0.662696 -0.628547 -0.404201 -0.670943 -0.621656 -0.203464 -0.773516 -0.600229 -0.159718 -0.859211 -0.486052 -0.00722636 -0.824392 -0.565974 0.0265792 -0.881905 -0.470678 0.170915 -0.831944 -0.527881 0.210196 -0.890669 -0.403146 0.325883 -0.808455 -0.490103 -0.325883 -0.808455 -0.490103 -0.170915 -0.831944 -0.527881 -0.210196 -0.890669 -0.403146 0.00722636 -0.824392 -0.565974 -0.0265792 -0.881905 -0.470678 0.203464 -0.773516 -0.600229 0.159718 -0.859211 -0.486052 0.404201 -0.670943 -0.621656 -0.419046 -0.660499 -0.62301 -0.603482 -0.481187 -0.635821 -0.568846 -0.629036 -0.529837 0.391375 -0.789537 -0.472713 0.46098 -0.756659 -0.463643 0.46972 -0.790717 -0.392593 0.582379 -0.675454 -0.452323 -0.582379 -0.675454 -0.452323 -0.391375 -0.789537 -0.472713 -0.46098 -0.756659 -0.463643 -0.46972 -0.790717 -0.392593 0.419046 -0.660499 -0.62301 0.603482 -0.481187 -0.635821 0.568846 -0.629036 -0.529837 -0.626141 -0.450939 -0.636083 0.587265 -0.671198 -0.452342 -0.587265 -0.671198 -0.452342 0.626141 -0.450939 -0.636083 -0.722723 -0.26409 -0.638693 -0.772002 -0.257879 -0.580957 0.721555 -0.495766 -0.483294 0.728685 -0.482448 -0.486068 0.725662 -0.496477 -0.476367 -0.721555 -0.495766 -0.483294 -0.728685 -0.482448 -0.486068 -0.725662 -0.496477 -0.476367 0.722723 -0.26409 -0.638693 0.772002 -0.257879 -0.580957 -0.766215 -0.0865984 -0.636723 -0.780904 -0.0859628 -0.618708 0.819067 -0.198008 -0.538444 -0.819067 -0.198008 -0.538444 0.766215 -0.0865984 -0.636723 0.780904 -0.0859628 -0.618708 -0.766215 0.0865984 -0.636723 -0.780904 0.0859628 -0.618708 0.819067 0.198008 -0.538444 -0.819067 0.198008 -0.538444 0.766215 0.0865984 -0.636723 0.780904 0.0859628 -0.618708 -0.722723 0.26409 -0.638693 -0.772002 0.257879 -0.580957 0.721555 0.495766 -0.483294 0.728685 0.482448 -0.486068 0.725662 0.496477 -0.476367 -0.721555 0.495766 -0.483294 -0.728685 0.482448 -0.486068 -0.725662 0.496477 -0.476367 0.722723 0.26409 -0.638693 0.772002 0.257879 -0.580957 -0.626141 0.450939 -0.636083 0.587265 0.671198 -0.452342 -0.587265 0.671198 -0.452342 0.626141 0.450939 -0.636083 -0.419046 0.660499 -0.62301 -0.603482 0.481187 -0.635821 -0.568846 0.629036 -0.529837 0.391375 0.789537 -0.472713 0.46098 0.756659 -0.463643 0.46972 0.790717 -0.392593 0.582379 0.675454 -0.452323 -0.582379 0.675454 -0.452323 -0.391375 0.789537 -0.472713 -0.46098 0.756659 -0.463643 -0.46972 0.790717 -0.392593 0.419046 0.660499 -0.62301 0.603482 0.481187 -0.635821 0.568846 0.629036 -0.529837 -0.404201 0.670943 -0.621656 -0.203464 0.773517 -0.600229 -0.159718 0.859211 -0.486052 -0.00722636 0.824392 -0.565974 0.0265792 0.881905 -0.470678 0.170915 0.831944 -0.527881 0.210196 0.890669 -0.403146 0.325883 0.808455 -0.490103 -0.325883 0.808455 -0.490103 -0.170915 0.831944 -0.527881 -0.210196 0.890669 -0.403146 0.00722636 0.824392 -0.565974 -0.0265792 0.881905 -0.470678 0.203464 0.773517 -0.600229 0.159718 0.859211 -0.486052 0.404201 0.670943 -0.621656 -0.150412 -0.873523 -0.462961 0.042763 -0.901975 -0.429666 0.214775 -0.894987 -0.390986 -0.214775 -0.894987 -0.390986 -0.042763 -0.901975 -0.429666 0.150412 -0.873523 -0.462961 -0.561231 -0.654346 -0.506804 -0.2295 -0.849785 -0.474548 -0.357077 -0.794739 -0.490801 -0.341154 -0.82938 -0.442428 0.239422 -0.891477 -0.384638 0.36118 -0.860595 -0.359061 0.379499 -0.883235 -0.275456 0.484077 -0.810089 -0.330796 -0.484077 -0.810089 -0.330796 -0.239422 -0.891477 -0.384638 -0.36118 -0.860595 -0.359061 -0.379499 -0.883235 -0.275456 0.2295 -0.849785 -0.474548 0.357077 -0.794739 -0.490801 0.341154 -0.82938 -0.442428 0.561231 -0.654346 -0.506804 -0.593676 -0.623906 -0.508223 0.519443 -0.791885 -0.321087 0.595713 -0.738446 -0.315947 -0.519443 -0.791885 -0.321087 -0.595713 -0.738446 -0.315947 0.593676 -0.623906 -0.508223 -0.74486 -0.428508 -0.511434 -0.75072 -0.417873 -0.511666 -0.749109 -0.427686 -0.505886 0.656962 -0.685322 -0.314222 0.714862 -0.620418 -0.322574 0.69666 -0.683462 -0.218048 -0.656962 -0.685322 -0.314222 -0.714862 -0.620418 -0.322574 -0.69666 -0.683462 -0.218048 0.74486 -0.428507 -0.511434 0.75072 -0.417873 -0.511666 0.749109 -0.427686 -0.505886 -0.820434 -0.252508 -0.512959 0.780172 -0.522526 -0.343946 -0.780172 -0.522526 -0.343946 0.820435 -0.252508 -0.512959 -0.854757 -0.0832434 -0.51231 -0.904137 -0.0809712 -0.419499 0.898449 -0.210693 -0.385225 0.904002 -0.211489 -0.371556 -0.898449 -0.210693 -0.385225 -0.904002 -0.211489 -0.371556 0.854757 -0.0832434 -0.51231 0.904137 -0.0809712 -0.419499 -0.854757 0.0832434 -0.51231 -0.904137 0.0809712 -0.419499 0.898449 0.210693 -0.385225 0.904002 0.211489 -0.371556 -0.898449 0.210693 -0.385225 -0.904002 0.211489 -0.371556 0.854757 0.0832434 -0.51231 0.904137 0.0809712 -0.419499 -0.820434 0.252508 -0.512959 0.780172 0.522526 -0.343946 -0.780172 0.522526 -0.343946 0.820435 0.252508 -0.512959 -0.74486 0.428508 -0.511434 -0.75072 0.417873 -0.511666 -0.749109 0.427686 -0.505886 0.656962 0.685322 -0.314222 0.714862 0.620418 -0.322574 0.69666 0.683462 -0.218048 -0.656962 0.685322 -0.314222 -0.714862 0.620418 -0.322574 -0.69666 0.683462 -0.218048 0.74486 0.428507 -0.511434 0.75072 0.417873 -0.511666 0.749109 0.427686 -0.505886 -0.593676 0.623906 -0.508223 0.519443 0.791885 -0.321087 0.595713 0.738446 -0.315947 -0.519443 0.791885 -0.321087 -0.595713 0.738446 -0.315947 0.593676 0.623906 -0.508223 -0.561231 0.654346 -0.506804 -0.2295 0.849785 -0.474548 -0.357077 0.794739 -0.490801 -0.341154 0.82938 -0.442428 0.239422 0.891477 -0.384638 0.36118 0.860595 -0.359061 0.379499 0.883235 -0.275456 0.484077 0.810089 -0.330796 -0.484077 0.810089 -0.330796 -0.239422 0.891477 -0.384638 -0.36118 0.860595 -0.359061 -0.379499 0.883235 -0.275456 0.2295 0.849785 -0.474548 0.357077 0.794739 -0.490801 0.341154 0.82938 -0.442428 0.561231 0.654346 -0.506804 -0.150412 0.873523 -0.462961 0.042763 0.901975 -0.429666 0.214775 0.894987 -0.390987 -0.214775 0.894987 -0.390987 -0.042763 0.901975 -0.429666 0.150412 0.873523 -0.462961 -0.318506 -0.872929 -0.369525 -0.111776 -0.931655 -0.345723 0.0801573 -0.945337 -0.31609 0.247246 -0.926155 -0.284792 0.385989 -0.887112 -0.25307 -0.385989 -0.887112 -0.25307 -0.247246 -0.926155 -0.284792 -0.0801573 -0.945337 -0.31609 0.111776 -0.931655 -0.345723 0.318506 -0.872929 -0.369525 -0.448151 -0.809212 -0.379916 -0.526587 -0.757724 -0.385436 -0.511725 -0.794453 -0.32708 0.404013 -0.880496 -0.247992 0.502799 -0.832954 -0.231043 -0.404013 -0.880496 -0.247992 -0.502799 -0.832954 -0.231043 0.448151 -0.809212 -0.379916 0.526587 -0.757724 -0.385436 0.511725 -0.794453 -0.32708 -0.697184 -0.600355 -0.391801 -0.722981 -0.568499 -0.392565 -0.716613 -0.595687 -0.362799 0.582896 -0.784018 -0.213418 0.599187 -0.771905 -0.212458 0.599705 -0.779988 -0.178808 0.696707 -0.686327 -0.2087 -0.696707 -0.686327 -0.2087 -0.582896 -0.784018 -0.213418 -0.599187 -0.771905 -0.212458 -0.599705 -0.779988 -0.178808 0.697184 -0.600355 -0.391801 0.722981 -0.568499 -0.392565 0.716613 -0.595687 -0.362799 -0.819288 -0.416531 -0.394042 0.698641 -0.684297 -0.208898 -0.698641 -0.684297 -0.208898 0.819288 -0.416531 -0.394042 -0.887143 -0.243646 -0.391935 -0.899683 -0.191233 -0.39243 -0.895328 -0.242688 -0.373484 0.813245 -0.533036 -0.233465 0.860919 -0.445497 -0.245666 0.823687 -0.537409 -0.180918 -0.813245 -0.533036 -0.233465 -0.860919 -0.445497 -0.245666 -0.823687 -0.537409 -0.180918 0.887143 -0.243647 -0.391935 0.899683 -0.191233 -0.39243 0.895328 -0.242688 -0.373484 -0.916648 -0.0804626 -0.391512 0.932857 -0.226377 -0.280236 -0.932857 -0.226377 -0.280236 0.916648 -0.0804626 -0.391512 -0.916648 0.0804626 -0.391512 0.932857 0.226377 -0.280236 -0.932857 0.226377 -0.280236 0.916648 0.0804626 -0.391512 -0.887143 0.243646 -0.391935 -0.899683 0.191233 -0.39243 -0.895328 0.242688 -0.373484 0.813245 0.533036 -0.233465 0.860919 0.445497 -0.245666 0.823687 0.537409 -0.180918 -0.813245 0.533036 -0.233465 -0.860919 0.445497 -0.245666 -0.823687 0.537409 -0.180918 0.887143 0.243647 -0.391935 0.899683 0.191233 -0.39243 0.895328 0.242688 -0.373484 -0.819288 0.416531 -0.394042 0.698641 0.684297 -0.208898 -0.698641 0.684297 -0.208898 0.819288 0.416531 -0.394042 -0.697184 0.600355 -0.391801 -0.722981 0.568499 -0.392565 -0.716613 0.595687 -0.362799 0.582896 0.784018 -0.213418 0.599187 0.771905 -0.212458 0.599705 0.779988 -0.178808 0.696707 0.686327 -0.2087 -0.696707 0.686327 -0.2087 -0.582896 0.784018 -0.213418 -0.599187 0.771905 -0.212458 -0.599705 0.779988 -0.178808 0.697184 0.600355 -0.391801 0.722981 0.568499 -0.392565 0.716613 0.595687 -0.362799 -0.448151 0.809212 -0.379916 -0.526587 0.757724 -0.385436 -0.511725 0.794453 -0.32708 0.404013 0.880496 -0.247992 0.502799 0.832954 -0.231043 -0.404013 0.880496 -0.247992 -0.502799 0.832954 -0.231043 0.448151 0.809212 -0.379916 0.526587 0.757724 -0.385436 0.511725 0.794453 -0.32708 -0.318506 0.872929 -0.369525 -0.111776 0.931655 -0.345723 0.0801573 0.945337 -0.31609 0.247246 0.926155 -0.284792 0.385989 0.887112 -0.253069 -0.385989 0.887112 -0.253069 -0.247246 0.926155 -0.284792 -0.0801573 0.945337 -0.31609 0.111776 0.931655 -0.345723 0.318506 0.872929 -0.369525 -0.49941 -0.82321 -0.270028 -0.288956 -0.922181 -0.257074 -0.0800624 -0.968222 -0.236932 -0.0643655 -0.984286 -0.164435 0.108813 -0.970692 -0.214282 0.124646 -0.982501 -0.138405 0.270885 -0.943304 -0.191829 0.405032 -0.898388 -0.169847 -0.405032 -0.898388 -0.169847 -0.270885 -0.943304 -0.191829 -0.108813 -0.970692 -0.214282 -0.124646 -0.982501 -0.138405 0.0800624 -0.968222 -0.236932 0.0643655 -0.984286 -0.164435 0.288956 -0.922181 -0.257074 0.49941 -0.82321 -0.270028 -0.55585 -0.785363 -0.272463 -0.702205 -0.655669 -0.277501 0.470097 -0.868671 -0.156267 0.514348 -0.844207 -0.150863 0.605205 -0.784182 -0.137057 -0.605205 -0.784182 -0.137057 -0.470097 -0.868671 -0.156267 -0.514348 -0.844207 -0.150863 0.55585 -0.785363 -0.272463 0.702205 -0.655669 -0.277501 -0.760446 -0.586796 -0.278195 0.613612 -0.777955 -0.135157 0.6972 -0.704519 -0.132531 -0.613612 -0.777955 -0.135157 -0.6972 -0.704519 -0.132531 0.760446 -0.586796 -0.278195 -0.871073 -0.405127 -0.277675 -0.880971 -0.383032 -0.277808 -0.87817 -0.403935 -0.256228 0.71221 -0.689156 -0.133495 0.81634 -0.557518 -0.150873 -0.71221 -0.689156 -0.133495 -0.81634 -0.557518 -0.150873 0.871073 -0.405127 -0.277675 0.880971 -0.383032 -0.277808 0.87817 -0.403935 -0.256228 -0.930392 -0.239236 -0.277736 0.824269 -0.544665 -0.154665 -0.824269 -0.544665 -0.154665 0.930392 -0.239236 -0.277736 -0.957494 -0.0790568 -0.27741 0.94753 -0.242859 -0.207862 -0.94753 -0.242859 -0.207862 0.957494 -0.0790568 -0.27741 -0.957494 0.0790568 -0.27741 0.94753 0.242859 -0.207862 -0.94753 0.242859 -0.207862 0.957494 0.0790568 -0.27741 -0.930392 0.239236 -0.277736 0.824269 0.544665 -0.154665 -0.824269 0.544665 -0.154665 0.930392 0.239236 -0.277736 -0.871073 0.405127 -0.277675 -0.880971 0.383032 -0.277808 -0.87817 0.403935 -0.256228 0.71221 0.689156 -0.133495 0.81634 0.557518 -0.150873 -0.71221 0.689156 -0.133495 -0.81634 0.557518 -0.150873 0.871073 0.405127 -0.277675 0.880971 0.383032 -0.277808 0.87817 0.403935 -0.256228 -0.760446 0.586796 -0.278195 0.613612 0.777955 -0.135157 0.6972 0.704519 -0.132531 -0.613612 0.777955 -0.135157 -0.6972 0.704519 -0.132531 0.760446 0.586796 -0.278195 -0.55585 0.785363 -0.272463 -0.702205 0.655669 -0.277501 0.470097 0.868671 -0.156267 0.514348 0.844207 -0.150863 0.605205 0.784182 -0.137057 -0.605205 0.784182 -0.137057 -0.470097 0.868671 -0.156267 -0.514348 0.844207 -0.150863 0.55585 0.785363 -0.272463 0.702205 0.655669 -0.277501 -0.49941 0.82321 -0.270028 -0.288956 0.922181 -0.257074 -0.0800624 0.968222 -0.236932 -0.0643655 0.984286 -0.164435 0.108813 0.970692 -0.214282 0.124646 0.982501 -0.138405 0.270885 0.943304 -0.191829 0.405032 0.898388 -0.169847 -0.405032 0.898388 -0.169847 -0.270885 0.943304 -0.191829 -0.108813 0.970692 -0.214282 -0.124646 0.982501 -0.138405 0.0800624 0.968222 -0.236932 0.0643655 0.984286 -0.164435 0.288956 0.922181 -0.257074 0.49941 0.82321 -0.270028 -0.059406 -0.988625 -0.138169 0.127442 -0.984076 -0.123903 -0.127442 -0.984076 -0.123903 0.059406 -0.988625 -0.138169 -0.482753 -0.860967 -0.160264 -0.121912 -0.982286 -0.142307 -0.267025 -0.951824 -0.15076 0.151153 -0.980981 -0.121773 0.286148 -0.951829 -0.110186 0.417078 -0.903639 -0.0973792 -0.417078 -0.903639 -0.0973792 -0.151154 -0.980981 -0.121773 -0.286148 -0.951829 -0.110186 0.121912 -0.982286 -0.142307 0.267025 -0.951824 -0.15076 0.482753 -0.860967 -0.160264 -0.614021 -0.772173 -0.163485 -0.686314 -0.708351 -0.16496 0.507794 -0.857186 -0.0858838 0.520973 -0.849337 -0.0849336 0.523836 -0.85125 -0.031143 0.611077 -0.787811 -0.0770613 -0.611077 -0.787811 -0.0770613 -0.507794 -0.857187 -0.0858838 -0.520973 -0.849337 -0.0849336 -0.523836 -0.85125 -0.031143 0.614021 -0.772173 -0.163485 0.686314 -0.708351 -0.16496 -0.798968 -0.577986 -0.166078 -0.870756 -0.462815 -0.166092 0.628066 -0.774561 -0.0747645 0.696186 -0.714106 -0.0733383 -0.628066 -0.774561 -0.0747645 -0.696186 -0.714106 -0.0733383 0.798968 -0.577986 -0.166078 0.870756 -0.462815 -0.166092 -0.901275 -0.400263 -0.165808 0.718679 -0.691355 -0.0743524 0.799817 -0.594148 -0.0853236 -0.718679 -0.691355 -0.0743524 -0.799817 -0.594148 -0.0853236 0.901275 -0.400263 -0.165808 -0.957485 -0.236213 -0.16561 0.820154 -0.564492 -0.0932539 -0.820154 -0.564492 -0.0932539 0.957485 -0.236213 -0.16561 -0.983182 -0.077943 -0.16516 0.951946 -0.267641 -0.148884 -0.951946 -0.267641 -0.148884 0.983182 -0.0779431 -0.16516 -0.983182 0.077943 -0.16516 0.951946 0.267641 -0.148884 -0.951946 0.267641 -0.148884 0.983182 0.0779431 -0.16516 -0.957485 0.236213 -0.16561 0.820154 0.564492 -0.0932539 -0.820154 0.564492 -0.0932539 0.957485 0.236213 -0.16561 -0.901275 0.400263 -0.165808 0.718679 0.691355 -0.0743524 0.799817 0.594148 -0.0853236 -0.718679 0.691355 -0.0743524 -0.799817 0.594148 -0.0853236 0.901275 0.400263 -0.165808 -0.798968 0.577986 -0.166078 -0.870756 0.462815 -0.166092 0.628066 0.774561 -0.0747645 0.696186 0.714106 -0.0733383 -0.628066 0.774561 -0.0747645 -0.696186 0.714106 -0.0733383 0.798968 0.577986 -0.166078 0.870756 0.462815 -0.166092 -0.614021 0.772173 -0.163485 -0.686314 0.708351 -0.16496 0.507794 0.857186 -0.0858838 0.520973 0.849337 -0.0849336 0.523836 0.85125 -0.031143 0.611077 0.787811 -0.0770613 -0.611077 0.787811 -0.0770613 -0.507794 0.857187 -0.0858838 -0.520973 0.849337 -0.0849336 -0.523836 0.85125 -0.031143 0.614021 0.772173 -0.163485 0.686314 0.708351 -0.16496 -0.482753 0.860967 -0.160264 -0.121912 0.982286 -0.142307 -0.267025 0.951824 -0.15076 0.151153 0.980981 -0.121773 0.286148 0.951829 -0.110186 0.417078 0.903639 -0.0973791 -0.417078 0.903639 -0.0973791 -0.151154 0.980981 -0.121773 -0.286148 0.951829 -0.110186 0.121912 0.982286 -0.142307 0.267025 0.951824 -0.15076 0.482753 0.860967 -0.160264 -0.059406 0.988625 -0.138169 0.127442 0.984076 -0.123903 -0.127442 0.984076 -0.123903 0.059406 0.988625 -0.138169 -0.0506938 -0.997672 -0.0456069 0.135612 -0.989923 -0.0407737 -0.135612 -0.989923 -0.0407737 0.0506938 -0.997672 -0.0456069 -0.473486 -0.879202 -0.0530557 -0.231679 -0.971548 -0.0491916 -0.255449 -0.965549 -0.0495993 0.222545 -0.974181 -0.038018 0.293604 -0.955253 -0.0358876 0.422895 -0.905624 -0.0316937 0.524108 -0.85121 -0.0274114 -0.524108 -0.85121 -0.0274114 -0.422895 -0.905624 -0.0316937 -0.222545 -0.974181 -0.038018 -0.293604 -0.955253 -0.0358876 0.231679 -0.971548 -0.0491916 0.255449 -0.965549 -0.0495993 0.473486 -0.879202 -0.0530557 -0.64276 -0.764133 -0.0544009 -0.676856 -0.734085 -0.0546308 0.524554 -0.850937 -0.0273833 0.613775 -0.78909 -0.0248376 -0.524554 -0.850937 -0.0273833 -0.613775 -0.78909 -0.0248376 0.64276 -0.764133 -0.0544009 0.676856 -0.734085 -0.0546308 -0.817724 -0.572962 -0.0551624 -0.864683 -0.499274 -0.0552126 0.634741 -0.772356 -0.0238961 0.695247 -0.718387 -0.0234712 -0.634741 -0.772356 -0.0238961 -0.695247 -0.718387 -0.0234712 0.817724 -0.572962 -0.0551624 0.864683 -0.499274 -0.0552126 -0.915718 -0.398019 -0.0551442 0.720731 -0.692801 -0.023932 0.789281 -0.613401 -0.0278497 -0.720731 -0.692801 -0.023932 -0.789281 -0.613401 -0.0278497 0.915718 -0.398019 -0.0551442 -0.97055 -0.23454 -0.0549908 0.813819 -0.580235 -0.0320148 -0.813819 -0.580235 -0.0320148 0.97055 -0.23454 -0.0549908 -0.995498 -0.0773355 -0.0548 0.952938 -0.29714 -0.0601344 -0.952938 -0.29714 -0.0601344 0.995498 -0.0773355 -0.0548 -0.995498 0.0773355 -0.0548 0.952938 0.29714 -0.0601344 -0.952938 0.29714 -0.0601344 0.995498 0.0773355 -0.0548 -0.97055 0.23454 -0.0549908 0.813819 0.580235 -0.0320148 -0.813819 0.580235 -0.0320148 0.97055 0.23454 -0.0549908 -0.915718 0.398019 -0.0551442 0.720731 0.692801 -0.023932 0.789281 0.613401 -0.0278497 -0.720731 0.692801 -0.023932 -0.789281 0.613401 -0.0278497 0.915718 0.398019 -0.0551442 -0.817724 0.572962 -0.0551624 -0.864683 0.499274 -0.0552126 0.634741 0.772356 -0.0238961 0.695247 0.718387 -0.0234712 -0.634741 0.772356 -0.0238961 -0.695247 0.718387 -0.0234712 0.817724 0.572962 -0.0551624 0.864683 0.499274 -0.0552126 -0.64276 0.764133 -0.0544009 -0.676856 0.734085 -0.0546308 0.524554 0.850937 -0.0273833 0.613775 0.78909 -0.0248376 -0.524554 0.850937 -0.0273833 -0.613775 0.78909 -0.0248376 0.64276 0.764133 -0.0544009 0.676856 0.734085 -0.0546308 -0.473486 0.879202 -0.0530557 -0.231679 0.971548 -0.0491916 -0.255449 0.965549 -0.0495993 0.222545 0.974181 -0.038018 0.293604 0.955253 -0.0358875 0.422895 0.905624 -0.0316937 0.524108 0.85121 -0.0274114 -0.524108 0.85121 -0.0274114 -0.422895 0.905624 -0.0316937 -0.222545 0.974181 -0.038018 -0.293604 0.955253 -0.0358875 0.231679 0.971548 -0.0491916 0.255449 0.965549 -0.0495993 0.473486 0.879202 -0.0530557 -0.0506939 0.997672 -0.0456069 0.135612 0.989923 -0.0407737 -0.135612 0.989923 -0.0407737 0.0506939 0.997672 -0.0456069 -0.0506938 -0.997672 0.0456069 0.135612 -0.989923 0.0407737 -0.135612 -0.989923 0.0407737 0.0506938 -0.997672 0.0456069 -0.473486 -0.879202 0.0530557 -0.231679 -0.971548 0.0491916 -0.255449 -0.965549 0.0495993 0.222545 -0.974181 0.038018 0.293604 -0.955253 0.0358876 0.422895 -0.905624 0.0316937 0.524108 -0.85121 0.0274114 -0.524108 -0.85121 0.0274114 -0.422895 -0.905624 0.0316937 -0.222545 -0.974181 0.038018 -0.293604 -0.955253 0.0358876 0.231679 -0.971548 0.0491916 0.255449 -0.965549 0.0495993 0.473486 -0.879202 0.0530557 -0.64276 -0.764133 0.0544009 -0.676856 -0.734085 0.0546308 0.524554 -0.850937 0.0273833 0.613775 -0.78909 0.0248376 -0.524554 -0.850937 0.0273833 -0.613775 -0.78909 0.0248376 0.64276 -0.764133 0.0544009 0.676856 -0.734085 0.0546308 -0.817724 -0.572962 0.0551624 -0.864683 -0.499274 0.0552126 0.634741 -0.772356 0.0238961 0.695247 -0.718387 0.0234712 -0.634741 -0.772356 0.0238961 -0.695247 -0.718387 0.0234712 0.817724 -0.572962 0.0551624 0.864683 -0.499274 0.0552126 -0.915718 -0.398019 0.0551442 0.720731 -0.692801 0.023932 0.789281 -0.613401 0.0278497 -0.720731 -0.692801 0.023932 -0.789281 -0.613401 0.0278497 0.915718 -0.398019 0.0551442 -0.97055 -0.23454 0.0549908 0.813819 -0.580235 0.0320148 -0.813819 -0.580235 0.0320148 0.97055 -0.23454 0.0549908 -0.995498 -0.0773355 0.0548 0.952938 -0.29714 0.0601344 -0.952938 -0.29714 0.0601344 0.995498 -0.0773355 0.0548 -0.995498 0.0773355 0.0548 0.952938 0.29714 0.0601344 -0.952938 0.29714 0.0601344 0.995498 0.0773355 0.0548 -0.97055 0.23454 0.0549908 0.813819 0.580235 0.0320148 -0.813819 0.580235 0.0320148 0.97055 0.23454 0.0549908 -0.915718 0.398019 0.0551442 0.720731 0.692801 0.023932 0.789281 0.613401 0.0278497 -0.720731 0.692801 0.023932 -0.789281 0.613401 0.0278497 0.915718 0.398019 0.0551442 -0.817724 0.572962 0.0551624 -0.864683 0.499274 0.0552126 0.634741 0.772356 0.0238961 0.695247 0.718387 0.0234712 -0.634741 0.772356 0.0238961 -0.695247 0.718387 0.0234712 0.817724 0.572962 0.0551624 0.864683 0.499274 0.0552126 -0.64276 0.764133 0.0544009 -0.676856 0.734085 0.0546308 0.524554 0.850937 0.0273833 0.613775 0.78909 0.0248376 -0.524554 0.850937 0.0273833 -0.613775 0.78909 0.0248376 0.64276 0.764133 0.0544009 0.676856 0.734085 0.0546308 -0.473486 0.879202 0.0530557 -0.231679 0.971548 0.0491916 -0.255449 0.965549 0.0495993 0.222545 0.974181 0.038018 0.293604 0.955253 0.0358875 0.422895 0.905624 0.0316937 0.524108 0.85121 0.0274114 -0.524108 0.85121 0.0274114 -0.422895 0.905624 0.0316937 -0.222545 0.974181 0.038018 -0.293604 0.955253 0.0358875 0.231679 0.971548 0.0491916 0.255449 0.965549 0.0495993 0.473486 0.879202 0.0530557 -0.0506939 0.997672 0.0456069 0.135612 0.989923 0.0407737 -0.135612 0.989923 0.0407737 0.0506939 0.997672 0.0456069 -0.059406 -0.988625 0.138169 0.127442 -0.984076 0.123903 -0.127442 -0.984076 0.123903 0.059406 -0.988625 0.138169 -0.482753 -0.860967 0.160264 -0.121912 -0.982286 0.142307 -0.267025 -0.951824 0.15076 0.151153 -0.980981 0.121773 0.286148 -0.951829 0.110186 0.417078 -0.903639 0.0973792 -0.417078 -0.903639 0.0973792 -0.151154 -0.980981 0.121773 -0.286148 -0.951829 0.110186 0.121912 -0.982286 0.142307 0.267025 -0.951824 0.15076 0.482753 -0.860967 0.160264 -0.614021 -0.772173 0.163485 -0.686314 -0.708351 0.16496 0.507794 -0.857186 0.0858838 0.520973 -0.849337 0.0849336 0.523836 -0.85125 0.031143 0.611077 -0.787811 0.0770613 -0.611077 -0.787811 0.0770613 -0.507794 -0.857187 0.0858838 -0.520973 -0.849337 0.0849336 -0.523836 -0.85125 0.031143 0.614021 -0.772173 0.163485 0.686314 -0.708351 0.16496 -0.798968 -0.577986 0.166078 -0.870756 -0.462815 0.166092 0.628066 -0.774561 0.0747645 0.696186 -0.714106 0.0733383 -0.628066 -0.774561 0.0747645 -0.696186 -0.714106 0.0733383 0.798968 -0.577986 0.166078 0.870756 -0.462815 0.166092 -0.901275 -0.400263 0.165808 0.718679 -0.691355 0.0743524 0.799817 -0.594148 0.0853236 -0.718679 -0.691355 0.0743524 -0.799817 -0.594148 0.0853236 0.901275 -0.400263 0.165808 -0.957485 -0.236213 0.16561 0.820154 -0.564492 0.0932539 -0.820154 -0.564492 0.0932539 0.957485 -0.236213 0.16561 -0.983182 -0.077943 0.16516 0.951946 -0.267641 0.148884 -0.951946 -0.267641 0.148884 0.983182 -0.0779431 0.16516 -0.983182 0.077943 0.16516 0.951946 0.267641 0.148884 -0.951946 0.267641 0.148884 0.983182 0.0779431 0.16516 -0.957485 0.236213 0.16561 0.820154 0.564492 0.0932539 -0.820154 0.564492 0.0932539 0.957485 0.236213 0.16561 -0.901275 0.400263 0.165808 0.718679 0.691355 0.0743524 0.799817 0.594148 0.0853236 -0.718679 0.691355 0.0743524 -0.799817 0.594148 0.0853236 0.901275 0.400263 0.165808 -0.798968 0.577986 0.166078 -0.870756 0.462815 0.166092 0.628066 0.774561 0.0747645 0.696186 0.714106 0.0733383 -0.628066 0.774561 0.0747645 -0.696186 0.714106 0.0733383 0.798968 0.577986 0.166078 0.870756 0.462815 0.166092 -0.614021 0.772173 0.163485 -0.686314 0.708351 0.16496 0.507794 0.857186 0.0858838 0.520973 0.849337 0.0849336 0.523836 0.85125 0.031143 0.611077 0.787811 0.0770613 -0.611077 0.787811 0.0770613 -0.507794 0.857187 0.0858838 -0.520973 0.849337 0.0849336 -0.523836 0.85125 0.031143 0.614021 0.772173 0.163485 0.686314 0.708351 0.16496 -0.482753 0.860967 0.160264 -0.121912 0.982286 0.142307 -0.267025 0.951824 0.15076 0.151153 0.980981 0.121773 0.286148 0.951829 0.110186 0.417078 0.903639 0.0973791 -0.417078 0.903639 0.0973791 -0.151154 0.980981 0.121773 -0.286148 0.951829 0.110186 0.121912 0.982286 0.142307 0.267025 0.951824 0.15076 0.482753 0.860967 0.160264 -0.059406 0.988625 0.138169 0.127442 0.984076 0.123903 -0.127442 0.984076 0.123903 0.059406 0.988625 0.138169 -0.49941 -0.82321 0.270028 -0.288956 -0.922181 0.257074 -0.0800624 -0.968222 0.236932 -0.0643655 -0.984286 0.164435 0.108813 -0.970692 0.214282 0.124646 -0.982501 0.138405 0.270885 -0.943304 0.191829 0.405032 -0.898388 0.169847 -0.405032 -0.898388 0.169847 -0.270885 -0.943304 0.191829 -0.108813 -0.970692 0.214282 -0.124646 -0.982501 0.138405 0.0800624 -0.968222 0.236932 0.0643655 -0.984286 0.164435 0.288956 -0.922181 0.257074 0.49941 -0.82321 0.270028 -0.55585 -0.785363 0.272463 -0.702205 -0.655669 0.277501 0.470097 -0.868671 0.156267 0.514348 -0.844207 0.150863 0.605205 -0.784182 0.137057 -0.605205 -0.784182 0.137057 -0.470097 -0.868671 0.156267 -0.514348 -0.844207 0.150863 0.55585 -0.785363 0.272463 0.702205 -0.655669 0.277501 -0.760446 -0.586796 0.278195 0.613612 -0.777955 0.135157 0.6972 -0.704519 0.132531 -0.613612 -0.777955 0.135157 -0.6972 -0.704519 0.132531 0.760446 -0.586796 0.278195 -0.871073 -0.405127 0.277675 -0.880971 -0.383032 0.277808 -0.87817 -0.403935 0.256228 0.71221 -0.689156 0.133495 0.81634 -0.557518 0.150873 -0.71221 -0.689156 0.133495 -0.81634 -0.557518 0.150873 0.871073 -0.405127 0.277675 0.880971 -0.383032 0.277808 0.87817 -0.403935 0.256228 -0.930392 -0.239236 0.277736 0.824269 -0.544665 0.154665 -0.824269 -0.544665 0.154665 0.930392 -0.239236 0.277736 -0.957494 -0.0790568 0.27741 0.94753 -0.242859 0.207862 -0.94753 -0.242859 0.207862 0.957494 -0.0790568 0.27741 -0.957494 0.0790568 0.27741 0.94753 0.242859 0.207862 -0.94753 0.242859 0.207862 0.957494 0.0790568 0.27741 -0.930392 0.239236 0.277736 0.824269 0.544665 0.154665 -0.824269 0.544665 0.154665 0.930392 0.239236 0.277736 -0.871073 0.405127 0.277675 -0.880971 0.383032 0.277808 -0.87817 0.403935 0.256228 0.71221 0.689156 0.133495 0.81634 0.557518 0.150873 -0.71221 0.689156 0.133495 -0.81634 0.557518 0.150873 0.871073 0.405127 0.277675 0.880971 0.383032 0.277808 0.87817 0.403935 0.256228 -0.760446 0.586796 0.278195 0.613612 0.777955 0.135157 0.6972 0.704519 0.132531 -0.613612 0.777955 0.135157 -0.6972 0.704519 0.132531 0.760446 0.586796 0.278195 -0.55585 0.785363 0.272463 -0.702205 0.655669 0.277501 0.470097 0.868671 0.156267 0.514348 0.844207 0.150863 0.605205 0.784182 0.137057 -0.605205 0.784182 0.137057 -0.470097 0.868671 0.156267 -0.514348 0.844207 0.150863 0.55585 0.785363 0.272463 0.702205 0.655669 0.277501 -0.49941 0.82321 0.270028 -0.288956 0.922181 0.257074 -0.0800624 0.968222 0.236932 -0.0643655 0.984286 0.164435 0.108813 0.970692 0.214282 0.124646 0.982501 0.138405 0.270885 0.943304 0.191829 0.405032 0.898388 0.169847 -0.405032 0.898388 0.169847 -0.270885 0.943304 0.191829 -0.108813 0.970692 0.214282 -0.124646 0.982501 0.138405 0.0800624 0.968222 0.236932 0.0643655 0.984286 0.164435 0.288956 0.922181 0.257074 0.49941 0.82321 0.270028 -0.318506 -0.872929 0.369525 -0.111776 -0.931655 0.345723 0.0801573 -0.945337 0.31609 0.247246 -0.926155 0.284792 0.385989 -0.887112 0.25307 -0.385989 -0.887112 0.25307 -0.247246 -0.926155 0.284792 -0.0801573 -0.945337 0.31609 0.111776 -0.931655 0.345723 0.318506 -0.872929 0.369525 -0.448151 -0.809212 0.379916 -0.526587 -0.757724 0.385436 -0.511725 -0.794453 0.32708 0.404013 -0.880496 0.247992 0.502799 -0.832954 0.231043 -0.404013 -0.880496 0.247992 -0.502799 -0.832954 0.231043 0.448151 -0.809212 0.379916 0.526587 -0.757724 0.385436 0.511725 -0.794453 0.32708 -0.697184 -0.600355 0.391801 -0.722981 -0.568499 0.392565 -0.716613 -0.595687 0.362799 0.582896 -0.784018 0.213418 0.599187 -0.771905 0.212458 0.599705 -0.779988 0.178808 0.696707 -0.686327 0.2087 -0.696707 -0.686327 0.2087 -0.582896 -0.784018 0.213418 -0.599187 -0.771905 0.212458 -0.599705 -0.779988 0.178808 0.697184 -0.600355 0.391801 0.722981 -0.568499 0.392565 0.716613 -0.595687 0.362799 -0.819288 -0.416531 0.394042 0.698641 -0.684297 0.208898 -0.698641 -0.684297 0.208898 0.819288 -0.416531 0.394042 -0.887143 -0.243646 0.391935 -0.899683 -0.191233 0.39243 -0.895328 -0.242688 0.373484 0.813245 -0.533036 0.233465 0.860919 -0.445497 0.245666 0.823687 -0.537409 0.180918 -0.813245 -0.533036 0.233465 -0.860919 -0.445497 0.245666 -0.823687 -0.537409 0.180918 0.887143 -0.243647 0.391935 0.899683 -0.191233 0.39243 0.895328 -0.242688 0.373484 -0.916648 -0.0804626 0.391512 0.932857 -0.226377 0.280236 -0.932857 -0.226377 0.280236 0.916648 -0.0804626 0.391512 -0.916648 0.0804626 0.391512 0.932857 0.226377 0.280236 -0.932857 0.226377 0.280236 0.916648 0.0804626 0.391512 -0.887143 0.243646 0.391935 -0.899683 0.191233 0.39243 -0.895328 0.242688 0.373484 0.813245 0.533036 0.233465 0.860919 0.445497 0.245666 0.823687 0.537409 0.180918 -0.813245 0.533036 0.233465 -0.860919 0.445497 0.245666 -0.823687 0.537409 0.180918 0.887143 0.243647 0.391935 0.899683 0.191233 0.39243 0.895328 0.242688 0.373484 -0.819288 0.416531 0.394042 0.698641 0.684297 0.208898 -0.698641 0.684297 0.208898 0.819288 0.416531 0.394042 -0.697184 0.600355 0.391801 -0.722981 0.568499 0.392565 -0.716613 0.595687 0.362799 0.582896 0.784018 0.213418 0.599187 0.771905 0.212458 0.599705 0.779988 0.178808 0.696707 0.686327 0.2087 -0.696707 0.686327 0.2087 -0.582896 0.784018 0.213418 -0.599187 0.771905 0.212458 -0.599705 0.779988 0.178808 0.697184 0.600355 0.391801 0.722981 0.568499 0.392565 0.716613 0.595687 0.362799 -0.448151 0.809212 0.379916 -0.526587 0.757724 0.385436 -0.511725 0.794453 0.32708 0.404013 0.880496 0.247992 0.502799 0.832954 0.231043 -0.404013 0.880496 0.247992 -0.502799 0.832954 0.231043 0.448151 0.809212 0.379916 0.526587 0.757724 0.385436 0.511725 0.794453 0.32708 -0.318506 0.872929 0.369525 -0.111776 0.931655 0.345723 0.0801573 0.945337 0.31609 0.247246 0.926155 0.284792 0.385989 0.887112 0.253069 -0.385989 0.887112 0.253069 -0.247246 0.926155 0.284792 -0.0801573 0.945337 0.31609 0.111776 0.931655 0.345723 0.318506 0.872929 0.369525 -0.150412 -0.873523 0.462961 0.042763 -0.901975 0.429666 0.214775 -0.894987 0.390986 -0.214775 -0.894987 0.390986 -0.042763 -0.901975 0.429666 0.150412 -0.873523 0.462961 -0.561231 -0.654346 0.506804 -0.2295 -0.849785 0.474548 -0.357077 -0.794739 0.490801 -0.341154 -0.82938 0.442428 0.239422 -0.891477 0.384638 0.36118 -0.860595 0.359061 0.379499 -0.883235 0.275456 0.484077 -0.810089 0.330796 -0.484077 -0.810089 0.330796 -0.239422 -0.891477 0.384638 -0.36118 -0.860595 0.359061 -0.379499 -0.883235 0.275456 0.2295 -0.849785 0.474548 0.357077 -0.794739 0.490801 0.341154 -0.82938 0.442428 0.561231 -0.654346 0.506804 -0.593676 -0.623906 0.508223 0.519443 -0.791885 0.321087 0.595713 -0.738446 0.315947 -0.519443 -0.791885 0.321087 -0.595713 -0.738446 0.315947 0.593676 -0.623906 0.508223 -0.74486 -0.428508 0.511434 -0.75072 -0.417873 0.511666 -0.749109 -0.427686 0.505886 0.656962 -0.685322 0.314222 0.714862 -0.620418 0.322574 0.69666 -0.683462 0.218048 -0.656962 -0.685322 0.314222 -0.714862 -0.620418 0.322574 -0.69666 -0.683462 0.218048 0.74486 -0.428507 0.511434 0.75072 -0.417873 0.511666 0.749109 -0.427686 0.505886 -0.820434 -0.252508 0.512959 0.780172 -0.522526 0.343946 -0.780172 -0.522526 0.343946 0.820435 -0.252508 0.512959 -0.854757 -0.0832434 0.51231 -0.904137 -0.0809712 0.419499 0.898449 -0.210693 0.385225 0.904002 -0.211489 0.371556 -0.898449 -0.210693 0.385225 -0.904002 -0.211489 0.371556 0.854757 -0.0832434 0.51231 0.904137 -0.0809712 0.419499 -0.854757 0.0832434 0.51231 -0.904137 0.0809712 0.419499 0.898449 0.210693 0.385225 0.904002 0.211489 0.371556 -0.898449 0.210693 0.385225 -0.904002 0.211489 0.371556 0.854757 0.0832434 0.51231 0.904137 0.0809712 0.419499 -0.820434 0.252508 0.512959 0.780172 0.522526 0.343946 -0.780172 0.522526 0.343946 0.820435 0.252508 0.512959 -0.74486 0.428508 0.511434 -0.75072 0.417873 0.511666 -0.749109 0.427686 0.505886 0.656962 0.685322 0.314222 0.714862 0.620418 0.322574 0.69666 0.683462 0.218048 -0.656962 0.685322 0.314222 -0.714862 0.620418 0.322574 -0.69666 0.683462 0.218048 0.74486 0.428507 0.511434 0.75072 0.417873 0.511666 0.749109 0.427686 0.505886 -0.593676 0.623906 0.508223 0.519443 0.791885 0.321087 0.595713 0.738446 0.315947 -0.519443 0.791885 0.321087 -0.595713 0.738446 0.315947 0.593676 0.623906 0.508223 -0.561231 0.654346 0.506804 -0.2295 0.849785 0.474548 -0.357077 0.794739 0.490801 -0.341154 0.82938 0.442428 0.239422 0.891477 0.384638 0.36118 0.860595 0.359061 0.379499 0.883235 0.275456 0.484077 0.810089 0.330796 -0.484077 0.810089 0.330796 -0.239422 0.891477 0.384638 -0.36118 0.860595 0.359061 -0.379499 0.883235 0.275456 0.2295 0.849785 0.474548 0.357077 0.794739 0.490801 0.341154 0.82938 0.442428 0.561231 0.654346 0.506804 -0.150412 0.873523 0.462961 0.042763 0.901975 0.429666 0.214775 0.894987 0.390987 -0.214775 0.894987 0.390987 -0.042763 0.901975 0.429666 0.150412 0.873523 0.462961 -0.404201 -0.670943 0.621656 -0.203464 -0.773516 0.600229 -0.159718 -0.859211 0.486052 -0.00722636 -0.824392 0.565974 0.0265792 -0.881905 0.470678 0.170915 -0.831944 0.527881 0.210196 -0.890669 0.403146 0.325883 -0.808455 0.490103 -0.325883 -0.808455 0.490103 -0.170915 -0.831944 0.527881 -0.210196 -0.890669 0.403146 0.00722636 -0.824392 0.565974 -0.0265792 -0.881905 0.470678 0.203464 -0.773516 0.600229 0.159718 -0.859211 0.486052 0.404201 -0.670943 0.621656 -0.419046 -0.660499 0.62301 -0.603482 -0.481187 0.635821 -0.568846 -0.629036 0.529837 0.391375 -0.789537 0.472713 0.46098 -0.756659 0.463643 0.46972 -0.790717 0.392593 0.582379 -0.675454 0.452323 -0.582379 -0.675454 0.452323 -0.391375 -0.789537 0.472713 -0.46098 -0.756659 0.463643 -0.46972 -0.790717 0.392593 0.419046 -0.660499 0.62301 0.603482 -0.481187 0.635821 0.568846 -0.629036 0.529837 -0.626141 -0.450939 0.636083 0.587265 -0.671198 0.452342 -0.587265 -0.671198 0.452342 0.626141 -0.450939 0.636083 -0.722723 -0.26409 0.638693 -0.772002 -0.257879 0.580957 0.721555 -0.495766 0.483294 0.728685 -0.482448 0.486068 0.725662 -0.496477 0.476367 -0.721555 -0.495766 0.483294 -0.728685 -0.482448 0.486068 -0.725662 -0.496477 0.476367 0.722723 -0.26409 0.638693 0.772002 -0.257879 0.580957 -0.766215 -0.0865984 0.636723 -0.780904 -0.0859628 0.618708 0.819067 -0.198008 0.538444 -0.819067 -0.198008 0.538444 0.766215 -0.0865984 0.636723 0.780904 -0.0859628 0.618708 -0.766215 0.0865984 0.636723 -0.780904 0.0859628 0.618708 0.819067 0.198008 0.538444 -0.819067 0.198008 0.538444 0.766215 0.0865984 0.636723 0.780904 0.0859628 0.618708 -0.722723 0.26409 0.638693 -0.772002 0.257879 0.580957 0.721555 0.495766 0.483294 0.728685 0.482448 0.486068 0.725662 0.496477 0.476367 -0.721555 0.495766 0.483294 -0.728685 0.482448 0.486068 -0.725662 0.496477 0.476367 0.722723 0.26409 0.638693 0.772002 0.257879 0.580957 -0.626141 0.450939 0.636083 0.587265 0.671198 0.452342 -0.587265 0.671198 0.452342 0.626141 0.450939 0.636083 -0.419046 0.660499 0.62301 -0.603482 0.481187 0.635821 -0.568846 0.629036 0.529837 0.391375 0.789537 0.472713 0.46098 0.756659 0.463643 0.46972 0.790717 0.392593 0.582379 0.675454 0.452323 -0.582379 0.675454 0.452323 -0.391375 0.789537 0.472713 -0.46098 0.756659 0.463643 -0.46972 0.790717 0.392593 0.419046 0.660499 0.62301 0.603482 0.481187 0.635821 0.568846 0.629036 0.529837 -0.404201 0.670943 0.621656 -0.203464 0.773517 0.600229 -0.159718 0.859211 0.486052 -0.00722636 0.824392 0.565974 0.0265792 0.881905 0.470678 0.170915 0.831944 0.527881 0.210196 0.890669 0.403146 0.325883 0.808455 0.490103 -0.325883 0.808455 0.490103 -0.170915 0.831944 0.527881 -0.210196 0.890669 0.403146 0.00722636 0.824392 0.565974 -0.0265792 0.881905 0.470678 0.203464 0.773517 0.600229 0.159718 0.859211 0.486052 0.404201 0.670943 0.621656 -0.40714 -0.662696 0.628547 -0.265142 -0.60364 0.751877 -0.235894 -0.698583 0.675526 -0.0684917 -0.688231 0.722252 -0.05401 -0.730836 0.680413 0.114745 -0.71533 0.689301 0.130236 -0.759919 0.636837 0.280203 -0.69606 0.66105 0.308716 -0.781594 0.542038 -0.280203 -0.69606 0.66105 -0.308716 -0.781594 0.542038 -0.114745 -0.71533 0.689301 -0.130236 -0.759919 0.636837 0.0684917 -0.688231 0.722252 0.05401 -0.730836 0.680413 0.265142 -0.60364 0.751877 0.235894 -0.698583 0.675526 0.40714 -0.662696 0.628547 -0.60886 -0.453906 0.650583 -0.421023 -0.488626 0.764188 -0.462204 -0.444288 0.767447 -0.455305 -0.481797 0.748712 0.426038 -0.641513 0.637929 0.426386 -0.641283 0.637928 0.426408 -0.641561 0.637633 0.5756 -0.484298 0.658893 0.580896 -0.669385 0.463124 -0.5756 -0.484298 0.658893 -0.580896 -0.669385 0.463124 -0.426038 -0.641513 0.637929 -0.426386 -0.641283 0.637928 -0.426408 -0.641561 0.637633 0.421023 -0.488626 0.764188 0.462204 -0.444288 0.767447 0.455305 -0.481797 0.748712 0.60886 -0.453906 0.650583 -0.56855 -0.282605 0.772584 -0.635671 -0.274255 0.7216 0.588879 -0.461971 0.663177 -0.588879 -0.461971 0.663178 0.568549 -0.282605 0.772584 0.635671 -0.274255 0.7216 -0.629597 -0.0922417 0.771427 -0.646415 -0.0914878 0.757481 0.680486 -0.176982 0.711067 0.752903 -0.18468 0.631688 -0.680486 -0.176982 0.711067 -0.752903 -0.18468 0.631688 0.629597 -0.0922416 0.771427 0.646415 -0.0914878 0.757481 -0.629597 0.0922417 0.771427 -0.646415 0.0914878 0.757481 0.680486 0.176982 0.711067 0.752903 0.18468 0.631688 -0.680486 0.176982 0.711067 -0.752903 0.18468 0.631688 0.629597 0.0922416 0.771427 0.646415 0.0914878 0.757481 -0.56855 0.282605 0.772584 -0.635671 0.274255 0.7216 0.588879 0.461971 0.663177 -0.588879 0.461971 0.663178 0.568549 0.282605 0.772584 0.635671 0.274255 0.7216 -0.60886 0.453906 0.650583 -0.421023 0.488626 0.764188 -0.462204 0.444288 0.767447 -0.455305 0.481797 0.748712 0.426038 0.641513 0.637929 0.426386 0.641283 0.637928 0.426408 0.641561 0.637633 0.5756 0.484298 0.658893 0.580896 0.669385 0.463124 -0.5756 0.484298 0.658893 -0.580896 0.669385 0.463124 -0.426038 0.641513 0.637929 -0.426386 0.641283 0.637928 -0.426408 0.641561 0.637633 0.421023 0.488626 0.764188 0.462204 0.444288 0.767447 0.455305 0.481797 0.748712 0.60886 0.453906 0.650583 -0.40714 0.662696 0.628547 -0.265142 0.60364 0.751877 -0.235894 0.698583 0.675526 -0.0684917 0.688231 0.722252 -0.05401 0.730836 0.680413 0.114745 0.71533 0.689301 0.130236 0.759919 0.636837 0.280203 0.69606 0.66105 0.308716 0.781594 0.542038 -0.280203 0.69606 0.66105 -0.308716 0.781594 0.542038 -0.114745 0.71533 0.689301 -0.130236 0.759919 0.636837 0.0684917 0.688231 0.722252 0.05401 0.730836 0.680413 0.265142 0.60364 0.751877 0.235894 0.698583 0.675526 0.40714 0.662696 0.628547 -0.291405 -0.512688 0.80761 -0.1433 -0.397702 0.906255 -0.115739 -0.544626 0.830654 0.0434122 -0.453823 0.890034 0.0669671 -0.577789 0.813434 0.218378 -0.428636 0.876688 0.25068 -0.611664 0.750351 -0.218378 -0.428636 0.876688 -0.25068 -0.611664 0.750351 -0.0434122 -0.453823 0.890034 -0.0669671 -0.577789 0.813434 0.1433 -0.397702 0.906255 0.115739 -0.544626 0.830654 0.291405 -0.512688 0.80761 -0.487573 -0.292369 0.822674 -0.247464 -0.322657 0.913594 -0.336181 -0.200966 0.920106 -0.326125 -0.311855 0.892406 0.267697 -0.398547 0.877211 0.386508 -0.225566 0.894277 0.395465 -0.420719 0.816457 0.572303 -0.456711 0.68109 -0.572303 -0.456711 0.68109 -0.267697 -0.398547 0.877211 -0.386508 -0.225566 0.894277 -0.395465 -0.420719 0.816457 0.247464 -0.322657 0.913594 0.336181 -0.200966 0.920106 0.326125 -0.311855 0.892406 0.487573 -0.292369 0.822674 -0.378699 -0.103166 0.919752 -0.502549 -0.0978757 0.858991 0.411967 -0.149174 0.898905 0.570126 -0.163318 0.805161 -0.411967 -0.149174 0.898905 -0.570126 -0.163318 0.805161 0.378699 -0.103166 0.919752 0.502549 -0.0978757 0.858991 -0.378699 0.103166 0.919752 -0.502549 0.0978757 0.858991 0.411967 0.149174 0.898905 0.570126 0.163318 0.805161 -0.411967 0.149174 0.898905 -0.570126 0.163318 0.805161 0.378699 0.103166 0.919752 0.502549 0.0978757 0.858991 -0.487573 0.292369 0.822674 -0.247464 0.322657 0.913594 -0.336181 0.200966 0.920106 -0.326125 0.311855 0.892406 0.267697 0.398547 0.877211 0.386508 0.225566 0.894277 0.395465 0.420719 0.816457 0.572303 0.456711 0.68109 -0.572303 0.456711 0.68109 -0.267697 0.398547 0.877211 -0.386508 0.225566 0.894277 -0.395465 0.420719 0.816457 0.247464 0.322657 0.913594 0.336181 0.200966 0.920106 0.326125 0.311855 0.892406 0.487573 0.292369 0.822674 -0.291405 0.512688 0.80761 -0.1433 0.397702 0.906255 -0.115739 0.544626 0.830654 0.0434122 0.453823 0.890034 0.0669671 0.577789 0.813434 0.218378 0.428636 0.876688 0.25068 0.611664 0.750351 -0.218378 0.428636 0.876688 -0.25068 0.611664 0.750351 -0.0434122 0.453823 0.890034 -0.0669671 0.577789 0.813434 0.1433 0.397702 0.906255 0.115739 0.544626 0.830654 0.291405 0.512688 0.80761 -0.155461 -0.33416 0.929607 0.023879 -0.359581 0.932808 0.209723 -0.387434 0.897726 -0.209723 -0.387434 0.897726 -0.023879 -0.359581 0.932808 0.155461 -0.33416 0.929607 -0.343463 -0.104625 0.93332 -0.176887 -0.112873 0.977738 0.00127308 -0.122195 0.992505 0.1876 -0.13315 0.973179 0.378516 -0.145999 0.914008 -0.378516 -0.145999 0.914008 -0.1876 -0.13315 0.973179 -0.00127308 -0.122195 0.992505 0.176887 -0.112873 0.977738 0.343463 -0.104625 0.93332 -0.343463 0.104625 0.93332 -0.176887 0.112873 0.977738 0.00127308 0.122195 0.992505 0.1876 0.13315 0.973179 0.378516 0.145999 0.914008 -0.378516 0.145999 0.914008 -0.1876 0.13315 0.973179 -0.00127308 0.122195 0.992505 0.176887 0.112873 0.977738 0.343463 0.104625 0.93332 -0.155461 0.33416 0.929607 0.023879 0.359581 0.932808 0.209723 0.387434 0.897726 -0.209723 0.387434 0.897726 -0.023879 0.359581 0.932808 0.155461 0.33416 0.929607"/>
    </IndexedTriangleSet>
   </Shape>
  </Transform>
  </Group>
  <Group>
  <Transform rotation="0 0 1 0" translation="0 0 0">
   <Shape>
    <Appearance DEF='ap1'>
     <Material ambientIntensity='1' diffuseColor='0 0.333333 0.498039' specularColor='0.85 0.85 0.85' shininess='0.234375' transparency='0'/>
    </Appearance>
    <IndexedTriangleSet DEF='its1' index="0 2 1 8 0 7 2 0 8 9 2 8 4 2 5 4 1 2 10 5 2 9 10 2 3 4 5 5 12 3 13 12 5 10 13 5 6 8 7 6 15 8 6 14 15 16 9 8 15 16 8 17 10 9 16 17 9 19 13 10 17 19 10 11 12 13 13 18 11 13 19 18 14 22 15 14 20 22 23 16 15 22 23 15 24 17 16 23 24 16 27 19 17 24 27 17 19 25 18 19 27 25 21 22 20 30 21 28 22 21 30 23 22 30 33 24 23 30 33 23 27 31 26 33 31 27 24 33 27 26 25 27 29 30 28 29 33 30 29 32 33 32 31 33 34 36 35 42 34 41 36 34 42 43 36 42 38 36 39 38 35 36 44 39 36 43 44 36 37 38 39 39 46 37 47 46 39 44 47 39 40 42 41 40 49 42 40 48 49 50 43 42 49 50 42 51 44 43 50 51 43 53 47 44 51 53 44 45 46 47 47 52 45 47 53 52 48 56 49 48 54 56 57 50 49 56 57 49 58 51 50 57 58 50 61 53 51 58 61 51 53 59 52 53 61 59 55 56 54 64 55 62 56 55 64 57 56 64 67 58 57 64 67 57 61 65 60 67 65 61 58 67 61 60 59 61 63 64 62 63 67 64 63 66 67 66 65 67 0 1 81 81 1 72 81 72 70 7 0 81 1 4 72 4 74 72 4 3 74 74 3 82 74 82 77 82 3 12 6 7 87 87 7 81 87 81 80 14 6 91 6 87 91 12 11 82 82 11 89 82 89 85 93 89 18 89 11 18 20 14 96 14 91 96 99 93 25 93 18 25 100 101 95 101 21 95 95 21 96 96 21 20 28 21 101 102 26 103 102 25 26 98 25 102 99 25 98 103 26 31 29 28 108 108 28 101 108 101 106 32 29 110 29 108 110 31 32 103 103 32 110 103 110 113 34 35 125 125 35 118 125 118 116 41 34 125 35 38 118 38 120 118 38 37 120 120 37 127 120 127 123 127 37 46 130 124 129 130 125 124 40 125 130 41 125 40 48 40 135 40 130 135 132 45 133 132 46 45 126 46 132 127 46 126 137 133 52 133 45 52 54 48 139 48 135 139 141 137 59 137 52 59 55 54 145 145 54 139 145 139 144 62 55 145 59 60 141 141 60 146 141 146 149 146 60 65 63 62 154 154 62 145 154 145 152 66 63 156 63 154 156 65 66 146 146 66 156 146 156 159 68 70 69 80 68 79 70 68 80 81 70 80 71 70 72 71 69 70 73 72 74 73 71 72 76 74 77 76 73 74 75 76 77 77 84 75 85 84 77 82 85 77 78 80 79 78 87 80 78 86 87 83 84 85 85 88 83 85 89 88 86 91 87 86 90 91 89 92 88 89 93 92 90 96 91 90 94 96 93 97 92 93 99 97 95 96 94 98 97 99 100 106 101 100 104 106 103 111 102 103 113 111 105 106 104 105 108 106 105 107 108 107 110 108 107 109 110 109 113 110 109 112 113 112 111 113 114 116 115 114 125 116 114 124 125 117 116 118 117 115 116 119 118 120 119 117 118 122 120 123 122 119 120 121 122 123 123 126 121 123 127 126 128 130 129 128 135 130 128 134 135 131 132 133 133 136 131 133 137 136 134 139 135 134 138 139 137 140 136 137 141 140 138 144 139 138 142 144 141 147 140 141 149 147 143 144 142 152 143 150 144 143 152 145 144 152 149 157 148 159 157 149 146 159 149 148 147 149 151 152 150 151 154 152 151 153 154 153 156 154 153 155 156 155 159 156 155 158 159 158 157 159 68 69 177 177 69 164 177 164 162 79 68 177 69 71 164 71 166 164 71 73 166 73 168 166 73 76 168 76 170 168 76 75 170 170 75 178 170 178 173 178 75 84 78 79 183 183 79 177 183 177 176 86 78 187 78 183 187 84 83 178 178 83 185 178 185 181 189 185 88 185 83 88 90 86 191 86 187 191 193 189 92 189 88 92 94 90 196 90 191 196 199 193 97 193 92 97 200 201 195 201 95 195 195 95 196 196 95 94 100 95 201 202 98 203 202 97 98 198 97 202 199 97 198 203 98 102 104 100 206 100 201 206 211 203 111 203 102 111 205 104 206 105 104 205 207 105 205 212 214 207 207 214 107 207 107 105 109 107 217 107 214 217 217 215 109 109 215 208 109 208 112 112 211 111 210 211 112 208 210 112 115 226 114 225 226 115 227 225 115 124 114 233 114 226 233 220 218 117 117 218 227 117 227 115 117 119 220 119 223 220 221 223 228 228 223 119 228 119 122 230 121 231 122 121 230 228 122 230 235 231 126 231 121 126 129 124 233 235 126 132 238 232 237 238 233 232 128 233 238 129 233 128 134 128 243 128 238 243 240 131 241 240 132 131 234 132 240 235 132 234 245 241 136 241 131 136 138 134 247 134 243 247 249 245 140 245 136 140 142 138 251 138 247 251 253 249 147 249 140 147 143 142 257 257 142 251 257 251 256 150 143 257 147 148 253 253 148 258 253 258 261 258 148 157 151 150 266 266 150 257 266 257 264 153 151 268 151 266 268 155 153 270 153 268 270 158 155 272 155 270 272 157 158 258 258 158 272 258 272 275 160 162 161 176 160 175 162 160 176 177 162 176 163 162 164 163 161 162 165 164 166 165 163 164 167 166 168 167 165 166 169 168 170 169 167 168 172 170 173 172 169 170 171 172 173 173 180 171 181 180 173 178 181 173 174 176 175 174 183 176 174 182 183 179 180 181 181 184 179 181 185 184 182 187 183 182 186 187 185 188 184 185 189 188 186 191 187 186 190 191 189 192 188 189 193 192 190 196 191 190 194 196 193 197 192 193 199 197 195 196 194 198 197 199 200 206 201 200 204 206 203 209 202 203 211 209 205 206 204 210 209 211 213 214 212 213 217 214 213 216 217 216 215 217 218 220 219 222 220 223 222 219 220 221 222 223 224 226 225 224 233 226 224 232 233 229 230 231 231 234 229 231 235 234 236 238 237 236 243 238 236 242 243 239 240 241 241 244 239 241 245 244 242 247 243 242 246 247 245 248 244 245 249 248 246 251 247 246 250 251 249 252 248 249 253 252 250 256 251 250 254 256 253 259 252 253 261 259 255 256 254 264 255 262 256 255 264 257 256 264 261 273 260 275 273 261 258 275 261 260 259 261 263 264 262 263 266 264 263 265 266 265 268 266 265 267 268 267 270 268 267 269 270 269 272 270 269 271 272 271 275 272 271 274 275 274 273 275 161 288 160 287 288 161 289 287 161 175 160 288 278 276 163 163 276 289 163 289 161 163 165 278 165 280 278 165 167 280 167 282 280 167 169 282 169 285 282 283 285 290 290 285 169 290 169 172 292 171 293 172 171 292 290 172 292 293 171 180 286 175 288 174 175 286 294 174 286 297 298 294 294 298 182 294 182 174 179 293 180 291 293 179 295 291 179 301 300 184 184 300 295 184 295 179 186 182 303 182 298 303 305 301 188 301 184 188 190 186 308 186 303 308 311 305 192 305 188 192 308 307 190 190 307 312 190 312 194 310 311 313 313 311 192 313 192 197 194 316 195 314 316 194 312 314 194 200 195 316 317 198 319 197 198 317 313 197 317 319 198 202 316 315 200 200 315 320 200 320 204 318 319 322 322 319 202 322 202 209 321 204 320 321 205 204 324 326 321 321 326 207 321 207 205 212 207 326 331 208 215 331 329 208 208 329 323 208 323 210 210 322 209 210 323 322 325 212 326 213 212 325 327 213 325 328 216 213 328 213 327 216 331 215 330 331 216 328 330 216 219 334 218 333 334 219 335 333 219 227 218 334 219 222 336 335 219 336 338 221 339 222 221 338 336 222 338 339 221 228 340 225 341 340 224 225 345 346 340 340 346 232 340 232 224 334 332 227 227 332 341 227 341 225 337 339 343 343 339 228 343 228 230 229 343 230 229 342 343 349 348 234 234 348 342 234 342 229 237 232 346 349 234 240 344 237 346 236 237 344 350 236 344 353 354 350 350 354 242 350 242 236 239 349 240 347 349 239 351 347 239 357 356 244 244 356 351 244 351 239 246 242 359 242 354 359 361 357 248 357 244 248 250 246 364 246 359 364 367 361 252 361 248 252 364 363 250 250 363 368 250 368 254 366 367 369 369 367 252 369 252 259 254 372 255 370 372 254 368 370 254 262 255 372 375 260 377 259 260 375 369 259 375 377 260 273 371 262 372 263 262 371 373 263 371 378 380 373 373 380 265 373 265 263 267 265 382 265 380 382 269 267 384 267 382 384 271 269 387 269 384 387 387 385 271 271 385 374 271 374 274 274 377 273 376 377 274 374 376 274 276 278 277 279 278 280 279 277 278 281 280 282 281 279 280 284 282 285 284 281 282 283 284 285 286 288 287 291 292 293 296 298 297 296 303 298 296 302 303 299 300 301 301 304 299 301 305 304 302 308 303 302 306 308 305 309 304 305 311 309 307 308 306 310 309 311 315 316 314 318 317 319 325 326 324 330 329 331 332 334 333 337 338 339 344 346 345 347 348 349 352 354 353 352 359 354 352 358 359 355 356 357 357 360 355 357 361 360 358 364 359 358 362 364 361 365 360 361 367 365 363 364 362 366 365 367 371 372 370 376 375 377 379 380 378 379 382 380 379 381 382 381 384 382 381 383 384 383 387 384 383 386 387 386 385 387 277 396 276 395 396 277 397 395 277 289 276 396 390 388 279 279 388 397 279 397 277 279 281 390 281 393 390 391 393 398 398 393 281 398 281 284 400 283 401 284 283 400 398 284 400 401 283 290 402 287 403 402 286 287 407 408 402 402 408 294 402 294 286 396 394 289 289 394 403 289 403 287 399 401 405 405 401 290 405 290 292 291 405 292 291 404 405 411 410 295 295 410 404 295 404 291 297 294 408 411 295 300 406 297 408 296 297 406 412 296 406 302 296 412 302 412 414 299 411 300 409 411 299 413 409 299 413 299 304 415 413 304 306 302 414 306 414 416 415 304 309 417 415 309 306 420 307 418 420 306 416 418 306 312 307 420 421 310 423 309 310 421 417 309 421 423 310 313 420 419 312 312 419 424 312 424 314 422 423 426 426 423 313 426 313 317 425 314 424 425 315 314 315 425 320 425 428 320 318 426 317 318 427 426 427 318 429 318 322 429 320 432 321 430 432 320 428 430 320 324 321 432 435 323 437 322 323 435 429 322 435 437 323 329 431 324 432 325 324 431 433 325 431 438 440 433 433 440 327 433 327 325 328 327 443 327 440 443 443 441 328 328 441 434 328 434 330 330 437 329 436 437 330 434 436 330 333 452 332 451 452 333 453 451 333 341 332 452 446 444 335 335 444 453 335 453 333 335 336 446 336 449 446 447 449 454 454 449 336 454 336 338 456 337 457 338 337 456 454 338 456 457 337 343 450 341 452 340 341 450 458 340 450 340 458 345 458 461 345 342 457 343 455 457 342 459 455 342 459 342 463 342 348 463 460 345 461 460 344 345 465 466 460 460 466 350 460 350 344 347 463 348 347 462 463 469 468 351 351 468 462 351 462 347 353 350 466 469 351 356 464 353 466 352 353 464 470 352 464 358 352 470 358 470 472 355 469 356 467 469 355 471 467 355 471 355 360 473 471 360 362 358 472 362 472 474 473 360 365 475 473 365 362 478 363 476 478 362 474 476 362 368 363 478 479 366 481 365 366 479 475 365 479 481 366 369 478 477 368 368 477 482 368 482 370 480 481 484 484 481 369 484 369 375 483 370 482 483 371 370 486 488 483 483 488 373 483 373 371 378 373 488 493 374 385 493 491 374 374 491 485 374 485 376 376 484 375 376 485 484 487 378 488 379 378 487 489 379 487 494 496 489 489 496 381 489 381 379 383 381 499 381 496 499 499 497 383 383 497 490 383 490 386 386 493 385 492 493 386 490 492 386 388 390 389 392 390 393 392 389 390 391 392 393 394 396 395 399 400 401 406 408 407 409 410 411 419 420 418 422 421 423 431 432 430 436 435 437 439 440 438 439 443 440 439 442 443 442 441 443 444 446 445 448 446 449 448 445 446 447 448 449 450 452 451 455 456 457 464 466 465 467 468 469 477 478 476 480 479 481 487 488 486 492 491 493 495 496 494 495 499 496 495 498 499 498 497 499 389 502 388 501 502 389 503 501 389 397 388 502 389 392 504 503 389 504 506 391 507 392 391 506 504 392 506 507 391 398 395 510 394 509 510 395 511 509 395 403 394 510 502 500 397 397 500 511 397 511 395 505 507 512 512 507 398 512 398 400 514 399 515 400 399 514 512 400 514 515 399 405 518 508 517 518 510 508 402 510 518 403 510 402 407 402 518 520 404 521 520 405 404 513 405 520 515 405 513 521 404 410 516 407 518 406 407 516 522 406 516 412 406 522 412 522 524 409 521 410 519 521 409 523 519 409 523 409 413 525 523 413 414 412 524 414 524 526 525 413 415 527 525 415 416 414 526 416 526 528 527 415 417 529 527 417 418 416 528 418 528 530 529 417 421 532 529 421 531 418 530 531 419 418 419 531 424 531 534 424 422 532 421 422 533 532 533 422 535 422 426 535 424 538 425 536 538 424 534 536 424 428 425 538 539 427 541 426 427 539 535 426 539 541 427 429 538 537 428 428 537 542 428 542 430 540 541 544 544 541 429 544 429 435 543 430 542 543 431 430 546 548 543 543 548 433 543 433 431 438 433 548 553 434 441 553 551 434 434 551 545 434 545 436 436 544 435 436 545 544 547 438 548 439 438 547 549 439 547 550 442 439 550 439 549 442 553 441 552 553 442 550 552 442 445 556 444 555 556 445 557 555 445 453 444 556 445 448 558 557 445 558 560 447 561 448 447 560 558 448 560 561 447 454 562 451 563 562 450 451 567 568 562 562 568 458 562 458 450 556 554 453 453 554 563 453 563 451 559 561 565 565 561 454 565 454 456 455 565 456 455 564 565 571 570 459 459 570 564 459 564 455 461 458 568 571 459 463 566 461 568 460 461 566 572 460 566 460 572 465 572 575 465 462 571 463 569 571 462 573 569 462 573 462 577 462 468 577 574 465 575 574 464 465 470 464 574 470 574 578 467 577 468 467 576 577 576 467 471 579 576 471 472 470 578 472 578 580 579 471 473 581 579 473 474 472 580 474 580 582 581 473 475 583 581 475 476 474 582 476 582 584 583 475 479 585 583 479 476 588 477 586 588 476 584 586 476 482 477 588 589 480 591 479 480 589 585 479 589 591 480 484 592 594 587 594 483 587 587 483 588 588 483 482 486 483 594 597 485 599 597 484 485 590 484 597 591 484 590 599 485 491 593 486 594 487 486 593 595 487 593 600 602 595 595 602 489 595 489 487 494 489 602 607 490 497 607 605 490 490 605 596 490 596 492 492 599 491 598 599 492 596 598 492 601 494 602 495 494 601 603 495 601 604 498 495 604 495 603 498 607 497 606 607 498 604 606 498 500 502 501 505 506 507 508 510 509 513 514 515 516 518 517 519 520 521 537 538 536 540 539 541 547 548 546 552 551 553 554 556 555 559 560 561 566 568 567 569 570 571 587 588 586 590 589 591 593 594 592 598 597 599 601 602 600 606 605 607 501 610 500 609 610 501 611 609 501 511 500 610 501 503 612 611 501 612 503 504 613 612 503 613 504 506 614 613 504 614 616 505 617 506 505 616 614 506 616 617 505 512 618 509 619 618 508 509 508 618 517 618 623 517 610 608 511 511 608 619 511 619 509 615 617 621 621 617 512 621 512 514 513 621 514 513 620 621 620 513 625 513 520 625 622 517 623 622 516 517 522 516 622 522 622 626 519 625 520 519 624 625 624 519 523 627 624 523 629 630 626 626 630 524 626 524 522 633 632 525 525 632 627 525 627 523 526 524 636 524 630 636 639 633 527 633 525 527 636 635 526 526 635 640 526 640 528 638 639 641 641 639 527 641 527 529 530 528 640 530 640 642 641 529 532 644 641 532 643 530 642 643 531 530 531 643 534 643 646 534 533 644 532 533 645 644 645 533 647 533 535 647 536 534 646 536 646 648 647 535 539 650 647 539 649 536 648 649 537 536 537 649 542 649 652 542 540 650 539 540 651 650 651 540 654 540 544 654 653 542 652 653 543 542 543 653 546 653 656 546 545 654 544 545 655 654 655 545 660 545 551 660 657 546 656 657 547 546 658 549 547 658 547 657 659 550 549 659 549 658 661 552 550 661 550 659 552 660 551 552 661 660 662 555 663 662 554 555 554 662 563 662 669 563 555 557 664 663 555 664 557 558 665 664 557 665 558 560 667 665 558 667 559 667 560 559 666 667 666 559 671 559 565 671 668 563 669 668 562 563 562 668 567 668 673 567 564 671 565 564 670 671 670 564 675 564 570 675 672 567 673 672 566 567 572 566 672 572 672 676 569 675 570 569 674 675 674 569 573 677 674 573 572 676 575 676 679 575 677 573 681 573 577 681 678 575 679 678 574 575 578 574 678 578 678 682 576 681 577 576 680 681 680 576 579 683 680 579 685 686 682 682 686 580 682 580 578 689 688 581 581 688 683 581 683 579 582 580 692 580 686 692 695 689 583 689 581 583 692 691 582 582 691 696 582 696 584 694 695 697 697 695 583 697 583 585 586 584 696 586 696 698 697 585 589 700 697 589 699 586 698 699 587 586 587 699 592 699 702 592 590 700 589 590 701 700 701 590 704 590 597 704 703 592 702 703 593 592 706 708 703 703 708 595 703 595 593 600 595 708 715 596 605 715 713 596 596 713 705 596 705 598 598 704 597 598 705 704 707 600 708 601 600 707 709 601 707 710 603 601 710 601 709 711 604 603 711 603 710 712 606 604 712 604 711 606 715 605 714 715 606 712 714 606 608 610 609 615 616 617 628 630 629 628 636 630 628 634 636 631 632 633 633 637 631 633 639 637 635 636 634 638 637 639 684 686 685 684 692 686 684 690 692 687 688 689 689 693 687 689 695 693 691 692 690 694 693 695 707 708 706 714 713 715 716 609 717 716 608 609 608 716 619 716 725 619 609 611 718 717 609 718 611 612 719 718 611 719 612 613 720 719 612 720 613 614 721 720 613 721 614 616 723 721 614 723 615 723 616 615 722 723 722 615 727 615 621 727 724 619 725 724 618 619 618 724 623 724 729 623 620 727 621 620 726 727 726 620 731 620 625 731 728 623 729 728 622 623 626 622 728 626 728 732 624 731 625 624 730 731 730 624 627 733 730 627 626 732 629 732 735 629 733 627 737 627 632 737 734 629 735 734 628 629 634 628 734 634 734 738 631 737 632 631 736 737 736 631 637 740 736 637 739 634 738 739 635 634 635 739 640 739 742 640 638 740 637 638 741 740 741 638 743 638 641 743 642 640 742 642 742 744 743 641 644 745 743 644 642 748 643 746 748 642 744 746 642 646 643 748 749 645 751 644 645 749 745 644 749 751 645 647 748 747 646 646 747 752 646 752 648 750 751 754 754 751 647 754 647 650 753 648 752 753 649 648 649 753 652 753 756 652 651 754 650 651 755 754 755 651 758 651 654 758 757 652 756 757 653 652 653 757 656 757 760 656 655 758 654 655 759 758 759 655 764 655 660 764 761 656 760 761 657 656 762 658 657 762 657 761 763 659 658 763 658 762 765 661 659 765 659 763 661 764 660 661 765 764 766 663 767 766 662 663 662 766 669 766 773 669 663 664 768 767 663 768 664 665 769 768 664 769 665 667 771 769 665 771 666 771 667 666 770 771 770 666 775 666 671 775 772 669 773 772 668 669 668 772 673 772 777 673 670 775 671 670 774 775 774 670 779 670 675 779 776 673 777 776 672 673 781 782 776 776 782 676 776 676 672 674 779 675 674 778 779 785 784 677 677 784 778 677 778 674 679 676 782 785 677 681 780 679 782 678 679 780 786 678 780 682 678 786 682 786 788 680 785 681 783 785 680 787 783 680 787 680 683 789 787 683 682 788 685 788 791 685 789 683 793 683 688 793 790 685 791 790 684 685 690 684 790 690 790 794 687 793 688 687 792 793 792 687 693 796 792 693 795 690 794 795 691 690 691 795 696 795 798 696 694 796 693 694 797 796 797 694 799 694 697 799 698 696 798 698 798 800 799 697 700 802 799 700 801 698 800 801 699 698 699 801 702 801 804 702 701 802 700 701 803 802 803 701 806 701 704 806 805 702 804 805 703 702 703 805 706 805 808 706 705 806 704 705 807 806 807 705 814 705 713 814 809 706 808 809 707 706 810 709 707 810 707 809 811 710 709 811 709 810 812 711 710 812 710 811 813 712 711 813 711 812 815 714 712 815 712 813 714 814 713 714 815 814 747 748 746 750 749 751 780 782 781 783 784 785 816 717 817 816 716 717 716 816 725 816 825 725 717 718 818 817 717 818 718 719 819 818 718 819 719 720 820 819 719 820 720 721 821 820 720 821 721 723 823 821 721 823 722 823 723 722 822 823 822 722 827 722 727 827 824 725 825 824 724 725 724 824 729 824 829 729 726 827 727 726 826 827 826 726 831 726 731 831 828 729 829 828 728 729 732 728 828 732 828 832 730 831 731 730 830 831 830 730 733 833 830 733 732 832 735 832 835 735 833 733 837 733 737 837 834 735 835 834 734 735 738 734 834 738 834 838 736 837 737 736 836 837 836 736 740 840 836 740 839 738 838 839 739 738 739 839 742 839 842 742 741 840 740 741 841 840 841 741 843 741 743 843 744 742 842 744 842 844 843 743 745 845 843 745 746 744 844 746 844 846 845 745 749 849 845 749 847 746 846 847 747 746 747 847 752 847 852 752 750 849 749 750 850 849 850 750 854 750 754 854 853 752 852 853 753 752 753 853 756 853 856 756 755 854 754 755 855 854 855 755 858 755 758 858 857 756 856 857 757 756 757 857 760 857 860 760 759 858 758 759 859 858 859 759 864 759 764 864 861 760 860 861 761 760 862 762 761 862 761 861 863 763 762 863 762 862 865 765 763 865 763 863 765 864 764 765 865 864 866 767 867 866 766 767 766 866 773 866 873 773 767 768 868 867 767 868 768 769 869 868 768 869 769 771 871 869 769 871 770 871 771 770 870 871 870 770 875 770 775 875 872 773 873 872 772 773 772 872 777 872 877 777 774 875 775 774 874 875 874 774 879 774 779 879 876 777 877 876 776 777 776 876 781 876 881 781 778 879 779 778 878 879 878 778 884 778 784 884 880 781 881 880 780 781 786 780 880 786 880 886 783 884 784 783 883 884 883 783 787 887 883 787 788 786 886 788 886 888 887 787 789 889 887 789 788 888 791 888 891 791 889 789 893 789 793 893 890 791 891 890 790 791 794 790 890 794 890 894 792 893 793 792 892 893 892 792 796 896 892 796 895 794 894 895 795 794 795 895 798 895 898 798 797 896 796 797 897 896 897 797 899 797 799 899 800 798 898 800 898 900 899 799 802 902 899 802 901 800 900 901 801 800 801 901 804 901 904 804 803 902 802 803 903 902 903 803 906 803 806 906 905 804 904 905 805 804 805 905 808 905 908 808 807 906 806 807 907 906 907 807 914 807 814 914 909 808 908 909 809 808 910 810 809 910 809 909 911 811 810 911 810 910 912 812 811 912 811 911 913 813 812 913 812 912 915 815 813 915 813 913 815 914 814 815 915 914 916 817 917 916 816 817 816 916 825 916 927 825 817 818 919 917 817 919 818 819 920 919 818 920 819 820 921 920 819 921 820 821 922 921 820 922 821 823 924 922 821 924 822 924 823 822 923 924 923 822 929 822 827 929 926 825 927 926 824 825 824 926 829 926 931 829 826 929 827 826 928 929 928 826 933 826 831 933 930 829 931 930 828 829 832 828 930 832 930 934 830 933 831 830 932 933 932 830 833 935 932 833 832 934 835 934 937 835 935 833 940 833 837 940 936 835 937 936 834 835 838 834 936 838 936 942 836 940 837 836 939 940 939 836 840 945 939 840 943 838 942 943 839 838 839 943 842 943 948 842 841 945 840 841 946 945 946 841 949 841 843 949 844 842 948 844 948 950 949 843 845 952 949 845 846 951 848 950 951 846 844 950 846 952 851 953 849 851 952 845 849 952 847 846 848 847 848 852 852 848 954 852 954 956 848 951 954 851 849 850 851 850 955 955 850 854 955 854 958 953 851 955 957 852 956 957 853 852 853 957 856 957 960 856 855 958 854 855 959 958 959 855 962 855 858 962 961 856 960 961 857 856 857 961 860 961 964 860 859 962 858 859 963 962 963 859 968 859 864 968 965 860 964 965 861 860 966 862 861 966 861 965 967 863 862 967 862 966 969 865 863 969 863 967 865 968 864 865 969 968 970 867 971 970 866 867 866 970 873 970 977 873 867 868 972 971 867 972 868 869 973 972 868 973 869 871 975 973 869 975 870 975 871 870 974 975 974 870 979 870 875 979 976 873 977 976 872 873 872 976 877 976 981 877 874 979 875 874 978 979 978 874 983 874 879 983 980 877 981 980 876 877 882 881 984 984 881 876 984 876 980 878 983 879 878 982 983 884 885 878 878 885 985 878 985 982 880 881 882 986 882 987 880 882 986 886 880 986 882 984 987 885 884 883 883 989 885 988 989 883 887 988 883 985 885 989 888 886 986 888 986 990 988 887 889 991 988 889 888 990 891 990 993 891 991 889 996 889 893 996 992 891 993 992 890 891 894 890 992 894 992 998 892 996 893 892 995 996 995 892 896 1001 995 896 999 894 998 999 895 894 895 999 898 999 1004 898 897 1001 896 897 1002 1001 1002 897 1005 897 899 1005 900 898 1004 900 1004 1006 1005 899 902 1008 1005 902 1007 900 1006 1007 901 900 901 1007 904 1007 1010 904 903 1008 902 903 1009 1008 1009 903 1012 903 906 1012 1011 904 1010 1011 905 904 905 1011 908 1011 1014 908 907 1012 906 907 1013 1012 1013 907 1021 907 914 1021 1015 908 1014 1015 909 908 1017 910 909 1017 909 1015 1018 911 910 1018 910 1017 1019 912 911 1019 911 1018 1020 913 912 1020 912 1019 1022 915 913 1022 913 1020 915 1021 914 915 1022 1021 916 917 918 916 918 927 927 918 1035 927 1035 1033 917 1024 918 1025 1024 917 919 1025 917 918 1024 1035 919 920 1027 1025 919 1027 920 921 1028 1027 920 1028 921 922 1030 1028 921 1030 1030 925 1029 924 925 1030 922 924 1030 925 924 923 925 923 1036 1036 923 929 1036 929 1038 1029 925 1036 1032 927 1033 1032 926 927 926 1032 931 1032 1041 931 928 1038 929 928 1037 1038 1037 928 1044 928 933 1044 1040 931 1041 1040 930 931 934 930 1040 934 1040 1046 932 1044 933 932 1043 1044 1043 932 935 1047 1043 935 938 937 1048 1048 937 934 1048 934 1046 940 941 935 935 941 1049 935 1049 1047 936 937 938 942 938 944 942 936 938 1048 1050 938 1050 944 938 941 940 939 947 939 945 947 941 939 941 947 1049 947 1051 1049 943 942 944 943 944 948 948 944 1050 948 1050 1052 947 945 946 947 946 1051 1051 946 949 1051 949 1053 950 948 1052 950 1052 1054 1053 949 952 1056 1053 952 1055 950 1054 1055 951 950 951 1055 954 1055 1058 954 953 1056 952 953 1057 1056 1057 953 1059 953 955 1059 956 954 1058 956 1058 1060 1059 955 958 1063 1059 958 1061 956 1060 1061 957 956 957 1061 960 1061 1066 960 959 1063 958 959 1064 1063 1064 959 1068 959 962 1068 1067 960 1066 1067 961 960 961 1067 964 1067 1070 964 963 1068 962 963 1069 1068 1069 963 1075 963 968 1075 1071 964 1070 1071 965 964 1073 966 965 1073 965 1071 1074 967 966 1074 966 1073 1076 969 967 1076 967 1074 969 1075 968 969 1076 1075 1078 971 1079 1078 970 971 970 1078 977 1078 1087 977 971 972 1081 1079 971 1081 972 973 1082 1081 972 1082 973 975 1084 1082 973 1084 974 1084 975 974 1083 1084 1083 974 1089 974 979 1089 1086 977 1087 1086 976 977 976 1086 981 1086 1091 981 978 1089 979 978 1088 1089 1088 978 1094 978 983 1094 1090 981 1091 1090 980 981 984 980 1090 984 1090 1096 982 1094 983 982 1093 1094 1093 982 985 1097 1093 985 984 1096 987 1096 1099 987 1097 985 1101 985 989 1101 1098 987 1099 1098 986 987 990 986 1098 990 1098 1102 988 1101 989 988 1100 1101 1100 988 991 1103 1100 991 994 993 1104 1104 993 990 1104 990 1102 996 997 991 991 997 1105 991 1105 1103 992 993 994 998 994 1000 998 992 994 1104 1106 994 1106 1000 994 997 996 995 1003 995 1001 1003 997 995 997 1003 1105 1003 1107 1105 999 998 1000 999 1000 1004 1004 1000 1106 1004 1106 1108 1003 1001 1002 1003 1002 1107 1107 1002 1005 1107 1005 1109 1006 1004 1108 1006 1108 1110 1109 1005 1008 1113 1109 1008 1111 1006 1110 1111 1007 1006 1007 1111 1010 1111 1116 1010 1009 1113 1008 1009 1114 1113 1114 1009 1121 1009 1012 1121 1117 1010 1116 1117 1011 1010 1016 1014 1119 1119 1014 1011 1119 1011 1117 1013 1121 1012 1013 1122 1121 1021 1023 1013 1013 1023 1120 1013 1120 1122 1015 1014 1016 1125 1016 1124 1015 1016 1125 1017 1015 1125 1016 1119 1124 1127 1018 1017 1127 1017 1125 1128 1019 1018 1128 1018 1127 1130 1020 1019 1130 1019 1128 1022 1129 1023 1130 1129 1022 1020 1130 1022 1023 1021 1022 1120 1023 1129 1024 1025 1026 1024 1026 1035 1035 1026 1141 1035 1141 1139 1025 1132 1026 1133 1132 1025 1027 1133 1025 1026 1132 1141 1027 1028 1136 1133 1027 1136 1136 1031 1135 1030 1031 1136 1028 1030 1136 1031 1030 1029 1031 1029 1142 1142 1029 1036 1142 1036 1144 1135 1031 1142 1032 1033 1034 1042 1041 1146 1041 1032 1146 1146 1032 1147 1147 1032 1034 1033 1138 1034 1139 1138 1033 1035 1139 1033 1034 1138 1147 1144 1039 1143 1038 1039 1144 1036 1038 1144 1039 1038 1037 1149 1045 1148 1149 1044 1045 1039 1044 1149 1037 1044 1039 1143 1039 1149 1040 1041 1042 1150 1042 1151 1040 1042 1150 1046 1040 1150 1042 1146 1151 1045 1044 1043 1043 1154 1045 1153 1154 1043 1047 1153 1043 1148 1045 1154 1048 1046 1150 1048 1150 1156 1153 1047 1049 1157 1153 1049 1050 1048 1156 1050 1156 1158 1157 1049 1051 1159 1157 1051 1052 1050 1158 1052 1158 1160 1159 1051 1053 1161 1159 1053 1054 1052 1160 1054 1160 1162 1161 1053 1056 1165 1161 1056 1163 1054 1162 1163 1055 1054 1055 1163 1058 1163 1168 1058 1057 1165 1056 1057 1166 1165 1166 1057 1170 1057 1059 1170 1060 1169 1062 1168 1169 1060 1058 1168 1060 1170 1065 1171 1063 1065 1170 1059 1063 1170 1061 1060 1062 1061 1062 1066 1066 1062 1172 1066 1172 1174 1062 1169 1172 1065 1063 1064 1065 1064 1173 1173 1064 1068 1173 1068 1179 1171 1065 1173 1175 1066 1174 1175 1067 1066 1072 1070 1177 1177 1070 1067 1177 1067 1175 1069 1179 1068 1069 1180 1179 1075 1077 1069 1069 1077 1178 1069 1178 1180 1071 1070 1072 1183 1072 1182 1071 1072 1183 1073 1071 1183 1072 1177 1182 1186 1074 1073 1186 1073 1183 1076 1185 1077 1186 1185 1076 1074 1186 1076 1077 1075 1076 1178 1077 1185 1078 1079 1080 1078 1080 1087 1087 1080 1197 1087 1197 1195 1079 1188 1080 1189 1188 1079 1081 1189 1079 1080 1188 1197 1081 1082 1192 1189 1081 1192 1192 1085 1191 1084 1085 1192 1082 1084 1192 1085 1084 1083 1085 1083 1198 1198 1083 1089 1198 1089 1200 1191 1085 1198 1194 1087 1195 1194 1086 1087 1092 1091 1202 1202 1091 1086 1202 1086 1194 1088 1200 1089 1088 1199 1200 1094 1095 1088 1088 1095 1203 1088 1203 1199 1090 1091 1092 1204 1092 1205 1090 1092 1204 1096 1090 1204 1092 1202 1205 1095 1094 1093 1093 1207 1095 1206 1207 1093 1097 1206 1093 1203 1095 1207 1096 1204 1099 1204 1209 1099 1206 1097 1212 1097 1101 1212 1208 1099 1209 1208 1098 1099 1102 1098 1208 1102 1208 1214 1100 1212 1101 1100 1211 1212 1211 1100 1103 1215 1211 1103 1104 1102 1214 1104 1214 1216 1215 1103 1105 1217 1215 1105 1106 1104 1216 1106 1216 1218 1217 1105 1107 1219 1217 1107 1108 1106 1218 1108 1218 1220 1219 1107 1109 1223 1219 1109 1110 1221 1112 1220 1221 1110 1108 1220 1110 1223 1115 1224 1113 1115 1223 1109 1113 1223 1111 1110 1112 1118 1116 1227 1116 1111 1227 1227 1111 1226 1226 1111 1112 1112 1221 1226 1115 1113 1114 1229 1228 1123 1228 1115 1123 1123 1115 1121 1121 1115 1114 1224 1115 1228 1117 1116 1118 1231 1118 1230 1117 1118 1231 1119 1117 1231 1118 1227 1230 1126 1124 1233 1233 1124 1119 1233 1119 1231 1129 1131 1120 1120 1131 1234 1120 1234 1236 1122 1235 1123 1236 1235 1122 1120 1236 1122 1123 1121 1122 1229 1123 1235 1125 1124 1126 1239 1126 1238 1125 1126 1239 1127 1125 1239 1126 1233 1238 1242 1128 1127 1242 1127 1239 1130 1241 1131 1242 1241 1130 1128 1242 1130 1131 1129 1130 1234 1131 1241 1132 1133 1134 1132 1134 1141 1141 1134 1247 1141 1247 1245 1137 1133 1136 1137 1134 1133 1134 1137 1247 1137 1249 1247 1137 1136 1135 1137 1135 1249 1249 1135 1142 1249 1142 1252 1138 1139 1140 1138 1140 1147 1147 1140 1257 1147 1257 1255 1139 1244 1140 1245 1244 1139 1141 1245 1139 1140 1244 1257 1252 1145 1251 1144 1145 1252 1142 1144 1252 1145 1144 1143 1145 1143 1258 1258 1143 1149 1258 1149 1260 1251 1145 1258 1254 1147 1255 1254 1146 1147 1152 1151 1262 1262 1151 1146 1262 1146 1254 1148 1260 1149 1148 1259 1260 1154 1155 1148 1148 1155 1263 1148 1263 1259 1150 1151 1152 1264 1152 1265 1150 1152 1264 1156 1150 1264 1152 1262 1265 1155 1154 1153 1153 1268 1155 1267 1268 1153 1157 1267 1153 1263 1155 1268 1158 1156 1264 1158 1264 1270 1267 1157 1159 1272 1267 1159 1160 1158 1270 1160 1270 1274 1272 1159 1161 1277 1272 1161 1162 1275 1164 1274 1275 1162 1160 1274 1162 1277 1167 1278 1165 1167 1277 1161 1165 1277 1163 1162 1164 1163 1164 1168 1168 1164 1280 1168 1280 1282 1164 1275 1280 1167 1165 1166 1167 1166 1281 1281 1166 1170 1281 1170 1285 1278 1167 1281 1283 1168 1282 1283 1169 1168 1169 1283 1172 1283 1288 1172 1171 1285 1170 1171 1286 1285 1286 1171 1290 1171 1173 1290 1174 1289 1176 1288 1289 1174 1172 1288 1174 1290 1181 1291 1179 1181 1290 1173 1179 1290 1175 1174 1176 1293 1176 1292 1175 1176 1293 1177 1175 1293 1176 1289 1292 1184 1182 1295 1295 1182 1177 1295 1177 1293 1185 1187 1178 1178 1187 1296 1178 1296 1298 1180 1297 1181 1298 1297 1180 1178 1298 1180 1181 1179 1180 1291 1181 1297 1183 1182 1184 1184 1186 1183 1184 1187 1186 1187 1184 1296 1184 1295 1296 1187 1185 1186 1188 1189 1190 1188 1190 1197 1197 1190 1303 1197 1303 1301 1193 1189 1192 1193 1190 1189 1190 1193 1303 1193 1304 1303 1193 1192 1191 1193 1191 1304 1304 1191 1198 1304 1198 1306 1194 1195 1196 1308 1196 1309 1194 1196 1308 1202 1194 1308 1195 1300 1196 1301 1300 1195 1197 1301 1195 1196 1300 1309 1306 1201 1305 1200 1201 1306 1198 1200 1306 1201 1200 1199 1199 1311 1201 1310 1311 1199 1203 1310 1199 1305 1201 1311 1202 1308 1205 1308 1313 1205 1310 1203 1316 1203 1207 1316 1312 1205 1313 1312 1204 1205 1210 1209 1318 1318 1209 1204 1318 1204 1312 1206 1316 1207 1206 1315 1316 1212 1213 1206 1206 1213 1319 1206 1319 1315 1208 1209 1210 1320 1210 1321 1208 1210 1320 1214 1208 1320 1210 1318 1321 1213 1212 1211 1211 1324 1213 1323 1324 1211 1215 1323 1211 1319 1213 1324 1216 1214 1320 1216 1320 1326 1323 1215 1217 1328 1323 1217 1218 1216 1326 1218 1326 1330 1328 1217 1219 1333 1328 1219 1220 1331 1222 1330 1331 1220 1218 1330 1220 1333 1225 1334 1223 1225 1333 1219 1223 1333 1221 1220 1222 1221 1222 1226 1226 1222 1336 1226 1336 1338 1222 1331 1336 1225 1223 1224 1225 1224 1337 1337 1224 1228 1337 1228 1343 1334 1225 1337 1339 1226 1338 1339 1227 1226 1232 1230 1341 1341 1230 1227 1341 1227 1339 1229 1343 1228 1229 1344 1343 1235 1237 1229 1229 1237 1342 1229 1342 1344 1231 1230 1232 1347 1232 1346 1231 1232 1347 1233 1231 1347 1232 1341 1346 1240 1238 1349 1349 1238 1233 1349 1233 1347 1241 1243 1234 1234 1243 1351 1234 1351 1354 1236 1353 1237 1354 1353 1236 1234 1354 1236 1237 1235 1236 1342 1237 1353 1239 1238 1240 1240 1242 1239 1240 1243 1242 1243 1240 1351 1240 1349 1351 1243 1241 1242 1244 1245 1246 1244 1246 1257 1257 1246 1359 1257 1359 1357 1248 1245 1247 1248 1246 1245 1246 1248 1359 1248 1361 1359 1250 1247 1249 1250 1248 1247 1248 1250 1361 1250 1363 1361 1253 1249 1252 1253 1250 1249 1250 1253 1363 1253 1365 1363 1253 1252 1251 1253 1251 1365 1365 1251 1258 1365 1258 1368 1254 1255 1256 1370 1256 1371 1254 1256 1370 1262 1254 1370 1255 1356 1256 1357 1356 1255 1257 1357 1255 1256 1356 1371 1368 1261 1367 1260 1261 1368 1258 1260 1368 1261 1260 1259 1259 1376 1261 1375 1376 1259 1263 1375 1259 1367 1261 1376 1266 1265 1378 1378 1265 1262 1378 1262 1370 1268 1269 1263 1263 1269 1380 1263 1380 1375 1264 1265 1266 1270 1266 1271 1270 1264 1266 1378 1382 1266 1382 1271 1266 1269 1268 1267 1273 1267 1272 1273 1269 1267 1269 1273 1380 1273 1384 1380 1274 1271 1276 1274 1270 1271 1382 1386 1271 1386 1276 1271 1279 1272 1277 1279 1273 1272 1273 1279 1384 1279 1388 1384 1275 1274 1276 1275 1276 1280 1280 1276 1386 1280 1386 1390 1279 1277 1278 1279 1278 1388 1388 1278 1281 1388 1281 1393 1282 1391 1284 1390 1391 1282 1280 1390 1282 1393 1287 1394 1285 1287 1393 1281 1285 1393 1283 1282 1284 1283 1284 1288 1288 1284 1396 1288 1396 1400 1284 1391 1396 1287 1285 1286 1287 1286 1398 1398 1286 1290 1398 1290 1405 1394 1287 1398 1401 1288 1400 1401 1289 1288 1294 1292 1403 1403 1292 1289 1403 1289 1401 1291 1405 1290 1291 1406 1405 1297 1299 1291 1291 1299 1404 1291 1404 1406 1293 1292 1294 1409 1294 1408 1293 1294 1409 1295 1293 1409 1294 1403 1408 1412 1296 1295 1412 1295 1409 1298 1411 1299 1412 1411 1298 1296 1412 1298 1299 1297 1298 1404 1299 1411 1300 1301 1302 1300 1302 1309 1309 1302 1423 1309 1423 1421 1301 1414 1302 1415 1414 1301 1303 1415 1301 1302 1414 1423 1303 1304 1418 1415 1303 1418 1418 1307 1417 1306 1307 1418 1304 1306 1418 1307 1306 1305 1307 1305 1424 1424 1305 1311 1424 1311 1426 1417 1307 1424 1420 1309 1421 1420 1308 1309 1314 1313 1428 1428 1313 1308 1428 1308 1420 1310 1426 1311 1310 1425 1426 1316 1317 1310 1310 1317 1430 1310 1430 1425 1312 1313 1314 1432 1314 1433 1312 1314 1432 1318 1312 1432 1314 1428 1433 1317 1316 1315 1315 1436 1317 1435 1436 1315 1319 1435 1315 1430 1317 1436 1322 1321 1438 1438 1321 1318 1438 1318 1432 1324 1325 1319 1319 1325 1440 1319 1440 1435 1320 1321 1322 1326 1322 1327 1326 1320 1322 1438 1442 1322 1442 1327 1322 1325 1324 1323 1329 1323 1328 1329 1325 1323 1325 1329 1440 1329 1444 1440 1330 1327 1332 1330 1326 1327 1442 1446 1327 1446 1332 1327 1335 1328 1333 1335 1329 1328 1329 1335 1444 1335 1448 1444 1331 1330 1332 1331 1332 1336 1336 1332 1446 1336 1446 1450 1335 1333 1334 1335 1334 1448 1448 1334 1337 1448 1337 1455 1338 1451 1340 1450 1451 1338 1336 1450 1338 1455 1345 1456 1343 1345 1455 1337 1343 1455 1339 1338 1340 1459 1340 1458 1339 1340 1459 1341 1339 1459 1340 1451 1458 1348 1346 1461 1461 1346 1341 1461 1341 1459 1353 1355 1342 1342 1355 1467 1342 1467 1470 1344 1469 1345 1470 1469 1344 1342 1470 1344 1345 1343 1344 1456 1345 1469 1347 1346 1348 1348 1349 1347 1348 1350 1349 1350 1348 1463 1348 1461 1463 1350 1351 1349 1350 1352 1351 1352 1350 1465 1350 1463 1465 1352 1354 1351 1352 1355 1354 1355 1352 1467 1352 1465 1467 1355 1353 1354 1356 1357 1358 1358 1371 1356 1372 1371 1358 1373 1372 1358 1360 1357 1359 1360 1358 1357 1473 1472 1360 1360 1472 1373 1360 1373 1358 1362 1359 1361 1362 1360 1359 1360 1362 1473 1362 1475 1473 1364 1361 1363 1364 1362 1361 1362 1364 1475 1364 1477 1475 1366 1363 1365 1366 1364 1363 1364 1366 1477 1366 1480 1477 1369 1365 1368 1369 1366 1365 1479 1480 1374 1374 1480 1366 1374 1366 1369 1369 1368 1367 1377 1367 1376 1369 1367 1377 1374 1369 1377 1370 1371 1372 1378 1372 1379 1378 1370 1372 1483 1482 1373 1373 1482 1379 1373 1379 1372 1373 1472 1483 1487 1488 1381 1381 1488 1374 1381 1374 1377 1479 1374 1488 1377 1376 1375 1381 1375 1380 1381 1377 1375 1382 1379 1383 1382 1378 1379 1482 1490 1379 1490 1383 1379 1385 1380 1384 1385 1381 1380 1381 1385 1487 1385 1492 1487 1386 1383 1387 1386 1382 1383 1490 1494 1383 1494 1387 1383 1389 1384 1388 1389 1385 1384 1385 1389 1492 1389 1496 1492 1390 1387 1392 1390 1386 1387 1494 1498 1387 1498 1392 1387 1395 1388 1393 1395 1389 1388 1389 1395 1496 1395 1501 1496 1391 1390 1392 1397 1396 1499 1396 1391 1499 1499 1391 1498 1498 1391 1392 1395 1393 1394 1502 1501 1399 1501 1395 1399 1399 1395 1398 1398 1395 1394 1400 1397 1402 1400 1396 1397 1504 1508 1397 1508 1402 1397 1397 1499 1504 1407 1398 1405 1407 1399 1398 1399 1407 1506 1407 1515 1506 1502 1399 1506 1401 1400 1402 1509 1402 1508 1401 1402 1509 1403 1401 1509 1410 1408 1511 1511 1408 1403 1511 1403 1509 1411 1413 1404 1404 1413 1513 1404 1513 1516 1406 1515 1407 1516 1515 1406 1404 1516 1406 1407 1405 1406 1409 1408 1410 1410 1412 1409 1410 1413 1412 1413 1410 1513 1410 1511 1513 1413 1411 1412 1414 1415 1416 1414 1416 1423 1423 1416 1521 1423 1521 1519 1419 1415 1418 1419 1416 1415 1416 1419 1521 1419 1523 1521 1419 1418 1417 1419 1417 1523 1523 1417 1424 1523 1424 1526 1420 1421 1422 1428 1422 1429 1428 1420 1422 1421 1518 1422 1519 1518 1421 1423 1519 1421 1518 1528 1422 1528 1429 1422 1526 1427 1525 1426 1427 1526 1424 1426 1526 1427 1426 1425 1431 1425 1430 1431 1427 1425 1427 1431 1525 1431 1530 1525 1434 1433 1532 1433 1428 1532 1532 1428 1533 1533 1428 1429 1429 1528 1533 1536 1437 1535 1536 1436 1437 1431 1436 1536 1430 1436 1431 1530 1431 1536 1432 1433 1434 1438 1434 1439 1438 1432 1434 1532 1538 1434 1538 1439 1434 1437 1436 1435 1441 1435 1440 1441 1437 1435 1437 1441 1535 1441 1540 1535 1442 1439 1443 1442 1438 1439 1538 1542 1439 1542 1443 1439 1445 1440 1444 1445 1441 1440 1441 1445 1540 1445 1544 1540 1446 1443 1447 1446 1442 1443 1542 1546 1443 1546 1447 1443 1449 1444 1448 1449 1445 1444 1445 1449 1544 1449 1551 1544 1450 1447 1452 1450 1446 1447 1546 1547 1447 1447 1547 1453 1447 1453 1452 1457 1448 1455 1457 1449 1448 1552 1551 1454 1454 1551 1449 1454 1449 1457 1451 1450 1452 1452 1458 1451 1460 1458 1452 1453 1460 1452 1554 1555 1453 1453 1555 1462 1453 1462 1460 1453 1547 1554 1471 1456 1469 1457 1456 1471 1454 1457 1471 1562 1561 1468 1468 1561 1454 1468 1454 1471 1552 1454 1561 1457 1455 1456 1459 1458 1460 1460 1461 1459 1460 1462 1461 1462 1463 1461 1462 1464 1463 1464 1462 1557 1462 1555 1557 1464 1465 1463 1464 1466 1465 1466 1464 1559 1464 1557 1559 1466 1467 1465 1466 1468 1467 1468 1466 1562 1466 1559 1562 1468 1470 1467 1468 1471 1470 1471 1469 1470 1472 1473 1474 1474 1483 1472 1484 1483 1474 1485 1484 1474 1476 1473 1475 1476 1474 1473 1565 1564 1476 1476 1564 1485 1476 1485 1474 1478 1475 1477 1478 1476 1475 1476 1478 1565 1478 1568 1565 1481 1477 1480 1481 1478 1477 1567 1568 1486 1486 1568 1478 1486 1478 1481 1481 1480 1479 1489 1479 1488 1481 1479 1489 1486 1481 1489 1482 1483 1484 1490 1484 1491 1490 1482 1484 1571 1570 1485 1485 1570 1491 1485 1491 1484 1485 1564 1571 1575 1576 1493 1493 1576 1486 1493 1486 1489 1567 1486 1576 1489 1488 1487 1493 1487 1492 1493 1489 1487 1494 1491 1495 1494 1490 1491 1570 1578 1491 1578 1495 1491 1497 1492 1496 1497 1493 1492 1493 1497 1575 1497 1582 1575 1498 1495 1500 1498 1494 1495 1578 1584 1495 1584 1500 1495 1503 1496 1501 1503 1497 1496 1497 1503 1582 1503 1589 1582 1499 1498 1500 1505 1504 1585 1504 1499 1585 1585 1499 1584 1584 1499 1500 1503 1501 1502 1590 1589 1507 1589 1503 1507 1507 1503 1506 1506 1503 1502 1508 1505 1510 1508 1504 1505 1592 1593 1505 1505 1593 1512 1505 1512 1510 1505 1585 1592 1517 1506 1515 1517 1507 1506 1596 1595 1514 1514 1595 1507 1514 1507 1517 1590 1507 1595 1509 1508 1510 1510 1511 1509 1510 1512 1511 1512 1513 1511 1512 1514 1513 1514 1512 1596 1512 1593 1596 1514 1516 1513 1514 1517 1516 1517 1515 1516 1518 1519 1520 1528 1520 1529 1528 1518 1520 1522 1519 1521 1522 1520 1519 1599 1598 1522 1522 1598 1529 1522 1529 1520 1524 1521 1523 1524 1522 1521 1522 1524 1599 1524 1602 1599 1527 1523 1526 1527 1524 1523 1601 1602 1531 1531 1602 1524 1531 1524 1527 1527 1526 1525 1531 1525 1530 1531 1527 1525 1534 1533 1604 1533 1528 1604 1604 1528 1605 1605 1528 1529 1529 1598 1605 1610 1537 1609 1610 1536 1537 1531 1536 1610 1530 1536 1531 1601 1531 1610 1532 1533 1534 1538 1534 1539 1538 1532 1534 1604 1612 1534 1612 1539 1534 1537 1536 1535 1541 1535 1540 1541 1537 1535 1537 1541 1609 1541 1616 1609 1542 1539 1543 1542 1538 1539 1612 1618 1539 1618 1543 1539 1545 1540 1544 1545 1541 1540 1541 1545 1616 1545 1623 1616 1546 1543 1548 1546 1542 1543 1618 1619 1543 1543 1619 1549 1543 1549 1548 1553 1544 1551 1553 1545 1544 1624 1623 1550 1550 1623 1545 1550 1545 1553 1547 1546 1548 1548 1554 1547 1556 1554 1548 1549 1556 1548 1626 1627 1549 1549 1627 1558 1549 1558 1556 1549 1619 1626 1563 1552 1561 1553 1552 1563 1550 1553 1563 1630 1629 1560 1560 1629 1550 1560 1550 1563 1624 1550 1629 1553 1551 1552 1555 1554 1556 1556 1557 1555 1556 1558 1557 1558 1559 1557 1558 1560 1559 1560 1558 1630 1558 1627 1630 1560 1562 1559 1560 1563 1562 1563 1561 1562 1564 1565 1566 1566 1571 1564 1572 1571 1566 1573 1572 1566 1569 1565 1568 1569 1566 1565 1566 1569 1574 1566 1574 1573 1569 1568 1567 1577 1567 1576 1569 1567 1577 1574 1569 1577 1570 1571 1572 1578 1572 1579 1578 1570 1572 1572 1573 1580 1572 1580 1579 1573 1574 1581 1573 1581 1580 1574 1577 1583 1574 1583 1581 1577 1576 1575 1583 1575 1582 1583 1577 1575 1584 1579 1586 1584 1578 1579 1579 1580 1587 1579 1587 1586 1580 1581 1588 1580 1588 1587 1581 1583 1591 1581 1591 1588 1591 1582 1589 1591 1583 1582 1585 1584 1586 1586 1592 1585 1594 1592 1586 1587 1594 1586 1587 1588 1597 1587 1597 1594 1597 1590 1595 1591 1590 1597 1588 1591 1597 1591 1589 1590 1593 1592 1594 1594 1596 1593 1594 1597 1596 1597 1595 1596 1598 1599 1600 1600 1605 1598 1606 1605 1600 1607 1606 1600 1603 1599 1602 1603 1600 1599 1600 1603 1608 1600 1608 1607 1603 1602 1601 1611 1601 1610 1603 1601 1611 1608 1603 1611 1604 1605 1606 1612 1606 1613 1612 1604 1606 1606 1607 1614 1606 1614 1613 1607 1608 1615 1607 1615 1614 1608 1611 1617 1608 1617 1615 1611 1610 1609 1617 1609 1616 1617 1611 1609 1618 1613 1620 1618 1612 1613 1613 1614 1621 1613 1621 1620 1614 1615 1622 1614 1622 1621 1615 1617 1625 1615 1625 1622 1625 1616 1623 1625 1617 1616 1619 1618 1620 1620 1626 1619 1628 1626 1620 1621 1628 1620 1621 1622 1631 1621 1631 1628 1631 1624 1629 1625 1624 1631 1622 1625 1631 1625 1623 1624 1627 1626 1628 1628 1630 1627 1628 1631 1630 1631 1629 1630" solid="false" colorPerVertex="false">
     <Coordinate point="-0.0394495 -0.427413 -0.305295 -0.0203538 -0.437441 -0.305295 -0.0203538 -0.427413 -0.309854 0.0394477 -0.427413 -0.305295 0.0203521 -0.437441 -0.305295 0.0203521 -0.427413 -0.309854 -0.0736259 -0.386707 -0.305295 -0.0610597 -0.409792 -0.305295 -0.0610597 -0.386707 -0.311643 -0.0203538 -0.386707 -0.321669 0.0203521 -0.386707 -0.321669 0.0736241 -0.386707 -0.305295 0.061058 -0.409792 -0.305295 0.061058 -0.386707 -0.311643 -0.0788034 -0.346001 -0.305295 -0.0610597 -0.346001 -0.315038 -0.0203538 -0.346001 -0.325686 0.0203521 -0.346001 -0.325686 0.0788017 -0.346001 -0.305295 0.061058 -0.346001 -0.315038 -0.0685508 -0.305295 -0.305295 -0.0610597 -0.293142 -0.305295 -0.0610597 -0.305295 -0.309879 -0.0203538 -0.305295 -0.322031 0.0203521 -0.305295 -0.322031 0.068549 -0.305295 -0.305295 0.061058 -0.293142 -0.305295 0.061058 -0.305295 -0.309879 -0.0320424 -0.264589 -0.305295 -0.0203538 -0.257531 -0.305295 -0.0203538 -0.264589 -0.309403 0.0320407 -0.264589 -0.305295 0.0203521 -0.257531 -0.305295 0.0203521 -0.264589 -0.309403 -0.0320424 0.264587 -0.305295 -0.0203538 0.25753 -0.305295 -0.0203538 0.264587 -0.309403 0.0320407 0.264587 -0.305295 0.0203521 0.25753 -0.305295 0.0203521 0.264587 -0.309403 -0.0685508 0.305293 -0.305295 -0.0610597 0.29314 -0.305295 -0.0610597 0.305293 -0.309879 -0.0203538 0.305293 -0.322031 0.0203521 0.305293 -0.322031 0.068549 0.305293 -0.305295 0.061058 0.29314 -0.305295 0.061058 0.305293 -0.309879 -0.0788034 0.345999 -0.305295 -0.0610597 0.345999 -0.315038 -0.0203538 0.345999 -0.325686 0.0203521 0.345999 -0.325686 0.0788017 0.345999 -0.305295 0.061058 0.345999 -0.315038 -0.0736259 0.386705 -0.305295 -0.0610597 0.40979 -0.305295 -0.0610597 0.386705 -0.311643 -0.0203538 0.386705 -0.321669 0.0203521 0.386705 -0.321669 0.0736241 0.386705 -0.305295 0.061058 0.40979 -0.305295 0.061058 0.386705 -0.311643 -0.0394495 0.427411 -0.305295 -0.0203538 0.43744 -0.305295 -0.0203538 0.427411 -0.309854 0.0394477 0.427411 -0.305295 0.0203521 0.43744 -0.305295 0.0203521 0.427411 -0.309854 -0.0939367 -0.468119 -0.264589 -0.0610597 -0.491893 -0.264589 -0.0610597 -0.468119 -0.280979 -0.0203538 -0.504678 -0.264589 -0.0203538 -0.468119 -0.290511 0.0203521 -0.504678 -0.264589 0.0203521 -0.468119 -0.290511 0.093935 -0.468119 -0.264589 0.061058 -0.491893 -0.264589 0.061058 -0.468119 -0.280979 -0.122138 -0.427413 -0.264589 -0.101766 -0.460487 -0.264589 -0.101766 -0.427413 -0.280614 -0.0610597 -0.427413 -0.300398 0.061058 -0.427413 -0.300398 0.122136 -0.427413 -0.264589 0.101764 -0.460487 -0.264589 0.101764 -0.427413 -0.280614 -0.133327 -0.386707 -0.264589 -0.101766 -0.386707 -0.29112 0.133325 -0.386707 -0.264589 0.101764 -0.386707 -0.29112 -0.132469 -0.346001 -0.264589 -0.101766 -0.346001 -0.292721 0.132468 -0.346001 -0.264589 0.101764 -0.346001 -0.292721 -0.121522 -0.305295 -0.264589 -0.101766 -0.264685 -0.264589 -0.101766 -0.305295 -0.284902 0.12152 -0.305295 -0.264589 0.101764 -0.264685 -0.264589 0.101764 -0.305295 -0.284902 -0.101711 -0.264589 -0.264589 -0.0610597 -0.264589 -0.29587 0.10171 -0.264589 -0.264589 0.061058 -0.264589 -0.29587 -0.0659552 -0.223883 -0.264589 -0.0610597 -0.219575 -0.264589 -0.0610597 -0.223883 -0.269167 -0.0203538 -0.19909 -0.264589 -0.0203538 -0.223883 -0.287347 0.0203521 -0.19909 -0.264589 0.0203521 -0.223883 -0.287347 0.0659536 -0.223883 -0.264589 0.061058 -0.219575 -0.264589 0.061058 -0.223883 -0.269167 -0.0659552 0.223882 -0.264589 -0.0610597 0.219574 -0.264589 -0.0610597 0.223882 -0.269167 -0.0203538 0.199088 -0.264589 -0.0203538 0.223882 -0.287347 0.0203521 0.199088 -0.264589 0.0203521 0.223882 -0.287347 0.0659536 0.223882 -0.264589 0.061058 0.219574 -0.264589 0.061058 0.223882 -0.269167 -0.101711 0.264587 -0.264589 -0.0610597 0.264587 -0.29587 0.10171 0.264587 -0.264589 0.061058 0.264587 -0.29587 -0.121522 0.305293 -0.264589 -0.101766 0.264683 -0.264589 -0.101766 0.305293 -0.284902 0.12152 0.305293 -0.264589 0.101764 0.264683 -0.264589 0.101764 0.305293 -0.284902 -0.132469 0.345999 -0.264589 -0.101766 0.345999 -0.292721 0.132468 0.345999 -0.264589 0.101764 0.345999 -0.292721 -0.133327 0.386705 -0.264589 -0.101766 0.386705 -0.29112 0.133325 0.386705 -0.264589 0.101764 0.386705 -0.29112 -0.122138 0.427411 -0.264589 -0.101766 0.460486 -0.264589 -0.101766 0.427411 -0.280614 -0.0610597 0.427411 -0.300398 0.061058 0.427411 -0.300398 0.122136 0.427411 -0.264589 0.101764 0.460486 -0.264589 0.101764 0.427411 -0.280614 -0.0939367 0.468117 -0.264589 -0.0610597 0.491891 -0.264589 -0.0610597 0.468117 -0.280979 -0.0203538 0.504676 -0.264589 -0.0203538 0.468117 -0.290511 0.0203521 0.504676 -0.264589 0.0203521 0.468117 -0.290511 0.093935 0.468117 -0.264589 0.061058 0.491891 -0.264589 0.061058 0.468117 -0.280979 -0.108449 -0.508825 -0.223883 -0.101766 -0.514515 -0.223883 -0.101766 -0.508825 -0.229323 -0.0610597 -0.536168 -0.223883 -0.0610597 -0.508825 -0.251069 -0.0203538 -0.545651 -0.223883 -0.0203538 -0.508825 -0.261172 0.0203521 -0.545651 -0.223883 0.0203521 -0.508825 -0.261172 0.061058 -0.536168 -0.223883 0.061058 -0.508825 -0.251069 0.108447 -0.508825 -0.223883 0.101764 -0.514515 -0.223883 0.101764 -0.508825 -0.229323 -0.144624 -0.468119 -0.223883 -0.142471 -0.471552 -0.223883 -0.142471 -0.468119 -0.226332 -0.101766 -0.468119 -0.260488 0.101764 -0.468119 -0.260488 0.144622 -0.468119 -0.223883 0.14247 -0.471552 -0.223883 0.14247 -0.468119 -0.226332 -0.161609 -0.427413 -0.223883 -0.142471 -0.427413 -0.246881 0.161608 -0.427413 -0.223883 0.14247 -0.427413 -0.246881 -0.167383 -0.386707 -0.223883 -0.142471 -0.386707 -0.256023 0.167381 -0.386707 -0.223883 0.14247 -0.386707 -0.256023 -0.163863 -0.346001 -0.223883 -0.142471 -0.346001 -0.254243 0.163861 -0.346001 -0.223883 0.14247 -0.346001 -0.254243 -0.1522 -0.305295 -0.223883 -0.142471 -0.285814 -0.223883 -0.142471 -0.305295 -0.239666 0.152199 -0.305295 -0.223883 0.14247 -0.285814 -0.223883 0.14247 -0.305295 -0.239666 -0.132086 -0.264589 -0.223883 -0.101766 -0.264589 -0.264544 0.132085 -0.264589 -0.223883 0.101764 -0.264589 -0.264544 -0.103658 -0.223883 -0.223883 -0.101766 -0.221791 -0.223883 -0.101766 -0.223883 -0.227078 -0.0610597 -0.184298 -0.223883 0.061058 -0.184298 -0.223883 0.103657 -0.223883 -0.223883 0.101764 -0.221791 -0.223883 0.101764 -0.223883 -0.227078 -0.0589934 -0.183177 -0.223883 -0.0203538 -0.165749 -0.223883 -0.0203538 -0.183177 -0.24922 0.0589917 -0.183177 -0.223883 0.0203521 -0.165749 -0.223883 0.0203521 -0.183177 -0.24922 -0.0589934 0.183176 -0.223883 -0.0203538 0.165747 -0.223883 -0.0203538 0.183176 -0.24922 0.0589917 0.183176 -0.223883 0.0203521 0.165747 -0.223883 0.0203521 0.183176 -0.24922 -0.103658 0.223882 -0.223883 -0.101766 0.221789 -0.223883 -0.101766 0.223882 -0.227078 -0.0610597 0.184296 -0.223883 0.061058 0.184296 -0.223883 0.103657 0.223882 -0.223883 0.101764 0.221789 -0.223883 0.101764 0.223882 -0.227078 -0.132086 0.264587 -0.223883 -0.101766 0.264587 -0.264544 0.132085 0.264587 -0.223883 0.101764 0.264587 -0.264544 -0.1522 0.305293 -0.223883 -0.142471 0.285812 -0.223883 -0.142471 0.305293 -0.239666 0.152199 0.305293 -0.223883 0.14247 0.285812 -0.223883 0.14247 0.305293 -0.239666 -0.163863 0.345999 -0.223883 -0.142471 0.345999 -0.254243 0.163861 0.345999 -0.223883 0.14247 0.345999 -0.254243 -0.167383 0.386705 -0.223883 -0.142471 0.386705 -0.256023 0.167381 0.386705 -0.223883 0.14247 0.386705 -0.256023 -0.161609 0.427411 -0.223883 -0.142471 0.427411 -0.246881 0.161608 0.427411 -0.223883 0.14247 0.427411 -0.246881 -0.144624 0.468117 -0.223883 -0.142471 0.471551 -0.223883 -0.142471 0.468117 -0.226332 -0.101766 0.468117 -0.260488 0.101764 0.468117 -0.260488 0.144622 0.468117 -0.223883 0.14247 0.471551 -0.223883 0.14247 0.468117 -0.226332 -0.108449 0.508823 -0.223883 -0.101766 0.514513 -0.223883 -0.101766 0.508823 -0.229323 -0.0610597 0.536166 -0.223883 -0.0610597 0.508823 -0.251069 -0.0203538 0.545649 -0.223883 -0.0203538 0.508823 -0.261172 0.0203521 0.545649 -0.223883 0.0203521 0.508823 -0.261172 0.061058 0.536166 -0.223883 0.061058 0.508823 -0.251069 0.108447 0.508823 -0.223883 0.101764 0.514513 -0.223883 0.101764 0.508823 -0.229323 -0.0995037 -0.54953 -0.183177 -0.0610597 -0.566694 -0.183177 -0.0610597 -0.54953 -0.20702 -0.0203538 -0.574903 -0.183177 -0.0203538 -0.54953 -0.218881 0.0203521 -0.574903 -0.183177 0.0203521 -0.54953 -0.218881 0.099502 -0.54953 -0.183177 0.061058 -0.566694 -0.183177 0.061058 -0.54953 -0.20702 -0.149115 -0.508825 -0.183177 -0.142471 -0.516557 -0.183177 -0.142471 -0.508825 -0.191654 -0.101766 -0.548477 -0.183177 0.101764 -0.548477 -0.183177 0.149113 -0.508825 -0.183177 0.14247 -0.516557 -0.183177 0.14247 -0.508825 -0.191654 -0.174979 -0.468119 -0.183177 0.174977 -0.468119 -0.183177 -0.187868 -0.427413 -0.183177 -0.183177 -0.444554 -0.183177 -0.183177 -0.427413 -0.191618 0.187867 -0.427413 -0.183177 0.183176 -0.444554 -0.183177 0.183176 -0.427413 -0.191618 -0.190776 -0.386707 -0.183177 -0.183177 -0.386707 -0.198017 0.190774 -0.386707 -0.183177 0.183176 -0.386707 -0.198017 -0.185368 -0.346001 -0.183177 -0.183177 -0.339892 -0.183177 -0.183177 -0.346001 -0.18798 0.185367 -0.346001 -0.183177 0.183176 -0.339892 -0.183177 0.183176 -0.346001 -0.18798 -0.172446 -0.305295 -0.183177 0.172444 -0.305295 -0.183177 -0.152493 -0.264589 -0.183177 -0.142471 -0.250222 -0.183177 -0.142471 -0.264589 -0.205851 0.152491 -0.264589 -0.183177 0.14247 -0.250222 -0.183177 0.14247 -0.264589 -0.205851 -0.124395 -0.223883 -0.183177 -0.101766 -0.198256 -0.183177 0.124393 -0.223883 -0.183177 0.101764 -0.198256 -0.183177 -0.0859046 -0.183177 -0.183177 -0.0610597 -0.163081 -0.183177 -0.0610597 -0.183177 -0.222406 -0.0203538 -0.144076 -0.183177 0.0203521 -0.144076 -0.183177 0.0859029 -0.183177 -0.183177 0.061058 -0.163081 -0.183177 0.061058 -0.183177 -0.222406 -0.0859046 0.183176 -0.183177 -0.0610597 0.163079 -0.183177 -0.0610597 0.183176 -0.222406 -0.0203538 0.144074 -0.183177 0.0203521 0.144074 -0.183177 0.0859029 0.183176 -0.183177 0.061058 0.163079 -0.183177 0.061058 0.183176 -0.222406 -0.124395 0.223882 -0.183177 -0.101766 0.198254 -0.183177 0.124393 0.223882 -0.183177 0.101764 0.198254 -0.183177 -0.152493 0.264587 -0.183177 -0.142471 0.25022 -0.183177 -0.142471 0.264587 -0.205851 0.152491 0.264587 -0.183177 0.14247 0.25022 -0.183177 0.14247 0.264587 -0.205851 -0.172446 0.305293 -0.183177 0.172444 0.305293 -0.183177 -0.185368 0.345999 -0.183177 -0.183177 0.33989 -0.183177 -0.183177 0.345999 -0.18798 0.185367 0.345999 -0.183177 0.183176 0.33989 -0.183177 0.183176 0.345999 -0.18798 -0.190776 0.386705 -0.183177 -0.183177 0.386705 -0.198017 0.190774 0.386705 -0.183177 0.183176 0.386705 -0.198017 -0.187868 0.427411 -0.183177 -0.183177 0.444552 -0.183177 -0.183177 0.427411 -0.191618 0.187867 0.427411 -0.183177 0.183176 0.444552 -0.183177 0.183176 0.427411 -0.191618 -0.174979 0.468117 -0.183177 0.174977 0.468117 -0.183177 -0.149115 0.508823 -0.183177 -0.142471 0.516555 -0.183177 -0.142471 0.508823 -0.191654 -0.101766 0.548475 -0.183177 0.101764 0.548475 -0.183177 0.149113 0.508823 -0.183177 0.14247 0.516555 -0.183177 0.14247 0.508823 -0.191654 -0.0995037 0.549529 -0.183177 -0.0610597 0.566693 -0.183177 -0.0610597 0.549529 -0.20702 -0.0203538 0.574902 -0.183177 -0.0203538 0.549529 -0.218881 0.0203521 0.574902 -0.183177 0.0203521 0.549529 -0.218881 0.099502 0.549529 -0.183177 0.061058 0.566693 -0.183177 0.061058 0.549529 -0.20702 -0.0482849 -0.590236 -0.142471 -0.0203538 -0.59555 -0.142471 -0.0203538 -0.590236 -0.152954 0.0482832 -0.590236 -0.142471 0.0203521 -0.59555 -0.142471 0.0203521 -0.590236 -0.152954 -0.136223 -0.54953 -0.142471 -0.101766 -0.572529 -0.142471 -0.101766 -0.54953 -0.181504 -0.0610597 -0.587985 -0.142471 0.061058 -0.587985 -0.142471 0.136221 -0.54953 -0.142471 0.101764 -0.572529 -0.142471 0.101764 -0.54953 -0.181504 -0.174553 -0.508825 -0.142471 -0.142471 -0.544859 -0.142471 0.174552 -0.508825 -0.142471 0.14247 -0.544859 -0.142471 -0.195952 -0.468119 -0.142471 -0.183177 -0.495011 -0.142471 -0.183177 -0.468119 -0.16881 0.19595 -0.468119 -0.142471 0.183176 -0.495011 -0.142471 0.183176 -0.468119 -0.16881 -0.205975 -0.427413 -0.142471 0.205973 -0.427413 -0.142471 -0.2071 -0.386707 -0.142471 0.207098 -0.386707 -0.142471 -0.200512 -0.346001 -0.142471 0.20051 -0.346001 -0.142471 -0.186616 -0.305295 -0.142471 -0.183177 -0.299269 -0.142471 -0.183177 -0.305295 -0.153217 0.186615 -0.305295 -0.142471 0.183176 -0.299269 -0.142471 0.183176 -0.305295 -0.153217 -0.166095 -0.264589 -0.142471 -0.142471 -0.22975 -0.142471 0.166093 -0.264589 -0.142471 0.14247 -0.22975 -0.142471 -0.138588 -0.223883 -0.142471 0.138587 -0.223883 -0.142471 -0.103155 -0.183177 -0.142471 -0.101766 -0.181797 -0.142471 -0.101766 -0.183177 -0.147132 -0.0610597 -0.148595 -0.142471 0.061058 -0.148595 -0.142471 0.103154 -0.183177 -0.142471 0.101764 -0.181797 -0.142471 0.101764 -0.183177 -0.147132 -0.0480866 -0.142471 -0.142471 -0.0203538 -0.129642 -0.142471 -0.0203538 -0.142471 -0.179379 0.0480849 -0.142471 -0.142471 0.0203521 -0.129642 -0.142471 0.0203521 -0.142471 -0.179379 -0.0480866 0.14247 -0.142471 -0.0203538 0.12964 -0.142471 -0.0203538 0.14247 -0.179379 0.0480849 0.14247 -0.142471 0.0203521 0.12964 -0.142471 0.0203521 0.14247 -0.179379 -0.103155 0.183176 -0.142471 -0.101766 0.181796 -0.142471 -0.101766 0.183176 -0.147132 -0.0610597 0.148593 -0.142471 0.061058 0.148593 -0.142471 0.103154 0.183176 -0.142471 0.101764 0.181796 -0.142471 0.101764 0.183176 -0.147132 -0.138588 0.223882 -0.142471 0.138587 0.223882 -0.142471 -0.166095 0.264587 -0.142471 -0.142471 0.229748 -0.142471 0.166093 0.264587 -0.142471 0.14247 0.229748 -0.142471 -0.186616 0.305293 -0.142471 -0.183177 0.299267 -0.142471 -0.183177 0.305293 -0.153217 0.186615 0.305293 -0.142471 0.183176 0.299267 -0.142471 0.183176 0.305293 -0.153217 -0.200512 0.345999 -0.142471 0.20051 0.345999 -0.142471 -0.2071 0.386705 -0.142471 0.207098 0.386705 -0.142471 -0.205975 0.427411 -0.142471 0.205973 0.427411 -0.142471 -0.195952 0.468117 -0.142471 -0.183177 0.49501 -0.142471 -0.183177 0.468117 -0.16881 0.19595 0.468117 -0.142471 0.183176 0.49501 -0.142471 0.183176 0.468117 -0.16881 -0.174553 0.508823 -0.142471 -0.142471 0.544858 -0.142471 0.174552 0.508823 -0.142471 0.14247 0.544858 -0.142471 -0.136223 0.549529 -0.142471 -0.101766 0.572527 -0.142471 -0.101766 0.549529 -0.181504 -0.0610597 0.587983 -0.142471 0.061058 0.587983 -0.142471 0.136221 0.549529 -0.142471 0.101764 0.572527 -0.142471 0.101764 0.549529 -0.181504 -0.0482849 0.590235 -0.142471 -0.0203538 0.595548 -0.142471 -0.0203538 0.590235 -0.152954 0.0482832 0.590235 -0.142471 0.0203521 0.595548 -0.142471 0.0203521 0.590235 -0.152954 -0.0967054 -0.590236 -0.101766 -0.0610597 -0.603587 -0.101766 -0.0610597 -0.590236 -0.13643 -0.0203538 -0.61063 -0.101766 0.0203521 -0.61063 -0.101766 0.0967038 -0.590236 -0.101766 0.061058 -0.603587 -0.101766 0.061058 -0.590236 -0.13643 -0.158192 -0.54953 -0.101766 -0.142471 -0.563859 -0.101766 -0.142471 -0.54953 -0.132834 -0.101766 -0.58839 -0.101766 0.101764 -0.58839 -0.101766 0.15819 -0.54953 -0.101766 0.14247 -0.563859 -0.101766 0.14247 -0.54953 -0.132834 -0.191508 -0.508825 -0.101766 -0.183177 -0.521468 -0.101766 -0.183177 -0.508825 -0.123209 0.191507 -0.508825 -0.101766 0.183176 -0.521468 -0.101766 0.183176 -0.508825 -0.123209 -0.210064 -0.468119 -0.101766 0.210063 -0.468119 -0.101766 -0.218323 -0.427413 -0.101766 0.218321 -0.427413 -0.101766 -0.218179 -0.386707 -0.101766 0.218177 -0.386707 -0.101766 -0.21076 -0.346001 -0.101766 0.210758 -0.346001 -0.101766 -0.196404 -0.305295 -0.101766 -0.183177 -0.281454 -0.101766 0.196402 -0.305295 -0.101766 0.183176 -0.281454 -0.101766 -0.175172 -0.264589 -0.101766 0.175171 -0.264589 -0.101766 -0.147725 -0.223883 -0.101766 -0.142471 -0.217873 -0.101766 -0.142471 -0.223883 -0.126814 0.147723 -0.223883 -0.101766 0.14247 -0.217873 -0.101766 0.14247 -0.223883 -0.126814 -0.112379 -0.183177 -0.101766 -0.101766 -0.172606 -0.101766 0.112378 -0.183177 -0.101766 0.101764 -0.172606 -0.101766 -0.0652912 -0.142471 -0.101766 -0.0610597 -0.138979 -0.101766 -0.0610597 -0.142471 -0.117968 -0.0203538 -0.119576 -0.101766 0.0203521 -0.119576 -0.101766 0.0652895 -0.142471 -0.101766 0.061058 -0.138979 -0.101766 0.061058 -0.142471 -0.117968 -0.0652912 0.14247 -0.101766 -0.0610597 0.138978 -0.101766 -0.0610597 0.14247 -0.117968 -0.0203538 0.119574 -0.101766 0.0203521 0.119574 -0.101766 0.0652895 0.14247 -0.101766 0.061058 0.138978 -0.101766 0.061058 0.14247 -0.117968 -0.112379 0.183176 -0.101766 -0.101766 0.172604 -0.101766 0.112378 0.183176 -0.101766 0.101764 0.172604 -0.101766 -0.147725 0.223882 -0.101766 -0.142471 0.217871 -0.101766 -0.142471 0.223882 -0.126814 0.147723 0.223882 -0.101766 0.14247 0.217871 -0.101766 0.14247 0.223882 -0.126814 -0.175172 0.264587 -0.101766 0.175171 0.264587 -0.101766 -0.196404 0.305293 -0.101766 -0.183177 0.281452 -0.101766 0.196402 0.305293 -0.101766 0.183176 0.281452 -0.101766 -0.21076 0.345999 -0.101766 0.210758 0.345999 -0.101766 -0.218179 0.386705 -0.101766 0.218177 0.386705 -0.101766 -0.218323 0.427411 -0.101766 0.218321 0.427411 -0.101766 -0.210064 0.468117 -0.101766 0.210063 0.468117 -0.101766 -0.191508 0.508823 -0.101766 -0.183177 0.521466 -0.101766 -0.183177 0.508823 -0.123209 0.191507 0.508823 -0.101766 0.183176 0.521466 -0.101766 0.183176 0.508823 -0.123209 -0.158192 0.549529 -0.101766 -0.142471 0.563857 -0.101766 -0.142471 0.549529 -0.132834 -0.101766 0.588388 -0.101766 0.101764 0.588388 -0.101766 0.15819 0.549529 -0.101766 0.14247 0.563857 -0.101766 0.14247 0.549529 -0.132834 -0.0967054 0.590235 -0.101766 -0.0610597 0.603586 -0.101766 -0.0610597 0.590235 -0.13643 -0.0203538 0.610628 -0.101766 0.0203521 0.610628 -0.101766 0.0967038 0.590235 -0.101766 0.061058 0.603586 -0.101766 0.061058 0.590235 -0.13643 -0.117326 -0.590236 -0.0610597 -0.101766 -0.599008 -0.0610597 -0.101766 -0.590236 -0.0943382 -0.0610597 -0.613338 -0.0610597 -0.0203538 -0.619874 -0.0610597 0.0203521 -0.619874 -0.0610597 0.061058 -0.613338 -0.0610597 0.117325 -0.590236 -0.0610597 0.101764 -0.599008 -0.0610597 0.101764 -0.590236 -0.0943382 -0.171372 -0.54953 -0.0610597 -0.142471 -0.575522 -0.0610597 0.17137 -0.54953 -0.0610597 0.14247 -0.575522 -0.0610597 -0.20182 -0.508825 -0.0610597 -0.183177 -0.536561 -0.0610597 0.201818 -0.508825 -0.0610597 0.183176 -0.536561 -0.0610597 -0.218871 -0.468119 -0.0610597 0.21887 -0.468119 -0.0610597 -0.22612 -0.427413 -0.0610597 -0.223883 -0.441304 -0.0610597 -0.223883 -0.427413 -0.0727708 0.226118 -0.427413 -0.0610597 0.223882 -0.441304 -0.0610597 0.223882 -0.427413 -0.0727708 -0.225137 -0.386707 -0.0610597 -0.223883 -0.381578 -0.0610597 -0.223883 -0.386707 -0.0682953 0.225135 -0.386707 -0.0610597 0.223882 -0.381578 -0.0610597 0.223882 -0.386707 -0.0682953 -0.21709 -0.346001 -0.0610597 0.217088 -0.346001 -0.0610597 -0.202444 -0.305295 -0.0610597 -0.183177 -0.269891 -0.0610597 0.202443 -0.305295 -0.0610597 0.183176 -0.269891 -0.0610597 -0.180723 -0.264589 -0.0610597 0.180721 -0.264589 -0.0610597 -0.153191 -0.223883 -0.0610597 -0.142471 -0.211575 -0.0610597 0.153189 -0.223883 -0.0610597 0.14247 -0.211575 -0.0610597 -0.117968 -0.183177 -0.0610597 -0.101766 -0.16699 -0.0610597 0.117966 -0.183177 -0.0610597 0.101764 -0.16699 -0.0610597 -0.0724659 -0.142471 -0.0610597 -0.0610597 -0.132869 -0.0610597 -0.0203538 -0.112056 -0.0610597 0.0203521 -0.112056 -0.0610597 0.0724642 -0.142471 -0.0610597 0.061058 -0.132869 -0.0610597 -0.0724659 0.14247 -0.0610597 -0.0610597 0.132867 -0.0610597 -0.0203538 0.112054 -0.0610597 0.0203521 0.112054 -0.0610597 0.0724642 0.14247 -0.0610597 0.061058 0.132867 -0.0610597 -0.117968 0.183176 -0.0610597 -0.101766 0.166988 -0.0610597 0.117966 0.183176 -0.0610597 0.101764 0.166988 -0.0610597 -0.153191 0.223882 -0.0610597 -0.142471 0.211573 -0.0610597 0.153189 0.223882 -0.0610597 0.14247 0.211573 -0.0610597 -0.180723 0.264587 -0.0610597 0.180721 0.264587 -0.0610597 -0.202444 0.305293 -0.0610597 -0.183177 0.269889 -0.0610597 0.202443 0.305293 -0.0610597 0.183176 0.269889 -0.0610597 -0.21709 0.345999 -0.0610597 0.217088 0.345999 -0.0610597 -0.225137 0.386705 -0.0610597 -0.223883 0.381576 -0.0610597 -0.223883 0.386705 -0.0682953 0.225135 0.386705 -0.0610597 0.223882 0.381576 -0.0610597 0.223882 0.386705 -0.0682953 -0.22612 0.427411 -0.0610597 -0.223883 0.441302 -0.0610597 -0.223883 0.427411 -0.0727708 0.226118 0.427411 -0.0610597 0.223882 0.441302 -0.0610597 0.223882 0.427411 -0.0727708 -0.218871 0.468117 -0.0610597 0.21887 0.468117 -0.0610597 -0.20182 0.508823 -0.0610597 -0.183177 0.536559 -0.0610597 0.201818 0.508823 -0.0610597 0.183176 0.536559 -0.0610597 -0.171372 0.549529 -0.0610597 -0.142471 0.57552 -0.0610597 0.17137 0.549529 -0.0610597 0.14247 0.57552 -0.0610597 -0.117326 0.590235 -0.0610597 -0.101766 0.599006 -0.0610597 -0.101766 0.590235 -0.0943382 -0.0610597 0.613336 -0.0610597 -0.0203538 0.619872 -0.0610597 0.0203521 0.619872 -0.0610597 0.061058 0.613336 -0.0610597 0.117325 0.590235 -0.0610597 0.101764 0.599006 -0.0610597 0.101764 0.590235 -0.0943382 -0.126603 -0.590236 -0.0203538 -0.101766 -0.604168 -0.0203538 -0.0610597 -0.617971 -0.0203538 -0.0203538 -0.624264 -0.0203538 0.0203521 -0.624264 -0.0203538 0.061058 -0.617971 -0.0203538 0.126602 -0.590236 -0.0203538 0.101764 -0.604168 -0.0203538 -0.177725 -0.54953 -0.0203538 -0.142471 -0.581025 -0.0203538 0.177723 -0.54953 -0.0203538 0.14247 -0.581025 -0.0203538 -0.206786 -0.508825 -0.0203538 -0.183177 -0.543606 -0.0203538 0.206784 -0.508825 -0.0203538 0.183176 -0.543606 -0.0203538 -0.223099 -0.468119 -0.0203538 0.223097 -0.468119 -0.0203538 -0.230022 -0.427413 -0.0203538 -0.223883 -0.464085 -0.0203538 0.23002 -0.427413 -0.0203538 0.223882 -0.464085 -0.0203538 -0.228706 -0.386707 -0.0203538 -0.223883 -0.366411 -0.0203538 0.228704 -0.386707 -0.0203538 0.223882 -0.366411 -0.0203538 -0.220109 -0.346001 -0.0203538 0.220107 -0.346001 -0.0203538 -0.205325 -0.305295 -0.0203538 0.205323 -0.305295 -0.0203538 -0.183368 -0.264589 -0.0203538 -0.183177 -0.264347 -0.0203538 -0.183177 -0.264589 -0.0231968 0.183366 -0.264589 -0.0203538 0.183176 -0.264347 -0.0203538 0.183176 -0.264589 -0.0231968 -0.155779 -0.223883 -0.0203538 -0.142471 -0.208578 -0.0203538 0.155778 -0.223883 -0.0203538 0.14247 -0.208578 -0.0203538 -0.120607 -0.183177 -0.0203538 -0.101766 -0.164306 -0.0203538 0.120605 -0.183177 -0.0203538 0.101764 -0.164306 -0.0203538 -0.0759866 -0.142471 -0.0203538 -0.0610597 -0.129652 -0.0203538 -0.0203538 -0.107162 -0.0203538 0.0203521 -0.107162 -0.0203538 0.0759849 -0.142471 -0.0203538 0.061058 -0.129652 -0.0203538 -0.0759866 0.14247 -0.0203538 -0.0610597 0.129651 -0.0203538 -0.0203538 0.10716 -0.0203538 0.0203521 0.10716 -0.0203538 0.0759849 0.14247 -0.0203538 0.061058 0.129651 -0.0203538 -0.120607 0.183176 -0.0203538 -0.101766 0.164304 -0.0203538 0.120605 0.183176 -0.0203538 0.101764 0.164304 -0.0203538 -0.155779 0.223882 -0.0203538 -0.142471 0.208576 -0.0203538 0.155778 0.223882 -0.0203538 0.14247 0.208576 -0.0203538 -0.183368 0.264587 -0.0203538 -0.183177 0.264345 -0.0203538 -0.183177 0.264587 -0.0231968 0.183366 0.264587 -0.0203538 0.183176 0.264345 -0.0203538 0.183176 0.264587 -0.0231968 -0.205325 0.305293 -0.0203538 0.205323 0.305293 -0.0203538 -0.220109 0.345999 -0.0203538 0.220107 0.345999 -0.0203538 -0.228706 0.386705 -0.0203538 -0.223883 0.36641 -0.0203538 0.228704 0.386705 -0.0203538 0.223882 0.36641 -0.0203538 -0.230022 0.427411 -0.0203538 -0.223883 0.464083 -0.0203538 0.23002 0.427411 -0.0203538 0.223882 0.464083 -0.0203538 -0.223099 0.468117 -0.0203538 0.223097 0.468117 -0.0203538 -0.206786 0.508823 -0.0203538 -0.183177 0.543604 -0.0203538 0.206784 0.508823 -0.0203538 0.183176 0.543604 -0.0203538 -0.177725 0.549529 -0.0203538 -0.142471 0.581023 -0.0203538 0.177723 0.549529 -0.0203538 0.14247 0.581023 -0.0203538 -0.126603 0.590235 -0.0203538 -0.101766 0.604166 -0.0203538 -0.0610597 0.617969 -0.0203538 -0.0203538 0.624262 -0.0203538 0.0203521 0.624262 -0.0203538 0.061058 0.617969 -0.0203538 0.126602 0.590235 -0.0203538 0.101764 0.604166 -0.0203538 -0.126603 -0.590236 0.0203521 -0.101766 -0.604168 0.0203521 -0.0610597 -0.617971 0.0203521 -0.0203538 -0.624264 0.0203521 0.0203521 -0.624264 0.0203521 0.061058 -0.617971 0.0203521 0.126602 -0.590236 0.0203521 0.101764 -0.604168 0.0203521 -0.177725 -0.54953 0.0203521 -0.142471 -0.581025 0.0203521 0.177723 -0.54953 0.0203521 0.14247 -0.581025 0.0203521 -0.206786 -0.508825 0.0203521 -0.183177 -0.543606 0.0203521 0.206784 -0.508825 0.0203521 0.183176 -0.543606 0.0203521 -0.223099 -0.468119 0.0203521 0.223097 -0.468119 0.0203521 -0.230022 -0.427413 0.0203521 -0.223883 -0.464085 0.0203521 0.23002 -0.427413 0.0203521 0.223882 -0.464085 0.0203521 -0.228706 -0.386707 0.0203521 -0.223883 -0.366411 0.0203521 0.228704 -0.386707 0.0203521 0.223882 -0.366411 0.0203521 -0.220109 -0.346001 0.0203521 0.220107 -0.346001 0.0203521 -0.205325 -0.305295 0.0203521 0.205323 -0.305295 0.0203521 -0.183368 -0.264589 0.0203521 -0.183177 -0.264347 0.0203521 -0.183177 -0.264589 0.023195 0.183366 -0.264589 0.0203521 0.183176 -0.264347 0.0203521 0.183176 -0.264589 0.023195 -0.155779 -0.223883 0.0203521 -0.142471 -0.208578 0.0203521 0.155778 -0.223883 0.0203521 0.14247 -0.208578 0.0203521 -0.120607 -0.183177 0.0203521 -0.101766 -0.164306 0.0203521 0.120605 -0.183177 0.0203521 0.101764 -0.164306 0.0203521 -0.0759866 -0.142471 0.0203521 -0.0610597 -0.129652 0.0203521 -0.0203538 -0.107162 0.0203521 0.0203521 -0.107162 0.0203521 0.0759849 -0.142471 0.0203521 0.061058 -0.129652 0.0203521 -0.0759866 0.14247 0.0203521 -0.0610597 0.129651 0.0203521 -0.0203538 0.10716 0.0203521 0.0203521 0.10716 0.0203521 0.0759849 0.14247 0.0203521 0.061058 0.129651 0.0203521 -0.120607 0.183176 0.0203521 -0.101766 0.164304 0.0203521 0.120605 0.183176 0.0203521 0.101764 0.164304 0.0203521 -0.155779 0.223882 0.0203521 -0.142471 0.208576 0.0203521 0.155778 0.223882 0.0203521 0.14247 0.208576 0.0203521 -0.183368 0.264587 0.0203521 -0.183177 0.264345 0.0203521 -0.183177 0.264587 0.023195 0.183366 0.264587 0.0203521 0.183176 0.264345 0.0203521 0.183176 0.264587 0.023195 -0.205325 0.305293 0.0203521 0.205323 0.305293 0.0203521 -0.220109 0.345999 0.0203521 0.220107 0.345999 0.0203521 -0.228706 0.386705 0.0203521 -0.223883 0.36641 0.0203521 0.228704 0.386705 0.0203521 0.223882 0.36641 0.0203521 -0.230022 0.427411 0.0203521 -0.223883 0.464083 0.0203521 0.23002 0.427411 0.0203521 0.223882 0.464083 0.0203521 -0.223099 0.468117 0.0203521 0.223097 0.468117 0.0203521 -0.206786 0.508823 0.0203521 -0.183177 0.543604 0.0203521 0.206784 0.508823 0.0203521 0.183176 0.543604 0.0203521 -0.177725 0.549529 0.0203521 -0.142471 0.581023 0.0203521 0.177723 0.549529 0.0203521 0.14247 0.581023 0.0203521 -0.126603 0.590235 0.0203521 -0.101766 0.604166 0.0203521 -0.0610597 0.617969 0.0203521 -0.0203538 0.624262 0.0203521 0.0203521 0.624262 0.0203521 0.061058 0.617969 0.0203521 0.126602 0.590235 0.0203521 0.101764 0.604166 0.0203521 -0.117326 -0.590236 0.061058 -0.101766 -0.599008 0.061058 -0.101766 -0.590236 0.0943365 -0.0610597 -0.613338 0.061058 -0.0203538 -0.619874 0.061058 0.0203521 -0.619874 0.061058 0.061058 -0.613338 0.061058 0.117325 -0.590236 0.061058 0.101764 -0.599008 0.061058 0.101764 -0.590236 0.0943365 -0.171372 -0.54953 0.061058 -0.142471 -0.575522 0.061058 0.17137 -0.54953 0.061058 0.14247 -0.575522 0.061058 -0.20182 -0.508825 0.061058 -0.183177 -0.536561 0.061058 0.201818 -0.508825 0.061058 0.183176 -0.536561 0.061058 -0.218871 -0.468119 0.061058 0.21887 -0.468119 0.061058 -0.22612 -0.427413 0.061058 -0.223883 -0.441304 0.061058 -0.223883 -0.427413 0.0727691 0.226118 -0.427413 0.061058 0.223882 -0.441304 0.061058 0.223882 -0.427413 0.0727691 -0.225137 -0.386707 0.061058 -0.223883 -0.381578 0.061058 -0.223883 -0.386707 0.0682936 0.225135 -0.386707 0.061058 0.223882 -0.381578 0.061058 0.223882 -0.386707 0.0682936 -0.21709 -0.346001 0.061058 0.217088 -0.346001 0.061058 -0.202444 -0.305295 0.061058 -0.183177 -0.269891 0.061058 0.202443 -0.305295 0.061058 0.183176 -0.269891 0.061058 -0.180723 -0.264589 0.061058 0.180721 -0.264589 0.061058 -0.153191 -0.223883 0.061058 -0.142471 -0.211575 0.061058 0.153189 -0.223883 0.061058 0.14247 -0.211575 0.061058 -0.117968 -0.183177 0.061058 -0.101766 -0.16699 0.061058 0.117966 -0.183177 0.061058 0.101764 -0.16699 0.061058 -0.0724659 -0.142471 0.061058 -0.0610597 -0.132869 0.061058 -0.0203538 -0.112056 0.061058 0.0203521 -0.112056 0.061058 0.0724642 -0.142471 0.061058 0.061058 -0.132869 0.061058 -0.0724659 0.14247 0.061058 -0.0610597 0.132867 0.061058 -0.0203538 0.112054 0.061058 0.0203521 0.112054 0.061058 0.0724642 0.14247 0.061058 0.061058 0.132867 0.061058 -0.117968 0.183176 0.061058 -0.101766 0.166988 0.061058 0.117966 0.183176 0.061058 0.101764 0.166988 0.061058 -0.153191 0.223882 0.061058 -0.142471 0.211573 0.061058 0.153189 0.223882 0.061058 0.14247 0.211573 0.061058 -0.180723 0.264587 0.061058 0.180721 0.264587 0.061058 -0.202444 0.305293 0.061058 -0.183177 0.269889 0.061058 0.202443 0.305293 0.061058 0.183176 0.269889 0.061058 -0.21709 0.345999 0.061058 0.217088 0.345999 0.061058 -0.225137 0.386705 0.061058 -0.223883 0.381576 0.061058 -0.223883 0.386705 0.0682936 0.225135 0.386705 0.061058 0.223882 0.381576 0.061058 0.223882 0.386705 0.0682936 -0.22612 0.427411 0.061058 -0.223883 0.441302 0.061058 -0.223883 0.427411 0.0727691 0.226118 0.427411 0.061058 0.223882 0.441302 0.061058 0.223882 0.427411 0.0727691 -0.218871 0.468117 0.061058 0.21887 0.468117 0.061058 -0.20182 0.508823 0.061058 -0.183177 0.536559 0.061058 0.201818 0.508823 0.061058 0.183176 0.536559 0.061058 -0.171372 0.549529 0.061058 -0.142471 0.57552 0.061058 0.17137 0.549529 0.061058 0.14247 0.57552 0.061058 -0.117326 0.590235 0.061058 -0.101766 0.599006 0.061058 -0.101766 0.590235 0.0943365 -0.0610597 0.613336 0.061058 -0.0203538 0.619872 0.061058 0.0203521 0.619872 0.061058 0.061058 0.613336 0.061058 0.117325 0.590235 0.061058 0.101764 0.599006 0.061058 0.101764 0.590235 0.0943365 -0.0967054 -0.590236 0.101764 -0.0610597 -0.603587 0.101764 -0.0610597 -0.590236 0.136428 -0.0203538 -0.61063 0.101764 0.0203521 -0.61063 0.101764 0.0967038 -0.590236 0.101764 0.061058 -0.603587 0.101764 0.061058 -0.590236 0.136428 -0.158192 -0.54953 0.101764 -0.142471 -0.563859 0.101764 -0.142471 -0.54953 0.132833 -0.101766 -0.58839 0.101764 0.101764 -0.58839 0.101764 0.15819 -0.54953 0.101764 0.14247 -0.563859 0.101764 0.14247 -0.54953 0.132833 -0.191508 -0.508825 0.101764 -0.183177 -0.521468 0.101764 -0.183177 -0.508825 0.123208 0.191507 -0.508825 0.101764 0.183176 -0.521468 0.101764 0.183176 -0.508825 0.123208 -0.210064 -0.468119 0.101764 0.210063 -0.468119 0.101764 -0.218323 -0.427413 0.101764 0.218321 -0.427413 0.101764 -0.218179 -0.386707 0.101764 0.218177 -0.386707 0.101764 -0.21076 -0.346001 0.101764 0.210758 -0.346001 0.101764 -0.196404 -0.305295 0.101764 -0.183177 -0.281454 0.101764 0.196402 -0.305295 0.101764 0.183176 -0.281454 0.101764 -0.175172 -0.264589 0.101764 0.175171 -0.264589 0.101764 -0.147725 -0.223883 0.101764 -0.142471 -0.217873 0.101764 -0.142471 -0.223883 0.126812 0.147723 -0.223883 0.101764 0.14247 -0.217873 0.101764 0.14247 -0.223883 0.126812 -0.112379 -0.183177 0.101764 -0.101766 -0.172606 0.101764 0.112378 -0.183177 0.101764 0.101764 -0.172606 0.101764 -0.0652912 -0.142471 0.101764 -0.0610597 -0.138979 0.101764 -0.0610597 -0.142471 0.117966 -0.0203538 -0.119576 0.101764 0.0203521 -0.119576 0.101764 0.0652895 -0.142471 0.101764 0.061058 -0.138979 0.101764 0.061058 -0.142471 0.117966 -0.0652912 0.14247 0.101764 -0.0610597 0.138978 0.101764 -0.0610597 0.14247 0.117966 -0.0203538 0.119574 0.101764 0.0203521 0.119574 0.101764 0.0652895 0.14247 0.101764 0.061058 0.138978 0.101764 0.061058 0.14247 0.117966 -0.112379 0.183176 0.101764 -0.101766 0.172604 0.101764 0.112378 0.183176 0.101764 0.101764 0.172604 0.101764 -0.147725 0.223882 0.101764 -0.142471 0.217871 0.101764 -0.142471 0.223882 0.126812 0.147723 0.223882 0.101764 0.14247 0.217871 0.101764 0.14247 0.223882 0.126812 -0.175172 0.264587 0.101764 0.175171 0.264587 0.101764 -0.196404 0.305293 0.101764 -0.183177 0.281452 0.101764 0.196402 0.305293 0.101764 0.183176 0.281452 0.101764 -0.21076 0.345999 0.101764 0.210758 0.345999 0.101764 -0.218179 0.386705 0.101764 0.218177 0.386705 0.101764 -0.218323 0.427411 0.101764 0.218321 0.427411 0.101764 -0.210064 0.468117 0.101764 0.210063 0.468117 0.101764 -0.191508 0.508823 0.101764 -0.183177 0.521466 0.101764 -0.183177 0.508823 0.123208 0.191507 0.508823 0.101764 0.183176 0.521466 0.101764 0.183176 0.508823 0.123208 -0.158192 0.549529 0.101764 -0.142471 0.563857 0.101764 -0.142471 0.549529 0.132833 -0.101766 0.588388 0.101764 0.101764 0.588388 0.101764 0.15819 0.549529 0.101764 0.14247 0.563857 0.101764 0.14247 0.549529 0.132833 -0.0967054 0.590235 0.101764 -0.0610597 0.603586 0.101764 -0.0610597 0.590235 0.136428 -0.0203538 0.610628 0.101764 0.0203521 0.610628 0.101764 0.0967038 0.590235 0.101764 0.061058 0.603586 0.101764 0.061058 0.590235 0.136428 -0.0482849 -0.590236 0.14247 -0.0203538 -0.59555 0.14247 -0.0203538 -0.590236 0.152952 0.0482832 -0.590236 0.14247 0.0203521 -0.59555 0.14247 0.0203521 -0.590236 0.152952 -0.136223 -0.54953 0.14247 -0.101766 -0.572529 0.14247 -0.101766 -0.54953 0.181502 -0.0610597 -0.587985 0.14247 0.061058 -0.587985 0.14247 0.136221 -0.54953 0.14247 0.101764 -0.572529 0.14247 0.101764 -0.54953 0.181502 -0.174553 -0.508825 0.14247 -0.142471 -0.544859 0.14247 0.174552 -0.508825 0.14247 0.14247 -0.544859 0.14247 -0.195952 -0.468119 0.14247 -0.183177 -0.495011 0.14247 -0.183177 -0.468119 0.168808 0.19595 -0.468119 0.14247 0.183176 -0.495011 0.14247 0.183176 -0.468119 0.168808 -0.205975 -0.427413 0.14247 0.205973 -0.427413 0.14247 -0.2071 -0.386707 0.14247 0.207098 -0.386707 0.14247 -0.200512 -0.346001 0.14247 0.20051 -0.346001 0.14247 -0.186616 -0.305295 0.14247 -0.183177 -0.299269 0.14247 -0.183177 -0.305295 0.153215 0.186615 -0.305295 0.14247 0.183176 -0.299269 0.14247 0.183176 -0.305295 0.153215 -0.166095 -0.264589 0.14247 -0.142471 -0.22975 0.14247 0.166093 -0.264589 0.14247 0.14247 -0.22975 0.14247 -0.138588 -0.223883 0.14247 0.138587 -0.223883 0.14247 -0.103155 -0.183177 0.14247 -0.101766 -0.181797 0.14247 -0.101766 -0.183177 0.14713 -0.0610597 -0.148595 0.14247 0.061058 -0.148595 0.14247 0.103154 -0.183177 0.14247 0.101764 -0.181797 0.14247 0.101764 -0.183177 0.14713 -0.0480866 -0.142471 0.14247 -0.0203538 -0.129642 0.14247 -0.0203538 -0.142471 0.179378 0.0480849 -0.142471 0.14247 0.0203521 -0.129642 0.14247 0.0203521 -0.142471 0.179378 -0.0480866 0.14247 0.14247 -0.0203538 0.12964 0.14247 -0.0203538 0.14247 0.179378 0.0480849 0.14247 0.14247 0.0203521 0.12964 0.14247 0.0203521 0.14247 0.179378 -0.103155 0.183176 0.14247 -0.101766 0.181796 0.14247 -0.101766 0.183176 0.14713 -0.0610597 0.148593 0.14247 0.061058 0.148593 0.14247 0.103154 0.183176 0.14247 0.101764 0.181796 0.14247 0.101764 0.183176 0.14713 -0.138588 0.223882 0.14247 0.138587 0.223882 0.14247 -0.166095 0.264587 0.14247 -0.142471 0.229748 0.14247 0.166093 0.264587 0.14247 0.14247 0.229748 0.14247 -0.186616 0.305293 0.14247 -0.183177 0.299267 0.14247 -0.183177 0.305293 0.153215 0.186615 0.305293 0.14247 0.183176 0.299267 0.14247 0.183176 0.305293 0.153215 -0.200512 0.345999 0.14247 0.20051 0.345999 0.14247 -0.2071 0.386705 0.14247 0.207098 0.386705 0.14247 -0.205975 0.427411 0.14247 0.205973 0.427411 0.14247 -0.195952 0.468117 0.14247 -0.183177 0.49501 0.14247 -0.183177 0.468117 0.168808 0.19595 0.468117 0.14247 0.183176 0.49501 0.14247 0.183176 0.468117 0.168808 -0.174553 0.508823 0.14247 -0.142471 0.544858 0.14247 0.174552 0.508823 0.14247 0.14247 0.544858 0.14247 -0.136223 0.549529 0.14247 -0.101766 0.572527 0.14247 -0.101766 0.549529 0.181502 -0.0610597 0.587983 0.14247 0.061058 0.587983 0.14247 0.136221 0.549529 0.14247 0.101764 0.572527 0.14247 0.101764 0.549529 0.181502 -0.0482849 0.590235 0.14247 -0.0203538 0.595548 0.14247 -0.0203538 0.590235 0.152952 0.0482832 0.590235 0.14247 0.0203521 0.595548 0.14247 0.0203521 0.590235 0.152952 -0.0995037 -0.54953 0.183176 -0.0610597 -0.566694 0.183176 -0.0610597 -0.54953 0.207018 -0.0203538 -0.574903 0.183176 -0.0203538 -0.54953 0.218879 0.0203521 -0.574903 0.183176 0.0203521 -0.54953 0.218879 0.099502 -0.54953 0.183176 0.061058 -0.566694 0.183176 0.061058 -0.54953 0.207018 -0.149115 -0.508825 0.183176 -0.142471 -0.516557 0.183176 -0.142471 -0.508825 0.191652 -0.101766 -0.548477 0.183176 0.101764 -0.548477 0.183176 0.149113 -0.508825 0.183176 0.14247 -0.516557 0.183176 0.14247 -0.508825 0.191652 -0.174979 -0.468119 0.183176 0.174977 -0.468119 0.183176 -0.187868 -0.427413 0.183176 -0.183177 -0.444554 0.183176 -0.183177 -0.427413 0.191616 0.187867 -0.427413 0.183176 0.183176 -0.444554 0.183176 0.183176 -0.427413 0.191616 -0.190776 -0.386707 0.183176 -0.183177 -0.386707 0.198015 0.190774 -0.386707 0.183176 0.183176 -0.386707 0.198015 -0.185368 -0.346001 0.183176 -0.183177 -0.339892 0.183176 -0.183177 -0.346001 0.187979 0.185367 -0.346001 0.183176 0.183176 -0.339892 0.183176 0.183176 -0.346001 0.187979 -0.172446 -0.305295 0.183176 0.172444 -0.305295 0.183176 -0.152493 -0.264589 0.183176 -0.142471 -0.250222 0.183176 -0.142471 -0.264589 0.20585 0.152491 -0.264589 0.183176 0.14247 -0.250222 0.183176 0.14247 -0.264589 0.20585 -0.124395 -0.223883 0.183176 -0.101766 -0.198256 0.183176 0.124393 -0.223883 0.183176 0.101764 -0.198256 0.183176 -0.0859046 -0.183177 0.183176 -0.0610597 -0.163081 0.183176 -0.0610597 -0.183177 0.222404 -0.0203538 -0.144076 0.183176 0.0203521 -0.144076 0.183176 0.0859029 -0.183177 0.183176 0.061058 -0.163081 0.183176 0.061058 -0.183177 0.222404 -0.0859046 0.183176 0.183176 -0.0610597 0.163079 0.183176 -0.0610597 0.183176 0.222404 -0.0203538 0.144074 0.183176 0.0203521 0.144074 0.183176 0.0859029 0.183176 0.183176 0.061058 0.163079 0.183176 0.061058 0.183176 0.222404 -0.124395 0.223882 0.183176 -0.101766 0.198254 0.183176 0.124393 0.223882 0.183176 0.101764 0.198254 0.183176 -0.152493 0.264587 0.183176 -0.142471 0.25022 0.183176 -0.142471 0.264587 0.20585 0.152491 0.264587 0.183176 0.14247 0.25022 0.183176 0.14247 0.264587 0.20585 -0.172446 0.305293 0.183176 0.172444 0.305293 0.183176 -0.185368 0.345999 0.183176 -0.183177 0.33989 0.183176 -0.183177 0.345999 0.187979 0.185367 0.345999 0.183176 0.183176 0.33989 0.183176 0.183176 0.345999 0.187979 -0.190776 0.386705 0.183176 -0.183177 0.386705 0.198015 0.190774 0.386705 0.183176 0.183176 0.386705 0.198015 -0.187868 0.427411 0.183176 -0.183177 0.444552 0.183176 -0.183177 0.427411 0.191616 0.187867 0.427411 0.183176 0.183176 0.444552 0.183176 0.183176 0.427411 0.191616 -0.174979 0.468117 0.183176 0.174977 0.468117 0.183176 -0.149115 0.508823 0.183176 -0.142471 0.516555 0.183176 -0.142471 0.508823 0.191652 -0.101766 0.548475 0.183176 0.101764 0.548475 0.183176 0.149113 0.508823 0.183176 0.14247 0.516555 0.183176 0.14247 0.508823 0.191652 -0.0995037 0.549529 0.183176 -0.0610597 0.566693 0.183176 -0.0610597 0.549529 0.207018 -0.0203538 0.574902 0.183176 -0.0203538 0.549529 0.218879 0.0203521 0.574902 0.183176 0.0203521 0.549529 0.218879 0.099502 0.549529 0.183176 0.061058 0.566693 0.183176 0.061058 0.549529 0.207018 -0.108449 -0.508825 0.223882 -0.101766 -0.514515 0.223882 -0.101766 -0.508825 0.229322 -0.0610597 -0.536168 0.223882 -0.0610597 -0.508825 0.251067 -0.0203538 -0.545651 0.223882 -0.0203538 -0.508825 0.26117 0.0203521 -0.545651 0.223882 0.0203521 -0.508825 0.26117 0.061058 -0.536168 0.223882 0.061058 -0.508825 0.251067 0.108447 -0.508825 0.223882 0.101764 -0.514515 0.223882 0.101764 -0.508825 0.229322 -0.144624 -0.468119 0.223882 -0.142471 -0.471552 0.223882 -0.142471 -0.468119 0.22633 -0.101766 -0.468119 0.260487 0.101764 -0.468119 0.260487 0.144622 -0.468119 0.223882 0.14247 -0.471552 0.223882 0.14247 -0.468119 0.22633 -0.161609 -0.427413 0.223882 -0.142471 -0.427413 0.246879 0.161608 -0.427413 0.223882 0.14247 -0.427413 0.246879 -0.167383 -0.386707 0.223882 -0.142471 -0.386707 0.256021 0.167381 -0.386707 0.223882 0.14247 -0.386707 0.256021 -0.163863 -0.346001 0.223882 -0.142471 -0.346001 0.254241 0.163861 -0.346001 0.223882 0.14247 -0.346001 0.254241 -0.1522 -0.305295 0.223882 -0.142471 -0.285814 0.223882 -0.142471 -0.305295 0.239664 0.152199 -0.305295 0.223882 0.14247 -0.285814 0.223882 0.14247 -0.305295 0.239664 -0.132086 -0.264589 0.223882 -0.101766 -0.264589 0.264543 0.132085 -0.264589 0.223882 0.101764 -0.264589 0.264543 -0.103658 -0.223883 0.223882 -0.101766 -0.221791 0.223882 -0.101766 -0.223883 0.227077 -0.0610597 -0.184298 0.223882 0.061058 -0.184298 0.223882 0.103657 -0.223883 0.223882 0.101764 -0.221791 0.223882 0.101764 -0.223883 0.227077 -0.0589934 -0.183177 0.223882 -0.0203538 -0.165749 0.223882 -0.0203538 -0.183177 0.249219 0.0589917 -0.183177 0.223882 0.0203521 -0.165749 0.223882 0.0203521 -0.183177 0.249219 -0.0589934 0.183176 0.223882 -0.0203538 0.165747 0.223882 -0.0203538 0.183176 0.249219 0.0589917 0.183176 0.223882 0.0203521 0.165747 0.223882 0.0203521 0.183176 0.249219 -0.103658 0.223882 0.223882 -0.101766 0.221789 0.223882 -0.101766 0.223882 0.227077 -0.0610597 0.184296 0.223882 0.061058 0.184296 0.223882 0.103657 0.223882 0.223882 0.101764 0.221789 0.223882 0.101764 0.223882 0.227077 -0.132086 0.264587 0.223882 -0.101766 0.264587 0.264543 0.132085 0.264587 0.223882 0.101764 0.264587 0.264543 -0.1522 0.305293 0.223882 -0.142471 0.285812 0.223882 -0.142471 0.305293 0.239664 0.152199 0.305293 0.223882 0.14247 0.285812 0.223882 0.14247 0.305293 0.239664 -0.163863 0.345999 0.223882 -0.142471 0.345999 0.254241 0.163861 0.345999 0.223882 0.14247 0.345999 0.254241 -0.167383 0.386705 0.223882 -0.142471 0.386705 0.256021 0.167381 0.386705 0.223882 0.14247 0.386705 0.256021 -0.161609 0.427411 0.223882 -0.142471 0.427411 0.246879 0.161608 0.427411 0.223882 0.14247 0.427411 0.246879 -0.144624 0.468117 0.223882 -0.142471 0.471551 0.223882 -0.142471 0.468117 0.22633 -0.101766 0.468117 0.260487 0.101764 0.468117 0.260487 0.144622 0.468117 0.223882 0.14247 0.471551 0.223882 0.14247 0.468117 0.22633 -0.108449 0.508823 0.223882 -0.101766 0.514513 0.223882 -0.101766 0.508823 0.229322 -0.0610597 0.536166 0.223882 -0.0610597 0.508823 0.251067 -0.0203538 0.545649 0.223882 -0.0203538 0.508823 0.26117 0.0203521 0.545649 0.223882 0.0203521 0.508823 0.26117 0.061058 0.536166 0.223882 0.061058 0.508823 0.251067 0.108447 0.508823 0.223882 0.101764 0.514513 0.223882 0.101764 0.508823 0.229322 -0.0939367 -0.468119 0.264587 -0.0610597 -0.491893 0.264587 -0.0610597 -0.468119 0.280978 -0.0203538 -0.504678 0.264587 -0.0203538 -0.468119 0.290509 0.0203521 -0.504678 0.264587 0.0203521 -0.468119 0.290509 0.093935 -0.468119 0.264587 0.061058 -0.491893 0.264587 0.061058 -0.468119 0.280978 -0.122138 -0.427413 0.264587 -0.101766 -0.460487 0.264587 -0.101766 -0.427413 0.280612 -0.0610597 -0.427413 0.300396 0.061058 -0.427413 0.300396 0.122136 -0.427413 0.264587 0.101764 -0.460487 0.264587 0.101764 -0.427413 0.280612 -0.133327 -0.386707 0.264587 -0.101766 -0.386707 0.291118 0.133325 -0.386707 0.264587 0.101764 -0.386707 0.291118 -0.132469 -0.346001 0.264587 -0.101766 -0.346001 0.292719 0.132468 -0.346001 0.264587 0.101764 -0.346001 0.292719 -0.121522 -0.305295 0.264587 -0.101766 -0.264685 0.264587 -0.101766 -0.305295 0.2849 0.12152 -0.305295 0.264587 0.101764 -0.264685 0.264587 0.101764 -0.305295 0.2849 -0.101711 -0.264589 0.264587 -0.0610597 -0.264589 0.295869 0.10171 -0.264589 0.264587 0.061058 -0.264589 0.295869 -0.0659552 -0.223883 0.264587 -0.0610597 -0.219575 0.264587 -0.0610597 -0.223883 0.269165 -0.0203538 -0.19909 0.264587 -0.0203538 -0.223883 0.287345 0.0203521 -0.19909 0.264587 0.0203521 -0.223883 0.287345 0.0659536 -0.223883 0.264587 0.061058 -0.219575 0.264587 0.061058 -0.223883 0.269165 -0.0659552 0.223882 0.264587 -0.0610597 0.219574 0.264587 -0.0610597 0.223882 0.269165 -0.0203538 0.199088 0.264587 -0.0203538 0.223882 0.287345 0.0203521 0.199088 0.264587 0.0203521 0.223882 0.287345 0.0659536 0.223882 0.264587 0.061058 0.219574 0.264587 0.061058 0.223882 0.269165 -0.101711 0.264587 0.264587 -0.0610597 0.264587 0.295869 0.10171 0.264587 0.264587 0.061058 0.264587 0.295869 -0.121522 0.305293 0.264587 -0.101766 0.264683 0.264587 -0.101766 0.305293 0.2849 0.12152 0.305293 0.264587 0.101764 0.264683 0.264587 0.101764 0.305293 0.2849 -0.132469 0.345999 0.264587 -0.101766 0.345999 0.292719 0.132468 0.345999 0.264587 0.101764 0.345999 0.292719 -0.133327 0.386705 0.264587 -0.101766 0.386705 0.291118 0.133325 0.386705 0.264587 0.101764 0.386705 0.291118 -0.122138 0.427411 0.264587 -0.101766 0.460486 0.264587 -0.101766 0.427411 0.280612 -0.0610597 0.427411 0.300396 0.061058 0.427411 0.300396 0.122136 0.427411 0.264587 0.101764 0.460486 0.264587 0.101764 0.427411 0.280612 -0.0939367 0.468117 0.264587 -0.0610597 0.491891 0.264587 -0.0610597 0.468117 0.280978 -0.0203538 0.504676 0.264587 -0.0203538 0.468117 0.290509 0.0203521 0.504676 0.264587 0.0203521 0.468117 0.290509 0.093935 0.468117 0.264587 0.061058 0.491891 0.264587 0.061058 0.468117 0.280978 -0.0394495 -0.427413 0.305293 -0.0203538 -0.437441 0.305293 -0.0203538 -0.427413 0.309852 0.0394477 -0.427413 0.305293 0.0203521 -0.437441 0.305293 0.0203521 -0.427413 0.309852 -0.0736259 -0.386707 0.305293 -0.0610597 -0.409792 0.305293 -0.0610597 -0.386707 0.311641 -0.0203538 -0.386707 0.321667 0.0203521 -0.386707 0.321667 0.0736241 -0.386707 0.305293 0.061058 -0.409792 0.305293 0.061058 -0.386707 0.311641 -0.0788034 -0.346001 0.305293 -0.0610597 -0.346001 0.315037 -0.0203538 -0.346001 0.325684 0.0203521 -0.346001 0.325684 0.0788017 -0.346001 0.305293 0.061058 -0.346001 0.315037 -0.0685508 -0.305295 0.305293 -0.0610597 -0.293142 0.305293 -0.0610597 -0.305295 0.309878 -0.0203538 -0.305295 0.32203 0.0203521 -0.305295 0.32203 0.068549 -0.305295 0.305293 0.061058 -0.293142 0.305293 0.061058 -0.305295 0.309878 -0.0320424 -0.264589 0.305293 -0.0203538 -0.257531 0.305293 -0.0203538 -0.264589 0.309401 0.0320407 -0.264589 0.305293 0.0203521 -0.257531 0.305293 0.0203521 -0.264589 0.309401 -0.0320424 0.264587 0.305293 -0.0203538 0.25753 0.305293 -0.0203538 0.264587 0.309401 0.0320407 0.264587 0.305293 0.0203521 0.25753 0.305293 0.0203521 0.264587 0.309401 -0.0685508 0.305293 0.305293 -0.0610597 0.29314 0.305293 -0.0610597 0.305293 0.309878 -0.0203538 0.305293 0.32203 0.0203521 0.305293 0.32203 0.068549 0.305293 0.305293 0.061058 0.29314 0.305293 0.061058 0.305293 0.309878 -0.0788034 0.345999 0.305293 -0.0610597 0.345999 0.315037 -0.0203538 0.345999 0.325684 0.0203521 0.345999 0.325684 0.0788017 0.345999 0.305293 0.061058 0.345999 0.315037 -0.0736259 0.386705 0.305293 -0.0610597 0.40979 0.305293 -0.0610597 0.386705 0.311641 -0.0203538 0.386705 0.321667 0.0203521 0.386705 0.321667 0.0736241 0.386705 0.305293 0.061058 0.40979 0.305293 0.061058 0.386705 0.311641 -0.0394495 0.427411 0.305293 -0.0203538 0.43744 0.305293 -0.0203538 0.427411 0.309852 0.0394477 0.427411 0.305293 0.0203521 0.43744 0.305293 0.0203521 0.427411 0.309852"/>
     <Normal vector="-0.200966 -0.336181 -0.920106 -0.103166 -0.378699 -0.919752 -0.104625 -0.343463 -0.93332 0.200966 -0.336181 -0.920106 0.103166 -0.378699 -0.919752 0.104625 -0.343463 -0.93332 -0.397702 -0.1433 -0.906255 -0.322657 -0.247464 -0.913594 -0.33416 -0.155461 -0.929607 -0.112873 -0.176887 -0.977738 0.112873 -0.176887 -0.977738 0.397702 -0.1433 -0.906255 0.322657 -0.247464 -0.913594 0.33416 -0.155461 -0.929607 -0.453823 0.0434122 -0.890034 -0.359581 0.0238789 -0.932808 -0.122195 0.00127308 -0.992505 0.122195 0.00127308 -0.992505 0.453823 0.0434122 -0.890034 0.359581 0.0238789 -0.932808 -0.428636 0.218378 -0.876688 -0.398547 0.267697 -0.877211 -0.387434 0.209723 -0.897726 -0.13315 0.1876 -0.973179 0.13315 0.1876 -0.973179 0.428636 0.218378 -0.876688 0.398547 0.267697 -0.877211 0.387434 0.209723 -0.897726 -0.225566 0.386508 -0.894277 -0.149174 0.411967 -0.898905 -0.145999 0.378516 -0.914008 0.225566 0.386508 -0.894277 0.149174 0.411967 -0.898905 0.145999 0.378516 -0.914008 -0.225566 -0.386508 -0.894277 -0.149174 -0.411967 -0.898905 -0.145999 -0.378516 -0.914008 0.225566 -0.386508 -0.894277 0.149174 -0.411967 -0.898905 0.145999 -0.378516 -0.914008 -0.428636 -0.218378 -0.876688 -0.398547 -0.267697 -0.877211 -0.387434 -0.209723 -0.897726 -0.13315 -0.1876 -0.973179 0.13315 -0.1876 -0.973179 0.428636 -0.218378 -0.876688 0.398547 -0.267697 -0.877211 0.387434 -0.209723 -0.897726 -0.453823 -0.0434122 -0.890034 -0.359581 -0.0238789 -0.932808 -0.122195 -0.00127308 -0.992505 0.122195 -0.00127308 -0.992505 0.453823 -0.0434122 -0.890034 0.359581 -0.0238789 -0.932808 -0.397702 0.1433 -0.906255 -0.322657 0.247464 -0.913594 -0.33416 0.155461 -0.929607 -0.112873 0.176887 -0.977738 0.112873 0.176887 -0.977738 0.397702 0.1433 -0.906255 0.322657 0.247464 -0.913594 0.33416 0.155461 -0.929607 -0.200966 0.336181 -0.920106 -0.103166 0.378699 -0.919752 -0.104625 0.343463 -0.93332 0.200966 0.336181 -0.920106 0.103166 0.378699 -0.919752 0.104625 0.343463 -0.93332 -0.444288 -0.462204 -0.767447 -0.282605 -0.56855 -0.772584 -0.292369 -0.487573 -0.822674 -0.0922417 -0.629597 -0.771427 -0.0978757 -0.502549 -0.858991 0.0922417 -0.629597 -0.771427 0.0978757 -0.502549 -0.858991 0.444288 -0.462204 -0.767447 0.282605 -0.56855 -0.772584 0.292369 -0.487573 -0.822674 -0.60364 -0.265142 -0.751877 -0.488626 -0.421023 -0.764188 -0.512688 -0.291405 -0.80761 -0.311855 -0.326125 -0.892406 0.311855 -0.326125 -0.892406 0.60364 -0.265142 -0.751877 0.488626 -0.421023 -0.764188 0.512688 -0.291405 -0.80761 -0.688231 -0.0684917 -0.722252 -0.544626 -0.115739 -0.830654 0.688231 -0.0684917 -0.722252 0.544626 -0.115739 -0.830654 -0.71533 0.114745 -0.689301 -0.577789 0.0669671 -0.813434 0.71533 0.114745 -0.689301 0.577789 0.0669671 -0.813434 -0.69606 0.280203 -0.66105 -0.641513 0.426038 -0.637929 -0.611664 0.25068 -0.750351 0.69606 0.280203 -0.66105 0.641513 0.426038 -0.637929 0.611664 0.25068 -0.750351 -0.641283 0.426386 -0.637928 -0.420719 0.395465 -0.816457 0.641283 0.426386 -0.637928 0.420719 0.395465 -0.816457 -0.484298 0.5756 -0.658893 -0.461971 0.588879 -0.663177 -0.456711 0.572303 -0.68109 -0.176982 0.680486 -0.711067 -0.163318 0.570126 -0.805161 0.176982 0.680486 -0.711067 0.163318 0.570126 -0.805161 0.484298 0.5756 -0.658893 0.461971 0.588879 -0.663177 0.456711 0.572303 -0.68109 -0.484298 -0.5756 -0.658893 -0.461971 -0.588879 -0.663178 -0.456711 -0.572303 -0.68109 -0.176982 -0.680486 -0.711067 -0.163318 -0.570126 -0.805161 0.176982 -0.680486 -0.711067 0.163318 -0.570126 -0.805161 0.484298 -0.5756 -0.658893 0.461971 -0.588879 -0.663178 0.456711 -0.572303 -0.68109 -0.641283 -0.426386 -0.637928 -0.420719 -0.395465 -0.816457 0.641283 -0.426386 -0.637928 0.420719 -0.395465 -0.816457 -0.69606 -0.280203 -0.66105 -0.641513 -0.426038 -0.637929 -0.611664 -0.25068 -0.750351 0.69606 -0.280203 -0.66105 0.641513 -0.426038 -0.637929 0.611664 -0.25068 -0.750351 -0.71533 -0.114745 -0.689301 -0.577789 -0.0669671 -0.813434 0.71533 -0.114745 -0.689301 0.577789 -0.0669671 -0.813434 -0.688231 0.0684917 -0.722252 -0.544626 0.115739 -0.830654 0.688231 0.0684917 -0.722252 0.544626 0.115739 -0.830654 -0.60364 0.265142 -0.751877 -0.488626 0.421023 -0.764188 -0.512688 0.291405 -0.80761 -0.311855 0.326125 -0.892406 0.311855 0.326125 -0.892406 0.60364 0.265142 -0.751877 0.488626 0.421023 -0.764188 0.512688 0.291405 -0.80761 -0.444288 0.462204 -0.767447 -0.282605 0.568549 -0.772584 -0.292369 0.487573 -0.822674 -0.0922416 0.629597 -0.771427 -0.0978757 0.502549 -0.858991 0.0922416 0.629597 -0.771427 0.0978757 0.502549 -0.858991 0.444288 0.462204 -0.767447 0.282605 0.568549 -0.772584 0.292369 0.487573 -0.822674 -0.481187 -0.603482 -0.635821 -0.450939 -0.626141 -0.636083 -0.453906 -0.60886 -0.650583 -0.26409 -0.722723 -0.638693 -0.274255 -0.635671 -0.7216 -0.0865984 -0.766215 -0.636723 -0.0914878 -0.646415 -0.757481 0.0865984 -0.766215 -0.636723 0.0914878 -0.646415 -0.757481 0.26409 -0.722723 -0.638693 0.274255 -0.635671 -0.7216 0.481187 -0.603482 -0.635821 0.450939 -0.626141 -0.636083 0.453906 -0.60886 -0.650583 -0.670943 -0.404201 -0.621656 -0.660499 -0.419046 -0.62301 -0.662696 -0.40714 -0.628547 -0.481797 -0.455304 -0.748712 0.481797 -0.455304 -0.748712 0.670943 -0.404201 -0.621656 0.660499 -0.419046 -0.62301 0.662696 -0.40714 -0.628547 -0.773516 -0.203464 -0.600229 -0.698583 -0.235894 -0.675526 0.773517 -0.203464 -0.600229 0.698583 -0.235894 -0.675526 -0.824392 -0.00722636 -0.565974 -0.730836 -0.05401 -0.680413 0.824392 -0.00722636 -0.565974 0.730836 -0.05401 -0.680413 -0.831944 0.170915 -0.527881 -0.759919 0.130236 -0.636837 0.831944 0.170915 -0.527881 0.759919 0.130236 -0.636837 -0.808455 0.325883 -0.490103 -0.789537 0.391375 -0.472713 -0.781594 0.308716 -0.542038 0.808455 0.325883 -0.490103 0.789537 0.391375 -0.472713 0.781594 0.308716 -0.542038 -0.756659 0.46098 -0.463643 -0.641561 0.426408 -0.637633 0.756659 0.46098 -0.463643 0.641561 0.426408 -0.637633 -0.675454 0.582379 -0.452323 -0.671198 0.587265 -0.452342 -0.669385 0.580896 -0.463124 -0.495766 0.721555 -0.483294 0.495766 0.721555 -0.483294 0.675454 0.582379 -0.452323 0.671198 0.587265 -0.452342 0.669385 0.580896 -0.463124 -0.482448 0.728685 -0.486068 -0.198008 0.819067 -0.538444 -0.18468 0.752903 -0.631688 0.482448 0.728685 -0.486068 0.198008 0.819067 -0.538444 0.18468 0.752903 -0.631688 -0.482448 -0.728685 -0.486068 -0.198008 -0.819067 -0.538444 -0.18468 -0.752903 -0.631688 0.482448 -0.728685 -0.486068 0.198008 -0.819067 -0.538444 0.18468 -0.752903 -0.631688 -0.675454 -0.582379 -0.452323 -0.671198 -0.587265 -0.452342 -0.669385 -0.580896 -0.463124 -0.495766 -0.721555 -0.483294 0.495766 -0.721555 -0.483294 0.675454 -0.582379 -0.452323 0.671198 -0.587265 -0.452342 0.669385 -0.580896 -0.463124 -0.756659 -0.46098 -0.463643 -0.641561 -0.426408 -0.637633 0.756659 -0.46098 -0.463643 0.641561 -0.426408 -0.637633 -0.808455 -0.325883 -0.490103 -0.789537 -0.391375 -0.472713 -0.781594 -0.308716 -0.542038 0.808455 -0.325883 -0.490103 0.789537 -0.391375 -0.472713 0.781594 -0.308716 -0.542038 -0.831944 -0.170915 -0.527881 -0.759919 -0.130236 -0.636837 0.831944 -0.170915 -0.527881 0.759919 -0.130236 -0.636837 -0.824392 0.00722636 -0.565974 -0.730836 0.05401 -0.680413 0.824392 0.00722636 -0.565974 0.730836 0.05401 -0.680413 -0.773516 0.203464 -0.600229 -0.698583 0.235894 -0.675526 0.773517 0.203464 -0.600229 0.698583 0.235894 -0.675526 -0.670943 0.404201 -0.621656 -0.660499 0.419046 -0.62301 -0.662696 0.40714 -0.628547 -0.481797 0.455304 -0.748712 0.481797 0.455304 -0.748712 0.670943 0.404201 -0.621656 0.660499 0.419046 -0.62301 0.662696 0.40714 -0.628547 -0.481187 0.603482 -0.635821 -0.450939 0.626141 -0.636083 -0.453906 0.60886 -0.650583 -0.26409 0.722723 -0.638693 -0.274255 0.635671 -0.7216 -0.0865984 0.766215 -0.636723 -0.0914878 0.646415 -0.757481 0.0865984 0.766215 -0.636723 0.0914878 0.646415 -0.757481 0.26409 0.722723 -0.638693 0.274255 0.635671 -0.7216 0.481187 0.603482 -0.635821 0.450939 0.626141 -0.636083 0.453906 0.60886 -0.650583 -0.417873 -0.75072 -0.511666 -0.252508 -0.820434 -0.512959 -0.257879 -0.772002 -0.580957 -0.0832434 -0.854757 -0.51231 -0.0859628 -0.780904 -0.618708 0.0832434 -0.854757 -0.51231 0.0859628 -0.780904 -0.618708 0.417873 -0.75072 -0.511666 0.252508 -0.820434 -0.512959 0.257879 -0.772002 -0.580957 -0.654346 -0.561231 -0.506804 -0.623906 -0.593676 -0.508223 -0.629036 -0.568846 -0.529837 -0.428507 -0.74486 -0.511434 0.428507 -0.74486 -0.511434 0.654346 -0.561231 -0.506804 0.623906 -0.593676 -0.508223 0.629036 -0.568846 -0.529837 -0.794739 -0.357077 -0.490801 0.794739 -0.357077 -0.490801 -0.873523 -0.150412 -0.462961 -0.849785 -0.2295 -0.474548 -0.859211 -0.159718 -0.486052 0.873523 -0.150412 -0.462961 0.849785 -0.2295 -0.474548 0.859211 -0.159718 -0.486052 -0.901975 0.042763 -0.429666 -0.881905 0.0265792 -0.470678 0.901975 0.042763 -0.429666 0.881905 0.0265792 -0.470678 -0.894987 0.214775 -0.390986 -0.891477 0.239422 -0.384638 -0.890669 0.210196 -0.403146 0.894987 0.214775 -0.390987 0.891477 0.239422 -0.384638 0.890669 0.210196 -0.403146 -0.860595 0.36118 -0.359061 0.860595 0.36118 -0.359061 -0.810089 0.484077 -0.330796 -0.791885 0.519443 -0.321087 -0.790717 0.46972 -0.392593 0.810089 0.484077 -0.330796 0.791885 0.519443 -0.321087 0.790717 0.46972 -0.392593 -0.738446 0.595713 -0.315947 -0.685322 0.656962 -0.314222 0.738446 0.595713 -0.315947 0.685322 0.656962 -0.314222 -0.620418 0.714862 -0.322574 -0.522526 0.780172 -0.343946 -0.496477 0.725662 -0.476367 -0.210693 0.898449 -0.385225 0.210693 0.898449 -0.385225 0.620418 0.714862 -0.322574 0.522526 0.780172 -0.343946 0.496477 0.725662 -0.476367 -0.620418 -0.714862 -0.322574 -0.522526 -0.780172 -0.343946 -0.496477 -0.725662 -0.476367 -0.210693 -0.898449 -0.385225 0.210693 -0.898449 -0.385225 0.620418 -0.714862 -0.322574 0.522526 -0.780172 -0.343946 0.496477 -0.725662 -0.476367 -0.738446 -0.595713 -0.315947 -0.685322 -0.656962 -0.314222 0.738446 -0.595713 -0.315947 0.685322 -0.656962 -0.314222 -0.810089 -0.484077 -0.330796 -0.791885 -0.519443 -0.321087 -0.790717 -0.46972 -0.392593 0.810089 -0.484077 -0.330796 0.791885 -0.519443 -0.321087 0.790717 -0.46972 -0.392593 -0.860595 -0.36118 -0.359061 0.860595 -0.36118 -0.359061 -0.894987 -0.214775 -0.390986 -0.891477 -0.239422 -0.384638 -0.890669 -0.210196 -0.403146 0.894987 -0.214775 -0.390987 0.891477 -0.239422 -0.384638 0.890669 -0.210196 -0.403146 -0.901975 -0.042763 -0.429666 -0.881905 -0.0265792 -0.470678 0.901975 -0.042763 -0.429666 0.881905 -0.0265792 -0.470678 -0.873523 0.150412 -0.462961 -0.849785 0.2295 -0.474548 -0.859211 0.159718 -0.486052 0.873523 0.150412 -0.462961 0.849785 0.2295 -0.474548 0.859211 0.159718 -0.486052 -0.794739 0.357077 -0.490801 0.794739 0.357077 -0.490801 -0.654346 0.561231 -0.506804 -0.623906 0.593676 -0.508223 -0.629036 0.568846 -0.529837 -0.428507 0.74486 -0.511434 0.428507 0.74486 -0.511434 0.654346 0.561231 -0.506804 0.623906 0.593676 -0.508223 0.629036 0.568846 -0.529837 -0.417873 0.75072 -0.511666 -0.252508 0.820435 -0.512959 -0.257879 0.772002 -0.580957 -0.0832434 0.854757 -0.51231 -0.0859628 0.780904 -0.618708 0.0832434 0.854757 -0.51231 0.0859628 0.780904 -0.618708 0.417873 0.75072 -0.511666 0.252508 0.820435 -0.512959 0.257879 0.772002 -0.580957 -0.191233 -0.899683 -0.39243 -0.0804626 -0.916648 -0.391512 -0.0809712 -0.904137 -0.419499 0.191233 -0.899683 -0.39243 0.0804626 -0.916648 -0.391512 0.0809712 -0.904137 -0.419499 -0.568499 -0.722981 -0.392565 -0.416531 -0.819288 -0.394042 -0.427686 -0.749109 -0.505886 -0.243646 -0.887143 -0.391935 0.243646 -0.887143 -0.391935 0.568499 -0.722981 -0.392565 0.416531 -0.819288 -0.394042 0.427686 -0.749109 -0.505886 -0.757724 -0.526587 -0.385436 -0.600355 -0.697184 -0.391801 0.757724 -0.526587 -0.385436 0.600355 -0.697184 -0.391801 -0.872929 -0.318506 -0.369525 -0.809212 -0.448151 -0.379916 -0.82938 -0.341154 -0.442428 0.872929 -0.318506 -0.369525 0.809212 -0.448151 -0.379916 0.82938 -0.341154 -0.442428 -0.931655 -0.111776 -0.345723 0.931655 -0.111776 -0.345723 -0.945337 0.0801573 -0.31609 0.945337 0.0801573 -0.31609 -0.926155 0.247246 -0.284792 0.926155 0.247246 -0.284792 -0.887112 0.385989 -0.25307 -0.880496 0.404013 -0.247992 -0.883235 0.379499 -0.275456 0.887112 0.385989 -0.253069 0.880496 0.404013 -0.247992 0.883235 0.379499 -0.275456 -0.832954 0.502799 -0.231043 -0.784018 0.582896 -0.213418 0.832954 0.502799 -0.231043 0.784018 0.582896 -0.213418 -0.771905 0.599187 -0.212458 0.771905 0.599187 -0.212458 -0.686327 0.696707 -0.2087 -0.684297 0.698641 -0.208898 -0.683462 0.69666 -0.218048 -0.533036 0.813245 -0.233465 0.533036 0.813245 -0.233465 0.686327 0.696707 -0.2087 0.684297 0.698641 -0.208898 0.683462 0.69666 -0.218048 -0.445497 0.860919 -0.245666 -0.226377 0.932857 -0.280236 -0.211489 0.904002 -0.371556 0.445497 0.860919 -0.245666 0.226377 0.932857 -0.280236 0.211489 0.904002 -0.371556 -0.445497 -0.860919 -0.245666 -0.226377 -0.932857 -0.280236 -0.211489 -0.904002 -0.371556 0.445497 -0.860919 -0.245666 0.226377 -0.932857 -0.280236 0.211489 -0.904002 -0.371556 -0.686327 -0.696707 -0.2087 -0.684297 -0.698641 -0.208898 -0.683462 -0.69666 -0.218048 -0.533036 -0.813245 -0.233465 0.533036 -0.813245 -0.233465 0.686327 -0.696707 -0.2087 0.684297 -0.698641 -0.208898 0.683462 -0.69666 -0.218048 -0.771905 -0.599187 -0.212458 0.771905 -0.599187 -0.212458 -0.832954 -0.502799 -0.231043 -0.784018 -0.582896 -0.213418 0.832954 -0.502799 -0.231043 0.784018 -0.582896 -0.213418 -0.887112 -0.385989 -0.25307 -0.880496 -0.404013 -0.247992 -0.883235 -0.379499 -0.275456 0.887112 -0.385989 -0.253069 0.880496 -0.404013 -0.247992 0.883235 -0.379499 -0.275456 -0.926155 -0.247246 -0.284792 0.926155 -0.247246 -0.284792 -0.945337 -0.0801573 -0.31609 0.945337 -0.0801573 -0.31609 -0.931655 0.111776 -0.345723 0.931655 0.111776 -0.345723 -0.872929 0.318506 -0.369525 -0.809212 0.448151 -0.379916 -0.82938 0.341154 -0.442428 0.872929 0.318506 -0.369525 0.809212 0.448151 -0.379916 0.82938 0.341154 -0.442428 -0.757724 0.526587 -0.385436 -0.600355 0.697184 -0.391801 0.757724 0.526587 -0.385436 0.600355 0.697184 -0.391801 -0.568499 0.722981 -0.392565 -0.416531 0.819288 -0.394042 -0.427686 0.749109 -0.505886 -0.243647 0.887143 -0.391935 0.243647 0.887143 -0.391935 0.568499 0.722981 -0.392565 0.416531 0.819288 -0.394042 0.427686 0.749109 -0.505886 -0.191233 0.899683 -0.39243 -0.0804626 0.916648 -0.391512 -0.0809712 0.904137 -0.419499 0.191233 0.899683 -0.39243 0.0804626 0.916648 -0.391512 0.0809712 0.904137 -0.419499 -0.383032 -0.880971 -0.277808 -0.239236 -0.930392 -0.277736 -0.242688 -0.895328 -0.373484 -0.0790568 -0.957494 -0.27741 0.0790568 -0.957494 -0.27741 0.383032 -0.880971 -0.277808 0.239236 -0.930392 -0.277736 0.242688 -0.895328 -0.373484 -0.655669 -0.702205 -0.277501 -0.586796 -0.760446 -0.278195 -0.595687 -0.716613 -0.362799 -0.405127 -0.871073 -0.277675 0.405127 -0.871073 -0.277675 0.655669 -0.702205 -0.277501 0.586796 -0.760446 -0.278195 0.595687 -0.716613 -0.362799 -0.82321 -0.49941 -0.270028 -0.785363 -0.55585 -0.272463 -0.794453 -0.511725 -0.32708 0.82321 -0.49941 -0.270028 0.785363 -0.55585 -0.272463 0.794453 -0.511725 -0.32708 -0.922181 -0.288956 -0.257074 0.922181 -0.288956 -0.257074 -0.968222 -0.0800624 -0.236932 0.968222 -0.0800624 -0.236932 -0.970692 0.108813 -0.214282 0.970692 0.108813 -0.214282 -0.943304 0.270885 -0.191829 0.943304 0.270885 -0.191829 -0.898388 0.405032 -0.169847 -0.868671 0.470097 -0.156267 0.898388 0.405032 -0.169847 0.868671 0.470097 -0.156267 -0.844207 0.514348 -0.150863 0.844207 0.514348 -0.150863 -0.784182 0.605205 -0.137057 -0.777955 0.613612 -0.135157 -0.779988 0.599705 -0.178808 0.784182 0.605205 -0.137057 0.777955 0.613612 -0.135157 0.779988 0.599705 -0.178808 -0.704519 0.6972 -0.132531 -0.689156 0.71221 -0.133495 0.704519 0.6972 -0.132531 0.689156 0.71221 -0.133495 -0.557518 0.81634 -0.150873 -0.544665 0.824269 -0.154665 -0.537409 0.823687 -0.180918 -0.242859 0.94753 -0.207862 0.242859 0.94753 -0.207862 0.557518 0.81634 -0.150873 0.544665 0.824269 -0.154665 0.537409 0.823687 -0.180918 -0.557518 -0.81634 -0.150873 -0.544665 -0.824269 -0.154665 -0.537409 -0.823687 -0.180918 -0.242859 -0.94753 -0.207862 0.242859 -0.94753 -0.207862 0.557518 -0.81634 -0.150873 0.544665 -0.824269 -0.154665 0.537409 -0.823687 -0.180918 -0.704519 -0.6972 -0.132531 -0.689156 -0.71221 -0.133495 0.704519 -0.6972 -0.132531 0.689156 -0.71221 -0.133495 -0.784182 -0.605205 -0.137057 -0.777955 -0.613612 -0.135157 -0.779988 -0.599705 -0.178808 0.784182 -0.605205 -0.137057 0.777955 -0.613612 -0.135157 0.779988 -0.599705 -0.178808 -0.844207 -0.514348 -0.150863 0.844207 -0.514348 -0.150863 -0.898388 -0.405032 -0.169847 -0.868671 -0.470097 -0.156267 0.898388 -0.405032 -0.169847 0.868671 -0.470097 -0.156267 -0.943304 -0.270885 -0.191829 0.943304 -0.270885 -0.191829 -0.970692 -0.108813 -0.214282 0.970692 -0.108813 -0.214282 -0.968222 0.0800624 -0.236932 0.968222 0.0800624 -0.236932 -0.922181 0.288956 -0.257074 0.922181 0.288956 -0.257074 -0.82321 0.49941 -0.270028 -0.785363 0.55585 -0.272463 -0.794453 0.511725 -0.32708 0.82321 0.49941 -0.270028 0.785363 0.55585 -0.272463 0.794453 0.511725 -0.32708 -0.655669 0.702205 -0.277501 -0.586796 0.760446 -0.278195 -0.595687 0.716613 -0.362799 -0.405127 0.871073 -0.277675 0.405127 0.871073 -0.277675 0.655669 0.702205 -0.277501 0.586796 0.760446 -0.278195 0.595687 0.716613 -0.362799 -0.383032 0.880971 -0.277808 -0.239236 0.930392 -0.277736 -0.242688 0.895328 -0.373484 -0.0790568 0.957494 -0.27741 0.0790568 0.957494 -0.27741 0.383032 0.880971 -0.277808 0.239236 0.930392 -0.277736 0.242688 0.895328 -0.373484 -0.462815 -0.870756 -0.166092 -0.400263 -0.901275 -0.165808 -0.403935 -0.87817 -0.256228 -0.236213 -0.957485 -0.16561 -0.077943 -0.983182 -0.165162 0.077943 -0.983182 -0.165162 0.236213 -0.957485 -0.16561 0.462815 -0.870756 -0.166092 0.400263 -0.901275 -0.165808 0.403935 -0.87817 -0.256228 -0.708351 -0.686314 -0.16496 -0.577986 -0.798968 -0.166078 0.708351 -0.686314 -0.16496 0.577986 -0.798968 -0.166078 -0.860967 -0.482753 -0.160264 -0.772173 -0.614021 -0.163485 0.860967 -0.482753 -0.160264 0.772173 -0.614021 -0.163485 -0.951824 -0.267025 -0.15076 0.951824 -0.267025 -0.15076 -0.988625 -0.059406 -0.138169 -0.982286 -0.121912 -0.142307 -0.984286 -0.0643655 -0.164435 0.988625 -0.059406 -0.138169 0.982286 -0.121912 -0.142307 0.984286 -0.0643655 -0.164435 -0.984076 0.127442 -0.123903 -0.980981 0.151153 -0.121773 -0.982501 0.124646 -0.138405 0.984076 0.127442 -0.123903 0.980981 0.151153 -0.121773 0.982501 0.124646 -0.138405 -0.951829 0.286148 -0.110186 0.951829 0.286148 -0.110186 -0.903639 0.417078 -0.0973792 -0.857186 0.507794 -0.0858838 0.903639 0.417078 -0.0973791 0.857186 0.507794 -0.0858838 -0.849337 0.520973 -0.0849336 0.849337 0.520973 -0.0849336 -0.787811 0.611077 -0.0770613 -0.774561 0.628066 -0.0747645 0.787811 0.611077 -0.0770613 0.774561 0.628066 -0.0747645 -0.714106 0.696186 -0.0733383 -0.691355 0.718679 -0.0743524 0.714106 0.696186 -0.0733383 0.691355 0.718679 -0.0743524 -0.594148 0.799817 -0.0853236 -0.564492 0.820154 -0.0932539 -0.267641 0.951946 -0.148884 0.267641 0.951946 -0.148884 0.594148 0.799817 -0.0853236 0.564492 0.820154 -0.0932539 -0.594148 -0.799817 -0.0853236 -0.564492 -0.820154 -0.0932539 -0.267641 -0.951946 -0.148884 0.267641 -0.951946 -0.148884 0.594148 -0.799817 -0.0853236 0.564492 -0.820154 -0.0932539 -0.714106 -0.696186 -0.0733383 -0.691355 -0.718679 -0.0743524 0.714106 -0.696186 -0.0733383 0.691355 -0.718679 -0.0743524 -0.787811 -0.611077 -0.0770613 -0.774561 -0.628066 -0.0747645 0.787811 -0.611077 -0.0770613 0.774561 -0.628066 -0.0747645 -0.849337 -0.520973 -0.0849336 0.849337 -0.520973 -0.0849336 -0.903639 -0.417078 -0.0973792 -0.857187 -0.507794 -0.0858838 0.903639 -0.417078 -0.0973791 0.857187 -0.507794 -0.0858838 -0.951829 -0.286148 -0.110186 0.951829 -0.286148 -0.110186 -0.984076 -0.127442 -0.123903 -0.980981 -0.151154 -0.121773 -0.982501 -0.124646 -0.138405 0.984076 -0.127442 -0.123903 0.980981 -0.151154 -0.121773 0.982501 -0.124646 -0.138405 -0.988625 0.059406 -0.138169 -0.982286 0.121912 -0.142307 -0.984286 0.0643655 -0.164435 0.988625 0.059406 -0.138169 0.982286 0.121912 -0.142307 0.984286 0.0643655 -0.164435 -0.951824 0.267025 -0.15076 0.951824 0.267025 -0.15076 -0.860967 0.482753 -0.160264 -0.772173 0.614021 -0.163485 0.860967 0.482753 -0.160264 0.772173 0.614021 -0.163485 -0.708351 0.686314 -0.16496 -0.577986 0.798968 -0.166078 0.708351 0.686314 -0.16496 0.577986 0.798968 -0.166078 -0.462815 0.870756 -0.166092 -0.400263 0.901275 -0.165808 -0.403935 0.87817 -0.256228 -0.236213 0.957485 -0.16561 -0.077943 0.983182 -0.165162 0.077943 0.983182 -0.165162 0.236213 0.957485 -0.16561 0.462815 0.870756 -0.166092 0.400263 0.901275 -0.165808 0.403935 0.87817 -0.256228 -0.499274 -0.864683 -0.0552126 -0.398019 -0.915718 -0.0551442 -0.234542 -0.970549 -0.0549907 -0.0773363 -0.995498 -0.0548009 0.0773363 -0.995498 -0.0548009 0.234542 -0.970549 -0.0549907 0.499274 -0.864683 -0.0552126 0.398019 -0.915718 -0.0551442 -0.734085 -0.676856 -0.0546308 -0.572962 -0.817724 -0.0551624 0.734085 -0.676856 -0.0546308 0.572962 -0.817724 -0.0551624 -0.879202 -0.473486 -0.0530557 -0.764133 -0.64276 -0.0544009 0.879202 -0.473486 -0.0530557 0.764133 -0.64276 -0.0544009 -0.965549 -0.255449 -0.0495993 0.965549 -0.255449 -0.0495993 -0.997672 -0.0506938 -0.0456069 -0.971548 -0.231679 -0.0491916 0.997672 -0.0506939 -0.0456069 0.971548 -0.231679 -0.0491916 -0.989923 0.135612 -0.0407737 -0.974181 0.222545 -0.038018 0.989923 0.135612 -0.0407737 0.974181 0.222545 -0.038018 -0.955253 0.293604 -0.0358876 0.955253 0.293604 -0.0358876 -0.905624 0.422895 -0.0316937 0.905624 0.422895 -0.0316937 -0.85121 0.524108 -0.0274114 -0.850937 0.524554 -0.0273833 -0.85125 0.523836 -0.031143 0.85121 0.524108 -0.0274114 0.850937 0.524554 -0.0273833 0.85125 0.523836 -0.031143 -0.78909 0.613775 -0.0248376 -0.772356 0.634741 -0.0238961 0.78909 0.613775 -0.0248376 0.772356 0.634741 -0.0238961 -0.718387 0.695247 -0.0234712 -0.692801 0.720731 -0.023932 0.718387 0.695247 -0.0234712 0.692801 0.720731 -0.023932 -0.613401 0.789281 -0.0278497 -0.580235 0.813819 -0.0320148 -0.29714 0.952938 -0.0601344 0.29714 0.952938 -0.0601344 0.613401 0.789281 -0.0278497 0.580235 0.813819 -0.0320148 -0.613401 -0.789281 -0.0278497 -0.580235 -0.813819 -0.0320148 -0.29714 -0.952938 -0.0601344 0.29714 -0.952938 -0.0601344 0.613401 -0.789281 -0.0278497 0.580235 -0.813819 -0.0320148 -0.718387 -0.695247 -0.0234712 -0.692801 -0.720731 -0.023932 0.718387 -0.695247 -0.0234712 0.692801 -0.720731 -0.023932 -0.78909 -0.613775 -0.0248376 -0.772356 -0.634741 -0.0238961 0.78909 -0.613775 -0.0248376 0.772356 -0.634741 -0.0238961 -0.85121 -0.524108 -0.0274114 -0.850937 -0.524554 -0.0273833 -0.85125 -0.523836 -0.031143 0.85121 -0.524108 -0.0274114 0.850937 -0.524554 -0.0273833 0.85125 -0.523836 -0.031143 -0.905624 -0.422895 -0.0316937 0.905624 -0.422895 -0.0316937 -0.955253 -0.293604 -0.0358876 0.955253 -0.293604 -0.0358876 -0.989923 -0.135612 -0.0407737 -0.974181 -0.222545 -0.038018 0.989923 -0.135612 -0.0407737 0.974181 -0.222545 -0.038018 -0.997672 0.0506938 -0.0456069 -0.971548 0.231679 -0.0491916 0.997672 0.0506939 -0.0456069 0.971548 0.231679 -0.0491916 -0.965549 0.255449 -0.0495993 0.965549 0.255449 -0.0495993 -0.879202 0.473486 -0.0530557 -0.764133 0.64276 -0.0544009 0.879202 0.473486 -0.0530557 0.764133 0.64276 -0.0544009 -0.734085 0.676856 -0.0546308 -0.572962 0.817724 -0.0551624 0.734085 0.676856 -0.0546308 0.572962 0.817724 -0.0551624 -0.499274 0.864683 -0.0552126 -0.398019 0.915718 -0.0551442 -0.234542 0.970549 -0.0549907 -0.0773363 0.995498 -0.0548009 0.0773363 0.995498 -0.0548009 0.234542 0.970549 -0.0549907 0.499274 0.864683 -0.0552126 0.398019 0.915718 -0.0551442 -0.499274 -0.864683 0.0552126 -0.398019 -0.915718 0.0551442 -0.234542 -0.970549 0.0549907 -0.0773363 -0.995498 0.0548009 0.0773363 -0.995498 0.0548009 0.234542 -0.970549 0.0549907 0.499274 -0.864683 0.0552126 0.398019 -0.915718 0.0551442 -0.734085 -0.676856 0.0546308 -0.572962 -0.817724 0.0551624 0.734085 -0.676856 0.0546308 0.572962 -0.817724 0.0551624 -0.879202 -0.473486 0.0530557 -0.764133 -0.64276 0.0544009 0.879202 -0.473486 0.0530557 0.764133 -0.64276 0.0544009 -0.965549 -0.255449 0.0495993 0.965549 -0.255449 0.0495993 -0.997672 -0.0506938 0.0456069 -0.971548 -0.231679 0.0491916 0.997672 -0.0506939 0.0456069 0.971548 -0.231679 0.0491916 -0.989923 0.135612 0.0407737 -0.974181 0.222545 0.038018 0.989923 0.135612 0.0407737 0.974181 0.222545 0.038018 -0.955253 0.293604 0.0358876 0.955253 0.293604 0.0358876 -0.905624 0.422895 0.0316937 0.905624 0.422895 0.0316937 -0.85121 0.524108 0.0274114 -0.850937 0.524554 0.0273833 -0.85125 0.523836 0.031143 0.85121 0.524108 0.0274114 0.850937 0.524554 0.0273833 0.85125 0.523836 0.031143 -0.78909 0.613775 0.0248376 -0.772356 0.634741 0.0238961 0.78909 0.613775 0.0248376 0.772356 0.634741 0.0238961 -0.718387 0.695247 0.0234712 -0.692801 0.720731 0.023932 0.718387 0.695247 0.0234712 0.692801 0.720731 0.023932 -0.613401 0.789281 0.0278497 -0.580235 0.813819 0.0320148 -0.29714 0.952938 0.0601344 0.29714 0.952938 0.0601344 0.613401 0.789281 0.0278497 0.580235 0.813819 0.0320148 -0.613401 -0.789281 0.0278497 -0.580235 -0.813819 0.0320148 -0.29714 -0.952938 0.0601344 0.29714 -0.952938 0.0601344 0.613401 -0.789281 0.0278497 0.580235 -0.813819 0.0320148 -0.718387 -0.695247 0.0234712 -0.692801 -0.720731 0.023932 0.718387 -0.695247 0.0234712 0.692801 -0.720731 0.023932 -0.78909 -0.613775 0.0248376 -0.772356 -0.634741 0.0238961 0.78909 -0.613775 0.0248376 0.772356 -0.634741 0.0238961 -0.85121 -0.524108 0.0274114 -0.850937 -0.524554 0.0273833 -0.85125 -0.523836 0.031143 0.85121 -0.524108 0.0274114 0.850937 -0.524554 0.0273833 0.85125 -0.523836 0.031143 -0.905624 -0.422895 0.0316937 0.905624 -0.422895 0.0316937 -0.955253 -0.293604 0.0358876 0.955253 -0.293604 0.0358876 -0.989923 -0.135612 0.0407737 -0.974181 -0.222545 0.038018 0.989923 -0.135612 0.0407737 0.974181 -0.222545 0.038018 -0.997672 0.0506938 0.0456069 -0.971548 0.231679 0.0491916 0.997672 0.0506939 0.0456069 0.971548 0.231679 0.0491916 -0.965549 0.255449 0.0495993 0.965549 0.255449 0.0495993 -0.879202 0.473486 0.0530557 -0.764133 0.64276 0.0544009 0.879202 0.473486 0.0530557 0.764133 0.64276 0.0544009 -0.734085 0.676856 0.0546308 -0.572962 0.817724 0.0551624 0.734085 0.676856 0.0546308 0.572962 0.817724 0.0551624 -0.499274 0.864683 0.0552126 -0.398019 0.915718 0.0551442 -0.234542 0.970549 0.0549907 -0.0773363 0.995498 0.0548009 0.0773363 0.995498 0.0548009 0.234542 0.970549 0.0549907 0.499274 0.864683 0.0552126 0.398019 0.915718 0.0551442 -0.462815 -0.870756 0.166092 -0.400263 -0.901275 0.165808 -0.403935 -0.87817 0.256228 -0.236213 -0.957485 0.16561 -0.077943 -0.983182 0.165162 0.077943 -0.983182 0.165162 0.236213 -0.957485 0.16561 0.462815 -0.870756 0.166092 0.400263 -0.901275 0.165808 0.403935 -0.87817 0.256228 -0.708351 -0.686314 0.16496 -0.577986 -0.798968 0.166078 0.708351 -0.686314 0.16496 0.577986 -0.798968 0.166078 -0.860967 -0.482753 0.160264 -0.772173 -0.614021 0.163485 0.860967 -0.482753 0.160264 0.772173 -0.614021 0.163485 -0.951824 -0.267025 0.15076 0.951824 -0.267025 0.15076 -0.988625 -0.059406 0.138169 -0.982286 -0.121912 0.142307 -0.984286 -0.0643655 0.164435 0.988625 -0.059406 0.138169 0.982286 -0.121912 0.142307 0.984286 -0.0643655 0.164435 -0.984076 0.127442 0.123903 -0.980981 0.151153 0.121773 -0.982501 0.124646 0.138405 0.984076 0.127442 0.123903 0.980981 0.151153 0.121773 0.982501 0.124646 0.138405 -0.951829 0.286148 0.110186 0.951829 0.286148 0.110186 -0.903639 0.417078 0.0973792 -0.857186 0.507794 0.0858838 0.903639 0.417078 0.0973791 0.857186 0.507794 0.0858838 -0.849337 0.520973 0.0849336 0.849337 0.520973 0.0849336 -0.787811 0.611077 0.0770613 -0.774561 0.628066 0.0747645 0.787811 0.611077 0.0770613 0.774561 0.628066 0.0747645 -0.714106 0.696186 0.0733383 -0.691355 0.718679 0.0743524 0.714106 0.696186 0.0733383 0.691355 0.718679 0.0743524 -0.594148 0.799817 0.0853236 -0.564492 0.820154 0.0932539 -0.267641 0.951946 0.148884 0.267641 0.951946 0.148884 0.594148 0.799817 0.0853236 0.564492 0.820154 0.0932539 -0.594148 -0.799817 0.0853236 -0.564492 -0.820154 0.0932539 -0.267641 -0.951946 0.148884 0.267641 -0.951946 0.148884 0.594148 -0.799817 0.0853236 0.564492 -0.820154 0.0932539 -0.714106 -0.696186 0.0733383 -0.691355 -0.718679 0.0743524 0.714106 -0.696186 0.0733383 0.691355 -0.718679 0.0743524 -0.787811 -0.611077 0.0770613 -0.774561 -0.628066 0.0747645 0.787811 -0.611077 0.0770613 0.774561 -0.628066 0.0747645 -0.849337 -0.520973 0.0849336 0.849337 -0.520973 0.0849336 -0.903639 -0.417078 0.0973792 -0.857187 -0.507794 0.0858838 0.903639 -0.417078 0.0973791 0.857187 -0.507794 0.0858838 -0.951829 -0.286148 0.110186 0.951829 -0.286148 0.110186 -0.984076 -0.127442 0.123903 -0.980981 -0.151154 0.121773 -0.982501 -0.124646 0.138405 0.984076 -0.127442 0.123903 0.980981 -0.151154 0.121773 0.982501 -0.124646 0.138405 -0.988625 0.059406 0.138169 -0.982286 0.121912 0.142307 -0.984286 0.0643655 0.164435 0.988625 0.059406 0.138169 0.982286 0.121912 0.142307 0.984286 0.0643655 0.164435 -0.951824 0.267025 0.15076 0.951824 0.267025 0.15076 -0.860967 0.482753 0.160264 -0.772173 0.614021 0.163485 0.860967 0.482753 0.160264 0.772173 0.614021 0.163485 -0.708351 0.686314 0.16496 -0.577986 0.798968 0.166078 0.708351 0.686314 0.16496 0.577986 0.798968 0.166078 -0.462815 0.870756 0.166092 -0.400263 0.901275 0.165808 -0.403935 0.87817 0.256228 -0.236213 0.957485 0.16561 -0.077943 0.983182 0.165162 0.077943 0.983182 0.165162 0.236213 0.957485 0.16561 0.462815 0.870756 0.166092 0.400263 0.901275 0.165808 0.403935 0.87817 0.256228 -0.383032 -0.880971 0.277808 -0.239236 -0.930392 0.277736 -0.242688 -0.895328 0.373484 -0.0790568 -0.957494 0.27741 0.0790568 -0.957494 0.27741 0.383032 -0.880971 0.277808 0.239236 -0.930392 0.277736 0.242688 -0.895328 0.373484 -0.655669 -0.702205 0.277501 -0.586796 -0.760446 0.278195 -0.595687 -0.716613 0.362799 -0.405127 -0.871073 0.277675 0.405127 -0.871073 0.277675 0.655669 -0.702205 0.277501 0.586796 -0.760446 0.278195 0.595687 -0.716613 0.362799 -0.82321 -0.49941 0.270028 -0.785363 -0.55585 0.272463 -0.794453 -0.511725 0.32708 0.82321 -0.49941 0.270028 0.785363 -0.55585 0.272463 0.794453 -0.511725 0.32708 -0.922181 -0.288956 0.257074 0.922181 -0.288956 0.257074 -0.968222 -0.0800624 0.236932 0.968222 -0.0800624 0.236932 -0.970692 0.108813 0.214282 0.970692 0.108813 0.214282 -0.943304 0.270885 0.191829 0.943304 0.270885 0.191829 -0.898388 0.405032 0.169847 -0.868671 0.470097 0.156267 0.898388 0.405032 0.169847 0.868671 0.470097 0.156267 -0.844207 0.514348 0.150863 0.844207 0.514348 0.150863 -0.784182 0.605205 0.137057 -0.777955 0.613612 0.135157 -0.779988 0.599705 0.178808 0.784182 0.605205 0.137057 0.777955 0.613612 0.135157 0.779988 0.599705 0.178808 -0.704519 0.6972 0.132531 -0.689156 0.71221 0.133495 0.704519 0.6972 0.132531 0.689156 0.71221 0.133495 -0.557518 0.81634 0.150873 -0.544665 0.824269 0.154665 -0.537409 0.823687 0.180918 -0.242859 0.94753 0.207862 0.242859 0.94753 0.207862 0.557518 0.81634 0.150873 0.544665 0.824269 0.154665 0.537409 0.823687 0.180918 -0.557518 -0.81634 0.150873 -0.544665 -0.824269 0.154665 -0.537409 -0.823687 0.180918 -0.242859 -0.94753 0.207862 0.242859 -0.94753 0.207862 0.557518 -0.81634 0.150873 0.544665 -0.824269 0.154665 0.537409 -0.823687 0.180918 -0.704519 -0.6972 0.132531 -0.689156 -0.71221 0.133495 0.704519 -0.6972 0.132531 0.689156 -0.71221 0.133495 -0.784182 -0.605205 0.137057 -0.777955 -0.613612 0.135157 -0.779988 -0.599705 0.178808 0.784182 -0.605205 0.137057 0.777955 -0.613612 0.135157 0.779988 -0.599705 0.178808 -0.844207 -0.514348 0.150863 0.844207 -0.514348 0.150863 -0.898388 -0.405032 0.169847 -0.868671 -0.470097 0.156267 0.898388 -0.405032 0.169847 0.868671 -0.470097 0.156267 -0.943304 -0.270885 0.191829 0.943304 -0.270885 0.191829 -0.970692 -0.108813 0.214282 0.970692 -0.108813 0.214282 -0.968222 0.0800624 0.236932 0.968222 0.0800624 0.236932 -0.922181 0.288956 0.257074 0.922181 0.288956 0.257074 -0.82321 0.49941 0.270028 -0.785363 0.55585 0.272463 -0.794453 0.511725 0.32708 0.82321 0.49941 0.270028 0.785363 0.55585 0.272463 0.794453 0.511725 0.32708 -0.655669 0.702205 0.277501 -0.586796 0.760446 0.278195 -0.595687 0.716613 0.362799 -0.405127 0.871073 0.277675 0.405127 0.871073 0.277675 0.655669 0.702205 0.277501 0.586796 0.760446 0.278195 0.595687 0.716613 0.362799 -0.383032 0.880971 0.277808 -0.239236 0.930392 0.277736 -0.242688 0.895328 0.373484 -0.0790568 0.957494 0.27741 0.0790568 0.957494 0.27741 0.383032 0.880971 0.277808 0.239236 0.930392 0.277736 0.242688 0.895328 0.373484 -0.191233 -0.899683 0.39243 -0.0804626 -0.916648 0.391512 -0.0809712 -0.904137 0.419499 0.191233 -0.899683 0.39243 0.0804626 -0.916648 0.391512 0.0809712 -0.904137 0.419499 -0.568499 -0.722981 0.392565 -0.416531 -0.819288 0.394042 -0.427686 -0.749109 0.505886 -0.243646 -0.887143 0.391935 0.243646 -0.887143 0.391935 0.568499 -0.722981 0.392565 0.416531 -0.819288 0.394042 0.427686 -0.749109 0.505886 -0.757724 -0.526587 0.385436 -0.600355 -0.697184 0.391801 0.757724 -0.526587 0.385436 0.600355 -0.697184 0.391801 -0.872929 -0.318506 0.369525 -0.809212 -0.448151 0.379916 -0.82938 -0.341154 0.442428 0.872929 -0.318506 0.369525 0.809212 -0.448151 0.379916 0.82938 -0.341154 0.442428 -0.931655 -0.111776 0.345723 0.931655 -0.111776 0.345723 -0.945337 0.0801573 0.31609 0.945337 0.0801573 0.31609 -0.926155 0.247246 0.284792 0.926155 0.247246 0.284792 -0.887112 0.385989 0.25307 -0.880496 0.404013 0.247992 -0.883235 0.379499 0.275456 0.887112 0.385989 0.253069 0.880496 0.404013 0.247992 0.883235 0.379499 0.275456 -0.832954 0.502799 0.231043 -0.784018 0.582896 0.213418 0.832954 0.502799 0.231043 0.784018 0.582896 0.213418 -0.771905 0.599187 0.212458 0.771905 0.599187 0.212458 -0.686327 0.696707 0.2087 -0.684297 0.698641 0.208898 -0.683462 0.69666 0.218048 -0.533036 0.813245 0.233465 0.533036 0.813245 0.233465 0.686327 0.696707 0.2087 0.684297 0.698641 0.208898 0.683462 0.69666 0.218048 -0.445497 0.860919 0.245666 -0.226377 0.932857 0.280236 -0.211489 0.904002 0.371556 0.445497 0.860919 0.245666 0.226377 0.932857 0.280236 0.211489 0.904002 0.371556 -0.445497 -0.860919 0.245666 -0.226377 -0.932857 0.280236 -0.211489 -0.904002 0.371556 0.445497 -0.860919 0.245666 0.226377 -0.932857 0.280236 0.211489 -0.904002 0.371556 -0.686327 -0.696707 0.2087 -0.684297 -0.698641 0.208898 -0.683462 -0.69666 0.218048 -0.533036 -0.813245 0.233465 0.533036 -0.813245 0.233465 0.686327 -0.696707 0.2087 0.684297 -0.698641 0.208898 0.683462 -0.69666 0.218048 -0.771905 -0.599187 0.212458 0.771905 -0.599187 0.212458 -0.832954 -0.502799 0.231043 -0.784018 -0.582896 0.213418 0.832954 -0.502799 0.231043 0.784018 -0.582896 0.213418 -0.887112 -0.385989 0.25307 -0.880496 -0.404013 0.247992 -0.883235 -0.379499 0.275456 0.887112 -0.385989 0.253069 0.880496 -0.404013 0.247992 0.883235 -0.379499 0.275456 -0.926155 -0.247246 0.284792 0.926155 -0.247246 0.284792 -0.945337 -0.0801573 0.31609 0.945337 -0.0801573 0.31609 -0.931655 0.111776 0.345723 0.931655 0.111776 0.345723 -0.872929 0.318506 0.369525 -0.809212 0.448151 0.379916 -0.82938 0.341154 0.442428 0.872929 0.318506 0.369525 0.809212 0.448151 0.379916 0.82938 0.341154 0.442428 -0.757724 0.526587 0.385436 -0.600355 0.697184 0.391801 0.757724 0.526587 0.385436 0.600355 0.697184 0.391801 -0.568499 0.722981 0.392565 -0.416531 0.819288 0.394042 -0.427686 0.749109 0.505886 -0.243647 0.887143 0.391935 0.243647 0.887143 0.391935 0.568499 0.722981 0.392565 0.416531 0.819288 0.394042 0.427686 0.749109 0.505886 -0.191233 0.899683 0.39243 -0.0804626 0.916648 0.391512 -0.0809712 0.904137 0.419499 0.191233 0.899683 0.39243 0.0804626 0.916648 0.391512 0.0809712 0.904137 0.419499 -0.417873 -0.75072 0.511666 -0.252508 -0.820434 0.512959 -0.257879 -0.772002 0.580957 -0.0832434 -0.854757 0.51231 -0.0859628 -0.780904 0.618708 0.0832434 -0.854757 0.51231 0.0859628 -0.780904 0.618708 0.417873 -0.75072 0.511666 0.252508 -0.820434 0.512959 0.257879 -0.772002 0.580957 -0.654346 -0.561231 0.506804 -0.623906 -0.593676 0.508223 -0.629036 -0.568846 0.529837 -0.428507 -0.74486 0.511434 0.428507 -0.74486 0.511434 0.654346 -0.561231 0.506804 0.623906 -0.593676 0.508223 0.629036 -0.568846 0.529837 -0.794739 -0.357077 0.490801 0.794739 -0.357077 0.490801 -0.873523 -0.150412 0.462961 -0.849785 -0.2295 0.474548 -0.859211 -0.159718 0.486052 0.873523 -0.150412 0.462961 0.849785 -0.2295 0.474548 0.859211 -0.159718 0.486052 -0.901975 0.042763 0.429666 -0.881905 0.0265792 0.470678 0.901975 0.042763 0.429666 0.881905 0.0265792 0.470678 -0.894987 0.214775 0.390986 -0.891477 0.239422 0.384638 -0.890669 0.210196 0.403146 0.894987 0.214775 0.390987 0.891477 0.239422 0.384638 0.890669 0.210196 0.403146 -0.860595 0.36118 0.359061 0.860595 0.36118 0.359061 -0.810089 0.484077 0.330796 -0.791885 0.519443 0.321087 -0.790717 0.46972 0.392593 0.810089 0.484077 0.330796 0.791885 0.519443 0.321087 0.790717 0.46972 0.392593 -0.738446 0.595713 0.315947 -0.685322 0.656962 0.314222 0.738446 0.595713 0.315947 0.685322 0.656962 0.314222 -0.620418 0.714862 0.322574 -0.522526 0.780172 0.343946 -0.496477 0.725662 0.476367 -0.210693 0.898449 0.385225 0.210693 0.898449 0.385225 0.620418 0.714862 0.322574 0.522526 0.780172 0.343946 0.496477 0.725662 0.476367 -0.620418 -0.714862 0.322574 -0.522526 -0.780172 0.343946 -0.496477 -0.725662 0.476367 -0.210693 -0.898449 0.385225 0.210693 -0.898449 0.385225 0.620418 -0.714862 0.322574 0.522526 -0.780172 0.343946 0.496477 -0.725662 0.476367 -0.738446 -0.595713 0.315947 -0.685322 -0.656962 0.314222 0.738446 -0.595713 0.315947 0.685322 -0.656962 0.314222 -0.810089 -0.484077 0.330796 -0.791885 -0.519443 0.321087 -0.790717 -0.46972 0.392593 0.810089 -0.484077 0.330796 0.791885 -0.519443 0.321087 0.790717 -0.46972 0.392593 -0.860595 -0.36118 0.359061 0.860595 -0.36118 0.359061 -0.894987 -0.214775 0.390986 -0.891477 -0.239422 0.384638 -0.890669 -0.210196 0.403146 0.894987 -0.214775 0.390987 0.891477 -0.239422 0.384638 0.890669 -0.210196 0.403146 -0.901975 -0.042763 0.429666 -0.881905 -0.0265792 0.470678 0.901975 -0.042763 0.429666 0.881905 -0.0265792 0.470678 -0.873523 0.150412 0.462961 -0.849785 0.2295 0.474548 -0.859211 0.159718 0.486052 0.873523 0.150412 0.462961 0.849785 0.2295 0.474548 0.859211 0.159718 0.486052 -0.794739 0.357077 0.490801 0.794739 0.357077 0.490801 -0.654346 0.561231 0.506804 -0.623906 0.593676 0.508223 -0.629036 0.568846 0.529837 -0.428507 0.74486 0.511434 0.428507 0.74486 0.511434 0.654346 0.561231 0.506804 0.623906 0.593676 0.508223 0.629036 0.568846 0.529837 -0.417873 0.75072 0.511666 -0.252508 0.820435 0.512959 -0.257879 0.772002 0.580957 -0.0832434 0.854757 0.51231 -0.0859628 0.780904 0.618708 0.0832434 0.854757 0.51231 0.0859628 0.780904 0.618708 0.417873 0.75072 0.511666 0.252508 0.820435 0.512959 0.257879 0.772002 0.580957 -0.481187 -0.603482 0.635821 -0.450939 -0.626141 0.636083 -0.453906 -0.60886 0.650583 -0.26409 -0.722723 0.638693 -0.274255 -0.635671 0.7216 -0.0865984 -0.766215 0.636723 -0.0914878 -0.646415 0.757481 0.0865984 -0.766215 0.636723 0.0914878 -0.646415 0.757481 0.26409 -0.722723 0.638693 0.274255 -0.635671 0.7216 0.481187 -0.603482 0.635821 0.450939 -0.626141 0.636083 0.453906 -0.60886 0.650583 -0.670943 -0.404201 0.621656 -0.660499 -0.419046 0.62301 -0.662696 -0.40714 0.628547 -0.481797 -0.455305 0.748712 0.481797 -0.455305 0.748712 0.670943 -0.404201 0.621656 0.660499 -0.419046 0.62301 0.662696 -0.40714 0.628547 -0.773516 -0.203464 0.600229 -0.698583 -0.235894 0.675526 0.773517 -0.203464 0.600229 0.698583 -0.235894 0.675526 -0.824392 -0.00722636 0.565974 -0.730836 -0.05401 0.680413 0.824392 -0.00722636 0.565974 0.730836 -0.05401 0.680413 -0.831944 0.170915 0.527881 -0.759919 0.130236 0.636837 0.831944 0.170915 0.527881 0.759919 0.130236 0.636837 -0.808455 0.325883 0.490103 -0.789537 0.391375 0.472713 -0.781594 0.308716 0.542038 0.808455 0.325883 0.490103 0.789537 0.391375 0.472713 0.781594 0.308716 0.542038 -0.756659 0.46098 0.463643 -0.641561 0.426408 0.637633 0.756659 0.46098 0.463643 0.641561 0.426408 0.637633 -0.675454 0.582379 0.452323 -0.671198 0.587265 0.452342 -0.669385 0.580896 0.463124 -0.495766 0.721555 0.483294 0.495766 0.721555 0.483294 0.675454 0.582379 0.452323 0.671198 0.587265 0.452342 0.669385 0.580896 0.463124 -0.482448 0.728685 0.486068 -0.198008 0.819067 0.538444 -0.18468 0.752903 0.631688 0.482448 0.728685 0.486068 0.198008 0.819067 0.538444 0.18468 0.752903 0.631688 -0.482448 -0.728685 0.486068 -0.198008 -0.819067 0.538444 -0.18468 -0.752903 0.631688 0.482448 -0.728685 0.486068 0.198008 -0.819067 0.538444 0.18468 -0.752903 0.631688 -0.675454 -0.582379 0.452323 -0.671198 -0.587265 0.452342 -0.669385 -0.580896 0.463124 -0.495766 -0.721555 0.483294 0.495766 -0.721555 0.483294 0.675454 -0.582379 0.452323 0.671198 -0.587265 0.452342 0.669385 -0.580896 0.463124 -0.756659 -0.46098 0.463643 -0.641561 -0.426408 0.637633 0.756659 -0.46098 0.463643 0.641561 -0.426408 0.637633 -0.808455 -0.325883 0.490103 -0.789537 -0.391375 0.472713 -0.781594 -0.308716 0.542038 0.808455 -0.325883 0.490103 0.789537 -0.391375 0.472713 0.781594 -0.308716 0.542038 -0.831944 -0.170915 0.527881 -0.759919 -0.130236 0.636837 0.831944 -0.170915 0.527881 0.759919 -0.130236 0.636837 -0.824392 0.00722636 0.565974 -0.730836 0.05401 0.680413 0.824392 0.00722636 0.565974 0.730836 0.05401 0.680413 -0.773516 0.203464 0.600229 -0.698583 0.235894 0.675526 0.773517 0.203464 0.600229 0.698583 0.235894 0.675526 -0.670943 0.404201 0.621656 -0.660499 0.419046 0.62301 -0.662696 0.40714 0.628547 -0.481797 0.455305 0.748712 0.481797 0.455305 0.748712 0.670943 0.404201 0.621656 0.660499 0.419046 0.62301 0.662696 0.40714 0.628547 -0.481187 0.603482 0.635821 -0.450939 0.626141 0.636083 -0.453906 0.60886 0.650583 -0.26409 0.722723 0.638693 -0.274255 0.635671 0.7216 -0.0865984 0.766215 0.636723 -0.0914878 0.646415 0.757481 0.0865984 0.766215 0.636723 0.0914878 0.646415 0.757481 0.26409 0.722723 0.638693 0.274255 0.635671 0.7216 0.481187 0.603482 0.635821 0.450939 0.626141 0.636083 0.453906 0.60886 0.650583 -0.444288 -0.462204 0.767447 -0.282605 -0.56855 0.772584 -0.292369 -0.487573 0.822674 -0.0922417 -0.629597 0.771427 -0.0978757 -0.502549 0.858991 0.0922417 -0.629597 0.771427 0.0978757 -0.502549 0.858991 0.444288 -0.462204 0.767447 0.282605 -0.56855 0.772584 0.292369 -0.487573 0.822674 -0.60364 -0.265142 0.751877 -0.488626 -0.421023 0.764188 -0.512688 -0.291405 0.80761 -0.311855 -0.326125 0.892406 0.311855 -0.326125 0.892406 0.60364 -0.265142 0.751877 0.488626 -0.421023 0.764188 0.512688 -0.291405 0.80761 -0.688231 -0.0684917 0.722252 -0.544626 -0.115739 0.830654 0.688231 -0.0684917 0.722252 0.544626 -0.115739 0.830654 -0.71533 0.114745 0.689301 -0.577789 0.0669671 0.813434 0.71533 0.114745 0.689301 0.577789 0.0669671 0.813434 -0.69606 0.280203 0.66105 -0.641513 0.426038 0.637929 -0.611664 0.25068 0.750351 0.69606 0.280203 0.66105 0.641513 0.426038 0.637929 0.611664 0.25068 0.750351 -0.641283 0.426386 0.637928 -0.420719 0.395465 0.816457 0.641283 0.426386 0.637928 0.420719 0.395465 0.816457 -0.484298 0.5756 0.658893 -0.461971 0.588879 0.663177 -0.456711 0.572303 0.68109 -0.176982 0.680486 0.711067 -0.163318 0.570126 0.805161 0.176982 0.680486 0.711067 0.163318 0.570126 0.805161 0.484298 0.5756 0.658893 0.461971 0.588879 0.663177 0.456711 0.572303 0.68109 -0.484298 -0.5756 0.658893 -0.461971 -0.588879 0.663178 -0.456711 -0.572303 0.68109 -0.176982 -0.680486 0.711067 -0.163318 -0.570126 0.805161 0.176982 -0.680486 0.711067 0.163318 -0.570126 0.805161 0.484298 -0.5756 0.658893 0.461971 -0.588879 0.663178 0.456711 -0.572303 0.68109 -0.641283 -0.426386 0.637928 -0.420719 -0.395465 0.816457 0.641283 -0.426386 0.637928 0.420719 -0.395465 0.816457 -0.69606 -0.280203 0.66105 -0.641513 -0.426038 0.637929 -0.611664 -0.25068 0.750351 0.69606 -0.280203 0.66105 0.641513 -0.426038 0.637929 0.611664 -0.25068 0.750351 -0.71533 -0.114745 0.689301 -0.577789 -0.0669671 0.813434 0.71533 -0.114745 0.689301 0.577789 -0.0669671 0.813434 -0.688231 0.0684917 0.722252 -0.544626 0.115739 0.830654 0.688231 0.0684917 0.722252 0.544626 0.115739 0.830654 -0.60364 0.265142 0.751877 -0.488626 0.421023 0.764188 -0.512688 0.291405 0.80761 -0.311855 0.326125 0.892406 0.311855 0.326125 0.892406 0.60364 0.265142 0.751877 0.488626 0.421023 0.764188 0.512688 0.291405 0.80761 -0.444288 0.462204 0.767447 -0.282605 0.568549 0.772584 -0.292369 0.487573 0.822674 -0.0922416 0.629597 0.771427 -0.0978757 0.502549 0.858991 0.0922416 0.629597 0.771427 0.0978757 0.502549 0.858991 0.444288 0.462204 0.767447 0.282605 0.568549 0.772584 0.292369 0.487573 0.822674 -0.200966 -0.336181 0.920106 -0.103166 -0.378699 0.919752 -0.104625 -0.343463 0.93332 0.200966 -0.336181 0.920106 0.103166 -0.378699 0.919752 0.104625 -0.343463 0.93332 -0.397702 -0.1433 0.906255 -0.322657 -0.247464 0.913594 -0.33416 -0.155461 0.929607 -0.112873 -0.176887 0.977738 0.112873 -0.176887 0.977738 0.397702 -0.1433 0.906255 0.322657 -0.247464 0.913594 0.33416 -0.155461 0.929607 -0.453823 0.0434122 0.890034 -0.359581 0.023879 0.932808 -0.122195 0.00127308 0.992505 0.122195 0.00127308 0.992505 0.453823 0.0434122 0.890034 0.359581 0.023879 0.932808 -0.428636 0.218378 0.876688 -0.398547 0.267697 0.877211 -0.387434 0.209723 0.897726 -0.13315 0.1876 0.973179 0.13315 0.1876 0.973179 0.428636 0.218378 0.876688 0.398547 0.267697 0.877211 0.387434 0.209723 0.897726 -0.225566 0.386508 0.894277 -0.149174 0.411967 0.898905 -0.145999 0.378516 0.914008 0.225566 0.386508 0.894277 0.149174 0.411967 0.898905 0.145999 0.378516 0.914008 -0.225566 -0.386508 0.894277 -0.149174 -0.411967 0.898905 -0.145999 -0.378516 0.914008 0.225566 -0.386508 0.894277 0.149174 -0.411967 0.898905 0.145999 -0.378516 0.914008 -0.428636 -0.218378 0.876688 -0.398547 -0.267697 0.877211 -0.387434 -0.209723 0.897726 -0.13315 -0.1876 0.973179 0.13315 -0.1876 0.973179 0.428636 -0.218378 0.876688 0.398547 -0.267697 0.877211 0.387434 -0.209723 0.897726 -0.453823 -0.0434122 0.890034 -0.359581 -0.023879 0.932808 -0.122195 -0.00127308 0.992505 0.122195 -0.00127308 0.992505 0.453823 -0.0434122 0.890034 0.359581 -0.023879 0.932808 -0.397702 0.1433 0.906255 -0.322657 0.247464 0.913594 -0.33416 0.155461 0.929607 -0.112873 0.176887 0.977738 0.112873 0.176887 0.977738 0.397702 0.1433 0.906255 0.322657 0.247464 0.913594 0.33416 0.155461 0.929607 -0.200966 0.336181 0.920106 -0.103166 0.378699 0.919752 -0.104625 0.343463 0.93332 0.200966 0.336181 0.920106 0.103166 0.378699 0.919752 0.104625 0.343463 0.93332"/>
    </IndexedTriangleSet>
   </Shape>
  </Transform>
  </Group>
  <Group>
  <Transform rotation="0 0 1 0" translation="0 0 0">
   <Shape>
    <Appearance USE='ap0'/>
    <IndexedTriangleSet USE='its0'/>
   </Shape>
  </Transform>
  </Group>
  <Group>
  <Transform rotation="0 0 1 0" translation="0 0 0">
   <Shape>
    <Appearance USE='ap1'/>
    <IndexedTriangleSet USE='its1'/>
   </Shape>
  </Transform>
  </Group>
  <Group>
  <Transform rotation="0 0 1 0" translation="0 0 0">
   <Shape>
    <Appearance DEF='ap2'>
     <Material ambientIntensity='1' diffuseColor='0.835294 0.368627 0' specularColor='0.85 0.85 0.85' shininess='0.234375' transparency='0'/>
    </Appearance>
    <IndexedTriangleSet DEF='its2' index="0 1 6 1 7 6 1 2 7 2 8 7 2 3 8 3 9 8 3 4 9 4 10 9 4 5 10 5 11 10 5 0 11 0 6 11 6 7 13 6 13 12 7 8 14 7 14 13 8 9 15 8 15 14 9 10 16 9 16 15 10 11 17 10 17 16 11 6 12 11 12 17 12 13 18 13 19 18 13 14 19 14 20 19 14 15 20 15 21 20 15 16 21 16 22 21 16 17 22 17 23 22 17 12 23 12 18 23 18 19 25 18 25 24 19 20 26 19 26 25 20 21 27 20 27 26 21 22 28 21 28 27 22 23 29 22 29 28 23 18 24 23 24 29 24 25 30 25 31 30 25 26 31 26 32 31 26 27 32 27 33 32 27 28 33 28 34 33 28 29 34 29 35 34 29 24 35 24 30 35 30 31 37 30 37 36 31 32 38 31 38 37 32 33 39 32 39 38 33 34 40 33 40 39 34 35 41 34 41 40 35 30 36 35 36 41 36 37 42 37 43 42 37 38 43 38 44 43 38 39 44 39 45 44 39 40 45 40 46 45 40 41 46 41 47 46 41 36 47 36 42 47 42 43 49 42 49 48 43 44 50 43 50 49 44 45 51 44 51 50 45 46 52 45 52 51 46 47 53 46 53 52 47 42 48 47 48 53 48 49 54 49 55 54 49 50 55 50 56 55 50 51 56 51 57 56 51 52 57 52 58 57 52 53 58 53 59 58 53 48 59 48 54 59 54 55 61 54 61 60 55 56 62 55 62 61 56 57 63 56 63 62 57 58 64 57 64 63 58 59 65 58 65 64 59 54 60 59 60 65 60 61 66 61 67 66 61 62 67 62 68 67 62 63 68 63 69 68 63 64 69 64 70 69 64 65 70 65 71 70 65 60 71 60 66 71 66 67 73 66 73 72 67 68 74 67 74 73 68 69 75 68 75 74 69 70 76 69 76 75 70 71 77 70 77 76 71 66 72 71 72 77 72 73 78 73 79 78 73 74 79 74 80 79 74 75 80 75 81 80 75 76 81 76 82 81 76 77 82 77 83 82 77 72 83 72 78 83 78 79 85 78 85 84 79 80 86 79 86 85 80 81 87 80 87 86 81 82 88 81 88 87 82 83 89 82 89 88 83 78 84 83 84 89 84 85 90 85 91 90 85 86 91 86 92 91 86 87 92 87 93 92 87 88 93 88 94 93 88 89 94 89 95 94 89 84 95 84 90 95 90 91 97 90 97 96 91 92 98 91 98 97 92 93 99 92 99 98 93 94 100 93 100 99 94 95 101 94 101 100 95 90 96 95 96 101 96 97 102 97 103 102 97 98 103 98 104 103 98 99 104 99 105 104 99 100 105 100 106 105 100 101 106 101 107 106 101 96 107 96 102 107 102 103 109 102 109 108 103 104 110 103 110 109 104 105 111 104 111 110 105 106 112 105 112 111 106 107 113 106 113 112 107 102 108 107 108 113 108 109 114 109 115 114 109 110 115 110 116 115 110 111 116 111 117 116 111 112 117 112 118 117 112 113 118 113 119 118 113 108 119 108 114 119 114 115 121 114 121 120 115 116 122 115 122 121 116 117 123 116 123 122 117 118 124 117 124 123 118 119 125 118 125 124 119 114 120 119 120 125 120 121 126 121 127 126 121 122 127 122 128 127 122 123 128 123 129 128 123 124 129 124 130 129 124 125 130 125 131 130 125 120 131 120 126 131 126 127 133 126 133 132 127 128 134 127 134 133 128 129 135 128 135 134 129 130 136 129 136 135 130 131 137 130 137 136 131 126 132 131 132 137 132 133 138 133 139 138 133 134 139 134 140 139 134 135 140 135 141 140 135 136 141 136 142 141 136 137 142 137 143 142 137 132 143 132 138 143 138 139 145 138 145 144 139 140 146 139 146 145 140 141 147 140 147 146 141 142 148 141 148 147 142 143 149 142 149 148 143 138 144 143 144 149 144 145 150 145 151 150 145 146 151 146 152 151 146 147 152 147 153 152 147 148 153 148 154 153 148 149 154 149 155 154 149 144 155 144 150 155 150 151 157 150 157 156 151 152 158 151 158 157 152 153 159 152 159 158 153 154 160 153 160 159 154 155 161 154 161 160 155 150 156 155 156 161 156 157 162 157 163 162 157 158 163 158 164 163 158 159 164 159 165 164 159 160 165 160 166 165 160 161 166 161 167 166 161 156 167 156 162 167 162 163 169 162 169 168 163 164 170 163 170 169 164 165 171 164 171 170 165 166 172 165 172 171 166 167 173 166 173 172 167 162 168 167 168 173 168 169 174 169 175 174 169 170 175 170 176 175 170 171 176 171 177 176 171 172 177 172 178 177 172 173 178 173 179 178 173 168 179 168 174 179 174 175 181 174 181 180 175 176 182 175 182 181 176 177 183 176 183 182 177 178 184 177 184 183 178 179 185 178 185 184 179 174 180 179 180 185 180 181 186 181 187 186 181 182 187 182 188 187 182 183 188 183 189 188 183 184 189 184 190 189 184 185 190 185 191 190 185 180 191 180 186 191 186 187 193 186 193 192 187 188 194 187 194 193 188 189 195 188 195 194 189 190 196 189 196 195 190 191 197 190 197 196 191 186 192 191 192 197 192 193 198 193 199 198 193 194 199 194 200 199 194 195 200 195 201 200 195 196 201 196 202 201 196 197 202 197 203 202 197 192 203 192 198 203 198 199 205 198 205 204 199 200 206 199 206 205 200 201 207 200 207 206 201 202 208 201 208 207 202 203 209 202 209 208 203 198 204 203 204 209 204 205 210 205 211 210 205 206 211 206 212 211 206 207 212 207 213 212 207 208 213 208 214 213 208 209 214 209 215 214 209 204 215 204 210 215 210 211 217 210 217 216 211 212 218 211 218 217 212 213 219 212 219 218 213 214 220 213 220 219 214 215 221 214 221 220 215 210 216 215 216 221 216 217 222 217 223 222 217 218 223 218 224 223 218 219 224 219 225 224 219 220 225 220 226 225 220 221 226 221 227 226 221 216 227 216 222 227 222 223 229 222 229 228 223 224 230 223 230 229 224 225 231 224 231 230 225 226 232 225 232 231 226 227 233 226 233 232 227 222 228 227 228 233 228 229 234 229 235 234 229 230 235 230 236 235 230 231 236 231 237 236 231 232 237 232 238 237 232 233 238 233 239 238 233 228 239 228 234 239 234 235 241 234 241 240 235 236 242 235 242 241 236 237 243 236 243 242 237 238 244 237 244 243 238 239 245 238 245 244 239 234 240 239 240 245 240 241 246 241 247 246 241 242 247 242 248 247 242 243 248 243 249 248 243 244 249 244 250 249 244 245 250 245 251 250 245 240 251 240 246 251 246 247 253 246 253 252 247 248 254 247 254 253 248 249 255 248 255 254 249 250 256 249 256 255 250 251 257 250 257 256 251 246 252 251 252 257 252 253 258 253 259 258 253 254 259 254 260 259 254 255 260 255 261 260 255 256 261 256 262 261 256 257 262 257 263 262 257 252 263 252 258 263 258 259 265 258 265 264 259 260 266 259 266 265 260 261 267 260 267 266 261 262 268 261 268 267 262 263 269 262 269 268 263 258 264 263 264 269 264 265 270 265 271 270 265 266 271 266 272 271 266 267 272 267 273 272 267 268 273 268 274 273 268 269 274 269 275 274 269 264 275 264 270 275 270 271 277 270 277 276 271 272 278 271 278 277 272 273 279 272 279 278 273 274 280 273 280 279 274 275 281 274 281 280 275 270 276 275 276 281 276 277 282 277 283 282 277 278 283 278 284 283 278 279 284 279 285 284 279 280 285 280 286 285 280 281 286 281 287 286 281 276 287 276 282 287 282 283 289 282 289 288 283 284 290 283 290 289 284 285 291 284 291 290 285 286 292 285 292 291 286 287 293 286 293 292 287 282 288 287 288 293 288 289 294 289 295 294 289 290 295 290 296 295 290 291 296 291 297 296 291 292 297 292 298 297 292 293 298 293 299 298 293 288 299 288 294 299 294 295 301 294 301 300 295 296 302 295 302 301 296 297 303 296 303 302 297 298 304 297 304 303 298 299 305 298 305 304 299 294 300 299 300 305 300 301 306 301 307 306 301 302 307 302 308 307 302 303 308 303 309 308 303 304 309 304 310 309 304 305 310 305 311 310 305 300 311 300 306 311 306 307 313 306 313 312 307 308 314 307 314 313 308 309 315 308 315 314 309 310 316 309 316 315 310 311 317 310 317 316 311 306 312 311 312 317 312 313 318 313 319 318 313 314 319 314 320 319 314 315 320 315 321 320 315 316 321 316 322 321 316 317 322 317 323 322 317 312 323 312 318 323 318 319 325 318 325 324 319 320 326 319 326 325 320 321 327 320 327 326 321 322 328 321 328 327 322 323 329 322 329 328 323 318 324 323 324 329 324 325 330 325 331 330 325 326 331 326 332 331 326 327 332 327 333 332 327 328 333 328 334 333 328 329 334 329 335 334 329 324 335 324 330 335 330 331 337 330 337 336 331 332 338 331 338 337 332 333 339 332 339 338 333 334 340 333 340 339 334 335 341 334 341 340 335 330 336 335 336 341 336 337 342 337 343 342 337 338 343 338 344 343 338 339 344 339 345 344 339 340 345 340 346 345 340 341 346 341 347 346 341 336 347 336 342 347 342 343 349 342 349 348 343 344 350 343 350 349 344 345 351 344 351 350 345 346 352 345 352 351 346 347 353 346 353 352 347 342 348 347 348 353 348 349 354 349 355 354 349 350 355 350 356 355 350 351 356 351 357 356 351 352 357 352 358 357 352 353 358 353 359 358 353 348 359 348 354 359 354 355 361 354 361 360 355 356 362 355 362 361 356 357 363 356 363 362 357 358 364 357 364 363 358 359 365 358 365 364 359 354 360 359 360 365 360 361 366 361 367 366 361 362 367 362 368 367 362 363 368 363 369 368 363 364 369 364 370 369 364 365 370 365 371 370 365 360 371 360 366 371 366 367 373 366 373 372 367 368 374 367 374 373 368 369 375 368 375 374 369 370 376 369 376 375 370 371 377 370 377 376 371 366 372 371 372 377 372 373 378 373 379 378 373 374 379 374 380 379 374 375 380 375 381 380 375 376 381 376 382 381 376 377 382 377 383 382 377 372 383 372 378 383 378 379 385 378 385 384 379 380 386 379 386 385 380 381 387 380 387 386 381 382 388 381 388 387 382 383 389 382 389 388 383 378 384 383 384 389 384 385 390 385 391 390 385 386 391 386 392 391 386 387 392 387 393 392 387 388 393 388 394 393 388 389 394 389 395 394 389 384 395 384 390 395 390 391 397 390 397 396 391 392 398 391 398 397 392 393 399 392 399 398 393 394 400 393 400 399 394 395 401 394 401 400 395 390 396 395 396 401 396 397 402 397 403 402 397 398 403 398 404 403 398 399 404 399 405 404 399 400 405 400 406 405 400 401 406 401 407 406 401 396 407 396 402 407 402 403 409 402 409 408 403 404 410 403 410 409 404 405 411 404 411 410 405 406 412 405 412 411 406 407 413 406 413 412 407 402 408 407 408 413 408 409 414 409 415 414 409 410 415 410 416 415 410 411 416 411 417 416 411 412 417 412 418 417 412 413 418 413 419 418 413 408 419 408 414 419 414 415 421 414 421 420 415 416 422 415 422 421 416 417 423 416 423 422 417 418 424 417 424 423 418 419 425 418 425 424 419 414 420 419 420 425 420 421 426 421 427 426 421 422 427 422 428 427 422 423 428 423 429 428 423 424 429 424 430 429 424 425 430 425 431 430 425 420 431 420 426 431 426 427 433 426 433 432 427 428 434 427 434 433 428 429 435 428 435 434 429 430 436 429 436 435 430 431 437 430 437 436 431 426 432 431 432 437 432 433 438 433 439 438 433 434 439 434 440 439 434 435 440 435 441 440 435 436 441 436 442 441 436 437 442 437 443 442 437 432 443 432 438 443 438 439 445 438 445 444 439 440 446 439 446 445 440 441 447 440 447 446 441 442 448 441 448 447 442 443 449 442 449 448 443 438 444 443 444 449 444 445 450 445 451 450 445 446 451 446 452 451 446 447 452 447 453 452 447 448 453 448 454 453 448 449 454 449 455 454 449 444 455 444 450 455 450 451 457 450 457 456 451 452 458 451 458 457 452 453 459 452 459 458 453 454 460 453 460 459 454 455 461 454 461 460 455 450 456 455 456 461 456 457 462 457 463 462 457 458 463 458 464 463 458 459 464 459 465 464 459 460 465 460 466 465 460 461 466 461 467 466 461 456 467 456 462 467 462 463 469 462 469 468 463 464 470 463 470 469 464 465 471 464 471 470 465 466 472 465 472 471 466 467 473 466 473 472 467 462 468 467 468 473 468 469 474 469 475 474 469 470 475 470 476 475 470 471 476 471 477 476 471 472 477 472 478 477 472 473 478 473 479 478 473 468 479 468 474 479 474 475 481 474 481 480 475 476 482 475 482 481 476 477 483 476 483 482 477 478 484 477 484 483 478 479 485 478 485 484 479 474 480 479 480 485 480 481 486 481 487 486 481 482 487 482 488 487 482 483 488 483 489 488 483 484 489 484 490 489 484 485 490 485 491 490 485 480 491 480 486 491 486 487 493 486 493 492 487 488 494 487 494 493 488 489 495 488 495 494 489 490 496 489 496 495 490 491 497 490 497 496 491 486 492 491 492 497 492 493 498 493 499 498 493 494 499 494 500 499 494 495 500 495 501 500 495 496 501 496 502 501 496 497 502 497 503 502 497 492 503 492 498 503 498 499 505 498 505 504 499 500 506 499 506 505 500 501 507 500 507 506 501 502 508 501 508 507 502 503 509 502 509 508 503 498 504 503 504 509 504 505 510 505 511 510 505 506 511 506 512 511 506 507 512 507 513 512 507 508 513 508 514 513 508 509 514 509 515 514 509 504 515 504 510 515 510 511 517 510 517 516 511 512 518 511 518 517 512 513 519 512 519 518 513 514 520 513 520 519 514 515 521 514 521 520 515 510 516 515 516 521 516 517 522 517 523 522 517 518 523 518 524 523 518 519 524 519 525 524 519 520 525 520 526 525 520 521 526 521 527 526 521 516 527 516 522 527 522 523 529 522 529 528 523 524 530 523 530 529 524 525 531 524 531 530 525 526 532 525 532 531 526 527 533 526 533 532 527 522 528 527 528 533 528 529 534 529 535 534 529 530 535 530 536 535 530 531 536 531 537 536 531 532 537 532 538 537 532 533 538 533 539 538 533 528 539 528 534 539 534 535 541 534 541 540 535 536 542 535 542 541 536 537 543 536 543 542 537 538 544 537 544 543 538 539 545 538 545 544 539 534 540 539 540 545 540 541 546 541 547 546 541 542 547 542 548 547 542 543 548 543 549 548 543 544 549 544 550 549 544 545 550 545 551 550 545 540 551 540 546 551 546 547 553 546 553 552 547 548 554 547 554 553 548 549 555 548 555 554 549 550 556 549 556 555 550 551 557 550 557 556 551 546 552 551 552 557 552 553 558 553 559 558 553 554 559 554 560 559 554 555 560 555 561 560 555 556 561 556 562 561 556 557 562 557 563 562 557 552 563 552 558 563 558 559 565 558 565 564 559 560 566 559 566 565 560 561 567 560 567 566 561 562 568 561 568 567 562 563 569 562 569 568 563 558 564 563 564 569 564 565 570 565 571 570 565 566 571 566 572 571 566 567 572 567 573 572 567 568 573 568 574 573 568 569 574 569 575 574 569 564 575 564 570 575 570 571 577 570 577 576 571 572 578 571 578 577 572 573 579 572 579 578 573 574 580 573 580 579 574 575 581 574 581 580 575 570 576 575 576 581 576 577 582 577 583 582 577 578 583 578 584 583 578 579 584 579 585 584 579 580 585 580 586 585 580 581 586 581 587 586 581 576 587 576 582 587 582 583 589 582 589 588 583 584 590 583 590 589 584 585 591 584 591 590 585 586 592 585 592 591 586 587 593 586 593 592 587 582 588 587 588 593 588 589 594 589 595 594 589 590 595 590 596 595 590 591 596 591 597 596 591 592 597 592 598 597 592 593 598 593 599 598 593 588 599 588 594 599 594 595 601 594 601 600 595 596 602 595 602 601 596 597 603 596 603 602 597 598 604 597 604 603 598 599 605 598 605 604 599 594 600 599 600 605 600 601 606 601 607 606 601 602 607 602 608 607 602 603 608 603 609 608 603 604 609 604 610 609 604 605 610 605 611 610 605 600 611 600 606 611 606 607 613 606 613 612 607 608 614 607 614 613 608 609 615 608 615 614 609 610 616 609 616 615 610 611 617 610 617 616 611 606 612 611 612 617 612 613 618 613 619 618 613 614 619 614 620 619 614 615 620 615 621 620 615 616 621 616 622 621 616 617 622 617 623 622 617 612 623 612 618 623 618 619 625 618 625 624 619 620 626 619 626 625 620 621 627 620 627 626 621 622 628 621 628 627 622 623 629 622 629 628 623 618 624 623 624 629 624 625 630 625 631 630 625 626 631 626 632 631 626 627 632 627 633 632 627 628 633 628 634 633 628 629 634 629 635 634 629 624 635 624 630 635 630 631 637 630 637 636 631 632 638 631 638 637 632 633 639 632 639 638 633 634 640 633 640 639 634 635 641 634 641 640 635 630 636 635 636 641 636 637 642 637 643 642 637 638 643 638 644 643 638 639 644 639 645 644 639 640 645 640 646 645 640 641 646 641 647 646 641 636 647 636 642 647 642 643 649 642 649 648 643 644 650 643 650 649 644 645 651 644 651 650 645 646 652 645 652 651 646 647 653 646 653 652 647 642 648 647 648 653 648 649 654 649 655 654 649 650 655 650 656 655 650 651 656 651 657 656 651 652 657 652 658 657 652 653 658 653 659 658 653 648 659 648 654 659 654 655 661 654 661 660 655 656 662 655 662 661 656 657 663 656 663 662 657 658 664 657 664 663 658 659 665 658 665 664 659 654 660 659 660 665 660 661 666 661 667 666 661 662 667 662 668 667 662 663 668 663 669 668 663 664 669 664 670 669 664 665 670 665 671 670 665 660 671 660 666 671 666 667 673 666 673 672 667 668 674 667 674 673 668 669 675 668 675 674 669 670 676 669 676 675 670 671 677 670 677 676 671 666 672 671 672 677 672 673 678 673 679 678 673 674 679 674 680 679 674 675 680 675 681 680 675 676 681 676 682 681 676 677 682 677 683 682 677 672 683 672 678 683 678 679 685 678 685 684 679 680 686 679 686 685 680 681 687 680 687 686 681 682 688 681 688 687 682 683 689 682 689 688 683 678 684 683 684 689 684 685 690 685 691 690 685 686 691 686 692 691 686 687 692 687 693 692 687 688 693 688 694 693 688 689 694 689 695 694 689 684 695 684 690 695 690 691 697 690 697 696 691 692 698 691 698 697 692 693 699 692 699 698 693 694 700 693 700 699 694 695 701 694 701 700 695 690 696 695 696 701 696 697 702 697 703 702 697 698 703 698 704 703 698 699 704 699 705 704 699 700 705 700 706 705 700 701 706 701 707 706 701 696 707 696 702 707 702 703 709 702 709 708 703 704 710 703 710 709 704 705 711 704 711 710 705 706 712 705 712 711 706 707 713 706 713 712 707 702 708 707 708 713 708 709 714 709 715 714 709 710 715 710 716 715 710 711 716 711 717 716 711 712 717 712 718 717 712 713 718 713 719 718 713 708 719 708 714 719 714 715 721 714 721 720 715 716 722 715 722 721 716 717 723 716 723 722 717 718 724 717 724 723 718 719 725 718 725 724 719 714 720 719 720 725 720 721 726 721 727 726 721 722 727 722 728 727 722 723 728 723 729 728 723 724 729 724 730 729 724 725 730 725 731 730 725 720 731 720 726 731 726 727 733 726 733 732 727 728 734 727 734 733 728 729 735 728 735 734 729 730 736 729 736 735 730 731 737 730 737 736 731 726 732 731 732 737 732 733 738 733 739 738 733 734 739 734 740 739 734 735 740 735 741 740 735 736 741 736 742 741 736 737 742 737 743 742 737 732 743 732 738 743 738 739 745 738 745 744 739 740 746 739 746 745 740 741 747 740 747 746 741 742 748 741 748 747 742 743 749 742 749 748 743 738 744 743 744 749 744 745 750 745 751 750 745 746 751 746 752 751 746 747 752 747 753 752 747 748 753 748 754 753 748 749 754 749 755 754 749 744 755 744 750 755 750 751 757 750 757 756 751 752 758 751 758 757 752 753 759 752 759 758 753 754 760 753 760 759 754 755 761 754 761 760 755 750 756 755 756 761 756 757 762 757 763 762 757 758 763 758 764 763 758 759 764 759 765 764 759 760 765 760 766 765 760 761 766 761 767 766 761 756 767 756 762 767 762 763 769 762 769 768 763 764 770 763 770 769 764 765 771 764 771 770 765 766 772 765 772 771 766 767 773 766 773 772 767 762 768 767 768 773 768 769 774 769 775 774 769 770 775 770 776 775 770 771 776 771 777 776 771 772 777 772 778 777 772 773 778 773 779 778 773 768 779 768 774 779 774 775 781 774 781 780 775 776 782 775 782 781 776 777 783 776 783 782 777 778 784 777 784 783 778 779 785 778 785 784 779 774 780 779 780 785 780 781 786 781 787 786 781 782 787 782 788 787 782 783 788 783 789 788 783 784 789 784 790 789 784 785 790 785 791 790 785 780 791 780 786 791 786 787 793 786 793 792 787 788 794 787 794 793 788 789 795 788 795 794 789 790 796 789 796 795 790 791 797 790 797 796 791 786 792 791 792 797 792 793 798 793 799 798 793 794 799 794 800 799 794 795 800 795 801 800 795 796 801 796 802 801 796 797 802 797 803 802 797 792 803 792 798 803 798 799 805 798 805 804 799 800 806 799 806 805 800 801 807 800 807 806 801 802 808 801 808 807 802 803 809 802 809 808 803 798 804 803 804 809 804 805 810 805 811 810 805 806 811 806 812 811 806 807 812 807 813 812 807 808 813 808 814 813 808 809 814 809 815 814 809 804 815 804 810 815 810 811 817 810 817 816 811 812 818 811 818 817 812 813 819 812 819 818 813 814 820 813 820 819 814 815 821 814 821 820 815 810 816 815 816 821 816 817 822 817 823 822 817 818 823 818 824 823 818 819 824 819 825 824 819 820 825 820 826 825 820 821 826 821 827 826 821 816 827 816 822 827 822 823 829 822 829 828 823 824 830 823 830 829 824 825 831 824 831 830 825 826 832 825 832 831 826 827 833 826 833 832 827 822 828 827 828 833 828 829 834 829 835 834 829 830 835 830 836 835 830 831 836 831 837 836 831 832 837 832 838 837 832 833 838 833 839 838 833 828 839 828 834 839 834 835 841 834 841 840 835 836 842 835 842 841 836 837 843 836 843 842 837 838 844 837 844 843 838 839 845 838 845 844 839 834 840 839 840 845 840 841 846 841 847 846 841 842 847 842 848 847 842 843 848 843 849 848 843 844 849 844 850 849 844 845 850 845 851 850 845 840 851 840 846 851 846 847 853 846 853 852 847 848 854 847 854 853 848 849 855 848 855 854 849 850 856 849 856 855 850 851 857 850 857 856 851 846 852 851 852 857 852 853 858 853 859 858 853 854 859 854 860 859 854 855 860 855 861 860 855 856 861 856 862 861 856 857 862 857 863 862 857 852 863 852 858 863 858 859 865 858 865 864 859 860 866 859 866 865 860 861 867 860 867 866 861 862 868 861 868 867 862 863 869 862 869 868 863 858 864 863 864 869 864 865 870 865 871 870 865 866 871 866 872 871 866 867 872 867 873 872 867 868 873 868 874 873 868 869 874 869 875 874 869 864 875 864 870 875 870 871 877 870 877 876 871 872 878 871 878 877 872 873 879 872 879 878 873 874 880 873 880 879 874 875 881 874 881 880 875 870 876 875 876 881 876 877 882 877 883 882 877 878 883 878 884 883 878 879 884 879 885 884 879 880 885 880 886 885 880 881 886 881 887 886 881 876 887 876 882 887 882 883 889 882 889 888 883 884 890 883 890 889 884 885 891 884 891 890 885 886 892 885 892 891 886 887 893 886 893 892 887 882 888 887 888 893 888 889 894 889 895 894 889 890 895 890 896 895 890 891 896 891 897 896 891 892 897 892 898 897 892 893 898 893 899 898 893 888 899 888 894 899 894 895 901 894 901 900 895 896 902 895 902 901 896 897 903 896 903 902 897 898 904 897 904 903 898 899 905 898 905 904 899 894 900 899 900 905 900 901 906 901 907 906 901 902 907 902 908 907 902 903 908 903 909 908 903 904 909 904 910 909 904 905 910 905 911 910 905 900 911 900 906 911 906 907 913 906 913 912 907 908 914 907 914 913 908 909 915 908 915 914 909 910 916 909 916 915 910 911 917 910 917 916 911 906 912 911 912 917 912 913 918 913 919 918 913 914 919 914 920 919 914 915 920 915 921 920 915 916 921 916 922 921 916 917 922 917 923 922 917 912 923 912 918 923 918 919 925 918 925 924 919 920 926 919 926 925 920 921 927 920 927 926 921 922 928 921 928 927 922 923 929 922 929 928 923 918 924 923 924 929 924 925 930 925 931 930 925 926 931 926 932 931 926 927 932 927 933 932 927 928 933 928 934 933 928 929 934 929 935 934 929 924 935 924 930 935 930 931 937 930 937 936 931 932 938 931 938 937 932 933 939 932 939 938 933 934 940 933 940 939 934 935 941 934 941 940 935 930 936 935 936 941 936 937 942 937 943 942 937 938 943 938 944 943 938 939 944 939 945 944 939 940 945 940 946 945 940 941 946 941 947 946 941 936 947 936 942 947 942 943 949 942 949 948 943 944 950 943 950 949 944 945 951 944 951 950 945 946 952 945 952 951 946 947 953 946 953 952 947 942 948 947 948 953 948 949 954 949 955 954 949 950 955 950 956 955 950 951 956 951 957 956 951 952 957 952 958 957 952 953 958 953 959 958 953 948 959 948 954 959 954 955 961 954 961 960 955 956 962 955 962 961 956 957 963 956 963 962 957 958 964 957 964 963 958 959 965 958 965 964 959 954 960 959 960 965 960 961 966 961 967 966 961 962 967 962 968 967 962 963 968 963 969 968 963 964 969 964 970 969 964 965 970 965 971 970 965 960 971 960 966 971 966 967 973 966 973 972 967 968 974 967 974 973 968 969 975 968 975 974 969 970 976 969 976 975 970 971 977 970 977 976 971 966 972 971 972 977 972 973 978 973 979 978 973 974 979 974 980 979 974 975 980 975 981 980 975 976 981 976 982 981 976 977 982 977 983 982 977 972 983 972 978 983 978 979 985 978 985 984 979 980 986 979 986 985 980 981 987 980 987 986 981 982 988 981 988 987 982 983 989 982 989 988 983 978 984 983 984 989 984 985 990 985 991 990 985 986 991 986 992 991 986 987 992 987 993 992 987 988 993 988 994 993 988 989 994 989 995 994 989 984 995 984 990 995 990 991 997 990 997 996 991 992 998 991 998 997 992 993 999 992 999 998 993 994 1000 993 1000 999 994 995 1001 994 1001 1000 995 990 996 995 996 1001 996 997 1002 997 1003 1002 997 998 1003 998 1004 1003 998 999 1004 999 1005 1004 999 1000 1005 1000 1006 1005 1000 1001 1006 1001 1007 1006 1001 996 1007 996 1002 1007 1002 1003 1009 1002 1009 1008 1003 1004 1010 1003 1010 1009 1004 1005 1011 1004 1011 1010 1005 1006 1012 1005 1012 1011 1006 1007 1013 1006 1013 1012 1007 1002 1008 1007 1008 1013 1008 1009 1014 1009 1015 1014 1009 1010 1015 1010 1016 1015 1010 1011 1016 1011 1017 1016 1011 1012 1017 1012 1018 1017 1012 1013 1018 1013 1019 1018 1013 1008 1019 1008 1014 1019 1014 1015 1021 1014 1021 1020 1015 1016 1022 1015 1022 1021 1016 1017 1023 1016 1023 1022 1017 1018 1024 1017 1024 1023 1018 1019 1025 1018 1025 1024 1019 1014 1020 1019 1020 1025 1020 1021 1026 1021 1027 1026 1021 1022 1027 1022 1028 1027 1022 1023 1028 1023 1029 1028 1023 1024 1029 1024 1030 1029 1024 1025 1030 1025 1031 1030 1025 1020 1031 1020 1026 1031 1026 1027 1033 1026 1033 1032 1027 1028 1034 1027 1034 1033 1028 1029 1035 1028 1035 1034 1029 1030 1036 1029 1036 1035 1030 1031 1037 1030 1037 1036 1031 1026 1032 1031 1032 1037 1032 1033 1038 1033 1039 1038 1033 1034 1039 1034 1040 1039 1034 1035 1040 1035 1041 1040 1035 1036 1041 1036 1042 1041 1036 1037 1042 1037 1043 1042 1037 1032 1043 1032 1038 1043 1038 1039 1045 1038 1045 1044 1039 1040 1046 1039 1046 1045 1040 1041 1047 1040 1047 1046 1041 1042 1048 1041 1048 1047 1042 1043 1049 1042 1049 1048 1043 1038 1044 1043 1044 1049 1044 1045 1050 1045 1051 1050 1045 1046 1051 1046 1052 1051 1046 1047 1052 1047 1053 1052 1047 1048 1053 1048 1054 1053 1048 1049 1054 1049 1055 1054 1049 1044 1055 1044 1050 1055 1050 1051 1057 1050 1057 1056 1051 1052 1058 1051 1058 1057 1052 1053 1059 1052 1059 1058 1053 1054 1060 1053 1060 1059 1054 1055 1061 1054 1061 1060 1055 1050 1056 1055 1056 1061 1056 1057 1062 1057 1063 1062 1057 1058 1063 1058 1064 1063 1058 1059 1064 1059 1065 1064 1059 1060 1065 1060 1066 1065 1060 1061 1066 1061 1067 1066 1061 1056 1067 1056 1062 1067 1062 1063 1069 1062 1069 1068 1063 1064 1070 1063 1070 1069 1064 1065 1071 1064 1071 1070 1065 1066 1072 1065 1072 1071 1066 1067 1073 1066 1073 1072 1067 1062 1068 1067 1068 1073 1068 1069 1074 1069 1075 1074 1069 1070 1075 1070 1076 1075 1070 1071 1076 1071 1077 1076 1071 1072 1077 1072 1078 1077 1072 1073 1078 1073 1079 1078 1073 1068 1079 1068 1074 1079 1074 1075 1081 1074 1081 1080 1075 1076 1082 1075 1082 1081 1076 1077 1083 1076 1083 1082 1077 1078 1084 1077 1084 1083 1078 1079 1085 1078 1085 1084 1079 1074 1080 1079 1080 1085 1080 1081 1086 1081 1087 1086 1081 1082 1087 1082 1088 1087 1082 1083 1088 1083 1089 1088 1083 1084 1089 1084 1090 1089 1084 1085 1090 1085 1091 1090 1085 1080 1091 1080 1086 1091 1086 1087 1093 1086 1093 1092 1087 1088 1094 1087 1094 1093 1088 1089 1095 1088 1095 1094 1089 1090 1096 1089 1096 1095 1090 1091 1097 1090 1097 1096 1091 1086 1092 1091 1092 1097 1092 1093 1098 1093 1099 1098 1093 1094 1099 1094 1100 1099 1094 1095 1100 1095 1101 1100 1095 1096 1101 1096 1102 1101 1096 1097 1102 1097 1103 1102 1097 1092 1103 1092 1098 1103 1098 1099 1105 1098 1105 1104 1099 1100 1106 1099 1106 1105 1100 1101 1107 1100 1107 1106 1101 1102 1108 1101 1108 1107 1102 1103 1109 1102 1109 1108 1103 1098 1104 1103 1104 1109 1104 1105 1110 1105 1111 1110 1105 1106 1111 1106 1112 1111 1106 1107 1112 1107 1113 1112 1107 1108 1113 1108 1114 1113 1108 1109 1114 1109 1115 1114 1109 1104 1115 1104 1110 1115 1110 1111 1117 1110 1117 1116 1111 1112 1118 1111 1118 1117 1112 1113 1119 1112 1119 1118 1113 1114 1120 1113 1120 1119 1114 1115 1121 1114 1121 1120 1115 1110 1116 1115 1116 1121 1116 1117 1122 1117 1123 1122 1117 1118 1123 1118 1124 1123 1118 1119 1124 1119 1125 1124 1119 1120 1125 1120 1126 1125 1120 1121 1126 1121 1127 1126 1121 1116 1127 1116 1122 1127 1122 1123 1129 1122 1129 1128 1123 1124 1130 1123 1130 1129 1124 1125 1131 1124 1131 1130 1125 1126 1132 1125 1132 1131 1126 1127 1133 1126 1133 1132 1127 1122 1128 1127 1128 1133 1128 1129 1134 1129 1135 1134 1129 1130 1135 1130 1136 1135 1130 1131 1136 1131 1137 1136 1131 1132 1137 1132 1138 1137 1132 1133 1138 1133 1139 1138 1133 1128 1139 1128 1134 1139 1134 1135 1141 1134 1141 1140 1135 1136 1142 1135 1142 1141 1136 1137 1143 1136 1143 1142 1137 1138 1144 1137 1144 1143 1138 1139 1145 1138 1145 1144 1139 1134 1140 1139 1140 1145 1140 1141 1146 1141 1147 1146 1141 1142 1147 1142 1148 1147 1142 1143 1148 1143 1149 1148 1143 1144 1149 1144 1150 1149 1144 1145 1150 1145 1151 1150 1145 1140 1151 1140 1146 1151 1146 1147 1153 1146 1153 1152 1147 1148 1154 1147 1154 1153 1148 1149 1155 1148 1155 1154 1149 1150 1156 1149 1156 1155 1150 1151 1157 1150 1157 1156 1151 1146 1152 1151 1152 1157 1152 1153 1158 1153 1159 1158 1153 1154 1159 1154 1160 1159 1154 1155 1160 1155 1161 1160 1155 1156 1161 1156 1162 1161 1156 1157 1162 1157 1163 1162 1157 1152 1163 1152 1158 1163 1158 1159 1165 1158 1165 1164 1159 1160 1166 1159 1166 1165 1160 1161 1167 1160 1167 1166 1161 1162 1168 1161 1168 1167 1162 1163 1169 1162 1169 1168 1163 1158 1164 1163 1164 1169 1164 1165 1170 1165 1171 1170 1165 1166 1171 1166 1172 1171 1166 1167 1172 1167 1173 1172 1167 1168 1173 1168 1174 1173 1168 1169 1174 1169 1175 1174 1169 1164 1175 1164 1170 1175 1170 1171 1177 1170 1177 1176 1171 1172 1178 1171 1178 1177 1172 1173 1179 1172 1179 1178 1173 1174 1180 1173 1180 1179 1174 1175 1181 1174 1181 1180 1175 1170 1176 1175 1176 1181 1176 1177 1182 1177 1183 1182 1177 1178 1183 1178 1184 1183 1178 1179 1184 1179 1185 1184 1179 1180 1185 1180 1186 1185 1180 1181 1186 1181 1187 1186 1181 1176 1187 1176 1182 1187 1182 1183 1189 1182 1189 1188 1183 1184 1190 1183 1190 1189 1184 1185 1191 1184 1191 1190 1185 1186 1192 1185 1192 1191 1186 1187 1193 1186 1193 1192 1187 1182 1188 1187 1188 1193 1188 1189 1194 1189 1195 1194 1189 1190 1195 1190 1196 1195 1190 1191 1196 1191 1197 1196 1191 1192 1197 1192 1198 1197 1192 1193 1198 1193 1199 1198 1193 1188 1199 1188 1194 1199 1194 1195 1201 1194 1201 1200 1195 1196 1202 1195 1202 1201 1196 1197 1203 1196 1203 1202 1197 1198 1204 1197 1204 1203 1198 1199 1205 1198 1205 1204 1199 1194 1200 1199 1200 1205 1200 1201 1206 1201 1207 1206 1201 1202 1207 1202 1208 1207 1202 1203 1208 1203 1209 1208 1203 1204 1209 1204 1210 1209 1204 1205 1210 1205 1211 1210 1205 1200 1211 1200 1206 1211 1206 1207 1213 1206 1213 1212 1207 1208 1214 1207 1214 1213 1208 1209 1215 1208 1215 1214 1209 1210 1216 1209 1216 1215 1210 1211 1217 1210 1217 1216 1211 1206 1212 1211 1212 1217 1212 1213 1218 1213 1219 1218 1213 1214 1219 1214 1220 1219 1214 1215 1220 1215 1221 1220 1215 1216 1221 1216 1222 1221 1216 1217 1222 1217 1223 1222 1217 1212 1223 1212 1218 1223 1218 1219 1225 1218 1225 1224 1219 1220 1226 1219 1226 1225 1220 1221 1227 1220 1227 1226 1221 1222 1228 1221 1228 1227 1222 1223 1229 1222 1229 1228 1223 1218 1224 1223 1224 1229 1224 1225 1230 1225 1231 1230 1225 1226 1231 1226 1232 1231 1226 1227 1232 1227 1233 1232 1227 1228 1233 1228 1234 1233 1228 1229 1234 1229 1235 1234 1229 1224 1235 1224 1230 1235 1230 1231 1237 1230 1237 1236 1231 1232 1238 1231 1238 1237 1232 1233 1239 1232 1239 1238 1233 1234 1240 1233 1240 1239 1234 1235 1241 1234 1241 1240 1235 1230 1236 1235 1236 1241 1236 1237 1242 1237 1243 1242 1237 1238 1243 1238 1244 1243 1238 1239 1244 1239 1245 1244 1239 1240 1245 1240 1246 1245 1240 1241 1246 1241 1247 1246 1241 1236 1247 1236 1242 1247 1242 1243 1249 1242 1249 1248 1243 1244 1250 1243 1250 1249 1244 1245 1251 1244 1251 1250 1245 1246 1252 1245 1252 1251 1246 1247 1253 1246 1253 1252 1247 1242 1248 1247 1248 1253 1248 1249 1254 1249 1255 1254 1249 1250 1255 1250 1256 1255 1250 1251 1256 1251 1257 1256 1251 1252 1257 1252 1258 1257 1252 1253 1258 1253 1259 1258 1253 1248 1259 1248 1254 1259 1254 1255 1261 1254 1261 1260 1255 1256 1262 1255 1262 1261 1256 1257 1263 1256 1263 1262 1257 1258 1264 1257 1264 1263 1258 1259 1265 1258 1265 1264 1259 1254 1260 1259 1260 1265 1260 1261 1266 1261 1267 1266 1261 1262 1267 1262 1268 1267 1262 1263 1268 1263 1269 1268 1263 1264 1269 1264 1270 1269 1264 1265 1270 1265 1271 1270 1265 1260 1271 1260 1266 1271 1266 1267 1273 1266 1273 1272 1267 1268 1274 1267 1274 1273 1268 1269 1275 1268 1275 1274 1269 1270 1276 1269 1276 1275 1270 1271 1277 1270 1277 1276 1271 1266 1272 1271 1272 1277 1272 1273 1278 1273 1279 1278 1273 1274 1279 1274 1280 1279 1274 1275 1280 1275 1281 1280 1275 1276 1281 1276 1282 1281 1276 1277 1282 1277 1283 1282 1277 1272 1283 1272 1278 1283 1278 1279 1285 1278 1285 1284 1279 1280 1286 1279 1286 1285 1280 1281 1287 1280 1287 1286 1281 1282 1288 1281 1288 1287 1282 1283 1289 1282 1289 1288 1283 1278 1284 1283 1284 1289 1284 1285 1290 1285 1291 1290 1285 1286 1291 1286 1292 1291 1286 1287 1292 1287 1293 1292 1287 1288 1293 1288 1294 1293 1288 1289 1294 1289 1295 1294 1289 1284 1295 1284 1290 1295 1290 1291 1297 1290 1297 1296 1291 1292 1298 1291 1298 1297 1292 1293 1299 1292 1299 1298 1293 1294 1300 1293 1300 1299 1294 1295 1301 1294 1301 1300 1295 1290 1296 1295 1296 1301 1296 1297 1302 1297 1303 1302 1297 1298 1303 1298 1304 1303 1298 1299 1304 1299 1305 1304 1299 1300 1305 1300 1306 1305 1300 1301 1306 1301 1307 1306 1301 1296 1307 1296 1302 1307 1302 1303 1309 1302 1309 1308 1303 1304 1310 1303 1310 1309 1304 1305 1311 1304 1311 1310 1305 1306 1312 1305 1312 1311 1306 1307 1313 1306 1313 1312 1307 1302 1308 1307 1308 1313 1308 1309 1314 1309 1315 1314 1309 1310 1315 1310 1316 1315 1310 1311 1316 1311 1317 1316 1311 1312 1317 1312 1318 1317 1312 1313 1318 1313 1319 1318 1313 1308 1319 1308 1314 1319 1314 1315 1321 1314 1321 1320 1315 1316 1322 1315 1322 1321 1316 1317 1323 1316 1323 1322 1317 1318 1324 1317 1324 1323 1318 1319 1325 1318 1325 1324 1319 1314 1320 1319 1320 1325 1326 1328 1327 1326 1329 1328 1326 1330 1329 1326 1331 1330 1326 1332 1331 1326 1327 1332 1333 1334 1335 1333 1335 1336 1333 1336 1337 1333 1337 1338 1333 1338 1339 1333 1339 1334" solid="false" colorPerVertex="false">
     <Coordinate point="-1 0 -0.01 -1 0.00866025 -0.005 -1 0.00866025 0.005 -1 1.22465e-18 0.01 -1 -0.00866025 0.005 -1 -0.00866025 -0.005 -0.990909 0.005 -0.00866025 -0.990909 0.01 -6.12323e-19 -0.990909 0.005 0.00866025 -0.990909 -0.005 0.00866025 -0.990909 -0.01 1.83697e-18 -0.990909 -0.005 -0.00866025 -0.981818 0 -0.01 -0.981818 0.00866025 -0.005 -0.981818 0.00866025 0.005 -0.981818 1.22465e-18 0.01 -0.981818 -0.00866025 0.005 -0.981818 -0.00866025 -0.005 -0.972727 0.005 -0.00866025 -0.972727 0.01 -6.12323e-19 -0.972727 0.005 0.00866025 -0.972727 -0.005 0.00866025 -0.972727 -0.01 1.83697e-18 -0.972727 -0.005 -0.00866025 -0.963636 0 -0.01 -0.963636 0.00866025 -0.005 -0.963636 0.00866025 0.005 -0.963636 1.22465e-18 0.01 -0.963636 -0.00866025 0.005 -0.963636 -0.00866025 -0.005 -0.954545 0.005 -0.00866025 -0.954545 0.01 -6.12323e-19 -0.954545 0.005 0.00866025 -0.954545 -0.005 0.00866025 -0.954545 -0.01 1.83697e-18 -0.954545 -0.005 -0.00866025 -0.945455 0 -0.01 -0.945455 0.00866025 -0.005 -0.945455 0.00866025 0.005 -0.945455 1.22465e-18 0.01 -0.945455 -0.00866025 0.005 -0.945455 -0.00866025 -0.005 -0.936364 0.005 -0.00866025 -0.936364 0.01 -6.12323e-19 -0.936364 0.005 0.00866025 -0.936364 -0.005 0.00866025 -0.936364 -0.01 1.83697e-18 -0.936364 -0.005 -0.00866025 -0.927273 0 -0.01 -0.927273 0.00866025 -0.005 -0.927273 0.00866025 0.005 -0.927273 1.22465e-18 0.01 -0.927273 -0.00866025 0.005 -0.927273 -0.00866025 -0.005 -0.918182 0.005 -0.00866025 -0.918182 0.01 -6.12323e-19 -0.918182 0.005 0.00866025 -0.918182 -0.005 0.00866025 -0.918182 -0.01 1.83697e-18 -0.918182 -0.005 -0.00866025 -0.909091 0 -0.01 -0.909091 0.00866025 -0.005 -0.909091 0.00866025 0.005 -0.909091 1.22465e-18 0.01 -0.909091 -0.00866025 0.005 -0.909091 -0.00866025 -0.005 -0.9 0.005 -0.00866025 -0.9 0.01 -6.12323e-19 -0.9 0.005 0.00866025 -0.9 -0.005 0.00866025 -0.9 -0.01 1.83697e-18 -0.9 -0.005 -0.00866025 -0.890909 0 -0.01 -0.890909 0.00866025 -0.005 -0.890909 0.00866025 0.005 -0.890909 1.22465e-18 0.01 -0.890909 -0.00866025 0.005 -0.890909 -0.00866025 -0.005 -0.881818 0.005 -0.00866025 -0.881818 0.01 -6.12323e-19 -0.881818 0.005 0.00866025 -0.881818 -0.005 0.00866025 -0.881818 -0.01 1.83697e-18 -0.881818 -0.005 -0.00866025 -0.872727 0 -0.01 -0.872727 0.00866025 -0.005 -0.872727 0.00866025 0.005 -0.872727 1.22465e-18 0.01 -0.872727 -0.00866025 0.005 -0.872727 -0.00866025 -0.005 -0.863636 0.005 -0.00866025 -0.863636 0.01 -6.12323e-19 -0.863636 0.005 0.00866025 -0.863636 -0.005 0.00866025 -0.863636 -0.01 1.83697e-18 -0.863636 -0.005 -0.00866025 -0.854545 0 -0.01 -0.854545 0.00866025 -0.005 -0.854545 0.00866025 0.005 -0.854545 1.22465e-18 0.01 -0.854545 -0.00866025 0.005 -0.854545 -0.00866025 -0.005 -0.845455 0.005 -0.00866025 -0.845455 0.01 -6.12323e-19 -0.845455 0.005 0.00866025 -0.845455 -0.005 0.00866025 -0.845455 -0.01 1.83697e-18 -0.845455 -0.005 -0.00866025 -0.836364 0 -0.01 -0.836364 0.00866025 -0.005 -0.836364 0.00866025 0.005 -0.836364 1.22465e-18 0.01 -0.836364 -0.00866025 0.005 -0.836364 -0.00866025 -0.005 -0.827273 0.005 -0.00866025 -0.827273 0.01 -6.12323e-19 -0.827273 0.005 0.00866025 -0.827273 -0.005 0.00866025 -0.827273 -0.01 1.83697e-18 -0.827273 -0.005 -0.00866025 -0.818182 0 -0.01 -0.818182 0.00866025 -0.005 -0.818182 0.00866025 0.005 -0.818182 1.22465e-18 0.01 -0.818182 -0.00866025 0.005 -0.818182 -0.00866025 -0.005 -0.809091 0.005 -0.00866025 -0.809091 0.01 -6.12323e-19 -0.809091 0.005 0.00866025 -0.809091 -0.005 0.00866025 -0.809091 -0.01 1.83697e-18 -0.809091 -0.005 -0.00866025 -0.8 0 -0.01 -0.8 0.00866025 -0.005 -0.8 0.00866025 0.005 -0.8 1.22465e-18 0.01 -0.8 -0.00866025 0.005 -0.8 -0.00866025 -0.005 -0.790909 0.005 -0.00866025 -0.790909 0.01 -6.12323e-19 -0.790909 0.005 0.00866025 -0.790909 -0.005 0.00866025 -0.790909 -0.01 1.83697e-18 -0.790909 -0.005 -0.00866025 -0.781818 0 -0.01 -0.781818 0.00866025 -0.005 -0.781818 0.00866025 0.005 -0.781818 1.22465e-18 0.01 -0.781818 -0.00866025 0.005 -0.781818 -0.00866025 -0.005 -0.772727 0.005 -0.00866025 -0.772727 0.01 -6.12323e-19 -0.772727 0.005 0.00866025 -0.772727 -0.005 0.00866025 -0.772727 -0.01 1.83697e-18 -0.772727 -0.005 -0.00866025 -0.763636 0 -0.01 -0.763636 0.00866025 -0.005 -0.763636 0.00866025 0.005 -0.763636 1.22465e-18 0.01 -0.763636 -0.00866025 0.005 -0.763636 -0.00866025 -0.005 -0.754545 0.005 -0.00866025 -0.754545 0.01 -6.12323e-19 -0.754545 0.005 0.00866025 -0.754545 -0.005 0.00866025 -0.754545 -0.01 1.83697e-18 -0.754545 -0.005 -0.00866025 -0.745455 0 -0.01 -0.745455 0.00866025 -0.005 -0.745455 0.00866025 0.005 -0.745455 1.22465e-18 0.01 -0.745455 -0.00866025 0.005 -0.745455 -0.00866025 -0.005 -0.736364 0.005 -0.00866025 -0.736364 0.01 -6.12323e-19 -0.736364 0.005 0.00866025 -0.736364 -0.005 0.00866025 -0.736364 -0.01 1.83697e-18 -0.736364 -0.005 -0.00866025 -0.727273 0 -0.01 -0.727273 0.00866025 -0.005 -0.727273 0.00866025 0.005 -0.727273 1.22465e-18 0.01 -0.727273 -0.00866025 0.005 -0.727273 -0.00866025 -0.005 -0.718182 0.005 -0.00866025 -0.718182 0.01 -6.12323e-19 -0.718182 0.005 0.00866025 -0.718182 -0.005 0.00866025 -0.718182 -0.01 1.83697e-18 -0.718182 -0.005 -0.00866025 -0.709091 0 -0.01 -0.709091 0.00866025 -0.005 -0.709091 0.00866025 0.005 -0.709091 1.22465e-18 0.01 -0.709091 -0.00866025 0.005 -0.709091 -0.00866025 -0.005 -0.7 0.005 -0.00866025 -0.7 0.01 -6.12323e-19 -0.7 0.005 0.00866025 -0.7 -0.005 0.00866025 -0.7 -0.01 1.83697e-18 -0.7 -0.005 -0.00866025 -0.690909 0 -0.01 -0.690909 0.00866025 -0.005 -0.690909 0.00866025 0.005 -0.690909 1.22465e-18 0.01 -0.690909 -0.00866025 0.005 -0.690909 -0.00866025 -0.005 -0.681818 0.005 -0.00866025 -0.681818 0.01 -6.12323e-19 -0.681818 0.005 0.00866025 -0.681818 -0.005 0.00866025 -0.681818 -0.01 1.83697e-18 -0.681818 -0.005 -0.00866025 -0.672727 0 -0.01 -0.672727 0.00866025 -0.005 -0.672727 0.00866025 0.005 -0.672727 1.22465e-18 0.01 -0.672727 -0.00866025 0.005 -0.672727 -0.00866025 -0.005 -0.663636 0.005 -0.00866025 -0.663636 0.01 -6.12323e-19 -0.663636 0.005 0.00866025 -0.663636 -0.005 0.00866025 -0.663636 -0.01 1.83697e-18 -0.663636 -0.005 -0.00866025 -0.654545 0 -0.01 -0.654545 0.00866025 -0.005 -0.654545 0.00866025 0.005 -0.654545 1.22465e-18 0.01 -0.654545 -0.00866025 0.005 -0.654545 -0.00866025 -0.005 -0.645455 0.005 -0.00866025 -0.645455 0.01 -6.12323e-19 -0.645455 0.005 0.00866025 -0.645455 -0.005 0.00866025 -0.645455 -0.01 1.83697e-18 -0.645455 -0.005 -0.00866025 -0.636364 0 -0.01 -0.636364 0.00866025 -0.005 -0.636364 0.00866025 0.005 -0.636364 1.22465e-18 0.01 -0.636364 -0.00866025 0.005 -0.636364 -0.00866025 -0.005 -0.627273 0.005 -0.00866025 -0.627273 0.01 -6.12323e-19 -0.627273 0.005 0.00866025 -0.627273 -0.005 0.00866025 -0.627273 -0.01 1.83697e-18 -0.627273 -0.005 -0.00866025 -0.618182 0 -0.01 -0.618182 0.00866025 -0.005 -0.618182 0.00866025 0.005 -0.618182 1.22465e-18 0.01 -0.618182 -0.00866025 0.005 -0.618182 -0.00866025 -0.005 -0.609091 0.005 -0.00866025 -0.609091 0.01 -6.12323e-19 -0.609091 0.005 0.00866025 -0.609091 -0.005 0.00866025 -0.609091 -0.01 1.83697e-18 -0.609091 -0.005 -0.00866025 -0.6 0 -0.01 -0.6 0.00866025 -0.005 -0.6 0.00866025 0.005 -0.6 1.22465e-18 0.01 -0.6 -0.00866025 0.005 -0.6 -0.00866025 -0.005 -0.590909 0.005 -0.00866025 -0.590909 0.01 -6.12323e-19 -0.590909 0.005 0.00866025 -0.590909 -0.005 0.00866025 -0.590909 -0.01 1.83697e-18 -0.590909 -0.005 -0.00866025 -0.581818 0 -0.01 -0.581818 0.00866025 -0.005 -0.581818 0.00866025 0.005 -0.581818 1.22465e-18 0.01 -0.581818 -0.00866025 0.005 -0.581818 -0.00866025 -0.005 -0.572727 0.005 -0.00866025 -0.572727 0.01 -6.12323e-19 -0.572727 0.005 0.00866025 -0.572727 -0.005 0.00866025 -0.572727 -0.01 1.83697e-18 -0.572727 -0.005 -0.00866025 -0.563636 0 -0.01 -0.563636 0.00866025 -0.005 -0.563636 0.00866025 0.005 -0.563636 1.22465e-18 0.01 -0.563636 -0.00866025 0.005 -0.563636 -0.00866025 -0.005 -0.554545 0.005 -0.00866025 -0.554545 0.01 -6.12323e-19 -0.554545 0.005 0.00866025 -0.554545 -0.005 0.00866025 -0.554545 -0.01 1.83697e-18 -0.554545 -0.005 -0.00866025 -0.545455 0 -0.01 -0.545455 0.00866025 -0.005 -0.545455 0.00866025 0.005 -0.545455 1.22465e-18 0.01 -0.545455 -0.00866025 0.005 -0.545455 -0.00866025 -0.005 -0.536364 0.005 -0.00866025 -0.536364 0.01 -6.12323e-19 -0.536364 0.005 0.00866025 -0.536364 -0.005 0.00866025 -0.536364 -0.01 1.83697e-18 -0.536364 -0.005 -0.00866025 -0.527273 0 -0.01 -0.527273 0.00866025 -0.005 -0.527273 0.00866025 0.005 -0.527273 1.22465e-18 0.01 -0.527273 -0.00866025 0.005 -0.527273 -0.00866025 -0.005 -0.518182 0.005 -0.00866025 -0.518182 0.01 -6.12323e-19 -0.518182 0.005 0.00866025 -0.518182 -0.005 0.00866025 -0.518182 -0.01 1.83697e-18 -0.518182 -0.005 -0.00866025 -0.509091 0 -0.01 -0.509091 0.00866025 -0.005 -0.509091 0.00866025 0.005 -0.509091 1.22465e-18 0.01 -0.509091 -0.00866025 0.005 -0.509091 -0.00866025 -0.005 -0.5 0.005 -0.00866025 -0.5 0.01 -6.12323e-19 -0.5 0.005 0.00866025 -0.5 -0.005 0.00866025 -0.5 -0.01 1.83697e-18 -0.5 -0.005 -0.00866025 -0.490909 0 -0.01 -0.490909 0.00866025 -0.005 -0.490909 0.00866025 0.005 -0.490909 1.22465e-18 0.01 -0.490909 -0.00866025 0.005 -0.490909 -0.00866025 -0.005 -0.481818 0.005 -0.00866025 -0.481818 0.01 -6.12323e-19 -0.481818 0.005 0.00866025 -0.481818 -0.005 0.00866025 -0.481818 -0.01 1.83697e-18 -0.481818 -0.005 -0.00866025 -0.472727 0 -0.01 -0.472727 0.00866025 -0.005 -0.472727 0.00866025 0.005 -0.472727 1.22465e-18 0.01 -0.472727 -0.00866025 0.005 -0.472727 -0.00866025 -0.005 -0.463636 0.005 -0.00866025 -0.463636 0.01 -6.12323e-19 -0.463636 0.005 0.00866025 -0.463636 -0.005 0.00866025 -0.463636 -0.01 1.83697e-18 -0.463636 -0.005 -0.00866025 -0.454545 0 -0.01 -0.454545 0.00866025 -0.005 -0.454545 0.00866025 0.005 -0.454545 1.22465e-18 0.01 -0.454545 -0.00866025 0.005 -0.454545 -0.00866025 -0.005 -0.445455 0.005 -0.00866025 -0.445455 0.01 -6.12323e-19 -0.445455 0.005 0.00866025 -0.445455 -0.005 0.00866025 -0.445455 -0.01 1.83697e-18 -0.445455 -0.005 -0.00866025 -0.436364 0 -0.01 -0.436364 0.00866025 -0.005 -0.436364 0.00866025 0.005 -0.436364 1.22465e-18 0.01 -0.436364 -0.00866025 0.005 -0.436364 -0.00866025 -0.005 -0.427273 0.005 -0.00866025 -0.427273 0.01 -6.12323e-19 -0.427273 0.005 0.00866025 -0.427273 -0.005 0.00866025 -0.427273 -0.01 1.83697e-18 -0.427273 -0.005 -0.00866025 -0.418182 0 -0.01 -0.418182 0.00866025 -0.005 -0.418182 0.00866025 0.005 -0.418182 1.22465e-18 0.01 -0.418182 -0.00866025 0.005 -0.418182 -0.00866025 -0.005 -0.409091 0.005 -0.00866025 -0.409091 0.01 -6.12323e-19 -0.409091 0.005 0.00866025 -0.409091 -0.005 0.00866025 -0.409091 -0.01 1.83697e-18 -0.409091 -0.005 -0.00866025 -0.4 0 -0.01 -0.4 0.00866025 -0.005 -0.4 0.00866025 0.005 -0.4 1.22465e-18 0.01 -0.4 -0.00866025 0.005 -0.4 -0.00866025 -0.005 -0.390909 0.005 -0.00866025 -0.390909 0.01 -6.12323e-19 -0.390909 0.005 0.00866025 -0.390909 -0.005 0.00866025 -0.390909 -0.01 1.83697e-18 -0.390909 -0.005 -0.00866025 -0.381818 0 -0.01 -0.381818 0.00866025 -0.005 -0.381818 0.00866025 0.005 -0.381818 1.22465e-18 0.01 -0.381818 -0.00866025 0.005 -0.381818 -0.00866025 -0.005 -0.372727 0.005 -0.00866025 -0.372727 0.01 -6.12323e-19 -0.372727 0.005 0.00866025 -0.372727 -0.005 0.00866025 -0.372727 -0.01 1.83697e-18 -0.372727 -0.005 -0.00866025 -0.363636 0 -0.01 -0.363636 0.00866025 -0.005 -0.363636 0.00866025 0.005 -0.363636 1.22465e-18 0.01 -0.363636 -0.00866025 0.005 -0.363636 -0.00866025 -0.005 -0.354545 0.005 -0.00866025 -0.354545 0.01 -6.12323e-19 -0.354545 0.005 0.00866025 -0.354545 -0.005 0.00866025 -0.354545 -0.01 1.83697e-18 -0.354545 -0.005 -0.00866025 -0.345455 0 -0.01 -0.345455 0.00866025 -0.005 -0.345455 0.00866025 0.005 -0.345455 1.22465e-18 0.01 -0.345455 -0.00866025 0.005 -0.345455 -0.00866025 -0.005 -0.336364 0.005 -0.00866025 -0.336364 0.01 -6.12323e-19 -0.336364 0.005 0.00866025 -0.336364 -0.005 0.00866025 -0.336364 -0.01 1.83697e-18 -0.336364 -0.005 -0.00866025 -0.327273 0 -0.01 -0.327273 0.00866025 -0.005 -0.327273 0.00866025 0.005 -0.327273 1.22465e-18 0.01 -0.327273 -0.00866025 0.005 -0.327273 -0.00866025 -0.005 -0.318182 0.005 -0.00866025 -0.318182 0.01 -6.12323e-19 -0.318182 0.005 0.00866025 -0.318182 -0.005 0.00866025 -0.318182 -0.01 1.83697e-18 -0.318182 -0.005 -0.00866025 -0.309091 0 -0.01 -0.309091 0.00866025 -0.005 -0.309091 0.00866025 0.005 -0.309091 1.22465e-18 0.01 -0.309091 -0.00866025 0.005 -0.309091 -0.00866025 -0.005 -0.3 0.005 -0.00866025 -0.3 0.01 -6.12323e-19 -0.3 0.005 0.00866025 -0.3 -0.005 0.00866025 -0.3 -0.01 1.83697e-18 -0.3 -0.005 -0.00866025 -0.290909 0 -0.01 -0.290909 0.00866025 -0.005 -0.290909 0.00866025 0.005 -0.290909 1.22465e-18 0.01 -0.290909 -0.00866025 0.005 -0.290909 -0.00866025 -0.005 -0.281818 0.005 -0.00866025 -0.281818 0.01 -6.12323e-19 -0.281818 0.005 0.00866025 -0.281818 -0.005 0.00866025 -0.281818 -0.01 1.83697e-18 -0.281818 -0.005 -0.00866025 -0.272727 0 -0.01 -0.272727 0.00866025 -0.005 -0.272727 0.00866025 0.005 -0.272727 1.22465e-18 0.01 -0.272727 -0.00866025 0.005 -0.272727 -0.00866025 -0.005 -0.263636 0.005 -0.00866025 -0.263636 0.01 -6.12323e-19 -0.263636 0.005 0.00866025 -0.263636 -0.005 0.00866025 -0.263636 -0.01 1.83697e-18 -0.263636 -0.005 -0.00866025 -0.254545 0 -0.01 -0.254545 0.00866025 -0.005 -0.254545 0.00866025 0.005 -0.254545 1.22465e-18 0.01 -0.254545 -0.00866025 0.005 -0.254545 -0.00866025 -0.005 -0.245455 0.005 -0.00866025 -0.245455 0.01 -6.12323e-19 -0.245455 0.005 0.00866025 -0.245455 -0.005 0.00866025 -0.245455 -0.01 1.83697e-18 -0.245455 -0.005 -0.00866025 -0.236364 0 -0.01 -0.236364 0.00866025 -0.005 -0.236364 0.00866025 0.005 -0.236364 1.22465e-18 0.01 -0.236364 -0.00866025 0.005 -0.236364 -0.00866025 -0.005 -0.227273 0.005 -0.00866025 -0.227273 0.01 -6.12323e-19 -0.227273 0.005 0.00866025 -0.227273 -0.005 0.00866025 -0.227273 -0.01 1.83697e-18 -0.227273 -0.005 -0.00866025 -0.218182 0 -0.01 -0.218182 0.00866025 -0.005 -0.218182 0.00866025 0.005 -0.218182 1.22465e-18 0.01 -0.218182 -0.00866025 0.005 -0.218182 -0.00866025 -0.005 -0.209091 0.005 -0.00866025 -0.209091 0.01 -6.12323e-19 -0.209091 0.005 0.00866025 -0.209091 -0.005 0.00866025 -0.209091 -0.01 1.83697e-18 -0.209091 -0.005 -0.00866025 -0.2 0 -0.01 -0.2 0.00866025 -0.005 -0.2 0.00866025 0.005 -0.2 1.22465e-18 0.01 -0.2 -0.00866025 0.005 -0.2 -0.00866025 -0.005 -0.190909 0.005 -0.00866025 -0.190909 0.01 -6.12323e-19 -0.190909 0.005 0.00866025 -0.190909 -0.005 0.00866025 -0.190909 -0.01 1.83697e-18 -0.190909 -0.005 -0.00866025 -0.181818 0 -0.01 -0.181818 0.00866025 -0.005 -0.181818 0.00866025 0.005 -0.181818 1.22465e-18 0.01 -0.181818 -0.00866025 0.005 -0.181818 -0.00866025 -0.005 -0.172727 0.005 -0.00866025 -0.172727 0.01 -6.12323e-19 -0.172727 0.005 0.00866025 -0.172727 -0.005 0.00866025 -0.172727 -0.01 1.83697e-18 -0.172727 -0.005 -0.00866025 -0.163636 0 -0.01 -0.163636 0.00866025 -0.005 -0.163636 0.00866025 0.005 -0.163636 1.22465e-18 0.01 -0.163636 -0.00866025 0.005 -0.163636 -0.00866025 -0.005 -0.154545 0.005 -0.00866025 -0.154545 0.01 -6.12323e-19 -0.154545 0.005 0.00866025 -0.154545 -0.005 0.00866025 -0.154545 -0.01 1.83697e-18 -0.154545 -0.005 -0.00866025 -0.145455 0 -0.01 -0.145455 0.00866025 -0.005 -0.145455 0.00866025 0.005 -0.145455 1.22465e-18 0.01 -0.145455 -0.00866025 0.005 -0.145455 -0.00866025 -0.005 -0.136364 0.005 -0.00866025 -0.136364 0.01 -6.12323e-19 -0.136364 0.005 0.00866025 -0.136364 -0.005 0.00866025 -0.136364 -0.01 1.83697e-18 -0.136364 -0.005 -0.00866025 -0.127273 0 -0.01 -0.127273 0.00866025 -0.005 -0.127273 0.00866025 0.005 -0.127273 1.22465e-18 0.01 -0.127273 -0.00866025 0.005 -0.127273 -0.00866025 -0.005 -0.118182 0.005 -0.00866025 -0.118182 0.01 -6.12323e-19 -0.118182 0.005 0.00866025 -0.118182 -0.005 0.00866025 -0.118182 -0.01 1.83697e-18 -0.118182 -0.005 -0.00866025 -0.109091 0 -0.01 -0.109091 0.00866025 -0.005 -0.109091 0.00866025 0.005 -0.109091 1.22465e-18 0.01 -0.109091 -0.00866025 0.005 -0.109091 -0.00866025 -0.005 -0.1 0.005 -0.00866025 -0.1 0.01 -6.12323e-19 -0.1 0.005 0.00866025 -0.1 -0.005 0.00866025 -0.1 -0.01 1.83697e-18 -0.1 -0.005 -0.00866025 -0.0909091 0 -0.01 -0.0909091 0.00866025 -0.005 -0.0909091 0.00866025 0.005 -0.0909091 1.22465e-18 0.01 -0.0909091 -0.00866025 0.005 -0.0909091 -0.00866025 -0.005 -0.0818182 0.005 -0.00866025 -0.0818182 0.01 -6.12323e-19 -0.0818182 0.005 0.00866025 -0.0818182 -0.005 0.00866025 -0.0818182 -0.01 1.83697e-18 -0.0818182 -0.005 -0.00866025 -0.0727273 0 -0.01 -0.0727273 0.00866025 -0.005 -0.0727273 0.00866025 0.005 -0.0727273 1.22465e-18 0.01 -0.0727273 -0.00866025 0.005 -0.0727273 -0.00866025 -0.005 -0.0636364 0.005 -0.00866025 -0.0636364 0.01 -6.12323e-19 -0.0636364 0.005 0.00866025 -0.0636364 -0.005 0.00866025 -0.0636364 -0.01 1.83697e-18 -0.0636364 -0.005 -0.00866025 -0.0545455 0 -0.01 -0.0545455 0.00866025 -0.005 -0.0545455 0.00866025 0.005 -0.0545455 1.22465e-18 0.01 -0.0545455 -0.00866025 0.005 -0.0545455 -0.00866025 -0.005 -0.0454545 0.005 -0.00866025 -0.0454545 0.01 -6.12323e-19 -0.0454545 0.005 0.00866025 -0.0454545 -0.005 0.00866025 -0.0454545 -0.01 1.83697e-18 -0.0454545 -0.005 -0.00866025 -0.0363636 0 -0.01 -0.0363636 0.00866025 -0.005 -0.0363636 0.00866025 0.005 -0.0363636 1.22465e-18 0.01 -0.0363636 -0.00866025 0.005 -0.0363636 -0.00866025 -0.005 -0.0272727 0.005 -0.00866025 -0.0272727 0.01 -6.12323e-19 -0.0272727 0.005 0.00866025 -0.0272727 -0.005 0.00866025 -0.0272727 -0.01 1.83697e-18 -0.0272727 -0.005 -0.00866025 -0.0181818 0 -0.01 -0.0181818 0.00866025 -0.005 -0.0181818 0.00866025 0.005 -0.0181818 1.22465e-18 0.01 -0.0181818 -0.00866025 0.005 -0.0181818 -0.00866025 -0.005 -0.00909091 0.005 -0.00866025 -0.00909091 0.01 -6.12323e-19 -0.00909091 0.005 0.00866025 -0.00909091 -0.005 0.00866025 -0.00909091 -0.01 1.83697e-18 -0.00909091 -0.005 -0.00866025 0 0 -0.01 0 0.00866025 -0.005 0 0.00866025 0.005 0 1.22465e-18 0.01 0 -0.00866025 0.005 0 -0.00866025 -0.005 0.00909091 0.005 -0.00866025 0.00909091 0.01 -6.12323e-19 0.00909091 0.005 0.00866025 0.00909091 -0.005 0.00866025 0.00909091 -0.01 1.83697e-18 0.00909091 -0.005 -0.00866025 0.0181818 0 -0.01 0.0181818 0.00866025 -0.005 0.0181818 0.00866025 0.005 0.0181818 1.22465e-18 0.01 0.0181818 -0.00866025 0.005 0.0181818 -0.00866025 -0.005 0.0272727 0.005 -0.00866025 0.0272727 0.01 -6.12323e-19 0.0272727 0.005 0.00866025 0.0272727 -0.005 0.00866025 0.0272727 -0.01 1.83697e-18 0.0272727 -0.005 -0.00866025 0.0363636 0 -0.01 0.0363636 0.00866025 -0.005 0.0363636 0.00866025 0.005 0.0363636 1.22465e-18 0.01 0.0363636 -0.00866025 0.005 0.0363636 -0.00866025 -0.005 0.0454545 0.005 -0.00866025 0.0454545 0.01 -6.12323e-19 0.0454545 0.005 0.00866025 0.0454545 -0.005 0.00866025 0.0454545 -0.01 1.83697e-18 0.0454545 -0.005 -0.00866025 0.0545455 0 -0.01 0.0545455 0.00866025 -0.005 0.0545455 0.00866025 0.005 0.0545455 1.22465e-18 0.01 0.0545455 -0.00866025 0.005 0.0545455 -0.00866025 -0.005 0.0636364 0.005 -0.00866025 0.0636364 0.01 -6.12323e-19 0.0636364 0.005 0.00866025 0.0636364 -0.005 0.00866025 0.0636364 -0.01 1.83697e-18 0.0636364 -0.005 -0.00866025 0.0727273 0 -0.01 0.0727273 0.00866025 -0.005 0.0727273 0.00866025 0.005 0.0727273 1.22465e-18 0.01 0.0727273 -0.00866025 0.005 0.0727273 -0.00866025 -0.005 0.0818182 0.005 -0.00866025 0.0818182 0.01 -6.12323e-19 0.0818182 0.005 0.00866025 0.0818182 -0.005 0.00866025 0.0818182 -0.01 1.83697e-18 0.0818182 -0.005 -0.00866025 0.0909091 0 -0.01 0.0909091 0.00866025 -0.005 0.0909091 0.00866025 0.005 0.0909091 1.22465e-18 0.01 0.0909091 -0.00866025 0.005 0.0909091 -0.00866025 -0.005 0.1 0.005 -0.00866025 0.1 0.01 -6.12323e-19 0.1 0.005 0.00866025 0.1 -0.005 0.00866025 0.1 -0.01 1.83697e-18 0.1 -0.005 -0.00866025 0.109091 0 -0.01 0.109091 0.00866025 -0.005 0.109091 0.00866025 0.005 0.109091 1.22465e-18 0.01 0.109091 -0.00866025 0.005 0.109091 -0.00866025 -0.005 0.118182 0.005 -0.00866025 0.118182 0.01 -6.12323e-19 0.118182 0.005 0.00866025 0.118182 -0.005 0.00866025 0.118182 -0.01 1.83697e-18 0.118182 -0.005 -0.00866025 0.127273 0 -0.01 0.127273 0.00866025 -0.005 0.127273 0.00866025 0.005 0.127273 1.22465e-18 0.01 0.127273 -0.00866025 0.005 0.127273 -0.00866025 -0.005 0.136364 0.005 -0.00866025 0.136364 0.01 -6.12323e-19 0.136364 0.005 0.00866025 0.136364 -0.005 0.00866025 0.136364 -0.01 1.83697e-18 0.136364 -0.005 -0.00866025 0.145455 0 -0.01 0.145455 0.00866025 -0.005 0.145455 0.00866025 0.005 0.145455 1.22465e-18 0.01 0.145455 -0.00866025 0.005 0.145455 -0.00866025 -0.005 0.154545 0.005 -0.00866025 0.154545 0.01 -6.12323e-19 0.154545 0.005 0.00866025 0.154545 -0.005 0.00866025 0.154545 -0.01 1.83697e-18 0.154545 -0.005 -0.00866025 0.163636 0 -0.01 0.163636 0.00866025 -0.005 0.163636 0.00866025 0.005 0.163636 1.22465e-18 0.01 0.163636 -0.00866025 0.005 0.163636 -0.00866025 -0.005 0.172727 0.005 -0.00866025 0.172727 0.01 -6.12323e-19 0.172727 0.005 0.00866025 0.172727 -0.005 0.00866025 0.172727 -0.01 1.83697e-18 0.172727 -0.005 -0.00866025 0.181818 0 -0.01 0.181818 0.00866025 -0.005 0.181818 0.00866025 0.005 0.181818 1.22465e-18 0.01 0.181818 -0.00866025 0.005 0.181818 -0.00866025 -0.005 0.190909 0.005 -0.00866025 0.190909 0.01 -6.12323e-19 0.190909 0.005 0.00866025 0.190909 -0.005 0.00866025 0.190909 -0.01 1.83697e-18 0.190909 -0.005 -0.00866025 0.2 0 -0.01 0.2 0.00866025 -0.005 0.2 0.00866025 0.005 0.2 1.22465e-18 0.01 0.2 -0.00866025 0.005 0.2 -0.00866025 -0.005 0.209091 0.005 -0.00866025 0.209091 0.01 -6.12323e-19 0.209091 0.005 0.00866025 0.209091 -0.005 0.00866025 0.209091 -0.01 1.83697e-18 0.209091 -0.005 -0.00866025 0.218182 0 -0.01 0.218182 0.00866025 -0.005 0.218182 0.00866025 0.005 0.218182 1.22465e-18 0.01 0.218182 -0.00866025 0.005 0.218182 -0.00866025 -0.005 0.227273 0.005 -0.00866025 0.227273 0.01 -6.12323e-19 0.227273 0.005 0.00866025 0.227273 -0.005 0.00866025 0.227273 -0.01 1.83697e-18 0.227273 -0.005 -0.00866025 0.236364 0 -0.01 0.236364 0.00866025 -0.005 0.236364 0.00866025 0.005 0.236364 1.22465e-18 0.01 0.236364 -0.00866025 0.005 0.236364 -0.00866025 -0.005 0.245455 0.005 -0.00866025 0.245455 0.01 -6.12323e-19 0.245455 0.005 0.00866025 0.245455 -0.005 0.00866025 0.245455 -0.01 1.83697e-18 0.245455 -0.005 -0.00866025 0.254545 0 -0.01 0.254545 0.00866025 -0.005 0.254545 0.00866025 0.005 0.254545 1.22465e-18 0.01 0.254545 -0.00866025 0.005 0.254545 -0.00866025 -0.005 0.263636 0.005 -0.00866025 0.263636 0.01 -6.12323e-19 0.263636 0.005 0.00866025 0.263636 -0.005 0.00866025 0.263636 -0.01 1.83697e-18 0.263636 -0.005 -0.00866025 0.272727 0 -0.01 0.272727 0.00866025 -0.005 0.272727 0.00866025 0.005 0.272727 1.22465e-18 0.01 0.272727 -0.00866025 0.005 0.272727 -0.00866025 -0.005 0.281818 0.005 -0.00866025 0.281818 0.01 -6.12323e-19 0.281818 0.005 0.00866025 0.281818 -0.005 0.00866025 0.281818 -0.01 1.83697e-18 0.281818 -0.005 -0.00866025 0.290909 0 -0.01 0.290909 0.00866025 -0.005 0.290909 0.00866025 0.005 0.290909 1.22465e-18 0.01 0.290909 -0.00866025 0.005 0.290909 -0.00866025 -0.005 0.3 0.005 -0.00866025 0.3 0.01 -6.12323e-19 0.3 0.005 0.00866025 0.3 -0.005 0.00866025 0.3 -0.01 1.83697e-18 0.3 -0.005 -0.00866025 0.309091 0 -0.01 0.309091 0.00866025 -0.005 0.309091 0.00866025 0.005 0.309091 1.22465e-18 0.01 0.309091 -0.00866025 0.005 0.309091 -0.00866025 -0.005 0.318182 0.005 -0.00866025 0.318182 0.01 -6.12323e-19 0.318182 0.005 0.00866025 0.318182 -0.005 0.00866025 0.318182 -0.01 1.83697e-18 0.318182 -0.005 -0.00866025 0.327273 0 -0.01 0.327273 0.00866025 -0.005 0.327273 0.00866025 0.005 0.327273 1.22465e-18 0.01 0.327273 -0.00866025 0.005 0.327273 -0.00866025 -0.005 0.336364 0.005 -0.00866025 0.336364 0.01 -6.12323e-19 0.336364 0.005 0.00866025 0.336364 -0.005 0.00866025 0.336364 -0.01 1.83697e-18 0.336364 -0.005 -0.00866025 0.345455 0 -0.01 0.345455 0.00866025 -0.005 0.345455 0.00866025 0.005 0.345455 1.22465e-18 0.01 0.345455 -0.00866025 0.005 0.345455 -0.00866025 -0.005 0.354545 0.005 -0.00866025 0.354545 0.01 -6.12323e-19 0.354545 0.005 0.00866025 0.354545 -0.005 0.00866025 0.354545 -0.01 1.83697e-18 0.354545 -0.005 -0.00866025 0.363636 0 -0.01 0.363636 0.00866025 -0.005 0.363636 0.00866025 0.005 0.363636 1.22465e-18 0.01 0.363636 -0.00866025 0.005 0.363636 -0.00866025 -0.005 0.372727 0.005 -0.00866025 0.372727 0.01 -6.12323e-19 0.372727 0.005 0.00866025 0.372727 -0.005 0.00866025 0.372727 -0.01 1.83697e-18 0.372727 -0.005 -0.00866025 0.381818 0 -0.01 0.381818 0.00866025 -0.005 0.381818 0.00866025 0.005 0.381818 1.22465e-18 0.01 0.381818 -0.00866025 0.005 0.381818 -0.00866025 -0.005 0.390909 0.005 -0.00866025 0.390909 0.01 -6.12323e-19 0.390909 0.005 0.00866025 0.390909 -0.005 0.00866025 0.390909 -0.01 1.83697e-18 0.390909 -0.005 -0.00866025 0.4 0 -0.01 0.4 0.00866025 -0.005 0.4 0.00866025 0.005 0.4 1.22465e-18 0.01 0.4 -0.00866025 0.005 0.4 -0.00866025 -0.005 0.409091 0.005 -0.00866025 0.409091 0.01 -6.12323e-19 0.409091 0.005 0.00866025 0.409091 -0.005 0.00866025 0.409091 -0.01 1.83697e-18 0.409091 -0.005 -0.00866025 0.418182 0 -0.01 0.418182 0.00866025 -0.005 0.418182 0.00866025 0.005 0.418182 1.22465e-18 0.01 0.418182 -0.00866025 0.005 0.418182 -0.00866025 -0.005 0.427273 0.005 -0.00866025 0.427273 0.01 -6.12323e-19 0.427273 0.005 0.00866025 0.427273 -0.005 0.00866025 0.427273 -0.01 1.83697e-18 0.427273 -0.005 -0.00866025 0.436364 0 -0.01 0.436364 0.00866025 -0.005 0.436364 0.00866025 0.005 0.436364 1.22465e-18 0.01 0.436364 -0.00866025 0.005 0.436364 -0.00866025 -0.005 0.445455 0.005 -0.00866025 0.445455 0.01 -6.12323e-19 0.445455 0.005 0.00866025 0.445455 -0.005 0.00866025 0.445455 -0.01 1.83697e-18 0.445455 -0.005 -0.00866025 0.454545 0 -0.01 0.454545 0.00866025 -0.005 0.454545 0.00866025 0.005 0.454545 1.22465e-18 0.01 0.454545 -0.00866025 0.005 0.454545 -0.00866025 -0.005 0.463636 0.005 -0.00866025 0.463636 0.01 -6.12323e-19 0.463636 0.005 0.00866025 0.463636 -0.005 0.00866025 0.463636 -0.01 1.83697e-18 0.463636 -0.005 -0.00866025 0.472727 0 -0.01 0.472727 0.00866025 -0.005 0.472727 0.00866025 0.005 0.472727 1.22465e-18 0.01 0.472727 -0.00866025 0.005 0.472727 -0.00866025 -0.005 0.481818 0.005 -0.00866025 0.481818 0.01 -6.12323e-19 0.481818 0.005 0.00866025 0.481818 -0.005 0.00866025 0.481818 -0.01 1.83697e-18 0.481818 -0.005 -0.00866025 0.490909 0 -0.01 0.490909 0.00866025 -0.005 0.490909 0.00866025 0.005 0.490909 1.22465e-18 0.01 0.490909 -0.00866025 0.005 0.490909 -0.00866025 -0.005 0.5 0.005 -0.00866025 0.5 0.01 -6.12323e-19 0.5 0.005 0.00866025 0.5 -0.005 0.00866025 0.5 -0.01 1.83697e-18 0.5 -0.005 -0.00866025 0.509091 0 -0.01 0.509091 0.00866025 -0.005 0.509091 0.00866025 0.005 0.509091 1.22465e-18 0.01 0.509091 -0.00866025 0.005 0.509091 -0.00866025 -0.005 0.518182 0.005 -0.00866025 0.518182 0.01 -6.12323e-19 0.518182 0.005 0.00866025 0.518182 -0.005 0.00866025 0.518182 -0.01 1.83697e-18 0.518182 -0.005 -0.00866025 0.527273 0 -0.01 0.527273 0.00866025 -0.005 0.527273 0.00866025 0.005 0.527273 1.22465e-18 0.01 0.527273 -0.00866025 0.005 0.527273 -0.00866025 -0.005 0.536364 0.005 -0.00866025 0.536364 0.01 -6.12323e-19 0.536364 0.005 0.00866025 0.536364 -0.005 0.00866025 0.536364 -0.01 1.83697e-18 0.536364 -0.005 -0.00866025 0.545455 0 -0.01 0.545455 0.00866025 -0.005 0.545455 0.00866025 0.005 0.545455 1.22465e-18 0.01 0.545455 -0.00866025 0.005 0.545455 -0.00866025 -0.005 0.554545 0.005 -0.00866025 0.554545 0.01 -6.12323e-19 0.554545 0.005 0.00866025 0.554545 -0.005 0.00866025 0.554545 -0.01 1.83697e-18 0.554545 -0.005 -0.00866025 0.563636 0 -0.01 0.563636 0.00866025 -0.005 0.563636 0.00866025 0.005 0.563636 1.22465e-18 0.01 0.563636 -0.00866025 0.005 0.563636 -0.00866025 -0.005 0.572727 0.005 -0.00866025 0.572727 0.01 -6.12323e-19 0.572727 0.005 0.00866025 0.572727 -0.005 0.00866025 0.572727 -0.01 1.83697e-18 0.572727 -0.005 -0.00866025 0.581818 0 -0.01 0.581818 0.00866025 -0.005 0.581818 0.00866025 0.005 0.581818 1.22465e-18 0.01 0.581818 -0.00866025 0.005 0.581818 -0.00866025 -0.005 0.590909 0.005 -0.00866025 0.590909 0.01 -6.12323e-19 0.590909 0.005 0.00866025 0.590909 -0.005 0.00866025 0.590909 -0.01 1.83697e-18 0.590909 -0.005 -0.00866025 0.6 0 -0.01 0.6 0.00866025 -0.005 0.6 0.00866025 0.005 0.6 1.22465e-18 0.01 0.6 -0.00866025 0.005 0.6 -0.00866025 -0.005 0.609091 0.005 -0.00866025 0.609091 0.01 -6.12323e-19 0.609091 0.005 0.00866025 0.609091 -0.005 0.00866025 0.609091 -0.01 1.83697e-18 0.609091 -0.005 -0.00866025 0.618182 0 -0.01 0.618182 0.00866025 -0.005 0.618182 0.00866025 0.005 0.618182 1.22465e-18 0.01 0.618182 -0.00866025 0.005 0.618182 -0.00866025 -0.005 0.627273 0.005 -0.00866025 0.627273 0.01 -6.12323e-19 0.627273 0.005 0.00866025 0.627273 -0.005 0.00866025 0.627273 -0.01 1.83697e-18 0.627273 -0.005 -0.00866025 0.636364 0 -0.01 0.636364 0.00866025 -0.005 0.636364 0.00866025 0.005 0.636364 1.22465e-18 0.01 0.636364 -0.00866025 0.005 0.636364 -0.00866025 -0.005 0.645455 0.005 -0.00866025 0.645455 0.01 -6.12323e-19 0.645455 0.005 0.00866025 0.645455 -0.005 0.00866025 0.645455 -0.01 1.83697e-18 0.645455 -0.005 -0.00866025 0.654545 0 -0.01 0.654545 0.00866025 -0.005 0.654545 0.00866025 0.005 0.654545 1.22465e-18 0.01 0.654545 -0.00866025 0.005 0.654545 -0.00866025 -0.005 0.663636 0.005 -0.00866025 0.663636 0.01 -6.12323e-19 0.663636 0.005 0.00866025 0.663636 -0.005 0.00866025 0.663636 -0.01 1.83697e-18 0.663636 -0.005 -0.00866025 0.672727 0 -0.01 0.672727 0.00866025 -0.005 0.672727 0.00866025 0.005 0.672727 1.22465e-18 0.01 0.672727 -0.00866025 0.005 0.672727 -0.00866025 -0.005 0.681818 0.005 -0.00866025 0.681818 0.01 -6.12323e-19 0.681818 0.005 0.00866025 0.681818 -0.005 0.00866025 0.681818 -0.01 1.83697e-18 0.681818 -0.005 -0.00866025 0.690909 0 -0.01 0.690909 0.00866025 -0.005 0.690909 0.00866025 0.005 0.690909 1.22465e-18 0.01 0.690909 -0.00866025 0.005 0.690909 -0.00866025 -0.005 0.7 0.005 -0.00866025 0.7 0.01 -6.12323e-19 0.7 0.005 0.00866025 0.7 -0.005 0.00866025 0.7 -0.01 1.83697e-18 0.7 -0.005 -0.00866025 0.709091 0 -0.01 0.709091 0.00866025 -0.005 0.709091 0.00866025 0.005 0.709091 1.22465e-18 0.01 0.709091 -0.00866025 0.005 0.709091 -0.00866025 -0.005 0.718182 0.005 -0.00866025 0.718182 0.01 -6.12323e-19 0.718182 0.005 0.00866025 0.718182 -0.005 0.00866025 0.718182 -0.01 1.83697e-18 0.718182 -0.005 -0.00866025 0.727273 0 -0.01 0.727273 0.00866025 -0.005 0.727273 0.00866025 0.005 0.727273 1.22465e-18 0.01 0.727273 -0.00866025 0.005 0.727273 -0.00866025 -0.005 0.736364 0.005 -0.00866025 0.736364 0.01 -6.12323e-19 0.736364 0.005 0.00866025 0.736364 -0.005 0.00866025 0.736364 -0.01 1.83697e-18 0.736364 -0.005 -0.00866025 0.745455 0 -0.01 0.745455 0.00866025 -0.005 0.745455 0.00866025 0.005 0.745455 1.22465e-18 0.01 0.745455 -0.00866025 0.005 0.745455 -0.00866025 -0.005 0.754545 0.005 -0.00866025 0.754545 0.01 -6.12323e-19 0.754545 0.005 0.00866025 0.754545 -0.005 0.00866025 0.754545 -0.01 1.83697e-18 0.754545 -0.005 -0.00866025 0.763636 0 -0.01 0.763636 0.00866025 -0.005 0.763636 0.00866025 0.005 0.763636 1.22465e-18 0.01 0.763636 -0.00866025 0.005 0.763636 -0.00866025 -0.005 0.772727 0.005 -0.00866025 0.772727 0.01 -6.12323e-19 0.772727 0.005 0.00866025 0.772727 -0.005 0.00866025 0.772727 -0.01 1.83697e-18 0.772727 -0.005 -0.00866025 0.781818 0 -0.01 0.781818 0.00866025 -0.005 0.781818 0.00866025 0.005 0.781818 1.22465e-18 0.01 0.781818 -0.00866025 0.005 0.781818 -0.00866025 -0.005 0.790909 0.005 -0.00866025 0.790909 0.01 -6.12323e-19 0.790909 0.005 0.00866025 0.790909 -0.005 0.00866025 0.790909 -0.01 1.83697e-18 0.790909 -0.005 -0.00866025 0.8 0 -0.01 0.8 0.00866025 -0.005 0.8 0.00866025 0.005 0.8 1.22465e-18 0.01 0.8 -0.00866025 0.005 0.8 -0.00866025 -0.005 0.809091 0.005 -0.00866025 0.809091 0.01 -6.12323e-19 0.809091 0.005 0.00866025 0.809091 -0.005 0.00866025 0.809091 -0.01 1.83697e-18 0.809091 -0.005 -0.00866025 0.818182 0 -0.01 0.818182 0.00866025 -0.005 0.818182 0.00866025 0.005 0.818182 1.22465e-18 0.01 0.818182 -0.00866025 0.005 0.818182 -0.00866025 -0.005 0.827273 0.005 -0.00866025 0.827273 0.01 -6.12323e-19 0.827273 0.005 0.00866025 0.827273 -0.005 0.00866025 0.827273 -0.01 1.83697e-18 0.827273 -0.005 -0.00866025 0.836364 0 -0.01 0.836364 0.00866025 -0.005 0.836364 0.00866025 0.005 0.836364 1.22465e-18 0.01 0.836364 -0.00866025 0.005 0.836364 -0.00866025 -0.005 0.845455 0.005 -0.00866025 0.845455 0.01 -6.12323e-19 0.845455 0.005 0.00866025 0.845455 -0.005 0.00866025 0.845455 -0.01 1.83697e-18 0.845455 -0.005 -0.00866025 0.854545 0 -0.01 0.854545 0.00866025 -0.005 0.854545 0.00866025 0.005 0.854545 1.22465e-18 0.01 0.854545 -0.00866025 0.005 0.854545 -0.00866025 -0.005 0.863636 0.005 -0.00866025 0.863636 0.01 -6.12323e-19 0.863636 0.005 0.00866025 0.863636 -0.005 0.00866025 0.863636 -0.01 1.83697e-18 0.863636 -0.005 -0.00866025 0.872727 0 -0.01 0.872727 0.00866025 -0.005 0.872727 0.00866025 0.005 0.872727 1.22465e-18 0.01 0.872727 -0.00866025 0.005 0.872727 -0.00866025 -0.005 0.881818 0.005 -0.00866025 0.881818 0.01 -6.12323e-19 0.881818 0.005 0.00866025 0.881818 -0.005 0.00866025 0.881818 -0.01 1.83697e-18 0.881818 -0.005 -0.00866025 0.890909 0 -0.01 0.890909 0.00866025 -0.005 0.890909 0.00866025 0.005 0.890909 1.22465e-18 0.01 0.890909 -0.00866025 0.005 0.890909 -0.00866025 -0.005 0.9 0.005 -0.00866025 0.9 0.01 -6.12323e-19 0.9 0.005 0.00866025 0.9 -0.005 0.00866025 0.9 -0.01 1.83697e-18 0.9 -0.005 -0.00866025 0.909091 0 -0.01 0.909091 0.00866025 -0.005 0.909091 0.00866025 0.005 0.909091 1.22465e-18 0.01 0.909091 -0.00866025 0.005 0.909091 -0.00866025 -0.005 0.918182 0.005 -0.00866025 0.918182 0.01 -6.12323e-19 0.918182 0.005 0.00866025 0.918182 -0.005 0.00866025 0.918182 -0.01 1.83697e-18 0.918182 -0.005 -0.00866025 0.927273 0 -0.01 0.927273 0.00866025 -0.005 0.927273 0.00866025 0.005 0.927273 1.22465e-18 0.01 0.927273 -0.00866025 0.005 0.927273 -0.00866025 -0.005 0.936364 0.005 -0.00866025 0.936364 0.01 -6.12323e-19 0.936364 0.005 0.00866025 0.936364 -0.005 0.00866025 0.936364 -0.01 1.83697e-18 0.936364 -0.005 -0.00866025 0.945455 0 -0.01 0.945455 0.00866025 -0.005 0.945455 0.00866025 0.005 0.945455 1.22465e-18 0.01 0.945455 -0.00866025 0.005 0.945455 -0.00866025 -0.005 0.954545 0.005 -0.00866025 0.954545 0.01 -6.12323e-19 0.954545 0.005 0.00866025 0.954545 -0.005 0.00866025 0.954545 -0.01 1.83697e-18 0.954545 -0.005 -0.00866025 0.963636 0 -0.01 0.963636 0.00866025 -0.005 0.963636 0.00866025 0.005 0.963636 1.22465e-18 0.01 0.963636 -0.00866025 0.005 0.963636 -0.00866025 -0.005 0.972727 0.005 -0.00866025 0.972727 0.01 -6.12323e-19 0.972727 0.005 0.00866025 0.972727 -0.005 0.00866025 0.972727 -0.01 1.83697e-18 0.972727 -0.005 -0.00866025 0.981818 0 -0.01 0.981818 0.00866025 -0.005 0.981818 0.00866025 0.005 0.981818 1.22465e-18 0.01 0.981818 -0.00866025 0.005 0.981818 -0.00866025 -0.005 0.990909 0.005 -0.00866025 0.990909 0.01 -6.12323e-19 0.990909 0.005 0.00866025 0.990909 -0.005 0.00866025 0.990909 -0.01 1.83697e-18 0.990909 -0.005 -0.00866025 1 0 -0.01 1 0.00866025 -0.005 1 0.00866025 0.005 1 1.22465e-18 0.01 1 -0.00866025 0.005 1 -0.00866025 -0.005 -1 0 0 -1 0 -0.01 -1 0.00866025 -0.005 -1 0.00866025 0.005 -1 1.22465e-18 0.01 -1 -0.00866025 0.005 -1 -0.00866025 -0.005 1 0 0 1 0 -0.01 1 0.00866025 -0.005 1 0.00866025 0.005 1 1.22465e-18 0.01 1 -0.00866025 0.005 1 -0.00866025 -0.005"/>
     <Normal vector="-0.0538637 0 -0.998548 -0.0538636 0.864768 -0.499274 -0.0538636 0.864768 0.499274 -0.0538637 0 0.998548 -0.0538636 -0.864768 0.499274 -0.0538636 -0.864768 -0.499274 0 0.5 -0.866025 0 1 0 0 0.5 0.866025 0 -0.5 0.866025 0 -1 0 0 -0.5 -0.866025 0 0 -1 0 0.866025 -0.5 0 0.866025 0.5 0 0 1 0 -0.866025 0.5 0 -0.866025 -0.5 1.70907e-07 0.5 -0.866025 1.7642e-07 1 0 1.70907e-07 0.5 0.866025 1.70907e-07 -0.5 0.866025 1.7642e-07 -1 0 1.70907e-07 -0.5 -0.866025 -1.7642e-07 0 -1 -1.70907e-07 0.866025 -0.5 -1.70907e-07 0.866025 0.5 -1.7642e-07 0 1 -1.70907e-07 -0.866025 0.5 -1.70907e-07 -0.866025 -0.5 0 0.5 -0.866025 0 1 0 0 0.5 0.866025 0 -0.5 0.866025 0 -1 0 0 -0.5 -0.866025 0 0 -1 0 0.866025 -0.5 0 0.866025 0.5 0 0 1 0 -0.866025 0.5 0 -0.866025 -0.5 0 0.5 -0.866025 0 1 0 0 0.5 0.866025 0 -0.5 0.866025 0 -1 0 0 -0.5 -0.866025 0 0 -1 0 0.866025 -0.5 0 0.866025 0.5 0 0 1 0 -0.866025 0.5 0 -0.866025 -0.5 0 0.5 -0.866025 0 1 0 0 0.5 0.866025 0 -0.5 0.866025 0 -1 0 0 -0.5 -0.866025 1.7642e-07 0 -1 1.70907e-07 0.866025 -0.5 1.70907e-07 0.866025 0.5 1.7642e-07 0 1 1.70907e-07 -0.866025 0.5 1.70907e-07 -0.866025 -0.5 -1.70907e-07 0.5 -0.866025 -1.7642e-07 1 0 -1.70907e-07 0.5 0.866025 -1.70907e-07 -0.5 0.866025 -1.7642e-07 -1 0 -1.70907e-07 -0.5 -0.866025 0 0 -1 0 0.866025 -0.5 0 0.866025 0.5 0 0 1 0 -0.866025 0.5 0 -0.866025 -0.5 0 0.5 -0.866025 0 1 0 0 0.5 0.866025 0 -0.5 0.866025 0 -1 0 0 -0.5 -0.866025 0 0 -1 0 0.866025 -0.5 0 0.866025 0.5 0 0 1 0 -0.866025 0.5 0 -0.866025 -0.5 0 0.5 -0.866025 0 1 0 0 0.5 0.866025 0 -0.5 0.866025 0 -1 0 0 -0.5 -0.866025 0 0 -1 0 0.866025 -0.5 0 0.866025 0.5 0 0 1 0 -0.866025 0.5 0 -0.866025 -0.5 1.70907e-07 0.5 -0.866025 1.7642e-07 1 0 1.70907e-07 0.5 0.866025 1.70907e-07 -0.5 0.866025 1.7642e-07 -1 0 1.70907e-07 -0.5 -0.866025 -1.7642e-07 0 -1 -1.70907e-07 0.866025 -0.5 -1.70907e-07 0.866025 0.5 -1.7642e-07 0 1 -1.70907e-07 -0.866025 0.5 -1.70907e-07 -0.866025 -0.5 0 0.5 -0.866025 0 1 0 0 0.5 0.866025 0 -0.5 0.866025 0 -1 0 0 -0.5 -0.866025 0 0 -1 0 0.866025 -0.5 0 0.866025 0.5 0 0 1 0 -0.866025 0.5 0 -0.866025 -0.5 0 0.5 -0.866025 0 1 0 0 0.5 0.866025 0 -0.5 0.866025 0 -1 0 0 -0.5 -0.866025 0 0 -1 0 0.866025 -0.5 0 0.866025 0.5 0 0 1 0 -0.866025 0.5 0 -0.866025 -0.5 0 0.5 -0.866025 0 1 0 0 0.5 0.866025 0 -0.5 0.866025 0 -1 0 0 -0.5 -0.866025 1.7642e-07 0 -1 1.70907e-07 0.866025 -0.5 1.70907e-07 0.866025 0.5 1.7642e-07 0 1 1.70907e-07 -0.866025 0.5 1.70907e-07 -0.866025 -0.5 -1.70907e-07 0.5 -0.866025 -1.7642e-07 1 0 -1.70907e-07 0.5 0.866025 -1.70907e-07 -0.5 0.866025 -1.7642e-07 -1 0 -1.70907e-07 -0.5 -0.866025 0 0 -1 0 0.866025 -0.5 0 0.866025 0.5 0 0 1 0 -0.866025 0.5 0 -0.866025 -0.5 0 0.5 -0.866025 0 1 0 0 0.5 0.866025 0 -0.5 0.866025 0 -1 0 0 -0.5 -0.866025 0 0 -1 0 0.866025 -0.5 0 0.866025 0.5 0 0 1 0 -0.866025 0.5 0 -0.866025 -0.5 0 0.5 -0.866025 0 1 0 0 0.5 0.866025 0 -0.5 0.866025 0 -1 0 0 -0.5 -0.866025 1.7642e-07 0 -1 1.70907e-07 0.866025 -0.5 1.70907e-07 0.866025 0.5 1.7642e-07 0 1 1.70907e-07 -0.866025 0.5 1.70907e-07 -0.866025 -0.5 -1.70907e-07 0.5 -0.866025 -1.7642e-07 1 0 -1.70907e-07 0.5 0.866025 -1.70907e-07 -0.5 0.866025 -1.7642e-07 -1 0 -1.70907e-07 -0.5 -0.866025 0 0 -1 0 0.866025 -0.5 0 0.866025 0.5 0 0 1 0 -0.866025 0.5 0 -0.866025 -0.5 0 0.5 -0.866025 0 1 0 0 0.5 0.866025 0 -0.5 0.866025 0 -1 0 0 -0.5 -0.866025 0 0 -1 0 0.866025 -0.5 0 0.866025 0.5 0 0 1 0 -0.866025 0.5 0 -0.866025 -0.5 0 0.5 -0.866025 0 1 0 0 0.5 0.866025 0 -0.5 0.866025 0 -1 0 0 -0.5 -0.866025 0 0 -1 0 0.866025 -0.5 0 0.866025 0.5 0 0 1 0 -0.866025 0.5 0 -0.866025 -0.5 1.70907e-07 0.5 -0.866025 1.7642e-07 1 0 1.70907e-07 0.5 0.866025 1.70907e-07 -0.5 0.866025 1.7642e-07 -1 0 1.70907e-07 -0.5 -0.866025 -1.7642e-07 0 -1 -1.70907e-07 0.866025 -0.5 -1.70907e-07 0.866025 0.5 -1.7642e-07 0 1 -1.70907e-07 -0.866025 0.5 -1.70907e-07 -0.866025 -0.5 0 0.5 -0.866025 0 1 0 0 0.5 0.866025 0 -0.5 0.866025 0 -1 0 0 -0.5 -0.866025 0 0 -1 0 0.866025 -0.5 0 0.866025 0.5 0 0 1 0 -0.866025 0.5 0 -0.866025 -0.5 0 0.5 -0.866025 0 1 0 0 0.5 0.866025 0 -0.5 0.866025 0 -1 0 0 -0.5 -0.866025 0 0 -1 0 0.866025 -0.5 0 0.866025 0.5 0 0 1 0 -0.866025 0.5 0 -0.866025 -0.5 0 0.5 -0.866025 0 1 0 0 0.5 0.866025 0 -0.5 0.866025 0 -1 0 0 -0.5 -0.866025 1.7642e-07 0 -1 1.70907e-07 0.866025 -0.5 1.70907e-07 0.866025 0.5 1.7642e-07 0 1 1.70907e-07 -0.866025 0.5 1.70907e-07 -0.866025 -0.5 -1.70907e-07 0.5 -0.866025 -1.7642e-07 1 0 -1.70907e-07 0.5 0.866025 -1.70907e-07 -0.5 0.866025 -1.7642e-07 -1 0 -1.70907e-07 -0.5 -0.866025 0 0 -1 0 0.866025 -0.5 0 0.866025 0.5 0 0 1 0 -0.866025 0.5 0 -0.866025 -0.5 0 0.5 -0.866025 0 1 0 0 0.5 0.866025 0 -0.5 0.866025 0 -1 0 0 -0.5 -0.866025 0 0 -1 0 0.866025 -0.5 0 0.866025 0.5 0 0 1 0 -0.866025 0.5 0 -0.866025 -0.5 0 0.5 -0.866025 0 1 0 0 0.5 0.866025 0 -0.5 0.866025 0 -1 0 0 -0.5 -0.866025 0 0 -1 0 0.866025 -0.5 0 0.866025 0.5 0 0 1 0 -0.866025 0.5 0 -0.866025 -0.5 1.70907e-07 0.5 -0.866025 1.7642e-07 1 0 1.70907e-07 0.5 0.866025 1.70907e-07 -0.5 0.866025 1.7642e-07 -1 0 1.70907e-07 -0.5 -0.866025 -1.7642e-07 0 -1 -1.70907e-07 0.866025 -0.5 -1.70907e-07 0.866025 0.5 -1.7642e-07 0 1 -1.70907e-07 -0.866025 0.5 -1.70907e-07 -0.866025 -0.5 0 0.5 -0.866025 0 1 0 0 0.5 0.866025 0 -0.5 0.866025 0 -1 0 0 -0.5 -0.866025 0 0 -1 0 0.866025 -0.5 0 0.866025 0.5 0 0 1 0 -0.866025 0.5 0 -0.866025 -0.5 0 0.5 -0.866025 0 1 0 0 0.5 0.866025 0 -0.5 0.866025 0 -1 0 0 -0.5 -0.866025 9.09664e-08 0 -1 8.82098e-08 0.866025 -0.5 8.82098e-08 0.866025 0.5 9.09664e-08 0 1 8.82098e-08 -0.866025 0.5 8.82098e-08 -0.866025 -0.5 -8.26967e-08 0.5 -0.866025 -8.54533e-08 1 0 -8.26967e-08 0.5 0.866025 -8.26967e-08 -0.5 0.866025 -8.54533e-08 -1 0 -8.26967e-08 -0.5 -0.866025 0 0 -1 0 0.866025 -0.5 0 0.866025 0.5 0 0 1 0 -0.866025 0.5 0 -0.866025 -0.5 0 0.5 -0.866025 0 1 0 0 0.5 0.866025 0 -0.5 0.866025 0 -1 0 0 -0.5 -0.866025 9.09664e-08 0 -1 8.82098e-08 0.866025 -0.5 8.82098e-08 0.866025 0.5 9.09664e-08 0 1 8.82098e-08 -0.866025 0.5 8.82098e-08 -0.866025 -0.5 -8.26967e-08 0.5 -0.866025 -8.54533e-08 1 0 -8.26967e-08 0.5 0.866025 -8.26967e-08 -0.5 0.866025 -8.54533e-08 -1 0 -8.26967e-08 -0.5 -0.866025 0 0 -1 0 0.866025 -0.5 0 0.866025 0.5 0 0 1 0 -0.866025 0.5 0 -0.866025 -0.5 8.82098e-08 0.5 -0.866025 9.09664e-08 1 0 8.82098e-08 0.5 0.866025 8.82098e-08 -0.5 0.866025 9.09664e-08 -1 0 8.82098e-08 -0.5 -0.866025 -8.54533e-08 0 -1 -8.26967e-08 0.866025 -0.5 -8.26967e-08 0.866025 0.5 -8.54533e-08 0 1 -8.26967e-08 -0.866025 0.5 -8.26967e-08 -0.866025 -0.5 0 0.5 -0.866025 0 1 0 0 0.5 0.866025 0 -0.5 0.866025 0 -1 0 0 -0.5 -0.866025 0 0 -1 0 0.866025 -0.5 0 0.866025 0.5 0 0 1 0 -0.866025 0.5 0 -0.866025 -0.5 8.82098e-08 0.5 -0.866025 9.09664e-08 1 0 8.82098e-08 0.5 0.866025 8.82098e-08 -0.5 0.866025 9.09664e-08 -1 0 8.82098e-08 -0.5 -0.866025 -8.54533e-08 0 -1 -8.26967e-08 0.866025 -0.5 -8.26967e-08 0.866025 0.5 -8.54533e-08 0 1 -8.26967e-08 -0.866025 0.5 -8.26967e-08 -0.866025 -0.5 0 0.5 -0.866025 0 1 0 0 0.5 0.866025 0 -0.5 0.866025 0 -1 0 0 -0.5 -0.866025 9.09664e-08 0 -1 8.82098e-08 0.866025 -0.5 8.82098e-08 0.866025 0.5 9.09664e-08 0 1 8.82098e-08 -0.866025 0.5 8.82098e-08 -0.866025 -0.5 -8.26967e-08 0.5 -0.866025 -8.54533e-08 1 0 -8.26967e-08 0.5 0.866025 -8.26967e-08 -0.5 0.866025 -8.54533e-08 -1 0 -8.26967e-08 -0.5 -0.866025 0 0 -1 0 0.866025 -0.5 0 0.866025 0.5 0 0 1 0 -0.866025 0.5 0 -0.866025 -0.5 8.82098e-08 0.5 -0.866025 9.09664e-08 1 0 8.82098e-08 0.5 0.866025 8.82098e-08 -0.5 0.866025 9.09664e-08 -1 0 8.82098e-08 -0.5 -0.866025 -8.54533e-08 0 -1 -8.26967e-08 0.866025 -0.5 -8.26967e-08 0.866025 0.5 -8.54533e-08 0 1 -8.26967e-08 -0.866025 0.5 -8.26967e-08 -0.866025 -0.5 0 0.5 -0.866025 0 1 0 0 0.5 0.866025 0 -0.5 0.866025 0 -1 0 0 -0.5 -0.866025 0 0 -1 0 0.866025 -0.5 0 0.866025 0.5 0 0 1 0 -0.866025 0.5 0 -0.866025 -0.5 8.82098e-08 0.5 -0.866025 9.09664e-08 1 0 8.82098e-08 0.5 0.866025 8.82098e-08 -0.5 0.866025 9.09664e-08 -1 0 8.82098e-08 -0.5 -0.866025 -8.54533e-08 0 -1 -8.26967e-08 0.866025 -0.5 -8.26967e-08 0.866025 0.5 -8.54533e-08 0 1 -8.26967e-08 -0.866025 0.5 -8.26967e-08 -0.866025 -0.5 0 0.5 -0.866025 0 1 0 0 0.5 0.866025 0 -0.5 0.866025 0 -1 0 0 -0.5 -0.866025 9.09664e-08 0 -1 8.82098e-08 0.866025 -0.5 8.82098e-08 0.866025 0.5 9.09664e-08 0 1 8.82098e-08 -0.866025 0.5 8.82098e-08 -0.866025 -0.5 -8.26967e-08 0.5 -0.866025 -8.54533e-08 1 0 -8.26967e-08 0.5 0.866025 -8.26967e-08 -0.5 0.866025 -8.54533e-08 -1 0 -8.26967e-08 -0.5 -0.866025 0 0 -1 0 0.866025 -0.5 0 0.866025 0.5 0 0 1 0 -0.866025 0.5 0 -0.866025 -0.5 4.41049e-08 0.5 -0.866025 4.41049e-08 1 0 4.41049e-08 0.5 0.866025 4.41049e-08 -0.5 0.866025 4.41049e-08 -1 0 4.41049e-08 -0.5 -0.866025 -4.41049e-08 0 -1 -4.41049e-08 0.866025 -0.5 -4.41049e-08 0.866025 0.5 -4.41049e-08 0 1 -4.41049e-08 -0.866025 0.5 -4.41049e-08 -0.866025 -0.5 4.41049e-08 0.5 -0.866025 4.41049e-08 1 0 4.41049e-08 0.5 0.866025 4.41049e-08 -0.5 0.866025 4.41049e-08 -1 0 4.41049e-08 -0.5 -0.866025 0 0 -1 0 0.866025 -0.5 0 0.866025 0.5 0 0 1 0 -0.866025 0.5 0 -0.866025 -0.5 -4.41049e-08 0.5 -0.866025 -4.41049e-08 1 0 -4.41049e-08 0.5 0.866025 -4.41049e-08 -0.5 0.866025 -4.41049e-08 -1 0 -4.41049e-08 -0.5 -0.866025 4.41049e-08 0 -1 4.41049e-08 0.866025 -0.5 4.41049e-08 0.866025 0.5 4.41049e-08 0 1 4.41049e-08 -0.866025 0.5 4.41049e-08 -0.866025 -0.5 -4.41049e-08 0.5 -0.866025 -4.41049e-08 1 0 -4.41049e-08 0.5 0.866025 -4.41049e-08 -0.5 0.866025 -4.41049e-08 -1 0 -4.41049e-08 -0.5 -0.866025 4.41049e-08 0 -1 4.41049e-08 0.866025 -0.5 4.41049e-08 0.866025 0.5 4.41049e-08 0 1 4.41049e-08 -0.866025 0.5 4.41049e-08 -0.866025 -0.5 0 0.5 -0.866025 0 1 0 0 0.5 0.866025 0 -0.5 0.866025 0 -1 0 0 -0.5 -0.866025 -4.41049e-08 0 -1 -4.41049e-08 0.866025 -0.5 -4.41049e-08 0.866025 0.5 -4.41049e-08 0 1 -4.41049e-08 -0.866025 0.5 -4.41049e-08 -0.866025 -0.5 4.41049e-08 0.5 -0.866025 4.41049e-08 1 0 4.41049e-08 0.5 0.866025 4.41049e-08 -0.5 0.866025 4.41049e-08 -1 0 4.41049e-08 -0.5 -0.866025 -4.41049e-08 0 -1 -4.41049e-08 0.866025 -0.5 -4.41049e-08 0.866025 0.5 -4.41049e-08 0 1 -4.41049e-08 -0.866025 0.5 -4.41049e-08 -0.866025 -0.5 4.41049e-08 0.5 -0.866025 4.41049e-08 1 0 4.41049e-08 0.5 0.866025 4.41049e-08 -0.5 0.866025 4.41049e-08 -1 0 4.41049e-08 -0.5 -0.866025 -1.92959e-08 0 -1 -2.75656e-08 0.866025 -0.5 -2.75656e-08 0.866025 0.5 -1.92959e-08 0 1 -2.75656e-08 -0.866025 0.5 -2.75656e-08 -0.866025 -0.5 -5.51311e-09 0.5 -0.866025 -5.51311e-09 1 0 -5.51311e-09 0.5 0.866025 -5.51311e-09 -0.5 0.866025 -5.51311e-09 -1 0 -5.51311e-09 -0.5 -0.866025 -5.51311e-09 0 -1 -5.51311e-09 0.866025 -0.5 -5.51311e-09 0.866025 0.5 -5.51311e-09 0 1 -5.51311e-09 -0.866025 0.5 -5.51311e-09 -0.866025 -0.5 -5.51311e-09 0.5 -0.866025 -5.51311e-09 1 0 -5.51311e-09 0.5 0.866025 -5.51311e-09 -0.5 0.866025 -5.51311e-09 -1 0 -5.51311e-09 -0.5 -0.866025 1.37828e-08 0 -1 2.20525e-08 0.866025 -0.5 2.20525e-08 0.866025 0.5 1.37828e-08 0 1 2.20525e-08 -0.866025 0.5 2.20525e-08 -0.866025 -0.5 -2.75656e-08 0.5 -0.866025 -1.92959e-08 1 0 -2.75656e-08 0.5 0.866025 -2.75656e-08 -0.5 0.866025 -1.92959e-08 -1 0 -2.75656e-08 -0.5 -0.866025 -5.51311e-09 0 -1 -5.51311e-09 0.866025 -0.5 -5.51311e-09 0.866025 0.5 -5.51311e-09 0 1 -5.51311e-09 -0.866025 0.5 -5.51311e-09 -0.866025 -0.5 -5.51311e-09 0.5 -0.866025 -5.51311e-09 1 0 -5.51311e-09 0.5 0.866025 -5.51311e-09 -0.5 0.866025 -5.51311e-09 -1 0 -5.51311e-09 -0.5 -0.866025 -5.51311e-09 0 -1 -5.51311e-09 0.866025 -0.5 -5.51311e-09 0.866025 0.5 -5.51311e-09 0 1 -5.51311e-09 -0.866025 0.5 -5.51311e-09 -0.866025 -0.5 8.26967e-09 0.5 -0.866025 5.51311e-09 1 0 8.26967e-09 0.5 0.866025 8.26967e-09 -0.5 0.866025 5.51311e-09 -1 0 8.26967e-09 -0.5 -0.866025 -1.10262e-08 0 -1 -1.37828e-08 0.866025 -0.5 -1.37828e-08 0.866025 0.5 -1.10262e-08 0 1 -1.37828e-08 -0.866025 0.5 -1.37828e-08 -0.866025 -0.5 8.26967e-09 0.5 -0.866025 -2.75656e-09 1 0 8.26967e-09 0.5 0.866025 8.26967e-09 -0.5 0.866025 -2.75656e-09 -1 0 8.26967e-09 -0.5 -0.866025 5.51311e-09 0 -1 -2.75656e-09 0.866025 -0.5 -2.75656e-09 0.866025 0.5 5.51311e-09 0 1 -2.75656e-09 -0.866025 0.5 -2.75656e-09 -0.866025 -0.5 0 0.5 -0.866025 0 1 0 0 0.5 0.866025 0 -0.5 0.866025 0 -1 0 0 -0.5 -0.866025 0 0 -1 0 0.866025 -0.5 0 0.866025 0.5 0 0 1 0 -0.866025 0.5 0 -0.866025 -0.5 0 0.5 -0.866025 0 1 0 0 0.5 0.866025 0 -0.5 0.866025 0 -1 0 0 -0.5 -0.866025 0 0 -1 8.26967e-09 0.866025 -0.5 8.26967e-09 0.866025 0.5 0 0 1 8.26967e-09 -0.866025 0.5 8.26967e-09 -0.866025 -0.5 -8.26967e-09 0.5 -0.866025 2.75656e-09 1 0 -8.26967e-09 0.5 0.866025 -8.26967e-09 -0.5 0.866025 2.75656e-09 -1 0 -8.26967e-09 -0.5 -0.866025 5.51311e-09 0 -1 8.26967e-09 0.866025 -0.5 8.26967e-09 0.866025 0.5 5.51311e-09 0 1 8.26967e-09 -0.866025 0.5 8.26967e-09 -0.866025 -0.5 -1.37828e-08 0.5 -0.866025 -1.10262e-08 1 0 -1.37828e-08 0.5 0.866025 -1.37828e-08 -0.5 0.866025 -1.10262e-08 -1 0 -1.37828e-08 -0.5 -0.866025 -5.51311e-09 0 -1 -5.51311e-09 0.866025 -0.5 -5.51311e-09 0.866025 0.5 -5.51311e-09 0 1 -5.51311e-09 -0.866025 0.5 -5.51311e-09 -0.866025 -0.5 -5.51311e-09 0.5 -0.866025 -5.51311e-09 1 0 -5.51311e-09 0.5 0.866025 -5.51311e-09 -0.5 0.866025 -5.51311e-09 -1 0 -5.51311e-09 -0.5 -0.866025 -5.51311e-09 0 -1 -5.51311e-09 0.866025 -0.5 -5.51311e-09 0.866025 0.5 -5.51311e-09 0 1 -5.51311e-09 -0.866025 0.5 -5.51311e-09 -0.866025 -0.5 2.20525e-08 0.5 -0.866025 1.37828e-08 1 0 2.20525e-08 0.5 0.866025 2.20525e-08 -0.5 0.866025 1.37828e-08 -1 0 2.20525e-08 -0.5 -0.866025 -1.92959e-08 0 -1 -2.75656e-08 0.866025 -0.5 -2.75656e-08 0.866025 0.5 -1.92959e-08 0 1 -2.75656e-08 -0.866025 0.5 -2.75656e-08 -0.866025 -0.5 -5.51311e-09 0.5 -0.866025 -5.51311e-09 1 0 -5.51311e-09 0.5 0.866025 -5.51311e-09 -0.5 0.866025 -5.51311e-09 -1 0 -5.51311e-09 -0.5 -0.866025 -5.51311e-09 0 -1 -5.51311e-09 0.866025 -0.5 -5.51311e-09 0.866025 0.5 -5.51311e-09 0 1 -5.51311e-09 -0.866025 0.5 -5.51311e-09 -0.866025 -0.5 -5.51311e-09 0.5 -0.866025 -5.51311e-09 1 0 -5.51311e-09 0.5 0.866025 -5.51311e-09 -0.5 0.866025 -5.51311e-09 -1 0 -5.51311e-09 -0.5 -0.866025 1.37828e-08 0 -1 2.20525e-08 0.866025 -0.5 2.20525e-08 0.866025 0.5 1.37828e-08 0 1 2.20525e-08 -0.866025 0.5 2.20525e-08 -0.866025 -0.5 -4.41049e-08 0.5 -0.866025 -4.41049e-08 1 0 -4.41049e-08 0.5 0.866025 -4.41049e-08 -0.5 0.866025 -4.41049e-08 -1 0 -4.41049e-08 -0.5 -0.866025 4.41049e-08 0 -1 4.41049e-08 0.866025 -0.5 4.41049e-08 0.866025 0.5 4.41049e-08 0 1 4.41049e-08 -0.866025 0.5 4.41049e-08 -0.866025 -0.5 -4.41049e-08 0.5 -0.866025 -4.41049e-08 1 0 -4.41049e-08 0.5 0.866025 -4.41049e-08 -0.5 0.866025 -4.41049e-08 -1 0 -4.41049e-08 -0.5 -0.866025 4.41049e-08 0 -1 4.41049e-08 0.866025 -0.5 4.41049e-08 0.866025 0.5 4.41049e-08 0 1 4.41049e-08 -0.866025 0.5 4.41049e-08 -0.866025 -0.5 0 0.5 -0.866025 0 1 0 0 0.5 0.866025 0 -0.5 0.866025 0 -1 0 0 -0.5 -0.866025 -4.41049e-08 0 -1 -4.41049e-08 0.866025 -0.5 -4.41049e-08 0.866025 0.5 -4.41049e-08 0 1 -4.41049e-08 -0.866025 0.5 -4.41049e-08 -0.866025 -0.5 4.41049e-08 0.5 -0.866025 4.41049e-08 1 0 4.41049e-08 0.5 0.866025 4.41049e-08 -0.5 0.866025 4.41049e-08 -1 0 4.41049e-08 -0.5 -0.866025 -4.41049e-08 0 -1 -4.41049e-08 0.866025 -0.5 -4.41049e-08 0.866025 0.5 -4.41049e-08 0 1 -4.41049e-08 -0.866025 0.5 -4.41049e-08 -0.866025 -0.5 4.41049e-08 0.5 -0.866025 4.41049e-08 1 0 4.41049e-08 0.5 0.866025 4.41049e-08 -0.5 0.866025 4.41049e-08 -1 0 4.41049e-08 -0.5 -0.866025 0 0 -1 0 0.866025 -0.5 0 0.866025 0.5 0 0 1 0 -0.866025 0.5 0 -0.866025 -0.5 -4.41049e-08 0.5 -0.866025 -4.41049e-08 1 0 -4.41049e-08 0.5 0.866025 -4.41049e-08 -0.5 0.866025 -4.41049e-08 -1 0 -4.41049e-08 -0.5 -0.866025 4.41049e-08 0 -1 4.41049e-08 0.866025 -0.5 4.41049e-08 0.866025 0.5 4.41049e-08 0 1 4.41049e-08 -0.866025 0.5 4.41049e-08 -0.866025 -0.5 -4.41049e-08 0.5 -0.866025 -4.41049e-08 1 0 -4.41049e-08 0.5 0.866025 -4.41049e-08 -0.5 0.866025 -4.41049e-08 -1 0 -4.41049e-08 -0.5 -0.866025 0 0 -1 0 0.866025 -0.5 0 0.866025 0.5 0 0 1 0 -0.866025 0.5 0 -0.866025 -0.5 8.82098e-08 0.5 -0.866025 9.09664e-08 1 0 8.82098e-08 0.5 0.866025 8.82098e-08 -0.5 0.866025 9.09664e-08 -1 0 8.82098e-08 -0.5 -0.866025 -8.54533e-08 0 -1 -8.26967e-08 0.866025 -0.5 -8.26967e-08 0.866025 0.5 -8.54533e-08 0 1 -8.26967e-08 -0.866025 0.5 -8.26967e-08 -0.866025 -0.5 0 0.5 -0.866025 0 1 0 0 0.5 0.866025 0 -0.5 0.866025 0 -1 0 0 -0.5 -0.866025 9.09664e-08 0 -1 8.82098e-08 0.866025 -0.5 8.82098e-08 0.866025 0.5 9.09664e-08 0 1 8.82098e-08 -0.866025 0.5 8.82098e-08 -0.866025 -0.5 -8.26967e-08 0.5 -0.866025 -8.54533e-08 1 0 -8.26967e-08 0.5 0.866025 -8.26967e-08 -0.5 0.866025 -8.54533e-08 -1 0 -8.26967e-08 -0.5 -0.866025 0 0 -1 0 0.866025 -0.5 0 0.866025 0.5 0 0 1 0 -0.866025 0.5 0 -0.866025 -0.5 0 0.5 -0.866025 0 1 0 0 0.5 0.866025 0 -0.5 0.866025 0 -1 0 0 -0.5 -0.866025 9.09664e-08 0 -1 8.82098e-08 0.866025 -0.5 8.82098e-08 0.866025 0.5 9.09664e-08 0 1 8.82098e-08 -0.866025 0.5 8.82098e-08 -0.866025 -0.5 -8.26967e-08 0.5 -0.866025 -8.54533e-08 1 0 -8.26967e-08 0.5 0.866025 -8.26967e-08 -0.5 0.866025 -8.54533e-08 -1 0 -8.26967e-08 -0.5 -0.866025 0 0 -1 0 0.866025 -0.5 0 0.866025 0.5 0 0 1 0 -0.866025 0.5 0 -0.866025 -0.5 8.82098e-08 0.5 -0.866025 9.09664e-08 1 0 8.82098e-08 0.5 0.866025 8.82098e-08 -0.5 0.866025 9.09664e-08 -1 0 8.82098e-08 -0.5 -0.866025 -8.54533e-08 0 -1 -8.26967e-08 0.866025 -0.5 -8.26967e-08 0.866025 0.5 -8.54533e-08 0 1 -8.26967e-08 -0.866025 0.5 -8.26967e-08 -0.866025 -0.5 0 0.5 -0.866025 0 1 0 0 0.5 0.866025 0 -0.5 0.866025 0 -1 0 0 -0.5 -0.866025 9.09664e-08 0 -1 8.82098e-08 0.866025 -0.5 8.82098e-08 0.866025 0.5 9.09664e-08 0 1 8.82098e-08 -0.866025 0.5 8.82098e-08 -0.866025 -0.5 -8.26967e-08 0.5 -0.866025 -8.54533e-08 1 0 -8.26967e-08 0.5 0.866025 -8.26967e-08 -0.5 0.866025 -8.54533e-08 -1 0 -8.26967e-08 -0.5 -0.866025 0 0 -1 0 0.866025 -0.5 0 0.866025 0.5 0 0 1 0 -0.866025 0.5 0 -0.866025 -0.5 0 0.5 -0.866025 0 1 0 0 0.5 0.866025 0 -0.5 0.866025 0 -1 0 0 -0.5 -0.866025 9.09664e-08 0 -1 8.82098e-08 0.866025 -0.5 8.82098e-08 0.866025 0.5 9.09664e-08 0 1 8.82098e-08 -0.866025 0.5 8.82098e-08 -0.866025 -0.5 -8.26967e-08 0.5 -0.866025 -8.54533e-08 1 0 -8.26967e-08 0.5 0.866025 -8.26967e-08 -0.5 0.866025 -8.54533e-08 -1 0 -8.26967e-08 -0.5 -0.866025 0 0 -1 0 0.866025 -0.5 0 0.866025 0.5 0 0 1 0 -0.866025 0.5 0 -0.866025 -0.5 8.82098e-08 0.5 -0.866025 9.09664e-08 1 0 8.82098e-08 0.5 0.866025 8.82098e-08 -0.5 0.866025 9.09664e-08 -1 0 8.82098e-08 -0.5 -0.866025 -8.54533e-08 0 -1 -8.26967e-08 0.866025 -0.5 -8.26967e-08 0.866025 0.5 -8.54533e-08 0 1 -8.26967e-08 -0.866025 0.5 -8.26967e-08 -0.866025 -0.5 0 0.5 -0.866025 0 1 0 0 0.5 0.866025 0 -0.5 0.866025 0 -1 0 0 -0.5 -0.866025 0 0 -1 0 0.866025 -0.5 0 0.866025 0.5 0 0 1 0 -0.866025 0.5 0 -0.866025 -0.5 8.82098e-08 0.5 -0.866025 9.09664e-08 1 0 8.82098e-08 0.5 0.866025 8.82098e-08 -0.5 0.866025 9.09664e-08 -1 0 8.82098e-08 -0.5 -0.866025 -8.54533e-08 0 -1 -8.26967e-08 0.866025 -0.5 -8.26967e-08 0.866025 0.5 -8.54533e-08 0 1 -8.26967e-08 -0.866025 0.5 -8.26967e-08 -0.866025 -0.5 0 0.5 -0.866025 0 1 0 0 0.5 0.866025 0 -0.5 0.866025 0 -1 0 0 -0.5 -0.866025 0 0 -1 0 0.866025 -0.5 0 0.866025 0.5 0 0 1 0 -0.866025 0.5 0 -0.866025 -0.5 0 0.5 -0.866025 0 1 0 0 0.5 0.866025 0 -0.5 0.866025 0 -1 0 0 -0.5 -0.866025 1.7642e-07 0 -1 1.70907e-07 0.866025 -0.5 1.70907e-07 0.866025 0.5 1.7642e-07 0 1 1.70907e-07 -0.866025 0.5 1.70907e-07 -0.866025 -0.5 -1.70907e-07 0.5 -0.866025 -1.7642e-07 1 0 -1.70907e-07 0.5 0.866025 -1.70907e-07 -0.5 0.866025 -1.7642e-07 -1 0 -1.70907e-07 -0.5 -0.866025 0 0 -1 0 0.866025 -0.5 0 0.866025 0.5 0 0 1 0 -0.866025 0.5 0 -0.866025 -0.5 0 0.5 -0.866025 0 1 0 0 0.5 0.866025 0 -0.5 0.866025 0 -1 0 0 -0.5 -0.866025 0 0 -1 0 0.866025 -0.5 0 0.866025 0.5 0 0 1 0 -0.866025 0.5 0 -0.866025 -0.5 0 0.5 -0.866025 0 1 0 0 0.5 0.866025 0 -0.5 0.866025 0 -1 0 0 -0.5 -0.866025 0 0 -1 0 0.866025 -0.5 0 0.866025 0.5 0 0 1 0 -0.866025 0.5 0 -0.866025 -0.5 1.70907e-07 0.5 -0.866025 1.7642e-07 1 0 1.70907e-07 0.5 0.866025 1.70907e-07 -0.5 0.866025 1.7642e-07 -1 0 1.70907e-07 -0.5 -0.866025 -1.7642e-07 0 -1 -1.70907e-07 0.866025 -0.5 -1.70907e-07 0.866025 0.5 -1.7642e-07 0 1 -1.70907e-07 -0.866025 0.5 -1.70907e-07 -0.866025 -0.5 0 0.5 -0.866025 0 1 0 0 0.5 0.866025 0 -0.5 0.866025 0 -1 0 0 -0.5 -0.866025 0 0 -1 0 0.866025 -0.5 0 0.866025 0.5 0 0 1 0 -0.866025 0.5 0 -0.866025 -0.5 0 0.5 -0.866025 0 1 0 0 0.5 0.866025 0 -0.5 0.866025 0 -1 0 0 -0.5 -0.866025 0 0 -1 0 0.866025 -0.5 0 0.866025 0.5 0 0 1 0 -0.866025 0.5 0 -0.866025 -0.5 0 0.5 -0.866025 0 1 0 0 0.5 0.866025 0 -0.5 0.866025 0 -1 0 0 -0.5 -0.866025 1.7642e-07 0 -1 1.70907e-07 0.866025 -0.5 1.70907e-07 0.866025 0.5 1.7642e-07 0 1 1.70907e-07 -0.866025 0.5 1.70907e-07 -0.866025 -0.5 -1.70907e-07 0.5 -0.866025 -1.7642e-07 1 0 -1.70907e-07 0.5 0.866025 -1.70907e-07 -0.5 0.866025 -1.7642e-07 -1 0 -1.70907e-07 -0.5 -0.866025 0 0 -1 0 0.866025 -0.5 0 0.866025 0.5 0 0 1 0 -0.866025 0.5 0 -0.866025 -0.5 0 0.5 -0.866025 0 1 0 0 0.5 0.866025 0 -0.5 0.866025 0 -1 0 0 -0.5 -0.866025 0 0 -1 0 0.866025 -0.5 0 0.866025 0.5 0 0 1 0 -0.866025 0.5 0 -0.866025 -0.5 0 0.5 -0.866025 0 1 0 0 0.5 0.866025 0 -0.5 0.866025 0 -1 0 0 -0.5 -0.866025 0 0 -1 0 0.866025 -0.5 0 0.866025 0.5 0 0 1 0 -0.866025 0.5 0 -0.866025 -0.5 1.70907e-07 0.5 -0.866025 1.7642e-07 1 0 1.70907e-07 0.5 0.866025 1.70907e-07 -0.5 0.866025 1.7642e-07 -1 0 1.70907e-07 -0.5 -0.866025 -1.7642e-07 0 -1 -1.70907e-07 0.866025 -0.5 -1.70907e-07 0.866025 0.5 -1.7642e-07 0 1 -1.70907e-07 -0.866025 0.5 -1.70907e-07 -0.866025 -0.5 0 0.5 -0.866025 0 1 0 0 0.5 0.866025 0 -0.5 0.866025 0 -1 0 0 -0.5 -0.866025 0 0 -1 0 0.866025 -0.5 0 0.866025 0.5 0 0 1 0 -0.866025 0.5 0 -0.866025 -0.5 0 0.5 -0.866025 0 1 0 0 0.5 0.866025 0 -0.5 0.866025 0 -1 0 0 -0.5 -0.866025 0 0 -1 0 0.866025 -0.5 0 0.866025 0.5 0 0 1 0 -0.866025 0.5 0 -0.866025 -0.5 1.70907e-07 0.5 -0.866025 1.7642e-07 1 0 1.70907e-07 0.5 0.866025 1.70907e-07 -0.5 0.866025 1.7642e-07 -1 0 1.70907e-07 -0.5 -0.866025 -1.7642e-07 0 -1 -1.70907e-07 0.866025 -0.5 -1.70907e-07 0.866025 0.5 -1.7642e-07 0 1 -1.70907e-07 -0.866025 0.5 -1.70907e-07 -0.866025 -0.5 0 0.5 -0.866025 0 1 0 0 0.5 0.866025 0 -0.5 0.866025 0 -1 0 0 -0.5 -0.866025 0 0 -1 0 0.866025 -0.5 0 0.866025 0.5 0 0 1 0 -0.866025 0.5 0 -0.866025 -0.5 0 0.5 -0.866025 0 1 0 0 0.5 0.866025 0 -0.5 0.866025 0 -1 0 0 -0.5 -0.866025 0 0 -1 0 0.866025 -0.5 0 0.866025 0.5 0 0 1 0 -0.866025 0.5 0 -0.866025 -0.5 0 0.5 -0.866025 0 1 0 0 0.5 0.866025 0 -0.5 0.866025 0 -1 0 0 -0.5 -0.866025 1.7642e-07 0 -1 1.70907e-07 0.866025 -0.5 1.70907e-07 0.866025 0.5 1.7642e-07 0 1 1.70907e-07 -0.866025 0.5 1.70907e-07 -0.866025 -0.5 -1.70907e-07 0.5 -0.866025 -1.7642e-07 1 0 -1.70907e-07 0.5 0.866025 -1.70907e-07 -0.5 0.866025 -1.7642e-07 -1 0 -1.70907e-07 -0.5 -0.866025 0 0 -1 0 0.866025 -0.5 0 0.866025 0.5 0 0 1 0 -0.866025 0.5 0 -0.866025 -0.5 0 0.5 -0.866025 0 1 0 0 0.5 0.866025 0 -0.5 0.866025 0 -1 0 0 -0.5 -0.866025 0 0 -1 0 0.866025 -0.5 0 0.866025 0.5 0 0 1 0 -0.866025 0.5 0 -0.866025 -0.5 0 0.5 -0.866025 0 1 0 0 0.5 0.866025 0 -0.5 0.866025 0 -1 0 0 -0.5 -0.866025 0 0 -1 0 0.866025 -0.5 0 0.866025 0.5 0 0 1 0 -0.866025 0.5 0 -0.866025 -0.5 1.70907e-07 0.5 -0.866025 1.7642e-07 1 0 1.70907e-07 0.5 0.866025 1.70907e-07 -0.5 0.866025 1.7642e-07 -1 0 1.70907e-07 -0.5 -0.866025 -1.7642e-07 0 -1 -1.70907e-07 0.866025 -0.5 -1.70907e-07 0.866025 0.5 -1.7642e-07 0 1 -1.70907e-07 -0.866025 0.5 -1.70907e-07 -0.866025 -0.5 0 0.5 -0.866025 0 1 0 0 0.5 0.866025 0 -0.5 0.866025 0 -1 0 0 -0.5 -0.866025 0 0 -1 0 0.866025 -0.5 0 0.866025 0.5 0 0 1 0 -0.866025 0.5 0 -0.866025 -0.5 0 0.5 -0.866025 0 1 0 0 0.5 0.866025 0 -0.5 0.866025 0 -1 0 0 -0.5 -0.866025 0 0 -1 0 0.866025 -0.5 0 0.866025 0.5 0 0 1 0 -0.866025 0.5 0 -0.866025 -0.5 0 0.5 -0.866025 0 1 0 0 0.5 0.866025 0 -0.5 0.866025 0 -1 0 0 -0.5 -0.866025 1.7642e-07 0 -1 1.70907e-07 0.866025 -0.5 1.70907e-07 0.866025 0.5 1.7642e-07 0 1 1.70907e-07 -0.866025 0.5 1.70907e-07 -0.866025 -0.5 -1.70907e-07 0.5 -0.866025 -1.7642e-07 1 0 -1.70907e-07 0.5 0.866025 -1.70907e-07 -0.5 0.866025 -1.7642e-07 -1 0 -1.70907e-07 -0.5 -0.866025 0 0 -1 0 0.866025 -0.5 0 0.866025 0.5 0 0 1 0 -0.866025 0.5 0 -0.866025 -0.5 0 0.5 -0.866025 0 1 0 0 0.5 0.866025 0 -0.5 0.866025 0 -1 0 0 -0.5 -0.866025 0.0538637 0 -0.998548 0.0538636 0.864768 -0.499274 0.0538636 0.864768 0.499274 0.0538637 0 0.998548 0.0538636 -0.864768 0.499274 0.0538636 -0.864768 -0.499274 -1 0 0 -1 0 0 -1 0 0 -1 0 0 -1 0 0 -1 0 0 -1 0 0 1 0 0 1 0 0 1 0 0 1 0 0 1 0 0 1 0 0 1 0 0"/>
    </IndexedTriangleSet>
   </Shape>
  </Transform>
  </Group>
  <Group>
  <Transform rotation="0 0 1 0" translation="0 0 0">
   <Shape>
    <Appearance DEF='ap3'>
     <Material ambientIntensity='1' diffuseColor='0 0.619608 0.45098' specularColor='0.85 0.85 0.85' shininess='0.234375' transparency='0'/>
    </Appearance>
    <IndexedTriangleSet DEF='its3' index="0 1 6 1 7 6 1 2 7 2 8 7 2 3 8 3 9 8 3 4 9 4 10 9 4 5 10 5 11 10 5 0 11 0 6 11 6 7 13 6 13 12 7 8 14 7 14 13 8 9 15 8 15 14 9 10 16 9 16 15 10 11 17 10 17 16 11 6 12 11 12 17 12 13 18 13 19 18 13 14 19 14 20 19 14 15 20 15 21 20 15 16 21 16 22 21 16 17 22 17 23 22 17 12 23 12 18 23 18 19 25 18 25 24 19 20 26 19 26 25 20 21 27 20 27 26 21 22 28 21 28 27 22 23 29 22 29 28 23 18 24 23 24 29 24 25 30 25 31 30 25 26 31 26 32 31 26 27 32 27 33 32 27 28 33 28 34 33 28 29 34 29 35 34 29 24 35 24 30 35 30 31 37 30 37 36 31 32 38 31 38 37 32 33 39 32 39 38 33 34 40 33 40 39 34 35 41 34 41 40 35 30 36 35 36 41 36 37 42 37 43 42 37 38 43 38 44 43 38 39 44 39 45 44 39 40 45 40 46 45 40 41 46 41 47 46 41 36 47 36 42 47 42 43 49 42 49 48 43 44 50 43 50 49 44 45 51 44 51 50 45 46 52 45 52 51 46 47 53 46 53 52 47 42 48 47 48 53 48 49 54 49 55 54 49 50 55 50 56 55 50 51 56 51 57 56 51 52 57 52 58 57 52 53 58 53 59 58 53 48 59 48 54 59 54 55 61 54 61 60 55 56 62 55 62 61 56 57 63 56 63 62 57 58 64 57 64 63 58 59 65 58 65 64 59 54 60 59 60 65 60 61 66 61 67 66 61 62 67 62 68 67 62 63 68 63 69 68 63 64 69 64 70 69 64 65 70 65 71 70 65 60 71 60 66 71 66 67 73 66 73 72 67 68 74 67 74 73 68 69 75 68 75 74 69 70 76 69 76 75 70 71 77 70 77 76 71 66 72 71 72 77 72 73 78 73 79 78 73 74 79 74 80 79 74 75 80 75 81 80 75 76 81 76 82 81 76 77 82 77 83 82 77 72 83 72 78 83 78 79 85 78 85 84 79 80 86 79 86 85 80 81 87 80 87 86 81 82 88 81 88 87 82 83 89 82 89 88 83 78 84 83 84 89 84 85 90 85 91 90 85 86 91 86 92 91 86 87 92 87 93 92 87 88 93 88 94 93 88 89 94 89 95 94 89 84 95 84 90 95 90 91 97 90 97 96 91 92 98 91 98 97 92 93 99 92 99 98 93 94 100 93 100 99 94 95 101 94 101 100 95 90 96 95 96 101 96 97 102 97 103 102 97 98 103 98 104 103 98 99 104 99 105 104 99 100 105 100 106 105 100 101 106 101 107 106 101 96 107 96 102 107 102 103 109 102 109 108 103 104 110 103 110 109 104 105 111 104 111 110 105 106 112 105 112 111 106 107 113 106 113 112 107 102 108 107 108 113 108 109 114 109 115 114 109 110 115 110 116 115 110 111 116 111 117 116 111 112 117 112 118 117 112 113 118 113 119 118 113 108 119 108 114 119 114 115 121 114 121 120 115 116 122 115 122 121 116 117 123 116 123 122 117 118 124 117 124 123 118 119 125 118 125 124 119 114 120 119 120 125 120 121 126 121 127 126 121 122 127 122 128 127 122 123 128 123 129 128 123 124 129 124 130 129 124 125 130 125 131 130 125 120 131 120 126 131 126 127 133 126 133 132 127 128 134 127 134 133 128 129 135 128 135 134 129 130 136 129 136 135 130 131 137 130 137 136 131 126 132 131 132 137 132 133 138 133 139 138 133 134 139 134 140 139 134 135 140 135 141 140 135 136 141 136 142 141 136 137 142 137 143 142 137 132 143 132 138 143 138 139 145 138 145 144 139 140 146 139 146 145 140 141 147 140 147 146 141 142 148 141 148 147 142 143 149 142 149 148 143 138 144 143 144 149 144 145 150 145 151 150 145 146 151 146 152 151 146 147 152 147 153 152 147 148 153 148 154 153 148 149 154 149 155 154 149 144 155 144 150 155 150 151 157 150 157 156 151 152 158 151 158 157 152 153 159 152 159 158 153 154 160 153 160 159 154 155 161 154 161 160 155 150 156 155 156 161 156 157 162 157 163 162 157 158 163 158 164 163 158 159 164 159 165 164 159 160 165 160 166 165 160 161 166 161 167 166 161 156 167 156 162 167 162 163 169 162 169 168 163 164 170 163 170 169 164 165 171 164 171 170 165 166 172 165 172 171 166 167 173 166 173 172 167 162 168 167 168 173 168 169 174 169 175 174 169 170 175 170 176 175 170 171 176 171 177 176 171 172 177 172 178 177 172 173 178 173 179 178 173 168 179 168 174 179 174 175 181 174 181 180 175 176 182 175 182 181 176 177 183 176 183 182 177 178 184 177 184 183 178 179 185 178 185 184 179 174 180 179 180 185 180 181 186 181 187 186 181 182 187 182 188 187 182 183 188 183 189 188 183 184 189 184 190 189 184 185 190 185 191 190 185 180 191 180 186 191 186 187 193 186 193 192 187 188 194 187 194 193 188 189 195 188 195 194 189 190 196 189 196 195 190 191 197 190 197 196 191 186 192 191 192 197 192 193 198 193 199 198 193 194 199 194 200 199 194 195 200 195 201 200 195 196 201 196 202 201 196 197 202 197 203 202 197 192 203 192 198 203 198 199 205 198 205 204 199 200 206 199 206 205 200 201 207 200 207 206 201 202 208 201 208 207 202 203 209 202 209 208 203 198 204 203 204 209 204 205 210 205 211 210 205 206 211 206 212 211 206 207 212 207 213 212 207 208 213 208 214 213 208 209 214 209 215 214 209 204 215 204 210 215 210 211 217 210 217 216 211 212 218 211 218 217 212 213 219 212 219 218 213 214 220 213 220 219 214 215 221 214 221 220 215 210 216 215 216 221 216 217 222 217 223 222 217 218 223 218 224 223 218 219 224 219 225 224 219 220 225 220 226 225 220 221 226 221 227 226 221 216 227 216 222 227 222 223 229 222 229 228 223 224 230 223 230 229 224 225 231 224 231 230 225 226 232 225 232 231 226 227 233 226 233 232 227 222 228 227 228 233 228 229 234 229 235 234 229 230 235 230 236 235 230 231 236 231 237 236 231 232 237 232 238 237 232 233 238 233 239 238 233 228 239 228 234 239 234 235 241 234 241 240 235 236 242 235 242 241 236 237 243 236 243 242 237 238 244 237 244 243 238 239 245 238 245 244 239 234 240 239 240 245 240 241 246 241 247 246 241 242 247 242 248 247 242 243 248 243 249 248 243 244 249 244 250 249 244 245 250 245 251 250 245 240 251 240 246 251 246 247 253 246 253 252 247 248 254 247 254 253 248 249 255 248 255 254 249 250 256 249 256 255 250 251 257 250 257 256 251 246 252 251 252 257 252 253 258 253 259 258 253 254 259 254 260 259 254 255 260 255 261 260 255 256 261 256 262 261 256 257 262 257 263 262 257 252 263 252 258 263 258 259 265 258 265 264 259 260 266 259 266 265 260 261 267 260 267 266 261 262 268 261 268 267 262 263 269 262 269 268 263 258 264 263 264 269 264 265 270 265 271 270 265 266 271 266 272 271 266 267 272 267 273 272 267 268 273 268 274 273 268 269 274 269 275 274 269 264 275 264 270 275 270 271 277 270 277 276 271 272 278 271 278 277 272 273 279 272 279 278 273 274 280 273 280 279 274 275 281 274 281 280 275 270 276 275 276 281 276 277 282 277 283 282 277 278 283 278 284 283 278 279 284 279 285 284 279 280 285 280 286 285 280 281 286 281 287 286 281 276 287 276 282 287 282 283 289 282 289 288 283 284 290 283 290 289 284 285 291 284 291 290 285 286 292 285 292 291 286 287 293 286 293 292 287 282 288 287 288 293 288 289 294 289 295 294 289 290 295 290 296 295 290 291 296 291 297 296 291 292 297 292 298 297 292 293 298 293 299 298 293 288 299 288 294 299 294 295 301 294 301 300 295 296 302 295 302 301 296 297 303 296 303 302 297 298 304 297 304 303 298 299 305 298 305 304 299 294 300 299 300 305 300 301 306 301 307 306 301 302 307 302 308 307 302 303 308 303 309 308 303 304 309 304 310 309 304 305 310 305 311 310 305 300 311 300 306 311 306 307 313 306 313 312 307 308 314 307 314 313 308 309 315 308 315 314 309 310 316 309 316 315 310 311 317 310 317 316 311 306 312 311 312 317 312 313 318 313 319 318 313 314 319 314 320 319 314 315 320 315 321 320 315 316 321 316 322 321 316 317 322 317 323 322 317 312 323 312 318 323 318 319 325 318 325 324 319 320 326 319 326 325 320 321 327 320 327 326 321 322 328 321 328 327 322 323 329 322 329 328 323 318 324 323 324 329 324 325 330 325 331 330 325 326 331 326 332 331 326 327 332 327 333 332 327 328 333 328 334 333 328 329 334 329 335 334 329 324 335 324 330 335 330 331 337 330 337 336 331 332 338 331 338 337 332 333 339 332 339 338 333 334 340 333 340 339 334 335 341 334 341 340 335 330 336 335 336 341 336 337 342 337 343 342 337 338 343 338 344 343 338 339 344 339 345 344 339 340 345 340 346 345 340 341 346 341 347 346 341 336 347 336 342 347 342 343 349 342 349 348 343 344 350 343 350 349 344 345 351 344 351 350 345 346 352 345 352 351 346 347 353 346 353 352 347 342 348 347 348 353 348 349 354 349 355 354 349 350 355 350 356 355 350 351 356 351 357 356 351 352 357 352 358 357 352 353 358 353 359 358 353 348 359 348 354 359 354 355 361 354 361 360 355 356 362 355 362 361 356 357 363 356 363 362 357 358 364 357 364 363 358 359 365 358 365 364 359 354 360 359 360 365 360 361 366 361 367 366 361 362 367 362 368 367 362 363 368 363 369 368 363 364 369 364 370 369 364 365 370 365 371 370 365 360 371 360 366 371 366 367 373 366 373 372 367 368 374 367 374 373 368 369 375 368 375 374 369 370 376 369 376 375 370 371 377 370 377 376 371 366 372 371 372 377 372 373 378 373 379 378 373 374 379 374 380 379 374 375 380 375 381 380 375 376 381 376 382 381 376 377 382 377 383 382 377 372 383 372 378 383 378 379 385 378 385 384 379 380 386 379 386 385 380 381 387 380 387 386 381 382 388 381 388 387 382 383 389 382 389 388 383 378 384 383 384 389 384 385 390 385 391 390 385 386 391 386 392 391 386 387 392 387 393 392 387 388 393 388 394 393 388 389 394 389 395 394 389 384 395 384 390 395 390 391 397 390 397 396 391 392 398 391 398 397 392 393 399 392 399 398 393 394 400 393 400 399 394 395 401 394 401 400 395 390 396 395 396 401 396 397 402 397 403 402 397 398 403 398 404 403 398 399 404 399 405 404 399 400 405 400 406 405 400 401 406 401 407 406 401 396 407 396 402 407 402 403 409 402 409 408 403 404 410 403 410 409 404 405 411 404 411 410 405 406 412 405 412 411 406 407 413 406 413 412 407 402 408 407 408 413 408 409 414 409 415 414 409 410 415 410 416 415 410 411 416 411 417 416 411 412 417 412 418 417 412 413 418 413 419 418 413 408 419 408 414 419 414 415 421 414 421 420 415 416 422 415 422 421 416 417 423 416 423 422 417 418 424 417 424 423 418 419 425 418 425 424 419 414 420 419 420 425 420 421 426 421 427 426 421 422 427 422 428 427 422 423 428 423 429 428 423 424 429 424 430 429 424 425 430 425 431 430 425 420 431 420 426 431 426 427 433 426 433 432 427 428 434 427 434 433 428 429 435 428 435 434 429 430 436 429 436 435 430 431 437 430 437 436 431 426 432 431 432 437 432 433 438 433 439 438 433 434 439 434 440 439 434 435 440 435 441 440 435 436 441 436 442 441 436 437 442 437 443 442 437 432 443 432 438 443 438 439 445 438 445 444 439 440 446 439 446 445 440 441 447 440 447 446 441 442 448 441 448 447 442 443 449 442 449 448 443 438 444 443 444 449 444 445 450 445 451 450 445 446 451 446 452 451 446 447 452 447 453 452 447 448 453 448 454 453 448 449 454 449 455 454 449 444 455 444 450 455 450 451 457 450 457 456 451 452 458 451 458 457 452 453 459 452 459 458 453 454 460 453 460 459 454 455 461 454 461 460 455 450 456 455 456 461 456 457 462 457 463 462 457 458 463 458 464 463 458 459 464 459 465 464 459 460 465 460 466 465 460 461 466 461 467 466 461 456 467 456 462 467 462 463 469 462 469 468 463 464 470 463 470 469 464 465 471 464 471 470 465 466 472 465 472 471 466 467 473 466 473 472 467 462 468 467 468 473 468 469 474 469 475 474 469 470 475 470 476 475 470 471 476 471 477 476 471 472 477 472 478 477 472 473 478 473 479 478 473 468 479 468 474 479 474 475 481 474 481 480 475 476 482 475 482 481 476 477 483 476 483 482 477 478 484 477 484 483 478 479 485 478 485 484 479 474 480 479 480 485 480 481 486 481 487 486 481 482 487 482 488 487 482 483 488 483 489 488 483 484 489 484 490 489 484 485 490 485 491 490 485 480 491 480 486 491 486 487 493 486 493 492 487 488 494 487 494 493 488 489 495 488 495 494 489 490 496 489 496 495 490 491 497 490 497 496 491 486 492 491 492 497 492 493 498 493 499 498 493 494 499 494 500 499 494 495 500 495 501 500 495 496 501 496 502 501 496 497 502 497 503 502 497 492 503 492 498 503 498 499 505 498 505 504 499 500 506 499 506 505 500 501 507 500 507 506 501 502 508 501 508 507 502 503 509 502 509 508 503 498 504 503 504 509 504 505 510 505 511 510 505 506 511 506 512 511 506 507 512 507 513 512 507 508 513 508 514 513 508 509 514 509 515 514 509 504 515 504 510 515 510 511 517 510 517 516 511 512 518 511 518 517 512 513 519 512 519 518 513 514 520 513 520 519 514 515 521 514 521 520 515 510 516 515 516 521 516 517 522 517 523 522 517 518 523 518 524 523 518 519 524 519 525 524 519 520 525 520 526 525 520 521 526 521 527 526 521 516 527 516 522 527 522 523 529 522 529 528 523 524 530 523 530 529 524 525 531 524 531 530 525 526 532 525 532 531 526 527 533 526 533 532 527 522 528 527 528 533 528 529 534 529 535 534 529 530 535 530 536 535 530 531 536 531 537 536 531 532 537 532 538 537 532 533 538 533 539 538 533 528 539 528 534 539 534 535 541 534 541 540 535 536 542 535 542 541 536 537 543 536 543 542 537 538 544 537 544 543 538 539 545 538 545 544 539 534 540 539 540 545 540 541 546 541 547 546 541 542 547 542 548 547 542 543 548 543 549 548 543 544 549 544 550 549 544 545 550 545 551 550 545 540 551 540 546 551 546 547 553 546 553 552 547 548 554 547 554 553 548 549 555 548 555 554 549 550 556 549 556 555 550 551 557 550 557 556 551 546 552 551 552 557 552 553 558 553 559 558 553 554 559 554 560 559 554 555 560 555 561 560 555 556 561 556 562 561 556 557 562 557 563 562 557 552 563 552 558 563 558 559 565 558 565 564 559 560 566 559 566 565 560 561 567 560 567 566 561 562 568 561 568 567 562 563 569 562 569 568 563 558 564 563 564 569 564 565 570 565 571 570 565 566 571 566 572 571 566 567 572 567 573 572 567 568 573 568 574 573 568 569 574 569 575 574 569 564 575 564 570 575 570 571 577 570 577 576 571 572 578 571 578 577 572 573 579 572 579 578 573 574 580 573 580 579 574 575 581 574 581 580 575 570 576 575 576 581 576 577 582 577 583 582 577 578 583 578 584 583 578 579 584 579 585 584 579 580 585 580 586 585 580 581 586 581 587 586 581 576 587 576 582 587 582 583 589 582 589 588 583 584 590 583 590 589 584 585 591 584 591 590 585 586 592 585 592 591 586 587 593 586 593 592 587 582 588 587 588 593 588 589 594 589 595 594 589 590 595 590 596 595 590 591 596 591 597 596 591 592 597 592 598 597 592 593 598 593 599 598 593 588 599 588 594 599 594 595 601 594 601 600 595 596 602 595 602 601 596 597 603 596 603 602 597 598 604 597 604 603 598 599 605 598 605 604 599 594 600 599 600 605 600 601 606 601 607 606 601 602 607 602 608 607 602 603 608 603 609 608 603 604 609 604 610 609 604 605 610 605 611 610 605 600 611 600 606 611 606 607 613 606 613 612 607 608 614 607 614 613 608 609 615 608 615 614 609 610 616 609 616 615 610 611 617 610 617 616 611 606 612 611 612 617 612 613 618 613 619 618 613 614 619 614 620 619 614 615 620 615 621 620 615 616 621 616 622 621 616 617 622 617 623 622 617 612 623 612 618 623 618 619 625 618 625 624 619 620 626 619 626 625 620 621 627 620 627 626 621 622 628 621 628 627 622 623 629 622 629 628 623 618 624 623 624 629 624 625 630 625 631 630 625 626 631 626 632 631 626 627 632 627 633 632 627 628 633 628 634 633 628 629 634 629 635 634 629 624 635 624 630 635 630 631 637 630 637 636 631 632 638 631 638 637 632 633 639 632 639 638 633 634 640 633 640 639 634 635 641 634 641 640 635 630 636 635 636 641 636 637 642 637 643 642 637 638 643 638 644 643 638 639 644 639 645 644 639 640 645 640 646 645 640 641 646 641 647 646 641 636 647 636 642 647 642 643 649 642 649 648 643 644 650 643 650 649 644 645 651 644 651 650 645 646 652 645 652 651 646 647 653 646 653 652 647 642 648 647 648 653 648 649 654 649 655 654 649 650 655 650 656 655 650 651 656 651 657 656 651 652 657 652 658 657 652 653 658 653 659 658 653 648 659 648 654 659 654 655 661 654 661 660 655 656 662 655 662 661 656 657 663 656 663 662 657 658 664 657 664 663 658 659 665 658 665 664 659 654 660 659 660 665 660 661 666 661 667 666 661 662 667 662 668 667 662 663 668 663 669 668 663 664 669 664 670 669 664 665 670 665 671 670 665 660 671 660 666 671 666 667 673 666 673 672 667 668 674 667 674 673 668 669 675 668 675 674 669 670 676 669 676 675 670 671 677 670 677 676 671 666 672 671 672 677 672 673 678 673 679 678 673 674 679 674 680 679 674 675 680 675 681 680 675 676 681 676 682 681 676 677 682 677 683 682 677 672 683 672 678 683 678 679 685 678 685 684 679 680 686 679 686 685 680 681 687 680 687 686 681 682 688 681 688 687 682 683 689 682 689 688 683 678 684 683 684 689 684 685 690 685 691 690 685 686 691 686 692 691 686 687 692 687 693 692 687 688 693 688 694 693 688 689 694 689 695 694 689 684 695 684 690 695 690 691 697 690 697 696 691 692 698 691 698 697 692 693 699 692 699 698 693 694 700 693 700 699 694 695 701 694 701 700 695 690 696 695 696 701 696 697 702 697 703 702 697 698 703 698 704 703 698 699 704 699 705 704 699 700 705 700 706 705 700 701 706 701 707 706 701 696 707 696 702 707 702 703 709 702 709 708 703 704 710 703 710 709 704 705 711 704 711 710 705 706 712 705 712 711 706 707 713 706 713 712 707 702 708 707 708 713 708 709 714 709 715 714 709 710 715 710 716 715 710 711 716 711 717 716 711 712 717 712 718 717 712 713 718 713 719 718 713 708 719 708 714 719 714 715 721 714 721 720 715 716 722 715 722 721 716 717 723 716 723 722 717 718 724 717 724 723 718 719 725 718 725 724 719 714 720 719 720 725 720 721 726 721 727 726 721 722 727 722 728 727 722 723 728 723 729 728 723 724 729 724 730 729 724 725 730 725 731 730 725 720 731 720 726 731 726 727 733 726 733 732 727 728 734 727 734 733 728 729 735 728 735 734 729 730 736 729 736 735 730 731 737 730 737 736 731 726 732 731 732 737 732 733 738 733 739 738 733 734 739 734 740 739 734 735 740 735 741 740 735 736 741 736 742 741 736 737 742 737 743 742 737 732 743 732 738 743 738 739 745 738 745 744 739 740 746 739 746 745 740 741 747 740 747 746 741 742 748 741 748 747 742 743 749 742 749 748 743 738 744 743 744 749 744 745 750 745 751 750 745 746 751 746 752 751 746 747 752 747 753 752 747 748 753 748 754 753 748 749 754 749 755 754 749 744 755 744 750 755 750 751 757 750 757 756 751 752 758 751 758 757 752 753 759 752 759 758 753 754 760 753 760 759 754 755 761 754 761 760 755 750 756 755 756 761 756 757 762 757 763 762 757 758 763 758 764 763 758 759 764 759 765 764 759 760 765 760 766 765 760 761 766 761 767 766 761 756 767 756 762 767 762 763 769 762 769 768 763 764 770 763 770 769 764 765 771 764 771 770 765 766 772 765 772 771 766 767 773 766 773 772 767 762 768 767 768 773 768 769 774 769 775 774 769 770 775 770 776 775 770 771 776 771 777 776 771 772 777 772 778 777 772 773 778 773 779 778 773 768 779 768 774 779 774 775 781 774 781 780 775 776 782 775 782 781 776 777 783 776 783 782 777 778 784 777 784 783 778 779 785 778 785 784 779 774 780 779 780 785 780 781 786 781 787 786 781 782 787 782 788 787 782 783 788 783 789 788 783 784 789 784 790 789 784 785 790 785 791 790 785 780 791 780 786 791 786 787 793 786 793 792 787 788 794 787 794 793 788 789 795 788 795 794 789 790 796 789 796 795 790 791 797 790 797 796 791 786 792 791 792 797 792 793 798 793 799 798 793 794 799 794 800 799 794 795 800 795 801 800 795 796 801 796 802 801 796 797 802 797 803 802 797 792 803 792 798 803 798 799 805 798 805 804 799 800 806 799 806 805 800 801 807 800 807 806 801 802 808 801 808 807 802 803 809 802 809 808 803 798 804 803 804 809 804 805 810 805 811 810 805 806 811 806 812 811 806 807 812 807 813 812 807 808 813 808 814 813 808 809 814 809 815 814 809 804 815 804 810 815 810 811 817 810 817 816 811 812 818 811 818 817 812 813 819 812 819 818 813 814 820 813 820 819 814 815 821 814 821 820 815 810 816 815 816 821 816 817 822 817 823 822 817 818 823 818 824 823 818 819 824 819 825 824 819 820 825 820 826 825 820 821 826 821 827 826 821 816 827 816 822 827 822 823 829 822 829 828 823 824 830 823 830 829 824 825 831 824 831 830 825 826 832 825 832 831 826 827 833 826 833 832 827 822 828 827 828 833 828 829 834 829 835 834 829 830 835 830 836 835 830 831 836 831 837 836 831 832 837 832 838 837 832 833 838 833 839 838 833 828 839 828 834 839 834 835 841 834 841 840 835 836 842 835 842 841 836 837 843 836 843 842 837 838 844 837 844 843 838 839 845 838 845 844 839 834 840 839 840 845 840 841 846 841 847 846 841 842 847 842 848 847 842 843 848 843 849 848 843 844 849 844 850 849 844 845 850 845 851 850 845 840 851 840 846 851 846 847 853 846 853 852 847 848 854 847 854 853 848 849 855 848 855 854 849 850 856 849 856 855 850 851 857 850 857 856 851 846 852 851 852 857 852 853 858 853 859 858 853 854 859 854 860 859 854 855 860 855 861 860 855 856 861 856 862 861 856 857 862 857 863 862 857 852 863 852 858 863 858 859 865 858 865 864 859 860 866 859 866 865 860 861 867 860 867 866 861 862 868 861 868 867 862 863 869 862 869 868 863 858 864 863 864 869 864 865 870 865 871 870 865 866 871 866 872 871 866 867 872 867 873 872 867 868 873 868 874 873 868 869 874 869 875 874 869 864 875 864 870 875 870 871 877 870 877 876 871 872 878 871 878 877 872 873 879 872 879 878 873 874 880 873 880 879 874 875 881 874 881 880 875 870 876 875 876 881 876 877 882 877 883 882 877 878 883 878 884 883 878 879 884 879 885 884 879 880 885 880 886 885 880 881 886 881 887 886 881 876 887 876 882 887 882 883 889 882 889 888 883 884 890 883 890 889 884 885 891 884 891 890 885 886 892 885 892 891 886 887 893 886 893 892 887 882 888 887 888 893 888 889 894 889 895 894 889 890 895 890 896 895 890 891 896 891 897 896 891 892 897 892 898 897 892 893 898 893 899 898 893 888 899 888 894 899 894 895 901 894 901 900 895 896 902 895 902 901 896 897 903 896 903 902 897 898 904 897 904 903 898 899 905 898 905 904 899 894 900 899 900 905 900 901 906 901 907 906 901 902 907 902 908 907 902 903 908 903 909 908 903 904 909 904 910 909 904 905 910 905 911 910 905 900 911 900 906 911 906 907 913 906 913 912 907 908 914 907 914 913 908 909 915 908 915 914 909 910 916 909 916 915 910 911 917 910 917 916 911 906 912 911 912 917 912 913 918 913 919 918 913 914 919 914 920 919 914 915 920 915 921 920 915 916 921 916 922 921 916 917 922 917 923 922 917 912 923 912 918 923 918 919 925 918 925 924 919 920 926 919 926 925 920 921 927 920 927 926 921 922 928 921 928 927 922 923 929 922 929 928 923 918 924 923 924 929 924 925 930 925 931 930 925 926 931 926 932 931 926 927 932 927 933 932 927 928 933 928 934 933 928 929 934 929 935 934 929 924 935 924 930 935 930 931 937 930 937 936 931 932 938 931 938 937 932 933 939 932 939 938 933 934 940 933 940 939 934 935 941 934 941 940 935 930 936 935 936 941 936 937 942 937 943 942 937 938 943 938 944 943 938 939 944 939 945 944 939 940 945 940 946 945 940 941 946 941 947 946 941 936 947 936 942 947 942 943 949 942 949 948 943 944 950 943 950 949 944 945 951 944 951 950 945 946 952 945 952 951 946 947 953 946 953 952 947 942 948 947 948 953 948 949 954 949 955 954 949 950 955 950 956 955 950 951 956 951 957 956 951 952 957 952 958 957 952 953 958 953 959 958 953 948 959 948 954 959 954 955 961 954 961 960 955 956 962 955 962 961 956 957 963 956 963 962 957 958 964 957 964 963 958 959 965 958 965 964 959 954 960 959 960 965 960 961 966 961 967 966 961 962 967 962 968 967 962 963 968 963 969 968 963 964 969 964 970 969 964 965 970 965 971 970 965 960 971 960 966 971 966 967 973 966 973 972 967 968 974 967 974 973 968 969 975 968 975 974 969 970 976 969 976 975 970 971 977 970 977 976 971 966 972 971 972 977 972 973 978 973 979 978 973 974 979 974 980 979 974 975 980 975 981 980 975 976 981 976 982 981 976 977 982 977 983 982 977 972 983 972 978 983 978 979 985 978 985 984 979 980 986 979 986 985 980 981 987 980 987 986 981 982 988 981 988 987 982 983 989 982 989 988 983 978 984 983 984 989 984 985 990 985 991 990 985 986 991 986 992 991 986 987 992 987 993 992 987 988 993 988 994 993 988 989 994 989 995 994 989 984 995 984 990 995 990 991 997 990 997 996 991 992 998 991 998 997 992 993 999 992 999 998 993 994 1000 993 1000 999 994 995 1001 994 1001 1000 995 990 996 995 996 1001 996 997 1002 997 1003 1002 997 998 1003 998 1004 1003 998 999 1004 999 1005 1004 999 1000 1005 1000 1006 1005 1000 1001 1006 1001 1007 1006 1001 996 1007 996 1002 1007 1002 1003 1009 1002 1009 1008 1003 1004 1010 1003 1010 1009 1004 1005 1011 1004 1011 1010 1005 1006 1012 1005 1012 1011 1006 1007 1013 1006 1013 1012 1007 1002 1008 1007 1008 1013 1008 1009 1014 1009 1015 1014 1009 1010 1015 1010 1016 1015 1010 1011 1016 1011 1017 1016 1011 1012 1017 1012 1018 1017 1012 1013 1018 1013 1019 1018 1013 1008 1019 1008 1014 1019 1014 1015 1021 1014 1021 1020 1015 1016 1022 1015 1022 1021 1016 1017 1023 1016 1023 1022 1017 1018 1024 1017 1024 1023 1018 1019 1025 1018 1025 1024 1019 1014 1020 1019 1020 1025 1020 1021 1026 1021 1027 1026 1021 1022 1027 1022 1028 1027 1022 1023 1028 1023 1029 1028 1023 1024 1029 1024 1030 1029 1024 1025 1030 1025 1031 1030 1025 1020 1031 1020 1026 1031 1026 1027 1033 1026 1033 1032 1027 1028 1034 1027 1034 1033 1028 1029 1035 1028 1035 1034 1029 1030 1036 1029 1036 1035 1030 1031 1037 1030 1037 1036 1031 1026 1032 1031 1032 1037 1032 1033 1038 1033 1039 1038 1033 1034 1039 1034 1040 1039 1034 1035 1040 1035 1041 1040 1035 1036 1041 1036 1042 1041 1036 1037 1042 1037 1043 1042 1037 1032 1043 1032 1038 1043 1038 1039 1045 1038 1045 1044 1039 1040 1046 1039 1046 1045 1040 1041 1047 1040 1047 1046 1041 1042 1048 1041 1048 1047 1042 1043 1049 1042 1049 1048 1043 1038 1044 1043 1044 1049 1044 1045 1050 1045 1051 1050 1045 1046 1051 1046 1052 1051 1046 1047 1052 1047 1053 1052 1047 1048 1053 1048 1054 1053 1048 1049 1054 1049 1055 1054 1049 1044 1055 1044 1050 1055 1050 1051 1057 1050 1057 1056 1051 1052 1058 1051 1058 1057 1052 1053 1059 1052 1059 1058 1053 1054 1060 1053 1060 1059 1054 1055 1061 1054 1061 1060 1055 1050 1056 1055 1056 1061 1056 1057 1062 1057 1063 1062 1057 1058 1063 1058 1064 1063 1058 1059 1064 1059 1065 1064 1059 1060 1065 1060 1066 1065 1060 1061 1066 1061 1067 1066 1061 1056 1067 1056 1062 1067 1062 1063 1069 1062 1069 1068 1063 1064 1070 1063 1070 1069 1064 1065 1071 1064 1071 1070 1065 1066 1072 1065 1072 1071 1066 1067 1073 1066 1073 1072 1067 1062 1068 1067 1068 1073 1068 1069 1074 1069 1075 1074 1069 1070 1075 1070 1076 1075 1070 1071 1076 1071 1077 1076 1071 1072 1077 1072 1078 1077 1072 1073 1078 1073 1079 1078 1073 1068 1079 1068 1074 1079 1074 1075 1081 1074 1081 1080 1075 1076 1082 1075 1082 1081 1076 1077 1083 1076 1083 1082 1077 1078 1084 1077 1084 1083 1078 1079 1085 1078 1085 1084 1079 1074 1080 1079 1080 1085 1080 1081 1086 1081 1087 1086 1081 1082 1087 1082 1088 1087 1082 1083 1088 1083 1089 1088 1083 1084 1089 1084 1090 1089 1084 1085 1090 1085 1091 1090 1085 1080 1091 1080 1086 1091 1086 1087 1093 1086 1093 1092 1087 1088 1094 1087 1094 1093 1088 1089 1095 1088 1095 1094 1089 1090 1096 1089 1096 1095 1090 1091 1097 1090 1097 1096 1091 1086 1092 1091 1092 1097 1092 1093 1098 1093 1099 1098 1093 1094 1099 1094 1100 1099 1094 1095 1100 1095 1101 1100 1095 1096 1101 1096 1102 1101 1096 1097 1102 1097 1103 1102 1097 1092 1103 1092 1098 1103 1098 1099 1105 1098 1105 1104 1099 1100 1106 1099 1106 1105 1100 1101 1107 1100 1107 1106 1101 1102 1108 1101 1108 1107 1102 1103 1109 1102 1109 1108 1103 1098 1104 1103 1104 1109 1104 1105 1110 1105 1111 1110 1105 1106 1111 1106 1112 1111 1106 1107 1112 1107 1113 1112 1107 1108 1113 1108 1114 1113 1108 1109 1114 1109 1115 1114 1109 1104 1115 1104 1110 1115 1110 1111 1117 1110 1117 1116 1111 1112 1118 1111 1118 1117 1112 1113 1119 1112 1119 1118 1113 1114 1120 1113 1120 1119 1114 1115 1121 1114 1121 1120 1115 1110 1116 1115 1116 1121 1116 1117 1122 1117 1123 1122 1117 1118 1123 1118 1124 1123 1118 1119 1124 1119 1125 1124 1119 1120 1125 1120 1126 1125 1120 1121 1126 1121 1127 1126 1121 1116 1127 1116 1122 1127 1122 1123 1129 1122 1129 1128 1123 1124 1130 1123 1130 1129 1124 1125 1131 1124 1131 1130 1125 1126 1132 1125 1132 1131 1126 1127 1133 1126 1133 1132 1127 1122 1128 1127 1128 1133 1128 1129 1134 1129 1135 1134 1129 1130 1135 1130 1136 1135 1130 1131 1136 1131 1137 1136 1131 1132 1137 1132 1138 1137 1132 1133 1138 1133 1139 1138 1133 1128 1139 1128 1134 1139 1134 1135 1141 1134 1141 1140 1135 1136 1142 1135 1142 1141 1136 1137 1143 1136 1143 1142 1137 1138 1144 1137 1144 1143 1138 1139 1145 1138 1145 1144 1139 1134 1140 1139 1140 1145 1140 1141 1146 1141 1147 1146 1141 1142 1147 1142 1148 1147 1142 1143 1148 1143 1149 1148 1143 1144 1149 1144 1150 1149 1144 1145 1150 1145 1151 1150 1145 1140 1151 1140 1146 1151 1146 1147 1153 1146 1153 1152 1147 1148 1154 1147 1154 1153 1148 1149 1155 1148 1155 1154 1149 1150 1156 1149 1156 1155 1150 1151 1157 1150 1157 1156 1151 1146 1152 1151 1152 1157 1152 1153 1158 1153 1159 1158 1153 1154 1159 1154 1160 1159 1154 1155 1160 1155 1161 1160 1155 1156 1161 1156 1162 1161 1156 1157 1162 1157 1163 1162 1157 1152 1163 1152 1158 1163 1158 1159 1165 1158 1165 1164 1159 1160 1166 1159 1166 1165 1160 1161 1167 1160 1167 1166 1161 1162 1168 1161 1168 1167 1162 1163 1169 1162 1169 1168 1163 1158 1164 1163 1164 1169 1164 1165 1170 1165 1171 1170 1165 1166 1171 1166 1172 1171 1166 1167 1172 1167 1173 1172 1167 1168 1173 1168 1174 1173 1168 1169 1174 1169 1175 1174 1169 1164 1175 1164 1170 1175 1170 1171 1177 1170 1177 1176 1171 1172 1178 1171 1178 1177 1172 1173 1179 1172 1179 1178 1173 1174 1180 1173 1180 1179 1174 1175 1181 1174 1181 1180 1175 1170 1176 1175 1176 1181 1176 1177 1182 1177 1183 1182 1177 1178 1183 1178 1184 1183 1178 1179 1184 1179 1185 1184 1179 1180 1185 1180 1186 1185 1180 1181 1186 1181 1187 1186 1181 1176 1187 1176 1182 1187 1182 1183 1189 1182 1189 1188 1183 1184 1190 1183 1190 1189 1184 1185 1191 1184 1191 1190 1185 1186 1192 1185 1192 1191 1186 1187 1193 1186 1193 1192 1187 1182 1188 1187 1188 1193 1188 1189 1194 1189 1195 1194 1189 1190 1195 1190 1196 1195 1190 1191 1196 1191 1197 1196 1191 1192 1197 1192 1198 1197 1192 1193 1198 1193 1199 1198 1193 1188 1199 1188 1194 1199 1194 1195 1201 1194 1201 1200 1195 1196 1202 1195 1202 1201 1196 1197 1203 1196 1203 1202 1197 1198 1204 1197 1204 1203 1198 1199 1205 1198 1205 1204 1199 1194 1200 1199 1200 1205 1200 1201 1206 1201 1207 1206 1201 1202 1207 1202 1208 1207 1202 1203 1208 1203 1209 1208 1203 1204 1209 1204 1210 1209 1204 1205 1210 1205 1211 1210 1205 1200 1211 1200 1206 1211 1206 1207 1213 1206 1213 1212 1207 1208 1214 1207 1214 1213 1208 1209 1215 1208 1215 1214 1209 1210 1216 1209 1216 1215 1210 1211 1217 1210 1217 1216 1211 1206 1212 1211 1212 1217 1212 1213 1218 1213 1219 1218 1213 1214 1219 1214 1220 1219 1214 1215 1220 1215 1221 1220 1215 1216 1221 1216 1222 1221 1216 1217 1222 1217 1223 1222 1217 1212 1223 1212 1218 1223 1218 1219 1225 1218 1225 1224 1219 1220 1226 1219 1226 1225 1220 1221 1227 1220 1227 1226 1221 1222 1228 1221 1228 1227 1222 1223 1229 1222 1229 1228 1223 1218 1224 1223 1224 1229 1224 1225 1230 1225 1231 1230 1225 1226 1231 1226 1232 1231 1226 1227 1232 1227 1233 1232 1227 1228 1233 1228 1234 1233 1228 1229 1234 1229 1235 1234 1229 1224 1235 1224 1230 1235 1230 1231 1237 1230 1237 1236 1231 1232 1238 1231 1238 1237 1232 1233 1239 1232 1239 1238 1233 1234 1240 1233 1240 1239 1234 1235 1241 1234 1241 1240 1235 1230 1236 1235 1236 1241 1236 1237 1242 1237 1243 1242 1237 1238 1243 1238 1244 1243 1238 1239 1244 1239 1245 1244 1239 1240 1245 1240 1246 1245 1240 1241 1246 1241 1247 1246 1241 1236 1247 1236 1242 1247 1242 1243 1249 1242 1249 1248 1243 1244 1250 1243 1250 1249 1244 1245 1251 1244 1251 1250 1245 1246 1252 1245 1252 1251 1246 1247 1253 1246 1253 1252 1247 1242 1248 1247 1248 1253 1248 1249 1254 1249 1255 1254 1249 1250 1255 1250 1256 1255 1250 1251 1256 1251 1257 1256 1251 1252 1257 1252 1258 1257 1252 1253 1258 1253 1259 1258 1253 1248 1259 1248 1254 1259 1254 1255 1261 1254 1261 1260 1255 1256 1262 1255 1262 1261 1256 1257 1263 1256 1263 1262 1257 1258 1264 1257 1264 1263 1258 1259 1265 1258 1265 1264 1259 1254 1260 1259 1260 1265 1260 1261 1266 1261 1267 1266 1261 1262 1267 1262 1268 1267 1262 1263 1268 1263 1269 1268 1263 1264 1269 1264 1270 1269 1264 1265 1270 1265 1271 1270 1265 1260 1271 1260 1266 1271 1266 1267 1273 1266 1273 1272 1267 1268 1274 1267 1274 1273 1268 1269 1275 1268 1275 1274 1269 1270 1276 1269 1276 1275 1270 1271 1277 1270 1277 1276 1271 1266 1272 1271 1272 1277 1272 1273 1278 1273 1279 1278 1273 1274 1279 1274 1280 1279 1274 1275 1280 1275 1281 1280 1275 1276 1281 1276 1282 1281 1276 1277 1282 1277 1283 1282 1277 1272 1283 1272 1278 1283 1278 1279 1285 1278 1285 1284 1279 1280 1286 1279 1286 1285 1280 1281 1287 1280 1287 1286 1281 1282 1288 1281 1288 1287 1282 1283 1289 1282 1289 1288 1283 1278 1284 1283 1284 1289 1284 1285 1290 1285 1291 1290 1285 1286 1291 1286 1292 1291 1286 1287 1292 1287 1293 1292 1287 1288 1293 1288 1294 1293 1288 1289 1294 1289 1295 1294 1289 1284 1295 1284 1290 1295 1290 1291 1297 1290 1297 1296 1291 1292 1298 1291 1298 1297 1292 1293 1299 1292 1299 1298 1293 1294 1300 1293 1300 1299 1294 1295 1301 1294 1301 1300 1295 1290 1296 1295 1296 1301 1296 1297 1302 1297 1303 1302 1297 1298 1303 1298 1304 1303 1298 1299 1304 1299 1305 1304 1299 1300 1305 1300 1306 1305 1300 1301 1306 1301 1307 1306 1301 1296 1307 1296 1302 1307 1302 1303 1309 1302 1309 1308 1303 1304 1310 1303 1310 1309 1304 1305 1311 1304 1311 1310 1305 1306 1312 1305 1312 1311 1306 1307 1313 1306 1313 1312 1307 1302 1308 1307 1308 1313 1308 1309 1314 1309 1315 1314 1309 1310 1315 1310 1316 1315 1310 1311 1316 1311 1317 1316 1311 1312 1317 1312 1318 1317 1312 1313 1318 1313 1319 1318 1313 1308 1319 1308 1314 1319 1314 1315 1321 1314 1321 1320 1315 1316 1322 1315 1322 1321 1316 1317 1323 1316 1323 1322 1317 1318 1324 1317 1324 1323 1318 1319 1325 1318 1325 1324 1319 1314 1320 1319 1320 1325 1326 1328 1327 1326 1329 1328 1326 1330 1329 1326 1331 1330 1326 1332 1331 1326 1327 1332 1333 1334 1335 1333 1335 1336 1333 1336 1337 1333 1337 1338 1333 1338 1339 1333 1339 1334" solid="false" colorPerVertex="false">
     <Coordinate point="0.01 -1 0 0.005 -1 -0.00866025 -0.005 -1 -0.00866025 -0.01 -1 -1.22465e-18 -0.005 -1 0.00866025 0.005 -1 0.00866025 0.00866025 -0.990909 -0.005 6.12323e-19 -0.990909 -0.01 -0.00866025 -0.990909 -0.005 -0.00866025 -0.990909 0.005 -1.83697e-18 -0.990909 0.01 0.00866025 -0.990909 0.005 0.01 -0.981818 0 0.005 -0.981818 -0.00866025 -0.005 -0.981818 -0.00866025 -0.01 -0.981818 -1.22465e-18 -0.005 -0.981818 0.00866025 0.005 -0.981818 0.00866025 0.00866025 -0.972727 -0.005 6.12323e-19 -0.972727 -0.01 -0.00866025 -0.972727 -0.005 -0.00866025 -0.972727 0.005 -1.83697e-18 -0.972727 0.01 0.00866025 -0.972727 0.005 0.01 -0.963636 0 0.005 -0.963636 -0.00866025 -0.005 -0.963636 -0.00866025 -0.01 -0.963636 -1.22465e-18 -0.005 -0.963636 0.00866025 0.005 -0.963636 0.00866025 0.00866025 -0.954545 -0.005 6.12323e-19 -0.954545 -0.01 -0.00866025 -0.954545 -0.005 -0.00866025 -0.954545 0.005 -1.83697e-18 -0.954545 0.01 0.00866025 -0.954545 0.005 0.01 -0.945455 0 0.005 -0.945455 -0.00866025 -0.005 -0.945455 -0.00866025 -0.01 -0.945455 -1.22465e-18 -0.005 -0.945455 0.00866025 0.005 -0.945455 0.00866025 0.00866025 -0.936364 -0.005 6.12323e-19 -0.936364 -0.01 -0.00866025 -0.936364 -0.005 -0.00866025 -0.936364 0.005 -1.83697e-18 -0.936364 0.01 0.00866025 -0.936364 0.005 0.01 -0.927273 0 0.005 -0.927273 -0.00866025 -0.005 -0.927273 -0.00866025 -0.01 -0.927273 -1.22465e-18 -0.005 -0.927273 0.00866025 0.005 -0.927273 0.00866025 0.00866025 -0.918182 -0.005 6.12323e-19 -0.918182 -0.01 -0.00866025 -0.918182 -0.005 -0.00866025 -0.918182 0.005 -1.83697e-18 -0.918182 0.01 0.00866025 -0.918182 0.005 0.01 -0.909091 0 0.005 -0.909091 -0.00866025 -0.005 -0.909091 -0.00866025 -0.01 -0.909091 -1.22465e-18 -0.005 -0.909091 0.00866025 0.005 -0.909091 0.00866025 0.00866025 -0.9 -0.005 6.12323e-19 -0.9 -0.01 -0.00866025 -0.9 -0.005 -0.00866025 -0.9 0.005 -1.83697e-18 -0.9 0.01 0.00866025 -0.9 0.005 0.01 -0.890909 0 0.005 -0.890909 -0.00866025 -0.005 -0.890909 -0.00866025 -0.01 -0.890909 -1.22465e-18 -0.005 -0.890909 0.00866025 0.005 -0.890909 0.00866025 0.00866025 -0.881818 -0.005 6.12323e-19 -0.881818 -0.01 -0.00866025 -0.881818 -0.005 -0.00866025 -0.881818 0.005 -1.83697e-18 -0.881818 0.01 0.00866025 -0.881818 0.005 0.01 -0.872727 0 0.005 -0.872727 -0.00866025 -0.005 -0.872727 -0.00866025 -0.01 -0.872727 -1.22465e-18 -0.005 -0.872727 0.00866025 0.005 -0.872727 0.00866025 0.00866025 -0.863636 -0.005 6.12323e-19 -0.863636 -0.01 -0.00866025 -0.863636 -0.005 -0.00866025 -0.863636 0.005 -1.83697e-18 -0.863636 0.01 0.00866025 -0.863636 0.005 0.01 -0.854545 0 0.005 -0.854545 -0.00866025 -0.005 -0.854545 -0.00866025 -0.01 -0.854545 -1.22465e-18 -0.005 -0.854545 0.00866025 0.005 -0.854545 0.00866025 0.00866025 -0.845455 -0.005 6.12323e-19 -0.845455 -0.01 -0.00866025 -0.845455 -0.005 -0.00866025 -0.845455 0.005 -1.83697e-18 -0.845455 0.01 0.00866025 -0.845455 0.005 0.01 -0.836364 0 0.005 -0.836364 -0.00866025 -0.005 -0.836364 -0.00866025 -0.01 -0.836364 -1.22465e-18 -0.005 -0.836364 0.00866025 0.005 -0.836364 0.00866025 0.00866025 -0.827273 -0.005 6.12323e-19 -0.827273 -0.01 -0.00866025 -0.827273 -0.005 -0.00866025 -0.827273 0.005 -1.83697e-18 -0.827273 0.01 0.00866025 -0.827273 0.005 0.01 -0.818182 0 0.005 -0.818182 -0.00866025 -0.005 -0.818182 -0.00866025 -0.01 -0.818182 -1.22465e-18 -0.005 -0.818182 0.00866025 0.005 -0.818182 0.00866025 0.00866025 -0.809091 -0.005 6.12323e-19 -0.809091 -0.01 -0.00866025 -0.809091 -0.005 -0.00866025 -0.809091 0.005 -1.83697e-18 -0.809091 0.01 0.00866025 -0.809091 0.005 0.01 -0.8 0 0.005 -0.8 -0.00866025 -0.005 -0.8 -0.00866025 -0.01 -0.8 -1.22465e-18 -0.005 -0.8 0.00866025 0.005 -0.8 0.00866025 0.00866025 -0.790909 -0.005 6.12323e-19 -0.790909 -0.01 -0.00866025 -0.790909 -0.005 -0.00866025 -0.790909 0.005 -1.83697e-18 -0.790909 0.01 0.00866025 -0.790909 0.005 0.01 -0.781818 0 0.005 -0.781818 -0.00866025 -0.005 -0.781818 -0.00866025 -0.01 -0.781818 -1.22465e-18 -0.005 -0.781818 0.00866025 0.005 -0.781818 0.00866025 0.00866025 -0.772727 -0.005 6.12323e-19 -0.772727 -0.01 -0.00866025 -0.772727 -0.005 -0.00866025 -0.772727 0.005 -1.83697e-18 -0.772727 0.01 0.00866025 -0.772727 0.005 0.01 -0.763636 0 0.005 -0.763636 -0.00866025 -0.005 -0.763636 -0.00866025 -0.01 -0.763636 -1.22465e-18 -0.005 -0.763636 0.00866025 0.005 -0.763636 0.00866025 0.00866025 -0.754545 -0.005 6.12323e-19 -0.754545 -0.01 -0.00866025 -0.754545 -0.005 -0.00866025 -0.754545 0.005 -1.83697e-18 -0.754545 0.01 0.00866025 -0.754545 0.005 0.01 -0.745455 0 0.005 -0.745455 -0.00866025 -0.005 -0.745455 -0.00866025 -0.01 -0.745455 -1.22465e-18 -0.005 -0.745455 0.00866025 0.005 -0.745455 0.00866025 0.00866025 -0.736364 -0.005 6.12323e-19 -0.736364 -0.01 -0.00866025 -0.736364 -0.005 -0.00866025 -0.736364 0.005 -1.83697e-18 -0.736364 0.01 0.00866025 -0.736364 0.005 0.01 -0.727273 0 0.005 -0.727273 -0.00866025 -0.005 -0.727273 -0.00866025 -0.01 -0.727273 -1.22465e-18 -0.005 -0.727273 0.00866025 0.005 -0.727273 0.00866025 0.00866025 -0.718182 -0.005 6.12323e-19 -0.718182 -0.01 -0.00866025 -0.718182 -0.005 -0.00866025 -0.718182 0.005 -1.83697e-18 -0.718182 0.01 0.00866025 -0.718182 0.005 0.01 -0.709091 0 0.005 -0.709091 -0.00866025 -0.005 -0.709091 -0.00866025 -0.01 -0.709091 -1.22465e-18 -0.005 -0.709091 0.00866025 0.005 -0.709091 0.00866025 0.00866025 -0.7 -0.005 6.12323e-19 -0.7 -0.01 -0.00866025 -0.7 -0.005 -0.00866025 -0.7 0.005 -1.83697e-18 -0.7 0.01 0.00866025 -0.7 0.005 0.01 -0.690909 0 0.005 -0.690909 -0.00866025 -0.005 -0.690909 -0.00866025 -0.01 -0.690909 -1.22465e-18 -0.005 -0.690909 0.00866025 0.005 -0.690909 0.00866025 0.00866025 -0.681818 -0.005 6.12323e-19 -0.681818 -0.01 -0.00866025 -0.681818 -0.005 -0.00866025 -0.681818 0.005 -1.83697e-18 -0.681818 0.01 0.00866025 -0.681818 0.005 0.01 -0.672727 0 0.005 -0.672727 -0.00866025 -0.005 -0.672727 -0.00866025 -0.01 -0.672727 -1.22465e-18 -0.005 -0.672727 0.00866025 0.005 -0.672727 0.00866025 0.00866025 -0.663636 -0.005 6.12323e-19 -0.663636 -0.01 -0.00866025 -0.663636 -0.005 -0.00866025 -0.663636 0.005 -1.83697e-18 -0.663636 0.01 0.00866025 -0.663636 0.005 0.01 -0.654545 0 0.005 -0.654545 -0.00866025 -0.005 -0.654545 -0.00866025 -0.01 -0.654545 -1.22465e-18 -0.005 -0.654545 0.00866025 0.005 -0.654545 0.00866025 0.00866025 -0.645455 -0.005 6.12323e-19 -0.645455 -0.01 -0.00866025 -0.645455 -0.005 -0.00866025 -0.645455 0.005 -1.83697e-18 -0.645455 0.01 0.00866025 -0.645455 0.005 0.01 -0.636364 0 0.005 -0.636364 -0.00866025 -0.005 -0.636364 -0.00866025 -0.01 -0.636364 -1.22465e-18 -0.005 -0.636364 0.00866025 0.005 -0.636364 0.00866025 0.00866025 -0.627273 -0.005 6.12323e-19 -0.627273 -0.01 -0.00866025 -0.627273 -0.005 -0.00866025 -0.627273 0.005 -1.83697e-18 -0.627273 0.01 0.00866025 -0.627273 0.005 0.01 -0.618182 0 0.005 -0.618182 -0.00866025 -0.005 -0.618182 -0.00866025 -0.01 -0.618182 -1.22465e-18 -0.005 -0.618182 0.00866025 0.005 -0.618182 0.00866025 0.00866025 -0.609091 -0.005 6.12323e-19 -0.609091 -0.01 -0.00866025 -0.609091 -0.005 -0.00866025 -0.609091 0.005 -1.83697e-18 -0.609091 0.01 0.00866025 -0.609091 0.005 0.01 -0.6 0 0.005 -0.6 -0.00866025 -0.005 -0.6 -0.00866025 -0.01 -0.6 -1.22465e-18 -0.005 -0.6 0.00866025 0.005 -0.6 0.00866025 0.00866025 -0.590909 -0.005 6.12323e-19 -0.590909 -0.01 -0.00866025 -0.590909 -0.005 -0.00866025 -0.590909 0.005 -1.83697e-18 -0.590909 0.01 0.00866025 -0.590909 0.005 0.01 -0.581818 0 0.005 -0.581818 -0.00866025 -0.005 -0.581818 -0.00866025 -0.01 -0.581818 -1.22465e-18 -0.005 -0.581818 0.00866025 0.005 -0.581818 0.00866025 0.00866025 -0.572727 -0.005 6.12323e-19 -0.572727 -0.01 -0.00866025 -0.572727 -0.005 -0.00866025 -0.572727 0.005 -1.83697e-18 -0.572727 0.01 0.00866025 -0.572727 0.005 0.01 -0.563636 0 0.005 -0.563636 -0.00866025 -0.005 -0.563636 -0.00866025 -0.01 -0.563636 -1.22465e-18 -0.005 -0.563636 0.00866025 0.005 -0.563636 0.00866025 0.00866025 -0.554545 -0.005 6.12323e-19 -0.554545 -0.01 -0.00866025 -0.554545 -0.005 -0.00866025 -0.554545 0.005 -1.83697e-18 -0.554545 0.01 0.00866025 -0.554545 0.005 0.01 -0.545455 0 0.005 -0.545455 -0.00866025 -0.005 -0.545455 -0.00866025 -0.01 -0.545455 -1.22465e-18 -0.005 -0.545455 0.00866025 0.005 -0.545455 0.00866025 0.00866025 -0.536364 -0.005 6.12323e-19 -0.536364 -0.01 -0.00866025 -0.536364 -0.005 -0.00866025 -0.536364 0.005 -1.83697e-18 -0.536364 0.01 0.00866025 -0.536364 0.005 0.01 -0.527273 0 0.005 -0.527273 -0.00866025 -0.005 -0.527273 -0.00866025 -0.01 -0.527273 -1.22465e-18 -0.005 -0.527273 0.00866025 0.005 -0.527273 0.00866025 0.00866025 -0.518182 -0.005 6.12323e-19 -0.518182 -0.01 -0.00866025 -0.518182 -0.005 -0.00866025 -0.518182 0.005 -1.83697e-18 -0.518182 0.01 0.00866025 -0.518182 0.005 0.01 -0.509091 0 0.005 -0.509091 -0.00866025 -0.005 -0.509091 -0.00866025 -0.01 -0.509091 -1.22465e-18 -0.005 -0.509091 0.00866025 0.005 -0.509091 0.00866025 0.00866025 -0.5 -0.005 6.12323e-19 -0.5 -0.01 -0.00866025 -0.5 -0.005 -0.00866025 -0.5 0.005 -1.83697e-18 -0.5 0.01 0.00866025 -0.5 0.005 0.01 -0.490909 0 0.005 -0.490909 -0.00866025 -0.005 -0.490909 -0.00866025 -0.01 -0.490909 -1.22465e-18 -0.005 -0.490909 0.00866025 0.005 -0.490909 0.00866025 0.00866025 -0.481818 -0.005 6.12323e-19 -0.481818 -0.01 -0.00866025 -0.481818 -0.005 -0.00866025 -0.481818 0.005 -1.83697e-18 -0.481818 0.01 0.00866025 -0.481818 0.005 0.01 -0.472727 0 0.005 -0.472727 -0.00866025 -0.005 -0.472727 -0.00866025 -0.01 -0.472727 -1.22465e-18 -0.005 -0.472727 0.00866025 0.005 -0.472727 0.00866025 0.00866025 -0.463636 -0.005 6.12323e-19 -0.463636 -0.01 -0.00866025 -0.463636 -0.005 -0.00866025 -0.463636 0.005 -1.83697e-18 -0.463636 0.01 0.00866025 -0.463636 0.005 0.01 -0.454545 0 0.005 -0.454545 -0.00866025 -0.005 -0.454545 -0.00866025 -0.01 -0.454545 -1.22465e-18 -0.005 -0.454545 0.00866025 0.005 -0.454545 0.00866025 0.00866025 -0.445455 -0.005 6.12323e-19 -0.445455 -0.01 -0.00866025 -0.445455 -0.005 -0.00866025 -0.445455 0.005 -1.83697e-18 -0.445455 0.01 0.00866025 -0.445455 0.005 0.01 -0.436364 0 0.005 -0.436364 -0.00866025 -0.005 -0.436364 -0.00866025 -0.01 -0.436364 -1.22465e-18 -0.005 -0.436364 0.00866025 0.005 -0.436364 0.00866025 0.00866025 -0.427273 -0.005 6.12323e-19 -0.427273 -0.01 -0.00866025 -0.427273 -0.005 -0.00866025 -0.427273 0.005 -1.83697e-18 -0.427273 0.01 0.00866025 -0.427273 0.005 0.01 -0.418182 0 0.005 -0.418182 -0.00866025 -0.005 -0.418182 -0.00866025 -0.01 -0.418182 -1.22465e-18 -0.005 -0.418182 0.00866025 0.005 -0.418182 0.00866025 0.00866025 -0.409091 -0.005 6.12323e-19 -0.409091 -0.01 -0.00866025 -0.409091 -0.005 -0.00866025 -0.409091 0.005 -1.83697e-18 -0.409091 0.01 0.00866025 -0.409091 0.005 0.01 -0.4 0 0.005 -0.4 -0.00866025 -0.005 -0.4 -0.00866025 -0.01 -0.4 -1.22465e-18 -0.005 -0.4 0.00866025 0.005 -0.4 0.00866025 0.00866025 -0.390909 -0.005 6.12323e-19 -0.390909 -0.01 -0.00866025 -0.390909 -0.005 -0.00866025 -0.390909 0.005 -1.83697e-18 -0.390909 0.01 0.00866025 -0.390909 0.005 0.01 -0.381818 0 0.005 -0.381818 -0.00866025 -0.005 -0.381818 -0.00866025 -0.01 -0.381818 -1.22465e-18 -0.005 -0.381818 0.00866025 0.005 -0.381818 0.00866025 0.00866025 -0.372727 -0.005 6.12323e-19 -0.372727 -0.01 -0.00866025 -0.372727 -0.005 -0.00866025 -0.372727 0.005 -1.83697e-18 -0.372727 0.01 0.00866025 -0.372727 0.005 0.01 -0.363636 0 0.005 -0.363636 -0.00866025 -0.005 -0.363636 -0.00866025 -0.01 -0.363636 -1.22465e-18 -0.005 -0.363636 0.00866025 0.005 -0.363636 0.00866025 0.00866025 -0.354545 -0.005 6.12323e-19 -0.354545 -0.01 -0.00866025 -0.354545 -0.005 -0.00866025 -0.354545 0.005 -1.83697e-18 -0.354545 0.01 0.00866025 -0.354545 0.005 0.01 -0.345455 0 0.005 -0.345455 -0.00866025 -0.005 -0.345455 -0.00866025 -0.01 -0.345455 -1.22465e-18 -0.005 -0.345455 0.00866025 0.005 -0.345455 0.00866025 0.00866025 -0.336364 -0.005 6.12323e-19 -0.336364 -0.01 -0.00866025 -0.336364 -0.005 -0.00866025 -0.336364 0.005 -1.83697e-18 -0.336364 0.01 0.00866025 -0.336364 0.005 0.01 -0.327273 0 0.005 -0.327273 -0.00866025 -0.005 -0.327273 -0.00866025 -0.01 -0.327273 -1.22465e-18 -0.005 -0.327273 0.00866025 0.005 -0.327273 0.00866025 0.00866025 -0.318182 -0.005 6.12323e-19 -0.318182 -0.01 -0.00866025 -0.318182 -0.005 -0.00866025 -0.318182 0.005 -1.83697e-18 -0.318182 0.01 0.00866025 -0.318182 0.005 0.01 -0.309091 0 0.005 -0.309091 -0.00866025 -0.005 -0.309091 -0.00866025 -0.01 -0.309091 -1.22465e-18 -0.005 -0.309091 0.00866025 0.005 -0.309091 0.00866025 0.00866025 -0.3 -0.005 6.12323e-19 -0.3 -0.01 -0.00866025 -0.3 -0.005 -0.00866025 -0.3 0.005 -1.83697e-18 -0.3 0.01 0.00866025 -0.3 0.005 0.01 -0.290909 0 0.005 -0.290909 -0.00866025 -0.005 -0.290909 -0.00866025 -0.01 -0.290909 -1.22465e-18 -0.005 -0.290909 0.00866025 0.005 -0.290909 0.00866025 0.00866025 -0.281818 -0.005 6.12323e-19 -0.281818 -0.01 -0.00866025 -0.281818 -0.005 -0.00866025 -0.281818 0.005 -1.83697e-18 -0.281818 0.01 0.00866025 -0.281818 0.005 0.01 -0.272727 0 0.005 -0.272727 -0.00866025 -0.005 -0.272727 -0.00866025 -0.01 -0.272727 -1.22465e-18 -0.005 -0.272727 0.00866025 0.005 -0.272727 0.00866025 0.00866025 -0.263636 -0.005 6.12323e-19 -0.263636 -0.01 -0.00866025 -0.263636 -0.005 -0.00866025 -0.263636 0.005 -1.83697e-18 -0.263636 0.01 0.00866025 -0.263636 0.005 0.01 -0.254545 0 0.005 -0.254545 -0.00866025 -0.005 -0.254545 -0.00866025 -0.01 -0.254545 -1.22465e-18 -0.005 -0.254545 0.00866025 0.005 -0.254545 0.00866025 0.00866025 -0.245455 -0.005 6.12323e-19 -0.245455 -0.01 -0.00866025 -0.245455 -0.005 -0.00866025 -0.245455 0.005 -1.83697e-18 -0.245455 0.01 0.00866025 -0.245455 0.005 0.01 -0.236364 0 0.005 -0.236364 -0.00866025 -0.005 -0.236364 -0.00866025 -0.01 -0.236364 -1.22465e-18 -0.005 -0.236364 0.00866025 0.005 -0.236364 0.00866025 0.00866025 -0.227273 -0.005 6.12323e-19 -0.227273 -0.01 -0.00866025 -0.227273 -0.005 -0.00866025 -0.227273 0.005 -1.83697e-18 -0.227273 0.01 0.00866025 -0.227273 0.005 0.01 -0.218182 0 0.005 -0.218182 -0.00866025 -0.005 -0.218182 -0.00866025 -0.01 -0.218182 -1.22465e-18 -0.005 -0.218182 0.00866025 0.005 -0.218182 0.00866025 0.00866025 -0.209091 -0.005 6.12323e-19 -0.209091 -0.01 -0.00866025 -0.209091 -0.005 -0.00866025 -0.209091 0.005 -1.83697e-18 -0.209091 0.01 0.00866025 -0.209091 0.005 0.01 -0.2 0 0.005 -0.2 -0.00866025 -0.005 -0.2 -0.00866025 -0.01 -0.2 -1.22465e-18 -0.005 -0.2 0.00866025 0.005 -0.2 0.00866025 0.00866025 -0.190909 -0.005 6.12323e-19 -0.190909 -0.01 -0.00866025 -0.190909 -0.005 -0.00866025 -0.190909 0.005 -1.83697e-18 -0.190909 0.01 0.00866025 -0.190909 0.005 0.01 -0.181818 0 0.005 -0.181818 -0.00866025 -0.005 -0.181818 -0.00866025 -0.01 -0.181818 -1.22465e-18 -0.005 -0.181818 0.00866025 0.005 -0.181818 0.00866025 0.00866025 -0.172727 -0.005 6.12323e-19 -0.172727 -0.01 -0.00866025 -0.172727 -0.005 -0.00866025 -0.172727 0.005 -1.83697e-18 -0.172727 0.01 0.00866025 -0.172727 0.005 0.01 -0.163636 0 0.005 -0.163636 -0.00866025 -0.005 -0.163636 -0.00866025 -0.01 -0.163636 -1.22465e-18 -0.005 -0.163636 0.00866025 0.005 -0.163636 0.00866025 0.00866025 -0.154545 -0.005 6.12323e-19 -0.154545 -0.01 -0.00866025 -0.154545 -0.005 -0.00866025 -0.154545 0.005 -1.83697e-18 -0.154545 0.01 0.00866025 -0.154545 0.005 0.01 -0.145455 0 0.005 -0.145455 -0.00866025 -0.005 -0.145455 -0.00866025 -0.01 -0.145455 -1.22465e-18 -0.005 -0.145455 0.00866025 0.005 -0.145455 0.00866025 0.00866025 -0.136364 -0.005 6.12323e-19 -0.136364 -0.01 -0.00866025 -0.136364 -0.005 -0.00866025 -0.136364 0.005 -1.83697e-18 -0.136364 0.01 0.00866025 -0.136364 0.005 0.01 -0.127273 0 0.005 -0.127273 -0.00866025 -0.005 -0.127273 -0.00866025 -0.01 -0.127273 -1.22465e-18 -0.005 -0.127273 0.00866025 0.005 -0.127273 0.00866025 0.00866025 -0.118182 -0.005 6.12323e-19 -0.118182 -0.01 -0.00866025 -0.118182 -0.005 -0.00866025 -0.118182 0.005 -1.83697e-18 -0.118182 0.01 0.00866025 -0.118182 0.005 0.01 -0.109091 0 0.005 -0.109091 -0.00866025 -0.005 -0.109091 -0.00866025 -0.01 -0.109091 -1.22465e-18 -0.005 -0.109091 0.00866025 0.005 -0.109091 0.00866025 0.00866025 -0.1 -0.005 6.12323e-19 -0.1 -0.01 -0.00866025 -0.1 -0.005 -0.00866025 -0.1 0.005 -1.83697e-18 -0.1 0.01 0.00866025 -0.1 0.005 0.01 -0.0909091 0 0.005 -0.0909091 -0.00866025 -0.005 -0.0909091 -0.00866025 -0.01 -0.0909091 -1.22465e-18 -0.005 -0.0909091 0.00866025 0.005 -0.0909091 0.00866025 0.00866025 -0.0818182 -0.005 6.12323e-19 -0.0818182 -0.01 -0.00866025 -0.0818182 -0.005 -0.00866025 -0.0818182 0.005 -1.83697e-18 -0.0818182 0.01 0.00866025 -0.0818182 0.005 0.01 -0.0727273 0 0.005 -0.0727273 -0.00866025 -0.005 -0.0727273 -0.00866025 -0.01 -0.0727273 -1.22465e-18 -0.005 -0.0727273 0.00866025 0.005 -0.0727273 0.00866025 0.00866025 -0.0636364 -0.005 6.12323e-19 -0.0636364 -0.01 -0.00866025 -0.0636364 -0.005 -0.00866025 -0.0636364 0.005 -1.83697e-18 -0.0636364 0.01 0.00866025 -0.0636364 0.005 0.01 -0.0545455 0 0.005 -0.0545455 -0.00866025 -0.005 -0.0545455 -0.00866025 -0.01 -0.0545455 -1.22465e-18 -0.005 -0.0545455 0.00866025 0.005 -0.0545455 0.00866025 0.00866025 -0.0454545 -0.005 6.12323e-19 -0.0454545 -0.01 -0.00866025 -0.0454545 -0.005 -0.00866025 -0.0454545 0.005 -1.83697e-18 -0.0454545 0.01 0.00866025 -0.0454545 0.005 0.01 -0.0363636 0 0.005 -0.0363636 -0.00866025 -0.005 -0.0363636 -0.00866025 -0.01 -0.0363636 -1.22465e-18 -0.005 -0.0363636 0.00866025 0.005 -0.0363636 0.00866025 0.00866025 -0.0272727 -0.005 6.12323e-19 -0.0272727 -0.01 -0.00866025 -0.0272727 -0.005 -0.00866025 -0.0272727 0.005 -1.83697e-18 -0.0272727 0.01 0.00866025 -0.0272727 0.005 0.01 -0.0181818 0 0.005 -0.0181818 -0.00866025 -0.005 -0.0181818 -0.00866025 -0.01 -0.0181818 -1.22465e-18 -0.005 -0.0181818 0.00866025 0.005 -0.0181818 0.00866025 0.00866025 -0.00909091 -0.005 6.12323e-19 -0.00909091 -0.01 -0.00866025 -0.00909091 -0.005 -0.00866025 -0.00909091 0.005 -1.83697e-18 -0.00909091 0.01 0.00866025 -0.00909091 0.005 0.01 0 0 0.005 0 -0.00866025 -0.005 0 -0.00866025 -0.01 0 -1.22465e-18 -0.005 0 0.00866025 0.005 0 0.00866025 0.00866025 0.00909091 -0.005 6.12323e-19 0.00909091 -0.01 -0.00866025 0.00909091 -0.005 -0.00866025 0.00909091 0.005 -1.83697e-18 0.00909091 0.01 0.00866025 0.00909091 0.005 0.01 0.0181818 0 0.005 0.0181818 -0.00866025 -0.005 0.0181818 -0.00866025 -0.01 0.0181818 -1.22465e-18 -0.005 0.0181818 0.00866025 0.005 0.0181818 0.00866025 0.00866025 0.0272727 -0.005 6.12323e-19 0.0272727 -0.01 -0.00866025 0.0272727 -0.005 -0.00866025 0.0272727 0.005 -1.83697e-18 0.0272727 0.01 0.00866025 0.0272727 0.005 0.01 0.0363636 0 0.005 0.0363636 -0.00866025 -0.005 0.0363636 -0.00866025 -0.01 0.0363636 -1.22465e-18 -0.005 0.0363636 0.00866025 0.005 0.0363636 0.00866025 0.00866025 0.0454545 -0.005 6.12323e-19 0.0454545 -0.01 -0.00866025 0.0454545 -0.005 -0.00866025 0.0454545 0.005 -1.83697e-18 0.0454545 0.01 0.00866025 0.0454545 0.005 0.01 0.0545455 0 0.005 0.0545455 -0.00866025 -0.005 0.0545455 -0.00866025 -0.01 0.0545455 -1.22465e-18 -0.005 0.0545455 0.00866025 0.005 0.0545455 0.00866025 0.00866025 0.0636364 -0.005 6.12323e-19 0.0636364 -0.01 -0.00866025 0.0636364 -0.005 -0.00866025 0.0636364 0.005 -1.83697e-18 0.0636364 0.01 0.00866025 0.0636364 0.005 0.01 0.0727273 0 0.005 0.0727273 -0.00866025 -0.005 0.0727273 -0.00866025 -0.01 0.0727273 -1.22465e-18 -0.005 0.0727273 0.00866025 0.005 0.0727273 0.00866025 0.00866025 0.0818182 -0.005 6.12323e-19 0.0818182 -0.01 -0.00866025 0.0818182 -0.005 -0.00866025 0.0818182 0.005 -1.83697e-18 0.0818182 0.01 0.00866025 0.0818182 0.005 0.01 0.0909091 0 0.005 0.0909091 -0.00866025 -0.005 0.0909091 -0.00866025 -0.01 0.0909091 -1.22465e-18 -0.005 0.0909091 0.00866025 0.005 0.0909091 0.00866025 0.00866025 0.1 -0.005 6.12323e-19 0.1 -0.01 -0.00866025 0.1 -0.005 -0.00866025 0.1 0.005 -1.83697e-18 0.1 0.01 0.00866025 0.1 0.005 0.01 0.109091 0 0.005 0.109091 -0.00866025 -0.005 0.109091 -0.00866025 -0.01 0.109091 -1.22465e-18 -0.005 0.109091 0.00866025 0.005 0.109091 0.00866025 0.00866025 0.118182 -0.005 6.12323e-19 0.118182 -0.01 -0.00866025 0.118182 -0.005 -0.00866025 0.118182 0.005 -1.83697e-18 0.118182 0.01 0.00866025 0.118182 0.005 0.01 0.127273 0 0.005 0.127273 -0.00866025 -0.005 0.127273 -0.00866025 -0.01 0.127273 -1.22465e-18 -0.005 0.127273 0.00866025 0.005 0.127273 0.00866025 0.00866025 0.136364 -0.005 6.12323e-19 0.136364 -0.01 -0.00866025 0.136364 -0.005 -0.00866025 0.136364 0.005 -1.83697e-18 0.136364 0.01 0.00866025 0.136364 0.005 0.01 0.145455 0 0.005 0.145455 -0.00866025 -0.005 0.145455 -0.00866025 -0.01 0.145455 -1.22465e-18 -0.005 0.145455 0.00866025 0.005 0.145455 0.00866025 0.00866025 0.154545 -0.005 6.12323e-19 0.154545 -0.01 -0.00866025 0.154545 -0.005 -0.00866025 0.154545 0.005 -1.83697e-18 0.154545 0.01 0.00866025 0.154545 0.005 0.01 0.163636 0 0.005 0.163636 -0.00866025 -0.005 0.163636 -0.00866025 -0.01 0.163636 -1.22465e-18 -0.005 0.163636 0.00866025 0.005 0.163636 0.00866025 0.00866025 0.172727 -0.005 6.12323e-19 0.172727 -0.01 -0.00866025 0.172727 -0.005 -0.00866025 0.172727 0.005 -1.83697e-18 0.172727 0.01 0.00866025 0.172727 0.005 0.01 0.181818 0 0.005 0.181818 -0.00866025 -0.005 0.181818 -0.00866025 -0.01 0.181818 -1.22465e-18 -0.005 0.181818 0.00866025 0.005 0.181818 0.00866025 0.00866025 0.190909 -0.005 6.12323e-19 0.190909 -0.01 -0.00866025 0.190909 -0.005 -0.00866025 0.190909 0.005 -1.83697e-18 0.190909 0.01 0.00866025 0.190909 0.005 0.01 0.2 0 0.005 0.2 -0.00866025 -0.005 0.2 -0.00866025 -0.01 0.2 -1.22465e-18 -0.005 0.2 0.00866025 0.005 0.2 0.00866025 0.00866025 0.209091 -0.005 6.12323e-19 0.209091 -0.01 -0.00866025 0.209091 -0.005 -0.00866025 0.209091 0.005 -1.83697e-18 0.209091 0.01 0.00866025 0.209091 0.005 0.01 0.218182 0 0.005 0.218182 -0.00866025 -0.005 0.218182 -0.00866025 -0.01 0.218182 -1.22465e-18 -0.005 0.218182 0.00866025 0.005 0.218182 0.00866025 0.00866025 0.227273 -0.005 6.12323e-19 0.227273 -0.01 -0.00866025 0.227273 -0.005 -0.00866025 0.227273 0.005 -1.83697e-18 0.227273 0.01 0.00866025 0.227273 0.005 0.01 0.236364 0 0.005 0.236364 -0.00866025 -0.005 0.236364 -0.00866025 -0.01 0.236364 -1.22465e-18 -0.005 0.236364 0.00866025 0.005 0.236364 0.00866025 0.00866025 0.245455 -0.005 6.12323e-19 0.245455 -0.01 -0.00866025 0.245455 -0.005 -0.00866025 0.245455 0.005 -1.83697e-18 0.245455 0.01 0.00866025 0.245455 0.005 0.01 0.254545 0 0.005 0.254545 -0.00866025 -0.005 0.254545 -0.00866025 -0.01 0.254545 -1.22465e-18 -0.005 0.254545 0.00866025 0.005 0.254545 0.00866025 0.00866025 0.263636 -0.005 6.12323e-19 0.263636 -0.01 -0.00866025 0.263636 -0.005 -0.00866025 0.263636 0.005 -1.83697e-18 0.263636 0.01 0.00866025 0.263636 0.005 0.01 0.272727 0 0.005 0.272727 -0.00866025 -0.005 0.272727 -0.00866025 -0.01 0.272727 -1.22465e-18 -0.005 0.272727 0.00866025 0.005 0.272727 0.00866025 0.00866025 0.281818 -0.005 6.12323e-19 0.281818 -0.01 -0.00866025 0.281818 -0.005 -0.00866025 0.281818 0.005 -1.83697e-18 0.281818 0.01 0.00866025 0.281818 0.005 0.01 0.290909 0 0.005 0.290909 -0.00866025 -0.005 0.290909 -0.00866025 -0.01 0.290909 -1.22465e-18 -0.005 0.290909 0.00866025 0.005 0.290909 0.00866025 0.00866025 0.3 -0.005 6.12323e-19 0.3 -0.01 -0.00866025 0.3 -0.005 -0.00866025 0.3 0.005 -1.83697e-18 0.3 0.01 0.00866025 0.3 0.005 0.01 0.309091 0 0.005 0.309091 -0.00866025 -0.005 0.309091 -0.00866025 -0.01 0.309091 -1.22465e-18 -0.005 0.309091 0.00866025 0.005 0.309091 0.00866025 0.00866025 0.318182 -0.005 6.12323e-19 0.318182 -0.01 -0.00866025 0.318182 -0.005 -0.00866025 0.318182 0.005 -1.83697e-18 0.318182 0.01 0.00866025 0.318182 0.005 0.01 0.327273 0 0.005 0.327273 -0.00866025 -0.005 0.327273 -0.00866025 -0.01 0.327273 -1.22465e-18 -0.005 0.327273 0.00866025 0.005 0.327273 0.00866025 0.00866025 0.336364 -0.005 6.12323e-19 0.336364 -0.01 -0.00866025 0.336364 -0.005 -0.00866025 0.336364 0.005 -1.83697e-18 0.336364 0.01 0.00866025 0.336364 0.005 0.01 0.345455 0 0.005 0.345455 -0.00866025 -0.005 0.345455 -0.00866025 -0.01 0.345455 -1.22465e-18 -0.005 0.345455 0.00866025 0.005 0.345455 0.00866025 0.00866025 0.354545 -0.005 6.12323e-19 0.354545 -0.01 -0.00866025 0.354545 -0.005 -0.00866025 0.354545 0.005 -1.83697e-18 0.354545 0.01 0.00866025 0.354545 0.005 0.01 0.363636 0 0.005 0.363636 -0.00866025 -0.005 0.363636 -0.00866025 -0.01 0.363636 -1.22465e-18 -0.005 0.363636 0.00866025 0.005 0.363636 0.00866025 0.00866025 0.372727 -0.005 6.12323e-19 0.372727 -0.01 -0.00866025 0.372727 -0.005 -0.00866025 0.372727 0.005 -1.83697e-18 0.372727 0.01 0.00866025 0.372727 0.005 0.01 0.381818 0 0.005 0.381818 -0.00866025 -0.005 0.381818 -0.00866025 -0.01 0.381818 -1.22465e-18 -0.005 0.381818 0.00866025 0.005 0.381818 0.00866025 0.00866025 0.390909 -0.005 6.12323e-19 0.390909 -0.01 -0.00866025 0.390909 -0.005 -0.00866025 0.390909 0.005 -1.83697e-18 0.390909 0.01 0.00866025 0.390909 0.005 0.01 0.4 0 0.005 0.4 -0.00866025 -0.005 0.4 -0.00866025 -0.01 0.4 -1.22465e-18 -0.005 0.4 0.00866025 0.005 0.4 0.00866025 0.00866025 0.409091 -0.005 6.12323e-19 0.409091 -0.01 -0.00866025 0.409091 -0.005 -0.00866025 0.409091 0.005 -1.83697e-18 0.409091 0.01 0.00866025 0.409091 0.005 0.01 0.418182 0 0.005 0.418182 -0.00866025 -0.005 0.418182 -0.00866025 -0.01 0.418182 -1.22465e-18 -0.005 0.418182 0.00866025 0.005 0.418182 0.00866025 0.00866025 0.427273 -0.005 6.12323e-19 0.427273 -0.01 -0.00866025 0.427273 -0.005 -0.00866025 0.427273 0.005 -1.83697e-18 0.427273 0.01 0.00866025 0.427273 0.005 0.01 0.436364 0 0.005 0.436364 -0.00866025 -0.005 0.436364 -0.00866025 -0.01 0.436364 -1.22465e-18 -0.005 0.436364 0.00866025 0.005 0.436364 0.00866025 0.00866025 0.445455 -0.005 6.12323e-19 0.445455 -0.01 -0.00866025 0.445455 -0.005 -0.00866025 0.445455 0.005 -1.83697e-18 0.445455 0.01 0.00866025 0.445455 0.005 0.01 0.454545 0 0.005 0.454545 -0.00866025 -0.005 0.454545 -0.00866025 -0.01 0.454545 -1.22465e-18 -0.005 0.454545 0.00866025 0.005 0.454545 0.00866025 0.00866025 0.463636 -0.005 6.12323e-19 0.463636 -0.01 -0.00866025 0.463636 -0.005 -0.00866025 0.463636 0.005 -1.83697e-18 0.463636 0.01 0.00866025 0.463636 0.005 0.01 0.472727 0 0.005 0.472727 -0.00866025 -0.005 0.472727 -0.00866025 -0.01 0.472727 -1.22465e-18 -0.005 0.472727 0.00866025 0.005 0.472727 0.00866025 0.00866025 0.481818 -0.005 6.12323e-19 0.481818 -0.01 -0.00866025 0.481818 -0.005 -0.00866025 0.481818 0.005 -1.83697e-18 0.481818 0.01 0.00866025 0.481818 0.005 0.01 0.490909 0 0.005 0.490909 -0.00866025 -0.005 0.490909 -0.00866025 -0.01 0.490909 -1.22465e-18 -0.005 0.490909 0.00866025 0.005 0.490909 0.00866025 0.00866025 0.5 -0.005 6.12323e-19 0.5 -0.01 -0.00866025 0.5 -0.005 -0.00866025 0.5 0.005 -1.83697e-18 0.5 0.01 0.00866025 0.5 0.005 0.01 0.509091 0 0.005 0.509091 -0.00866025 -0.005 0.509091 -0.00866025 -0.01 0.509091 -1.22465e-18 -0.005 0.509091 0.00866025 0.005 0.509091 0.00866025 0.00866025 0.518182 -0.005 6.12323e-19 0.518182 -0.01 -0.00866025 0.518182 -0.005 -0.00866025 0.518182 0.005 -1.83697e-18 0.518182 0.01 0.00866025 0.518182 0.005 0.01 0.527273 0 0.005 0.527273 -0.00866025 -0.005 0.527273 -0.00866025 -0.01 0.527273 -1.22465e-18 -0.005 0.527273 0.00866025 0.005 0.527273 0.00866025 0.00866025 0.536364 -0.005 6.12323e-19 0.536364 -0.01 -0.00866025 0.536364 -0.005 -0.00866025 0.536364 0.005 -1.83697e-18 0.536364 0.01 0.00866025 0.536364 0.005 0.01 0.545455 0 0.005 0.545455 -0.00866025 -0.005 0.545455 -0.00866025 -0.01 0.545455 -1.22465e-18 -0.005 0.545455 0.00866025 0.005 0.545455 0.00866025 0.00866025 0.554545 -0.005 6.12323e-19 0.554545 -0.01 -0.00866025 0.554545 -0.005 -0.00866025 0.554545 0.005 -1.83697e-18 0.554545 0.01 0.00866025 0.554545 0.005 0.01 0.563636 0 0.005 0.563636 -0.00866025 -0.005 0.563636 -0.00866025 -0.01 0.563636 -1.22465e-18 -0.005 0.563636 0.00866025 0.005 0.563636 0.00866025 0.00866025 0.572727 -0.005 6.12323e-19 0.572727 -0.01 -0.00866025 0.572727 -0.005 -0.00866025 0.572727 0.005 -1.83697e-18 0.572727 0.01 0.00866025 0.572727 0.005 0.01 0.581818 0 0.005 0.581818 -0.00866025 -0.005 0.581818 -0.00866025 -0.01 0.581818 -1.22465e-18 -0.005 0.581818 0.00866025 0.005 0.581818 0.00866025 0.00866025 0.590909 -0.005 6.12323e-19 0.590909 -0.01 -0.00866025 0.590909 -0.005 -0.00866025 0.590909 0.005 -1.83697e-18 0.590909 0.01 0.00866025 0.590909 0.005 0.01 0.6 0 0.005 0.6 -0.00866025 -0.005 0.6 -0.00866025 -0.01 0.6 -1.22465e-18 -0.005 0.6 0.00866025 0.005 0.6 0.00866025 0.00866025 0.609091 -0.005 6.12323e-19 0.609091 -0.01 -0.00866025 0.609091 -0.005 -0.00866025 0.609091 0.005 -1.83697e-18 0.609091 0.01 0.00866025 0.609091 0.005 0.01 0.618182 0 0.005 0.618182 -0.00866025 -0.005 0.618182 -0.00866025 -0.01 0.618182 -1.22465e-18 -0.005 0.618182 0.00866025 0.005 0.618182 0.00866025 0.00866025 0.627273 -0.005 6.12323e-19 0.627273 -0.01 -0.00866025 0.627273 -0.005 -0.00866025 0.627273 0.005 -1.83697e-18 0.627273 0.01 0.00866025 0.627273 0.005 0.01 0.636364 0 0.005 0.636364 -0.00866025 -0.005 0.636364 -0.00866025 -0.01 0.636364 -1.22465e-18 -0.005 0.636364 0.00866025 0.005 0.636364 0.00866025 0.00866025 0.645455 -0.005 6.12323e-19 0.645455 -0.01 -0.00866025 0.645455 -0.005 -0.00866025 0.645455 0.005 -1.83697e-18 0.645455 0.01 0.00866025 0.645455 0.005 0.01 0.654545 0 0.005 0.654545 -0.00866025 -0.005 0.654545 -0.00866025 -0.01 0.654545 -1.22465e-18 -0.005 0.654545 0.00866025 0.005 0.654545 0.00866025 0.00866025 0.663636 -0.005 6.12323e-19 0.663636 -0.01 -0.00866025 0.663636 -0.005 -0.00866025 0.663636 0.005 -1.83697e-18 0.663636 0.01 0.00866025 0.663636 0.005 0.01 0.672727 0 0.005 0.672727 -0.00866025 -0.005 0.672727 -0.00866025 -0.01 0.672727 -1.22465e-18 -0.005 0.672727 0.00866025 0.005 0.672727 0.00866025 0.00866025 0.681818 -0.005 6.12323e-19 0.681818 -0.01 -0.00866025 0.681818 -0.005 -0.00866025 0.681818 0.005 -1.83697e-18 0.681818 0.01 0.00866025 0.681818 0.005 0.01 0.690909 0 0.005 0.690909 -0.00866025 -0.005 0.690909 -0.00866025 -0.01 0.690909 -1.22465e-18 -0.005 0.690909 0.00866025 0.005 0.690909 0.00866025 0.00866025 0.7 -0.005 6.12323e-19 0.7 -0.01 -0.00866025 0.7 -0.005 -0.00866025 0.7 0.005 -1.83697e-18 0.7 0.01 0.00866025 0.7 0.005 0.01 0.709091 0 0.005 0.709091 -0.00866025 -0.005 0.709091 -0.00866025 -0.01 0.709091 -1.22465e-18 -0.005 0.709091 0.00866025 0.005 0.709091 0.00866025 0.00866025 0.718182 -0.005 6.12323e-19 0.718182 -0.01 -0.00866025 0.718182 -0.005 -0.00866025 0.718182 0.005 -1.83697e-18 0.718182 0.01 0.00866025 0.718182 0.005 0.01 0.727273 0 0.005 0.727273 -0.00866025 -0.005 0.727273 -0.00866025 -0.01 0.727273 -1.22465e-18 -0.005 0.727273 0.00866025 0.005 0.727273 0.00866025 0.00866025 0.736364 -0.005 6.12323e-19 0.736364 -0.01 -0.00866025 0.736364 -0.005 -0.00866025 0.736364 0.005 -1.83697e-18 0.736364 0.01 0.00866025 0.736364 0.005 0.01 0.745455 0 0.005 0.745455 -0.00866025 -0.005 0.745455 -0.00866025 -0.01 0.745455 -1.22465e-18 -0.005 0.745455 0.00866025 0.005 0.745455 0.00866025 0.00866025 0.754545 -0.005 6.12323e-19 0.754545 -0.01 -0.00866025 0.754545 -0.005 -0.00866025 0.754545 0.005 -1.83697e-18 0.754545 0.01 0.00866025 0.754545 0.005 0.01 0.763636 0 0.005 0.763636 -0.00866025 -0.005 0.763636 -0.00866025 -0.01 0.763636 -1.22465e-18 -0.005 0.763636 0.00866025 0.005 0.763636 0.00866025 0.00866025 0.772727 -0.005 6.12323e-19 0.772727 -0.01 -0.00866025 0.772727 -0.005 -0.00866025 0.772727 0.005 -1.83697e-18 0.772727 0.01 0.00866025 0.772727 0.005 0.01 0.781818 0 0.005 0.781818 -0.00866025 -0.005 0.781818 -0.00866025 -0.01 0.781818 -1.22465e-18 -0.005 0.781818 0.00866025 0.005 0.781818 0.00866025 0.00866025 0.790909 -0.005 6.12323e-19 0.790909 -0.01 -0.00866025 0.790909 -0.005 -0.00866025 0.790909 0.005 -1.83697e-18 0.790909 0.01 0.00866025 0.790909 0.005 0.01 0.8 0 0.005 0.8 -0.00866025 -0.005 0.8 -0.00866025 -0.01 0.8 -1.22465e-18 -0.005 0.8 0.00866025 0.005 0.8 0.00866025 0.00866025 0.809091 -0.005 6.12323e-19 0.809091 -0.01 -0.00866025 0.809091 -0.005 -0.00866025 0.809091 0.005 -1.83697e-18 0.809091 0.01 0.00866025 0.809091 0.005 0.01 0.818182 0 0.005 0.818182 -0.00866025 -0.005 0.818182 -0.00866025 -0.01 0.818182 -1.22465e-18 -0.005 0.818182 0.00866025 0.005 0.818182 0.00866025 0.00866025 0.827273 -0.005 6.12323e-19 0.827273 -0.01 -0.00866025 0.827273 -0.005 -0.00866025 0.827273 0.005 -1.83697e-18 0.827273 0.01 0.00866025 0.827273 0.005 0.01 0.836364 0 0.005 0.836364 -0.00866025 -0.005 0.836364 -0.00866025 -0.01 0.836364 -1.22465e-18 -0.005 0.836364 0.00866025 0.005 0.836364 0.00866025 0.00866025 0.845455 -0.005 6.12323e-19 0.845455 -0.01 -0.00866025 0.845455 -0.005 -0.00866025 0.845455 0.005 -1.83697e-18 0.845455 0.01 0.00866025 0.845455 0.005 0.01 0.854545 0 0.005 0.854545 -0.00866025 -0.005 0.854545 -0.00866025 -0.01 0.854545 -1.22465e-18 -0.005 0.854545 0.00866025 0.005 0.854545 0.00866025 0.00866025 0.863636 -0.005 6.12323e-19 0.863636 -0.01 -0.00866025 0.863636 -0.005 -0.00866025 0.863636 0.005 -1.83697e-18 0.863636 0.01 0.00866025 0.863636 0.005 0.01 0.872727 0 0.005 0.872727 -0.00866025 -0.005 0.872727 -0.00866025 -0.01 0.872727 -1.22465e-18 -0.005 0.872727 0.00866025 0.005 0.872727 0.00866025 0.00866025 0.881818 -0.005 6.12323e-19 0.881818 -0.01 -0.00866025 0.881818 -0.005 -0.00866025 0.881818 0.005 -1.83697e-18 0.881818 0.01 0.00866025 0.881818 0.005 0.01 0.890909 0 0.005 0.890909 -0.00866025 -0.005 0.890909 -0.00866025 -0.01 0.890909 -1.22465e-18 -0.005 0.890909 0.00866025 0.005 0.890909 0.00866025 0.00866025 0.9 -0.005 6.12323e-19 0.9 -0.01 -0.00866025 0.9 -0.005 -0.00866025 0.9 0.005 -1.83697e-18 0.9 0.01 0.00866025 0.9 0.005 0.01 0.909091 0 0.005 0.909091 -0.00866025 -0.005 0.909091 -0.00866025 -0.01 0.909091 -1.22465e-18 -0.005 0.909091 0.00866025 0.005 0.909091 0.00866025 0.00866025 0.918182 -0.005 6.12323e-19 0.918182 -0.01 -0.00866025 0.918182 -0.005 -0.00866025 0.918182 0.005 -1.83697e-18 0.918182 0.01 0.00866025 0.918182 0.005 0.01 0.927273 0 0.005 0.927273 -0.00866025 -0.005 0.927273 -0.00866025 -0.01 0.927273 -1.22465e-18 -0.005 0.927273 0.00866025 0.005 0.927273 0.00866025 0.00866025 0.936364 -0.005 6.12323e-19 0.936364 -0.01 -0.00866025 0.936364 -0.005 -0.00866025 0.936364 0.005 -1.83697e-18 0.936364 0.01 0.00866025 0.936364 0.005 0.01 0.945455 0 0.005 0.945455 -0.00866025 -0.005 0.945455 -0.00866025 -0.01 0.945455 -1.22465e-18 -0.005 0.945455 0.00866025 0.005 0.945455 0.00866025 0.00866025 0.954545 -0.005 6.12323e-19 0.954545 -0.01 -0.00866025 0.954545 -0.005 -0.00866025 0.954545 0.005 -1.83697e-18 0.954545 0.01 0.00866025 0.954545 0.005 0.01 0.963636 0 0.005 0.963636 -0.00866025 -0.005 0.963636 -0.00866025 -0.01 0.963636 -1.22465e-18 -0.005 0.963636 0.00866025 0.005 0.963636 0.00866025 0.00866025 0.972727 -0.005 6.12323e-19 0.972727 -0.01 -0.00866025 0.972727 -0.005 -0.00866025 0.972727 0.005 -1.83697e-18 0.972727 0.01 0.00866025 0.972727 0.005 0.01 0.981818 0 0.005 0.981818 -0.00866025 -0.005 0.981818 -0.00866025 -0.01 0.981818 -1.22465e-18 -0.005 0.981818 0.00866025 0.005 0.981818 0.00866025 0.00866025 0.990909 -0.005 6.12323e-19 0.990909 -0.01 -0.00866025 0.990909 -0.005 -0.00866025 0.990909 0.005 -1.83697e-18 0.990909 0.01 0.00866025 0.990909 0.005 0.01 1 0 0.005 1 -0.00866025 -0.005 1 -0.00866025 -0.01 1 -1.22465e-18 -0.005 1 0.00866025 0.005 1 0.00866025 0 -1 0 0.01 -1 0 0.005 -1 -0.00866025 -0.005 -1 -0.00866025 -0.01 -1 -1.22465e-18 -0.005 -1 0.00866025 0.005 -1 0.00866025 0 1 0 0.01 1 0 0.005 1 -0.00866025 -0.005 1 -0.00866025 -0.01 1 -1.22465e-18 -0.005 1 0.00866025 0.005 1 0.00866025"/>
     <Normal vector="0.998548 -0.0538637 0 0.499274 -0.0538636 -0.864768 -0.499274 -0.0538636 -0.864768 -0.998548 -0.0538637 0 -0.499274 -0.0538636 0.864768 0.499274 -0.0538636 0.864768 0.866025 0 -0.5 0 0 -1 -0.866025 0 -0.5 -0.866025 0 0.5 0 0 1 0.866025 0 0.5 1 0 0 0.5 0 -0.866025 -0.5 0 -0.866025 -1 0 0 -0.5 0 0.866025 0.5 0 0.866025 0.866025 1.70907e-07 -0.5 0 1.7642e-07 -1 -0.866025 1.70907e-07 -0.5 -0.866025 1.70907e-07 0.5 0 1.7642e-07 1 0.866025 1.70907e-07 0.5 1 -1.7642e-07 0 0.5 -1.70907e-07 -0.866025 -0.5 -1.70907e-07 -0.866025 -1 -1.7642e-07 0 -0.5 -1.70907e-07 0.866025 0.5 -1.70907e-07 0.866025 0.866025 0 -0.5 0 0 -1 -0.866025 0 -0.5 -0.866025 0 0.5 0 0 1 0.866025 0 0.5 1 0 0 0.5 0 -0.866025 -0.5 0 -0.866025 -1 0 0 -0.5 0 0.866025 0.5 0 0.866025 0.866025 0 -0.5 0 0 -1 -0.866025 0 -0.5 -0.866025 0 0.5 0 0 1 0.866025 0 0.5 1 0 0 0.5 0 -0.866025 -0.5 0 -0.866025 -1 0 0 -0.5 0 0.866025 0.5 0 0.866025 0.866025 0 -0.5 0 0 -1 -0.866025 0 -0.5 -0.866025 0 0.5 0 0 1 0.866025 0 0.5 1 1.7642e-07 0 0.5 1.70907e-07 -0.866025 -0.5 1.70907e-07 -0.866025 -1 1.7642e-07 0 -0.5 1.70907e-07 0.866025 0.5 1.70907e-07 0.866025 0.866025 -1.70907e-07 -0.5 0 -1.7642e-07 -1 -0.866025 -1.70907e-07 -0.5 -0.866025 -1.70907e-07 0.5 0 -1.7642e-07 1 0.866025 -1.70907e-07 0.5 1 0 0 0.5 0 -0.866025 -0.5 0 -0.866025 -1 0 0 -0.5 0 0.866025 0.5 0 0.866025 0.866025 0 -0.5 0 0 -1 -0.866025 0 -0.5 -0.866025 0 0.5 0 0 1 0.866025 0 0.5 1 0 0 0.5 0 -0.866025 -0.5 0 -0.866025 -1 0 0 -0.5 0 0.866025 0.5 0 0.866025 0.866025 0 -0.5 0 0 -1 -0.866025 0 -0.5 -0.866025 0 0.5 0 0 1 0.866025 0 0.5 1 0 0 0.5 0 -0.866025 -0.5 0 -0.866025 -1 0 0 -0.5 0 0.866025 0.5 0 0.866025 0.866025 1.70907e-07 -0.5 0 1.7642e-07 -1 -0.866025 1.70907e-07 -0.5 -0.866025 1.70907e-07 0.5 0 1.7642e-07 1 0.866025 1.70907e-07 0.5 1 -1.7642e-07 0 0.5 -1.70907e-07 -0.866025 -0.5 -1.70907e-07 -0.866025 -1 -1.7642e-07 0 -0.5 -1.70907e-07 0.866025 0.5 -1.70907e-07 0.866025 0.866025 0 -0.5 0 0 -1 -0.866025 0 -0.5 -0.866025 0 0.5 0 0 1 0.866025 0 0.5 1 0 0 0.5 0 -0.866025 -0.5 0 -0.866025 -1 0 0 -0.5 0 0.866025 0.5 0 0.866025 0.866025 0 -0.5 0 0 -1 -0.866025 0 -0.5 -0.866025 0 0.5 0 0 1 0.866025 0 0.5 1 0 0 0.5 0 -0.866025 -0.5 0 -0.866025 -1 0 0 -0.5 0 0.866025 0.5 0 0.866025 0.866025 0 -0.5 0 0 -1 -0.866025 0 -0.5 -0.866025 0 0.5 0 0 1 0.866025 0 0.5 1 1.7642e-07 0 0.5 1.70907e-07 -0.866025 -0.5 1.70907e-07 -0.866025 -1 1.7642e-07 0 -0.5 1.70907e-07 0.866025 0.5 1.70907e-07 0.866025 0.866025 -1.70907e-07 -0.5 0 -1.7642e-07 -1 -0.866025 -1.70907e-07 -0.5 -0.866025 -1.70907e-07 0.5 0 -1.7642e-07 1 0.866025 -1.70907e-07 0.5 1 0 0 0.5 0 -0.866025 -0.5 0 -0.866025 -1 0 0 -0.5 0 0.866025 0.5 0 0.866025 0.866025 0 -0.5 0 0 -1 -0.866025 0 -0.5 -0.866025 0 0.5 0 0 1 0.866025 0 0.5 1 0 0 0.5 0 -0.866025 -0.5 0 -0.866025 -1 0 0 -0.5 0 0.866025 0.5 0 0.866025 0.866025 0 -0.5 0 0 -1 -0.866025 0 -0.5 -0.866025 0 0.5 0 0 1 0.866025 0 0.5 1 1.7642e-07 0 0.5 1.70907e-07 -0.866025 -0.5 1.70907e-07 -0.866025 -1 1.7642e-07 0 -0.5 1.70907e-07 0.866025 0.5 1.70907e-07 0.866025 0.866025 -1.70907e-07 -0.5 0 -1.7642e-07 -1 -0.866025 -1.70907e-07 -0.5 -0.866025 -1.70907e-07 0.5 0 -1.7642e-07 1 0.866025 -1.70907e-07 0.5 1 0 0 0.5 0 -0.866025 -0.5 0 -0.866025 -1 0 0 -0.5 0 0.866025 0.5 0 0.866025 0.866025 0 -0.5 0 0 -1 -0.866025 0 -0.5 -0.866025 0 0.5 0 0 1 0.866025 0 0.5 1 0 0 0.5 0 -0.866025 -0.5 0 -0.866025 -1 0 0 -0.5 0 0.866025 0.5 0 0.866025 0.866025 0 -0.5 0 0 -1 -0.866025 0 -0.5 -0.866025 0 0.5 0 0 1 0.866025 0 0.5 1 0 0 0.5 0 -0.866025 -0.5 0 -0.866025 -1 0 0 -0.5 0 0.866025 0.5 0 0.866025 0.866025 1.70907e-07 -0.5 0 1.7642e-07 -1 -0.866025 1.70907e-07 -0.5 -0.866025 1.70907e-07 0.5 0 1.7642e-07 1 0.866025 1.70907e-07 0.5 1 -1.7642e-07 0 0.5 -1.70907e-07 -0.866025 -0.5 -1.70907e-07 -0.866025 -1 -1.7642e-07 0 -0.5 -1.70907e-07 0.866025 0.5 -1.70907e-07 0.866025 0.866025 0 -0.5 0 0 -1 -0.866025 0 -0.5 -0.866025 0 0.5 0 0 1 0.866025 0 0.5 1 0 0 0.5 0 -0.866025 -0.5 0 -0.866025 -1 0 0 -0.5 0 0.866025 0.5 0 0.866025 0.866025 0 -0.5 0 0 -1 -0.866025 0 -0.5 -0.866025 0 0.5 0 0 1 0.866025 0 0.5 1 0 0 0.5 0 -0.866025 -0.5 0 -0.866025 -1 0 0 -0.5 0 0.866025 0.5 0 0.866025 0.866025 0 -0.5 0 0 -1 -0.866025 0 -0.5 -0.866025 0 0.5 0 0 1 0.866025 0 0.5 1 1.7642e-07 0 0.5 1.70907e-07 -0.866025 -0.5 1.70907e-07 -0.866025 -1 1.7642e-07 0 -0.5 1.70907e-07 0.866025 0.5 1.70907e-07 0.866025 0.866025 -1.70907e-07 -0.5 0 -1.7642e-07 -1 -0.866025 -1.70907e-07 -0.5 -0.866025 -1.70907e-07 0.5 0 -1.7642e-07 1 0.866025 -1.70907e-07 0.5 1 0 0 0.5 0 -0.866025 -0.5 0 -0.866025 -1 0 0 -0.5 0 0.866025 0.5 0 0.866025 0.866025 0 -0.5 0 0 -1 -0.866025 0 -0.5 -0.866025 0 0.5 0 0 1 0.866025 0 0.5 1 0 0 0.5 0 -0.866025 -0.5 0 -0.866025 -1 0 0 -0.5 0 0.866025 0.5 0 0.866025 0.866025 0 -0.5 0 0 -1 -0.866025 0 -0.5 -0.866025 0 0.5 0 0 1 0.866025 0 0.5 1 0 0 0.5 0 -0.866025 -0.5 0 -0.866025 -1 0 0 -0.5 0 0.866025 0.5 0 0.866025 0.866025 1.70907e-07 -0.5 0 1.7642e-07 -1 -0.866025 1.70907e-07 -0.5 -0.866025 1.70907e-07 0.5 0 1.7642e-07 1 0.866025 1.70907e-07 0.5 1 -1.7642e-07 0 0.5 -1.70907e-07 -0.866025 -0.5 -1.70907e-07 -0.866025 -1 -1.7642e-07 0 -0.5 -1.70907e-07 0.866025 0.5 -1.70907e-07 0.866025 0.866025 0 -0.5 0 0 -1 -0.866025 0 -0.5 -0.866025 0 0.5 0 0 1 0.866025 0 0.5 1 0 0 0.5 0 -0.866025 -0.5 0 -0.866025 -1 0 0 -0.5 0 0.866025 0.5 0 0.866025 0.866025 0 -0.5 0 0 -1 -0.866025 0 -0.5 -0.866025 0 0.5 0 0 1 0.866025 0 0.5 1 9.09664e-08 0 0.5 8.82098e-08 -0.866025 -0.5 8.82098e-08 -0.866025 -1 9.09664e-08 0 -0.5 8.82098e-08 0.866025 0.5 8.82098e-08 0.866025 0.866025 -8.26967e-08 -0.5 0 -8.54533e-08 -1 -0.866025 -8.26967e-08 -0.5 -0.866025 -8.26967e-08 0.5 0 -8.54533e-08 1 0.866025 -8.26967e-08 0.5 1 0 0 0.5 0 -0.866025 -0.5 0 -0.866025 -1 0 0 -0.5 0 0.866025 0.5 0 0.866025 0.866025 0 -0.5 0 0 -1 -0.866025 0 -0.5 -0.866025 0 0.5 0 0 1 0.866025 0 0.5 1 9.09664e-08 0 0.5 8.82098e-08 -0.866025 -0.5 8.82098e-08 -0.866025 -1 9.09664e-08 0 -0.5 8.82098e-08 0.866025 0.5 8.82098e-08 0.866025 0.866025 -8.26967e-08 -0.5 0 -8.54533e-08 -1 -0.866025 -8.26967e-08 -0.5 -0.866025 -8.26967e-08 0.5 0 -8.54533e-08 1 0.866025 -8.26967e-08 0.5 1 0 0 0.5 0 -0.866025 -0.5 0 -0.866025 -1 0 0 -0.5 0 0.866025 0.5 0 0.866025 0.866025 8.82098e-08 -0.5 0 9.09664e-08 -1 -0.866025 8.82098e-08 -0.5 -0.866025 8.82098e-08 0.5 0 9.09664e-08 1 0.866025 8.82098e-08 0.5 1 -8.54533e-08 0 0.5 -8.26967e-08 -0.866025 -0.5 -8.26967e-08 -0.866025 -1 -8.54533e-08 0 -0.5 -8.26967e-08 0.866025 0.5 -8.26967e-08 0.866025 0.866025 0 -0.5 0 0 -1 -0.866025 0 -0.5 -0.866025 0 0.5 0 0 1 0.866025 0 0.5 1 0 0 0.5 0 -0.866025 -0.5 0 -0.866025 -1 0 0 -0.5 0 0.866025 0.5 0 0.866025 0.866025 8.82098e-08 -0.5 0 9.09664e-08 -1 -0.866025 8.82098e-08 -0.5 -0.866025 8.82098e-08 0.5 0 9.09664e-08 1 0.866025 8.82098e-08 0.5 1 -8.54533e-08 0 0.5 -8.26967e-08 -0.866025 -0.5 -8.26967e-08 -0.866025 -1 -8.54533e-08 0 -0.5 -8.26967e-08 0.866025 0.5 -8.26967e-08 0.866025 0.866025 0 -0.5 0 0 -1 -0.866025 0 -0.5 -0.866025 0 0.5 0 0 1 0.866025 0 0.5 1 9.09664e-08 0 0.5 8.82098e-08 -0.866025 -0.5 8.82098e-08 -0.866025 -1 9.09664e-08 0 -0.5 8.82098e-08 0.866025 0.5 8.82098e-08 0.866025 0.866025 -8.26967e-08 -0.5 0 -8.54533e-08 -1 -0.866025 -8.26967e-08 -0.5 -0.866025 -8.26967e-08 0.5 0 -8.54533e-08 1 0.866025 -8.26967e-08 0.5 1 0 0 0.5 0 -0.866025 -0.5 0 -0.866025 -1 0 0 -0.5 0 0.866025 0.5 0 0.866025 0.866025 8.82098e-08 -0.5 0 9.09664e-08 -1 -0.866025 8.82098e-08 -0.5 -0.866025 8.82098e-08 0.5 0 9.09664e-08 1 0.866025 8.82098e-08 0.5 1 -8.54533e-08 0 0.5 -8.26967e-08 -0.866025 -0.5 -8.26967e-08 -0.866025 -1 -8.54533e-08 0 -0.5 -8.26967e-08 0.866025 0.5 -8.26967e-08 0.866025 0.866025 0 -0.5 0 0 -1 -0.866025 0 -0.5 -0.866025 0 0.5 0 0 1 0.866025 0 0.5 1 0 0 0.5 0 -0.866025 -0.5 0 -0.866025 -1 0 0 -0.5 0 0.866025 0.5 0 0.866025 0.866025 8.82098e-08 -0.5 0 9.09664e-08 -1 -0.866025 8.82098e-08 -0.5 -0.866025 8.82098e-08 0.5 0 9.09664e-08 1 0.866025 8.82098e-08 0.5 1 -8.54533e-08 0 0.5 -8.26967e-08 -0.866025 -0.5 -8.26967e-08 -0.866025 -1 -8.54533e-08 0 -0.5 -8.26967e-08 0.866025 0.5 -8.26967e-08 0.866025 0.866025 0 -0.5 0 0 -1 -0.866025 0 -0.5 -0.866025 0 0.5 0 0 1 0.866025 0 0.5 1 9.09664e-08 0 0.5 8.82098e-08 -0.866025 -0.5 8.82098e-08 -0.866025 -1 9.09664e-08 0 -0.5 8.82098e-08 0.866025 0.5 8.82098e-08 0.866025 0.866025 -8.26967e-08 -0.5 0 -8.54533e-08 -1 -0.866025 -8.26967e-08 -0.5 -0.866025 -8.26967e-08 0.5 0 -8.54533e-08 1 0.866025 -8.26967e-08 0.5 1 0 0 0.5 0 -0.866025 -0.5 0 -0.866025 -1 0 0 -0.5 0 0.866025 0.5 0 0.866025 0.866025 4.41049e-08 -0.5 0 4.41049e-08 -1 -0.866025 4.41049e-08 -0.5 -0.866025 4.41049e-08 0.5 0 4.41049e-08 1 0.866025 4.41049e-08 0.5 1 -4.41049e-08 0 0.5 -4.41049e-08 -0.866025 -0.5 -4.41049e-08 -0.866025 -1 -4.41049e-08 0 -0.5 -4.41049e-08 0.866025 0.5 -4.41049e-08 0.866025 0.866025 4.41049e-08 -0.5 0 4.41049e-08 -1 -0.866025 4.41049e-08 -0.5 -0.866025 4.41049e-08 0.5 0 4.41049e-08 1 0.866025 4.41049e-08 0.5 1 0 0 0.5 0 -0.866025 -0.5 0 -0.866025 -1 0 0 -0.5 0 0.866025 0.5 0 0.866025 0.866025 -4.41049e-08 -0.5 0 -4.41049e-08 -1 -0.866025 -4.41049e-08 -0.5 -0.866025 -4.41049e-08 0.5 0 -4.41049e-08 1 0.866025 -4.41049e-08 0.5 1 4.41049e-08 0 0.5 4.41049e-08 -0.866025 -0.5 4.41049e-08 -0.866025 -1 4.41049e-08 0 -0.5 4.41049e-08 0.866025 0.5 4.41049e-08 0.866025 0.866025 -4.41049e-08 -0.5 0 -4.41049e-08 -1 -0.866025 -4.41049e-08 -0.5 -0.866025 -4.41049e-08 0.5 0 -4.41049e-08 1 0.866025 -4.41049e-08 0.5 1 4.41049e-08 0 0.5 4.41049e-08 -0.866025 -0.5 4.41049e-08 -0.866025 -1 4.41049e-08 0 -0.5 4.41049e-08 0.866025 0.5 4.41049e-08 0.866025 0.866025 0 -0.5 0 0 -1 -0.866025 0 -0.5 -0.866025 0 0.5 0 0 1 0.866025 0 0.5 1 -4.41049e-08 0 0.5 -4.41049e-08 -0.866025 -0.5 -4.41049e-08 -0.866025 -1 -4.41049e-08 0 -0.5 -4.41049e-08 0.866025 0.5 -4.41049e-08 0.866025 0.866025 4.41049e-08 -0.5 0 4.41049e-08 -1 -0.866025 4.41049e-08 -0.5 -0.866025 4.41049e-08 0.5 0 4.41049e-08 1 0.866025 4.41049e-08 0.5 1 -4.41049e-08 0 0.5 -4.41049e-08 -0.866025 -0.5 -4.41049e-08 -0.866025 -1 -4.41049e-08 0 -0.5 -4.41049e-08 0.866025 0.5 -4.41049e-08 0.866025 0.866025 4.41049e-08 -0.5 0 4.41049e-08 -1 -0.866025 4.41049e-08 -0.5 -0.866025 4.41049e-08 0.5 0 4.41049e-08 1 0.866025 4.41049e-08 0.5 1 -1.92959e-08 0 0.5 -2.75656e-08 -0.866025 -0.5 -2.75656e-08 -0.866025 -1 -1.92959e-08 0 -0.5 -2.75656e-08 0.866025 0.5 -2.75656e-08 0.866025 0.866025 -5.51311e-09 -0.5 0 -5.51311e-09 -1 -0.866025 -5.51311e-09 -0.5 -0.866025 -5.51311e-09 0.5 0 -5.51311e-09 1 0.866025 -5.51311e-09 0.5 1 -5.51311e-09 0 0.5 -5.51311e-09 -0.866025 -0.5 -5.51311e-09 -0.866025 -1 -5.51311e-09 0 -0.5 -5.51311e-09 0.866025 0.5 -5.51311e-09 0.866025 0.866025 -5.51311e-09 -0.5 0 -5.51311e-09 -1 -0.866025 -5.51311e-09 -0.5 -0.866025 -5.51311e-09 0.5 0 -5.51311e-09 1 0.866025 -5.51311e-09 0.5 1 1.37828e-08 0 0.5 2.20525e-08 -0.866025 -0.5 2.20525e-08 -0.866025 -1 1.37828e-08 0 -0.5 2.20525e-08 0.866025 0.5 2.20525e-08 0.866025 0.866025 -2.75656e-08 -0.5 0 -1.92959e-08 -1 -0.866025 -2.75656e-08 -0.5 -0.866025 -2.75656e-08 0.5 0 -1.92959e-08 1 0.866025 -2.75656e-08 0.5 1 -5.51311e-09 0 0.5 -5.51311e-09 -0.866025 -0.5 -5.51311e-09 -0.866025 -1 -5.51311e-09 0 -0.5 -5.51311e-09 0.866025 0.5 -5.51311e-09 0.866025 0.866025 -5.51311e-09 -0.5 0 -5.51311e-09 -1 -0.866025 -5.51311e-09 -0.5 -0.866025 -5.51311e-09 0.5 0 -5.51311e-09 1 0.866025 -5.51311e-09 0.5 1 -5.51311e-09 0 0.5 -5.51311e-09 -0.866025 -0.5 -5.51311e-09 -0.866025 -1 -5.51311e-09 0 -0.5 -5.51311e-09 0.866025 0.5 -5.51311e-09 0.866025 0.866025 8.26967e-09 -0.5 0 5.51311e-09 -1 -0.866025 8.26967e-09 -0.5 -0.866025 8.26967e-09 0.5 0 5.51311e-09 1 0.866025 8.26967e-09 0.5 1 -1.10262e-08 0 0.5 -1.37828e-08 -0.866025 -0.5 -1.37828e-08 -0.866025 -1 -1.10262e-08 0 -0.5 -1.37828e-08 0.866025 0.5 -1.37828e-08 0.866025 0.866025 8.26967e-09 -0.5 0 -2.75656e-09 -1 -0.866025 8.26967e-09 -0.5 -0.866025 8.26967e-09 0.5 0 -2.75656e-09 1 0.866025 8.26967e-09 0.5 1 5.51311e-09 0 0.5 -2.75656e-09 -0.866025 -0.5 -2.75656e-09 -0.866025 -1 5.51311e-09 0 -0.5 -2.75656e-09 0.866025 0.5 -2.75656e-09 0.866025 0.866025 0 -0.5 0 0 -1 -0.866025 0 -0.5 -0.866025 0 0.5 0 0 1 0.866025 0 0.5 1 0 0 0.5 0 -0.866025 -0.5 0 -0.866025 -1 0 0 -0.5 0 0.866025 0.5 0 0.866025 0.866025 0 -0.5 0 0 -1 -0.866025 0 -0.5 -0.866025 0 0.5 0 0 1 0.866025 0 0.5 1 0 0 0.5 8.26967e-09 -0.866025 -0.5 8.26967e-09 -0.866025 -1 0 0 -0.5 8.26967e-09 0.866025 0.5 8.26967e-09 0.866025 0.866025 -8.26967e-09 -0.5 0 2.75656e-09 -1 -0.866025 -8.26967e-09 -0.5 -0.866025 -8.26967e-09 0.5 0 2.75656e-09 1 0.866025 -8.26967e-09 0.5 1 5.51311e-09 0 0.5 8.26967e-09 -0.866025 -0.5 8.26967e-09 -0.866025 -1 5.51311e-09 0 -0.5 8.26967e-09 0.866025 0.5 8.26967e-09 0.866025 0.866025 -1.37828e-08 -0.5 0 -1.10262e-08 -1 -0.866025 -1.37828e-08 -0.5 -0.866025 -1.37828e-08 0.5 0 -1.10262e-08 1 0.866025 -1.37828e-08 0.5 1 -5.51311e-09 0 0.5 -5.51311e-09 -0.866025 -0.5 -5.51311e-09 -0.866025 -1 -5.51311e-09 0 -0.5 -5.51311e-09 0.866025 0.5 -5.51311e-09 0.866025 0.866025 -5.51311e-09 -0.5 0 -5.51311e-09 -1 -0.866025 -5.51311e-09 -0.5 -0.866025 -5.51311e-09 0.5 0 -5.51311e-09 1 0.866025 -5.51311e-09 0.5 1 -5.51311e-09 0 0.5 -5.51311e-09 -0.866025 -0.5 -5.51311e-09 -0.866025 -1 -5.51311e-09 0 -0.5 -5.51311e-09 0.866025 0.5 -5.51311e-09 0.866025 0.866025 2.20525e-08 -0.5 0 1.37828e-08 -1 -0.866025 2.20525e-08 -0.5 -0.866025 2.20525e-08 0.5 0 1.37828e-08 1 0.866025 2.20525e-08 0.5 1 -1.92959e-08 0 0.5 -2.75656e-08 -0.866025 -0.5 -2.75656e-08 -0.866025 -1 -1.92959e-08 0 -0.5 -2.75656e-08 0.866025 0.5 -2.75656e-08 0.866025 0.866025 -5.51311e-09 -0.5 0 -5.51311e-09 -1 -0.866025 -5.51311e-09 -0.5 -0.866025 -5.51311e-09 0.5 0 -5.51311e-09 1 0.866025 -5.51311e-09 0.5 1 -5.51311e-09 0 0.5 -5.51311e-09 -0.866025 -0.5 -5.51311e-09 -0.866025 -1 -5.51311e-09 0 -0.5 -5.51311e-09 0.866025 0.5 -5.51311e-09 0.866025 0.866025 -5.51311e-09 -0.5 0 -5.51311e-09 -1 -0.866025 -5.51311e-09 -0.5 -0.866025 -5.51311e-09 0.5 0 -5.51311e-09 1 0.866025 -5.51311e-09 0.5 1 1.37828e-08 0 0.5 2.20525e-08 -0.866025 -0.5 2.20525e-08 -0.866025 -1 1.37828e-08 0 -0.5 2.20525e-08 0.866025 0.5 2.20525e-08 0.866025 0.866025 -4.41049e-08 -0.5 0 -4.41049e-08 -1 -0.866025 -4.41049e-08 -0.5 -0.866025 -4.41049e-08 0.5 0 -4.41049e-08 1 0.866025 -4.41049e-08 0.5 1 4.41049e-08 0 0.5 4.41049e-08 -0.866025 -0.5 4.41049e-08 -0.866025 -1 4.41049e-08 0 -0.5 4.41049e-08 0.866025 0.5 4.41049e-08 0.866025 0.866025 -4.41049e-08 -0.5 0 -4.41049e-08 -1 -0.866025 -4.41049e-08 -0.5 -0.866025 -4.41049e-08 0.5 0 -4.41049e-08 1 0.866025 -4.41049e-08 0.5 1 4.41049e-08 0 0.5 4.41049e-08 -0.866025 -0.5 4.41049e-08 -0.866025 -1 4.41049e-08 0 -0.5 4.41049e-08 0.866025 0.5 4.41049e-08 0.866025 0.866025 0 -0.5 0 0 -1 -0.866025 0 -0.5 -0.866025 0 0.5 0 0 1 0.866025 0 0.5 1 -4.41049e-08 0 0.5 -4.41049e-08 -0.866025 -0.5 -4.41049e-08 -0.866025 -1 -4.41049e-08 0 -0.5 -4.41049e-08 0.866025 0.5 -4.41049e-08 0.866025 0.866025 4.41049e-08 -0.5 0 4.41049e-08 -1 -0.866025 4.41049e-08 -0.5 -0.866025 4.41049e-08 0.5 0 4.41049e-08 1 0.866025 4.41049e-08 0.5 1 -4.41049e-08 0 0.5 -4.41049e-08 -0.866025 -0.5 -4.41049e-08 -0.866025 -1 -4.41049e-08 0 -0.5 -4.41049e-08 0.866025 0.5 -4.41049e-08 0.866025 0.866025 4.41049e-08 -0.5 0 4.41049e-08 -1 -0.866025 4.41049e-08 -0.5 -0.866025 4.41049e-08 0.5 0 4.41049e-08 1 0.866025 4.41049e-08 0.5 1 0 0 0.5 0 -0.866025 -0.5 0 -0.866025 -1 0 0 -0.5 0 0.866025 0.5 0 0.866025 0.866025 -4.41049e-08 -0.5 0 -4.41049e-08 -1 -0.866025 -4.41049e-08 -0.5 -0.866025 -4.41049e-08 0.5 0 -4.41049e-08 1 0.866025 -4.41049e-08 0.5 1 4.41049e-08 0 0.5 4.41049e-08 -0.866025 -0.5 4.41049e-08 -0.866025 -1 4.41049e-08 0 -0.5 4.41049e-08 0.866025 0.5 4.41049e-08 0.866025 0.866025 -4.41049e-08 -0.5 0 -4.41049e-08 -1 -0.866025 -4.41049e-08 -0.5 -0.866025 -4.41049e-08 0.5 0 -4.41049e-08 1 0.866025 -4.41049e-08 0.5 1 0 0 0.5 0 -0.866025 -0.5 0 -0.866025 -1 0 0 -0.5 0 0.866025 0.5 0 0.866025 0.866025 8.82098e-08 -0.5 0 9.09664e-08 -1 -0.866025 8.82098e-08 -0.5 -0.866025 8.82098e-08 0.5 0 9.09664e-08 1 0.866025 8.82098e-08 0.5 1 -8.54533e-08 0 0.5 -8.26967e-08 -0.866025 -0.5 -8.26967e-08 -0.866025 -1 -8.54533e-08 0 -0.5 -8.26967e-08 0.866025 0.5 -8.26967e-08 0.866025 0.866025 0 -0.5 0 0 -1 -0.866025 0 -0.5 -0.866025 0 0.5 0 0 1 0.866025 0 0.5 1 9.09664e-08 0 0.5 8.82098e-08 -0.866025 -0.5 8.82098e-08 -0.866025 -1 9.09664e-08 0 -0.5 8.82098e-08 0.866025 0.5 8.82098e-08 0.866025 0.866025 -8.26967e-08 -0.5 0 -8.54533e-08 -1 -0.866025 -8.26967e-08 -0.5 -0.866025 -8.26967e-08 0.5 0 -8.54533e-08 1 0.866025 -8.26967e-08 0.5 1 0 0 0.5 0 -0.866025 -0.5 0 -0.866025 -1 0 0 -0.5 0 0.866025 0.5 0 0.866025 0.866025 0 -0.5 0 0 -1 -0.866025 0 -0.5 -0.866025 0 0.5 0 0 1 0.866025 0 0.5 1 9.09664e-08 0 0.5 8.82098e-08 -0.866025 -0.5 8.82098e-08 -0.866025 -1 9.09664e-08 0 -0.5 8.82098e-08 0.866025 0.5 8.82098e-08 0.866025 0.866025 -8.26967e-08 -0.5 0 -8.54533e-08 -1 -0.866025 -8.26967e-08 -0.5 -0.866025 -8.26967e-08 0.5 0 -8.54533e-08 1 0.866025 -8.26967e-08 0.5 1 0 0 0.5 0 -0.866025 -0.5 0 -0.866025 -1 0 0 -0.5 0 0.866025 0.5 0 0.866025 0.866025 8.82098e-08 -0.5 0 9.09664e-08 -1 -0.866025 8.82098e-08 -0.5 -0.866025 8.82098e-08 0.5 0 9.09664e-08 1 0.866025 8.82098e-08 0.5 1 -8.54533e-08 0 0.5 -8.26967e-08 -0.866025 -0.5 -8.26967e-08 -0.866025 -1 -8.54533e-08 0 -0.5 -8.26967e-08 0.866025 0.5 -8.26967e-08 0.866025 0.866025 0 -0.5 0 0 -1 -0.866025 0 -0.5 -0.866025 0 0.5 0 0 1 0.866025 0 0.5 1 9.09664e-08 0 0.5 8.82098e-08 -0.866025 -0.5 8.82098e-08 -0.866025 -1 9.09664e-08 0 -0.5 8.82098e-08 0.866025 0.5 8.82098e-08 0.866025 0.866025 -8.26967e-08 -0.5 0 -8.54533e-08 -1 -0.866025 -8.26967e-08 -0.5 -0.866025 -8.26967e-08 0.5 0 -8.54533e-08 1 0.866025 -8.26967e-08 0.5 1 0 0 0.5 0 -0.866025 -0.5 0 -0.866025 -1 0 0 -0.5 0 0.866025 0.5 0 0.866025 0.866025 0 -0.5 0 0 -1 -0.866025 0 -0.5 -0.866025 0 0.5 0 0 1 0.866025 0 0.5 1 9.09664e-08 0 0.5 8.82098e-08 -0.866025 -0.5 8.82098e-08 -0.866025 -1 9.09664e-08 0 -0.5 8.82098e-08 0.866025 0.5 8.82098e-08 0.866025 0.866025 -8.26967e-08 -0.5 0 -8.54533e-08 -1 -0.866025 -8.26967e-08 -0.5 -0.866025 -8.26967e-08 0.5 0 -8.54533e-08 1 0.866025 -8.26967e-08 0.5 1 0 0 0.5 0 -0.866025 -0.5 0 -0.866025 -1 0 0 -0.5 0 0.866025 0.5 0 0.866025 0.866025 8.82098e-08 -0.5 0 9.09664e-08 -1 -0.866025 8.82098e-08 -0.5 -0.866025 8.82098e-08 0.5 0 9.09664e-08 1 0.866025 8.82098e-08 0.5 1 -8.54533e-08 0 0.5 -8.26967e-08 -0.866025 -0.5 -8.26967e-08 -0.866025 -1 -8.54533e-08 0 -0.5 -8.26967e-08 0.866025 0.5 -8.26967e-08 0.866025 0.866025 0 -0.5 0 0 -1 -0.866025 0 -0.5 -0.866025 0 0.5 0 0 1 0.866025 0 0.5 1 0 0 0.5 0 -0.866025 -0.5 0 -0.866025 -1 0 0 -0.5 0 0.866025 0.5 0 0.866025 0.866025 8.82098e-08 -0.5 0 9.09664e-08 -1 -0.866025 8.82098e-08 -0.5 -0.866025 8.82098e-08 0.5 0 9.09664e-08 1 0.866025 8.82098e-08 0.5 1 -8.54533e-08 0 0.5 -8.26967e-08 -0.866025 -0.5 -8.26967e-08 -0.866025 -1 -8.54533e-08 0 -0.5 -8.26967e-08 0.866025 0.5 -8.26967e-08 0.866025 0.866025 0 -0.5 0 0 -1 -0.866025 0 -0.5 -0.866025 0 0.5 0 0 1 0.866025 0 0.5 1 0 0 0.5 0 -0.866025 -0.5 0 -0.866025 -1 0 0 -0.5 0 0.866025 0.5 0 0.866025 0.866025 0 -0.5 0 0 -1 -0.866025 0 -0.5 -0.866025 0 0.5 0 0 1 0.866025 0 0.5 1 1.7642e-07 0 0.5 1.70907e-07 -0.866025 -0.5 1.70907e-07 -0.866025 -1 1.7642e-07 0 -0.5 1.70907e-07 0.866025 0.5 1.70907e-07 0.866025 0.866025 -1.70907e-07 -0.5 0 -1.7642e-07 -1 -0.866025 -1.70907e-07 -0.5 -0.866025 -1.70907e-07 0.5 0 -1.7642e-07 1 0.866025 -1.70907e-07 0.5 1 0 0 0.5 0 -0.866025 -0.5 0 -0.866025 -1 0 0 -0.5 0 0.866025 0.5 0 0.866025 0.866025 0 -0.5 0 0 -1 -0.866025 0 -0.5 -0.866025 0 0.5 0 0 1 0.866025 0 0.5 1 0 0 0.5 0 -0.866025 -0.5 0 -0.866025 -1 0 0 -0.5 0 0.866025 0.5 0 0.866025 0.866025 0 -0.5 0 0 -1 -0.866025 0 -0.5 -0.866025 0 0.5 0 0 1 0.866025 0 0.5 1 0 0 0.5 0 -0.866025 -0.5 0 -0.866025 -1 0 0 -0.5 0 0.866025 0.5 0 0.866025 0.866025 1.70907e-07 -0.5 0 1.7642e-07 -1 -0.866025 1.70907e-07 -0.5 -0.866025 1.70907e-07 0.5 0 1.7642e-07 1 0.866025 1.70907e-07 0.5 1 -1.7642e-07 0 0.5 -1.70907e-07 -0.866025 -0.5 -1.70907e-07 -0.866025 -1 -1.7642e-07 0 -0.5 -1.70907e-07 0.866025 0.5 -1.70907e-07 0.866025 0.866025 0 -0.5 0 0 -1 -0.866025 0 -0.5 -0.866025 0 0.5 0 0 1 0.866025 0 0.5 1 0 0 0.5 0 -0.866025 -0.5 0 -0.866025 -1 0 0 -0.5 0 0.866025 0.5 0 0.866025 0.866025 0 -0.5 0 0 -1 -0.866025 0 -0.5 -0.866025 0 0.5 0 0 1 0.866025 0 0.5 1 0 0 0.5 0 -0.866025 -0.5 0 -0.866025 -1 0 0 -0.5 0 0.866025 0.5 0 0.866025 0.866025 0 -0.5 0 0 -1 -0.866025 0 -0.5 -0.866025 0 0.5 0 0 1 0.866025 0 0.5 1 1.7642e-07 0 0.5 1.70907e-07 -0.866025 -0.5 1.70907e-07 -0.866025 -1 1.7642e-07 0 -0.5 1.70907e-07 0.866025 0.5 1.70907e-07 0.866025 0.866025 -1.70907e-07 -0.5 0 -1.7642e-07 -1 -0.866025 -1.70907e-07 -0.5 -0.866025 -1.70907e-07 0.5 0 -1.7642e-07 1 0.866025 -1.70907e-07 0.5 1 0 0 0.5 0 -0.866025 -0.5 0 -0.866025 -1 0 0 -0.5 0 0.866025 0.5 0 0.866025 0.866025 0 -0.5 0 0 -1 -0.866025 0 -0.5 -0.866025 0 0.5 0 0 1 0.866025 0 0.5 1 0 0 0.5 0 -0.866025 -0.5 0 -0.866025 -1 0 0 -0.5 0 0.866025 0.5 0 0.866025 0.866025 0 -0.5 0 0 -1 -0.866025 0 -0.5 -0.866025 0 0.5 0 0 1 0.866025 0 0.5 1 0 0 0.5 0 -0.866025 -0.5 0 -0.866025 -1 0 0 -0.5 0 0.866025 0.5 0 0.866025 0.866025 1.70907e-07 -0.5 0 1.7642e-07 -1 -0.866025 1.70907e-07 -0.5 -0.866025 1.70907e-07 0.5 0 1.7642e-07 1 0.866025 1.70907e-07 0.5 1 -1.7642e-07 0 0.5 -1.70907e-07 -0.866025 -0.5 -1.70907e-07 -0.866025 -1 -1.7642e-07 0 -0.5 -1.70907e-07 0.866025 0.5 -1.70907e-07 0.866025 0.866025 0 -0.5 0 0 -1 -0.866025 0 -0.5 -0.866025 0 0.5 0 0 1 0.866025 0 0.5 1 0 0 0.5 0 -0.866025 -0.5 0 -0.866025 -1 0 0 -0.5 0 0.866025 0.5 0 0.866025 0.866025 0 -0.5 0 0 -1 -0.866025 0 -0.5 -0.866025 0 0.5 0 0 1 0.866025 0 0.5 1 0 0 0.5 0 -0.866025 -0.5 0 -0.866025 -1 0 0 -0.5 0 0.866025 0.5 0 0.866025 0.866025 1.70907e-07 -0.5 0 1.7642e-07 -1 -0.866025 1.70907e-07 -0.5 -0.866025 1.70907e-07 0.5 0 1.7642e-07 1 0.866025 1.70907e-07 0.5 1 -1.7642e-07 0 0.5 -1.70907e-07 -0.866025 -0.5 -1.70907e-07 -0.866025 -1 -1.7642e-07 0 -0.5 -1.70907e-07 0.866025 0.5 -1.70907e-07 0.866025 0.866025 0 -0.5 0 0 -1 -0.866025 0 -0.5 -0.866025 0 0.5 0 0 1 0.866025 0 0.5 1 0 0 0.5 0 -0.866025 -0.5 0 -0.866025 -1 0 0 -0.5 0 0.866025 0.5 0 0.866025 0.866025 0 -0.5 0 0 -1 -0.866025 0 -0.5 -0.866025 0 0.5 0 0 1 0.866025 0 0.5 1 0 0 0.5 0 -0.866025 -0.5 0 -0.866025 -1 0 0 -0.5 0 0.866025 0.5 0 0.866025 0.866025 0 -0.5 0 0 -1 -0.866025 0 -0.5 -0.866025 0 0.5 0 0 1 0.866025 0 0.5 1 1.7642e-07 0 0.5 1.70907e-07 -0.866025 -0.5 1.70907e-07 -0.866025 -1 1.7642e-07 0 -0.5 1.70907e-07 0.866025 0.5 1.70907e-07 0.866025 0.866025 -1.70907e-07 -0.5 0 -1.7642e-07 -1 -0.866025 -1.70907e-07 -0.5 -0.866025 -1.70907e-07 0.5 0 -1.7642e-07 1 0.866025 -1.70907e-07 0.5 1 0 0 0.5 0 -0.866025 -0.5 0 -0.866025 -1 0 0 -0.5 0 0.866025 0.5 0 0.866025 0.866025 0 -0.5 0 0 -1 -0.866025 0 -0.5 -0.866025 0 0.5 0 0 1 0.866025 0 0.5 1 0 0 0.5 0 -0.866025 -0.5 0 -0.866025 -1 0 0 -0.5 0 0.866025 0.5 0 0.866025 0.866025 0 -0.5 0 0 -1 -0.866025 0 -0.5 -0.866025 0 0.5 0 0 1 0.866025 0 0.5 1 0 0 0.5 0 -0.866025 -0.5 0 -0.866025 -1 0 0 -0.5 0 0.866025 0.5 0 0.866025 0.866025 1.70907e-07 -0.5 0 1.7642e-07 -1 -0.866025 1.70907e-07 -0.5 -0.866025 1.70907e-07 0.5 0 1.7642e-07 1 0.866025 1.70907e-07 0.5 1 -1.7642e-07 0 0.5 -1.70907e-07 -0.866025 -0.5 -1.70907e-07 -0.866025 -1 -1.7642e-07 0 -0.5 -1.70907e-07 0.866025 0.5 -1.70907e-07 0.866025 0.866025 0 -0.5 0 0 -1 -0.866025 0 -0.5 -0.866025 0 0.5 0 0 1 0.866025 0 0.5 1 0 0 0.5 0 -0.866025 -0.5 0 -0.866025 -1 0 0 -0.5 0 0.866025 0.5 0 0.866025 0.866025 0 -0.5 0 0 -1 -0.866025 0 -0.5 -0.866025 0 0.5 0 0 1 0.866025 0 0.5 1 0 0 0.5 0 -0.866025 -0.5 0 -0.866025 -1 0 0 -0.5 0 0.866025 0.5 0 0.866025 0.866025 0 -0.5 0 0 -1 -0.866025 0 -0.5 -0.866025 0 0.5 0 0 1 0.866025 0 0.5 1 1.7642e-07 0 0.5 1.70907e-07 -0.866025 -0.5 1.70907e-07 -0.866025 -1 1.7642e-07 0 -0.5 1.70907e-07 0.866025 0.5 1.70907e-07 0.866025 0.866025 -1.70907e-07 -0.5 0 -1.7642e-07 -1 -0.866025 -1.70907e-07 -0.5 -0.866025 -1.70907e-07 0.5 0 -1.7642e-07 1 0.866025 -1.70907e-07 0.5 1 0 0 0.5 0 -0.866025 -0.5 0 -0.866025 -1 0 0 -0.5 0 0.866025 0.5 0 0.866025 0.866025 0 -0.5 0 0 -1 -0.866025 0 -0.5 -0.866025 0 0.5 0 0 1 0.866025 0 0.5 0.998548 0.0538637 0 0.499274 0.0538636 -0.864768 -0.499274 0.0538636 -0.864768 -0.998548 0.0538637 0 -0.499274 0.0538636 0.864768 0.499274 0.0538636 0.864768 0 -1 0 0 -1 0 0 -1 0 0 -1 0 0 -1 0 0 -1 0 0 -1 0 0 1 0 0 1 0 0 1 0 0 1 0 0 1 0 0 1 0 0 1 0"/>
    </IndexedTriangleSet>
   </Shape>
  </Transform>
  </Group>
  <Group>
  <Transform rotation="0 0 1 0" translation="0 0 0">
   <Shape>
    <Appearance DEF='ap4'>
     <Material ambientIntensity='1' diffuseColor='0 0.447059 0.698039' specularColor='0.85 0.85 0.85' shininess='0.234375' transparency='0'/>
    </Appearance>
    <IndexedTriangleSet DEF='its4' index="0 1 6 1 7 6 1 2 7 2 8 7 2 3 8 3 9 8 3 4 9 4 10 9 4 5 10 5 11 10 5 0 11 0 6 11 6 7 13 6 13 12 7 8 14 7 14 13 8 9 15 8 15 14 9 10 16 9 16 15 10 11 17 10 17 16 11 6 12 11 12 17 12 13 18 13 19 18 13 14 19 14 20 19 14 15 20 15 21 20 15 16 21 16 22 21 16 17 22 17 23 22 17 12 23 12 18 23 18 19 25 18 25 24 19 20 26 19 26 25 20 21 27 20 27 26 21 22 28 21 28 27 22 23 29 22 29 28 23 18 24 23 24 29 24 25 30 25 31 30 25 26 31 26 32 31 26 27 32 27 33 32 27 28 33 28 34 33 28 29 34 29 35 34 29 24 35 24 30 35 30 31 37 30 37 36 31 32 38 31 38 37 32 33 39 32 39 38 33 34 40 33 40 39 34 35 41 34 41 40 35 30 36 35 36 41 36 37 42 37 43 42 37 38 43 38 44 43 38 39 44 39 45 44 39 40 45 40 46 45 40 41 46 41 47 46 41 36 47 36 42 47 42 43 49 42 49 48 43 44 50 43 50 49 44 45 51 44 51 50 45 46 52 45 52 51 46 47 53 46 53 52 47 42 48 47 48 53 48 49 54 49 55 54 49 50 55 50 56 55 50 51 56 51 57 56 51 52 57 52 58 57 52 53 58 53 59 58 53 48 59 48 54 59 54 55 61 54 61 60 55 56 62 55 62 61 56 57 63 56 63 62 57 58 64 57 64 63 58 59 65 58 65 64 59 54 60 59 60 65 60 61 66 61 67 66 61 62 67 62 68 67 62 63 68 63 69 68 63 64 69 64 70 69 64 65 70 65 71 70 65 60 71 60 66 71 66 67 73 66 73 72 67 68 74 67 74 73 68 69 75 68 75 74 69 70 76 69 76 75 70 71 77 70 77 76 71 66 72 71 72 77 72 73 78 73 79 78 73 74 79 74 80 79 74 75 80 75 81 80 75 76 81 76 82 81 76 77 82 77 83 82 77 72 83 72 78 83 78 79 85 78 85 84 79 80 86 79 86 85 80 81 87 80 87 86 81 82 88 81 88 87 82 83 89 82 89 88 83 78 84 83 84 89 84 85 90 85 91 90 85 86 91 86 92 91 86 87 92 87 93 92 87 88 93 88 94 93 88 89 94 89 95 94 89 84 95 84 90 95 90 91 97 90 97 96 91 92 98 91 98 97 92 93 99 92 99 98 93 94 100 93 100 99 94 95 101 94 101 100 95 90 96 95 96 101 96 97 102 97 103 102 97 98 103 98 104 103 98 99 104 99 105 104 99 100 105 100 106 105 100 101 106 101 107 106 101 96 107 96 102 107 102 103 109 102 109 108 103 104 110 103 110 109 104 105 111 104 111 110 105 106 112 105 112 111 106 107 113 106 113 112 107 102 108 107 108 113 108 109 114 109 115 114 109 110 115 110 116 115 110 111 116 111 117 116 111 112 117 112 118 117 112 113 118 113 119 118 113 108 119 108 114 119 114 115 121 114 121 120 115 116 122 115 122 121 116 117 123 116 123 122 117 118 124 117 124 123 118 119 125 118 125 124 119 114 120 119 120 125 120 121 126 121 127 126 121 122 127 122 128 127 122 123 128 123 129 128 123 124 129 124 130 129 124 125 130 125 131 130 125 120 131 120 126 131 126 127 133 126 133 132 127 128 134 127 134 133 128 129 135 128 135 134 129 130 136 129 136 135 130 131 137 130 137 136 131 126 132 131 132 137 132 133 138 133 139 138 133 134 139 134 140 139 134 135 140 135 141 140 135 136 141 136 142 141 136 137 142 137 143 142 137 132 143 132 138 143 138 139 145 138 145 144 139 140 146 139 146 145 140 141 147 140 147 146 141 142 148 141 148 147 142 143 149 142 149 148 143 138 144 143 144 149 144 145 150 145 151 150 145 146 151 146 152 151 146 147 152 147 153 152 147 148 153 148 154 153 148 149 154 149 155 154 149 144 155 144 150 155 150 151 157 150 157 156 151 152 158 151 158 157 152 153 159 152 159 158 153 154 160 153 160 159 154 155 161 154 161 160 155 150 156 155 156 161 156 157 162 157 163 162 157 158 163 158 164 163 158 159 164 159 165 164 159 160 165 160 166 165 160 161 166 161 167 166 161 156 167 156 162 167 162 163 169 162 169 168 163 164 170 163 170 169 164 165 171 164 171 170 165 166 172 165 172 171 166 167 173 166 173 172 167 162 168 167 168 173 168 169 174 169 175 174 169 170 175 170 176 175 170 171 176 171 177 176 171 172 177 172 178 177 172 173 178 173 179 178 173 168 179 168 174 179 174 175 181 174 181 180 175 176 182 175 182 181 176 177 183 176 183 182 177 178 184 177 184 183 178 179 185 178 185 184 179 174 180 179 180 185 180 181 186 181 187 186 181 182 187 182 188 187 182 183 188 183 189 188 183 184 189 184 190 189 184 185 190 185 191 190 185 180 191 180 186 191 186 187 193 186 193 192 187 188 194 187 194 193 188 189 195 188 195 194 189 190 196 189 196 195 190 191 197 190 197 196 191 186 192 191 192 197 192 193 198 193 199 198 193 194 199 194 200 199 194 195 200 195 201 200 195 196 201 196 202 201 196 197 202 197 203 202 197 192 203 192 198 203 198 199 205 198 205 204 199 200 206 199 206 205 200 201 207 200 207 206 201 202 208 201 208 207 202 203 209 202 209 208 203 198 204 203 204 209 204 205 210 205 211 210 205 206 211 206 212 211 206 207 212 207 213 212 207 208 213 208 214 213 208 209 214 209 215 214 209 204 215 204 210 215 210 211 217 210 217 216 211 212 218 211 218 217 212 213 219 212 219 218 213 214 220 213 220 219 214 215 221 214 221 220 215 210 216 215 216 221 216 217 222 217 223 222 217 218 223 218 224 223 218 219 224 219 225 224 219 220 225 220 226 225 220 221 226 221 227 226 221 216 227 216 222 227 222 223 229 222 229 228 223 224 230 223 230 229 224 225 231 224 231 230 225 226 232 225 232 231 226 227 233 226 233 232 227 222 228 227 228 233 228 229 234 229 235 234 229 230 235 230 236 235 230 231 236 231 237 236 231 232 237 232 238 237 232 233 238 233 239 238 233 228 239 228 234 239 234 235 241 234 241 240 235 236 242 235 242 241 236 237 243 236 243 242 237 238 244 237 244 243 238 239 245 238 245 244 239 234 240 239 240 245 240 241 246 241 247 246 241 242 247 242 248 247 242 243 248 243 249 248 243 244 249 244 250 249 244 245 250 245 251 250 245 240 251 240 246 251 246 247 253 246 253 252 247 248 254 247 254 253 248 249 255 248 255 254 249 250 256 249 256 255 250 251 257 250 257 256 251 246 252 251 252 257 252 253 258 253 259 258 253 254 259 254 260 259 254 255 260 255 261 260 255 256 261 256 262 261 256 257 262 257 263 262 257 252 263 252 258 263 258 259 265 258 265 264 259 260 266 259 266 265 260 261 267 260 267 266 261 262 268 261 268 267 262 263 269 262 269 268 263 258 264 263 264 269 264 265 270 265 271 270 265 266 271 266 272 271 266 267 272 267 273 272 267 268 273 268 274 273 268 269 274 269 275 274 269 264 275 264 270 275 270 271 277 270 277 276 271 272 278 271 278 277 272 273 279 272 279 278 273 274 280 273 280 279 274 275 281 274 281 280 275 270 276 275 276 281 276 277 282 277 283 282 277 278 283 278 284 283 278 279 284 279 285 284 279 280 285 280 286 285 280 281 286 281 287 286 281 276 287 276 282 287 282 283 289 282 289 288 283 284 290 283 290 289 284 285 291 284 291 290 285 286 292 285 292 291 286 287 293 286 293 292 287 282 288 287 288 293 288 289 294 289 295 294 289 290 295 290 296 295 290 291 296 291 297 296 291 292 297 292 298 297 292 293 298 293 299 298 293 288 299 288 294 299 294 295 301 294 301 300 295 296 302 295 302 301 296 297 303 296 303 302 297 298 304 297 304 303 298 299 305 298 305 304 299 294 300 299 300 305 300 301 306 301 307 306 301 302 307 302 308 307 302 303 308 303 309 308 303 304 309 304 310 309 304 305 310 305 311 310 305 300 311 300 306 311 306 307 313 306 313 312 307 308 314 307 314 313 308 309 315 308 315 314 309 310 316 309 316 315 310 311 317 310 317 316 311 306 312 311 312 317 312 313 318 313 319 318 313 314 319 314 320 319 314 315 320 315 321 320 315 316 321 316 322 321 316 317 322 317 323 322 317 312 323 312 318 323 318 319 325 318 325 324 319 320 326 319 326 325 320 321 327 320 327 326 321 322 328 321 328 327 322 323 329 322 329 328 323 318 324 323 324 329 324 325 330 325 331 330 325 326 331 326 332 331 326 327 332 327 333 332 327 328 333 328 334 333 328 329 334 329 335 334 329 324 335 324 330 335 330 331 337 330 337 336 331 332 338 331 338 337 332 333 339 332 339 338 333 334 340 333 340 339 334 335 341 334 341 340 335 330 336 335 336 341 336 337 342 337 343 342 337 338 343 338 344 343 338 339 344 339 345 344 339 340 345 340 346 345 340 341 346 341 347 346 341 336 347 336 342 347 342 343 349 342 349 348 343 344 350 343 350 349 344 345 351 344 351 350 345 346 352 345 352 351 346 347 353 346 353 352 347 342 348 347 348 353 348 349 354 349 355 354 349 350 355 350 356 355 350 351 356 351 357 356 351 352 357 352 358 357 352 353 358 353 359 358 353 348 359 348 354 359 354 355 361 354 361 360 355 356 362 355 362 361 356 357 363 356 363 362 357 358 364 357 364 363 358 359 365 358 365 364 359 354 360 359 360 365 360 361 366 361 367 366 361 362 367 362 368 367 362 363 368 363 369 368 363 364 369 364 370 369 364 365 370 365 371 370 365 360 371 360 366 371 366 367 373 366 373 372 367 368 374 367 374 373 368 369 375 368 375 374 369 370 376 369 376 375 370 371 377 370 377 376 371 366 372 371 372 377 372 373 378 373 379 378 373 374 379 374 380 379 374 375 380 375 381 380 375 376 381 376 382 381 376 377 382 377 383 382 377 372 383 372 378 383 378 379 385 378 385 384 379 380 386 379 386 385 380 381 387 380 387 386 381 382 388 381 388 387 382 383 389 382 389 388 383 378 384 383 384 389 384 385 390 385 391 390 385 386 391 386 392 391 386 387 392 387 393 392 387 388 393 388 394 393 388 389 394 389 395 394 389 384 395 384 390 395 390 391 397 390 397 396 391 392 398 391 398 397 392 393 399 392 399 398 393 394 400 393 400 399 394 395 401 394 401 400 395 390 396 395 396 401 396 397 402 397 403 402 397 398 403 398 404 403 398 399 404 399 405 404 399 400 405 400 406 405 400 401 406 401 407 406 401 396 407 396 402 407 402 403 409 402 409 408 403 404 410 403 410 409 404 405 411 404 411 410 405 406 412 405 412 411 406 407 413 406 413 412 407 402 408 407 408 413 408 409 414 409 415 414 409 410 415 410 416 415 410 411 416 411 417 416 411 412 417 412 418 417 412 413 418 413 419 418 413 408 419 408 414 419 414 415 421 414 421 420 415 416 422 415 422 421 416 417 423 416 423 422 417 418 424 417 424 423 418 419 425 418 425 424 419 414 420 419 420 425 420 421 426 421 427 426 421 422 427 422 428 427 422 423 428 423 429 428 423 424 429 424 430 429 424 425 430 425 431 430 425 420 431 420 426 431 426 427 433 426 433 432 427 428 434 427 434 433 428 429 435 428 435 434 429 430 436 429 436 435 430 431 437 430 437 436 431 426 432 431 432 437 432 433 438 433 439 438 433 434 439 434 440 439 434 435 440 435 441 440 435 436 441 436 442 441 436 437 442 437 443 442 437 432 443 432 438 443 438 439 445 438 445 444 439 440 446 439 446 445 440 441 447 440 447 446 441 442 448 441 448 447 442 443 449 442 449 448 443 438 444 443 444 449 444 445 450 445 451 450 445 446 451 446 452 451 446 447 452 447 453 452 447 448 453 448 454 453 448 449 454 449 455 454 449 444 455 444 450 455 450 451 457 450 457 456 451 452 458 451 458 457 452 453 459 452 459 458 453 454 460 453 460 459 454 455 461 454 461 460 455 450 456 455 456 461 456 457 462 457 463 462 457 458 463 458 464 463 458 459 464 459 465 464 459 460 465 460 466 465 460 461 466 461 467 466 461 456 467 456 462 467 462 463 469 462 469 468 463 464 470 463 470 469 464 465 471 464 471 470 465 466 472 465 472 471 466 467 473 466 473 472 467 462 468 467 468 473 468 469 474 469 475 474 469 470 475 470 476 475 470 471 476 471 477 476 471 472 477 472 478 477 472 473 478 473 479 478 473 468 479 468 474 479 474 475 481 474 481 480 475 476 482 475 482 481 476 477 483 476 483 482 477 478 484 477 484 483 478 479 485 478 485 484 479 474 480 479 480 485 480 481 486 481 487 486 481 482 487 482 488 487 482 483 488 483 489 488 483 484 489 484 490 489 484 485 490 485 491 490 485 480 491 480 486 491 486 487 493 486 493 492 487 488 494 487 494 493 488 489 495 488 495 494 489 490 496 489 496 495 490 491 497 490 497 496 491 486 492 491 492 497 492 493 498 493 499 498 493 494 499 494 500 499 494 495 500 495 501 500 495 496 501 496 502 501 496 497 502 497 503 502 497 492 503 492 498 503 498 499 505 498 505 504 499 500 506 499 506 505 500 501 507 500 507 506 501 502 508 501 508 507 502 503 509 502 509 508 503 498 504 503 504 509 504 505 510 505 511 510 505 506 511 506 512 511 506 507 512 507 513 512 507 508 513 508 514 513 508 509 514 509 515 514 509 504 515 504 510 515 510 511 517 510 517 516 511 512 518 511 518 517 512 513 519 512 519 518 513 514 520 513 520 519 514 515 521 514 521 520 515 510 516 515 516 521 516 517 522 517 523 522 517 518 523 518 524 523 518 519 524 519 525 524 519 520 525 520 526 525 520 521 526 521 527 526 521 516 527 516 522 527 522 523 529 522 529 528 523 524 530 523 530 529 524 525 531 524 531 530 525 526 532 525 532 531 526 527 533 526 533 532 527 522 528 527 528 533 528 529 534 529 535 534 529 530 535 530 536 535 530 531 536 531 537 536 531 532 537 532 538 537 532 533 538 533 539 538 533 528 539 528 534 539 534 535 541 534 541 540 535 536 542 535 542 541 536 537 543 536 543 542 537 538 544 537 544 543 538 539 545 538 545 544 539 534 540 539 540 545 540 541 546 541 547 546 541 542 547 542 548 547 542 543 548 543 549 548 543 544 549 544 550 549 544 545 550 545 551 550 545 540 551 540 546 551 546 547 553 546 553 552 547 548 554 547 554 553 548 549 555 548 555 554 549 550 556 549 556 555 550 551 557 550 557 556 551 546 552 551 552 557 552 553 558 553 559 558 553 554 559 554 560 559 554 555 560 555 561 560 555 556 561 556 562 561 556 557 562 557 563 562 557 552 563 552 558 563 558 559 565 558 565 564 559 560 566 559 566 565 560 561 567 560 567 566 561 562 568 561 568 567 562 563 569 562 569 568 563 558 564 563 564 569 564 565 570 565 571 570 565 566 571 566 572 571 566 567 572 567 573 572 567 568 573 568 574 573 568 569 574 569 575 574 569 564 575 564 570 575 570 571 577 570 577 576 571 572 578 571 578 577 572 573 579 572 579 578 573 574 580 573 580 579 574 575 581 574 581 580 575 570 576 575 576 581 576 577 582 577 583 582 577 578 583 578 584 583 578 579 584 579 585 584 579 580 585 580 586 585 580 581 586 581 587 586 581 576 587 576 582 587 582 583 589 582 589 588 583 584 590 583 590 589 584 585 591 584 591 590 585 586 592 585 592 591 586 587 593 586 593 592 587 582 588 587 588 593 588 589 594 589 595 594 589 590 595 590 596 595 590 591 596 591 597 596 591 592 597 592 598 597 592 593 598 593 599 598 593 588 599 588 594 599 594 595 601 594 601 600 595 596 602 595 602 601 596 597 603 596 603 602 597 598 604 597 604 603 598 599 605 598 605 604 599 594 600 599 600 605 600 601 606 601 607 606 601 602 607 602 608 607 602 603 608 603 609 608 603 604 609 604 610 609 604 605 610 605 611 610 605 600 611 600 606 611 606 607 613 606 613 612 607 608 614 607 614 613 608 609 615 608 615 614 609 610 616 609 616 615 610 611 617 610 617 616 611 606 612 611 612 617 612 613 618 613 619 618 613 614 619 614 620 619 614 615 620 615 621 620 615 616 621 616 622 621 616 617 622 617 623 622 617 612 623 612 618 623 618 619 625 618 625 624 619 620 626 619 626 625 620 621 627 620 627 626 621 622 628 621 628 627 622 623 629 622 629 628 623 618 624 623 624 629 624 625 630 625 631 630 625 626 631 626 632 631 626 627 632 627 633 632 627 628 633 628 634 633 628 629 634 629 635 634 629 624 635 624 630 635 630 631 637 630 637 636 631 632 638 631 638 637 632 633 639 632 639 638 633 634 640 633 640 639 634 635 641 634 641 640 635 630 636 635 636 641 636 637 642 637 643 642 637 638 643 638 644 643 638 639 644 639 645 644 639 640 645 640 646 645 640 641 646 641 647 646 641 636 647 636 642 647 642 643 649 642 649 648 643 644 650 643 650 649 644 645 651 644 651 650 645 646 652 645 652 651 646 647 653 646 653 652 647 642 648 647 648 653 648 649 654 649 655 654 649 650 655 650 656 655 650 651 656 651 657 656 651 652 657 652 658 657 652 653 658 653 659 658 653 648 659 648 654 659 654 655 661 654 661 660 655 656 662 655 662 661 656 657 663 656 663 662 657 658 664 657 664 663 658 659 665 658 665 664 659 654 660 659 660 665 660 661 666 661 667 666 661 662 667 662 668 667 662 663 668 663 669 668 663 664 669 664 670 669 664 665 670 665 671 670 665 660 671 660 666 671 666 667 673 666 673 672 667 668 674 667 674 673 668 669 675 668 675 674 669 670 676 669 676 675 670 671 677 670 677 676 671 666 672 671 672 677 672 673 678 673 679 678 673 674 679 674 680 679 674 675 680 675 681 680 675 676 681 676 682 681 676 677 682 677 683 682 677 672 683 672 678 683 678 679 685 678 685 684 679 680 686 679 686 685 680 681 687 680 687 686 681 682 688 681 688 687 682 683 689 682 689 688 683 678 684 683 684 689 684 685 690 685 691 690 685 686 691 686 692 691 686 687 692 687 693 692 687 688 693 688 694 693 688 689 694 689 695 694 689 684 695 684 690 695 690 691 697 690 697 696 691 692 698 691 698 697 692 693 699 692 699 698 693 694 700 693 700 699 694 695 701 694 701 700 695 690 696 695 696 701 696 697 702 697 703 702 697 698 703 698 704 703 698 699 704 699 705 704 699 700 705 700 706 705 700 701 706 701 707 706 701 696 707 696 702 707 702 703 709 702 709 708 703 704 710 703 710 709 704 705 711 704 711 710 705 706 712 705 712 711 706 707 713 706 713 712 707 702 708 707 708 713 708 709 714 709 715 714 709 710 715 710 716 715 710 711 716 711 717 716 711 712 717 712 718 717 712 713 718 713 719 718 713 708 719 708 714 719 714 715 721 714 721 720 715 716 722 715 722 721 716 717 723 716 723 722 717 718 724 717 724 723 718 719 725 718 725 724 719 714 720 719 720 725 720 721 726 721 727 726 721 722 727 722 728 727 722 723 728 723 729 728 723 724 729 724 730 729 724 725 730 725 731 730 725 720 731 720 726 731 726 727 733 726 733 732 727 728 734 727 734 733 728 729 735 728 735 734 729 730 736 729 736 735 730 731 737 730 737 736 731 726 732 731 732 737 732 733 738 733 739 738 733 734 739 734 740 739 734 735 740 735 741 740 735 736 741 736 742 741 736 737 742 737 743 742 737 732 743 732 738 743 738 739 745 738 745 744 739 740 746 739 746 745 740 741 747 740 747 746 741 742 748 741 748 747 742 743 749 742 749 748 743 738 744 743 744 749 744 745 750 745 751 750 745 746 751 746 752 751 746 747 752 747 753 752 747 748 753 748 754 753 748 749 754 749 755 754 749 744 755 744 750 755 750 751 757 750 757 756 751 752 758 751 758 757 752 753 759 752 759 758 753 754 760 753 760 759 754 755 761 754 761 760 755 750 756 755 756 761 756 757 762 757 763 762 757 758 763 758 764 763 758 759 764 759 765 764 759 760 765 760 766 765 760 761 766 761 767 766 761 756 767 756 762 767 762 763 769 762 769 768 763 764 770 763 770 769 764 765 771 764 771 770 765 766 772 765 772 771 766 767 773 766 773 772 767 762 768 767 768 773 768 769 774 769 775 774 769 770 775 770 776 775 770 771 776 771 777 776 771 772 777 772 778 777 772 773 778 773 779 778 773 768 779 768 774 779 774 775 781 774 781 780 775 776 782 775 782 781 776 777 783 776 783 782 777 778 784 777 784 783 778 779 785 778 785 784 779 774 780 779 780 785 780 781 786 781 787 786 781 782 787 782 788 787 782 783 788 783 789 788 783 784 789 784 790 789 784 785 790 785 791 790 785 780 791 780 786 791 786 787 793 786 793 792 787 788 794 787 794 793 788 789 795 788 795 794 789 790 796 789 796 795 790 791 797 790 797 796 791 786 792 791 792 797 792 793 798 793 799 798 793 794 799 794 800 799 794 795 800 795 801 800 795 796 801 796 802 801 796 797 802 797 803 802 797 792 803 792 798 803 798 799 805 798 805 804 799 800 806 799 806 805 800 801 807 800 807 806 801 802 808 801 808 807 802 803 809 802 809 808 803 798 804 803 804 809 804 805 810 805 811 810 805 806 811 806 812 811 806 807 812 807 813 812 807 808 813 808 814 813 808 809 814 809 815 814 809 804 815 804 810 815 810 811 817 810 817 816 811 812 818 811 818 817 812 813 819 812 819 818 813 814 820 813 820 819 814 815 821 814 821 820 815 810 816 815 816 821 816 817 822 817 823 822 817 818 823 818 824 823 818 819 824 819 825 824 819 820 825 820 826 825 820 821 826 821 827 826 821 816 827 816 822 827 822 823 829 822 829 828 823 824 830 823 830 829 824 825 831 824 831 830 825 826 832 825 832 831 826 827 833 826 833 832 827 822 828 827 828 833 828 829 834 829 835 834 829 830 835 830 836 835 830 831 836 831 837 836 831 832 837 832 838 837 832 833 838 833 839 838 833 828 839 828 834 839 834 835 841 834 841 840 835 836 842 835 842 841 836 837 843 836 843 842 837 838 844 837 844 843 838 839 845 838 845 844 839 834 840 839 840 845 840 841 846 841 847 846 841 842 847 842 848 847 842 843 848 843 849 848 843 844 849 844 850 849 844 845 850 845 851 850 845 840 851 840 846 851 846 847 853 846 853 852 847 848 854 847 854 853 848 849 855 848 855 854 849 850 856 849 856 855 850 851 857 850 857 856 851 846 852 851 852 857 852 853 858 853 859 858 853 854 859 854 860 859 854 855 860 855 861 860 855 856 861 856 862 861 856 857 862 857 863 862 857 852 863 852 858 863 858 859 865 858 865 864 859 860 866 859 866 865 860 861 867 860 867 866 861 862 868 861 868 867 862 863 869 862 869 868 863 858 864 863 864 869 864 865 870 865 871 870 865 866 871 866 872 871 866 867 872 867 873 872 867 868 873 868 874 873 868 869 874 869 875 874 869 864 875 864 870 875 870 871 877 870 877 876 871 872 878 871 878 877 872 873 879 872 879 878 873 874 880 873 880 879 874 875 881 874 881 880 875 870 876 875 876 881 876 877 882 877 883 882 877 878 883 878 884 883 878 879 884 879 885 884 879 880 885 880 886 885 880 881 886 881 887 886 881 876 887 876 882 887 882 883 889 882 889 888 883 884 890 883 890 889 884 885 891 884 891 890 885 886 892 885 892 891 886 887 893 886 893 892 887 882 888 887 888 893 888 889 894 889 895 894 889 890 895 890 896 895 890 891 896 891 897 896 891 892 897 892 898 897 892 893 898 893 899 898 893 888 899 888 894 899 894 895 901 894 901 900 895 896 902 895 902 901 896 897 903 896 903 902 897 898 904 897 904 903 898 899 905 898 905 904 899 894 900 899 900 905 900 901 906 901 907 906 901 902 907 902 908 907 902 903 908 903 909 908 903 904 909 904 910 909 904 905 910 905 911 910 905 900 911 900 906 911 906 907 913 906 913 912 907 908 914 907 914 913 908 909 915 908 915 914 909 910 916 909 916 915 910 911 917 910 917 916 911 906 912 911 912 917 912 913 918 913 919 918 913 914 919 914 920 919 914 915 920 915 921 920 915 916 921 916 922 921 916 917 922 917 923 922 917 912 923 912 918 923 918 919 925 918 925 924 919 920 926 919 926 925 920 921 927 920 927 926 921 922 928 921 928 927 922 923 929 922 929 928 923 918 924 923 924 929 924 925 930 925 931 930 925 926 931 926 932 931 926 927 932 927 933 932 927 928 933 928 934 933 928 929 934 929 935 934 929 924 935 924 930 935 930 931 937 930 937 936 931 932 938 931 938 937 932 933 939 932 939 938 933 934 940 933 940 939 934 935 941 934 941 940 935 930 936 935 936 941 936 937 942 937 943 942 937 938 943 938 944 943 938 939 944 939 945 944 939 940 945 940 946 945 940 941 946 941 947 946 941 936 947 936 942 947 942 943 949 942 949 948 943 944 950 943 950 949 944 945 951 944 951 950 945 946 952 945 952 951 946 947 953 946 953 952 947 942 948 947 948 953 948 949 954 949 955 954 949 950 955 950 956 955 950 951 956 951 957 956 951 952 957 952 958 957 952 953 958 953 959 958 953 948 959 948 954 959 954 955 961 954 961 960 955 956 962 955 962 961 956 957 963 956 963 962 957 958 964 957 964 963 958 959 965 958 965 964 959 954 960 959 960 965 960 961 966 961 967 966 961 962 967 962 968 967 962 963 968 963 969 968 963 964 969 964 970 969 964 965 970 965 971 970 965 960 971 960 966 971 966 967 973 966 973 972 967 968 974 967 974 973 968 969 975 968 975 974 969 970 976 969 976 975 970 971 977 970 977 976 971 966 972 971 972 977 972 973 978 973 979 978 973 974 979 974 980 979 974 975 980 975 981 980 975 976 981 976 982 981 976 977 982 977 983 982 977 972 983 972 978 983 978 979 985 978 985 984 979 980 986 979 986 985 980 981 987 980 987 986 981 982 988 981 988 987 982 983 989 982 989 988 983 978 984 983 984 989 984 985 990 985 991 990 985 986 991 986 992 991 986 987 992 987 993 992 987 988 993 988 994 993 988 989 994 989 995 994 989 984 995 984 990 995 990 991 997 990 997 996 991 992 998 991 998 997 992 993 999 992 999 998 993 994 1000 993 1000 999 994 995 1001 994 1001 1000 995 990 996 995 996 1001 996 997 1002 997 1003 1002 997 998 1003 998 1004 1003 998 999 1004 999 1005 1004 999 1000 1005 1000 1006 1005 1000 1001 1006 1001 1007 1006 1001 996 1007 996 1002 1007 1002 1003 1009 1002 1009 1008 1003 1004 1010 1003 1010 1009 1004 1005 1011 1004 1011 1010 1005 1006 1012 1005 1012 1011 1006 1007 1013 1006 1013 1012 1007 1002 1008 1007 1008 1013 1008 1009 1014 1009 1015 1014 1009 1010 1015 1010 1016 1015 1010 1011 1016 1011 1017 1016 1011 1012 1017 1012 1018 1017 1012 1013 1018 1013 1019 1018 1013 1008 1019 1008 1014 1019 1014 1015 1021 1014 1021 1020 1015 1016 1022 1015 1022 1021 1016 1017 1023 1016 1023 1022 1017 1018 1024 1017 1024 1023 1018 1019 1025 1018 1025 1024 1019 1014 1020 1019 1020 1025 1020 1021 1026 1021 1027 1026 1021 1022 1027 1022 1028 1027 1022 1023 1028 1023 1029 1028 1023 1024 1029 1024 1030 1029 1024 1025 1030 1025 1031 1030 1025 1020 1031 1020 1026 1031 1026 1027 1033 1026 1033 1032 1027 1028 1034 1027 1034 1033 1028 1029 1035 1028 1035 1034 1029 1030 1036 1029 1036 1035 1030 1031 1037 1030 1037 1036 1031 1026 1032 1031 1032 1037 1032 1033 1038 1033 1039 1038 1033 1034 1039 1034 1040 1039 1034 1035 1040 1035 1041 1040 1035 1036 1041 1036 1042 1041 1036 1037 1042 1037 1043 1042 1037 1032 1043 1032 1038 1043 1038 1039 1045 1038 1045 1044 1039 1040 1046 1039 1046 1045 1040 1041 1047 1040 1047 1046 1041 1042 1048 1041 1048 1047 1042 1043 1049 1042 1049 1048 1043 1038 1044 1043 1044 1049 1044 1045 1050 1045 1051 1050 1045 1046 1051 1046 1052 1051 1046 1047 1052 1047 1053 1052 1047 1048 1053 1048 1054 1053 1048 1049 1054 1049 1055 1054 1049 1044 1055 1044 1050 1055 1050 1051 1057 1050 1057 1056 1051 1052 1058 1051 1058 1057 1052 1053 1059 1052 1059 1058 1053 1054 1060 1053 1060 1059 1054 1055 1061 1054 1061 1060 1055 1050 1056 1055 1056 1061 1056 1057 1062 1057 1063 1062 1057 1058 1063 1058 1064 1063 1058 1059 1064 1059 1065 1064 1059 1060 1065 1060 1066 1065 1060 1061 1066 1061 1067 1066 1061 1056 1067 1056 1062 1067 1062 1063 1069 1062 1069 1068 1063 1064 1070 1063 1070 1069 1064 1065 1071 1064 1071 1070 1065 1066 1072 1065 1072 1071 1066 1067 1073 1066 1073 1072 1067 1062 1068 1067 1068 1073 1068 1069 1074 1069 1075 1074 1069 1070 1075 1070 1076 1075 1070 1071 1076 1071 1077 1076 1071 1072 1077 1072 1078 1077 1072 1073 1078 1073 1079 1078 1073 1068 1079 1068 1074 1079 1074 1075 1081 1074 1081 1080 1075 1076 1082 1075 1082 1081 1076 1077 1083 1076 1083 1082 1077 1078 1084 1077 1084 1083 1078 1079 1085 1078 1085 1084 1079 1074 1080 1079 1080 1085 1080 1081 1086 1081 1087 1086 1081 1082 1087 1082 1088 1087 1082 1083 1088 1083 1089 1088 1083 1084 1089 1084 1090 1089 1084 1085 1090 1085 1091 1090 1085 1080 1091 1080 1086 1091 1086 1087 1093 1086 1093 1092 1087 1088 1094 1087 1094 1093 1088 1089 1095 1088 1095 1094 1089 1090 1096 1089 1096 1095 1090 1091 1097 1090 1097 1096 1091 1086 1092 1091 1092 1097 1092 1093 1098 1093 1099 1098 1093 1094 1099 1094 1100 1099 1094 1095 1100 1095 1101 1100 1095 1096 1101 1096 1102 1101 1096 1097 1102 1097 1103 1102 1097 1092 1103 1092 1098 1103 1098 1099 1105 1098 1105 1104 1099 1100 1106 1099 1106 1105 1100 1101 1107 1100 1107 1106 1101 1102 1108 1101 1108 1107 1102 1103 1109 1102 1109 1108 1103 1098 1104 1103 1104 1109 1104 1105 1110 1105 1111 1110 1105 1106 1111 1106 1112 1111 1106 1107 1112 1107 1113 1112 1107 1108 1113 1108 1114 1113 1108 1109 1114 1109 1115 1114 1109 1104 1115 1104 1110 1115 1110 1111 1117 1110 1117 1116 1111 1112 1118 1111 1118 1117 1112 1113 1119 1112 1119 1118 1113 1114 1120 1113 1120 1119 1114 1115 1121 1114 1121 1120 1115 1110 1116 1115 1116 1121 1116 1117 1122 1117 1123 1122 1117 1118 1123 1118 1124 1123 1118 1119 1124 1119 1125 1124 1119 1120 1125 1120 1126 1125 1120 1121 1126 1121 1127 1126 1121 1116 1127 1116 1122 1127 1122 1123 1129 1122 1129 1128 1123 1124 1130 1123 1130 1129 1124 1125 1131 1124 1131 1130 1125 1126 1132 1125 1132 1131 1126 1127 1133 1126 1133 1132 1127 1122 1128 1127 1128 1133 1128 1129 1134 1129 1135 1134 1129 1130 1135 1130 1136 1135 1130 1131 1136 1131 1137 1136 1131 1132 1137 1132 1138 1137 1132 1133 1138 1133 1139 1138 1133 1128 1139 1128 1134 1139 1134 1135 1141 1134 1141 1140 1135 1136 1142 1135 1142 1141 1136 1137 1143 1136 1143 1142 1137 1138 1144 1137 1144 1143 1138 1139 1145 1138 1145 1144 1139 1134 1140 1139 1140 1145 1140 1141 1146 1141 1147 1146 1141 1142 1147 1142 1148 1147 1142 1143 1148 1143 1149 1148 1143 1144 1149 1144 1150 1149 1144 1145 1150 1145 1151 1150 1145 1140 1151 1140 1146 1151 1146 1147 1153 1146 1153 1152 1147 1148 1154 1147 1154 1153 1148 1149 1155 1148 1155 1154 1149 1150 1156 1149 1156 1155 1150 1151 1157 1150 1157 1156 1151 1146 1152 1151 1152 1157 1152 1153 1158 1153 1159 1158 1153 1154 1159 1154 1160 1159 1154 1155 1160 1155 1161 1160 1155 1156 1161 1156 1162 1161 1156 1157 1162 1157 1163 1162 1157 1152 1163 1152 1158 1163 1158 1159 1165 1158 1165 1164 1159 1160 1166 1159 1166 1165 1160 1161 1167 1160 1167 1166 1161 1162 1168 1161 1168 1167 1162 1163 1169 1162 1169 1168 1163 1158 1164 1163 1164 1169 1164 1165 1170 1165 1171 1170 1165 1166 1171 1166 1172 1171 1166 1167 1172 1167 1173 1172 1167 1168 1173 1168 1174 1173 1168 1169 1174 1169 1175 1174 1169 1164 1175 1164 1170 1175 1170 1171 1177 1170 1177 1176 1171 1172 1178 1171 1178 1177 1172 1173 1179 1172 1179 1178 1173 1174 1180 1173 1180 1179 1174 1175 1181 1174 1181 1180 1175 1170 1176 1175 1176 1181 1176 1177 1182 1177 1183 1182 1177 1178 1183 1178 1184 1183 1178 1179 1184 1179 1185 1184 1179 1180 1185 1180 1186 1185 1180 1181 1186 1181 1187 1186 1181 1176 1187 1176 1182 1187 1182 1183 1189 1182 1189 1188 1183 1184 1190 1183 1190 1189 1184 1185 1191 1184 1191 1190 1185 1186 1192 1185 1192 1191 1186 1187 1193 1186 1193 1192 1187 1182 1188 1187 1188 1193 1188 1189 1194 1189 1195 1194 1189 1190 1195 1190 1196 1195 1190 1191 1196 1191 1197 1196 1191 1192 1197 1192 1198 1197 1192 1193 1198 1193 1199 1198 1193 1188 1199 1188 1194 1199 1194 1195 1201 1194 1201 1200 1195 1196 1202 1195 1202 1201 1196 1197 1203 1196 1203 1202 1197 1198 1204 1197 1204 1203 1198 1199 1205 1198 1205 1204 1199 1194 1200 1199 1200 1205 1200 1201 1206 1201 1207 1206 1201 1202 1207 1202 1208 1207 1202 1203 1208 1203 1209 1208 1203 1204 1209 1204 1210 1209 1204 1205 1210 1205 1211 1210 1205 1200 1211 1200 1206 1211 1206 1207 1213 1206 1213 1212 1207 1208 1214 1207 1214 1213 1208 1209 1215 1208 1215 1214 1209 1210 1216 1209 1216 1215 1210 1211 1217 1210 1217 1216 1211 1206 1212 1211 1212 1217 1212 1213 1218 1213 1219 1218 1213 1214 1219 1214 1220 1219 1214 1215 1220 1215 1221 1220 1215 1216 1221 1216 1222 1221 1216 1217 1222 1217 1223 1222 1217 1212 1223 1212 1218 1223 1218 1219 1225 1218 1225 1224 1219 1220 1226 1219 1226 1225 1220 1221 1227 1220 1227 1226 1221 1222 1228 1221 1228 1227 1222 1223 1229 1222 1229 1228 1223 1218 1224 1223 1224 1229 1224 1225 1230 1225 1231 1230 1225 1226 1231 1226 1232 1231 1226 1227 1232 1227 1233 1232 1227 1228 1233 1228 1234 1233 1228 1229 1234 1229 1235 1234 1229 1224 1235 1224 1230 1235 1230 1231 1237 1230 1237 1236 1231 1232 1238 1231 1238 1237 1232 1233 1239 1232 1239 1238 1233 1234 1240 1233 1240 1239 1234 1235 1241 1234 1241 1240 1235 1230 1236 1235 1236 1241 1236 1237 1242 1237 1243 1242 1237 1238 1243 1238 1244 1243 1238 1239 1244 1239 1245 1244 1239 1240 1245 1240 1246 1245 1240 1241 1246 1241 1247 1246 1241 1236 1247 1236 1242 1247 1242 1243 1249 1242 1249 1248 1243 1244 1250 1243 1250 1249 1244 1245 1251 1244 1251 1250 1245 1246 1252 1245 1252 1251 1246 1247 1253 1246 1253 1252 1247 1242 1248 1247 1248 1253 1248 1249 1254 1249 1255 1254 1249 1250 1255 1250 1256 1255 1250 1251 1256 1251 1257 1256 1251 1252 1257 1252 1258 1257 1252 1253 1258 1253 1259 1258 1253 1248 1259 1248 1254 1259 1254 1255 1261 1254 1261 1260 1255 1256 1262 1255 1262 1261 1256 1257 1263 1256 1263 1262 1257 1258 1264 1257 1264 1263 1258 1259 1265 1258 1265 1264 1259 1254 1260 1259 1260 1265 1260 1261 1266 1261 1267 1266 1261 1262 1267 1262 1268 1267 1262 1263 1268 1263 1269 1268 1263 1264 1269 1264 1270 1269 1264 1265 1270 1265 1271 1270 1265 1260 1271 1260 1266 1271 1266 1267 1273 1266 1273 1272 1267 1268 1274 1267 1274 1273 1268 1269 1275 1268 1275 1274 1269 1270 1276 1269 1276 1275 1270 1271 1277 1270 1277 1276 1271 1266 1272 1271 1272 1277 1272 1273 1278 1273 1279 1278 1273 1274 1279 1274 1280 1279 1274 1275 1280 1275 1281 1280 1275 1276 1281 1276 1282 1281 1276 1277 1282 1277 1283 1282 1277 1272 1283 1272 1278 1283 1278 1279 1285 1278 1285 1284 1279 1280 1286 1279 1286 1285 1280 1281 1287 1280 1287 1286 1281 1282 1288 1281 1288 1287 1282 1283 1289 1282 1289 1288 1283 1278 1284 1283 1284 1289 1284 1285 1290 1285 1291 1290 1285 1286 1291 1286 1292 1291 1286 1287 1292 1287 1293 1292 1287 1288 1293 1288 1294 1293 1288 1289 1294 1289 1295 1294 1289 1284 1295 1284 1290 1295 1290 1291 1297 1290 1297 1296 1291 1292 1298 1291 1298 1297 1292 1293 1299 1292 1299 1298 1293 1294 1300 1293 1300 1299 1294 1295 1301 1294 1301 1300 1295 1290 1296 1295 1296 1301 1296 1297 1302 1297 1303 1302 1297 1298 1303 1298 1304 1303 1298 1299 1304 1299 1305 1304 1299 1300 1305 1300 1306 1305 1300 1301 1306 1301 1307 1306 1301 1296 1307 1296 1302 1307 1302 1303 1309 1302 1309 1308 1303 1304 1310 1303 1310 1309 1304 1305 1311 1304 1311 1310 1305 1306 1312 1305 1312 1311 1306 1307 1313 1306 1313 1312 1307 1302 1308 1307 1308 1313 1308 1309 1314 1309 1315 1314 1309 1310 1315 1310 1316 1315 1310 1311 1316 1311 1317 1316 1311 1312 1317 1312 1318 1317 1312 1313 1318 1313 1319 1318 1313 1308 1319 1308 1314 1319 1314 1315 1321 1314 1321 1320 1315 1316 1322 1315 1322 1321 1316 1317 1323 1316 1323 1322 1317 1318 1324 1317 1324 1323 1318 1319 1325 1318 1325 1324 1319 1314 1320 1319 1320 1325 1326 1328 1327 1326 1329 1328 1326 1330 1329 1326 1331 1330 1326 1332 1331 1326 1327 1332 1333 1334 1335 1333 1335 1336 1333 1336 1337 1333 1337 1338 1333 1338 1339 1333 1339 1334" solid="false" colorPerVertex="false">
     <Coordinate point="0.01 0 -1 0.005 0.00866025 -1 -0.005 0.00866025 -1 -0.01 1.22465e-18 -1 -0.005 -0.00866025 -1 0.005 -0.00866025 -1 0.00866025 0.005 -0.990909 6.12323e-19 0.01 -0.990909 -0.00866025 0.005 -0.990909 -0.00866025 -0.005 -0.990909 -1.83697e-18 -0.01 -0.990909 0.00866025 -0.005 -0.990909 0.01 0 -0.981818 0.005 0.00866025 -0.981818 -0.005 0.00866025 -0.981818 -0.01 1.22465e-18 -0.981818 -0.005 -0.00866025 -0.981818 0.005 -0.00866025 -0.981818 0.00866025 0.005 -0.972727 6.12323e-19 0.01 -0.972727 -0.00866025 0.005 -0.972727 -0.00866025 -0.005 -0.972727 -1.83697e-18 -0.01 -0.972727 0.00866025 -0.005 -0.972727 0.01 0 -0.963636 0.005 0.00866025 -0.963636 -0.005 0.00866025 -0.963636 -0.01 1.22465e-18 -0.963636 -0.005 -0.00866025 -0.963636 0.005 -0.00866025 -0.963636 0.00866025 0.005 -0.954545 6.12323e-19 0.01 -0.954545 -0.00866025 0.005 -0.954545 -0.00866025 -0.005 -0.954545 -1.83697e-18 -0.01 -0.954545 0.00866025 -0.005 -0.954545 0.01 0 -0.945455 0.005 0.00866025 -0.945455 -0.005 0.00866025 -0.945455 -0.01 1.22465e-18 -0.945455 -0.005 -0.00866025 -0.945455 0.005 -0.00866025 -0.945455 0.00866025 0.005 -0.936364 6.12323e-19 0.01 -0.936364 -0.00866025 0.005 -0.936364 -0.00866025 -0.005 -0.936364 -1.83697e-18 -0.01 -0.936364 0.00866025 -0.005 -0.936364 0.01 0 -0.927273 0.005 0.00866025 -0.927273 -0.005 0.00866025 -0.927273 -0.01 1.22465e-18 -0.927273 -0.005 -0.00866025 -0.927273 0.005 -0.00866025 -0.927273 0.00866025 0.005 -0.918182 6.12323e-19 0.01 -0.918182 -0.00866025 0.005 -0.918182 -0.00866025 -0.005 -0.918182 -1.83697e-18 -0.01 -0.918182 0.00866025 -0.005 -0.918182 0.01 0 -0.909091 0.005 0.00866025 -0.909091 -0.005 0.00866025 -0.909091 -0.01 1.22465e-18 -0.909091 -0.005 -0.00866025 -0.909091 0.005 -0.00866025 -0.909091 0.00866025 0.005 -0.9 6.12323e-19 0.01 -0.9 -0.00866025 0.005 -0.9 -0.00866025 -0.005 -0.9 -1.83697e-18 -0.01 -0.9 0.00866025 -0.005 -0.9 0.01 0 -0.890909 0.005 0.00866025 -0.890909 -0.005 0.00866025 -0.890909 -0.01 1.22465e-18 -0.890909 -0.005 -0.00866025 -0.890909 0.005 -0.00866025 -0.890909 0.00866025 0.005 -0.881818 6.12323e-19 0.01 -0.881818 -0.00866025 0.005 -0.881818 -0.00866025 -0.005 -0.881818 -1.83697e-18 -0.01 -0.881818 0.00866025 -0.005 -0.881818 0.01 0 -0.872727 0.005 0.00866025 -0.872727 -0.005 0.00866025 -0.872727 -0.01 1.22465e-18 -0.872727 -0.005 -0.00866025 -0.872727 0.005 -0.00866025 -0.872727 0.00866025 0.005 -0.863636 6.12323e-19 0.01 -0.863636 -0.00866025 0.005 -0.863636 -0.00866025 -0.005 -0.863636 -1.83697e-18 -0.01 -0.863636 0.00866025 -0.005 -0.863636 0.01 0 -0.854545 0.005 0.00866025 -0.854545 -0.005 0.00866025 -0.854545 -0.01 1.22465e-18 -0.854545 -0.005 -0.00866025 -0.854545 0.005 -0.00866025 -0.854545 0.00866025 0.005 -0.845455 6.12323e-19 0.01 -0.845455 -0.00866025 0.005 -0.845455 -0.00866025 -0.005 -0.845455 -1.83697e-18 -0.01 -0.845455 0.00866025 -0.005 -0.845455 0.01 0 -0.836364 0.005 0.00866025 -0.836364 -0.005 0.00866025 -0.836364 -0.01 1.22465e-18 -0.836364 -0.005 -0.00866025 -0.836364 0.005 -0.00866025 -0.836364 0.00866025 0.005 -0.827273 6.12323e-19 0.01 -0.827273 -0.00866025 0.005 -0.827273 -0.00866025 -0.005 -0.827273 -1.83697e-18 -0.01 -0.827273 0.00866025 -0.005 -0.827273 0.01 0 -0.818182 0.005 0.00866025 -0.818182 -0.005 0.00866025 -0.818182 -0.01 1.22465e-18 -0.818182 -0.005 -0.00866025 -0.818182 0.005 -0.00866025 -0.818182 0.00866025 0.005 -0.809091 6.12323e-19 0.01 -0.809091 -0.00866025 0.005 -0.809091 -0.00866025 -0.005 -0.809091 -1.83697e-18 -0.01 -0.809091 0.00866025 -0.005 -0.809091 0.01 0 -0.8 0.005 0.00866025 -0.8 -0.005 0.00866025 -0.8 -0.01 1.22465e-18 -0.8 -0.005 -0.00866025 -0.8 0.005 -0.00866025 -0.8 0.00866025 0.005 -0.790909 6.12323e-19 0.01 -0.790909 -0.00866025 0.005 -0.790909 -0.00866025 -0.005 -0.790909 -1.83697e-18 -0.01 -0.790909 0.00866025 -0.005 -0.790909 0.01 0 -0.781818 0.005 0.00866025 -0.781818 -0.005 0.00866025 -0.781818 -0.01 1.22465e-18 -0.781818 -0.005 -0.00866025 -0.781818 0.005 -0.00866025 -0.781818 0.00866025 0.005 -0.772727 6.12323e-19 0.01 -0.772727 -0.00866025 0.005 -0.772727 -0.00866025 -0.005 -0.772727 -1.83697e-18 -0.01 -0.772727 0.00866025 -0.005 -0.772727 0.01 0 -0.763636 0.005 0.00866025 -0.763636 -0.005 0.00866025 -0.763636 -0.01 1.22465e-18 -0.763636 -0.005 -0.00866025 -0.763636 0.005 -0.00866025 -0.763636 0.00866025 0.005 -0.754545 6.12323e-19 0.01 -0.754545 -0.00866025 0.005 -0.754545 -0.00866025 -0.005 -0.754545 -1.83697e-18 -0.01 -0.754545 0.00866025 -0.005 -0.754545 0.01 0 -0.745455 0.005 0.00866025 -0.745455 -0.005 0.00866025 -0.745455 -0.01 1.22465e-18 -0.745455 -0.005 -0.00866025 -0.745455 0.005 -0.00866025 -0.745455 0.00866025 0.005 -0.736364 6.12323e-19 0.01 -0.736364 -0.00866025 0.005 -0.736364 -0.00866025 -0.005 -0.736364 -1.83697e-18 -0.01 -0.736364 0.00866025 -0.005 -0.736364 0.01 0 -0.727273 0.005 0.00866025 -0.727273 -0.005 0.00866025 -0.727273 -0.01 1.22465e-18 -0.727273 -0.005 -0.00866025 -0.727273 0.005 -0.00866025 -0.727273 0.00866025 0.005 -0.718182 6.12323e-19 0.01 -0.718182 -0.00866025 0.005 -0.718182 -0.00866025 -0.005 -0.718182 -1.83697e-18 -0.01 -0.718182 0.00866025 -0.005 -0.718182 0.01 0 -0.709091 0.005 0.00866025 -0.709091 -0.005 0.00866025 -0.709091 -0.01 1.22465e-18 -0.709091 -0.005 -0.00866025 -0.709091 0.005 -0.00866025 -0.709091 0.00866025 0.005 -0.7 6.12323e-19 0.01 -0.7 -0.00866025 0.005 -0.7 -0.00866025 -0.005 -0.7 -1.83697e-18 -0.01 -0.7 0.00866025 -0.005 -0.7 0.01 0 -0.690909 0.005 0.00866025 -0.690909 -0.005 0.00866025 -0.690909 -0.01 1.22465e-18 -0.690909 -0.005 -0.00866025 -0.690909 0.005 -0.00866025 -0.690909 0.00866025 0.005 -0.681818 6.12323e-19 0.01 -0.681818 -0.00866025 0.005 -0.681818 -0.00866025 -0.005 -0.681818 -1.83697e-18 -0.01 -0.681818 0.00866025 -0.005 -0.681818 0.01 0 -0.672727 0.005 0.00866025 -0.672727 -0.005 0.00866025 -0.672727 -0.01 1.22465e-18 -0.672727 -0.005 -0.00866025 -0.672727 0.005 -0.00866025 -0.672727 0.00866025 0.005 -0.663636 6.12323e-19 0.01 -0.663636 -0.00866025 0.005 -0.663636 -0.00866025 -0.005 -0.663636 -1.83697e-18 -0.01 -0.663636 0.00866025 -0.005 -0.663636 0.01 0 -0.654545 0.005 0.00866025 -0.654545 -0.005 0.00866025 -0.654545 -0.01 1.22465e-18 -0.654545 -0.005 -0.00866025 -0.654545 0.005 -0.00866025 -0.654545 0.00866025 0.005 -0.645455 6.12323e-19 0.01 -0.645455 -0.00866025 0.005 -0.645455 -0.00866025 -0.005 -0.645455 -1.83697e-18 -0.01 -0.645455 0.00866025 -0.005 -0.645455 0.01 0 -0.636364 0.005 0.00866025 -0.636364 -0.005 0.00866025 -0.636364 -0.01 1.22465e-18 -0.636364 -0.005 -0.00866025 -0.636364 0.005 -0.00866025 -0.636364 0.00866025 0.005 -0.627273 6.12323e-19 0.01 -0.627273 -0.00866025 0.005 -0.627273 -0.00866025 -0.005 -0.627273 -1.83697e-18 -0.01 -0.627273 0.00866025 -0.005 -0.627273 0.01 0 -0.618182 0.005 0.00866025 -0.618182 -0.005 0.00866025 -0.618182 -0.01 1.22465e-18 -0.618182 -0.005 -0.00866025 -0.618182 0.005 -0.00866025 -0.618182 0.00866025 0.005 -0.609091 6.12323e-19 0.01 -0.609091 -0.00866025 0.005 -0.609091 -0.00866025 -0.005 -0.609091 -1.83697e-18 -0.01 -0.609091 0.00866025 -0.005 -0.609091 0.01 0 -0.6 0.005 0.00866025 -0.6 -0.005 0.00866025 -0.6 -0.01 1.22465e-18 -0.6 -0.005 -0.00866025 -0.6 0.005 -0.00866025 -0.6 0.00866025 0.005 -0.590909 6.12323e-19 0.01 -0.590909 -0.00866025 0.005 -0.590909 -0.00866025 -0.005 -0.590909 -1.83697e-18 -0.01 -0.590909 0.00866025 -0.005 -0.590909 0.01 0 -0.581818 0.005 0.00866025 -0.581818 -0.005 0.00866025 -0.581818 -0.01 1.22465e-18 -0.581818 -0.005 -0.00866025 -0.581818 0.005 -0.00866025 -0.581818 0.00866025 0.005 -0.572727 6.12323e-19 0.01 -0.572727 -0.00866025 0.005 -0.572727 -0.00866025 -0.005 -0.572727 -1.83697e-18 -0.01 -0.572727 0.00866025 -0.005 -0.572727 0.01 0 -0.563636 0.005 0.00866025 -0.563636 -0.005 0.00866025 -0.563636 -0.01 1.22465e-18 -0.563636 -0.005 -0.00866025 -0.563636 0.005 -0.00866025 -0.563636 0.00866025 0.005 -0.554545 6.12323e-19 0.01 -0.554545 -0.00866025 0.005 -0.554545 -0.00866025 -0.005 -0.554545 -1.83697e-18 -0.01 -0.554545 0.00866025 -0.005 -0.554545 0.01 0 -0.545455 0.005 0.00866025 -0.545455 -0.005 0.00866025 -0.545455 -0.01 1.22465e-18 -0.545455 -0.005 -0.00866025 -0.545455 0.005 -0.00866025 -0.545455 0.00866025 0.005 -0.536364 6.12323e-19 0.01 -0.536364 -0.00866025 0.005 -0.536364 -0.00866025 -0.005 -0.536364 -1.83697e-18 -0.01 -0.536364 0.00866025 -0.005 -0.536364 0.01 0 -0.527273 0.005 0.00866025 -0.527273 -0.005 0.00866025 -0.527273 -0.01 1.22465e-18 -0.527273 -0.005 -0.00866025 -0.527273 0.005 -0.00866025 -0.527273 0.00866025 0.005 -0.518182 6.12323e-19 0.01 -0.518182 -0.00866025 0.005 -0.518182 -0.00866025 -0.005 -0.518182 -1.83697e-18 -0.01 -0.518182 0.00866025 -0.005 -0.518182 0.01 0 -0.509091 0.005 0.00866025 -0.509091 -0.005 0.00866025 -0.509091 -0.01 1.22465e-18 -0.509091 -0.005 -0.00866025 -0.509091 0.005 -0.00866025 -0.509091 0.00866025 0.005 -0.5 6.12323e-19 0.01 -0.5 -0.00866025 0.005 -0.5 -0.00866025 -0.005 -0.5 -1.83697e-18 -0.01 -0.5 0.00866025 -0.005 -0.5 0.01 0 -0.490909 0.005 0.00866025 -0.490909 -0.005 0.00866025 -0.490909 -0.01 1.22465e-18 -0.490909 -0.005 -0.00866025 -0.490909 0.005 -0.00866025 -0.490909 0.00866025 0.005 -0.481818 6.12323e-19 0.01 -0.481818 -0.00866025 0.005 -0.481818 -0.00866025 -0.005 -0.481818 -1.83697e-18 -0.01 -0.481818 0.00866025 -0.005 -0.481818 0.01 0 -0.472727 0.005 0.00866025 -0.472727 -0.005 0.00866025 -0.472727 -0.01 1.22465e-18 -0.472727 -0.005 -0.00866025 -0.472727 0.005 -0.00866025 -0.472727 0.00866025 0.005 -0.463636 6.12323e-19 0.01 -0.463636 -0.00866025 0.005 -0.463636 -0.00866025 -0.005 -0.463636 -1.83697e-18 -0.01 -0.463636 0.00866025 -0.005 -0.463636 0.01 0 -0.454545 0.005 0.00866025 -0.454545 -0.005 0.00866025 -0.454545 -0.01 1.22465e-18 -0.454545 -0.005 -0.00866025 -0.454545 0.005 -0.00866025 -0.454545 0.00866025 0.005 -0.445455 6.12323e-19 0.01 -0.445455 -0.00866025 0.005 -0.445455 -0.00866025 -0.005 -0.445455 -1.83697e-18 -0.01 -0.445455 0.00866025 -0.005 -0.445455 0.01 0 -0.436364 0.005 0.00866025 -0.436364 -0.005 0.00866025 -0.436364 -0.01 1.22465e-18 -0.436364 -0.005 -0.00866025 -0.436364 0.005 -0.00866025 -0.436364 0.00866025 0.005 -0.427273 6.12323e-19 0.01 -0.427273 -0.00866025 0.005 -0.427273 -0.00866025 -0.005 -0.427273 -1.83697e-18 -0.01 -0.427273 0.00866025 -0.005 -0.427273 0.01 0 -0.418182 0.005 0.00866025 -0.418182 -0.005 0.00866025 -0.418182 -0.01 1.22465e-18 -0.418182 -0.005 -0.00866025 -0.418182 0.005 -0.00866025 -0.418182 0.00866025 0.005 -0.409091 6.12323e-19 0.01 -0.409091 -0.00866025 0.005 -0.409091 -0.00866025 -0.005 -0.409091 -1.83697e-18 -0.01 -0.409091 0.00866025 -0.005 -0.409091 0.01 0 -0.4 0.005 0.00866025 -0.4 -0.005 0.00866025 -0.4 -0.01 1.22465e-18 -0.4 -0.005 -0.00866025 -0.4 0.005 -0.00866025 -0.4 0.00866025 0.005 -0.390909 6.12323e-19 0.01 -0.390909 -0.00866025 0.005 -0.390909 -0.00866025 -0.005 -0.390909 -1.83697e-18 -0.01 -0.390909 0.00866025 -0.005 -0.390909 0.01 0 -0.381818 0.005 0.00866025 -0.381818 -0.005 0.00866025 -0.381818 -0.01 1.22465e-18 -0.381818 -0.005 -0.00866025 -0.381818 0.005 -0.00866025 -0.381818 0.00866025 0.005 -0.372727 6.12323e-19 0.01 -0.372727 -0.00866025 0.005 -0.372727 -0.00866025 -0.005 -0.372727 -1.83697e-18 -0.01 -0.372727 0.00866025 -0.005 -0.372727 0.01 0 -0.363636 0.005 0.00866025 -0.363636 -0.005 0.00866025 -0.363636 -0.01 1.22465e-18 -0.363636 -0.005 -0.00866025 -0.363636 0.005 -0.00866025 -0.363636 0.00866025 0.005 -0.354545 6.12323e-19 0.01 -0.354545 -0.00866025 0.005 -0.354545 -0.00866025 -0.005 -0.354545 -1.83697e-18 -0.01 -0.354545 0.00866025 -0.005 -0.354545 0.01 0 -0.345455 0.005 0.00866025 -0.345455 -0.005 0.00866025 -0.345455 -0.01 1.22465e-18 -0.345455 -0.005 -0.00866025 -0.345455 0.005 -0.00866025 -0.345455 0.00866025 0.005 -0.336364 6.12323e-19 0.01 -0.336364 -0.00866025 0.005 -0.336364 -0.00866025 -0.005 -0.336364 -1.83697e-18 -0.01 -0.336364 0.00866025 -0.005 -0.336364 0.01 0 -0.327273 0.005 0.00866025 -0.327273 -0.005 0.00866025 -0.327273 -0.01 1.22465e-18 -0.327273 -0.005 -0.00866025 -0.327273 0.005 -0.00866025 -0.327273 0.00866025 0.005 -0.318182 6.12323e-19 0.01 -0.318182 -0.00866025 0.005 -0.318182 -0.00866025 -0.005 -0.318182 -1.83697e-18 -0.01 -0.318182 0.00866025 -0.005 -0.318182 0.01 0 -0.309091 0.005 0.00866025 -0.309091 -0.005 0.00866025 -0.309091 -0.01 1.22465e-18 -0.309091 -0.005 -0.00866025 -0.309091 0.005 -0.00866025 -0.309091 0.00866025 0.005 -0.3 6.12323e-19 0.01 -0.3 -0.00866025 0.005 -0.3 -0.00866025 -0.005 -0.3 -1.83697e-18 -0.01 -0.3 0.00866025 -0.005 -0.3 0.01 0 -0.290909 0.005 0.00866025 -0.290909 -0.005 0.00866025 -0.290909 -0.01 1.22465e-18 -0.290909 -0.005 -0.00866025 -0.290909 0.005 -0.00866025 -0.290909 0.00866025 0.005 -0.281818 6.12323e-19 0.01 -0.281818 -0.00866025 0.005 -0.281818 -0.00866025 -0.005 -0.281818 -1.83697e-18 -0.01 -0.281818 0.00866025 -0.005 -0.281818 0.01 0 -0.272727 0.005 0.00866025 -0.272727 -0.005 0.00866025 -0.272727 -0.01 1.22465e-18 -0.272727 -0.005 -0.00866025 -0.272727 0.005 -0.00866025 -0.272727 0.00866025 0.005 -0.263636 6.12323e-19 0.01 -0.263636 -0.00866025 0.005 -0.263636 -0.00866025 -0.005 -0.263636 -1.83697e-18 -0.01 -0.263636 0.00866025 -0.005 -0.263636 0.01 0 -0.254545 0.005 0.00866025 -0.254545 -0.005 0.00866025 -0.254545 -0.01 1.22465e-18 -0.254545 -0.005 -0.00866025 -0.254545 0.005 -0.00866025 -0.254545 0.00866025 0.005 -0.245455 6.12323e-19 0.01 -0.245455 -0.00866025 0.005 -0.245455 -0.00866025 -0.005 -0.245455 -1.83697e-18 -0.01 -0.245455 0.00866025 -0.005 -0.245455 0.01 0 -0.236364 0.005 0.00866025 -0.236364 -0.005 0.00866025 -0.236364 -0.01 1.22465e-18 -0.236364 -0.005 -0.00866025 -0.236364 0.005 -0.00866025 -0.236364 0.00866025 0.005 -0.227273 6.12323e-19 0.01 -0.227273 -0.00866025 0.005 -0.227273 -0.00866025 -0.005 -0.227273 -1.83697e-18 -0.01 -0.227273 0.00866025 -0.005 -0.227273 0.01 0 -0.218182 0.005 0.00866025 -0.218182 -0.005 0.00866025 -0.218182 -0.01 1.22465e-18 -0.218182 -0.005 -0.00866025 -0.218182 0.005 -0.00866025 -0.218182 0.00866025 0.005 -0.209091 6.12323e-19 0.01 -0.209091 -0.00866025 0.005 -0.209091 -0.00866025 -0.005 -0.209091 -1.83697e-18 -0.01 -0.209091 0.00866025 -0.005 -0.209091 0.01 0 -0.2 0.005 0.00866025 -0.2 -0.005 0.00866025 -0.2 -0.01 1.22465e-18 -0.2 -0.005 -0.00866025 -0.2 0.005 -0.00866025 -0.2 0.00866025 0.005 -0.190909 6.12323e-19 0.01 -0.190909 -0.00866025 0.005 -0.190909 -0.00866025 -0.005 -0.190909 -1.83697e-18 -0.01 -0.190909 0.00866025 -0.005 -0.190909 0.01 0 -0.181818 0.005 0.00866025 -0.181818 -0.005 0.00866025 -0.181818 -0.01 1.22465e-18 -0.181818 -0.005 -0.00866025 -0.181818 0.005 -0.00866025 -0.181818 0.00866025 0.005 -0.172727 6.12323e-19 0.01 -0.172727 -0.00866025 0.005 -0.172727 -0.00866025 -0.005 -0.172727 -1.83697e-18 -0.01 -0.172727 0.00866025 -0.005 -0.172727 0.01 0 -0.163636 0.005 0.00866025 -0.163636 -0.005 0.00866025 -0.163636 -0.01 1.22465e-18 -0.163636 -0.005 -0.00866025 -0.163636 0.005 -0.00866025 -0.163636 0.00866025 0.005 -0.154545 6.12323e-19 0.01 -0.154545 -0.00866025 0.005 -0.154545 -0.00866025 -0.005 -0.154545 -1.83697e-18 -0.01 -0.154545 0.00866025 -0.005 -0.154545 0.01 0 -0.145455 0.005 0.00866025 -0.145455 -0.005 0.00866025 -0.145455 -0.01 1.22465e-18 -0.145455 -0.005 -0.00866025 -0.145455 0.005 -0.00866025 -0.145455 0.00866025 0.005 -0.136364 6.12323e-19 0.01 -0.136364 -0.00866025 0.005 -0.136364 -0.00866025 -0.005 -0.136364 -1.83697e-18 -0.01 -0.136364 0.00866025 -0.005 -0.136364 0.01 0 -0.127273 0.005 0.00866025 -0.127273 -0.005 0.00866025 -0.127273 -0.01 1.22465e-18 -0.127273 -0.005 -0.00866025 -0.127273 0.005 -0.00866025 -0.127273 0.00866025 0.005 -0.118182 6.12323e-19 0.01 -0.118182 -0.00866025 0.005 -0.118182 -0.00866025 -0.005 -0.118182 -1.83697e-18 -0.01 -0.118182 0.00866025 -0.005 -0.118182 0.01 0 -0.109091 0.005 0.00866025 -0.109091 -0.005 0.00866025 -0.109091 -0.01 1.22465e-18 -0.109091 -0.005 -0.00866025 -0.109091 0.005 -0.00866025 -0.109091 0.00866025 0.005 -0.1 6.12323e-19 0.01 -0.1 -0.00866025 0.005 -0.1 -0.00866025 -0.005 -0.1 -1.83697e-18 -0.01 -0.1 0.00866025 -0.005 -0.1 0.01 0 -0.0909091 0.005 0.00866025 -0.0909091 -0.005 0.00866025 -0.0909091 -0.01 1.22465e-18 -0.0909091 -0.005 -0.00866025 -0.0909091 0.005 -0.00866025 -0.0909091 0.00866025 0.005 -0.0818182 6.12323e-19 0.01 -0.0818182 -0.00866025 0.005 -0.0818182 -0.00866025 -0.005 -0.0818182 -1.83697e-18 -0.01 -0.0818182 0.00866025 -0.005 -0.0818182 0.01 0 -0.0727273 0.005 0.00866025 -0.0727273 -0.005 0.00866025 -0.0727273 -0.01 1.22465e-18 -0.0727273 -0.005 -0.00866025 -0.0727273 0.005 -0.00866025 -0.0727273 0.00866025 0.005 -0.0636364 6.12323e-19 0.01 -0.0636364 -0.00866025 0.005 -0.0636364 -0.00866025 -0.005 -0.0636364 -1.83697e-18 -0.01 -0.0636364 0.00866025 -0.005 -0.0636364 0.01 0 -0.0545455 0.005 0.00866025 -0.0545455 -0.005 0.00866025 -0.0545455 -0.01 1.22465e-18 -0.0545455 -0.005 -0.00866025 -0.0545455 0.005 -0.00866025 -0.0545455 0.00866025 0.005 -0.0454545 6.12323e-19 0.01 -0.0454545 -0.00866025 0.005 -0.0454545 -0.00866025 -0.005 -0.0454545 -1.83697e-18 -0.01 -0.0454545 0.00866025 -0.005 -0.0454545 0.01 0 -0.0363636 0.005 0.00866025 -0.0363636 -0.005 0.00866025 -0.0363636 -0.01 1.22465e-18 -0.0363636 -0.005 -0.00866025 -0.0363636 0.005 -0.00866025 -0.0363636 0.00866025 0.005 -0.0272727 6.12323e-19 0.01 -0.0272727 -0.00866025 0.005 -0.0272727 -0.00866025 -0.005 -0.0272727 -1.83697e-18 -0.01 -0.0272727 0.00866025 -0.005 -0.0272727 0.01 0 -0.0181818 0.005 0.00866025 -0.0181818 -0.005 0.00866025 -0.0181818 -0.01 1.22465e-18 -0.0181818 -0.005 -0.00866025 -0.0181818 0.005 -0.00866025 -0.0181818 0.00866025 0.005 -0.00909091 6.12323e-19 0.01 -0.00909091 -0.00866025 0.005 -0.00909091 -0.00866025 -0.005 -0.00909091 -1.83697e-18 -0.01 -0.00909091 0.00866025 -0.005 -0.00909091 0.01 0 0 0.005 0.00866025 0 -0.005 0.00866025 0 -0.01 1.22465e-18 0 -0.005 -0.00866025 0 0.005 -0.00866025 0 0.00866025 0.005 0.00909091 6.12323e-19 0.01 0.00909091 -0.00866025 0.005 0.00909091 -0.00866025 -0.005 0.00909091 -1.83697e-18 -0.01 0.00909091 0.00866025 -0.005 0.00909091 0.01 0 0.0181818 0.005 0.00866025 0.0181818 -0.005 0.00866025 0.0181818 -0.01 1.22465e-18 0.0181818 -0.005 -0.00866025 0.0181818 0.005 -0.00866025 0.0181818 0.00866025 0.005 0.0272727 6.12323e-19 0.01 0.0272727 -0.00866025 0.005 0.0272727 -0.00866025 -0.005 0.0272727 -1.83697e-18 -0.01 0.0272727 0.00866025 -0.005 0.0272727 0.01 0 0.0363636 0.005 0.00866025 0.0363636 -0.005 0.00866025 0.0363636 -0.01 1.22465e-18 0.0363636 -0.005 -0.00866025 0.0363636 0.005 -0.00866025 0.0363636 0.00866025 0.005 0.0454545 6.12323e-19 0.01 0.0454545 -0.00866025 0.005 0.0454545 -0.00866025 -0.005 0.0454545 -1.83697e-18 -0.01 0.0454545 0.00866025 -0.005 0.0454545 0.01 0 0.0545455 0.005 0.00866025 0.0545455 -0.005 0.00866025 0.0545455 -0.01 1.22465e-18 0.0545455 -0.005 -0.00866025 0.0545455 0.005 -0.00866025 0.0545455 0.00866025 0.005 0.0636364 6.12323e-19 0.01 0.0636364 -0.00866025 0.005 0.0636364 -0.00866025 -0.005 0.0636364 -1.83697e-18 -0.01 0.0636364 0.00866025 -0.005 0.0636364 0.01 0 0.0727273 0.005 0.00866025 0.0727273 -0.005 0.00866025 0.0727273 -0.01 1.22465e-18 0.0727273 -0.005 -0.00866025 0.0727273 0.005 -0.00866025 0.0727273 0.00866025 0.005 0.0818182 6.12323e-19 0.01 0.0818182 -0.00866025 0.005 0.0818182 -0.00866025 -0.005 0.0818182 -1.83697e-18 -0.01 0.0818182 0.00866025 -0.005 0.0818182 0.01 0 0.0909091 0.005 0.00866025 0.0909091 -0.005 0.00866025 0.0909091 -0.01 1.22465e-18 0.0909091 -0.005 -0.00866025 0.0909091 0.005 -0.00866025 0.0909091 0.00866025 0.005 0.1 6.12323e-19 0.01 0.1 -0.00866025 0.005 0.1 -0.00866025 -0.005 0.1 -1.83697e-18 -0.01 0.1 0.00866025 -0.005 0.1 0.01 0 0.109091 0.005 0.00866025 0.109091 -0.005 0.00866025 0.109091 -0.01 1.22465e-18 0.109091 -0.005 -0.00866025 0.109091 0.005 -0.00866025 0.109091 0.00866025 0.005 0.118182 6.12323e-19 0.01 0.118182 -0.00866025 0.005 0.118182 -0.00866025 -0.005 0.118182 -1.83697e-18 -0.01 0.118182 0.00866025 -0.005 0.118182 0.01 0 0.127273 0.005 0.00866025 0.127273 -0.005 0.00866025 0.127273 -0.01 1.22465e-18 0.127273 -0.005 -0.00866025 0.127273 0.005 -0.00866025 0.127273 0.00866025 0.005 0.136364 6.12323e-19 0.01 0.136364 -0.00866025 0.005 0.136364 -0.00866025 -0.005 0.136364 -1.83697e-18 -0.01 0.136364 0.00866025 -0.005 0.136364 0.01 0 0.145455 0.005 0.00866025 0.145455 -0.005 0.00866025 0.145455 -0.01 1.22465e-18 0.145455 -0.005 -0.00866025 0.145455 0.005 -0.00866025 0.145455 0.00866025 0.005 0.154545 6.12323e-19 0.01 0.154545 -0.00866025 0.005 0.154545 -0.00866025 -0.005 0.154545 -1.83697e-18 -0.01 0.154545 0.00866025 -0.005 0.154545 0.01 0 0.163636 0.005 0.00866025 0.163636 -0.005 0.00866025 0.163636 -0.01 1.22465e-18 0.163636 -0.005 -0.00866025 0.163636 0.005 -0.00866025 0.163636 0.00866025 0.005 0.172727 6.12323e-19 0.01 0.172727 -0.00866025 0.005 0.172727 -0.00866025 -0.005 0.172727 -1.83697e-18 -0.01 0.172727 0.00866025 -0.005 0.172727 0.01 0 0.181818 0.005 0.00866025 0.181818 -0.005 0.00866025 0.181818 -0.01 1.22465e-18 0.181818 -0.005 -0.00866025 0.181818 0.005 -0.00866025 0.181818 0.00866025 0.005 0.190909 6.12323e-19 0.01 0.190909 -0.00866025 0.005 0.190909 -0.00866025 -0.005 0.190909 -1.83697e-18 -0.01 0.190909 0.00866025 -0.005 0.190909 0.01 0 0.2 0.005 0.00866025 0.2 -0.005 0.00866025 0.2 -0.01 1.22465e-18 0.2 -0.005 -0.00866025 0.2 0.005 -0.00866025 0.2 0.00866025 0.005 0.209091 6.12323e-19 0.01 0.209091 -0.00866025 0.005 0.209091 -0.00866025 -0.005 0.209091 -1.83697e-18 -0.01 0.209091 0.00866025 -0.005 0.209091 0.01 0 0.218182 0.005 0.00866025 0.218182 -0.005 0.00866025 0.218182 -0.01 1.22465e-18 0.218182 -0.005 -0.00866025 0.218182 0.005 -0.00866025 0.218182 0.00866025 0.005 0.227273 6.12323e-19 0.01 0.227273 -0.00866025 0.005 0.227273 -0.00866025 -0.005 0.227273 -1.83697e-18 -0.01 0.227273 0.00866025 -0.005 0.227273 0.01 0 0.236364 0.005 0.00866025 0.236364 -0.005 0.00866025 0.236364 -0.01 1.22465e-18 0.236364 -0.005 -0.00866025 0.236364 0.005 -0.00866025 0.236364 0.00866025 0.005 0.245455 6.12323e-19 0.01 0.245455 -0.00866025 0.005 0.245455 -0.00866025 -0.005 0.245455 -1.83697e-18 -0.01 0.245455 0.00866025 -0.005 0.245455 0.01 0 0.254545 0.005 0.00866025 0.254545 -0.005 0.00866025 0.254545 -0.01 1.22465e-18 0.254545 -0.005 -0.00866025 0.254545 0.005 -0.00866025 0.254545 0.00866025 0.005 0.263636 6.12323e-19 0.01 0.263636 -0.00866025 0.005 0.263636 -0.00866025 -0.005 0.263636 -1.83697e-18 -0.01 0.263636 0.00866025 -0.005 0.263636 0.01 0 0.272727 0.005 0.00866025 0.272727 -0.005 0.00866025 0.272727 -0.01 1.22465e-18 0.272727 -0.005 -0.00866025 0.272727 0.005 -0.00866025 0.272727 0.00866025 0.005 0.281818 6.12323e-19 0.01 0.281818 -0.00866025 0.005 0.281818 -0.00866025 -0.005 0.281818 -1.83697e-18 -0.01 0.281818 0.00866025 -0.005 0.281818 0.01 0 0.290909 0.005 0.00866025 0.290909 -0.005 0.00866025 0.290909 -0.01 1.22465e-18 0.290909 -0.005 -0.00866025 0.290909 0.005 -0.00866025 0.290909 0.00866025 0.005 0.3 6.12323e-19 0.01 0.3 -0.00866025 0.005 0.3 -0.00866025 -0.005 0.3 -1.83697e-18 -0.01 0.3 0.00866025 -0.005 0.3 0.01 0 0.309091 0.005 0.00866025 0.309091 -0.005 0.00866025 0.309091 -0.01 1.22465e-18 0.309091 -0.005 -0.00866025 0.309091 0.005 -0.00866025 0.309091 0.00866025 0.005 0.318182 6.12323e-19 0.01 0.318182 -0.00866025 0.005 0.318182 -0.00866025 -0.005 0.318182 -1.83697e-18 -0.01 0.318182 0.00866025 -0.005 0.318182 0.01 0 0.327273 0.005 0.00866025 0.327273 -0.005 0.00866025 0.327273 -0.01 1.22465e-18 0.327273 -0.005 -0.00866025 0.327273 0.005 -0.00866025 0.327273 0.00866025 0.005 0.336364 6.12323e-19 0.01 0.336364 -0.00866025 0.005 0.336364 -0.00866025 -0.005 0.336364 -1.83697e-18 -0.01 0.336364 0.00866025 -0.005 0.336364 0.01 0 0.345455 0.005 0.00866025 0.345455 -0.005 0.00866025 0.345455 -0.01 1.22465e-18 0.345455 -0.005 -0.00866025 0.345455 0.005 -0.00866025 0.345455 0.00866025 0.005 0.354545 6.12323e-19 0.01 0.354545 -0.00866025 0.005 0.354545 -0.00866025 -0.005 0.354545 -1.83697e-18 -0.01 0.354545 0.00866025 -0.005 0.354545 0.01 0 0.363636 0.005 0.00866025 0.363636 -0.005 0.00866025 0.363636 -0.01 1.22465e-18 0.363636 -0.005 -0.00866025 0.363636 0.005 -0.00866025 0.363636 0.00866025 0.005 0.372727 6.12323e-19 0.01 0.372727 -0.00866025 0.005 0.372727 -0.00866025 -0.005 0.372727 -1.83697e-18 -0.01 0.372727 0.00866025 -0.005 0.372727 0.01 0 0.381818 0.005 0.00866025 0.381818 -0.005 0.00866025 0.381818 -0.01 1.22465e-18 0.381818 -0.005 -0.00866025 0.381818 0.005 -0.00866025 0.381818 0.00866025 0.005 0.390909 6.12323e-19 0.01 0.390909 -0.00866025 0.005 0.390909 -0.00866025 -0.005 0.390909 -1.83697e-18 -0.01 0.390909 0.00866025 -0.005 0.390909 0.01 0 0.4 0.005 0.00866025 0.4 -0.005 0.00866025 0.4 -0.01 1.22465e-18 0.4 -0.005 -0.00866025 0.4 0.005 -0.00866025 0.4 0.00866025 0.005 0.409091 6.12323e-19 0.01 0.409091 -0.00866025 0.005 0.409091 -0.00866025 -0.005 0.409091 -1.83697e-18 -0.01 0.409091 0.00866025 -0.005 0.409091 0.01 0 0.418182 0.005 0.00866025 0.418182 -0.005 0.00866025 0.418182 -0.01 1.22465e-18 0.418182 -0.005 -0.00866025 0.418182 0.005 -0.00866025 0.418182 0.00866025 0.005 0.427273 6.12323e-19 0.01 0.427273 -0.00866025 0.005 0.427273 -0.00866025 -0.005 0.427273 -1.83697e-18 -0.01 0.427273 0.00866025 -0.005 0.427273 0.01 0 0.436364 0.005 0.00866025 0.436364 -0.005 0.00866025 0.436364 -0.01 1.22465e-18 0.436364 -0.005 -0.00866025 0.436364 0.005 -0.00866025 0.436364 0.00866025 0.005 0.445455 6.12323e-19 0.01 0.445455 -0.00866025 0.005 0.445455 -0.00866025 -0.005 0.445455 -1.83697e-18 -0.01 0.445455 0.00866025 -0.005 0.445455 0.01 0 0.454545 0.005 0.00866025 0.454545 -0.005 0.00866025 0.454545 -0.01 1.22465e-18 0.454545 -0.005 -0.00866025 0.454545 0.005 -0.00866025 0.454545 0.00866025 0.005 0.463636 6.12323e-19 0.01 0.463636 -0.00866025 0.005 0.463636 -0.00866025 -0.005 0.463636 -1.83697e-18 -0.01 0.463636 0.00866025 -0.005 0.463636 0.01 0 0.472727 0.005 0.00866025 0.472727 -0.005 0.00866025 0.472727 -0.01 1.22465e-18 0.472727 -0.005 -0.00866025 0.472727 0.005 -0.00866025 0.472727 0.00866025 0.005 0.481818 6.12323e-19 0.01 0.481818 -0.00866025 0.005 0.481818 -0.00866025 -0.005 0.481818 -1.83697e-18 -0.01 0.481818 0.00866025 -0.005 0.481818 0.01 0 0.490909 0.005 0.00866025 0.490909 -0.005 0.00866025 0.490909 -0.01 1.22465e-18 0.490909 -0.005 -0.00866025 0.490909 0.005 -0.00866025 0.490909 0.00866025 0.005 0.5 6.12323e-19 0.01 0.5 -0.00866025 0.005 0.5 -0.00866025 -0.005 0.5 -1.83697e-18 -0.01 0.5 0.00866025 -0.005 0.5 0.01 0 0.509091 0.005 0.00866025 0.509091 -0.005 0.00866025 0.509091 -0.01 1.22465e-18 0.509091 -0.005 -0.00866025 0.509091 0.005 -0.00866025 0.509091 0.00866025 0.005 0.518182 6.12323e-19 0.01 0.518182 -0.00866025 0.005 0.518182 -0.00866025 -0.005 0.518182 -1.83697e-18 -0.01 0.518182 0.00866025 -0.005 0.518182 0.01 0 0.527273 0.005 0.00866025 0.527273 -0.005 0.00866025 0.527273 -0.01 1.22465e-18 0.527273 -0.005 -0.00866025 0.527273 0.005 -0.00866025 0.527273 0.00866025 0.005 0.536364 6.12323e-19 0.01 0.536364 -0.00866025 0.005 0.536364 -0.00866025 -0.005 0.536364 -1.83697e-18 -0.01 0.536364 0.00866025 -0.005 0.536364 0.01 0 0.545455 0.005 0.00866025 0.545455 -0.005 0.00866025 0.545455 -0.01 1.22465e-18 0.545455 -0.005 -0.00866025 0.545455 0.005 -0.00866025 0.545455 0.00866025 0.005 0.554545 6.12323e-19 0.01 0.554545 -0.00866025 0.005 0.554545 -0.00866025 -0.005 0.554545 -1.83697e-18 -0.01 0.554545 0.00866025 -0.005 0.554545 0.01 0 0.563636 0.005 0.00866025 0.563636 -0.005 0.00866025 0.563636 -0.01 1.22465e-18 0.563636 -0.005 -0.00866025 0.563636 0.005 -0.00866025 0.563636 0.00866025 0.005 0.572727 6.12323e-19 0.01 0.572727 -0.00866025 0.005 0.572727 -0.00866025 -0.005 0.572727 -1.83697e-18 -0.01 0.572727 0.00866025 -0.005 0.572727 0.01 0 0.581818 0.005 0.00866025 0.581818 -0.005 0.00866025 0.581818 -0.01 1.22465e-18 0.581818 -0.005 -0.00866025 0.581818 0.005 -0.00866025 0.581818 0.00866025 0.005 0.590909 6.12323e-19 0.01 0.590909 -0.00866025 0.005 0.590909 -0.00866025 -0.005 0.590909 -1.83697e-18 -0.01 0.590909 0.00866025 -0.005 0.590909 0.01 0 0.6 0.005 0.00866025 0.6 -0.005 0.00866025 0.6 -0.01 1.22465e-18 0.6 -0.005 -0.00866025 0.6 0.005 -0.00866025 0.6 0.00866025 0.005 0.609091 6.12323e-19 0.01 0.609091 -0.00866025 0.005 0.609091 -0.00866025 -0.005 0.609091 -1.83697e-18 -0.01 0.609091 0.00866025 -0.005 0.609091 0.01 0 0.618182 0.005 0.00866025 0.618182 -0.005 0.00866025 0.618182 -0.01 1.22465e-18 0.618182 -0.005 -0.00866025 0.618182 0.005 -0.00866025 0.618182 0.00866025 0.005 0.627273 6.12323e-19 0.01 0.627273 -0.00866025 0.005 0.627273 -0.00866025 -0.005 0.627273 -1.83697e-18 -0.01 0.627273 0.00866025 -0.005 0.627273 0.01 0 0.636364 0.005 0.00866025 0.636364 -0.005 0.00866025 0.636364 -0.01 1.22465e-18 0.636364 -0.005 -0.00866025 0.636364 0.005 -0.00866025 0.636364 0.00866025 0.005 0.645455 6.12323e-19 0.01 0.645455 -0.00866025 0.005 0.645455 -0.00866025 -0.005 0.645455 -1.83697e-18 -0.01 0.645455 0.00866025 -0.005 0.645455 0.01 0 0.654545 0.005 0.00866025 0.654545 -0.005 0.00866025 0.654545 -0.01 1.22465e-18 0.654545 -0.005 -0.00866025 0.654545 0.005 -0.00866025 0.654545 0.00866025 0.005 0.663636 6.12323e-19 0.01 0.663636 -0.00866025 0.005 0.663636 -0.00866025 -0.005 0.663636 -1.83697e-18 -0.01 0.663636 0.00866025 -0.005 0.663636 0.01 0 0.672727 0.005 0.00866025 0.672727 -0.005 0.00866025 0.672727 -0.01 1.22465e-18 0.672727 -0.005 -0.00866025 0.672727 0.005 -0.00866025 0.672727 0.00866025 0.005 0.681818 6.12323e-19 0.01 0.681818 -0.00866025 0.005 0.681818 -0.00866025 -0.005 0.681818 -1.83697e-18 -0.01 0.681818 0.00866025 -0.005 0.681818 0.01 0 0.690909 0.005 0.00866025 0.690909 -0.005 0.00866025 0.690909 -0.01 1.22465e-18 0.690909 -0.005 -0.00866025 0.690909 0.005 -0.00866025 0.690909 0.00866025 0.005 0.7 6.12323e-19 0.01 0.7 -0.00866025 0.005 0.7 -0.00866025 -0.005 0.7 -1.83697e-18 -0.01 0.7 0.00866025 -0.005 0.7 0.01 0 0.709091 0.005 0.00866025 0.709091 -0.005 0.00866025 0.709091 -0.01 1.22465e-18 0.709091 -0.005 -0.00866025 0.709091 0.005 -0.00866025 0.709091 0.00866025 0.005 0.718182 6.12323e-19 0.01 0.718182 -0.00866025 0.005 0.718182 -0.00866025 -0.005 0.718182 -1.83697e-18 -0.01 0.718182 0.00866025 -0.005 0.718182 0.01 0 0.727273 0.005 0.00866025 0.727273 -0.005 0.00866025 0.727273 -0.01 1.22465e-18 0.727273 -0.005 -0.00866025 0.727273 0.005 -0.00866025 0.727273 0.00866025 0.005 0.736364 6.12323e-19 0.01 0.736364 -0.00866025 0.005 0.736364 -0.00866025 -0.005 0.736364 -1.83697e-18 -0.01 0.736364 0.00866025 -0.005 0.736364 0.01 0 0.745455 0.005 0.00866025 0.745455 -0.005 0.00866025 0.745455 -0.01 1.22465e-18 0.745455 -0.005 -0.00866025 0.745455 0.005 -0.00866025 0.745455 0.00866025 0.005 0.754545 6.12323e-19 0.01 0.754545 -0.00866025 0.005 0.754545 -0.00866025 -0.005 0.754545 -1.83697e-18 -0.01 0.754545 0.00866025 -0.005 0.754545 0.01 0 0.763636 0.005 0.00866025 0.763636 -0.005 0.00866025 0.763636 -0.01 1.22465e-18 0.763636 -0.005 -0.00866025 0.763636 0.005 -0.00866025 0.763636 0.00866025 0.005 0.772727 6.12323e-19 0.01 0.772727 -0.00866025 0.005 0.772727 -0.00866025 -0.005 0.772727 -1.83697e-18 -0.01 0.772727 0.00866025 -0.005 0.772727 0.01 0 0.781818 0.005 0.00866025 0.781818 -0.005 0.00866025 0.781818 -0.01 1.22465e-18 0.781818 -0.005 -0.00866025 0.781818 0.005 -0.00866025 0.781818 0.00866025 0.005 0.790909 6.12323e-19 0.01 0.790909 -0.00866025 0.005 0.790909 -0.00866025 -0.005 0.790909 -1.83697e-18 -0.01 0.790909 0.00866025 -0.005 0.790909 0.01 0 0.8 0.005 0.00866025 0.8 -0.005 0.00866025 0.8 -0.01 1.22465e-18 0.8 -0.005 -0.00866025 0.8 0.005 -0.00866025 0.8 0.00866025 0.005 0.809091 6.12323e-19 0.01 0.809091 -0.00866025 0.005 0.809091 -0.00866025 -0.005 0.809091 -1.83697e-18 -0.01 0.809091 0.00866025 -0.005 0.809091 0.01 0 0.818182 0.005 0.00866025 0.818182 -0.005 0.00866025 0.818182 -0.01 1.22465e-18 0.818182 -0.005 -0.00866025 0.818182 0.005 -0.00866025 0.818182 0.00866025 0.005 0.827273 6.12323e-19 0.01 0.827273 -0.00866025 0.005 0.827273 -0.00866025 -0.005 0.827273 -1.83697e-18 -0.01 0.827273 0.00866025 -0.005 0.827273 0.01 0 0.836364 0.005 0.00866025 0.836364 -0.005 0.00866025 0.836364 -0.01 1.22465e-18 0.836364 -0.005 -0.00866025 0.836364 0.005 -0.00866025 0.836364 0.00866025 0.005 0.845455 6.12323e-19 0.01 0.845455 -0.00866025 0.005 0.845455 -0.00866025 -0.005 0.845455 -1.83697e-18 -0.01 0.845455 0.00866025 -0.005 0.845455 0.01 0 0.854545 0.005 0.00866025 0.854545 -0.005 0.00866025 0.854545 -0.01 1.22465e-18 0.854545 -0.005 -0.00866025 0.854545 0.005 -0.00866025 0.854545 0.00866025 0.005 0.863636 6.12323e-19 0.01 0.863636 -0.00866025 0.005 0.863636 -0.00866025 -0.005 0.863636 -1.83697e-18 -0.01 0.863636 0.00866025 -0.005 0.863636 0.01 0 0.872727 0.005 0.00866025 0.872727 -0.005 0.00866025 0.872727 -0.01 1.22465e-18 0.872727 -0.005 -0.00866025 0.872727 0.005 -0.00866025 0.872727 0.00866025 0.005 0.881818 6.12323e-19 0.01 0.881818 -0.00866025 0.005 0.881818 -0.00866025 -0.005 0.881818 -1.83697e-18 -0.01 0.881818 0.00866025 -0.005 0.881818 0.01 0 0.890909 0.005 0.00866025 0.890909 -0.005 0.00866025 0.890909 -0.01 1.22465e-18 0.890909 -0.005 -0.00866025 0.890909 0.005 -0.00866025 0.890909 0.00866025 0.005 0.9 6.12323e-19 0.01 0.9 -0.00866025 0.005 0.9 -0.00866025 -0.005 0.9 -1.83697e-18 -0.01 0.9 0.00866025 -0.005 0.9 0.01 0 0.909091 0.005 0.00866025 0.909091 -0.005 0.00866025 0.909091 -0.01 1.22465e-18 0.909091 -0.005 -0.00866025 0.909091 0.005 -0.00866025 0.909091 0.00866025 0.005 0.918182 6.12323e-19 0.01 0.918182 -0.00866025 0.005 0.918182 -0.00866025 -0.005 0.918182 -1.83697e-18 -0.01 0.918182 0.00866025 -0.005 0.918182 0.01 0 0.927273 0.005 0.00866025 0.927273 -0.005 0.00866025 0.927273 -0.01 1.22465e-18 0.927273 -0.005 -0.00866025 0.927273 0.005 -0.00866025 0.927273 0.00866025 0.005 0.936364 6.12323e-19 0.01 0.936364 -0.00866025 0.005 0.936364 -0.00866025 -0.005 0.936364 -1.83697e-18 -0.01 0.936364 0.00866025 -0.005 0.936364 0.01 0 0.945455 0.005 0.00866025 0.945455 -0.005 0.00866025 0.945455 -0.01 1.22465e-18 0.945455 -0.005 -0.00866025 0.945455 0.005 -0.00866025 0.945455 0.00866025 0.005 0.954545 6.12323e-19 0.01 0.954545 -0.00866025 0.005 0.954545 -0.00866025 -0.005 0.954545 -1.83697e-18 -0.01 0.954545 0.00866025 -0.005 0.954545 0.01 0 0.963636 0.005 0.00866025 0.963636 -0.005 0.00866025 0.963636 -0.01 1.22465e-18 0.963636 -0.005 -0.00866025 0.963636 0.005 -0.00866025 0.963636 0.00866025 0.005 0.972727 6.12323e-19 0.01 0.972727 -0.00866025 0.005 0.972727 -0.00866025 -0.005 0.972727 -1.83697e-18 -0.01 0.972727 0.00866025 -0.005 0.972727 0.01 0 0.981818 0.005 0.00866025 0.981818 -0.005 0.00866025 0.981818 -0.01 1.22465e-18 0.981818 -0.005 -0.00866025 0.981818 0.005 -0.00866025 0.981818 0.00866025 0.005 0.990909 6.12323e-19 0.01 0.990909 -0.00866025 0.005 0.990909 -0.00866025 -0.005 0.990909 -1.83697e-18 -0.01 0.990909 0.00866025 -0.005 0.990909 0.01 0 1 0.005 0.00866025 1 -0.005 0.00866025 1 -0.01 1.22465e-18 1 -0.005 -0.00866025 1 0.005 -0.00866025 1 0 0 -1 0.01 0 -1 0.005 0.00866025 -1 -0.005 0.00866025 -1 -0.01 1.22465e-18 -1 -0.005 -0.00866025 -1 0.005 -0.00866025 -1 0 0 1 0.01 0 1 0.005 0.00866025 1 -0.005 0.00866025 1 -0.01 1.22465e-18 1 -0.005 -0.00866025 1 0.005 -0.00866025 1"/>
     <Normal vector="0.998548 0 -0.0538637 0.499274 0.864768 -0.0538636 -0.499274 0.864768 -0.0538636 -0.998548 0 -0.0538637 -0.499274 -0.864768 -0.0538636 0.499274 -0.864768 -0.0538636 0.866025 0.5 0 0 1 0 -0.866025 0.5 0 -0.866025 -0.5 0 0 -1 0 0.866025 -0.5 0 1 0 0 0.5 0.866025 0 -0.5 0.866025 0 -1 0 0 -0.5 -0.866025 0 0.5 -0.866025 0 0.866025 0.5 1.70907e-07 0 1 1.7642e-07 -0.866025 0.5 1.70907e-07 -0.866025 -0.5 1.70907e-07 0 -1 1.7642e-07 0.866025 -0.5 1.70907e-07 1 0 -1.7642e-07 0.5 0.866025 -1.70907e-07 -0.5 0.866025 -1.70907e-07 -1 0 -1.7642e-07 -0.5 -0.866025 -1.70907e-07 0.5 -0.866025 -1.70907e-07 0.866025 0.5 0 0 1 0 -0.866025 0.5 0 -0.866025 -0.5 0 0 -1 0 0.866025 -0.5 0 1 0 0 0.5 0.866025 0 -0.5 0.866025 0 -1 0 0 -0.5 -0.866025 0 0.5 -0.866025 0 0.866025 0.5 0 0 1 0 -0.866025 0.5 0 -0.866025 -0.5 0 0 -1 0 0.866025 -0.5 0 1 0 0 0.5 0.866025 0 -0.5 0.866025 0 -1 0 0 -0.5 -0.866025 0 0.5 -0.866025 0 0.866025 0.5 0 0 1 0 -0.866025 0.5 0 -0.866025 -0.5 0 0 -1 0 0.866025 -0.5 0 1 0 1.7642e-07 0.5 0.866025 1.70907e-07 -0.5 0.866025 1.70907e-07 -1 0 1.7642e-07 -0.5 -0.866025 1.70907e-07 0.5 -0.866025 1.70907e-07 0.866025 0.5 -1.70907e-07 0 1 -1.7642e-07 -0.866025 0.5 -1.70907e-07 -0.866025 -0.5 -1.70907e-07 0 -1 -1.7642e-07 0.866025 -0.5 -1.70907e-07 1 0 0 0.5 0.866025 0 -0.5 0.866025 0 -1 0 0 -0.5 -0.866025 0 0.5 -0.866025 0 0.866025 0.5 0 0 1 0 -0.866025 0.5 0 -0.866025 -0.5 0 0 -1 0 0.866025 -0.5 0 1 0 0 0.5 0.866025 0 -0.5 0.866025 0 -1 0 0 -0.5 -0.866025 0 0.5 -0.866025 0 0.866025 0.5 0 0 1 0 -0.866025 0.5 0 -0.866025 -0.5 0 0 -1 0 0.866025 -0.5 0 1 0 0 0.5 0.866025 0 -0.5 0.866025 0 -1 0 0 -0.5 -0.866025 0 0.5 -0.866025 0 0.866025 0.5 1.70907e-07 0 1 1.7642e-07 -0.866025 0.5 1.70907e-07 -0.866025 -0.5 1.70907e-07 0 -1 1.7642e-07 0.866025 -0.5 1.70907e-07 1 0 -1.7642e-07 0.5 0.866025 -1.70907e-07 -0.5 0.866025 -1.70907e-07 -1 0 -1.7642e-07 -0.5 -0.866025 -1.70907e-07 0.5 -0.866025 -1.70907e-07 0.866025 0.5 0 0 1 0 -0.866025 0.5 0 -0.866025 -0.5 0 0 -1 0 0.866025 -0.5 0 1 0 0 0.5 0.866025 0 -0.5 0.866025 0 -1 0 0 -0.5 -0.866025 0 0.5 -0.866025 0 0.866025 0.5 0 0 1 0 -0.866025 0.5 0 -0.866025 -0.5 0 0 -1 0 0.866025 -0.5 0 1 0 0 0.5 0.866025 0 -0.5 0.866025 0 -1 0 0 -0.5 -0.866025 0 0.5 -0.866025 0 0.866025 0.5 0 0 1 0 -0.866025 0.5 0 -0.866025 -0.5 0 0 -1 0 0.866025 -0.5 0 1 0 1.7642e-07 0.5 0.866025 1.70907e-07 -0.5 0.866025 1.70907e-07 -1 0 1.7642e-07 -0.5 -0.866025 1.70907e-07 0.5 -0.866025 1.70907e-07 0.866025 0.5 -1.70907e-07 0 1 -1.7642e-07 -0.866025 0.5 -1.70907e-07 -0.866025 -0.5 -1.70907e-07 0 -1 -1.7642e-07 0.866025 -0.5 -1.70907e-07 1 0 0 0.5 0.866025 0 -0.5 0.866025 0 -1 0 0 -0.5 -0.866025 0 0.5 -0.866025 0 0.866025 0.5 0 0 1 0 -0.866025 0.5 0 -0.866025 -0.5 0 0 -1 0 0.866025 -0.5 0 1 0 0 0.5 0.866025 0 -0.5 0.866025 0 -1 0 0 -0.5 -0.866025 0 0.5 -0.866025 0 0.866025 0.5 0 0 1 0 -0.866025 0.5 0 -0.866025 -0.5 0 0 -1 0 0.866025 -0.5 0 1 0 1.7642e-07 0.5 0.866025 1.70907e-07 -0.5 0.866025 1.70907e-07 -1 0 1.7642e-07 -0.5 -0.866025 1.70907e-07 0.5 -0.866025 1.70907e-07 0.866025 0.5 -1.70907e-07 0 1 -1.7642e-07 -0.866025 0.5 -1.70907e-07 -0.866025 -0.5 -1.70907e-07 0 -1 -1.7642e-07 0.866025 -0.5 -1.70907e-07 1 0 0 0.5 0.866025 0 -0.5 0.866025 0 -1 0 0 -0.5 -0.866025 0 0.5 -0.866025 0 0.866025 0.5 0 0 1 0 -0.866025 0.5 0 -0.866025 -0.5 0 0 -1 0 0.866025 -0.5 0 1 0 0 0.5 0.866025 0 -0.5 0.866025 0 -1 0 0 -0.5 -0.866025 0 0.5 -0.866025 0 0.866025 0.5 0 0 1 0 -0.866025 0.5 0 -0.866025 -0.5 0 0 -1 0 0.866025 -0.5 0 1 0 0 0.5 0.866025 0 -0.5 0.866025 0 -1 0 0 -0.5 -0.866025 0 0.5 -0.866025 0 0.866025 0.5 1.70907e-07 0 1 1.7642e-07 -0.866025 0.5 1.70907e-07 -0.866025 -0.5 1.70907e-07 0 -1 1.7642e-07 0.866025 -0.5 1.70907e-07 1 0 -1.7642e-07 0.5 0.866025 -1.70907e-07 -0.5 0.866025 -1.70907e-07 -1 0 -1.7642e-07 -0.5 -0.866025 -1.70907e-07 0.5 -0.866025 -1.70907e-07 0.866025 0.5 0 0 1 0 -0.866025 0.5 0 -0.866025 -0.5 0 0 -1 0 0.866025 -0.5 0 1 0 0 0.5 0.866025 0 -0.5 0.866025 0 -1 0 0 -0.5 -0.866025 0 0.5 -0.866025 0 0.866025 0.5 0 0 1 0 -0.866025 0.5 0 -0.866025 -0.5 0 0 -1 0 0.866025 -0.5 0 1 0 0 0.5 0.866025 0 -0.5 0.866025 0 -1 0 0 -0.5 -0.866025 0 0.5 -0.866025 0 0.866025 0.5 0 0 1 0 -0.866025 0.5 0 -0.866025 -0.5 0 0 -1 0 0.866025 -0.5 0 1 0 1.7642e-07 0.5 0.866025 1.70907e-07 -0.5 0.866025 1.70907e-07 -1 0 1.7642e-07 -0.5 -0.866025 1.70907e-07 0.5 -0.866025 1.70907e-07 0.866025 0.5 -1.70907e-07 0 1 -1.7642e-07 -0.866025 0.5 -1.70907e-07 -0.866025 -0.5 -1.70907e-07 0 -1 -1.7642e-07 0.866025 -0.5 -1.70907e-07 1 0 0 0.5 0.866025 0 -0.5 0.866025 0 -1 0 0 -0.5 -0.866025 0 0.5 -0.866025 0 0.866025 0.5 0 0 1 0 -0.866025 0.5 0 -0.866025 -0.5 0 0 -1 0 0.866025 -0.5 0 1 0 0 0.5 0.866025 0 -0.5 0.866025 0 -1 0 0 -0.5 -0.866025 0 0.5 -0.866025 0 0.866025 0.5 0 0 1 0 -0.866025 0.5 0 -0.866025 -0.5 0 0 -1 0 0.866025 -0.5 0 1 0 0 0.5 0.866025 0 -0.5 0.866025 0 -1 0 0 -0.5 -0.866025 0 0.5 -0.866025 0 0.866025 0.5 1.70907e-07 0 1 1.7642e-07 -0.866025 0.5 1.70907e-07 -0.866025 -0.5 1.70907e-07 0 -1 1.7642e-07 0.866025 -0.5 1.70907e-07 1 0 -1.7642e-07 0.5 0.866025 -1.70907e-07 -0.5 0.866025 -1.70907e-07 -1 0 -1.7642e-07 -0.5 -0.866025 -1.70907e-07 0.5 -0.866025 -1.70907e-07 0.866025 0.5 0 0 1 0 -0.866025 0.5 0 -0.866025 -0.5 0 0 -1 0 0.866025 -0.5 0 1 0 0 0.5 0.866025 0 -0.5 0.866025 0 -1 0 0 -0.5 -0.866025 0 0.5 -0.866025 0 0.866025 0.5 0 0 1 0 -0.866025 0.5 0 -0.866025 -0.5 0 0 -1 0 0.866025 -0.5 0 1 0 9.09664e-08 0.5 0.866025 8.82098e-08 -0.5 0.866025 8.82098e-08 -1 0 9.09664e-08 -0.5 -0.866025 8.82098e-08 0.5 -0.866025 8.82098e-08 0.866025 0.5 -8.26967e-08 0 1 -8.54533e-08 -0.866025 0.5 -8.26967e-08 -0.866025 -0.5 -8.26967e-08 0 -1 -8.54533e-08 0.866025 -0.5 -8.26967e-08 1 0 0 0.5 0.866025 0 -0.5 0.866025 0 -1 0 0 -0.5 -0.866025 0 0.5 -0.866025 0 0.866025 0.5 0 0 1 0 -0.866025 0.5 0 -0.866025 -0.5 0 0 -1 0 0.866025 -0.5 0 1 0 9.09664e-08 0.5 0.866025 8.82098e-08 -0.5 0.866025 8.82098e-08 -1 0 9.09664e-08 -0.5 -0.866025 8.82098e-08 0.5 -0.866025 8.82098e-08 0.866025 0.5 -8.26967e-08 0 1 -8.54533e-08 -0.866025 0.5 -8.26967e-08 -0.866025 -0.5 -8.26967e-08 0 -1 -8.54533e-08 0.866025 -0.5 -8.26967e-08 1 0 0 0.5 0.866025 0 -0.5 0.866025 0 -1 0 0 -0.5 -0.866025 0 0.5 -0.866025 0 0.866025 0.5 8.82098e-08 0 1 9.09664e-08 -0.866025 0.5 8.82098e-08 -0.866025 -0.5 8.82098e-08 0 -1 9.09664e-08 0.866025 -0.5 8.82098e-08 1 0 -8.54533e-08 0.5 0.866025 -8.26967e-08 -0.5 0.866025 -8.26967e-08 -1 0 -8.54533e-08 -0.5 -0.866025 -8.26967e-08 0.5 -0.866025 -8.26967e-08 0.866025 0.5 0 0 1 0 -0.866025 0.5 0 -0.866025 -0.5 0 0 -1 0 0.866025 -0.5 0 1 0 0 0.5 0.866025 0 -0.5 0.866025 0 -1 0 0 -0.5 -0.866025 0 0.5 -0.866025 0 0.866025 0.5 8.82098e-08 0 1 9.09664e-08 -0.866025 0.5 8.82098e-08 -0.866025 -0.5 8.82098e-08 0 -1 9.09664e-08 0.866025 -0.5 8.82098e-08 1 0 -8.54533e-08 0.5 0.866025 -8.26967e-08 -0.5 0.866025 -8.26967e-08 -1 0 -8.54533e-08 -0.5 -0.866025 -8.26967e-08 0.5 -0.866025 -8.26967e-08 0.866025 0.5 0 0 1 0 -0.866025 0.5 0 -0.866025 -0.5 0 0 -1 0 0.866025 -0.5 0 1 0 9.09664e-08 0.5 0.866025 8.82098e-08 -0.5 0.866025 8.82098e-08 -1 0 9.09664e-08 -0.5 -0.866025 8.82098e-08 0.5 -0.866025 8.82098e-08 0.866025 0.5 -8.26967e-08 0 1 -8.54533e-08 -0.866025 0.5 -8.26967e-08 -0.866025 -0.5 -8.26967e-08 0 -1 -8.54533e-08 0.866025 -0.5 -8.26967e-08 1 0 0 0.5 0.866025 0 -0.5 0.866025 0 -1 0 0 -0.5 -0.866025 0 0.5 -0.866025 0 0.866025 0.5 8.82098e-08 0 1 9.09664e-08 -0.866025 0.5 8.82098e-08 -0.866025 -0.5 8.82098e-08 0 -1 9.09664e-08 0.866025 -0.5 8.82098e-08 1 0 -8.54533e-08 0.5 0.866025 -8.26967e-08 -0.5 0.866025 -8.26967e-08 -1 0 -8.54533e-08 -0.5 -0.866025 -8.26967e-08 0.5 -0.866025 -8.26967e-08 0.866025 0.5 0 0 1 0 -0.866025 0.5 0 -0.866025 -0.5 0 0 -1 0 0.866025 -0.5 0 1 0 0 0.5 0.866025 0 -0.5 0.866025 0 -1 0 0 -0.5 -0.866025 0 0.5 -0.866025 0 0.866025 0.5 8.82098e-08 0 1 9.09664e-08 -0.866025 0.5 8.82098e-08 -0.866025 -0.5 8.82098e-08 0 -1 9.09664e-08 0.866025 -0.5 8.82098e-08 1 0 -8.54533e-08 0.5 0.866025 -8.26967e-08 -0.5 0.866025 -8.26967e-08 -1 0 -8.54533e-08 -0.5 -0.866025 -8.26967e-08 0.5 -0.866025 -8.26967e-08 0.866025 0.5 0 0 1 0 -0.866025 0.5 0 -0.866025 -0.5 0 0 -1 0 0.866025 -0.5 0 1 0 9.09664e-08 0.5 0.866025 8.82098e-08 -0.5 0.866025 8.82098e-08 -1 0 9.09664e-08 -0.5 -0.866025 8.82098e-08 0.5 -0.866025 8.82098e-08 0.866025 0.5 -8.26967e-08 0 1 -8.54533e-08 -0.866025 0.5 -8.26967e-08 -0.866025 -0.5 -8.26967e-08 0 -1 -8.54533e-08 0.866025 -0.5 -8.26967e-08 1 0 0 0.5 0.866025 0 -0.5 0.866025 0 -1 0 0 -0.5 -0.866025 0 0.5 -0.866025 0 0.866025 0.5 4.41049e-08 0 1 4.41049e-08 -0.866025 0.5 4.41049e-08 -0.866025 -0.5 4.41049e-08 0 -1 4.41049e-08 0.866025 -0.5 4.41049e-08 1 0 -4.41049e-08 0.5 0.866025 -4.41049e-08 -0.5 0.866025 -4.41049e-08 -1 0 -4.41049e-08 -0.5 -0.866025 -4.41049e-08 0.5 -0.866025 -4.41049e-08 0.866025 0.5 4.41049e-08 0 1 4.41049e-08 -0.866025 0.5 4.41049e-08 -0.866025 -0.5 4.41049e-08 0 -1 4.41049e-08 0.866025 -0.5 4.41049e-08 1 0 0 0.5 0.866025 0 -0.5 0.866025 0 -1 0 0 -0.5 -0.866025 0 0.5 -0.866025 0 0.866025 0.5 -4.41049e-08 0 1 -4.41049e-08 -0.866025 0.5 -4.41049e-08 -0.866025 -0.5 -4.41049e-08 0 -1 -4.41049e-08 0.866025 -0.5 -4.41049e-08 1 0 4.41049e-08 0.5 0.866025 4.41049e-08 -0.5 0.866025 4.41049e-08 -1 0 4.41049e-08 -0.5 -0.866025 4.41049e-08 0.5 -0.866025 4.41049e-08 0.866025 0.5 -4.41049e-08 0 1 -4.41049e-08 -0.866025 0.5 -4.41049e-08 -0.866025 -0.5 -4.41049e-08 0 -1 -4.41049e-08 0.866025 -0.5 -4.41049e-08 1 0 4.41049e-08 0.5 0.866025 4.41049e-08 -0.5 0.866025 4.41049e-08 -1 0 4.41049e-08 -0.5 -0.866025 4.41049e-08 0.5 -0.866025 4.41049e-08 0.866025 0.5 0 0 1 0 -0.866025 0.5 0 -0.866025 -0.5 0 0 -1 0 0.866025 -0.5 0 1 0 -4.41049e-08 0.5 0.866025 -4.41049e-08 -0.5 0.866025 -4.41049e-08 -1 0 -4.41049e-08 -0.5 -0.866025 -4.41049e-08 0.5 -0.866025 -4.41049e-08 0.866025 0.5 4.41049e-08 0 1 4.41049e-08 -0.866025 0.5 4.41049e-08 -0.866025 -0.5 4.41049e-08 0 -1 4.41049e-08 0.866025 -0.5 4.41049e-08 1 0 -4.41049e-08 0.5 0.866025 -4.41049e-08 -0.5 0.866025 -4.41049e-08 -1 0 -4.41049e-08 -0.5 -0.866025 -4.41049e-08 0.5 -0.866025 -4.41049e-08 0.866025 0.5 4.41049e-08 0 1 4.41049e-08 -0.866025 0.5 4.41049e-08 -0.866025 -0.5 4.41049e-08 0 -1 4.41049e-08 0.866025 -0.5 4.41049e-08 1 0 -1.92959e-08 0.5 0.866025 -2.75656e-08 -0.5 0.866025 -2.75656e-08 -1 0 -1.92959e-08 -0.5 -0.866025 -2.75656e-08 0.5 -0.866025 -2.75656e-08 0.866025 0.5 -5.51311e-09 0 1 -5.51311e-09 -0.866025 0.5 -5.51311e-09 -0.866025 -0.5 -5.51311e-09 0 -1 -5.51311e-09 0.866025 -0.5 -5.51311e-09 1 0 -5.51311e-09 0.5 0.866025 -5.51311e-09 -0.5 0.866025 -5.51311e-09 -1 0 -5.51311e-09 -0.5 -0.866025 -5.51311e-09 0.5 -0.866025 -5.51311e-09 0.866025 0.5 -5.51311e-09 0 1 -5.51311e-09 -0.866025 0.5 -5.51311e-09 -0.866025 -0.5 -5.51311e-09 0 -1 -5.51311e-09 0.866025 -0.5 -5.51311e-09 1 0 1.37828e-08 0.5 0.866025 2.20525e-08 -0.5 0.866025 2.20525e-08 -1 0 1.37828e-08 -0.5 -0.866025 2.20525e-08 0.5 -0.866025 2.20525e-08 0.866025 0.5 -2.75656e-08 0 1 -1.92959e-08 -0.866025 0.5 -2.75656e-08 -0.866025 -0.5 -2.75656e-08 0 -1 -1.92959e-08 0.866025 -0.5 -2.75656e-08 1 0 -5.51311e-09 0.5 0.866025 -5.51311e-09 -0.5 0.866025 -5.51311e-09 -1 0 -5.51311e-09 -0.5 -0.866025 -5.51311e-09 0.5 -0.866025 -5.51311e-09 0.866025 0.5 -5.51311e-09 0 1 -5.51311e-09 -0.866025 0.5 -5.51311e-09 -0.866025 -0.5 -5.51311e-09 0 -1 -5.51311e-09 0.866025 -0.5 -5.51311e-09 1 0 -5.51311e-09 0.5 0.866025 -5.51311e-09 -0.5 0.866025 -5.51311e-09 -1 0 -5.51311e-09 -0.5 -0.866025 -5.51311e-09 0.5 -0.866025 -5.51311e-09 0.866025 0.5 8.26967e-09 0 1 5.51311e-09 -0.866025 0.5 8.26967e-09 -0.866025 -0.5 8.26967e-09 0 -1 5.51311e-09 0.866025 -0.5 8.26967e-09 1 0 -1.10262e-08 0.5 0.866025 -1.37828e-08 -0.5 0.866025 -1.37828e-08 -1 0 -1.10262e-08 -0.5 -0.866025 -1.37828e-08 0.5 -0.866025 -1.37828e-08 0.866025 0.5 8.26967e-09 0 1 -2.75656e-09 -0.866025 0.5 8.26967e-09 -0.866025 -0.5 8.26967e-09 0 -1 -2.75656e-09 0.866025 -0.5 8.26967e-09 1 0 5.51311e-09 0.5 0.866025 -2.75656e-09 -0.5 0.866025 -2.75656e-09 -1 0 5.51311e-09 -0.5 -0.866025 -2.75656e-09 0.5 -0.866025 -2.75656e-09 0.866025 0.5 0 0 1 0 -0.866025 0.5 0 -0.866025 -0.5 0 0 -1 0 0.866025 -0.5 0 1 0 0 0.5 0.866025 0 -0.5 0.866025 0 -1 0 0 -0.5 -0.866025 0 0.5 -0.866025 0 0.866025 0.5 0 0 1 0 -0.866025 0.5 0 -0.866025 -0.5 0 0 -1 0 0.866025 -0.5 0 1 0 0 0.5 0.866025 8.26967e-09 -0.5 0.866025 8.26967e-09 -1 0 0 -0.5 -0.866025 8.26967e-09 0.5 -0.866025 8.26967e-09 0.866025 0.5 -8.26967e-09 0 1 2.75656e-09 -0.866025 0.5 -8.26967e-09 -0.866025 -0.5 -8.26967e-09 0 -1 2.75656e-09 0.866025 -0.5 -8.26967e-09 1 0 5.51311e-09 0.5 0.866025 8.26967e-09 -0.5 0.866025 8.26967e-09 -1 0 5.51311e-09 -0.5 -0.866025 8.26967e-09 0.5 -0.866025 8.26967e-09 0.866025 0.5 -1.37828e-08 0 1 -1.10262e-08 -0.866025 0.5 -1.37828e-08 -0.866025 -0.5 -1.37828e-08 0 -1 -1.10262e-08 0.866025 -0.5 -1.37828e-08 1 0 -5.51311e-09 0.5 0.866025 -5.51311e-09 -0.5 0.866025 -5.51311e-09 -1 0 -5.51311e-09 -0.5 -0.866025 -5.51311e-09 0.5 -0.866025 -5.51311e-09 0.866025 0.5 -5.51311e-09 0 1 -5.51311e-09 -0.866025 0.5 -5.51311e-09 -0.866025 -0.5 -5.51311e-09 0 -1 -5.51311e-09 0.866025 -0.5 -5.51311e-09 1 0 -5.51311e-09 0.5 0.866025 -5.51311e-09 -0.5 0.866025 -5.51311e-09 -1 0 -5.51311e-09 -0.5 -0.866025 -5.51311e-09 0.5 -0.866025 -5.51311e-09 0.866025 0.5 2.20525e-08 0 1 1.37828e-08 -0.866025 0.5 2.20525e-08 -0.866025 -0.5 2.20525e-08 0 -1 1.37828e-08 0.866025 -0.5 2.20525e-08 1 0 -1.92959e-08 0.5 0.866025 -2.75656e-08 -0.5 0.866025 -2.75656e-08 -1 0 -1.92959e-08 -0.5 -0.866025 -2.75656e-08 0.5 -0.866025 -2.75656e-08 0.866025 0.5 -5.51311e-09 0 1 -5.51311e-09 -0.866025 0.5 -5.51311e-09 -0.866025 -0.5 -5.51311e-09 0 -1 -5.51311e-09 0.866025 -0.5 -5.51311e-09 1 0 -5.51311e-09 0.5 0.866025 -5.51311e-09 -0.5 0.866025 -5.51311e-09 -1 0 -5.51311e-09 -0.5 -0.866025 -5.51311e-09 0.5 -0.866025 -5.51311e-09 0.866025 0.5 -5.51311e-09 0 1 -5.51311e-09 -0.866025 0.5 -5.51311e-09 -0.866025 -0.5 -5.51311e-09 0 -1 -5.51311e-09 0.866025 -0.5 -5.51311e-09 1 0 1.37828e-08 0.5 0.866025 2.20525e-08 -0.5 0.866025 2.20525e-08 -1 0 1.37828e-08 -0.5 -0.866025 2.20525e-08 0.5 -0.866025 2.20525e-08 0.866025 0.5 -4.41049e-08 0 1 -4.41049e-08 -0.866025 0.5 -4.41049e-08 -0.866025 -0.5 -4.41049e-08 0 -1 -4.41049e-08 0.866025 -0.5 -4.41049e-08 1 0 4.41049e-08 0.5 0.866025 4.41049e-08 -0.5 0.866025 4.41049e-08 -1 0 4.41049e-08 -0.5 -0.866025 4.41049e-08 0.5 -0.866025 4.41049e-08 0.866025 0.5 -4.41049e-08 0 1 -4.41049e-08 -0.866025 0.5 -4.41049e-08 -0.866025 -0.5 -4.41049e-08 0 -1 -4.41049e-08 0.866025 -0.5 -4.41049e-08 1 0 4.41049e-08 0.5 0.866025 4.41049e-08 -0.5 0.866025 4.41049e-08 -1 0 4.41049e-08 -0.5 -0.866025 4.41049e-08 0.5 -0.866025 4.41049e-08 0.866025 0.5 0 0 1 0 -0.866025 0.5 0 -0.866025 -0.5 0 0 -1 0 0.866025 -0.5 0 1 0 -4.41049e-08 0.5 0.866025 -4.41049e-08 -0.5 0.866025 -4.41049e-08 -1 0 -4.41049e-08 -0.5 -0.866025 -4.41049e-08 0.5 -0.866025 -4.41049e-08 0.866025 0.5 4.41049e-08 0 1 4.41049e-08 -0.866025 0.5 4.41049e-08 -0.866025 -0.5 4.41049e-08 0 -1 4.41049e-08 0.866025 -0.5 4.41049e-08 1 0 -4.41049e-08 0.5 0.866025 -4.41049e-08 -0.5 0.866025 -4.41049e-08 -1 0 -4.41049e-08 -0.5 -0.866025 -4.41049e-08 0.5 -0.866025 -4.41049e-08 0.866025 0.5 4.41049e-08 0 1 4.41049e-08 -0.866025 0.5 4.41049e-08 -0.866025 -0.5 4.41049e-08 0 -1 4.41049e-08 0.866025 -0.5 4.41049e-08 1 0 0 0.5 0.866025 0 -0.5 0.866025 0 -1 0 0 -0.5 -0.866025 0 0.5 -0.866025 0 0.866025 0.5 -4.41049e-08 0 1 -4.41049e-08 -0.866025 0.5 -4.41049e-08 -0.866025 -0.5 -4.41049e-08 0 -1 -4.41049e-08 0.866025 -0.5 -4.41049e-08 1 0 4.41049e-08 0.5 0.866025 4.41049e-08 -0.5 0.866025 4.41049e-08 -1 0 4.41049e-08 -0.5 -0.866025 4.41049e-08 0.5 -0.866025 4.41049e-08 0.866025 0.5 -4.41049e-08 0 1 -4.41049e-08 -0.866025 0.5 -4.41049e-08 -0.866025 -0.5 -4.41049e-08 0 -1 -4.41049e-08 0.866025 -0.5 -4.41049e-08 1 0 0 0.5 0.866025 0 -0.5 0.866025 0 -1 0 0 -0.5 -0.866025 0 0.5 -0.866025 0 0.866025 0.5 8.82098e-08 0 1 9.09664e-08 -0.866025 0.5 8.82098e-08 -0.866025 -0.5 8.82098e-08 0 -1 9.09664e-08 0.866025 -0.5 8.82098e-08 1 0 -8.54533e-08 0.5 0.866025 -8.26967e-08 -0.5 0.866025 -8.26967e-08 -1 0 -8.54533e-08 -0.5 -0.866025 -8.26967e-08 0.5 -0.866025 -8.26967e-08 0.866025 0.5 0 0 1 0 -0.866025 0.5 0 -0.866025 -0.5 0 0 -1 0 0.866025 -0.5 0 1 0 9.09664e-08 0.5 0.866025 8.82098e-08 -0.5 0.866025 8.82098e-08 -1 0 9.09664e-08 -0.5 -0.866025 8.82098e-08 0.5 -0.866025 8.82098e-08 0.866025 0.5 -8.26967e-08 0 1 -8.54533e-08 -0.866025 0.5 -8.26967e-08 -0.866025 -0.5 -8.26967e-08 0 -1 -8.54533e-08 0.866025 -0.5 -8.26967e-08 1 0 0 0.5 0.866025 0 -0.5 0.866025 0 -1 0 0 -0.5 -0.866025 0 0.5 -0.866025 0 0.866025 0.5 0 0 1 0 -0.866025 0.5 0 -0.866025 -0.5 0 0 -1 0 0.866025 -0.5 0 1 0 9.09664e-08 0.5 0.866025 8.82098e-08 -0.5 0.866025 8.82098e-08 -1 0 9.09664e-08 -0.5 -0.866025 8.82098e-08 0.5 -0.866025 8.82098e-08 0.866025 0.5 -8.26967e-08 0 1 -8.54533e-08 -0.866025 0.5 -8.26967e-08 -0.866025 -0.5 -8.26967e-08 0 -1 -8.54533e-08 0.866025 -0.5 -8.26967e-08 1 0 0 0.5 0.866025 0 -0.5 0.866025 0 -1 0 0 -0.5 -0.866025 0 0.5 -0.866025 0 0.866025 0.5 8.82098e-08 0 1 9.09664e-08 -0.866025 0.5 8.82098e-08 -0.866025 -0.5 8.82098e-08 0 -1 9.09664e-08 0.866025 -0.5 8.82098e-08 1 0 -8.54533e-08 0.5 0.866025 -8.26967e-08 -0.5 0.866025 -8.26967e-08 -1 0 -8.54533e-08 -0.5 -0.866025 -8.26967e-08 0.5 -0.866025 -8.26967e-08 0.866025 0.5 0 0 1 0 -0.866025 0.5 0 -0.866025 -0.5 0 0 -1 0 0.866025 -0.5 0 1 0 9.09664e-08 0.5 0.866025 8.82098e-08 -0.5 0.866025 8.82098e-08 -1 0 9.09664e-08 -0.5 -0.866025 8.82098e-08 0.5 -0.866025 8.82098e-08 0.866025 0.5 -8.26967e-08 0 1 -8.54533e-08 -0.866025 0.5 -8.26967e-08 -0.866025 -0.5 -8.26967e-08 0 -1 -8.54533e-08 0.866025 -0.5 -8.26967e-08 1 0 0 0.5 0.866025 0 -0.5 0.866025 0 -1 0 0 -0.5 -0.866025 0 0.5 -0.866025 0 0.866025 0.5 0 0 1 0 -0.866025 0.5 0 -0.866025 -0.5 0 0 -1 0 0.866025 -0.5 0 1 0 9.09664e-08 0.5 0.866025 8.82098e-08 -0.5 0.866025 8.82098e-08 -1 0 9.09664e-08 -0.5 -0.866025 8.82098e-08 0.5 -0.866025 8.82098e-08 0.866025 0.5 -8.26967e-08 0 1 -8.54533e-08 -0.866025 0.5 -8.26967e-08 -0.866025 -0.5 -8.26967e-08 0 -1 -8.54533e-08 0.866025 -0.5 -8.26967e-08 1 0 0 0.5 0.866025 0 -0.5 0.866025 0 -1 0 0 -0.5 -0.866025 0 0.5 -0.866025 0 0.866025 0.5 8.82098e-08 0 1 9.09664e-08 -0.866025 0.5 8.82098e-08 -0.866025 -0.5 8.82098e-08 0 -1 9.09664e-08 0.866025 -0.5 8.82098e-08 1 0 -8.54533e-08 0.5 0.866025 -8.26967e-08 -0.5 0.866025 -8.26967e-08 -1 0 -8.54533e-08 -0.5 -0.866025 -8.26967e-08 0.5 -0.866025 -8.26967e-08 0.866025 0.5 0 0 1 0 -0.866025 0.5 0 -0.866025 -0.5 0 0 -1 0 0.866025 -0.5 0 1 0 0 0.5 0.866025 0 -0.5 0.866025 0 -1 0 0 -0.5 -0.866025 0 0.5 -0.866025 0 0.866025 0.5 8.82098e-08 0 1 9.09664e-08 -0.866025 0.5 8.82098e-08 -0.866025 -0.5 8.82098e-08 0 -1 9.09664e-08 0.866025 -0.5 8.82098e-08 1 0 -8.54533e-08 0.5 0.866025 -8.26967e-08 -0.5 0.866025 -8.26967e-08 -1 0 -8.54533e-08 -0.5 -0.866025 -8.26967e-08 0.5 -0.866025 -8.26967e-08 0.866025 0.5 0 0 1 0 -0.866025 0.5 0 -0.866025 -0.5 0 0 -1 0 0.866025 -0.5 0 1 0 0 0.5 0.866025 0 -0.5 0.866025 0 -1 0 0 -0.5 -0.866025 0 0.5 -0.866025 0 0.866025 0.5 0 0 1 0 -0.866025 0.5 0 -0.866025 -0.5 0 0 -1 0 0.866025 -0.5 0 1 0 1.7642e-07 0.5 0.866025 1.70907e-07 -0.5 0.866025 1.70907e-07 -1 0 1.7642e-07 -0.5 -0.866025 1.70907e-07 0.5 -0.866025 1.70907e-07 0.866025 0.5 -1.70907e-07 0 1 -1.7642e-07 -0.866025 0.5 -1.70907e-07 -0.866025 -0.5 -1.70907e-07 0 -1 -1.7642e-07 0.866025 -0.5 -1.70907e-07 1 0 0 0.5 0.866025 0 -0.5 0.866025 0 -1 0 0 -0.5 -0.866025 0 0.5 -0.866025 0 0.866025 0.5 0 0 1 0 -0.866025 0.5 0 -0.866025 -0.5 0 0 -1 0 0.866025 -0.5 0 1 0 0 0.5 0.866025 0 -0.5 0.866025 0 -1 0 0 -0.5 -0.866025 0 0.5 -0.866025 0 0.866025 0.5 0 0 1 0 -0.866025 0.5 0 -0.866025 -0.5 0 0 -1 0 0.866025 -0.5 0 1 0 0 0.5 0.866025 0 -0.5 0.866025 0 -1 0 0 -0.5 -0.866025 0 0.5 -0.866025 0 0.866025 0.5 1.70907e-07 0 1 1.7642e-07 -0.866025 0.5 1.70907e-07 -0.866025 -0.5 1.70907e-07 0 -1 1.7642e-07 0.866025 -0.5 1.70907e-07 1 0 -1.7642e-07 0.5 0.866025 -1.70907e-07 -0.5 0.866025 -1.70907e-07 -1 0 -1.7642e-07 -0.5 -0.866025 -1.70907e-07 0.5 -0.866025 -1.70907e-07 0.866025 0.5 0 0 1 0 -0.866025 0.5 0 -0.866025 -0.5 0 0 -1 0 0.866025 -0.5 0 1 0 0 0.5 0.866025 0 -0.5 0.866025 0 -1 0 0 -0.5 -0.866025 0 0.5 -0.866025 0 0.866025 0.5 0 0 1 0 -0.866025 0.5 0 -0.866025 -0.5 0 0 -1 0 0.866025 -0.5 0 1 0 0 0.5 0.866025 0 -0.5 0.866025 0 -1 0 0 -0.5 -0.866025 0 0.5 -0.866025 0 0.866025 0.5 0 0 1 0 -0.866025 0.5 0 -0.866025 -0.5 0 0 -1 0 0.866025 -0.5 0 1 0 1.7642e-07 0.5 0.866025 1.70907e-07 -0.5 0.866025 1.70907e-07 -1 0 1.7642e-07 -0.5 -0.866025 1.70907e-07 0.5 -0.866025 1.70907e-07 0.866025 0.5 -1.70907e-07 0 1 -1.7642e-07 -0.866025 0.5 -1.70907e-07 -0.866025 -0.5 -1.70907e-07 0 -1 -1.7642e-07 0.866025 -0.5 -1.70907e-07 1 0 0 0.5 0.866025 0 -0.5 0.866025 0 -1 0 0 -0.5 -0.866025 0 0.5 -0.866025 0 0.866025 0.5 0 0 1 0 -0.866025 0.5 0 -0.866025 -0.5 0 0 -1 0 0.866025 -0.5 0 1 0 0 0.5 0.866025 0 -0.5 0.866025 0 -1 0 0 -0.5 -0.866025 0 0.5 -0.866025 0 0.866025 0.5 0 0 1 0 -0.866025 0.5 0 -0.866025 -0.5 0 0 -1 0 0.866025 -0.5 0 1 0 0 0.5 0.866025 0 -0.5 0.866025 0 -1 0 0 -0.5 -0.866025 0 0.5 -0.866025 0 0.866025 0.5 1.70907e-07 0 1 1.7642e-07 -0.866025 0.5 1.70907e-07 -0.866025 -0.5 1.70907e-07 0 -1 1.7642e-07 0.866025 -0.5 1.70907e-07 1 0 -1.7642e-07 0.5 0.866025 -1.70907e-07 -0.5 0.866025 -1.70907e-07 -1 0 -1.7642e-07 -0.5 -0.866025 -1.70907e-07 0.5 -0.866025 -1.70907e-07 0.866025 0.5 0 0 1 0 -0.866025 0.5 0 -0.866025 -0.5 0 0 -1 0 0.866025 -0.5 0 1 0 0 0.5 0.866025 0 -0.5 0.866025 0 -1 0 0 -0.5 -0.866025 0 0.5 -0.866025 0 0.866025 0.5 0 0 1 0 -0.866025 0.5 0 -0.866025 -0.5 0 0 -1 0 0.866025 -0.5 0 1 0 0 0.5 0.866025 0 -0.5 0.866025 0 -1 0 0 -0.5 -0.866025 0 0.5 -0.866025 0 0.866025 0.5 1.70907e-07 0 1 1.7642e-07 -0.866025 0.5 1.70907e-07 -0.866025 -0.5 1.70907e-07 0 -1 1.7642e-07 0.866025 -0.5 1.70907e-07 1 0 -1.7642e-07 0.5 0.866025 -1.70907e-07 -0.5 0.866025 -1.70907e-07 -1 0 -1.7642e-07 -0.5 -0.866025 -1.70907e-07 0.5 -0.866025 -1.70907e-07 0.866025 0.5 0 0 1 0 -0.866025 0.5 0 -0.866025 -0.5 0 0 -1 0 0.866025 -0.5 0 1 0 0 0.5 0.866025 0 -0.5 0.866025 0 -1 0 0 -0.5 -0.866025 0 0.5 -0.866025 0 0.866025 0.5 0 0 1 0 -0.866025 0.5 0 -0.866025 -0.5 0 0 -1 0 0.866025 -0.5 0 1 0 0 0.5 0.866025 0 -0.5 0.866025 0 -1 0 0 -0.5 -0.866025 0 0.5 -0.866025 0 0.866025 0.5 0 0 1 0 -0.866025 0.5 0 -0.866025 -0.5 0 0 -1 0 0.866025 -0.5 0 1 0 1.7642e-07 0.5 0.866025 1.70907e-07 -0.5 0.866025 1.70907e-07 -1 0 1.7642e-07 -0.5 -0.866025 1.70907e-07 0.5 -0.866025 1.70907e-07 0.866025 0.5 -1.70907e-07 0 1 -1.7642e-07 -0.866025 0.5 -1.70907e-07 -0.866025 -0.5 -1.70907e-07 0 -1 -1.7642e-07 0.866025 -0.5 -1.70907e-07 1 0 0 0.5 0.866025 0 -0.5 0.866025 0 -1 0 0 -0.5 -0.866025 0 0.5 -0.866025 0 0.866025 0.5 0 0 1 0 -0.866025 0.5 0 -0.866025 -0.5 0 0 -1 0 0.866025 -0.5 0 1 0 0 0.5 0.866025 0 -0.5 0.866025 0 -1 0 0 -0.5 -0.866025 0 0.5 -0.866025 0 0.866025 0.5 0 0 1 0 -0.866025 0.5 0 -0.866025 -0.5 0 0 -1 0 0.866025 -0.5 0 1 0 0 0.5 0.866025 0 -0.5 0.866025 0 -1 0 0 -0.5 -0.866025 0 0.5 -0.866025 0 0.866025 0.5 1.70907e-07 0 1 1.7642e-07 -0.866025 0.5 1.70907e-07 -0.866025 -0.5 1.70907e-07 0 -1 1.7642e-07 0.866025 -0.5 1.70907e-07 1 0 -1.7642e-07 0.5 0.866025 -1.70907e-07 -0.5 0.866025 -1.70907e-07 -1 0 -1.7642e-07 -0.5 -0.866025 -1.70907e-07 0.5 -0.866025 -1.70907e-07 0.866025 0.5 0 0 1 0 -0.866025 0.5 0 -0.866025 -0.5 0 0 -1 0 0.866025 -0.5 0 1 0 0 0.5 0.866025 0 -0.5 0.866025 0 -1 0 0 -0.5 -0.866025 0 0.5 -0.866025 0 0.866025 0.5 0 0 1 0 -0.866025 0.5 0 -0.866025 -0.5 0 0 -1 0 0.866025 -0.5 0 1 0 0 0.5 0.866025 0 -0.5 0.866025 0 -1 0 0 -0.5 -0.866025 0 0.5 -0.866025 0 0.866025 0.5 0 0 1 0 -0.866025 0.5 0 -0.866025 -0.5 0 0 -1 0 0.866025 -0.5 0 1 0 1.7642e-07 0.5 0.866025 1.70907e-07 -0.5 0.866025 1.70907e-07 -1 0 1.7642e-07 -0.5 -0.866025 1.70907e-07 0.5 -0.866025 1.70907e-07 0.866025 0.5 -1.70907e-07 0 1 -1.7642e-07 -0.866025 0.5 -1.70907e-07 -0.866025 -0.5 -1.70907e-07 0 -1 -1.7642e-07 0.866025 -0.5 -1.70907e-07 1 0 0 0.5 0.866025 0 -0.5 0.866025 0 -1 0 0 -0.5 -0.866025 0 0.5 -0.866025 0 0.866025 0.5 0 0 1 0 -0.866025 0.5 0 -0.866025 -0.5 0 0 -1 0 0.866025 -0.5 0 0.998548 0 0.0538637 0.499274 0.864768 0.0538636 -0.499274 0.864768 0.0538636 -0.998548 0 0.0538637 -0.499274 -0.864768 0.0538636 0.499274 -0.864768 0.0538636 0 0 -1 0 0 -1 0 0 -1 0 0 -1 0 0 -1 0 0 -1 0 0 -1 0 0 1 0 0 1 0 0 1 0 0 1 0 0 1 0 0 1 0 0 1"/>
    </IndexedTriangleSet>
   </Shape>
  </Transform>
  </Group>
  <Group>
  <Transform rotation="0 0 1 0" translation="0 0 0">
   <Shape>
    <Appearance USE='ap2'/>
    <IndexedTriangleSet DEF='its5' index="0 1 6 1 7 6 1 2 7 2 8 7 2 3 8 3 9 8 3 4 9 4 10 9 4 5 10 5 11 10 5 0 11 0 6 11 6 7 13 6 13 12 7 8 14 7 14 13 8 9 15 8 15 14 9 10 16 9 16 15 10 11 17 10 17 16 11 6 12 11 12 17 12 13 18 13 19 18 13 14 19 14 20 19 14 15 20 15 21 20 15 16 21 16 22 21 16 17 22 17 23 22 17 12 23 12 18 23 24 26 25 24 27 26 24 28 27 24 29 28 24 30 29 24 25 30 31 32 33 31 33 34 31 34 35 31 35 36 31 36 37 31 37 32" solid="false" colorPerVertex="false">
     <Coordinate point="1 0 -0.03 1 0.0259808 -0.015 1 0.0259808 0.015 1 3.67394e-18 0.03 1 -0.0259808 0.015 1 -0.0259808 -0.015 1.03333 0.01 -0.0173205 1.03333 0.02 -1.22465e-18 1.03333 0.01 0.0173205 1.03333 -0.01 0.0173205 1.03333 -0.02 3.67394e-18 1.03333 -0.01 -0.0173205 1.06667 0 -0.01 1.06667 0.00866025 -0.005 1.06667 0.00866025 0.005 1.06667 1.22465e-18 0.01 1.06667 -0.00866025 0.005 1.06667 -0.00866025 -0.005 1.1 0 0 1.1 0 0 1.1 0 0 1.1 0 0 1.1 0 0 1.1 0 0 1 0 0 1 0 -0.03 1 0.0259808 -0.015 1 0.0259808 0.015 1 3.67394e-18 0.03 1 -0.0259808 0.015 1 -0.0259808 -0.015 1.1 0 0 1.1 0 0 1.1 0 0 1.1 0 0 1.1 0 0 1.1 0 0 1.1 0 0"/>
     <Normal vector="0.259327 0 -0.96579 0.259327 0.836398 -0.482895 0.259327 0.836398 0.482895 0.259327 0 0.96579 0.259327 -0.836398 0.482895 0.259327 -0.836398 -0.482895 0.298397 0.477221 -0.826571 0.298397 0.954442 0 0.298397 0.477221 0.826571 0.298397 -0.477221 0.826571 0.298397 -0.954442 0 0.298397 -0.477221 -0.826571 0.302324 0 -0.953205 0.302324 0.8255 -0.476603 0.302324 0.8255 0.476603 0.302324 0 0.953205 0.302324 -0.8255 0.476603 0.302324 -0.8255 -0.476603 0.25146 0.483934 -0.838198 0.25146 0.967868 0 0.25146 0.483934 0.838198 0.25146 -0.483934 0.838198 0.25146 -0.967868 0 0.25146 -0.483934 -0.838198 -1 0 0 -1 0 0 -1 0 0 -1 0 0 -1 0 0 -1 0 0 -1 0 0 1 0 0 1 0 0 1 0 0 1 0 0 1 0 0 1 0 0 1 0 0"/>
    </IndexedTriangleSet>
   </Shape>
  </Transform>
  </Group>
  <Group>
  <Transform rotation="0 0 1 0" translation="0 0 0">
   <Shape>
    <Appearance USE='ap3'/>
    <IndexedTriangleSet DEF='its6' index="0 1 6 1 7 6 1 2 7 2 8 7 2 3 8 3 9 8 3 4 9 4 10 9 4 5 10 5 11 10 5 0 11 0 6 11 6 7 13 6 13 12 7 8 14 7 14 13 8 9 15 8 15 14 9 10 16 9 16 15 10 11 17 10 17 16 11 6 12 11 12 17 12 13 18 13 19 18 13 14 19 14 20 19 14 15 20 15 21 20 15 16 21 16 22 21 16 17 22 17 23 22 17 12 23 12 18 23 24 26 25 24 27 26 24 28 27 24 29 28 24 30 29 24 25 30 31 32 33 31 33 34 31 34 35 31 35 36 31 36 37 31 37 32" solid="false" colorPerVertex="false">
     <Coordinate point="0.03 1 0 0.015 1 -0.0259808 -0.015 1 -0.0259808 -0.03 1 -3.67394e-18 -0.015 1 0.0259808 0.015 1 0.0259808 0.0173205 1.03333 -0.01 1.22465e-18 1.03333 -0.02 -0.0173205 1.03333 -0.01 -0.0173205 1.03333 0.01 -3.67394e-18 1.03333 0.02 0.0173205 1.03333 0.01 0.01 1.06667 0 0.005 1.06667 -0.00866025 -0.005 1.06667 -0.00866025 -0.01 1.06667 -1.22465e-18 -0.005 1.06667 0.00866025 0.005 1.06667 0.00866025 0 1.1 0 0 1.1 0 0 1.1 0 0 1.1 0 0 1.1 0 0 1.1 0 0 1 0 0.03 1 0 0.015 1 -0.0259808 -0.015 1 -0.0259808 -0.03 1 -3.67394e-18 -0.015 1 0.0259808 0.015 1 0.0259808 0 1.1 0 0 1.1 0 0 1.1 0 0 1.1 0 0 1.1 0 0 1.1 0 0 1.1 0"/>
     <Normal vector="0.96579 0.259327 0 0.482895 0.259327 -0.836398 -0.482895 0.259327 -0.836398 -0.96579 0.259327 0 -0.482895 0.259327 0.836398 0.482895 0.259327 0.836398 0.826571 0.298397 -0.477221 0 0.298397 -0.954442 -0.826571 0.298397 -0.477221 -0.826571 0.298397 0.477221 0 0.298397 0.954442 0.826571 0.298397 0.477221 0.953205 0.302324 0 0.476603 0.302324 -0.8255 -0.476603 0.302324 -0.8255 -0.953205 0.302324 0 -0.476603 0.302324 0.8255 0.476603 0.302324 0.8255 0.838198 0.25146 -0.483934 0 0.25146 -0.967868 -0.838198 0.25146 -0.483934 -0.838198 0.25146 0.483934 0 0.25146 0.967868 0.838198 0.25146 0.483934 0 -1 0 0 -1 0 0 -1 0 0 -1 0 0 -1 0 0 -1 0 0 -1 0 1 0 0 1 0 0 1 0 0 1 0 0 1 0 0 1 0 0 1 0 0"/>
    </IndexedTriangleSet>
   </Shape>
  </Transform>
  </Group>
  <Group>
  <Transform rotation="0 0 1 0" translation="0 0 0">
   <Shape>
    <Appearance USE='ap4'/>
    <IndexedTriangleSet DEF='its7' index="0 1 6 1 7 6 1 2 7 2 8 7 2 3 8 3 9 8 3 4 9 4 10 9 4 5 10 5 11 10 5 0 11 0 6 11 6 7 13 6 13 12 7 8 14 7 14 13 8 9 15 8 15 14 9 10 16 9 16 15 10 11 17 10 17 16 11 6 12 11 12 17 12 13 18 13 19 18 13 14 19 14 20 19 14 15 20 15 21 20 15 16 21 16 22 21 16 17 22 17 23 22 17 12 23 12 18 23 24 26 25 24 27 26 24 28 27 24 29 28 24 30 29 24 25 30 31 32 33 31 33 34 31 34 35 31 35 36 31 36 37 31 37 32" solid="false" colorPerVertex="false">
     <Coordinate point="0.03 0 1 0.015 0.0259808 1 -0.015 0.0259808 1 -0.03 3.67394e-18 1 -0.015 -0.0259808 1 0.015 -0.0259808 1 0.0173205 0.01 1.03333 1.22465e-18 0.02 1.03333 -0.0173205 0.01 1.03333 -0.0173205 -0.01 1.03333 -3.67394e-18 -0.02 1.03333 0.0173205 -0.01 1.03333 0.01 0 1.06667 0.005 0.00866025 1.06667 -0.005 0.00866025 1.06667 -0.01 1.22465e-18 1.06667 -0.005 -0.00866025 1.06667 0.005 -0.00866025 1.06667 0 0 1.1 0 0 1.1 0 0 1.1 0 0 1.1 0 0 1.1 0 0 1.1 0 0 1 0.03 0 1 0.015 0.0259808 1 -0.015 0.0259808 1 -0.03 3.67394e-18 1 -0.015 -0.0259808 1 0.015 -0.0259808 1 0 0 1.1 0 0 1.1 0 0 1.1 0 0 1.1 0 0 1.1 0 0 1.1 0 0 1.1"/>
     <Normal vector="0.96579 0 0.259327 0.482895 0.836398 0.259327 -0.482895 0.836398 0.259327 -0.96579 0 0.259327 -0.482895 -0.836398 0.259327 0.482895 -0.836398 0.259327 0.826571 0.477221 0.298397 0 0.954442 0.298397 -0.826571 0.477221 0.298397 -0.826571 -0.477221 0.298397 0 -0.954442 0.298397 0.826571 -0.477221 0.298397 0.953205 0 0.302324 0.476603 0.8255 0.302324 -0.476603 0.8255 0.302324 -0.953205 0 0.302324 -0.476603 -0.8255 0.302324 0.476603 -0.8255 0.302324 0.838198 0.483934 0.25146 0 0.967868 0.25146 -0.838198 0.483934 0.25146 -0.838198 -0.483934 0.25146 0 -0.967868 0.25146 0.838198 -0.483934 0.25146 0 0 -1 0 0 -1 0 0 -1 0 0 -1 0 0 -1 0 0 -1 0 0 -1 1 0 0 1 0 0 1 0 0 1 0 0 1 0 0 1 0 0 1 0 0"/>
    </IndexedTriangleSet>
   </Shape>
  </Transform>
  </Group>
 </Scene>
</X3D>
