<?xml version='1.0' encoding='UTF-8'?>
<X3D version='3.3' profile='Interchange'
 xmlns:xsd='http://www.w3.org/2001/XMLSchema-instance'
 xsd:noNamespaceSchemaLocation='http://www.web3d.org/specifications/x3d-3.3.xsd'>
 <head>
  <unit category='length' name='ångström' conversionFactor='1e-10'/>
  <meta name="generator" content="UCSF-ChimeraX/1.2 (Windows 10.0.19041), http://www.rbvi.ucsf.edu/chimerax/"/>
  <meta name="created" content="2026-07-29T14:29:36.426788+00:00Z"/>
  <meta name="creator" content="grsou"/>
  <meta name="dateCopyrighted" content="© 2026 grsou"/>
  <meta name="ChimeraX-commit" content="c899b5336ed08abd3ca5e0ddaaf0e382729be282"/>
  <meta name="ChimeraX-date" content="2021-05-24 04:13:57 UTC"/>
  <meta name="ChimeraX-branch" content="release/v1.2"/>
 </head>
 <Scene>
  <Viewpoint centerOfRotation="0.05 0.05 0.05" fieldOfView="0.523599" orientation="0 0 1 0" position="0.05 0.05 4.61794"/>
  <NavigationInfo type='"EXAMINE" "ANY"' headlight='true'/>
  <Background skyColor='1 1 1' transparency='0'/>
  <Group>
  <Transform rotation="0 0 1 0" translation="0 0 0">
   <Shape>
    <Appearance DEF='ap0'>
     <Material ambientIntensity='1' diffuseColor='1 0.666667 0' specularColor='0.85 0.85 0.85' shininess='0.234375' transparency='0'/>
    </Appearance>
    <IndexedTriangleSet DEF='its0' index="4 1 0 3 4 0 2 22 23 0 22 2 3 0 2 15 0 1 15 13 0 22 0 13 1 26 25 5 26 1 4 5 1 25 15 1 38 3 2 38 40 3 38 2 31 31 2 23 40 4 3 40 42 4 42 5 4 42 44 5 44 33 5 33 26 5 14 7 6 12 14 6 11 66 67 6 66 11 12 6 11 57 6 7 57 55 6 66 6 55 16 8 7 14 16 7 59 7 8 59 57 7 17 9 8 16 17 8 61 8 9 61 59 8 9 70 69 18 70 9 17 18 9 69 61 9 21 11 10 20 21 10 74 20 10 74 79 20 67 10 11 67 64 10 74 10 64 24 12 11 21 24 11 22 13 24 24 13 14 24 14 12 13 15 14 15 16 14 15 25 16 16 25 27 16 27 17 28 18 17 27 28 17 29 19 18 28 29 18 72 18 19 72 70 18 19 81 76 19 29 81 76 72 19 32 21 20 30 32 20 79 30 20 79 85 30 31 23 32 32 23 24 32 24 21 23 22 24 27 25 26 26 33 27 27 33 34 27 34 28 35 29 28 34 35 28 29 87 81 29 35 87 37 32 30 36 37 30 85 36 30 85 91 36 38 31 39 39 31 32 39 32 37 33 44 34 34 44 45 34 45 46 47 35 34 46 47 34 35 93 87 35 47 93 48 98 97 36 98 48 37 36 48 98 36 91 49 39 37 48 49 37 40 38 41 38 39 41 50 41 39 49 50 39 42 40 43 40 41 43 51 43 41 50 51 41 44 42 45 42 43 45 52 45 43 51 52 43 53 46 45 52 53 45 47 100 101 53 100 47 46 53 47 101 93 47 105 49 48 105 107 49 105 48 97 107 50 49 107 109 50 109 51 50 109 111 51 111 52 51 111 113 52 113 53 52 113 115 53 115 100 53 66 55 68 68 55 56 68 56 54 65 128 129 54 128 65 68 54 65 119 54 56 119 118 54 128 54 118 55 57 56 57 58 56 121 56 58 121 119 56 57 59 58 59 60 58 123 58 60 123 121 58 59 61 60 61 62 60 125 60 62 125 123 60 61 69 62 62 69 71 62 71 63 127 62 63 127 125 62 63 132 131 73 132 63 71 73 63 131 127 63 75 134 135 75 65 134 74 65 75 64 65 74 64 67 65 67 68 65 134 65 129 67 66 68 71 69 70 70 72 71 72 73 71 138 76 77 138 72 76 137 72 138 73 72 137 137 132 73 79 74 80 74 75 80 78 140 141 75 140 78 80 75 78 140 75 135 82 77 81 77 76 81 77 144 143 83 144 77 82 83 77 143 138 77 86 80 78 84 86 78 146 84 78 146 150 84 146 78 141 85 79 86 79 80 86 88 82 87 82 81 87 89 83 82 88 89 82 83 152 148 83 89 152 148 144 83 92 86 84 90 92 84 150 90 84 150 154 90 91 85 92 85 86 92 94 88 93 88 87 93 95 89 88 94 95 88 89 156 152 89 95 156 96 159 158 90 159 96 92 90 96 159 90 154 98 91 99 99 91 92 99 92 96 93 101 94 94 101 102 94 102 103 95 161 162 103 161 95 94 103 95 162 156 95 104 165 164 96 165 104 99 96 104 165 96 158 97 98 99 105 97 106 106 97 99 106 99 104 102 101 100 100 115 102 102 115 116 102 116 117 103 167 168 117 167 103 102 117 103 168 161 103 170 106 104 170 171 106 170 104 164 107 105 108 105 106 108 171 108 106 171 173 108 109 107 110 107 108 110 173 110 108 173 175 110 111 109 112 109 110 112 175 112 110 175 177 112 113 111 114 111 112 114 177 114 112 177 179 114 115 113 116 113 114 116 179 116 114 179 181 116 181 117 116 181 183 117 183 167 117 118 130 128 188 130 118 191 188 118 120 190 119 119 190 191 119 191 118 119 121 120 121 122 120 185 120 122 185 184 120 190 120 184 121 123 122 123 124 122 186 122 124 186 185 122 123 125 124 125 126 124 187 124 126 187 186 124 193 126 194 194 126 125 194 125 127 193 187 126 196 131 133 127 131 196 194 127 196 129 128 130 136 198 199 136 130 198 134 130 136 129 130 134 198 130 188 133 131 132 202 137 139 202 132 137 201 132 202 133 132 201 201 196 133 135 134 136 142 204 205 142 136 204 140 136 142 135 136 140 204 136 199 139 137 138 208 143 145 208 138 143 207 138 208 139 138 207 207 202 139 141 140 142 147 210 211 147 142 210 146 142 147 141 142 146 210 142 205 145 143 144 214 148 149 214 144 148 213 144 214 145 144 213 213 208 145 150 146 151 146 147 151 216 151 147 216 218 151 216 147 211 153 149 152 149 148 152 149 219 217 149 153 219 217 214 149 154 150 155 150 151 155 218 155 151 218 220 155 157 153 156 153 152 156 153 221 219 153 157 221 222 160 223 160 159 223 223 159 155 155 159 154 223 155 220 225 162 163 225 156 162 226 156 225 157 156 226 226 221 157 158 159 160 228 166 229 166 165 229 229 165 160 160 165 158 229 160 222 163 162 161 231 168 169 231 161 168 232 161 231 163 161 232 232 225 163 164 165 166 234 164 166 170 164 234 237 170 234 234 166 228 169 168 167 183 169 167 242 169 183 240 242 183 242 231 169 236 172 237 237 172 171 237 171 170 173 171 174 171 172 174 244 174 172 244 245 174 244 172 236 175 173 176 173 174 176 245 176 174 245 246 176 177 175 178 175 176 178 246 178 176 246 247 178 179 177 180 177 178 180 247 180 178 247 248 180 181 179 182 179 180 182 248 182 180 248 249 182 182 239 181 181 239 240 181 240 183 249 239 182 184 192 190 251 192 184 252 251 184 184 185 253 252 184 253 185 186 255 253 185 255 186 187 257 255 186 257 258 193 195 187 193 258 257 187 258 200 260 261 200 189 260 198 189 200 188 189 198 188 191 189 191 192 189 251 189 192 251 250 189 260 189 250 191 190 192 195 193 194 194 196 195 196 197 195 259 195 197 259 258 195 263 201 203 263 196 201 262 196 263 197 196 262 262 259 197 199 198 200 206 264 265 206 200 264 204 200 206 199 200 204 264 200 261 203 201 202 268 207 209 268 202 207 267 202 268 203 202 267 267 263 203 205 204 206 212 270 271 212 206 270 210 206 212 205 206 210 270 206 265 209 207 208 274 213 215 274 208 213 273 208 274 209 208 273 273 268 209 211 210 212 276 211 212 216 211 276 278 216 276 276 212 271 215 213 214 217 215 214 277 215 217 280 277 217 277 274 215 218 216 278 218 278 282 280 217 219 284 280 219 220 218 282 220 282 286 284 219 221 288 284 221 220 224 223 290 224 220 286 290 220 291 226 227 221 226 291 288 221 291 222 223 224 292 230 293 230 229 293 293 229 224 224 229 222 293 224 290 227 226 225 295 232 233 295 225 232 296 225 295 227 225 296 296 291 227 228 229 230 298 235 299 235 234 299 299 234 230 230 234 228 299 230 292 233 232 231 301 242 243 301 231 242 302 231 301 233 231 302 302 295 233 237 234 238 234 235 238 304 238 235 304 305 238 304 235 298 236 237 238 305 236 238 244 236 305 306 244 305 241 240 239 249 241 239 316 241 249 315 316 249 242 240 243 240 241 243 316 243 241 316 317 243 317 301 243 307 245 244 307 244 306 309 246 245 309 245 307 311 247 246 311 246 309 313 248 247 313 247 311 315 249 248 315 248 313 331 250 320 331 260 250 250 251 321 320 250 321 251 252 323 321 251 323 254 322 253 253 322 323 253 323 252 253 255 254 255 256 254 319 254 256 319 318 254 322 254 318 325 256 326 326 256 255 326 255 257 325 319 256 257 258 328 326 257 328 258 259 329 328 258 329 262 329 259 262 333 329 260 331 261 331 332 261 261 266 264 330 266 261 332 330 261 333 262 334 262 263 334 335 267 269 263 267 335 334 263 335 265 264 266 272 336 337 272 266 336 270 266 272 265 266 270 336 266 330 269 267 268 339 273 275 339 268 273 338 268 339 269 268 338 338 335 269 271 270 272 340 271 272 276 271 340 342 276 340 340 272 337 275 273 274 277 275 274 341 275 277 344 341 277 341 339 275 343 279 342 342 279 278 342 278 276 281 345 280 280 345 344 280 344 277 282 278 283 278 279 283 346 283 279 346 348 283 346 279 343 285 281 284 281 280 284 281 349 347 281 285 349 347 345 281 286 282 287 282 283 287 348 287 283 348 350 287 289 285 288 285 284 288 285 351 349 285 289 351 287 353 286 286 353 352 286 352 290 353 287 350 356 289 355 355 289 288 355 288 291 356 351 289 290 294 293 358 294 290 352 358 290 359 296 297 291 296 359 355 291 359 292 293 294 360 300 361 300 299 361 361 299 294 294 299 292 361 294 358 297 296 295 362 302 303 362 295 302 363 295 362 297 295 363 363 359 297 298 299 300 364 298 300 304 298 364 365 304 364 364 300 360 303 302 301 317 303 301 375 303 317 374 375 317 375 362 303 366 305 304 366 304 365 368 306 305 368 305 366 367 308 368 368 308 307 368 307 306 309 307 310 307 308 310 376 310 308 376 377 310 376 308 367 311 309 312 309 310 312 377 312 310 377 378 312 313 311 314 311 312 314 378 314 312 378 379 314 314 370 313 313 370 371 313 371 315 379 370 314 373 316 315 373 315 371 374 317 316 374 316 373 318 324 322 380 324 318 381 380 318 318 319 382 381 318 382 383 325 327 319 325 383 382 319 383 391 320 384 391 331 320 320 321 386 384 320 386 324 385 323 323 385 386 323 386 321 323 322 324 385 324 380 327 325 326 387 327 388 388 327 326 388 326 328 387 383 327 328 329 389 388 328 389 333 389 329 333 393 389 396 330 390 396 336 330 330 332 392 390 330 392 331 391 332 391 392 332 393 333 394 333 334 394 334 335 395 394 334 395 338 395 335 338 398 395 336 396 337 396 397 337 400 337 397 400 340 337 398 338 399 338 339 399 341 399 339 341 401 399 342 340 400 342 400 402 401 341 344 404 401 344 342 402 343 402 403 343 406 343 403 406 346 343 404 344 405 344 345 405 347 405 345 347 407 405 348 346 406 348 406 408 407 347 349 409 407 349 350 348 408 350 408 410 409 349 351 411 409 351 350 354 353 412 354 350 410 412 350 413 356 357 351 356 413 411 351 413 352 353 354 354 415 352 352 415 414 352 414 358 415 354 412 357 356 355 417 357 416 416 357 355 416 355 359 417 413 357 419 358 414 419 361 358 363 416 359 363 421 416 361 419 360 419 418 360 422 360 418 422 364 360 421 363 420 363 362 420 375 420 362 375 431 420 423 365 364 423 364 422 425 366 365 425 365 423 424 369 425 425 369 368 425 368 366 367 368 369 432 367 369 376 367 432 433 376 432 432 369 424 372 371 370 379 372 370 437 372 379 436 437 379 372 427 371 371 427 428 371 428 373 437 427 372 430 374 373 430 373 428 431 375 374 431 374 430 434 377 376 434 376 433 435 378 377 435 377 434 436 379 378 436 378 435 385 380 444 380 442 444 438 442 380 381 438 380 381 382 439 438 381 439 439 447 445 383 447 439 382 383 439 447 383 387 451 384 440 451 391 384 384 386 441 440 384 441 385 444 386 386 444 443 386 443 441 447 387 446 446 387 388 446 388 448 388 389 449 448 388 449 393 449 389 393 453 449 456 390 450 456 396 390 390 392 452 450 390 452 391 451 392 451 452 392 453 393 454 393 394 454 394 395 455 454 394 455 398 455 395 398 458 455 396 456 397 456 457 397 460 397 457 460 400 397 458 398 459 398 399 459 401 459 399 401 461 459 402 400 460 402 460 462 461 401 404 464 461 404 402 462 403 462 463 403 466 403 463 466 406 403 464 404 465 404 405 465 407 465 405 407 467 465 408 406 466 408 466 468 467 407 409 469 467 409 410 408 468 410 468 470 469 409 411 471 469 411 412 410 470 412 470 472 471 411 413 473 471 413 475 412 472 475 415 412 417 473 413 417 477 473 415 475 414 475 474 414 479 414 474 479 419 414 477 417 476 417 416 476 421 476 416 421 481 476 419 479 418 479 478 418 482 418 478 482 422 418 481 421 480 421 420 480 431 480 420 431 487 480 484 423 422 484 422 482 483 426 484 484 426 425 484 425 423 424 425 426 488 424 426 432 424 488 489 432 488 488 426 483 429 428 427 437 429 427 495 429 437 494 495 437 429 485 428 428 485 486 428 486 430 495 485 429 487 431 430 487 430 486 490 433 432 490 432 489 491 434 433 491 433 490 492 435 434 492 434 491 493 436 435 493 435 492 494 437 436 494 436 493 444 442 443 445 447 446 442 438 499 501 438 439 501 499 438 501 439 445 451 440 507 440 505 507 496 505 440 441 496 440 441 443 497 496 441 497 442 499 443 443 499 498 443 498 497 501 445 500 500 445 446 500 446 502 446 448 503 502 446 503 503 510 508 449 510 503 448 449 503 510 449 453 456 450 514 450 512 514 504 512 450 452 504 450 451 507 452 452 507 506 452 506 504 510 453 509 509 453 454 509 454 511 511 517 515 455 517 511 454 455 511 517 455 458 520 457 518 457 456 518 518 456 513 513 456 514 460 457 520 516 523 521 516 459 523 517 459 516 458 459 517 523 459 461 524 520 519 460 520 524 462 460 524 461 522 523 525 522 461 464 525 461 528 463 526 526 463 462 526 462 524 466 463 528 465 531 464 464 531 529 464 529 525 531 465 467 532 528 527 466 528 532 468 466 532 467 530 531 533 530 467 469 533 467 470 468 532 470 532 534 533 469 471 535 533 471 472 470 534 472 534 536 535 471 473 537 535 473 539 472 536 539 475 472 477 537 473 477 541 537 475 539 474 539 538 474 543 474 538 543 479 474 541 477 540 477 476 540 481 540 476 481 545 540 479 543 478 543 542 478 546 478 542 546 482 478 545 481 544 481 480 544 487 544 480 487 551 544 548 484 482 548 482 546 484 548 483 548 547 483 552 483 547 552 488 483 550 486 549 486 485 549 495 549 485 495 559 549 551 487 486 551 486 550 553 489 488 553 488 552 554 490 489 554 489 553 555 491 490 555 490 554 556 492 491 556 491 555 557 493 492 557 492 556 558 494 493 558 493 557 559 495 494 559 494 558 499 501 498 501 500 498 507 505 506 508 510 509 514 512 513 515 517 516 520 518 519 521 523 522 528 526 527 529 531 530 505 496 562 564 496 497 564 562 496 566 497 498 566 564 497 568 498 500 568 566 498 570 500 502 570 568 500 572 502 503 572 570 502 572 503 508 512 504 576 504 574 576 560 574 504 506 560 504 505 562 506 506 562 561 506 561 560 572 508 571 571 508 509 571 509 573 573 579 577 511 579 573 509 511 573 579 511 515 582 513 580 513 512 580 580 512 575 575 512 576 518 513 582 578 585 583 578 516 585 579 516 578 515 516 579 585 516 521 588 519 586 519 518 586 586 518 581 581 518 582 524 519 588 584 591 589 584 522 591 585 522 584 521 522 585 591 522 525 592 588 587 524 588 592 526 524 592 525 590 591 593 590 525 529 593 525 595 527 594 594 527 526 594 526 592 532 527 595 530 597 529 529 597 596 529 596 593 597 530 533 534 595 599 534 532 595 601 533 535 601 597 533 536 599 603 536 534 599 605 535 537 605 601 535 539 536 603 605 537 541 539 603 538 538 603 602 538 602 606 609 538 606 609 543 538 605 541 604 604 541 540 604 540 607 545 607 540 545 611 607 543 609 542 609 608 542 612 542 608 612 546 542 611 545 610 545 544 610 551 610 544 551 621 610 613 548 546 613 546 612 616 547 615 615 547 548 615 548 613 552 547 616 549 619 550 550 619 618 550 618 620 619 549 559 621 551 550 621 550 620 622 616 614 552 616 622 553 552 622 623 554 553 623 553 622 624 555 554 624 554 623 625 556 555 625 555 624 626 557 556 626 556 625 627 558 557 627 557 626 559 617 619 627 617 559 558 627 559 562 564 561 564 563 561 564 566 563 566 565 563 566 568 565 568 567 565 568 570 567 570 569 567 570 572 569 572 571 569 576 574 575 577 579 578 582 580 581 583 585 584 588 586 587 589 591 590 594 598 595 598 599 595 597 601 596 601 600 596 598 602 599 602 603 599 601 605 600 605 604 600 616 615 614 618 619 617 574 560 628 630 560 561 630 628 560 632 561 563 632 630 561 634 563 565 634 632 563 636 565 567 636 634 565 638 567 569 638 636 567 640 569 571 640 638 569 641 571 573 641 640 571 641 573 577 628 575 574 643 575 628 646 643 628 580 575 643 651 577 578 641 577 651 649 641 651 651 578 583 654 581 652 581 580 652 652 580 642 642 580 643 586 581 654 650 657 655 650 584 657 651 584 650 583 584 651 657 584 589 659 587 658 587 586 658 658 586 653 653 586 654 592 587 659 656 661 660 656 590 661 657 590 656 589 590 657 661 590 593 594 659 663 594 592 659 665 593 596 665 661 593 598 663 667 598 594 663 669 596 600 669 665 596 602 667 671 602 598 667 673 600 604 673 669 600 606 671 675 606 602 671 677 604 607 677 673 604 609 606 675 677 607 611 680 608 679 608 609 679 679 609 674 674 609 675 612 608 680 682 676 683 676 677 683 683 677 610 610 677 611 683 610 621 684 680 678 612 680 684 613 612 684 685 615 613 685 613 684 688 614 687 687 614 615 687 615 685 622 614 688 617 691 618 618 691 690 618 690 692 691 617 627 693 620 618 693 618 692 621 681 683 693 681 621 620 693 621 694 688 686 622 688 694 623 622 694 695 624 623 695 623 694 696 625 624 696 624 695 697 626 625 697 625 696 627 689 691 697 689 627 626 697 627 629 644 630 630 644 646 630 646 628 630 632 629 632 631 629 632 634 631 634 633 631 634 636 633 636 635 633 636 638 635 638 637 635 638 640 637 640 639 637 647 639 649 649 639 640 649 640 641 643 646 642 646 645 642 646 644 645 647 649 648 649 651 648 651 650 648 654 652 653 655 657 656 658 662 659 662 663 659 661 665 660 665 664 660 662 666 663 666 667 663 665 669 664 669 668 664 666 670 667 670 671 667 669 673 668 673 672 668 670 674 671 674 675 671 673 677 672 677 676 672 680 679 678 682 683 681 688 687 686 690 691 689 644 629 698 699 629 631 699 698 629 700 631 633 700 699 631 701 633 635 701 700 633 702 635 637 702 701 635 703 637 639 703 702 637 703 639 647 652 642 704 705 642 645 705 704 642 698 645 644 705 645 698 706 705 698 716 647 648 703 647 716 715 703 716 717 648 650 717 716 648 717 650 655 704 653 652 718 653 704 719 718 704 658 653 718 729 655 656 717 655 729 728 717 729 729 656 660 662 718 730 662 658 718 739 660 664 739 729 660 666 730 740 666 662 730 745 664 668 745 739 664 670 740 746 670 666 740 751 668 672 751 745 668 674 746 752 674 670 746 761 672 676 761 751 672 679 674 752 761 676 682 752 678 679 762 678 752 753 762 752 684 678 762 771 682 681 761 682 771 760 761 771 771 681 693 762 685 684 762 763 685 763 687 685 763 766 687 773 686 772 686 687 772 772 687 764 764 687 766 694 686 773 778 767 779 767 769 779 779 769 689 689 769 690 779 689 697 769 692 690 769 770 692 770 693 692 770 771 693 773 695 694 773 775 695 775 696 695 775 777 696 777 697 696 777 779 697 698 699 708 698 708 706 699 700 710 699 710 708 700 701 712 700 712 710 701 702 714 701 714 712 702 703 715 702 715 714 704 705 720 704 720 719 705 706 723 705 723 720 707 721 708 708 721 723 708 723 706 708 710 707 710 709 707 710 712 709 712 711 709 712 714 711 714 713 711 724 713 726 726 713 714 726 714 715 715 716 727 715 727 726 716 717 728 716 728 727 718 719 731 718 731 730 719 720 734 719 734 731 722 732 723 723 732 734 723 734 720 723 721 722 724 726 725 735 725 737 737 725 726 737 726 727 727 728 738 727 738 737 728 729 739 728 739 738 730 731 742 730 742 740 733 741 734 734 741 742 734 742 731 734 732 733 735 737 736 743 736 744 744 736 737 744 737 738 738 739 745 738 745 744 740 742 748 740 748 746 741 747 742 747 748 742 744 750 743 750 749 743 744 745 751 744 751 750 746 748 753 746 753 752 747 755 748 748 755 756 748 756 753 758 749 759 759 749 750 759 750 760 750 751 761 750 761 760 753 756 763 753 763 762 756 755 754 754 765 756 756 765 766 756 766 763 758 759 757 768 757 769 769 757 759 769 759 770 759 760 771 759 771 770 766 765 764 768 769 767 775 773 774 773 772 774 777 775 776 775 774 776 779 777 778 777 776 778 721 707 780 781 707 709 781 780 707 782 709 711 782 781 709 783 711 713 783 782 711 783 713 724 780 722 721 784 722 780 785 784 780 732 722 784 789 724 725 783 724 789 788 783 789 789 725 735 784 733 732 790 733 784 791 790 784 741 733 790 797 735 736 789 735 797 796 789 797 797 736 743 747 790 798 747 741 790 805 743 749 805 797 743 755 747 798 805 749 758 798 754 755 806 754 798 799 806 798 765 754 806 811 758 757 805 758 811 804 805 811 811 757 768 806 764 765 812 764 806 807 812 806 772 764 812 815 768 767 811 768 815 810 811 815 815 767 778 812 774 772 812 813 774 813 776 774 813 814 776 814 778 776 814 815 778 780 781 786 780 786 785 781 782 787 781 787 786 782 783 788 782 788 787 784 785 792 784 792 791 785 786 793 785 793 792 786 787 794 786 794 793 787 788 795 787 795 794 788 789 796 788 796 795 790 791 799 790 799 798 791 792 800 791 800 799 792 793 801 792 801 800 793 794 802 793 802 801 794 795 803 794 803 802 795 796 804 795 804 803 796 797 805 796 805 804 799 800 807 799 807 806 800 801 808 800 808 807 801 802 809 801 809 808 802 803 810 802 810 809 803 804 811 803 811 810 807 808 813 807 813 812 808 809 814 808 814 813 809 810 815 809 815 814 822 817 816 821 822 816 820 862 863 816 862 820 821 816 820 854 816 817 854 852 816 862 816 852 823 818 817 822 823 817 856 817 818 856 854 817 824 819 818 823 824 818 858 818 819 858 856 818 819 866 865 825 866 819 824 825 819 865 858 819 828 821 820 827 828 820 826 872 873 820 872 826 827 820 826 872 820 863 829 822 821 828 829 821 830 823 822 829 830 822 831 824 823 830 831 823 832 825 824 831 832 824 825 876 875 833 876 825 832 833 825 875 866 825 835 827 826 834 835 826 881 834 826 881 887 834 881 826 873 836 828 827 835 836 827 837 829 828 836 837 828 838 830 829 837 838 829 839 831 830 838 839 830 840 832 831 839 840 831 841 833 832 840 841 832 833 889 883 833 841 889 883 876 833 842 895 894 834 895 842 835 834 842 895 834 887 843 836 835 842 843 835 844 837 836 843 844 836 845 838 837 844 845 837 846 839 838 845 846 838 847 840 839 846 847 839 841 897 898 847 897 841 840 847 841 898 889 841 848 906 905 842 906 848 843 842 848 906 842 894 849 844 843 848 849 843 850 845 844 849 850 844 851 846 845 850 851 845 847 908 909 851 908 847 846 851 847 909 897 847 917 849 848 917 919 849 917 848 905 919 850 849 919 921 850 921 851 850 921 923 851 923 908 851 864 940 941 864 853 940 862 853 864 852 853 862 852 854 853 854 855 853 935 853 855 935 934 853 940 853 934 854 856 855 856 857 855 936 855 857 936 935 855 856 858 857 858 859 857 937 857 859 937 936 857 944 865 867 944 858 865 943 858 944 859 858 943 943 937 859 874 861 860 871 874 860 870 948 949 860 948 870 871 860 870 939 860 861 939 938 860 948 860 938 872 863 874 874 863 864 874 864 861 941 861 864 941 939 861 863 862 864 867 865 866 866 875 867 867 875 877 867 877 868 946 867 868 946 944 867 878 869 868 877 878 868 947 868 869 947 946 868 869 952 951 879 952 869 878 879 869 951 947 869 882 871 870 880 882 870 954 880 870 954 958 880 954 870 949 881 873 882 882 873 874 882 874 871 873 872 874 877 875 876 876 883 877 877 883 884 877 884 878 885 879 878 884 885 878 879 960 956 879 885 960 956 952 879 888 882 880 886 888 880 958 886 880 958 962 886 887 881 888 881 882 888 890 884 889 884 883 889 891 885 884 890 891 884 885 964 960 885 891 964 893 888 886 892 893 886 962 892 886 962 966 892 895 887 896 896 887 888 896 888 893 889 898 890 890 898 899 890 899 900 901 891 890 900 901 890 891 968 964 891 901 968 903 893 892 902 903 892 966 902 892 966 970 902 904 896 893 903 904 893 894 895 896 906 894 907 907 894 896 907 896 904 899 898 897 897 909 899 899 909 910 899 910 911 912 900 899 911 912 899 913 901 900 912 913 900 901 972 968 901 913 972 914 975 974 902 975 914 903 902 914 975 902 970 915 904 903 914 915 903 916 907 904 915 916 904 905 906 907 917 905 918 918 905 907 918 907 916 910 909 908 908 923 910 910 923 924 910 924 925 926 911 910 925 926 910 927 912 911 926 927 911 913 977 978 927 977 913 912 927 913 978 972 913 980 915 914 980 983 915 980 914 974 928 983 982 915 983 928 916 915 928 929 918 916 928 929 916 919 917 920 917 918 920 930 920 918 929 930 918 921 919 922 919 920 922 931 922 920 930 931 920 923 921 924 921 922 924 932 924 922 931 932 922 933 925 924 932 933 924 926 985 986 933 985 926 925 933 926 986 927 926 986 988 927 988 977 927 991 929 928 991 993 929 991 928 982 993 930 929 993 995 930 995 931 930 995 997 931 997 932 931 997 999 932 999 933 932 999 1001 933 1001 985 933 934 942 940 1004 942 934 1005 1004 934 934 935 1006 1005 934 1006 935 936 1007 1006 935 1007 936 937 1008 1007 936 1008 1009 943 945 937 943 1009 1008 937 1009 938 950 948 1010 950 938 1011 1010 938 938 939 1013 1011 938 1013 942 1012 941 941 1012 1013 941 1013 939 941 940 942 1012 942 1004 945 943 944 1015 945 1016 1016 945 944 1016 944 946 1015 1009 945 946 947 1018 1016 946 1018 1019 951 953 947 951 1019 1018 947 1019 949 948 950 955 1020 1021 955 950 1020 954 950 955 949 950 954 1020 950 1010 953 951 952 1023 956 957 1023 952 956 1022 952 1023 953 952 1022 1022 1019 953 958 954 959 954 955 959 1024 959 955 1024 1026 959 1024 955 1021 961 957 960 957 956 960 957 1028 1025 957 961 1028 1025 1023 957 962 958 963 958 959 963 1026 963 959 1026 1030 963 965 961 964 961 960 964 961 1032 1028 961 965 1032 966 962 967 962 963 967 1030 967 963 1030 1034 967 969 965 968 965 964 968 965 1036 1032 965 969 1036 970 966 971 966 967 971 1034 971 967 1034 1038 971 973 969 972 969 968 972 969 1039 1036 969 973 1039 1040 976 1041 976 975 1041 1041 975 971 971 975 970 1041 971 1038 1043 978 979 1043 972 978 1044 972 1043 973 972 1044 1044 1039 973 974 975 976 1046 981 1047 981 980 1047 1047 980 976 976 980 974 1047 976 1040 979 978 977 1049 988 989 1049 977 988 1050 977 1049 979 977 1050 1050 1043 979 983 980 984 980 981 984 990 1053 1052 981 1053 990 984 981 990 1053 981 1046 982 983 984 991 982 992 992 982 984 992 984 990 987 986 985 985 1001 987 987 1001 1002 987 1002 1003 988 986 989 986 987 989 989 1055 1056 1003 1055 989 987 1003 989 1056 1049 989 1058 992 990 1058 1059 992 1058 990 1052 993 991 994 991 992 994 1059 994 992 1059 1061 994 995 993 996 993 994 996 1061 996 994 1061 1063 996 997 995 998 995 996 998 1063 998 996 1063 1065 998 999 997 1000 997 998 1000 1065 1000 998 1065 1067 1000 1001 999 1002 999 1000 1002 1067 1002 1000 1067 1069 1002 1069 1003 1002 1069 1071 1003 1071 1055 1003 1004 1014 1012 1072 1014 1004 1073 1072 1004 1004 1005 1074 1073 1004 1074 1005 1006 1075 1074 1005 1075 1006 1007 1076 1075 1006 1076 1007 1008 1077 1076 1007 1077 1008 1009 1078 1077 1008 1078 1079 1015 1017 1009 1015 1079 1078 1009 1079 1086 1010 1080 1086 1020 1010 1010 1011 1082 1080 1010 1082 1014 1081 1013 1013 1081 1082 1013 1082 1011 1013 1012 1014 1081 1014 1072 1017 1015 1016 1083 1017 1084 1084 1017 1016 1084 1016 1018 1083 1079 1017 1018 1019 1085 1084 1018 1085 1022 1085 1019 1022 1088 1085 1020 1086 1021 1086 1087 1021 1090 1021 1087 1090 1024 1021 1088 1022 1089 1022 1023 1089 1025 1089 1023 1025 1092 1089 1091 1027 1090 1090 1027 1026 1090 1026 1024 1029 1093 1028 1028 1093 1092 1028 1092 1025 1030 1026 1031 1026 1027 1031 1094 1031 1027 1094 1096 1031 1094 1027 1091 1033 1029 1032 1029 1028 1032 1029 1097 1095 1029 1033 1097 1095 1093 1029 1034 1030 1035 1030 1031 1035 1096 1035 1031 1096 1098 1035 1037 1033 1036 1033 1032 1036 1033 1099 1097 1033 1037 1099 1035 1101 1034 1034 1101 1100 1034 1100 1038 1101 1035 1098 1104 1037 1103 1103 1037 1036 1103 1036 1039 1104 1099 1037 1038 1042 1041 1106 1042 1038 1100 1106 1038 1107 1044 1045 1039 1044 1107 1103 1039 1107 1040 1041 1042 1108 1048 1109 1048 1047 1109 1109 1047 1042 1042 1047 1040 1109 1042 1106 1045 1044 1043 1111 1050 1051 1111 1043 1050 1112 1043 1111 1045 1043 1112 1112 1107 1045 1046 1047 1048 1114 1054 1115 1054 1053 1115 1115 1053 1048 1048 1053 1046 1115 1048 1108 1051 1050 1049 1117 1056 1057 1117 1049 1056 1118 1049 1117 1051 1049 1118 1118 1111 1051 1052 1053 1054 1120 1052 1054 1058 1052 1120 1122 1058 1120 1120 1054 1114 1057 1056 1055 1071 1057 1055 1127 1057 1071 1125 1127 1071 1127 1117 1057 1121 1060 1122 1122 1060 1059 1122 1059 1058 1061 1059 1062 1059 1060 1062 1128 1062 1060 1128 1129 1062 1128 1060 1121 1063 1061 1064 1061 1062 1064 1129 1064 1062 1129 1130 1064 1065 1063 1066 1063 1064 1066 1130 1066 1064 1130 1132 1066 1067 1065 1068 1065 1066 1068 1132 1068 1066 1132 1134 1068 1069 1067 1070 1067 1068 1070 1134 1070 1068 1134 1135 1070 1070 1124 1069 1069 1124 1125 1069 1125 1071 1135 1124 1070 1145 1072 1136 1145 1081 1072 1072 1073 1137 1136 1072 1137 1073 1074 1138 1137 1073 1138 1074 1075 1139 1138 1074 1139 1075 1076 1140 1139 1075 1140 1076 1077 1141 1140 1076 1141 1077 1078 1142 1141 1077 1142 1078 1079 1143 1142 1078 1143 1083 1143 1079 1083 1147 1143 1150 1080 1144 1150 1086 1080 1080 1082 1146 1144 1080 1146 1081 1145 1082 1145 1146 1082 1147 1083 1148 1083 1084 1148 1084 1085 1149 1148 1084 1149 1088 1149 1085 1088 1152 1149 1086 1150 1087 1150 1151 1087 1154 1087 1151 1154 1090 1087 1152 1088 1153 1088 1089 1153 1092 1153 1089 1092 1156 1153 1090 1154 1091 1154 1155 1091 1158 1091 1155 1158 1094 1091 1156 1092 1157 1092 1093 1157 1095 1157 1093 1095 1159 1157 1096 1094 1158 1096 1158 1160 1159 1095 1097 1161 1159 1097 1098 1096 1160 1098 1160 1162 1161 1097 1099 1163 1161 1099 1098 1102 1101 1164 1102 1098 1162 1164 1098 1165 1104 1105 1099 1104 1165 1163 1099 1165 1100 1101 1102 1102 1167 1100 1100 1167 1166 1100 1166 1106 1167 1102 1164 1105 1104 1103 1169 1105 1168 1168 1105 1103 1168 1103 1107 1169 1165 1105 1106 1110 1109 1170 1110 1106 1166 1170 1106 1171 1112 1113 1107 1112 1171 1168 1107 1171 1108 1109 1110 1172 1116 1173 1116 1115 1173 1173 1115 1110 1110 1115 1108 1173 1110 1170 1113 1112 1111 1174 1118 1119 1174 1111 1118 1175 1111 1174 1113 1111 1175 1175 1171 1113 1114 1115 1116 1176 1114 1116 1120 1114 1176 1178 1120 1176 1176 1116 1172 1119 1118 1117 1127 1119 1117 1181 1119 1127 1180 1181 1127 1181 1174 1119 1177 1123 1178 1178 1123 1122 1178 1122 1120 1121 1122 1123 1182 1121 1123 1128 1121 1182 1183 1128 1182 1182 1123 1177 1126 1125 1124 1135 1126 1124 1191 1126 1135 1190 1191 1135 1126 1179 1125 1125 1179 1180 1125 1180 1127 1191 1179 1126 1185 1129 1128 1185 1128 1183 1184 1131 1185 1185 1131 1130 1185 1130 1129 1132 1130 1133 1130 1131 1133 1192 1133 1131 1192 1193 1133 1192 1131 1184 1133 1187 1132 1132 1187 1188 1132 1188 1134 1193 1187 1133 1190 1135 1134 1190 1134 1188 1145 1136 1204 1136 1202 1204 1194 1202 1136 1137 1194 1136 1137 1138 1195 1194 1137 1195 1138 1139 1196 1195 1138 1196 1139 1140 1197 1196 1139 1197 1140 1141 1198 1197 1140 1198 1141 1142 1199 1198 1141 1199 1199 1207 1205 1143 1207 1199 1142 1143 1199 1207 1143 1147 1210 1144 1200 1210 1150 1144 1144 1146 1201 1200 1144 1201 1145 1204 1146 1146 1204 1203 1146 1203 1201 1207 1147 1206 1206 1147 1148 1206 1148 1208 1148 1149 1209 1208 1148 1209 1152 1209 1149 1152 1212 1209 1150 1210 1151 1210 1211 1151 1214 1151 1211 1214 1154 1151 1212 1152 1213 1152 1153 1213 1156 1213 1153 1156 1216 1213 1154 1214 1155 1214 1215 1155 1218 1155 1215 1218 1158 1155 1216 1156 1217 1156 1157 1217 1159 1217 1157 1159 1219 1217 1160 1158 1218 1160 1218 1220 1219 1159 1161 1221 1219 1161 1162 1160 1220 1162 1220 1222 1221 1161 1163 1223 1221 1163 1164 1162 1222 1164 1222 1224 1223 1163 1165 1225 1223 1165 1227 1164 1224 1227 1167 1164 1169 1225 1165 1169 1229 1225 1167 1227 1166 1227 1226 1166 1170 1166 1226 1170 1226 1230 1229 1169 1228 1169 1168 1228 1228 1168 1171 1231 1228 1171 1233 1170 1230 1233 1173 1170 1175 1231 1171 1175 1235 1231 1173 1233 1172 1233 1232 1172 1236 1172 1232 1236 1176 1172 1235 1175 1234 1175 1174 1234 1181 1234 1174 1181 1241 1234 1238 1178 1176 1238 1176 1236 1178 1238 1177 1238 1237 1177 1242 1177 1237 1242 1182 1177 1240 1180 1239 1180 1179 1239 1191 1239 1179 1191 1247 1239 1241 1181 1180 1241 1180 1240 1244 1183 1182 1244 1182 1242 1243 1186 1244 1244 1186 1185 1244 1185 1183 1184 1185 1186 1248 1184 1186 1192 1184 1248 1249 1192 1248 1248 1186 1243 1189 1188 1187 1193 1189 1187 1251 1189 1193 1250 1251 1193 1189 1245 1188 1188 1245 1246 1188 1246 1190 1251 1245 1189 1247 1191 1190 1247 1190 1246 1250 1193 1192 1250 1192 1249 1204 1202 1203 1205 1207 1206 1202 1194 1261 1194 1259 1261 1252 1259 1194 1195 1252 1194 1195 1196 1253 1252 1195 1253 1196 1197 1254 1253 1196 1254 1197 1198 1255 1254 1197 1255 1255 1264 1262 1199 1264 1255 1198 1199 1255 1264 1199 1205 1268 1200 1256 1268 1210 1200 1200 1201 1257 1256 1200 1257 1201 1203 1258 1257 1201 1258 1202 1261 1203 1203 1261 1260 1203 1260 1258 1264 1205 1263 1263 1205 1206 1263 1206 1265 1206 1208 1266 1265 1206 1266 1208 1209 1267 1266 1208 1267 1212 1267 1209 1212 1270 1267 1210 1268 1211 1268 1269 1211 1272 1211 1269 1272 1214 1211 1270 1212 1271 1212 1213 1271 1216 1271 1213 1216 1273 1271 1276 1215 1274 1274 1215 1214 1274 1214 1272 1218 1215 1276 1217 1279 1216 1216 1279 1277 1216 1277 1273 1279 1217 1219 1280 1276 1275 1218 1276 1280 1220 1218 1280 1219 1278 1279 1281 1278 1219 1221 1281 1219 1222 1220 1280 1222 1280 1282 1281 1221 1223 1283 1281 1223 1224 1222 1282 1224 1282 1284 1283 1223 1225 1285 1283 1225 1287 1224 1284 1287 1227 1224 1229 1285 1225 1229 1289 1285 1227 1287 1226 1287 1286 1226 1230 1226 1286 1230 1286 1290 1289 1229 1288 1229 1228 1288 1288 1228 1231 1291 1288 1231 1293 1230 1290 1293 1233 1230 1235 1291 1231 1235 1295 1291 1233 1293 1232 1293 1292 1232 1296 1232 1292 1296 1236 1232 1295 1235 1294 1235 1234 1294 1241 1294 1234 1241 1301 1294 1298 1238 1236 1298 1236 1296 1238 1298 1237 1298 1297 1237 1302 1237 1297 1302 1242 1237 1300 1240 1299 1240 1239 1299 1247 1299 1239 1247 1311 1299 1301 1241 1240 1301 1240 1300 1303 1244 1242 1303 1242 1302 1306 1243 1305 1305 1243 1244 1305 1244 1303 1248 1243 1306 1245 1309 1246 1246 1309 1308 1246 1308 1310 1309 1245 1251 1311 1247 1246 1311 1246 1310 1312 1306 1304 1248 1306 1312 1249 1248 1312 1313 1250 1249 1313 1249 1312 1251 1307 1309 1313 1307 1251 1250 1313 1251 1261 1259 1260 1262 1264 1263 1276 1274 1275 1277 1279 1278 1306 1305 1304 1308 1309 1307 1259 1252 1318 1320 1252 1253 1320 1318 1252 1322 1253 1254 1322 1320 1253 1324 1254 1255 1324 1322 1254 1324 1255 1262 1268 1256 1330 1256 1328 1330 1314 1328 1256 1257 1314 1256 1257 1258 1315 1314 1257 1315 1258 1260 1316 1315 1258 1316 1259 1318 1260 1260 1318 1317 1260 1317 1316 1324 1262 1323 1323 1262 1263 1323 1263 1325 1263 1265 1326 1325 1263 1326 1265 1266 1327 1326 1265 1327 1327 1333 1331 1267 1333 1327 1266 1267 1327 1333 1267 1270 1336 1269 1334 1269 1268 1334 1334 1268 1329 1329 1268 1330 1272 1269 1336 1332 1339 1337 1332 1271 1339 1333 1271 1332 1270 1271 1333 1339 1271 1273 1340 1336 1335 1272 1336 1340 1274 1272 1340 1273 1338 1339 1341 1338 1273 1277 1341 1273 1343 1275 1342 1342 1275 1274 1342 1274 1340 1280 1275 1343 1278 1345 1277 1277 1345 1344 1277 1344 1341 1345 1278 1281 1282 1343 1347 1282 1280 1343 1349 1281 1283 1349 1345 1281 1284 1347 1351 1284 1282 1347 1353 1283 1285 1353 1349 1283 1287 1284 1351 1353 1285 1289 1287 1351 1286 1286 1351 1350 1286 1350 1354 1290 1357 1358 1354 1357 1290 1286 1354 1290 1353 1289 1352 1352 1289 1288 1352 1288 1355 1355 1361 1360 1291 1361 1355 1288 1291 1355 1293 1290 1358 1361 1291 1295 1364 1292 1363 1292 1293 1363 1363 1293 1356 1356 1293 1358 1296 1292 1364 1366 1359 1367 1359 1361 1367 1367 1361 1294 1294 1361 1295 1367 1294 1301 1369 1364 1362 1296 1364 1369 1298 1296 1369 1298 1369 1297 1369 1368 1297 1372 1297 1368 1372 1302 1297 1371 1300 1370 1300 1299 1370 1311 1370 1299 1311 1381 1370 1301 1365 1367 1371 1365 1301 1300 1371 1301 1373 1303 1302 1373 1302 1372 1374 1305 1303 1374 1303 1373 1376 1304 1375 1375 1304 1305 1375 1305 1374 1312 1304 1376 1307 1378 1308 1308 1378 1377 1308 1377 1379 1378 1307 1313 1380 1310 1308 1380 1308 1379 1381 1311 1310 1381 1310 1380 1376 1313 1312 1376 1378 1313 1318 1320 1317 1320 1319 1317 1320 1322 1319 1322 1321 1319 1322 1324 1321 1324 1323 1321 1330 1328 1329 1331 1333 1332 1336 1334 1335 1337 1339 1338 1342 1346 1343 1346 1347 1343 1345 1349 1344 1349 1348 1344 1346 1350 1347 1350 1351 1347 1349 1353 1348 1353 1352 1348 1358 1357 1356 1360 1361 1359 1364 1363 1362 1366 1367 1365 1378 1376 1377 1376 1375 1377 1328 1314 1389 1392 1314 1315 1392 1389 1314 1315 1390 1392 1382 1390 1315 1316 1382 1315 1316 1317 1383 1382 1316 1383 1317 1319 1384 1383 1317 1384 1319 1321 1385 1384 1319 1385 1321 1323 1386 1385 1321 1386 1323 1325 1387 1386 1323 1387 1387 1395 1393 1326 1395 1387 1325 1326 1387 1397 1326 1327 1397 1395 1326 1397 1327 1331 1400 1329 1398 1329 1328 1398 1398 1328 1388 1388 1328 1389 1334 1329 1400 1396 1403 1401 1396 1332 1403 1397 1332 1396 1331 1332 1397 1403 1332 1337 1406 1335 1404 1335 1334 1404 1404 1334 1399 1399 1334 1400 1340 1335 1406 1402 1409 1407 1402 1338 1409 1403 1338 1402 1337 1338 1403 1409 1338 1341 1410 1406 1405 1340 1406 1410 1342 1340 1410 1341 1408 1409 1411 1408 1341 1344 1411 1341 1346 1342 1410 1346 1410 1412 1411 1344 1348 1413 1411 1348 1350 1346 1412 1350 1412 1414 1413 1348 1352 1415 1413 1352 1354 1417 1418 1414 1417 1354 1350 1414 1354 1415 1421 1420 1355 1421 1415 1352 1355 1415 1357 1354 1418 1421 1355 1360 1424 1356 1423 1356 1357 1423 1423 1357 1416 1416 1357 1418 1363 1356 1424 1426 1419 1427 1419 1421 1427 1427 1421 1359 1359 1421 1360 1427 1359 1366 1430 1362 1429 1362 1363 1429 1429 1363 1422 1422 1363 1424 1369 1362 1430 1432 1425 1433 1425 1427 1433 1433 1427 1365 1365 1427 1366 1433 1365 1371 1435 1368 1434 1368 1369 1434 1434 1369 1428 1428 1369 1430 1372 1368 1435 1442 1431 1443 1431 1433 1443 1443 1433 1370 1370 1433 1371 1443 1370 1381 1435 1373 1372 1435 1438 1373 1444 1438 1436 1373 1438 1444 1374 1373 1444 1445 1375 1374 1445 1374 1444 1446 1377 1375 1446 1375 1445 1447 1379 1377 1447 1377 1446 1380 1439 1441 1447 1439 1380 1379 1447 1380 1441 1381 1380 1441 1443 1381 1389 1392 1388 1392 1391 1388 1392 1390 1391 1393 1395 1394 1395 1397 1394 1397 1396 1394 1400 1398 1399 1401 1403 1402 1406 1404 1405 1407 1409 1408 1418 1417 1416 1420 1421 1419 1424 1423 1422 1426 1427 1425 1430 1429 1428 1432 1433 1431 1438 1435 1437 1435 1434 1437 1438 1437 1436 1440 1441 1439 1443 1441 1442 1441 1440 1442 1390 1382 1450 1452 1382 1383 1452 1450 1382 1454 1383 1384 1454 1452 1383 1456 1384 1385 1456 1454 1384 1458 1385 1386 1458 1456 1385 1460 1386 1387 1460 1458 1386 1460 1387 1393 1398 1388 1464 1388 1462 1464 1448 1462 1388 1391 1448 1388 1390 1450 1391 1391 1450 1449 1391 1449 1448 1460 1393 1459 1459 1393 1394 1459 1394 1461 1461 1467 1465 1396 1467 1461 1394 1396 1461 1467 1396 1401 1470 1399 1468 1399 1398 1468 1468 1398 1463 1463 1398 1464 1404 1399 1470 1466 1473 1471 1466 1402 1473 1467 1402 1466 1401 1402 1467 1473 1402 1407 1475 1405 1474 1405 1404 1474 1474 1404 1469 1469 1404 1470 1410 1405 1475 1472 1477 1476 1472 1408 1477 1473 1408 1472 1407 1408 1473 1477 1408 1411 1412 1475 1479 1412 1410 1475 1481 1411 1413 1481 1477 1411 1414 1479 1483 1414 1412 1479 1485 1413 1415 1485 1481 1413 1417 1414 1483 1485 1415 1420 1488 1416 1487 1416 1417 1487 1487 1417 1482 1482 1417 1483 1423 1416 1488 1490 1484 1491 1484 1485 1491 1491 1485 1419 1419 1485 1420 1491 1419 1426 1494 1422 1493 1422 1423 1493 1493 1423 1486 1486 1423 1488 1429 1422 1494 1496 1489 1497 1489 1491 1497 1497 1491 1425 1425 1491 1426 1497 1425 1432 1500 1428 1499 1428 1429 1499 1499 1429 1492 1492 1429 1494 1434 1428 1500 1502 1495 1503 1495 1497 1503 1503 1497 1431 1431 1497 1432 1503 1431 1442 1504 1500 1498 1434 1500 1504 1437 1434 1504 1506 1436 1505 1505 1436 1437 1505 1437 1504 1444 1436 1506 1439 1512 1440 1440 1512 1511 1440 1511 1513 1512 1439 1447 1442 1501 1503 1513 1501 1442 1440 1513 1442 1506 1445 1444 1506 1508 1445 1508 1446 1445 1508 1510 1446 1510 1447 1446 1510 1512 1447 1450 1452 1449 1452 1451 1449 1452 1454 1451 1454 1453 1451 1454 1456 1453 1456 1455 1453 1456 1458 1455 1458 1457 1455 1458 1460 1457 1460 1459 1457 1464 1462 1463 1465 1467 1466 1470 1468 1469 1471 1473 1472 1474 1478 1475 1478 1479 1475 1477 1481 1476 1481 1480 1476 1478 1482 1479 1482 1483 1479 1481 1485 1480 1485 1484 1480 1488 1487 1486 1490 1491 1489 1494 1493 1492 1496 1497 1495 1500 1499 1498 1502 1503 1501 1508 1506 1507 1506 1505 1507 1510 1508 1509 1508 1507 1509 1512 1510 1511 1510 1509 1511 1462 1448 1514 1516 1448 1449 1516 1514 1448 1518 1449 1451 1518 1516 1449 1520 1451 1453 1520 1518 1451 1522 1453 1455 1522 1520 1453 1524 1455 1457 1524 1522 1455 1526 1457 1459 1526 1524 1457 1527 1459 1461 1527 1526 1459 1527 1461 1465 1514 1463 1462 1528 1463 1514 1531 1528 1514 1468 1463 1528 1535 1465 1466 1527 1465 1535 1534 1527 1535 1535 1466 1471 1528 1469 1468 1536 1469 1528 1538 1536 1528 1474 1469 1536 1541 1471 1472 1535 1471 1541 1540 1535 1541 1541 1472 1476 1478 1536 1542 1478 1474 1536 1547 1476 1480 1547 1541 1476 1482 1542 1548 1482 1478 1542 1553 1480 1484 1553 1547 1480 1487 1482 1548 1553 1484 1490 1548 1486 1487 1555 1486 1548 1550 1555 1548 1493 1486 1555 1557 1490 1489 1553 1490 1557 1552 1553 1557 1557 1489 1496 1559 1492 1558 1492 1493 1558 1558 1493 1554 1554 1493 1555 1499 1492 1559 1566 1556 1567 1556 1557 1567 1567 1557 1495 1495 1557 1496 1567 1495 1502 1559 1498 1499 1568 1498 1559 1562 1568 1559 1504 1498 1568 1577 1502 1501 1567 1502 1577 1565 1567 1577 1577 1501 1513 1568 1505 1504 1568 1570 1505 1570 1507 1505 1570 1572 1507 1572 1509 1507 1572 1574 1509 1574 1511 1509 1574 1576 1511 1576 1513 1511 1576 1577 1513 1515 1529 1516 1516 1529 1531 1516 1531 1514 1516 1518 1515 1518 1517 1515 1518 1520 1517 1520 1519 1517 1520 1522 1519 1522 1521 1519 1522 1524 1521 1524 1523 1521 1524 1526 1523 1526 1525 1523 1532 1525 1534 1534 1525 1526 1534 1526 1527 1530 1537 1531 1531 1537 1538 1531 1538 1528 1531 1529 1530 1532 1534 1533 1539 1533 1540 1540 1533 1534 1540 1534 1535 1536 1538 1544 1536 1544 1542 1537 1543 1538 1543 1544 1538 1540 1546 1539 1546 1545 1539 1540 1541 1547 1540 1547 1546 1542 1544 1550 1542 1550 1548 1543 1549 1544 1549 1550 1544 1546 1552 1545 1552 1551 1545 1546 1547 1553 1546 1553 1552 1549 1554 1550 1554 1555 1550 1552 1557 1551 1557 1556 1551 1562 1559 1561 1559 1558 1561 1562 1561 1560 1560 1569 1562 1562 1569 1570 1562 1570 1568 1564 1565 1563 1575 1563 1576 1576 1563 1565 1576 1565 1577 1567 1565 1566 1565 1564 1566 1572 1570 1571 1570 1569 1571 1574 1572 1573 1572 1571 1573 1576 1574 1575 1574 1573 1575 1529 1515 1578 1579 1515 1517 1579 1578 1515 1580 1517 1519 1580 1579 1517 1581 1519 1521 1581 1580 1519 1582 1521 1523 1582 1581 1521 1583 1523 1525 1583 1582 1523 1583 1525 1532 1578 1530 1529 1584 1530 1578 1585 1584 1578 1537 1530 1584 1595 1532 1533 1583 1532 1595 1594 1583 1595 1595 1533 1539 1543 1584 1596 1543 1537 1584 1601 1539 1545 1601 1595 1539 1549 1596 1602 1549 1543 1596 1611 1545 1551 1611 1601 1545 1554 1602 1612 1554 1549 1602 1621 1551 1556 1621 1611 1551 1558 1554 1612 1621 1556 1566 1612 1561 1558 1612 1613 1561 1613 1560 1561 1622 1560 1613 1614 1622 1613 1569 1560 1622 1625 1564 1563 1620 1564 1625 1619 1620 1625 1625 1563 1575 1620 1566 1564 1620 1621 1566 1622 1571 1569 1622 1623 1571 1623 1573 1571 1623 1624 1573 1624 1575 1573 1624 1625 1575 1578 1579 1587 1578 1587 1585 1579 1580 1589 1579 1589 1587 1580 1581 1591 1580 1591 1589 1581 1582 1593 1581 1593 1591 1582 1583 1594 1582 1594 1593 1584 1585 1598 1584 1598 1596 1586 1597 1587 1587 1597 1598 1587 1598 1585 1587 1589 1586 1589 1588 1586 1589 1591 1588 1591 1590 1588 1591 1593 1590 1593 1592 1590 1599 1592 1600 1600 1592 1593 1600 1593 1594 1594 1595 1601 1594 1601 1600 1596 1598 1603 1596 1603 1602 1597 1605 1598 1598 1605 1606 1598 1606 1603 1608 1599 1609 1609 1599 1600 1609 1600 1610 1600 1601 1611 1600 1611 1610 1602 1603 1613 1602 1613 1612 1603 1606 1614 1603 1614 1613 1606 1605 1604 1604 1615 1606 1606 1615 1616 1606 1616 1614 1608 1609 1607 1617 1607 1618 1618 1607 1609 1618 1609 1619 1609 1610 1620 1609 1620 1619 1610 1611 1621 1610 1621 1620 1614 1616 1623 1614 1623 1622 1618 1616 1617 1616 1615 1617 1616 1618 1624 1616 1624 1623 1618 1619 1625 1618 1625 1624 1597 1586 1626 1627 1586 1588 1627 1626 1586 1628 1588 1590 1628 1627 1588 1629 1590 1592 1629 1628 1590 1629 1592 1599 1605 1597 1626 1629 1599 1608 1626 1604 1605 1630 1604 1626 1627 1630 1626 1615 1604 1630 1631 1608 1607 1629 1608 1631 1628 1629 1631 1631 1607 1617 1630 1617 1615 1630 1631 1617 1627 1628 1631 1627 1631 1630" solid="false" colorPerVertex="false">
     <Coordinate point="-0.0203538 -0.305295 -0.512115 0.0203521 -0.305295 -0.512115 -0.0610597 -0.264589 -0.509934 -0.0203538 -0.264589 -0.514754 0.0203521 -0.264589 -0.514754 0.061058 -0.264589 -0.509934 -0.0610597 -0.386707 -0.478308 -0.0203538 -0.386707 -0.483662 0.0203521 -0.386707 -0.483662 0.061058 -0.386707 -0.478308 -0.142471 -0.346001 -0.471493 -0.101766 -0.346001 -0.487499 -0.0610597 -0.346001 -0.497359 -0.0203538 -0.318377 -0.508825 -0.0203538 -0.346001 -0.502055 0.0203521 -0.318377 -0.508825 0.0203521 -0.346001 -0.502055 0.061058 -0.346001 -0.497359 0.101764 -0.346001 -0.487499 0.14247 -0.346001 -0.471493 -0.142471 -0.305295 -0.483683 -0.101766 -0.305295 -0.49838 -0.0477388 -0.305295 -0.508825 -0.0610597 -0.281551 -0.508825 -0.0610597 -0.305295 -0.507394 0.0477371 -0.305295 -0.508825 0.061058 -0.281551 -0.508825 0.061058 -0.305295 -0.507394 0.101764 -0.305295 -0.49838 0.14247 -0.305295 -0.483683 -0.142471 -0.264589 -0.486968 -0.0657718 -0.264589 -0.508825 -0.101766 -0.264589 -0.50112 0.0657701 -0.264589 -0.508825 0.101764 -0.264589 -0.50112 0.14247 -0.264589 -0.486968 -0.142471 -0.223883 -0.481343 -0.101766 -0.223883 -0.4958 -0.0610597 -0.257283 -0.508825 -0.0610597 -0.223883 -0.504619 -0.0203538 -0.224137 -0.508825 -0.0203538 -0.223883 -0.508794 0.0203521 -0.224137 -0.508825 0.0203521 -0.223883 -0.508794 0.061058 -0.257283 -0.508825 0.061058 -0.223883 -0.504619 0.101764 -0.223883 -0.4958 0.14247 -0.223883 -0.481343 -0.101766 -0.183177 -0.480598 -0.0610597 -0.183177 -0.490284 -0.0203538 -0.183177 -0.494869 0.0203521 -0.183177 -0.494869 0.061058 -0.183177 -0.490284 0.101764 -0.183177 -0.480598 -0.101766 -0.427413 -0.435864 -0.0610597 -0.401909 -0.468119 -0.0610597 -0.427413 -0.448587 -0.0203538 -0.409843 -0.468119 -0.0203538 -0.427413 -0.454646 0.0203521 -0.409843 -0.468119 0.0203521 -0.427413 -0.454646 0.061058 -0.401909 -0.468119 0.061058 -0.427413 -0.448587 0.101764 -0.427413 -0.435864 -0.142471 -0.352882 -0.468119 -0.142471 -0.386707 -0.450003 -0.0982562 -0.386707 -0.468119 -0.101766 -0.384941 -0.468119 -0.101766 -0.386707 -0.467162 0.0982546 -0.386707 -0.468119 0.101764 -0.384941 -0.468119 0.101764 -0.386707 -0.467162 0.14247 -0.352882 -0.468119 0.14247 -0.386707 -0.450003 -0.148843 -0.346001 -0.468119 -0.183177 -0.346001 -0.449043 0.148842 -0.346001 -0.468119 0.183176 -0.346001 -0.449043 -0.223883 -0.305295 -0.432946 -0.172331 -0.305295 -0.468119 -0.183177 -0.305295 -0.462278 0.17233 -0.305295 -0.468119 0.183176 -0.305295 -0.462278 0.223882 -0.305295 -0.432946 -0.223883 -0.264589 -0.438029 -0.179118 -0.264589 -0.468119 -0.183177 -0.264589 -0.465992 0.179117 -0.264589 -0.468119 0.183176 -0.264589 -0.465992 0.223882 -0.264589 -0.438029 -0.223883 -0.223883 -0.432247 -0.168466 -0.223883 -0.468119 -0.183177 -0.223883 -0.460592 0.168465 -0.223883 -0.468119 0.183176 -0.223883 -0.460592 0.223882 -0.223883 -0.432247 -0.183177 -0.183177 -0.444318 -0.134418 -0.183177 -0.468119 -0.142471 -0.191264 -0.468119 -0.142471 -0.183177 -0.465186 0.134416 -0.183177 -0.468119 0.14247 -0.191264 -0.468119 0.14247 -0.183177 -0.465186 0.183176 -0.183177 -0.444318 -0.142471 -0.142471 -0.43628 -0.101766 -0.165538 -0.468119 -0.101766 -0.142471 -0.4527 -0.0610597 -0.151048 -0.468119 -0.0610597 -0.142471 -0.462576 -0.0203538 -0.143902 -0.468119 -0.0203538 -0.142471 -0.46721 0.0203521 -0.143902 -0.468119 0.0203521 -0.142471 -0.46721 0.061058 -0.151048 -0.468119 0.061058 -0.142471 -0.462576 0.101764 -0.165538 -0.468119 0.101764 -0.142471 -0.4527 0.14247 -0.142471 -0.43628 -0.101766 -0.435869 -0.427413 -0.0610597 -0.448598 -0.427413 -0.0610597 -0.468119 -0.401951 -0.0203538 -0.454659 -0.427413 -0.0203538 -0.468119 -0.40988 0.0203521 -0.454659 -0.427413 0.0203521 -0.468119 -0.40988 0.061058 -0.448598 -0.427413 0.061058 -0.468119 -0.401951 0.101764 -0.435869 -0.427413 -0.119267 -0.427413 -0.427413 -0.142471 -0.414855 -0.427413 -0.142471 -0.427413 -0.414862 0.119266 -0.427413 -0.427413 0.14247 -0.414855 -0.427413 0.14247 -0.427413 -0.414862 -0.178738 -0.386707 -0.427413 -0.183177 -0.382255 -0.427413 -0.183177 -0.386707 -0.424266 0.178736 -0.386707 -0.427413 0.183176 -0.382255 -0.427413 0.183176 -0.386707 -0.424266 -0.211736 -0.346001 -0.427413 -0.223883 -0.320275 -0.427413 -0.223883 -0.346001 -0.416717 0.211735 -0.346001 -0.427413 0.223882 -0.320275 -0.427413 0.223882 -0.346001 -0.416717 -0.230109 -0.305295 -0.427413 -0.264589 -0.305295 -0.390813 0.230107 -0.305295 -0.427413 0.264587 -0.305295 -0.390813 -0.23607 -0.264589 -0.427413 -0.264589 -0.264589 -0.398151 0.236069 -0.264589 -0.427413 0.264587 -0.264589 -0.398151 -0.229528 -0.223883 -0.427413 -0.264589 -0.223883 -0.392458 0.229526 -0.223883 -0.427413 0.264587 -0.223883 -0.392458 -0.207134 -0.183177 -0.427413 -0.223883 -0.21323 -0.427413 -0.223883 -0.183177 -0.414427 0.207132 -0.183177 -0.427413 0.223882 -0.21323 -0.427413 0.223882 -0.183177 -0.414427 -0.158227 -0.142471 -0.427413 -0.183177 -0.161337 -0.427413 -0.183177 -0.142471 -0.412857 0.158225 -0.142471 -0.427413 0.183176 -0.161337 -0.427413 0.183176 -0.142471 -0.412857 -0.142471 -0.135049 -0.427413 -0.101766 -0.120562 -0.427413 -0.101766 -0.101766 -0.40405 -0.0610597 -0.111286 -0.427413 -0.0610597 -0.101766 -0.415956 -0.0203538 -0.106758 -0.427413 -0.0203538 -0.101766 -0.421502 0.0203521 -0.106758 -0.427413 0.0203521 -0.101766 -0.421502 0.061058 -0.111286 -0.427413 0.061058 -0.101766 -0.415956 0.101764 -0.120562 -0.427413 0.101764 -0.101766 -0.40405 0.14247 -0.135049 -0.427413 -0.0610597 -0.478348 -0.386707 -0.0203538 -0.483704 -0.386707 0.0203521 -0.483704 -0.386707 0.061058 -0.478348 -0.386707 -0.142471 -0.450031 -0.386707 -0.142471 -0.468119 -0.352969 -0.0983809 -0.468119 -0.386707 -0.101766 -0.467196 -0.386707 -0.101766 -0.468119 -0.385005 0.0983793 -0.468119 -0.386707 0.101764 -0.467196 -0.386707 0.101764 -0.468119 -0.385005 0.14247 -0.450031 -0.386707 0.14247 -0.468119 -0.352969 -0.178764 -0.427413 -0.386707 -0.183177 -0.424283 -0.386707 -0.183177 -0.427413 -0.382283 0.178762 -0.427413 -0.386707 0.183176 -0.424283 -0.386707 0.183176 -0.427413 -0.382283 -0.223441 -0.386707 -0.386707 -0.223883 -0.386165 -0.386707 -0.223883 -0.386707 -0.386166 0.22344 -0.386707 -0.386707 0.223882 -0.386165 -0.386707 0.223882 -0.386707 -0.386166 -0.251525 -0.346001 -0.386707 -0.264589 -0.314019 -0.386707 -0.264589 -0.346001 -0.367637 0.251523 -0.346001 -0.386707 0.264587 -0.314019 -0.386707 0.264587 -0.346001 -0.367637 -0.267904 -0.305295 -0.386707 0.267902 -0.305295 -0.386707 -0.274104 -0.264589 -0.386707 0.274103 -0.264589 -0.386707 -0.26949 -0.223883 -0.386707 0.269488 -0.223883 -0.386707 -0.252204 -0.183177 -0.386707 -0.264589 -0.212502 -0.386707 -0.264589 -0.183177 -0.371509 0.252202 -0.183177 -0.386707 0.264587 -0.212502 -0.386707 0.264587 -0.183177 -0.371509 -0.215737 -0.142471 -0.386707 -0.223883 -0.150874 -0.386707 -0.223883 -0.142471 -0.379023 0.215735 -0.142471 -0.386707 0.223882 -0.150874 -0.386707 0.223882 -0.142471 -0.379023 -0.183177 -0.122546 -0.386707 -0.183177 -0.101766 -0.355061 -0.137578 -0.101766 -0.386707 -0.142471 -0.10351 -0.386707 -0.142471 -0.101766 -0.384233 0.137576 -0.101766 -0.386707 0.14247 -0.10351 -0.386707 0.14247 -0.101766 -0.384233 0.183176 -0.122546 -0.386707 0.183176 -0.101766 -0.355061 -0.101766 -0.0928311 -0.386707 -0.0610597 -0.0863436 -0.386707 -0.0203538 -0.0832049 -0.386707 0.0203521 -0.0832049 -0.386707 0.061058 -0.0863436 -0.386707 0.101764 -0.0928311 -0.386707 -0.142471 -0.471539 -0.346001 -0.101766 -0.487549 -0.346001 -0.0610597 -0.497411 -0.346001 -0.0203538 -0.502108 -0.346001 -0.0203538 -0.508825 -0.318619 0.0203521 -0.502108 -0.346001 0.0203521 -0.508825 -0.318619 0.061058 -0.497411 -0.346001 0.101764 -0.487549 -0.346001 0.14247 -0.471539 -0.346001 -0.148927 -0.468119 -0.346001 -0.183177 -0.44908 -0.346001 0.148925 -0.468119 -0.346001 0.183176 -0.44908 -0.346001 -0.211773 -0.427413 -0.346001 -0.223883 -0.416745 -0.346001 -0.223883 -0.427413 -0.320368 0.211772 -0.427413 -0.346001 0.223882 -0.416745 -0.346001 0.223882 -0.427413 -0.320368 -0.251538 -0.386707 -0.346001 -0.264589 -0.367647 -0.346001 -0.264589 -0.386707 -0.31407 0.251536 -0.386707 -0.346001 0.264587 -0.367647 -0.346001 0.264587 -0.386707 -0.31407 -0.277796 -0.346001 -0.346001 0.277794 -0.346001 -0.346001 -0.29359 -0.305295 -0.346001 -0.305295 -0.305295 -0.315912 0.293588 -0.305295 -0.346001 0.305293 -0.305295 -0.315912 -0.299955 -0.264589 -0.346001 -0.305295 -0.264589 -0.333291 0.299954 -0.264589 -0.346001 0.305293 -0.264589 -0.333291 -0.297002 -0.223883 -0.346001 -0.305295 -0.223883 -0.32745 0.297 -0.223883 -0.346001 0.305293 -0.223883 -0.32745 -0.282854 -0.183177 -0.346001 0.282853 -0.183177 -0.346001 -0.252523 -0.142471 -0.346001 -0.264589 -0.158383 -0.346001 -0.264589 -0.142471 -0.326484 0.252521 -0.142471 -0.346001 0.264587 -0.158383 -0.346001 0.264587 -0.142471 -0.326484 -0.19281 -0.101766 -0.346001 -0.223883 -0.120999 -0.346001 -0.223883 -0.101766 -0.308007 0.192809 -0.101766 -0.346001 0.223882 -0.120999 -0.346001 0.223882 -0.101766 -0.308007 -0.183177 -0.0978445 -0.346001 -0.142471 -0.0843229 -0.346001 -0.101766 -0.0749614 -0.346001 -0.0610597 -0.069077 -0.346001 -0.0610597 -0.0610597 -0.321607 -0.0203538 -0.0662389 -0.346001 -0.0203538 -0.0610597 -0.330497 0.0203521 -0.0662389 -0.346001 0.0203521 -0.0610597 -0.330497 0.061058 -0.069077 -0.346001 0.061058 -0.0610597 -0.321607 0.101764 -0.0749614 -0.346001 0.14247 -0.0843229 -0.346001 0.183176 -0.0978445 -0.346001 -0.0203538 -0.512179 -0.305295 0.0203521 -0.512179 -0.305295 -0.142471 -0.483737 -0.305295 -0.101766 -0.498435 -0.305295 -0.0482588 -0.508825 -0.305295 -0.0610597 -0.50745 -0.305295 -0.0610597 -0.508825 -0.282494 0.0482571 -0.508825 -0.305295 0.061058 -0.50745 -0.305295 0.061058 -0.508825 -0.282494 0.101764 -0.498435 -0.305295 0.14247 -0.483737 -0.305295 -0.223883 -0.432986 -0.305295 -0.17242 -0.468119 -0.305295 -0.183177 -0.462323 -0.305295 0.172418 -0.468119 -0.305295 0.183176 -0.462323 -0.305295 0.223882 -0.432986 -0.305295 -0.230151 -0.427413 -0.305295 -0.264589 -0.39084 -0.305295 0.230149 -0.427413 -0.305295 0.264587 -0.39084 -0.305295 -0.267924 -0.386707 -0.305295 0.267923 -0.386707 -0.305295 -0.293598 -0.346001 -0.305295 -0.305295 -0.315918 -0.305295 0.293597 -0.346001 -0.305295 0.305293 -0.315918 -0.305295 -0.309326 -0.305295 -0.305295 0.309324 -0.305295 -0.305295 -0.316764 -0.264589 -0.305295 0.316762 -0.264589 -0.305295 -0.314946 -0.223883 -0.305295 0.314945 -0.223883 -0.305295 -0.302462 -0.183177 -0.305295 -0.305295 -0.193168 -0.305295 -0.305295 -0.183177 -0.294988 0.302461 -0.183177 -0.305295 0.305293 -0.193168 -0.305295 0.305293 -0.183177 -0.294988 -0.276606 -0.142471 -0.305295 0.276605 -0.142471 -0.305295 -0.225776 -0.101766 -0.305295 -0.264589 -0.131943 -0.305295 0.225775 -0.101766 -0.305295 0.264587 -0.131943 -0.305295 -0.223883 -0.100835 -0.305295 -0.183177 -0.0832263 -0.305295 -0.142471 -0.0705779 -0.305295 -0.095907 -0.0610597 -0.305295 -0.101766 -0.0618895 -0.305295 -0.101766 -0.0610597 -0.301829 0.0959053 -0.0610597 -0.305295 0.101764 -0.0618895 -0.305295 0.101764 -0.0610597 -0.301829 0.14247 -0.0705779 -0.305295 0.183176 -0.0832263 -0.305295 0.223882 -0.100835 -0.305295 -0.0610597 -0.0572187 -0.305295 -0.0203538 -0.0550503 -0.305295 0.0203521 -0.0550503 -0.305295 0.061058 -0.0572187 -0.305295 -0.0610597 -0.509997 -0.264589 -0.0203538 -0.514817 -0.264589 0.0203521 -0.514817 -0.264589 0.061058 -0.509997 -0.264589 -0.142471 -0.487022 -0.264589 -0.0660369 -0.508825 -0.264589 -0.101766 -0.501174 -0.264589 0.0660352 -0.508825 -0.264589 0.101764 -0.501174 -0.264589 0.14247 -0.487022 -0.264589 -0.223883 -0.438072 -0.264589 -0.179208 -0.468119 -0.264589 -0.183177 -0.466038 -0.264589 0.179206 -0.468119 -0.264589 0.183176 -0.466038 -0.264589 0.223882 -0.438072 -0.264589 -0.236116 -0.427413 -0.264589 -0.264589 -0.398186 -0.264589 0.236114 -0.427413 -0.264589 0.264587 -0.398186 -0.264589 -0.274129 -0.386707 -0.264589 0.274128 -0.386707 -0.264589 -0.299967 -0.346001 -0.264589 -0.305295 -0.333314 -0.264589 0.299965 -0.346001 -0.264589 0.305293 -0.333314 -0.264589 -0.316769 -0.305295 -0.264589 0.316768 -0.305295 -0.264589 -0.324999 -0.264589 -0.264589 0.324998 -0.264589 -0.264589 -0.324498 -0.223883 -0.264589 0.324496 -0.223883 -0.264589 -0.313878 -0.183177 -0.264589 0.313876 -0.183177 -0.264589 -0.290618 -0.142471 -0.264589 -0.305295 -0.168657 -0.264589 0.290616 -0.142471 -0.264589 0.305293 -0.168657 -0.264589 -0.245501 -0.101766 -0.264589 -0.264589 -0.118003 -0.264589 0.245499 -0.101766 -0.264589 0.264587 -0.118003 -0.264589 -0.223883 -0.0904883 -0.264589 -0.183177 -0.0734381 -0.264589 -0.1413 -0.0610597 -0.264589 -0.142471 -0.0613236 -0.264589 -0.142471 -0.0610597 -0.2625 0.141298 -0.0610597 -0.264589 0.14247 -0.0613236 -0.264589 0.14247 -0.0610597 -0.2625 0.183176 -0.0734381 -0.264589 0.223882 -0.0904883 -0.264589 -0.101766 -0.0544455 -0.264589 -0.0610597 -0.0502469 -0.264589 -0.0203538 -0.0482515 -0.264589 0.0203521 -0.0482515 -0.264589 0.061058 -0.0502469 -0.264589 0.101764 -0.0544455 -0.264589 -0.0203538 -0.508846 -0.223883 0.0203521 -0.508846 -0.223883 -0.142471 -0.481393 -0.223883 -0.101766 -0.49585 -0.223883 -0.0205339 -0.508825 -0.223883 -0.0610597 -0.504668 -0.223883 -0.0610597 -0.508825 -0.256874 0.0205323 -0.508825 -0.223883 0.061058 -0.504668 -0.223883 0.061058 -0.508825 -0.256874 0.101764 -0.49585 -0.223883 0.14247 -0.481393 -0.223883 -0.223883 -0.432288 -0.223883 -0.168556 -0.468119 -0.223883 -0.183177 -0.460636 -0.223883 0.168554 -0.468119 -0.223883 0.183176 -0.460636 -0.223883 0.223882 -0.432288 -0.223883 -0.229574 -0.427413 -0.223883 -0.264589 -0.392492 -0.223883 0.229572 -0.427413 -0.223883 0.264587 -0.392492 -0.223883 -0.269517 -0.386707 -0.223883 0.269515 -0.386707 -0.223883 -0.297017 -0.346001 -0.223883 -0.305295 -0.327477 -0.223883 0.297015 -0.346001 -0.223883 0.305293 -0.327477 -0.223883 -0.314954 -0.305295 -0.223883 0.314952 -0.305295 -0.223883 -0.324501 -0.264589 -0.223883 0.324499 -0.264589 -0.223883 -0.325351 -0.223883 -0.223883 0.32535 -0.223883 -0.223883 -0.316425 -0.183177 -0.223883 0.316423 -0.183177 -0.223883 -0.295106 -0.142471 -0.223883 -0.305295 -0.162671 -0.223883 0.295104 -0.142471 -0.223883 0.305293 -0.162671 -0.223883 -0.253561 -0.101766 -0.223883 -0.264589 -0.111915 -0.223883 0.253559 -0.101766 -0.223883 0.264587 -0.111915 -0.223883 -0.223883 -0.0854815 -0.223883 -0.159616 -0.0610597 -0.223883 -0.183177 -0.0684155 -0.223883 0.159614 -0.0610597 -0.223883 0.183176 -0.0684155 -0.223883 0.223882 -0.0854815 -0.223883 -0.142471 -0.0572535 -0.223883 -0.101766 -0.0506583 -0.223883 -0.0610597 -0.046643 -0.223883 -0.0203538 -0.0447444 -0.223883 0.0203521 -0.0447444 -0.223883 0.061058 -0.046643 -0.223883 0.101764 -0.0506583 -0.223883 0.14247 -0.0572535 -0.223883 -0.101766 -0.480642 -0.183177 -0.0610597 -0.490327 -0.183177 -0.0203538 -0.494912 -0.183177 -0.0203538 -0.508825 -0.223829 0.0203521 -0.494912 -0.183177 0.0203521 -0.508825 -0.223829 0.061058 -0.490327 -0.183177 0.101764 -0.480642 -0.183177 -0.183177 -0.444356 -0.183177 -0.134524 -0.468119 -0.183177 -0.142471 -0.465224 -0.183177 -0.142471 -0.468119 -0.191156 0.134522 -0.468119 -0.183177 0.14247 -0.465224 -0.183177 0.14247 -0.468119 -0.191156 0.183176 -0.444356 -0.183177 -0.207181 -0.427413 -0.183177 -0.223883 -0.414461 -0.183177 -0.223883 -0.427413 -0.213143 0.207179 -0.427413 -0.183177 0.223882 -0.414461 -0.183177 0.223882 -0.427413 -0.213143 -0.252231 -0.386707 -0.183177 -0.264589 -0.371538 -0.183177 -0.264589 -0.386707 -0.212439 0.25223 -0.386707 -0.183177 0.264587 -0.371538 -0.183177 0.264587 -0.386707 -0.212439 -0.282871 -0.346001 -0.183177 0.282869 -0.346001 -0.183177 -0.302471 -0.305295 -0.183177 -0.305295 -0.295016 -0.183177 -0.305295 -0.305295 -0.19314 0.302469 -0.305295 -0.183177 0.305293 -0.295016 -0.183177 0.305293 -0.305295 -0.19314 -0.313883 -0.264589 -0.183177 0.313881 -0.264589 -0.183177 -0.316427 -0.223883 -0.183177 0.316425 -0.223883 -0.183177 -0.308828 -0.183177 -0.183177 0.308826 -0.183177 -0.183177 -0.289821 -0.142471 -0.183177 -0.305295 -0.176149 -0.183177 0.28982 -0.142471 -0.183177 0.305293 -0.176149 -0.183177 -0.250272 -0.101766 -0.183177 -0.264589 -0.115817 -0.183177 0.250271 -0.101766 -0.183177 0.264587 -0.115817 -0.183177 -0.223883 -0.0867006 -0.183177 -0.159077 -0.0610597 -0.183177 -0.183177 -0.0688213 -0.183177 0.159075 -0.0610597 -0.183177 0.183176 -0.0688213 -0.183177 0.223882 -0.0867006 -0.183177 -0.142471 -0.0572932 -0.183177 -0.101766 -0.0505856 -0.183177 -0.0610597 -0.0465021 -0.183177 -0.0203538 -0.0445569 -0.183177 0.0203521 -0.0445569 -0.183177 0.061058 -0.0465021 -0.183177 0.101764 -0.0505856 -0.183177 0.14247 -0.0572932 -0.183177 -0.142471 -0.436311 -0.142471 -0.101766 -0.452731 -0.142471 -0.101766 -0.468119 -0.165484 -0.0610597 -0.462606 -0.142471 -0.0610597 -0.468119 -0.150998 -0.0203538 -0.46724 -0.142471 -0.0203538 -0.468119 -0.143855 0.0203521 -0.46724 -0.142471 0.0203521 -0.468119 -0.143855 0.061058 -0.462606 -0.142471 0.061058 -0.468119 -0.150998 0.101764 -0.452731 -0.142471 0.101764 -0.468119 -0.165484 0.14247 -0.436311 -0.142471 -0.158278 -0.427413 -0.142471 -0.183177 -0.412883 -0.142471 -0.183177 -0.427413 -0.161296 0.158276 -0.427413 -0.142471 0.183176 -0.412883 -0.142471 0.183176 -0.427413 -0.161296 -0.215764 -0.386707 -0.142471 -0.223883 -0.379048 -0.142471 -0.223883 -0.386707 -0.150846 0.215763 -0.386707 -0.142471 0.223882 -0.379048 -0.142471 0.223882 -0.386707 -0.150846 -0.252538 -0.346001 -0.142471 -0.264589 -0.326505 -0.142471 -0.264589 -0.346001 -0.158362 0.252537 -0.346001 -0.142471 0.264587 -0.326505 -0.142471 0.264587 -0.346001 -0.158362 -0.276616 -0.305295 -0.142471 0.276614 -0.305295 -0.142471 -0.290623 -0.264589 -0.142471 -0.305295 -0.264589 -0.168648 0.290622 -0.264589 -0.142471 0.305293 -0.264589 -0.168648 -0.295108 -0.223883 -0.142471 -0.305295 -0.223883 -0.162666 0.295107 -0.223883 -0.142471 0.305293 -0.223883 -0.162666 -0.289822 -0.183177 -0.142471 -0.305295 -0.183177 -0.176149 0.289821 -0.183177 -0.142471 0.305293 -0.183177 -0.176149 -0.271272 -0.142471 -0.142471 0.27127 -0.142471 -0.142471 -0.232217 -0.101766 -0.142471 -0.264589 -0.135107 -0.142471 0.232216 -0.101766 -0.142471 0.264587 -0.135107 -0.142471 -0.223883 -0.0968712 -0.142471 -0.183177 -0.0768037 -0.142471 -0.13419 -0.0610597 -0.142471 -0.142471 -0.0631065 -0.142471 -0.142471 -0.0610597 -0.154274 0.134188 -0.0610597 -0.142471 0.14247 -0.0631065 -0.142471 0.14247 -0.0610597 -0.154274 0.183176 -0.0768037 -0.142471 0.223882 -0.0968712 -0.142471 -0.101766 -0.0552406 -0.142471 -0.0610597 -0.0504974 -0.142471 -0.0203538 -0.0481151 -0.142471 0.0203521 -0.0481151 -0.142471 0.061058 -0.0504974 -0.142471 0.101764 -0.0552406 -0.142471 -0.142471 -0.427413 -0.135026 -0.101766 -0.404069 -0.101766 -0.101766 -0.427413 -0.120542 -0.0610597 -0.415975 -0.101766 -0.0610597 -0.427413 -0.111268 -0.0203538 -0.421521 -0.101766 -0.0203538 -0.427413 -0.106741 0.0203521 -0.421521 -0.101766 0.0203521 -0.427413 -0.106741 0.061058 -0.415975 -0.101766 0.061058 -0.427413 -0.111268 0.101764 -0.404069 -0.101766 0.101764 -0.427413 -0.120542 0.14247 -0.427413 -0.135026 -0.183177 -0.355078 -0.101766 -0.183177 -0.386707 -0.122531 -0.137612 -0.386707 -0.101766 -0.142471 -0.38425 -0.101766 -0.142471 -0.386707 -0.103498 0.137611 -0.386707 -0.101766 0.14247 -0.38425 -0.101766 0.14247 -0.386707 -0.103498 0.183176 -0.355078 -0.101766 0.183176 -0.386707 -0.122531 -0.192826 -0.346001 -0.101766 -0.223883 -0.308022 -0.101766 -0.223883 -0.346001 -0.120989 0.192825 -0.346001 -0.101766 0.223882 -0.308022 -0.101766 0.223882 -0.346001 -0.120989 -0.225786 -0.305295 -0.101766 -0.264589 -0.305295 -0.131935 0.225784 -0.305295 -0.101766 0.264587 -0.305295 -0.131935 -0.245506 -0.264589 -0.101766 -0.264589 -0.264589 -0.117998 0.245504 -0.264589 -0.101766 0.264587 -0.264589 -0.117998 -0.253564 -0.223883 -0.101766 -0.264589 -0.223883 -0.111912 0.253562 -0.223883 -0.101766 0.264587 -0.223883 -0.111912 -0.250274 -0.183177 -0.101766 -0.264589 -0.183177 -0.115816 0.250272 -0.183177 -0.101766 0.264587 -0.183177 -0.115816 -0.232218 -0.142471 -0.101766 -0.264589 -0.142471 -0.135107 0.232216 -0.142471 -0.101766 0.264587 -0.142471 -0.135107 -0.188871 -0.101766 -0.101766 -0.223883 -0.133706 -0.101766 -0.223883 -0.101766 -0.133706 0.188869 -0.101766 -0.101766 0.223882 -0.133706 -0.101766 0.223882 -0.101766 -0.133706 -0.183177 -0.0988017 -0.101766 -0.142471 -0.0816298 -0.101766 -0.0610608 -0.0610597 -0.101766 -0.101766 -0.0696957 -0.101766 -0.101766 -0.0610597 -0.12181 0.0610592 -0.0610597 -0.101766 0.101764 -0.0696957 -0.101766 0.101764 -0.0610597 -0.12181 0.14247 -0.0816298 -0.101766 0.183176 -0.0988017 -0.101766 -0.0610597 -0.0610595 -0.101766 -0.0203538 -0.0571111 -0.101766 0.0203521 -0.0571111 -0.101766 0.061058 -0.0610595 -0.101766 -0.101766 -0.386707 -0.0928231 -0.0610597 -0.386707 -0.0863364 -0.0203538 -0.386707 -0.0831981 0.0203521 -0.386707 -0.0831981 0.061058 -0.386707 -0.0863364 0.101764 -0.386707 -0.0928231 -0.183177 -0.346001 -0.0978382 -0.142471 -0.346001 -0.0843178 -0.101766 -0.346001 -0.0749573 -0.0610597 -0.321616 -0.0610597 -0.0610597 -0.346001 -0.0690732 -0.0203538 -0.330506 -0.0610597 -0.0203538 -0.346001 -0.0662355 0.0203521 -0.330506 -0.0610597 0.0203521 -0.346001 -0.0662355 0.061058 -0.321616 -0.0610597 0.061058 -0.346001 -0.0690732 0.101764 -0.346001 -0.0749573 0.14247 -0.346001 -0.0843178 0.183176 -0.346001 -0.0978382 -0.223883 -0.305295 -0.10083 -0.183177 -0.305295 -0.0832229 -0.142471 -0.305295 -0.0705752 -0.0959222 -0.305295 -0.0610597 -0.101766 -0.301838 -0.0610597 -0.101766 -0.305295 -0.0618873 0.0959204 -0.305295 -0.0610597 0.101764 -0.301838 -0.0610597 0.101764 -0.305295 -0.0618873 0.14247 -0.305295 -0.0705752 0.183176 -0.305295 -0.0832229 0.223882 -0.305295 -0.10083 -0.223883 -0.264589 -0.0904859 -0.183177 -0.264589 -0.0734363 -0.141307 -0.264589 -0.0610597 -0.142471 -0.262511 -0.0610597 -0.142471 -0.264589 -0.0613221 0.141305 -0.264589 -0.0610597 0.14247 -0.262511 -0.0610597 0.14247 -0.264589 -0.0613221 0.183176 -0.264589 -0.0734363 0.223882 -0.264589 -0.0904859 -0.223883 -0.223883 -0.0854802 -0.159619 -0.223883 -0.0610597 -0.183177 -0.223883 -0.0684145 0.159617 -0.223883 -0.0610597 0.183176 -0.223883 -0.0684145 0.223882 -0.223883 -0.0854802 -0.223883 -0.183177 -0.0866997 -0.159078 -0.183177 -0.0610597 -0.183177 -0.183177 -0.0688207 0.159077 -0.183177 -0.0610597 0.183176 -0.183177 -0.0688207 0.223882 -0.183177 -0.0866997 -0.223883 -0.142471 -0.0968709 -0.183177 -0.142471 -0.0768034 -0.13419 -0.142471 -0.0610597 -0.142471 -0.154272 -0.0610597 -0.142471 -0.142471 -0.0631063 0.134189 -0.142471 -0.0610597 0.14247 -0.154272 -0.0610597 0.14247 -0.142471 -0.0631063 0.183176 -0.142471 -0.0768034 0.223882 -0.142471 -0.0968709 -0.183177 -0.101766 -0.0988017 -0.142471 -0.101766 -0.0816298 -0.061062 -0.101766 -0.0610597 -0.101766 -0.12181 -0.0610597 -0.101766 -0.101766 -0.0696955 0.0610603 -0.101766 -0.0610597 0.101764 -0.12181 -0.0610597 0.101764 -0.101766 -0.0696955 0.14247 -0.101766 -0.0816298 0.183176 -0.101766 -0.0988017 -0.0610597 -0.101765 -0.0610597 -0.0610597 -0.0610597 -0.101765 -0.0203538 -0.0926616 -0.0610597 -0.0203538 -0.0610597 -0.0926616 0.0203521 -0.0926616 -0.0610597 0.0203521 -0.0610597 -0.0926616 0.061058 -0.101765 -0.0610597 0.061058 -0.0610597 -0.101765 -0.0610597 -0.305295 -0.0572171 -0.0203538 -0.305295 -0.0550488 0.0203521 -0.305295 -0.0550488 0.061058 -0.305295 -0.0572171 -0.101766 -0.264589 -0.0544445 -0.0610597 -0.264589 -0.050246 -0.0203538 -0.264589 -0.0482507 0.0203521 -0.264589 -0.0482507 0.061058 -0.264589 -0.050246 0.101764 -0.264589 -0.0544445 -0.142471 -0.223883 -0.0572528 -0.101766 -0.223883 -0.0506577 -0.0610597 -0.223883 -0.0466425 -0.0203538 -0.223883 -0.0447438 0.0203521 -0.223883 -0.0447438 0.061058 -0.223883 -0.0466425 0.101764 -0.223883 -0.0506577 0.14247 -0.223883 -0.0572528 -0.142471 -0.183177 -0.0572928 -0.101766 -0.183177 -0.0505853 -0.0610597 -0.183177 -0.0465018 -0.0203538 -0.183177 -0.0445568 0.0203521 -0.183177 -0.0445568 0.061058 -0.183177 -0.0465018 0.101764 -0.183177 -0.0505853 0.14247 -0.183177 -0.0572928 -0.101766 -0.142471 -0.0552406 -0.0610597 -0.142471 -0.0504973 -0.0203538 -0.142471 -0.048115 0.0203521 -0.142471 -0.048115 0.061058 -0.142471 -0.0504973 0.101764 -0.142471 -0.0552406 -0.0610597 -0.101766 -0.0610593 -0.0203538 -0.101766 -0.0571111 0.0203521 -0.101766 -0.0571111 0.061058 -0.101766 -0.0610593 -0.0610597 0.101764 0.0610576 -0.0203538 0.101764 0.0571094 0.0203521 0.101764 0.0571094 0.061058 0.101764 0.0610576 -0.101766 0.14247 0.0552388 -0.0610597 0.14247 0.0504956 -0.0203538 0.14247 0.0481133 0.0203521 0.14247 0.0481133 0.061058 0.14247 0.0504956 0.101764 0.14247 0.0552388 -0.142471 0.183176 0.0572911 -0.101766 0.183176 0.0505836 -0.0610597 0.183176 0.0465001 -0.0203538 0.183176 0.0445551 0.0203521 0.183176 0.0445551 0.061058 0.183176 0.0465001 0.101764 0.183176 0.0505836 0.14247 0.183176 0.0572911 -0.142471 0.223882 0.0572512 -0.101766 0.223882 0.0506561 -0.0610597 0.223882 0.0466408 -0.0203538 0.223882 0.0447421 0.0203521 0.223882 0.0447421 0.061058 0.223882 0.0466408 0.101764 0.223882 0.0506561 0.14247 0.223882 0.0572512 -0.101766 0.264587 0.0544428 -0.0610597 0.264587 0.0502443 -0.0203538 0.264587 0.0482491 0.0203521 0.264587 0.0482491 0.061058 0.264587 0.0502443 0.101764 0.264587 0.0544428 -0.0610597 0.305293 0.0572154 -0.0203538 0.305293 0.0550471 0.0203521 0.305293 0.0550471 0.061058 0.305293 0.0572154 -0.0610597 0.101763 0.061058 -0.0610597 0.061058 0.101763 -0.0203538 0.0926599 0.061058 -0.0203538 0.061058 0.0926599 0.0203521 0.0926599 0.061058 0.0203521 0.061058 0.0926599 0.061058 0.101763 0.061058 0.061058 0.061058 0.101763 -0.183177 0.101764 0.0988001 -0.142471 0.101764 0.081628 -0.061062 0.101764 0.061058 -0.101766 0.121808 0.061058 -0.101766 0.101764 0.0696937 0.0610603 0.101764 0.061058 0.101764 0.121808 0.061058 0.101764 0.101764 0.0696937 0.14247 0.101764 0.081628 0.183176 0.101764 0.0988001 -0.223883 0.14247 0.0968692 -0.183177 0.14247 0.0768017 -0.13419 0.14247 0.061058 -0.142471 0.154271 0.061058 -0.142471 0.14247 0.0631046 0.134189 0.14247 0.061058 0.14247 0.154271 0.061058 0.14247 0.14247 0.0631046 0.183176 0.14247 0.0768017 0.223882 0.14247 0.0968692 -0.223883 0.183176 0.086698 -0.159078 0.183176 0.061058 -0.183177 0.183176 0.068819 0.159077 0.183176 0.061058 0.183176 0.183176 0.068819 0.223882 0.183176 0.086698 -0.223883 0.223882 0.0854785 -0.159619 0.223882 0.061058 -0.183177 0.223882 0.0684128 0.159617 0.223882 0.061058 0.183176 0.223882 0.0684128 0.223882 0.223882 0.0854785 -0.223883 0.264587 0.0904841 -0.183177 0.264587 0.0734345 -0.141307 0.264587 0.061058 -0.142471 0.262509 0.061058 -0.142471 0.264587 0.0613204 0.141305 0.264587 0.061058 0.14247 0.262509 0.061058 0.14247 0.264587 0.0613204 0.183176 0.264587 0.0734345 0.223882 0.264587 0.0904841 -0.223883 0.305293 0.100829 -0.183177 0.305293 0.0832212 -0.142471 0.305293 0.0705735 -0.0959222 0.305293 0.061058 -0.101766 0.301836 0.061058 -0.101766 0.305293 0.0618857 0.0959204 0.305293 0.061058 0.101764 0.301836 0.061058 0.101764 0.305293 0.0618857 0.14247 0.305293 0.0705735 0.183176 0.305293 0.0832212 0.223882 0.305293 0.100829 -0.183177 0.345999 0.0978366 -0.142471 0.345999 0.0843161 -0.101766 0.345999 0.0749556 -0.0610597 0.321614 0.061058 -0.0610597 0.345999 0.0690715 -0.0203538 0.330504 0.061058 -0.0203538 0.345999 0.0662338 0.0203521 0.330504 0.061058 0.0203521 0.345999 0.0662338 0.061058 0.321614 0.061058 0.061058 0.345999 0.0690715 0.101764 0.345999 0.0749556 0.14247 0.345999 0.0843161 0.183176 0.345999 0.0978366 -0.101766 0.386705 0.0928214 -0.0610597 0.386705 0.0863346 -0.0203538 0.386705 0.0831965 0.0203521 0.386705 0.0831965 0.061058 0.386705 0.0863346 0.101764 0.386705 0.0928214 -0.0610597 0.0610579 0.101764 -0.0203538 0.0571094 0.101764 0.0203521 0.0571094 0.101764 0.061058 0.0610579 0.101764 -0.183177 0.0988001 0.101764 -0.142471 0.081628 0.101764 -0.0610608 0.061058 0.101764 -0.101766 0.0696939 0.101764 -0.101766 0.061058 0.121809 0.0610592 0.061058 0.101764 0.101764 0.0696939 0.101764 0.101764 0.061058 0.121809 0.14247 0.081628 0.101764 0.183176 0.0988001 0.101764 -0.188871 0.101764 0.101764 -0.223883 0.133704 0.101764 -0.223883 0.101764 0.133704 0.188869 0.101764 0.101764 0.223882 0.133704 0.101764 0.223882 0.101764 0.133704 -0.232218 0.14247 0.101764 -0.264589 0.14247 0.135105 0.232216 0.14247 0.101764 0.264587 0.14247 0.135105 -0.250274 0.183176 0.101764 -0.264589 0.183176 0.115814 0.250272 0.183176 0.101764 0.264587 0.183176 0.115814 -0.253564 0.223882 0.101764 -0.264589 0.223882 0.11191 0.253562 0.223882 0.101764 0.264587 0.223882 0.11191 -0.245506 0.264587 0.101764 -0.264589 0.264587 0.117996 0.245504 0.264587 0.101764 0.264587 0.264587 0.117996 -0.225786 0.305293 0.101764 -0.264589 0.305293 0.131934 0.225784 0.305293 0.101764 0.264587 0.305293 0.131934 -0.192826 0.345999 0.101764 -0.223883 0.30802 0.101764 -0.223883 0.345999 0.120987 0.192825 0.345999 0.101764 0.223882 0.30802 0.101764 0.223882 0.345999 0.120987 -0.183177 0.355076 0.101764 -0.183177 0.386705 0.122529 -0.137612 0.386705 0.101764 -0.142471 0.384248 0.101764 -0.142471 0.386705 0.103496 0.137611 0.386705 0.101764 0.14247 0.384248 0.101764 0.14247 0.386705 0.103496 0.183176 0.355076 0.101764 0.183176 0.386705 0.122529 -0.142471 0.427411 0.135024 -0.101766 0.404067 0.101764 -0.101766 0.427411 0.120541 -0.0610597 0.415974 0.101764 -0.0610597 0.427411 0.111266 -0.0203538 0.421519 0.101764 -0.0203538 0.427411 0.106739 0.0203521 0.421519 0.101764 0.0203521 0.427411 0.106739 0.061058 0.415974 0.101764 0.061058 0.427411 0.111266 0.101764 0.404067 0.101764 0.101764 0.427411 0.120541 0.14247 0.427411 0.135024 -0.101766 0.0552389 0.14247 -0.0610597 0.0504956 0.14247 -0.0203538 0.0481134 0.14247 0.0203521 0.0481134 0.14247 0.061058 0.0504956 0.14247 0.101764 0.0552389 0.14247 -0.223883 0.0968695 0.14247 -0.183177 0.076802 0.14247 -0.13419 0.061058 0.14247 -0.142471 0.0631048 0.14247 -0.142471 0.061058 0.154272 0.134188 0.061058 0.14247 0.14247 0.0631048 0.14247 0.14247 0.061058 0.154272 0.183176 0.076802 0.14247 0.223882 0.0968695 0.14247 -0.232217 0.101764 0.14247 -0.264589 0.135105 0.14247 0.232216 0.101764 0.14247 0.264587 0.135105 0.14247 -0.271272 0.14247 0.14247 0.27127 0.14247 0.14247 -0.289822 0.183176 0.14247 -0.305295 0.183176 0.176147 0.289821 0.183176 0.14247 0.305293 0.183176 0.176147 -0.295108 0.223882 0.14247 -0.305295 0.223882 0.162665 0.295107 0.223882 0.14247 0.305293 0.223882 0.162665 -0.290623 0.264587 0.14247 -0.305295 0.264587 0.168647 0.290622 0.264587 0.14247 0.305293 0.264587 0.168647 -0.276616 0.305293 0.14247 0.276614 0.305293 0.14247 -0.252538 0.345999 0.14247 -0.264589 0.326503 0.14247 -0.264589 0.345999 0.15836 0.252537 0.345999 0.14247 0.264587 0.326503 0.14247 0.264587 0.345999 0.15836 -0.215764 0.386705 0.14247 -0.223883 0.379046 0.14247 -0.223883 0.386705 0.150844 0.215763 0.386705 0.14247 0.223882 0.379046 0.14247 0.223882 0.386705 0.150844 -0.158278 0.427411 0.14247 -0.183177 0.412882 0.14247 -0.183177 0.427411 0.161294 0.158276 0.427411 0.14247 0.183176 0.412882 0.14247 0.183176 0.427411 0.161294 -0.142471 0.436309 0.14247 -0.101766 0.452729 0.14247 -0.101766 0.468117 0.165483 -0.0610597 0.462605 0.14247 -0.0610597 0.468117 0.150996 -0.0203538 0.467238 0.14247 -0.0203538 0.468117 0.143853 0.0203521 0.467238 0.14247 0.0203521 0.468117 0.143853 0.061058 0.462605 0.14247 0.061058 0.468117 0.150996 0.101764 0.452729 0.14247 0.101764 0.468117 0.165483 0.14247 0.436309 0.14247 -0.142471 0.0572915 0.183176 -0.101766 0.0505838 0.183176 -0.0610597 0.0465004 0.183176 -0.0203538 0.0445552 0.183176 0.0203521 0.0445552 0.183176 0.061058 0.0465004 0.183176 0.101764 0.0505838 0.183176 0.14247 0.0572915 0.183176 -0.223883 0.0866989 0.183176 -0.159077 0.061058 0.183176 -0.183177 0.0688195 0.183176 0.159075 0.061058 0.183176 0.183176 0.0688195 0.183176 0.223882 0.0866989 0.183176 -0.250272 0.101764 0.183176 -0.264589 0.115815 0.183176 0.250271 0.101764 0.183176 0.264587 0.115815 0.183176 -0.289821 0.14247 0.183176 -0.305295 0.176148 0.183176 0.28982 0.14247 0.183176 0.305293 0.176148 0.183176 -0.308828 0.183176 0.183176 0.308826 0.183176 0.183176 -0.316427 0.223882 0.183176 0.316425 0.223882 0.183176 -0.313883 0.264587 0.183176 0.313881 0.264587 0.183176 -0.302471 0.305293 0.183176 -0.305295 0.295014 0.183176 -0.305295 0.305293 0.193138 0.302469 0.305293 0.183176 0.305293 0.295014 0.183176 0.305293 0.305293 0.193138 -0.282871 0.345999 0.183176 0.282869 0.345999 0.183176 -0.252231 0.386705 0.183176 -0.264589 0.371536 0.183176 -0.264589 0.386705 0.212437 0.25223 0.386705 0.183176 0.264587 0.371536 0.183176 0.264587 0.386705 0.212437 -0.207181 0.427411 0.183176 -0.223883 0.414459 0.183176 -0.223883 0.427411 0.213142 0.207179 0.427411 0.183176 0.223882 0.414459 0.183176 0.223882 0.427411 0.213142 -0.183177 0.444354 0.183176 -0.134524 0.468117 0.183176 -0.142471 0.465222 0.183176 -0.142471 0.468117 0.191155 0.134522 0.468117 0.183176 0.14247 0.465222 0.183176 0.14247 0.468117 0.191155 0.183176 0.444354 0.183176 -0.101766 0.48064 0.183176 -0.0610597 0.490326 0.183176 -0.0203538 0.49491 0.183176 -0.0203538 0.508823 0.223828 0.0203521 0.49491 0.183176 0.0203521 0.508823 0.223828 0.061058 0.490326 0.183176 0.101764 0.48064 0.183176 -0.142471 0.0572518 0.223882 -0.101766 0.0506566 0.223882 -0.0610597 0.0466413 0.223882 -0.0203538 0.0447426 0.223882 0.0203521 0.0447426 0.223882 0.061058 0.0466413 0.223882 0.101764 0.0506566 0.223882 0.14247 0.0572518 0.223882 -0.223883 0.0854797 0.223882 -0.159616 0.061058 0.223882 -0.183177 0.0684138 0.223882 0.159614 0.061058 0.223882 0.183176 0.0684138 0.223882 0.223882 0.0854797 0.223882 -0.253561 0.101764 0.223882 -0.264589 0.111913 0.223882 0.253559 0.101764 0.223882 0.264587 0.111913 0.223882 -0.295106 0.14247 0.223882 -0.305295 0.162669 0.223882 0.295104 0.14247 0.223882 0.305293 0.162669 0.223882 -0.316425 0.183176 0.223882 0.316423 0.183176 0.223882 -0.325351 0.223882 0.223882 0.32535 0.223882 0.223882 -0.324501 0.264587 0.223882 0.324499 0.264587 0.223882 -0.314954 0.305293 0.223882 0.314952 0.305293 0.223882 -0.297017 0.345999 0.223882 -0.305295 0.327475 0.223882 0.297015 0.345999 0.223882 0.305293 0.327475 0.223882 -0.269517 0.386705 0.223882 0.269515 0.386705 0.223882 -0.229574 0.427411 0.223882 -0.264589 0.39249 0.223882 0.229572 0.427411 0.223882 0.264587 0.39249 0.223882 -0.223883 0.432286 0.223882 -0.168556 0.468117 0.223882 -0.183177 0.460634 0.223882 0.168554 0.468117 0.223882 0.183176 0.460634 0.223882 0.223882 0.432286 0.223882 -0.142471 0.481391 0.223882 -0.101766 0.495848 0.223882 -0.0205339 0.508823 0.223882 -0.0610597 0.504667 0.223882 -0.0610597 0.508823 0.256872 0.0205323 0.508823 0.223882 0.061058 0.504667 0.223882 0.061058 0.508823 0.256872 0.101764 0.495848 0.223882 0.14247 0.481391 0.223882 -0.0203538 0.508844 0.223882 0.0203521 0.508844 0.223882 -0.101766 0.0544438 0.264587 -0.0610597 0.0502452 0.264587 -0.0203538 0.0482498 0.264587 0.0203521 0.0482498 0.264587 0.061058 0.0502452 0.264587 0.101764 0.0544438 0.264587 -0.223883 0.0904866 0.264587 -0.183177 0.0734364 0.264587 -0.1413 0.061058 0.264587 -0.142471 0.0613219 0.264587 -0.142471 0.061058 0.262498 0.141298 0.061058 0.264587 0.14247 0.0613219 0.264587 0.14247 0.061058 0.262498 0.183176 0.0734364 0.264587 0.223882 0.0904866 0.264587 -0.245501 0.101764 0.264587 -0.264589 0.118001 0.264587 0.245499 0.101764 0.264587 0.264587 0.118001 0.264587 -0.290618 0.14247 0.264587 -0.305295 0.168656 0.264587 0.290616 0.14247 0.264587 0.305293 0.168656 0.264587 -0.313878 0.183176 0.264587 0.313876 0.183176 0.264587 -0.324498 0.223882 0.264587 0.324496 0.223882 0.264587 -0.324999 0.264587 0.264587 0.324998 0.264587 0.264587 -0.316769 0.305293 0.264587 0.316768 0.305293 0.264587 -0.299967 0.345999 0.264587 -0.305295 0.333312 0.264587 0.299965 0.345999 0.264587 0.305293 0.333312 0.264587 -0.274129 0.386705 0.264587 0.274128 0.386705 0.264587 -0.236116 0.427411 0.264587 -0.264589 0.398184 0.264587 0.236114 0.427411 0.264587 0.264587 0.398184 0.264587 -0.223883 0.438071 0.264587 -0.179208 0.468117 0.264587 -0.183177 0.466036 0.264587 0.179206 0.468117 0.264587 0.183176 0.466036 0.264587 0.223882 0.438071 0.264587 -0.142471 0.48702 0.264587 -0.0660369 0.508823 0.264587 -0.101766 0.501173 0.264587 0.0660352 0.508823 0.264587 0.101764 0.501173 0.264587 0.14247 0.48702 0.264587 -0.0610597 0.509995 0.264587 -0.0203538 0.514816 0.264587 0.0203521 0.514816 0.264587 0.061058 0.509995 0.264587 -0.0610597 0.0572169 0.305293 -0.0203538 0.0550485 0.305293 0.0203521 0.0550485 0.305293 0.061058 0.0572169 0.305293 -0.223883 0.100834 0.305293 -0.183177 0.0832246 0.305293 -0.142471 0.0705763 0.305293 -0.095907 0.061058 0.305293 -0.101766 0.0618878 0.305293 -0.101766 0.061058 0.301827 0.0959053 0.061058 0.305293 0.101764 0.0618878 0.305293 0.101764 0.061058 0.301827 0.14247 0.0705763 0.305293 0.183176 0.0832246 0.305293 0.223882 0.100834 0.305293 -0.225776 0.101764 0.305293 -0.264589 0.131941 0.305293 0.225775 0.101764 0.305293 0.264587 0.131941 0.305293 -0.276606 0.14247 0.305293 0.276605 0.14247 0.305293 -0.302462 0.183176 0.305293 -0.305295 0.193167 0.305293 -0.305295 0.183176 0.294987 0.302461 0.183176 0.305293 0.305293 0.193167 0.305293 0.305293 0.183176 0.294987 -0.314946 0.223882 0.305293 0.314945 0.223882 0.305293 -0.316764 0.264587 0.305293 0.316762 0.264587 0.305293 -0.309326 0.305293 0.305293 0.309324 0.305293 0.305293 -0.293598 0.345999 0.305293 -0.305295 0.315916 0.305293 0.293597 0.345999 0.305293 0.305293 0.315916 0.305293 -0.267924 0.386705 0.305293 0.267923 0.386705 0.305293 -0.230151 0.427411 0.305293 -0.264589 0.390839 0.305293 0.230149 0.427411 0.305293 0.264587 0.390839 0.305293 -0.223883 0.432985 0.305293 -0.17242 0.468117 0.305293 -0.183177 0.462322 0.305293 0.172418 0.468117 0.305293 0.183176 0.462322 0.305293 0.223882 0.432985 0.305293 -0.142471 0.483735 0.305293 -0.101766 0.498433 0.305293 -0.0482588 0.508823 0.305293 -0.0610597 0.507448 0.305293 -0.0610597 0.508823 0.282492 0.0482571 0.508823 0.305293 0.061058 0.507448 0.305293 0.061058 0.508823 0.282492 0.101764 0.498433 0.305293 0.14247 0.483735 0.305293 -0.0203538 0.512178 0.305293 0.0203521 0.512178 0.305293 -0.183177 0.0978428 0.345999 -0.142471 0.0843212 0.345999 -0.101766 0.0749598 0.345999 -0.0610597 0.0690753 0.345999 -0.0610597 0.061058 0.321605 -0.0203538 0.0662372 0.345999 -0.0203538 0.061058 0.330496 0.0203521 0.0662372 0.345999 0.0203521 0.061058 0.330496 0.061058 0.0690753 0.345999 0.061058 0.061058 0.321605 0.101764 0.0749598 0.345999 0.14247 0.0843212 0.345999 0.183176 0.0978428 0.345999 -0.19281 0.101764 0.345999 -0.223883 0.120998 0.345999 -0.223883 0.101764 0.308006 0.192809 0.101764 0.345999 0.223882 0.120998 0.345999 0.223882 0.101764 0.308006 -0.252523 0.14247 0.345999 -0.264589 0.158382 0.345999 -0.264589 0.14247 0.326482 0.252521 0.14247 0.345999 0.264587 0.158382 0.345999 0.264587 0.14247 0.326482 -0.282854 0.183176 0.345999 0.282853 0.183176 0.345999 -0.297002 0.223882 0.345999 -0.305295 0.223882 0.327449 0.297 0.223882 0.345999 0.305293 0.223882 0.327449 -0.299955 0.264587 0.345999 -0.305295 0.264587 0.333289 0.299954 0.264587 0.345999 0.305293 0.264587 0.333289 -0.29359 0.305293 0.345999 -0.305295 0.305293 0.315911 0.293588 0.305293 0.345999 0.305293 0.305293 0.315911 -0.277796 0.345999 0.345999 0.277794 0.345999 0.345999 -0.251538 0.386705 0.345999 -0.264589 0.367646 0.345999 -0.264589 0.386705 0.314068 0.251536 0.386705 0.345999 0.264587 0.367646 0.345999 0.264587 0.386705 0.314068 -0.211773 0.427411 0.345999 -0.223883 0.416743 0.345999 -0.223883 0.427411 0.320366 0.211772 0.427411 0.345999 0.223882 0.416743 0.345999 0.223882 0.427411 0.320366 -0.148927 0.468117 0.345999 -0.183177 0.449078 0.345999 0.148925 0.468117 0.345999 0.183176 0.449078 0.345999 -0.142471 0.471537 0.345999 -0.101766 0.487548 0.345999 -0.0610597 0.497409 0.345999 -0.0203538 0.502107 0.345999 -0.0203538 0.508823 0.318617 0.0203521 0.502107 0.345999 0.0203521 0.508823 0.318617 0.061058 0.497409 0.345999 0.101764 0.487548 0.345999 0.14247 0.471537 0.345999 -0.101766 0.0928293 0.386705 -0.0610597 0.0863419 0.386705 -0.0203538 0.0832032 0.386705 0.0203521 0.0832032 0.386705 0.061058 0.0863419 0.386705 0.101764 0.0928293 0.386705 -0.183177 0.122545 0.386705 -0.183177 0.101764 0.35506 -0.137578 0.101764 0.386705 -0.142471 0.103509 0.386705 -0.142471 0.101764 0.384231 0.137576 0.101764 0.386705 0.14247 0.103509 0.386705 0.14247 0.101764 0.384231 0.183176 0.122545 0.386705 0.183176 0.101764 0.35506 -0.215737 0.14247 0.386705 -0.223883 0.150873 0.386705 -0.223883 0.14247 0.379022 0.215735 0.14247 0.386705 0.223882 0.150873 0.386705 0.223882 0.14247 0.379022 -0.252204 0.183176 0.386705 -0.264589 0.2125 0.386705 -0.264589 0.183176 0.371507 0.252202 0.183176 0.386705 0.264587 0.2125 0.386705 0.264587 0.183176 0.371507 -0.26949 0.223882 0.386705 0.269488 0.223882 0.386705 -0.274104 0.264587 0.386705 0.274103 0.264587 0.386705 -0.267904 0.305293 0.386705 0.267902 0.305293 0.386705 -0.251525 0.345999 0.386705 -0.264589 0.314018 0.386705 -0.264589 0.345999 0.367635 0.251523 0.345999 0.386705 0.264587 0.314018 0.386705 0.264587 0.345999 0.367635 -0.223441 0.386705 0.386705 -0.223883 0.386164 0.386705 -0.223883 0.386705 0.386164 0.22344 0.386705 0.386705 0.223882 0.386164 0.386705 0.223882 0.386705 0.386164 -0.178764 0.427411 0.386705 -0.183177 0.424282 0.386705 -0.183177 0.427411 0.382281 0.178762 0.427411 0.386705 0.183176 0.424282 0.386705 0.183176 0.427411 0.382281 -0.142471 0.450029 0.386705 -0.142471 0.468117 0.352967 -0.0983809 0.468117 0.386705 -0.101766 0.467194 0.386705 -0.101766 0.468117 0.385003 0.0983793 0.468117 0.386705 0.101764 0.467194 0.386705 0.101764 0.468117 0.385003 0.14247 0.450029 0.386705 0.14247 0.468117 0.352967 -0.0610597 0.478346 0.386705 -0.0203538 0.483702 0.386705 0.0203521 0.483702 0.386705 0.061058 0.478346 0.386705 -0.142471 0.135047 0.427411 -0.101766 0.120561 0.427411 -0.101766 0.101764 0.404048 -0.0610597 0.111284 0.427411 -0.0610597 0.101764 0.415955 -0.0203538 0.106756 0.427411 -0.0203538 0.101764 0.421501 0.0203521 0.106756 0.427411 0.0203521 0.101764 0.421501 0.061058 0.111284 0.427411 0.061058 0.101764 0.415955 0.101764 0.120561 0.427411 0.101764 0.101764 0.404048 0.14247 0.135047 0.427411 -0.158227 0.14247 0.427411 -0.183177 0.161335 0.427411 -0.183177 0.14247 0.412855 0.158225 0.14247 0.427411 0.183176 0.161335 0.427411 0.183176 0.14247 0.412855 -0.207134 0.183176 0.427411 -0.223883 0.213228 0.427411 -0.223883 0.183176 0.414425 0.207132 0.183176 0.427411 0.223882 0.213228 0.427411 0.223882 0.183176 0.414425 -0.229528 0.223882 0.427411 -0.264589 0.223882 0.392456 0.229526 0.223882 0.427411 0.264587 0.223882 0.392456 -0.23607 0.264587 0.427411 -0.264589 0.264587 0.398149 0.236069 0.264587 0.427411 0.264587 0.264587 0.398149 -0.230109 0.305293 0.427411 -0.264589 0.305293 0.390811 0.230107 0.305293 0.427411 0.264587 0.305293 0.390811 -0.211736 0.345999 0.427411 -0.223883 0.320273 0.427411 -0.223883 0.345999 0.416715 0.211735 0.345999 0.427411 0.223882 0.320273 0.427411 0.223882 0.345999 0.416715 -0.178738 0.386705 0.427411 -0.183177 0.382253 0.427411 -0.183177 0.386705 0.424265 0.178736 0.386705 0.427411 0.183176 0.382253 0.427411 0.183176 0.386705 0.424265 -0.119267 0.427411 0.427411 -0.142471 0.414853 0.427411 -0.142471 0.427411 0.41486 0.119266 0.427411 0.427411 0.14247 0.414853 0.427411 0.14247 0.427411 0.41486 -0.101766 0.435867 0.427411 -0.0610597 0.448597 0.427411 -0.0610597 0.468117 0.40195 -0.0203538 0.454658 0.427411 -0.0203538 0.468117 0.409878 0.0203521 0.454658 0.427411 0.0203521 0.468117 0.409878 0.061058 0.448597 0.427411 0.061058 0.468117 0.40195 0.101764 0.435867 0.427411 -0.142471 0.14247 0.436279 -0.101766 0.165537 0.468117 -0.101766 0.14247 0.452698 -0.0610597 0.151046 0.468117 -0.0610597 0.14247 0.462574 -0.0203538 0.1439 0.468117 -0.0203538 0.14247 0.467208 0.0203521 0.1439 0.468117 0.0203521 0.14247 0.467208 0.061058 0.151046 0.468117 0.061058 0.14247 0.462574 0.101764 0.165537 0.468117 0.101764 0.14247 0.452698 0.14247 0.14247 0.436279 -0.183177 0.183176 0.444316 -0.134418 0.183176 0.468117 -0.142471 0.191262 0.468117 -0.142471 0.183176 0.465184 0.134416 0.183176 0.468117 0.14247 0.191262 0.468117 0.14247 0.183176 0.465184 0.183176 0.183176 0.444316 -0.223883 0.223882 0.432245 -0.168466 0.223882 0.468117 -0.183177 0.223882 0.460591 0.168465 0.223882 0.468117 0.183176 0.223882 0.460591 0.223882 0.223882 0.432245 -0.223883 0.264587 0.438027 -0.179118 0.264587 0.468117 -0.183177 0.264587 0.46599 0.179117 0.264587 0.468117 0.183176 0.264587 0.46599 0.223882 0.264587 0.438027 -0.223883 0.305293 0.432945 -0.172331 0.305293 0.468117 -0.183177 0.305293 0.462277 0.17233 0.305293 0.468117 0.183176 0.305293 0.462277 0.223882 0.305293 0.432945 -0.148843 0.345999 0.468117 -0.183177 0.345999 0.449041 0.148842 0.345999 0.468117 0.183176 0.345999 0.449041 -0.142471 0.352881 0.468117 -0.142471 0.386705 0.450001 -0.0982562 0.386705 0.468117 -0.101766 0.384939 0.468117 -0.101766 0.386705 0.46716 0.0982546 0.386705 0.468117 0.101764 0.384939 0.468117 0.101764 0.386705 0.46716 0.14247 0.352881 0.468117 0.14247 0.386705 0.450001 -0.101766 0.427411 0.435863 -0.0610597 0.401907 0.468117 -0.0610597 0.427411 0.448585 -0.0203538 0.409841 0.468117 -0.0203538 0.427411 0.454644 0.0203521 0.409841 0.468117 0.0203521 0.427411 0.454644 0.061058 0.401907 0.468117 0.061058 0.427411 0.448585 0.101764 0.427411 0.435863 -0.101766 0.183176 0.480596 -0.0610597 0.183176 0.490282 -0.0203538 0.183176 0.494867 0.0203521 0.183176 0.494867 0.061058 0.183176 0.490282 0.101764 0.183176 0.480596 -0.142471 0.223882 0.481341 -0.101766 0.223882 0.495798 -0.0610597 0.257282 0.508823 -0.0610597 0.223882 0.504618 -0.0203538 0.224136 0.508823 -0.0203538 0.223882 0.508792 0.0203521 0.224136 0.508823 0.0203521 0.223882 0.508792 0.061058 0.257282 0.508823 0.061058 0.223882 0.504618 0.101764 0.223882 0.495798 0.14247 0.223882 0.481341 -0.142471 0.264587 0.486966 -0.0657718 0.264587 0.508823 -0.101766 0.264587 0.501119 0.0657701 0.264587 0.508823 0.101764 0.264587 0.501119 0.14247 0.264587 0.486966 -0.142471 0.305293 0.483682 -0.101766 0.305293 0.498378 -0.0477388 0.305293 0.508823 -0.0610597 0.281549 0.508823 -0.0610597 0.305293 0.507392 0.0477371 0.305293 0.508823 0.061058 0.281549 0.508823 0.061058 0.305293 0.507392 0.101764 0.305293 0.498378 0.14247 0.305293 0.483682 -0.142471 0.345999 0.471491 -0.101766 0.345999 0.487497 -0.0610597 0.345999 0.497357 -0.0203538 0.318375 0.508823 -0.0203538 0.345999 0.502054 0.0203521 0.318375 0.508823 0.0203521 0.345999 0.502054 0.061058 0.345999 0.497357 0.101764 0.345999 0.487497 0.14247 0.345999 0.471491 -0.0610597 0.386705 0.478307 -0.0203538 0.386705 0.483661 0.0203521 0.386705 0.483661 0.061058 0.386705 0.478307 -0.0610597 0.264587 0.509932 -0.0203538 0.264587 0.514752 0.0203521 0.264587 0.514752 0.061058 0.264587 0.509932 -0.0203538 0.305293 0.512114 0.0203521 0.305293 0.512114"/>
     <Normal vector="-0.0546985 -0.14513 -0.987899 0.0546985 -0.14513 -0.987899 -0.162192 0.0402599 -0.985938 -0.0539749 0.0410578 -0.997698 0.0539749 0.0410578 -0.997698 0.162192 0.0402599 -0.985938 -0.166558 -0.493863 -0.853439 -0.0553905 -0.491618 -0.869048 0.0553905 -0.491618 -0.869048 0.166558 -0.493863 -0.853439 -0.393539 -0.337171 -0.855244 -0.279188 -0.331255 -0.90129 -0.166282 -0.325747 -0.93072 -0.0549149 -0.198405 -0.978581 -0.0551701 -0.322496 -0.944962 0.0549149 -0.198405 -0.978581 0.0551701 -0.322496 -0.944962 0.166282 -0.325747 -0.93072 0.279188 -0.331255 -0.90129 0.393539 -0.337171 -0.855244 -0.392515 -0.15945 -0.905819 -0.277251 -0.152635 -0.948596 -0.127938 -0.145968 -0.980982 -0.163726 -0.0347272 -0.985894 -0.164584 -0.14682 -0.975375 0.127938 -0.145968 -0.980982 0.163726 -0.0347272 -0.985894 0.164584 -0.14682 -0.975375 0.277251 -0.152635 -0.948596 0.392515 -0.15945 -0.905819 -0.387591 0.0304459 -0.921328 -0.174269 0.0400961 -0.983881 -0.273273 0.0360754 -0.96126 0.174269 0.0400961 -0.983881 0.273273 0.0360754 -0.96126 0.387591 0.0304459 -0.921328 -0.377181 0.231452 -0.896752 -0.266346 0.234867 -0.934825 -0.161783 0.0772664 -0.983797 -0.158079 0.237462 -0.958448 -0.0523637 0.23771 -0.969924 -0.0523497 0.238858 -0.969642 0.0523637 0.23771 -0.969924 0.0523497 0.238858 -0.969642 0.161783 0.0772664 -0.983797 0.158079 0.237462 -0.958448 0.266346 0.234867 -0.934825 0.377181 0.231452 -0.896752 -0.252959 0.441655 -0.860786 -0.150697 0.442689 -0.883921 -0.0500087 0.443164 -0.895044 0.0500087 0.443164 -0.895044 0.150697 0.442689 -0.883921 0.252959 0.441655 -0.860786 -0.279454 -0.664177 -0.693379 -0.166655 -0.548782 -0.819185 -0.166863 -0.658005 -0.734293 -0.0554018 -0.576988 -0.814872 -0.0554302 -0.654031 -0.754434 0.0554018 -0.576988 -0.814872 0.0554302 -0.654031 -0.754434 0.166655 -0.548782 -0.819185 0.166863 -0.658005 -0.734293 0.279454 -0.664177 -0.693379 -0.393961 -0.363354 -0.844256 -0.395708 -0.511109 -0.763009 -0.268468 -0.497323 -0.824982 -0.278713 -0.489714 -0.826135 -0.278684 -0.497966 -0.821197 0.268468 -0.497323 -0.824982 0.278713 -0.489714 -0.826135 0.278684 -0.497966 -0.821197 0.393961 -0.363354 -0.844256 0.395708 -0.511109 -0.763009 -0.410365 -0.338475 -0.846779 -0.515084 -0.351466 -0.781767 0.410365 -0.338475 -0.846779 0.515084 -0.351466 -0.781767 -0.636802 -0.182232 -0.749182 -0.475901 -0.1645 -0.863978 -0.511234 -0.168214 -0.842819 0.475901 -0.1645 -0.863978 0.511234 -0.168214 -0.842819 0.636802 -0.182232 -0.749182 -0.630711 0.0119436 -0.775926 -0.490645 0.0254296 -0.870989 -0.504078 0.0242604 -0.863318 0.490645 0.0254296 -0.870988 0.504078 0.0242604 -0.863318 0.630711 0.0119436 -0.775926 -0.614923 0.217788 -0.757917 -0.446309 0.229156 -0.865041 -0.492722 0.226207 -0.840271 0.44631 0.229156 -0.865041 0.492722 0.226207 -0.840271 0.614923 0.217788 -0.757917 -0.470434 0.436456 -0.766941 -0.33478 0.440645 -0.832919 -0.36213 0.400957 -0.841484 -0.357788 0.439869 -0.823713 0.33478 0.440645 -0.832919 0.36213 0.400957 -0.841484 0.357788 0.439869 -0.823713 0.470434 0.436456 -0.766941 -0.327771 0.645571 -0.689786 -0.244124 0.534436 -0.809186 -0.231171 0.646296 -0.727229 -0.140071 0.60622 -0.782865 -0.137026 0.646034 -0.750909 -0.0455163 0.639176 -0.767712 -0.0453441 0.645657 -0.76228 0.0455163 0.639176 -0.767712 0.0453441 0.645657 -0.76228 0.140071 0.60622 -0.782865 0.137026 0.646034 -0.750909 0.244124 0.534436 -0.809186 0.231171 0.646296 -0.727229 0.327771 0.645571 -0.689786 -0.279459 -0.693032 -0.664537 -0.166868 -0.733957 -0.658379 -0.166676 -0.818842 -0.549288 -0.0554271 -0.754107 -0.654409 -0.0554056 -0.814508 -0.5775 0.0554271 -0.754107 -0.654409 0.0554056 -0.814508 -0.5775 0.166868 -0.733957 -0.658379 0.166676 -0.818842 -0.549288 0.279459 -0.693032 -0.664537 -0.326527 -0.668171 -0.668527 -0.395553 -0.619603 -0.67796 -0.395562 -0.677615 -0.619975 0.326527 -0.668171 -0.668527 0.395553 -0.619603 -0.67796 0.395562 -0.677615 -0.619975 -0.499579 -0.521198 -0.691935 -0.514413 -0.502093 -0.695185 -0.51434 -0.523548 -0.679229 0.499579 -0.521197 -0.691935 0.514413 -0.502093 -0.695185 0.51434 -0.523548 -0.679229 -0.59809 -0.361187 -0.715425 -0.638985 -0.246149 -0.728772 -0.640884 -0.368487 -0.673413 0.59809 -0.361187 -0.715425 0.638985 -0.246149 -0.728772 0.640884 -0.368487 -0.673413 -0.653924 -0.184397 -0.733745 -0.771626 -0.203974 -0.602485 0.653924 -0.184397 -0.733745 0.771626 -0.203974 -0.602485 -0.664917 0.00831586 -0.746871 -0.766126 -0.00606642 -0.642661 0.664917 0.00831583 -0.746871 0.766126 -0.00606642 -0.642661 -0.629955 0.216575 -0.745823 -0.749311 0.203209 -0.630269 0.629955 0.216575 -0.745823 0.749311 0.203209 -0.630269 -0.533656 0.433905 -0.725905 -0.60959 0.276047 -0.743101 -0.589604 0.430572 -0.683356 0.533656 0.433905 -0.725905 0.60959 0.276047 -0.743101 0.589604 0.430572 -0.683356 -0.363097 0.645444 -0.671983 -0.450597 0.55252 -0.701202 -0.431407 0.644634 -0.631138 0.363097 0.645444 -0.671983 0.450597 0.55252 -0.701202 0.431407 0.644634 -0.631138 -0.319908 0.682446 -0.657211 -0.213687 0.750831 -0.624972 -0.196809 0.829423 -0.522804 -0.121817 0.790209 -0.600608 -0.116703 0.828627 -0.547501 -0.039512 0.808029 -0.587817 -0.0386235 0.827819 -0.559664 0.039512 0.808029 -0.587817 0.0386235 0.827819 -0.559664 0.121817 0.790209 -0.600608 0.116703 0.828627 -0.547501 0.213687 0.750831 -0.624972 0.196809 0.829423 -0.522804 0.319908 0.682446 -0.657211 -0.166589 -0.853252 -0.494176 -0.0554052 -0.868868 -0.491934 0.0554052 -0.868868 -0.491934 0.166589 -0.853252 -0.494176 -0.39575 -0.76279 -0.511404 -0.394042 -0.843974 -0.363923 -0.268861 -0.824662 -0.497641 -0.278716 -0.821008 -0.49826 -0.278746 -0.825776 -0.490301 0.268861 -0.824662 -0.497641 0.278716 -0.821008 -0.49826 0.278746 -0.825776 -0.490301 0.39575 -0.76279 -0.511404 0.394042 -0.843974 -0.363923 -0.499695 -0.691627 -0.521496 -0.514368 -0.67899 -0.52383 -0.514446 -0.694864 -0.502504 0.499695 -0.691627 -0.521496 0.514368 -0.67899 -0.52383 0.514446 -0.694864 -0.502504 -0.637814 -0.544466 -0.544748 -0.639473 -0.542106 -0.545156 -0.639474 -0.544875 -0.542388 0.637814 -0.544466 -0.544748 0.639473 -0.542106 -0.545156 0.639474 -0.544875 -0.542388 -0.726243 -0.384597 -0.569787 -0.773181 -0.241543 -0.586386 -0.776435 -0.396732 -0.489644 0.726243 -0.384597 -0.569787 0.773181 -0.241543 -0.586386 0.776435 -0.396732 -0.489644 -0.780994 -0.2058 -0.589656 0.780994 -0.2058 -0.589656 -0.794276 -0.0109015 -0.60746 0.794276 -0.0109015 -0.60746 -0.763247 0.201229 -0.613971 0.763247 0.201229 -0.613971 -0.673379 0.423975 -0.605645 -0.74326 0.266319 -0.613709 -0.722055 0.418954 -0.550559 0.673379 0.423975 -0.605645 0.74326 0.266319 -0.613709 0.722055 0.418954 -0.550559 -0.51538 0.641982 -0.567664 -0.553076 0.600599 -0.577397 -0.542771 0.640982 -0.542717 0.51538 0.641982 -0.567664 0.553076 0.600599 -0.577397 0.542771 0.640982 -0.542717 -0.403858 0.741855 -0.535303 -0.370531 0.830411 -0.416082 -0.268098 0.829327 -0.490245 -0.281712 0.82248 -0.49413 -0.279589 0.829446 -0.483579 0.268098 0.829327 -0.490245 0.281712 0.82248 -0.49413 0.279589 0.829446 -0.483579 0.403858 0.741855 -0.535303 0.370531 0.830411 -0.416082 -0.18686 0.864176 -0.467209 -0.106415 0.887366 -0.448617 -0.0345137 0.897814 -0.43902 0.0345137 0.897814 -0.43902 0.106415 0.887366 -0.448617 0.18686 0.864176 -0.467209 -0.393621 -0.855122 -0.337386 -0.27925 -0.901199 -0.331452 -0.166322 -0.930646 -0.325936 -0.0551914 -0.9449 -0.322673 -0.054934 -0.978353 -0.199519 0.0551914 -0.9449 -0.322673 0.054934 -0.978353 -0.199519 0.166322 -0.930646 -0.325936 0.27925 -0.901199 -0.331452 0.393621 -0.855122 -0.337386 -0.41067 -0.846539 -0.338707 -0.515152 -0.781632 -0.351667 0.41067 -0.846539 -0.338707 0.515152 -0.781632 -0.351667 -0.598269 -0.715163 -0.361409 -0.640933 -0.673256 -0.368689 -0.639071 -0.728506 -0.246712 0.598269 -0.715163 -0.361409 0.640933 -0.673256 -0.368689 0.639071 -0.728506 -0.246712 -0.726323 -0.56954 -0.384811 -0.776452 -0.489452 -0.396937 -0.773246 -0.586149 -0.24191 0.726323 -0.56954 -0.384811 0.776452 -0.489452 -0.396937 0.773246 -0.586149 -0.24191 -0.816275 -0.408365 -0.408575 0.816275 -0.408365 -0.408575 -0.872055 -0.230043 -0.431973 -0.922154 -0.247938 -0.296916 0.872055 -0.230043 -0.431973 0.922154 -0.247938 -0.296916 -0.891413 -0.0325574 -0.452021 -0.918074 -0.0406122 -0.394322 0.891413 -0.0325575 -0.452021 0.918074 -0.0406122 -0.394322 -0.864849 0.182428 -0.467713 -0.905614 0.172077 -0.387624 0.864849 0.182428 -0.467713 0.905614 0.172077 -0.387624 -0.780601 0.410464 -0.471362 0.780601 0.410464 -0.471362 -0.625797 0.635847 -0.451749 -0.693827 0.552905 -0.461411 -0.673882 0.631315 -0.383828 0.625797 0.635847 -0.451749 0.693827 0.552905 -0.461411 0.673882 0.631315 -0.383828 -0.389994 0.830236 -0.398262 -0.509317 0.746733 -0.42777 -0.473427 0.82841 -0.299341 0.389994 0.830236 -0.398262 0.509317 0.746733 -0.42777 0.473427 0.82841 -0.299341 -0.36295 0.846056 -0.390458 -0.253763 0.897041 -0.36183 -0.165688 0.9264 -0.338128 -0.093258 0.942227 -0.321731 -0.0866733 0.963813 -0.252098 -0.030076 0.949135 -0.313431 -0.0286673 0.963129 -0.26751 0.030076 0.949135 -0.313431 0.0286673 0.963129 -0.26751 0.093258 0.942227 -0.321731 0.0866733 0.963813 -0.252098 0.165688 0.9264 -0.338128 0.253763 0.897041 -0.36183 0.36295 0.846056 -0.390458 -0.054711 -0.987891 -0.145186 0.054711 -0.987891 -0.145186 -0.392603 -0.905767 -0.15953 -0.27731 -0.948571 -0.152686 -0.129387 -0.980781 -0.14604 -0.164621 -0.975362 -0.14686 -0.163831 -0.985717 -0.0390086 0.129387 -0.980781 -0.14604 0.164621 -0.975362 -0.14686 0.163831 -0.985717 -0.0390086 0.27731 -0.948571 -0.152686 0.392603 -0.905767 -0.15953 -0.636886 -0.749083 -0.182345 -0.476263 -0.863759 -0.164604 -0.511313 -0.842756 -0.168291 0.476263 -0.863759 -0.164604 0.511313 -0.842756 -0.168291 0.636886 -0.749083 -0.182345 -0.654126 -0.733531 -0.18453 -0.771689 -0.60236 -0.204101 0.654126 -0.733531 -0.18453 0.771689 -0.60236 -0.204101 -0.781116 -0.589446 -0.205941 0.781115 -0.589446 -0.205941 -0.872111 -0.431783 -0.230185 -0.92216 -0.296777 -0.248082 0.872111 -0.431783 -0.230185 0.92216 -0.296777 -0.248082 -0.933434 -0.2536 -0.253749 0.933434 -0.2536 -0.253749 -0.958372 -0.0577206 -0.279628 0.958372 -0.0577207 -0.279628 -0.939813 0.159466 -0.302197 0.939813 0.159466 -0.302197 -0.863534 0.392067 -0.317162 -0.887101 0.338052 -0.314282 -0.881663 0.386569 -0.270619 0.863534 0.392067 -0.317162 0.887101 0.338052 -0.314282 0.881663 0.386569 -0.270619 -0.71175 0.625488 -0.31965 0.71175 0.625488 -0.31965 -0.477656 0.828147 -0.293288 -0.657951 0.683973 -0.315091 0.477656 0.828147 -0.293288 0.657951 0.683973 -0.315091 -0.471406 0.832117 -0.292161 -0.336324 0.902383 -0.269427 -0.229963 0.94137 -0.246861 -0.137144 0.964268 -0.226669 -0.14778 0.962268 -0.228478 -0.1467 0.964683 -0.218782 0.137144 0.964268 -0.226669 0.14778 0.962268 -0.228478 0.1467 0.964683 -0.218782 0.229963 0.94137 -0.246861 0.336324 0.902383 -0.269427 0.471406 0.832117 -0.292161 -0.0831464 0.972512 -0.217503 -0.0268302 0.976901 -0.212 0.0268302 0.976901 -0.212 0.0831464 0.972512 -0.217503 -0.162234 -0.985928 0.0403319 -0.0539893 -0.997694 0.0411377 0.0539893 -0.997694 0.0411377 0.162234 -0.985928 0.0403319 -0.387667 -0.921295 0.0305 -0.174997 -0.98375 0.0401563 -0.273323 -0.961243 0.0361464 0.174997 -0.98375 0.0401563 0.273323 -0.961243 0.0361464 0.387667 -0.921295 0.0305 -0.630793 -0.775859 0.0119428 -0.491002 -0.870787 0.025434 -0.504143 -0.863279 0.0242864 0.491002 -0.870787 0.025434 0.504143 -0.863279 0.0242864 0.630793 -0.775859 0.0119428 -0.665134 -0.746678 0.00829057 -0.766192 -0.642583 -0.00610051 0.665134 -0.746678 0.00829057 0.766192 -0.642583 -0.00610051 -0.794416 -0.607276 -0.0109601 0.794416 -0.607276 -0.0109601 -0.891497 -0.45185 -0.0326368 -0.918096 -0.394265 -0.0406822 0.891497 -0.45185 -0.0326368 0.918096 -0.394265 -0.0406822 -0.958404 -0.279497 -0.0578112 0.958404 -0.279497 -0.0578112 -0.992617 -0.0857158 -0.0858131 0.992617 -0.0857158 -0.0858131 -0.984589 0.131348 -0.115469 0.984589 0.131348 -0.115469 -0.918682 0.367864 -0.143873 0.918682 0.367864 -0.143873 -0.774413 0.610092 -0.167548 -0.875535 0.458433 -0.152567 0.774413 0.610092 -0.167548 0.875535 0.458433 -0.152567 -0.537977 0.82489 -0.173601 -0.64159 0.747273 -0.173051 0.537977 0.82489 -0.173601 0.64159 0.747273 -0.173051 -0.455803 0.873766 -0.169636 -0.317345 0.934949 -0.158628 -0.21 0.966844 -0.145303 -0.212731 0.966198 -0.145627 -0.212369 0.967108 -0.140004 0.21 0.966844 -0.145303 0.212731 0.966198 -0.145627 0.212369 0.967108 -0.140004 0.317345 0.934949 -0.158628 0.455803 0.873766 -0.169636 -0.137175 0.981184 -0.135875 -0.0765653 0.988718 -0.12874 -0.0245846 0.991848 -0.125033 0.0245846 0.991848 -0.125033 0.0765653 0.988718 -0.12874 0.137175 0.981184 -0.135875 -0.0523529 -0.969599 0.239033 0.0523529 -0.969599 0.239033 -0.377229 -0.896698 0.231585 -0.266378 -0.934777 0.235022 -0.0528047 -0.969574 0.239037 -0.158091 -0.958404 0.237632 -0.161791 -0.983624 0.0794188 0.0528047 -0.969574 0.239037 0.158091 -0.958404 0.237632 0.161791 -0.983624 0.0794188 0.266378 -0.934777 0.235022 0.377229 -0.896698 0.231585 -0.614982 -0.757849 0.217858 -0.446619 -0.864854 0.229257 -0.492764 -0.840218 0.226312 0.446619 -0.864854 0.229257 0.492764 -0.840218 0.226312 0.614982 -0.757849 0.217858 -0.630139 -0.745652 0.216629 -0.74936 -0.6302 0.20324 0.630139 -0.745652 0.216629 0.74936 -0.6302 0.20324 -0.763374 -0.613809 0.201242 0.763374 -0.613809 0.201242 -0.864935 -0.467563 0.182404 -0.90563 -0.387594 0.172062 0.864935 -0.467564 0.182404 0.90563 -0.387594 0.172062 -0.939858 -0.302075 0.159429 0.939858 -0.302075 0.159429 -0.984606 -0.115381 0.131295 0.984606 -0.115381 0.131295 -0.990472 0.0974075 0.0973464 0.990472 0.0974075 0.0973464 -0.940509 0.334911 0.057249 0.940509 0.334911 0.057249 -0.810563 0.585521 0.0123564 -0.884483 0.465221 0.0354861 0.810563 0.585521 0.0123564 0.884483 0.465221 0.0354861 -0.578649 0.815049 -0.0293286 -0.644868 0.764043 -0.0195695 0.578649 0.815049 -0.0293287 0.644868 0.764043 -0.0195695 -0.454667 0.889708 -0.041198 -0.242626 0.968893 -0.0487692 -0.310352 0.949398 -0.0482178 0.242626 0.968893 -0.0487692 0.310352 0.949398 -0.0482178 0.454667 0.889708 -0.041198 -0.20663 0.97722 -0.0484212 -0.131638 0.990207 -0.0465023 -0.0728733 0.996334 -0.0448211 -0.0233098 0.998756 -0.0440834 0.0233098 0.998756 -0.0440834 0.0728733 0.996334 -0.0448211 0.131638 0.990207 -0.0465023 0.20663 0.97722 -0.0484212 -0.252971 -0.860696 0.441824 -0.150703 -0.88383 0.442868 -0.0500114 -0.894954 0.443347 -0.0523506 -0.969529 0.239319 0.0500114 -0.894954 0.443347 0.0523506 -0.969529 0.239319 0.150703 -0.88383 0.442868 0.252971 -0.860696 0.441824 -0.470447 -0.766862 0.436581 -0.33508 -0.832724 0.440785 -0.357792 -0.823634 0.440014 -0.362086 -0.841182 0.401629 0.33508 -0.832724 0.440785 0.357792 -0.823634 0.440014 0.362086 -0.841182 0.401629 0.470447 -0.766862 0.436581 -0.533806 -0.725736 0.434003 -0.589609 -0.683294 0.430663 -0.609587 -0.7429 0.276592 0.533806 -0.725736 0.434003 0.589609 -0.683294 0.430663 0.609587 -0.7429 0.276592 -0.673482 -0.605493 0.424028 -0.722059 -0.550516 0.419003 -0.743259 -0.613544 0.266702 0.673482 -0.605493 0.424028 0.722059 -0.550516 0.419003 0.743259 -0.613544 0.266702 -0.780665 -0.471234 0.410489 0.780665 -0.471234 0.410489 -0.863572 -0.31706 0.392068 -0.88165 -0.270647 0.386579 -0.887078 -0.314185 0.338203 0.863572 -0.31706 0.392068 0.88165 -0.270647 0.386579 0.887078 -0.314185 0.338203 -0.9187 -0.143799 0.367848 0.9187 -0.143799 0.367848 -0.940515 0.0573044 0.334884 0.940515 0.0573044 0.334884 -0.912511 0.28926 0.289228 0.912511 0.28926 0.289228 -0.805926 0.546622 0.22735 -0.89977 0.334695 0.279989 0.805926 0.546622 0.22735 0.89977 0.334695 0.279989 -0.587968 0.795059 0.14891 -0.675473 0.715801 0.177104 0.587968 0.795059 0.14891 0.675473 0.715801 0.177104 -0.474509 0.872268 0.11828 -0.247348 0.966304 0.0712345 -0.320502 0.9435 0.0841728 0.247348 0.966304 0.0712345 0.320502 0.9435 0.0841728 0.474509 0.872268 0.11828 -0.210917 0.975327 0.0651948 -0.133796 0.989531 0.0541041 -0.0742689 0.996207 0.045338 -0.0238676 0.99893 0.0396066 0.0238676 0.99893 0.0396066 0.0742689 0.996207 0.045338 0.133796 0.989531 0.0541041 0.210917 0.975327 0.0651948 -0.327762 -0.68969 0.645677 -0.231162 -0.727128 0.646413 -0.244096 -0.808913 0.534862 -0.137017 -0.750804 0.646158 -0.140047 -0.78258 0.606594 -0.0453395 -0.762172 0.645785 -0.0455061 -0.767424 0.639523 0.0453395 -0.762172 0.645785 0.0455061 -0.767424 0.639523 0.137017 -0.750804 0.646158 0.140047 -0.78258 0.606594 0.231162 -0.727128 0.646413 0.244096 -0.808913 0.534862 0.327762 -0.68969 0.645677 -0.363209 -0.671829 0.645542 -0.431391 -0.631061 0.644719 -0.450552 -0.700984 0.552833 0.363209 -0.671829 0.645542 0.431391 -0.631061 0.644719 0.450552 -0.700984 0.552833 -0.515444 -0.567531 0.642048 -0.542746 -0.542666 0.641047 -0.553021 -0.577228 0.600813 0.515444 -0.567531 0.642048 0.542746 -0.542666 0.641047 0.553021 -0.577228 0.600813 -0.625834 -0.451641 0.635887 -0.673865 -0.383802 0.63135 -0.69379 -0.461283 0.553059 0.625834 -0.451641 0.635887 0.673865 -0.383802 0.63135 0.69379 -0.461283 0.553059 -0.711768 -0.319573 0.625508 0.711768 -0.319573 0.625508 -0.774423 -0.167486 0.610096 -0.875521 -0.152502 0.458483 0.774423 -0.167486 0.610096 0.875521 -0.152502 0.458483 -0.810567 0.0123981 0.585515 -0.884475 0.0355314 0.465234 0.810567 0.0123981 0.585515 0.884475 0.0355314 0.465234 -0.805928 0.227374 0.546609 -0.89977 0.28002 0.334668 0.805928 0.227374 0.546609 0.89977 0.28002 0.334668 -0.73375 0.48043 0.480414 0.73375 0.48043 0.480414 -0.545839 0.749504 0.37457 -0.708915 0.530731 0.464504 0.545839 0.749504 0.37457 0.708915 0.530731 0.464504 -0.513956 0.779311 0.358502 -0.353884 0.889939 0.287705 -0.212645 0.950777 0.225401 -0.232839 0.943811 0.234536 -0.226066 0.957453 0.179384 0.212645 0.950777 0.225401 0.232839 0.943811 0.234536 0.226066 0.957453 0.179384 0.353884 0.889939 0.287705 0.513956 0.779311 0.358502 -0.15138 0.968363 0.198386 -0.0879129 0.98196 0.167409 -0.0292667 0.988897 0.145695 0.0292667 0.988897 0.145695 0.0879129 0.98196 0.167409 0.15138 0.968363 0.198386 -0.319872 -0.657015 0.682651 -0.196796 -0.522735 0.829469 -0.213657 -0.624783 0.750997 -0.116693 -0.547428 0.828677 -0.121796 -0.600425 0.790351 -0.0386196 -0.55959 0.82787 -0.039505 -0.587643 0.808156 0.0386196 -0.55959 0.82787 0.039505 -0.587643 0.808156 0.116693 -0.547428 0.828677 0.121796 -0.600425 0.790351 0.196796 -0.522735 0.829469 0.213657 -0.624783 0.750997 0.319872 -0.657015 0.682651 -0.370516 -0.416038 0.83044 -0.403817 -0.53516 0.741981 -0.268154 -0.49015 0.829365 -0.279565 -0.483531 0.829482 -0.281672 -0.494006 0.822569 0.268154 -0.49015 0.829365 0.279565 -0.483531 0.829482 0.281672 -0.494006 0.822569 0.370516 -0.416038 0.83044 0.403817 -0.53516 0.741981 -0.390013 -0.398189 0.830262 -0.473412 -0.299319 0.828426 -0.509276 -0.427669 0.746818 0.390013 -0.398189 0.830262 0.473412 -0.299319 0.828426 0.509276 -0.427669 0.746818 -0.477664 -0.293235 0.828161 -0.657924 -0.315014 0.684034 0.477664 -0.293235 0.828161 0.657924 -0.315014 0.684034 -0.537979 -0.173561 0.824897 -0.641567 -0.173005 0.747303 0.537979 -0.173561 0.824897 0.641567 -0.173005 0.747303 -0.578651 -0.029301 0.815049 -0.644854 -0.0195403 0.764056 0.578651 -0.029301 0.815049 0.644854 -0.0195403 0.764056 -0.587968 0.148927 0.795056 -0.675465 0.177123 0.715804 0.587968 0.148927 0.795056 0.675465 0.177123 0.715804 -0.545839 0.37458 0.7495 -0.708915 0.46452 0.530718 0.545839 0.37458 0.7495 0.708915 0.46452 0.530718 -0.402822 0.647201 0.647198 -0.524759 0.431633 0.733703 -0.52476 0.73371 0.431621 0.402822 0.647201 0.647198 0.524759 0.431633 0.733703 0.52476 0.73371 0.431621 -0.387193 0.667514 0.636008 -0.275911 0.782628 0.558002 -0.131119 0.90535 0.403918 -0.196059 0.853927 0.482047 -0.174391 0.931587 0.318957 0.131119 0.90535 0.403918 0.196059 0.853927 0.482047 0.174391 0.931587 0.318957 0.275911 0.782628 0.558002 0.387193 0.667514 0.636008 -0.131118 0.905351 0.403916 -0.0480403 0.935444 0.350196 0.0480403 0.935444 0.350196 0.131118 0.905351 0.403916 -0.18684 -0.467102 0.864238 -0.106403 -0.448519 0.887417 -0.0345095 -0.438924 0.897861 0.0345095 -0.438924 0.897861 0.106403 -0.448519 0.887417 0.18684 -0.467102 0.864238 -0.362925 -0.390375 0.846105 -0.253743 -0.361763 0.897074 -0.165675 -0.33807 0.926424 -0.0866696 -0.252082 0.963817 -0.0932498 -0.321677 0.942246 -0.0286645 -0.267494 0.963133 -0.0300712 -0.313381 0.949151 0.0286645 -0.267494 0.963133 0.0300712 -0.313381 0.949151 0.0866696 -0.252082 0.963817 0.0932498 -0.321677 0.942246 0.165675 -0.33807 0.926424 0.253743 -0.361763 0.897074 0.362925 -0.390375 0.846105 -0.471381 -0.292103 0.832151 -0.336304 -0.269381 0.902404 -0.229948 -0.246824 0.941383 -0.137163 -0.226644 0.964271 -0.146694 -0.218777 0.964685 -0.147771 -0.228447 0.962276 0.137163 -0.226644 0.964271 0.146694 -0.218777 0.964685 0.147771 -0.228447 0.962276 0.229948 -0.246824 0.941383 0.336304 -0.269381 0.902404 0.471381 -0.292103 0.832151 -0.455787 -0.169599 0.873782 -0.317333 -0.158603 0.934957 -0.210006 -0.145285 0.966845 -0.212362 -0.140016 0.967108 -0.212722 -0.145607 0.966203 0.210006 -0.145285 0.966845 0.212362 -0.140016 0.967108 0.212722 -0.145607 0.966203 0.317333 -0.158603 0.934957 0.455787 -0.169599 0.873782 -0.454657 -0.0411804 0.889714 -0.242628 -0.0487565 0.968893 -0.310347 -0.0482032 0.949401 0.242628 -0.0487565 0.968893 0.310347 -0.0482032 0.949401 0.454657 -0.0411804 0.889714 -0.474505 0.118289 0.872269 -0.247348 0.0712413 0.966304 -0.320496 0.0841805 0.943502 0.247348 0.0712413 0.966304 0.320496 0.0841805 0.943502 0.474505 0.118289 0.872269 -0.513954 0.35851 0.779308 -0.353882 0.28771 0.889939 -0.212646 0.225405 0.950776 -0.226065 0.179395 0.957451 -0.232838 0.23454 0.94381 0.212646 0.225405 0.950776 0.226065 0.179395 0.957451 0.232838 0.23454 0.94381 0.353882 0.28771 0.889939 0.513954 0.35851 0.779308 -0.387193 0.636011 0.667511 -0.275912 0.558004 0.782626 -0.131118 0.40392 0.905349 -0.174392 0.318962 0.931585 -0.19606 0.482048 0.853926 0.131118 0.40392 0.905349 0.174392 0.318962 0.931585 0.19606 0.482048 0.853926 0.275912 0.558004 0.782626 0.387193 0.636011 0.667511 -0.131116 0.403924 0.905347 -0.131118 0.905349 0.40392 -0.0559816 0.448314 0.892121 -0.0559834 0.892122 0.448313 0.0559816 0.448314 0.892121 0.0559834 0.892122 0.448313 0.131116 0.403924 0.905347 0.131118 0.905349 0.40392 -0.0831421 -0.217476 0.972518 -0.0268288 -0.211976 0.976907 0.0268288 -0.211976 0.976907 0.0831421 -0.217476 0.972518 -0.13717 -0.135859 0.981186 -0.0765633 -0.128727 0.98872 -0.0245843 -0.125022 0.991849 0.0245843 -0.125022 0.991849 0.0765633 -0.128727 0.98872 0.13717 -0.135859 0.981186 -0.206626 -0.0484101 0.977222 -0.131635 -0.0464937 0.990207 -0.072873 -0.0448151 0.996334 -0.0233103 -0.044076 0.998756 0.0233103 -0.044076 0.998756 0.072873 -0.0448151 0.996334 0.131635 -0.0464937 0.990207 0.206626 -0.0484101 0.977222 -0.210914 0.0652001 0.975328 -0.133797 0.0541088 0.989531 -0.074268 0.045342 0.996207 -0.0238665 0.0396116 0.99893 0.0238665 0.0396116 0.99893 0.074268 0.045342 0.996207 0.133797 0.0541088 0.989531 0.210914 0.0652001 0.975328 -0.15138 0.198388 0.968363 -0.0879125 0.167412 0.98196 -0.0292665 0.145698 0.988896 0.0292665 0.145698 0.988896 0.0879125 0.167412 0.98196 0.15138 0.198388 0.968363 -0.131115 0.403917 0.905351 -0.0480384 0.350198 0.935443 0.0480384 0.350198 0.935443 0.131115 0.403917 0.905351 -0.131115 -0.403917 -0.905351 -0.0480384 -0.350198 -0.935443 0.0480384 -0.350198 -0.935443 0.131115 -0.403917 -0.905351 -0.15138 -0.198388 -0.968363 -0.0879125 -0.167412 -0.98196 -0.0292665 -0.145698 -0.988896 0.0292665 -0.145698 -0.988896 0.0879125 -0.167412 -0.98196 0.15138 -0.198388 -0.968363 -0.210914 -0.0652001 -0.975328 -0.133797 -0.0541088 -0.989531 -0.074268 -0.045342 -0.996207 -0.0238665 -0.0396116 -0.99893 0.0238665 -0.0396116 -0.99893 0.074268 -0.045342 -0.996207 0.133797 -0.0541088 -0.989531 0.210914 -0.0652001 -0.975328 -0.206626 0.0484101 -0.977222 -0.131635 0.0464937 -0.990207 -0.072873 0.0448151 -0.996334 -0.0233103 0.044076 -0.998756 0.0233103 0.044076 -0.998756 0.072873 0.0448151 -0.996334 0.131635 0.0464937 -0.990207 0.206626 0.0484101 -0.977222 -0.13717 0.135859 -0.981186 -0.0765633 0.128727 -0.98872 -0.0245843 0.125022 -0.991849 0.0245843 0.125022 -0.991849 0.0765633 0.128727 -0.98872 0.13717 0.135859 -0.981186 -0.0831421 0.217476 -0.972518 -0.0268288 0.211976 -0.976907 0.0268288 0.211976 -0.976907 0.0831421 0.217476 -0.972518 -0.131116 -0.403924 -0.905347 -0.131118 -0.905349 -0.40392 -0.0559816 -0.448314 -0.892121 -0.0559834 -0.892122 -0.448313 0.0559816 -0.448314 -0.892121 0.0559834 -0.892122 -0.448313 0.131116 -0.403924 -0.905347 0.131118 -0.905349 -0.40392 -0.387193 -0.636011 -0.667511 -0.275912 -0.558004 -0.782626 -0.131118 -0.40392 -0.905349 -0.174392 -0.318962 -0.931585 -0.19606 -0.482048 -0.853926 0.131118 -0.40392 -0.905349 0.174392 -0.318962 -0.931585 0.19606 -0.482048 -0.853926 0.275912 -0.558004 -0.782626 0.387193 -0.636011 -0.667511 -0.513954 -0.35851 -0.779308 -0.353882 -0.28771 -0.889939 -0.212646 -0.225405 -0.950776 -0.226065 -0.179395 -0.957451 -0.232838 -0.23454 -0.94381 0.212646 -0.225405 -0.950776 0.226065 -0.179395 -0.957451 0.232838 -0.23454 -0.94381 0.353882 -0.28771 -0.889939 0.513954 -0.35851 -0.779308 -0.474505 -0.118289 -0.872269 -0.247348 -0.0712413 -0.966304 -0.320496 -0.0841805 -0.943502 0.247348 -0.0712413 -0.966304 0.320496 -0.0841805 -0.943502 0.474505 -0.118289 -0.872269 -0.454657 0.0411804 -0.889714 -0.242628 0.0487565 -0.968893 -0.310347 0.0482032 -0.949401 0.242628 0.0487565 -0.968893 0.310347 0.0482032 -0.949401 0.454657 0.0411804 -0.889714 -0.455787 0.169599 -0.873782 -0.317333 0.158603 -0.934957 -0.210006 0.145285 -0.966845 -0.212362 0.140016 -0.967108 -0.212722 0.145607 -0.966203 0.210006 0.145285 -0.966845 0.212362 0.140016 -0.967108 0.212722 0.145607 -0.966203 0.317333 0.158603 -0.934957 0.455787 0.169599 -0.873782 -0.471381 0.292103 -0.832151 -0.336304 0.269381 -0.902404 -0.229948 0.246824 -0.941383 -0.137163 0.226644 -0.964271 -0.146694 0.218777 -0.964685 -0.147771 0.228447 -0.962276 0.137163 0.226644 -0.964271 0.146694 0.218777 -0.964685 0.147771 0.228447 -0.962276 0.229948 0.246824 -0.941383 0.336304 0.269381 -0.902404 0.471381 0.292103 -0.832151 -0.362925 0.390375 -0.846105 -0.253743 0.361763 -0.897074 -0.165675 0.33807 -0.926424 -0.0866696 0.252082 -0.963817 -0.0932498 0.321677 -0.942246 -0.0286645 0.267494 -0.963133 -0.0300712 0.313381 -0.949151 0.0286645 0.267494 -0.963133 0.0300712 0.313381 -0.949151 0.0866696 0.252082 -0.963817 0.0932498 0.321677 -0.942246 0.165675 0.33807 -0.926424 0.253743 0.361763 -0.897074 0.362925 0.390375 -0.846105 -0.18684 0.467102 -0.864238 -0.106403 0.448519 -0.887417 -0.0345095 0.438924 -0.897861 0.0345095 0.438924 -0.897861 0.106403 0.448519 -0.887417 0.18684 0.467102 -0.864238 -0.131118 -0.905351 -0.403916 -0.0480403 -0.935444 -0.350196 0.0480403 -0.935444 -0.350196 0.131118 -0.905351 -0.403916 -0.387193 -0.667514 -0.636008 -0.275911 -0.782628 -0.558002 -0.131119 -0.90535 -0.403918 -0.196059 -0.853927 -0.482047 -0.174391 -0.931587 -0.318957 0.131119 -0.90535 -0.403918 0.196059 -0.853927 -0.482047 0.174391 -0.931587 -0.318957 0.275911 -0.782628 -0.558002 0.387193 -0.667514 -0.636008 -0.402822 -0.647201 -0.647198 -0.524759 -0.431633 -0.733703 -0.52476 -0.73371 -0.431621 0.402822 -0.647201 -0.647198 0.524759 -0.431633 -0.733703 0.52476 -0.73371 -0.431621 -0.545839 -0.37458 -0.7495 -0.708915 -0.46452 -0.530718 0.545839 -0.37458 -0.7495 0.708915 -0.46452 -0.530718 -0.587968 -0.148927 -0.795056 -0.675465 -0.177123 -0.715804 0.587968 -0.148927 -0.795056 0.675465 -0.177123 -0.715804 -0.578651 0.029301 -0.815049 -0.644854 0.0195403 -0.764056 0.578651 0.029301 -0.815049 0.644854 0.0195403 -0.764056 -0.537979 0.173561 -0.824897 -0.641567 0.173005 -0.747303 0.537979 0.173561 -0.824897 0.641567 0.173005 -0.747303 -0.477664 0.293235 -0.828161 -0.657924 0.315014 -0.684034 0.477664 0.293235 -0.828161 0.657924 0.315014 -0.684034 -0.390013 0.398189 -0.830262 -0.473412 0.299319 -0.828426 -0.509276 0.427669 -0.746818 0.390013 0.398189 -0.830262 0.473412 0.299319 -0.828426 0.509276 0.427669 -0.746818 -0.370516 0.416038 -0.83044 -0.403817 0.53516 -0.741981 -0.268154 0.49015 -0.829365 -0.279565 0.483531 -0.829482 -0.281672 0.494006 -0.822569 0.268154 0.49015 -0.829365 0.279565 0.483531 -0.829482 0.281672 0.494006 -0.822569 0.370516 0.416038 -0.83044 0.403817 0.53516 -0.741981 -0.319872 0.657015 -0.682651 -0.196796 0.522735 -0.829469 -0.213657 0.624783 -0.750997 -0.116693 0.547428 -0.828677 -0.121796 0.600425 -0.790351 -0.0386196 0.55959 -0.82787 -0.039505 0.587643 -0.808156 0.0386196 0.55959 -0.82787 0.039505 0.587643 -0.808156 0.116693 0.547428 -0.828677 0.121796 0.600425 -0.790351 0.196796 0.522735 -0.829469 0.213657 0.624783 -0.750997 0.319872 0.657015 -0.682651 -0.15138 -0.968363 -0.198386 -0.0879129 -0.98196 -0.167409 -0.0292667 -0.988897 -0.145695 0.0292667 -0.988897 -0.145695 0.0879129 -0.98196 -0.167409 0.15138 -0.968363 -0.198386 -0.513956 -0.779311 -0.358502 -0.353884 -0.889939 -0.287705 -0.212645 -0.950777 -0.225401 -0.232839 -0.943811 -0.234536 -0.226066 -0.957453 -0.179383 0.212645 -0.950777 -0.225401 0.232839 -0.943811 -0.234536 0.226066 -0.957453 -0.179383 0.353884 -0.889939 -0.287705 0.513956 -0.779311 -0.358502 -0.545839 -0.749504 -0.37457 -0.708915 -0.530731 -0.464504 0.545839 -0.749504 -0.37457 0.708915 -0.530731 -0.464504 -0.73375 -0.48043 -0.480414 0.73375 -0.48043 -0.480414 -0.805928 -0.227374 -0.546609 -0.89977 -0.28002 -0.334668 0.805928 -0.227374 -0.546609 0.89977 -0.28002 -0.334668 -0.810567 -0.0123981 -0.585515 -0.884475 -0.0355314 -0.465234 0.810567 -0.0123981 -0.585515 0.884475 -0.0355314 -0.465234 -0.774423 0.167486 -0.610096 -0.875521 0.152502 -0.458482 0.774423 0.167486 -0.610096 0.875521 0.152502 -0.458482 -0.711768 0.319573 -0.625508 0.711768 0.319573 -0.625508 -0.625834 0.451641 -0.635887 -0.673865 0.383802 -0.63135 -0.69379 0.461283 -0.553059 0.625834 0.451641 -0.635887 0.673865 0.383802 -0.63135 0.69379 0.461283 -0.553059 -0.515444 0.567531 -0.642048 -0.542746 0.542666 -0.641047 -0.553021 0.577228 -0.600813 0.515444 0.567531 -0.642048 0.542746 0.542666 -0.641047 0.553021 0.577228 -0.600813 -0.363209 0.671829 -0.645542 -0.431391 0.631061 -0.644719 -0.450552 0.700984 -0.552833 0.363209 0.671829 -0.645542 0.431391 0.631061 -0.644719 0.450552 0.700984 -0.552833 -0.327762 0.68969 -0.645677 -0.231162 0.727128 -0.646413 -0.244096 0.808913 -0.534862 -0.137017 0.750804 -0.646158 -0.140047 0.78258 -0.606594 -0.0453395 0.762172 -0.645785 -0.0455061 0.767424 -0.639523 0.0453395 0.762172 -0.645785 0.0455061 0.767424 -0.639523 0.137017 0.750804 -0.646158 0.140047 0.78258 -0.606594 0.231162 0.727128 -0.646413 0.244096 0.808913 -0.534862 0.327762 0.68969 -0.645677 -0.210917 -0.975327 -0.0651948 -0.133796 -0.989531 -0.0541041 -0.0742689 -0.996207 -0.045338 -0.0238676 -0.99893 -0.0396066 0.0238676 -0.99893 -0.0396066 0.0742689 -0.996207 -0.045338 0.133796 -0.989531 -0.0541041 0.210917 -0.975327 -0.0651948 -0.474509 -0.872268 -0.11828 -0.247348 -0.966304 -0.0712345 -0.320502 -0.9435 -0.0841728 0.247348 -0.966304 -0.0712345 0.320502 -0.9435 -0.0841728 0.474509 -0.872268 -0.11828 -0.587968 -0.795059 -0.14891 -0.675473 -0.715801 -0.177104 0.587968 -0.795059 -0.14891 0.675473 -0.715801 -0.177104 -0.805926 -0.546622 -0.22735 -0.89977 -0.334694 -0.27999 0.805926 -0.546622 -0.22735 0.89977 -0.334694 -0.27999 -0.912511 -0.28926 -0.289228 0.912511 -0.28926 -0.289228 -0.940515 -0.0573044 -0.334884 0.940515 -0.0573044 -0.334884 -0.9187 0.143799 -0.367848 0.9187 0.143799 -0.367848 -0.863572 0.31706 -0.392068 -0.88165 0.270647 -0.386579 -0.887077 0.314185 -0.338203 0.863572 0.31706 -0.392068 0.88165 0.270647 -0.386579 0.887077 0.314185 -0.338203 -0.780665 0.471234 -0.410489 0.780665 0.471234 -0.410489 -0.673482 0.605493 -0.424028 -0.722059 0.550516 -0.419003 -0.743259 0.613544 -0.266702 0.673482 0.605493 -0.424028 0.722059 0.550516 -0.419003 0.743259 0.613544 -0.266702 -0.533806 0.725736 -0.434003 -0.589609 0.683294 -0.430663 -0.609587 0.7429 -0.276592 0.533806 0.725736 -0.434003 0.589609 0.683294 -0.430663 0.609587 0.7429 -0.276592 -0.470447 0.766862 -0.436581 -0.33508 0.832724 -0.440785 -0.357792 0.823634 -0.440014 -0.362086 0.841183 -0.401629 0.33508 0.832724 -0.440785 0.357792 0.823634 -0.440014 0.362086 0.841183 -0.401629 0.470447 0.766862 -0.436581 -0.252971 0.860696 -0.441824 -0.150703 0.88383 -0.442868 -0.0500114 0.894954 -0.443347 -0.0523506 0.969529 -0.239319 0.0500114 0.894954 -0.443347 0.0523506 0.969529 -0.239319 0.150703 0.88383 -0.442868 0.252971 0.860696 -0.441824 -0.20663 -0.97722 0.0484212 -0.131638 -0.990207 0.0465023 -0.0728733 -0.996334 0.0448211 -0.0233098 -0.998756 0.0440834 0.0233098 -0.998756 0.0440834 0.0728733 -0.996334 0.0448211 0.131638 -0.990207 0.0465023 0.20663 -0.97722 0.0484212 -0.454667 -0.889708 0.041198 -0.242626 -0.968893 0.0487692 -0.310352 -0.949398 0.0482178 0.242626 -0.968893 0.0487692 0.310352 -0.949398 0.0482178 0.454667 -0.889708 0.041198 -0.578649 -0.815049 0.0293286 -0.644868 -0.764043 0.0195695 0.578649 -0.815049 0.0293287 0.644868 -0.764043 0.0195695 -0.810563 -0.585521 -0.0123564 -0.884483 -0.465221 -0.0354861 0.810563 -0.585521 -0.0123564 0.884483 -0.465221 -0.0354861 -0.940509 -0.334911 -0.057249 0.940509 -0.334911 -0.057249 -0.990472 -0.0974075 -0.0973464 0.990472 -0.0974075 -0.0973464 -0.984606 0.115381 -0.131295 0.984606 0.115381 -0.131295 -0.939858 0.302075 -0.159429 0.939858 0.302075 -0.159429 -0.864935 0.467563 -0.182404 -0.90563 0.387594 -0.172062 0.864935 0.467564 -0.182404 0.90563 0.387594 -0.172062 -0.763374 0.613809 -0.201242 0.763374 0.613809 -0.201242 -0.630139 0.745652 -0.216629 -0.74936 0.6302 -0.20324 0.630139 0.745652 -0.216629 0.74936 0.6302 -0.20324 -0.614982 0.757849 -0.217858 -0.446619 0.864854 -0.229257 -0.492764 0.840218 -0.226312 0.446619 0.864854 -0.229257 0.492764 0.840218 -0.226312 0.614982 0.757849 -0.217858 -0.377229 0.896698 -0.231585 -0.266378 0.934777 -0.235022 -0.0528047 0.969574 -0.239037 -0.158091 0.958404 -0.237632 -0.161791 0.983624 -0.079419 0.0528047 0.969574 -0.239037 0.158091 0.958404 -0.237632 0.161791 0.983624 -0.079419 0.266378 0.934777 -0.235022 0.377229 0.896698 -0.231585 -0.0523529 0.969599 -0.239033 0.0523529 0.969599 -0.239033 -0.137175 -0.981184 0.135875 -0.0765653 -0.988718 0.12874 -0.0245846 -0.991848 0.125033 0.0245846 -0.991848 0.125033 0.0765653 -0.988718 0.12874 0.137175 -0.981184 0.135875 -0.455803 -0.873766 0.169636 -0.317345 -0.934949 0.158628 -0.21 -0.966844 0.145303 -0.212731 -0.966198 0.145627 -0.212369 -0.967108 0.140004 0.21 -0.966844 0.145303 0.212731 -0.966198 0.145627 0.212369 -0.967108 0.140004 0.317345 -0.934949 0.158628 0.455803 -0.873766 0.169636 -0.537977 -0.82489 0.173601 -0.64159 -0.747273 0.173051 0.537977 -0.82489 0.173601 0.64159 -0.747273 0.173051 -0.774413 -0.610092 0.167548 -0.875535 -0.458433 0.152567 0.774413 -0.610092 0.167548 0.875535 -0.458433 0.152567 -0.918682 -0.367864 0.143873 0.918682 -0.367864 0.143873 -0.984589 -0.131348 0.115469 0.984589 -0.131348 0.115469 -0.992617 0.0857158 0.0858131 0.992617 0.0857158 0.0858131 -0.958404 0.279497 0.0578112 0.958404 0.279497 0.0578112 -0.891497 0.45185 0.0326368 -0.918096 0.394265 0.0406821 0.891497 0.45185 0.0326368 0.918096 0.394265 0.0406821 -0.794416 0.607276 0.0109601 0.794416 0.607276 0.0109601 -0.665134 0.746678 -0.00829057 -0.766192 0.642583 0.00610051 0.665134 0.746678 -0.00829057 0.766192 0.642583 0.00610051 -0.630793 0.775859 -0.0119428 -0.491002 0.870787 -0.025434 -0.504143 0.863279 -0.0242864 0.491002 0.870787 -0.025434 0.504143 0.863279 -0.0242864 0.630793 0.775859 -0.0119428 -0.387667 0.921295 -0.0305001 -0.174997 0.98375 -0.0401563 -0.273323 0.961243 -0.0361464 0.174997 0.98375 -0.0401563 0.273323 0.961243 -0.0361464 0.387667 0.921295 -0.0305001 -0.162234 0.985928 -0.0403319 -0.0539893 0.997694 -0.0411376 0.0539893 0.997694 -0.0411376 0.162234 0.985928 -0.0403319 -0.0831464 -0.972512 0.217503 -0.0268302 -0.976901 0.212 0.0268302 -0.976901 0.212 0.0831464 -0.972512 0.217503 -0.471406 -0.832117 0.292161 -0.336324 -0.902383 0.269427 -0.229963 -0.94137 0.246861 -0.137144 -0.964268 0.226669 -0.14778 -0.962268 0.228478 -0.1467 -0.964683 0.218782 0.137144 -0.964268 0.226669 0.14778 -0.962268 0.228478 0.1467 -0.964683 0.218782 0.229963 -0.94137 0.246861 0.336324 -0.902383 0.269427 0.471406 -0.832117 0.292161 -0.477656 -0.828147 0.293288 -0.657951 -0.683973 0.315091 0.477656 -0.828147 0.293288 0.657951 -0.683973 0.315091 -0.71175 -0.625488 0.31965 0.71175 -0.625488 0.31965 -0.863534 -0.392067 0.317162 -0.887101 -0.338052 0.314282 -0.881663 -0.386569 0.270619 0.863534 -0.392067 0.317162 0.887101 -0.338052 0.314282 0.881663 -0.386569 0.270619 -0.939813 -0.159466 0.302197 0.939813 -0.159466 0.302197 -0.958372 0.0577206 0.279628 0.958372 0.0577207 0.279628 -0.933434 0.2536 0.253749 0.933434 0.2536 0.253749 -0.872111 0.431783 0.230185 -0.92216 0.296777 0.248082 0.872111 0.431783 0.230185 0.92216 0.296777 0.248082 -0.781116 0.589446 0.205941 0.781115 0.589446 0.205941 -0.654126 0.733531 0.18453 -0.771689 0.602361 0.204101 0.654126 0.733531 0.18453 0.771689 0.602361 0.204101 -0.636886 0.749083 0.182345 -0.476263 0.863759 0.164604 -0.511313 0.842756 0.168291 0.476263 0.863759 0.164604 0.511313 0.842756 0.168291 0.636886 0.749083 0.182345 -0.392603 0.905767 0.15953 -0.27731 0.948571 0.152686 -0.129387 0.980781 0.14604 -0.164621 0.975362 0.14686 -0.163831 0.985717 0.0390086 0.129387 0.980781 0.14604 0.164621 0.975362 0.14686 0.163831 0.985717 0.0390086 0.27731 0.948571 0.152686 0.392603 0.905767 0.15953 -0.0547109 0.987891 0.145186 0.0547109 0.987891 0.145186 -0.36295 -0.846056 0.390458 -0.253763 -0.897041 0.36183 -0.165688 -0.9264 0.338128 -0.093258 -0.942227 0.321731 -0.0866733 -0.963813 0.252098 -0.030076 -0.949135 0.313431 -0.0286673 -0.963129 0.26751 0.030076 -0.949135 0.313431 0.0286673 -0.963129 0.26751 0.093258 -0.942227 0.321731 0.0866733 -0.963813 0.252098 0.165688 -0.9264 0.338128 0.253763 -0.897041 0.36183 0.36295 -0.846056 0.390458 -0.389994 -0.830236 0.398262 -0.509317 -0.746733 0.42777 -0.473427 -0.82841 0.299341 0.389994 -0.830236 0.398262 0.509317 -0.746733 0.42777 0.473427 -0.82841 0.299341 -0.625797 -0.635847 0.451749 -0.693827 -0.552905 0.461411 -0.673882 -0.631315 0.383828 0.625797 -0.635847 0.451749 0.693827 -0.552905 0.461411 0.673882 -0.631315 0.383828 -0.780601 -0.410464 0.471362 0.780601 -0.410464 0.471362 -0.864849 -0.182428 0.467713 -0.905614 -0.172077 0.387624 0.864849 -0.182428 0.467713 0.905614 -0.172077 0.387624 -0.891413 0.0325574 0.452021 -0.918074 0.0406122 0.394323 0.891413 0.0325575 0.452021 0.918074 0.0406122 0.394323 -0.872055 0.230043 0.431973 -0.922154 0.247938 0.296916 0.872055 0.230043 0.431973 0.922154 0.247938 0.296916 -0.816275 0.408365 0.408575 0.816275 0.408365 0.408575 -0.726323 0.56954 0.384811 -0.776452 0.489452 0.396937 -0.773246 0.586149 0.24191 0.726323 0.56954 0.384811 0.776452 0.489452 0.396937 0.773246 0.586149 0.24191 -0.598269 0.715163 0.361409 -0.640933 0.673256 0.368689 -0.639071 0.728506 0.246712 0.598269 0.715163 0.361409 0.640933 0.673256 0.368689 0.639071 0.728506 0.246712 -0.41067 0.846539 0.338707 -0.515152 0.781632 0.351667 0.41067 0.846539 0.338707 0.515152 0.781632 0.351667 -0.393621 0.855122 0.337386 -0.27925 0.901199 0.331452 -0.166322 0.930646 0.325936 -0.0551914 0.9449 0.322672 -0.054934 0.978353 0.199519 0.0551914 0.9449 0.322672 0.054934 0.978353 0.199519 0.166322 0.930646 0.325936 0.27925 0.901199 0.331452 0.393621 0.855122 0.337386 -0.18686 -0.864176 0.467209 -0.106415 -0.887366 0.448617 -0.0345137 -0.897814 0.43902 0.0345137 -0.897814 0.43902 0.106415 -0.887366 0.448617 0.18686 -0.864176 0.467209 -0.403858 -0.741855 0.535303 -0.370531 -0.830411 0.416082 -0.268098 -0.829327 0.490245 -0.281712 -0.82248 0.49413 -0.279589 -0.829446 0.483579 0.268098 -0.829327 0.490245 0.281712 -0.82248 0.49413 0.279589 -0.829446 0.483579 0.403858 -0.741855 0.535303 0.370531 -0.830411 0.416082 -0.51538 -0.641982 0.567664 -0.553076 -0.600599 0.577397 -0.542771 -0.640982 0.542717 0.51538 -0.641982 0.567664 0.553076 -0.600599 0.577397 0.542771 -0.640982 0.542717 -0.673379 -0.423975 0.605645 -0.74326 -0.266319 0.613709 -0.722055 -0.418954 0.550559 0.673379 -0.423975 0.605645 0.74326 -0.266319 0.613709 0.722055 -0.418954 0.550559 -0.763247 -0.201229 0.613971 0.763247 -0.201229 0.613971 -0.794276 0.0109015 0.60746 0.794276 0.0109015 0.60746 -0.780994 0.2058 0.589656 0.780994 0.2058 0.589656 -0.726243 0.384597 0.569787 -0.773181 0.241543 0.586386 -0.776435 0.396732 0.489645 0.726243 0.384597 0.569787 0.773181 0.241543 0.586386 0.776435 0.396732 0.489645 -0.637814 0.544466 0.544748 -0.639473 0.542106 0.545156 -0.639474 0.544875 0.542388 0.637814 0.544466 0.544748 0.639473 0.542106 0.545156 0.639474 0.544875 0.542388 -0.499695 0.691627 0.521496 -0.514368 0.67899 0.52383 -0.514446 0.694864 0.502503 0.499695 0.691627 0.521496 0.514368 0.67899 0.52383 0.514446 0.694864 0.502503 -0.39575 0.76279 0.511404 -0.394042 0.843974 0.363923 -0.268861 0.824662 0.497641 -0.278716 0.821008 0.49826 -0.278746 0.825776 0.490301 0.268861 0.824662 0.497641 0.278716 0.821008 0.49826 0.278746 0.825776 0.490301 0.39575 0.76279 0.511404 0.394042 0.843974 0.363923 -0.166589 0.853252 0.494176 -0.0554052 0.868868 0.491934 0.0554052 0.868868 0.491934 0.166589 0.853252 0.494176 -0.319908 -0.682446 0.657211 -0.213687 -0.750831 0.624972 -0.196809 -0.829423 0.522804 -0.121817 -0.790209 0.600608 -0.116703 -0.828627 0.547501 -0.039512 -0.808029 0.587817 -0.0386235 -0.827819 0.559664 0.039512 -0.808029 0.587817 0.0386235 -0.827819 0.559664 0.121817 -0.790209 0.600608 0.116703 -0.828627 0.547501 0.213687 -0.750831 0.624972 0.196809 -0.829423 0.522804 0.319908 -0.682446 0.657211 -0.363097 -0.645444 0.671983 -0.450597 -0.55252 0.701202 -0.431407 -0.644634 0.631138 0.363097 -0.645444 0.671983 0.450597 -0.55252 0.701202 0.431407 -0.644634 0.631138 -0.533656 -0.433905 0.725905 -0.60959 -0.276047 0.743101 -0.589604 -0.430572 0.683356 0.533656 -0.433905 0.725905 0.60959 -0.276047 0.743101 0.589604 -0.430572 0.683356 -0.629955 -0.216575 0.745823 -0.749311 -0.203209 0.630269 0.629955 -0.216575 0.745823 0.749311 -0.203209 0.630269 -0.664917 -0.00831586 0.746871 -0.766126 0.00606638 0.642661 0.664917 -0.00831583 0.746871 0.766126 0.00606638 0.642661 -0.653924 0.184397 0.733745 -0.771626 0.203974 0.602485 0.653924 0.184397 0.733745 0.771626 0.203974 0.602485 -0.59809 0.361187 0.715425 -0.638985 0.246149 0.728772 -0.640884 0.368487 0.673413 0.59809 0.361187 0.715425 0.638985 0.246149 0.728772 0.640884 0.368487 0.673413 -0.499579 0.521198 0.691935 -0.514413 0.502093 0.695185 -0.51434 0.523548 0.679229 0.499579 0.521197 0.691935 0.514413 0.502093 0.695185 0.51434 0.523548 0.679229 -0.326527 0.668171 0.668527 -0.395553 0.619603 0.67796 -0.395562 0.677615 0.619975 0.326527 0.668171 0.668527 0.395553 0.619603 0.67796 0.395562 0.677615 0.619975 -0.279459 0.693032 0.664537 -0.166868 0.733957 0.658379 -0.166676 0.818842 0.549288 -0.0554271 0.754107 0.654409 -0.0554056 0.814508 0.5775 0.0554271 0.754107 0.654409 0.0554056 0.814508 0.5775 0.166868 0.733957 0.658379 0.166676 0.818842 0.549288 0.279459 0.693032 0.664537 -0.327771 -0.645571 0.689786 -0.244124 -0.534436 0.809186 -0.231171 -0.646296 0.727229 -0.140071 -0.60622 0.782865 -0.137026 -0.646034 0.750909 -0.0455163 -0.639176 0.767712 -0.0453441 -0.645657 0.76228 0.0455163 -0.639176 0.767712 0.0453441 -0.645657 0.76228 0.140071 -0.60622 0.782865 0.137026 -0.646034 0.750909 0.244124 -0.534436 0.809186 0.231171 -0.646296 0.727229 0.327771 -0.645571 0.689786 -0.470434 -0.436456 0.766941 -0.33478 -0.440645 0.832919 -0.36213 -0.400957 0.841484 -0.357788 -0.439869 0.823713 0.33478 -0.440645 0.832919 0.36213 -0.400957 0.841484 0.357788 -0.439869 0.823713 0.470434 -0.436456 0.766941 -0.614923 -0.217788 0.757917 -0.446309 -0.229156 0.865041 -0.492722 -0.226207 0.840271 0.44631 -0.229156 0.865041 0.492722 -0.226207 0.840271 0.614923 -0.217788 0.757917 -0.630711 -0.0119437 0.775926 -0.490645 -0.0254296 0.870989 -0.504078 -0.0242604 0.863318 0.490645 -0.0254296 0.870988 0.504078 -0.0242604 0.863318 0.630711 -0.0119437 0.775926 -0.636802 0.182232 0.749182 -0.475901 0.1645 0.863978 -0.511234 0.168214 0.842819 0.475901 0.1645 0.863978 0.511234 0.168214 0.842819 0.636802 0.182232 0.749182 -0.410365 0.338475 0.846779 -0.515084 0.351466 0.781767 0.410365 0.338475 0.846779 0.515084 0.351466 0.781767 -0.393961 0.363354 0.844256 -0.395708 0.511109 0.763009 -0.268468 0.497323 0.824982 -0.278713 0.489714 0.826135 -0.278684 0.497966 0.821197 0.268468 0.497323 0.824982 0.278713 0.489714 0.826135 0.278684 0.497966 0.821197 0.393961 0.363354 0.844256 0.395708 0.511109 0.763009 -0.279454 0.664177 0.693379 -0.166655 0.548782 0.819185 -0.166863 0.658005 0.734293 -0.0554018 0.576988 0.814872 -0.0554302 0.654031 0.754434 0.0554018 0.576988 0.814872 0.0554302 0.654031 0.754434 0.166655 0.548782 0.819185 0.166863 0.658005 0.734293 0.279454 0.664177 0.693379 -0.252959 -0.441655 0.860786 -0.150697 -0.442689 0.883921 -0.0500087 -0.443164 0.895044 0.0500087 -0.443164 0.895044 0.150697 -0.442689 0.883921 0.252959 -0.441655 0.860786 -0.377181 -0.231452 0.896752 -0.266346 -0.234867 0.934825 -0.161783 -0.0772664 0.983797 -0.158079 -0.237462 0.958448 -0.0523637 -0.23771 0.969924 -0.0523497 -0.238858 0.969642 0.0523637 -0.23771 0.969924 0.0523497 -0.238858 0.969642 0.161783 -0.0772664 0.983797 0.158079 -0.237462 0.958448 0.266346 -0.234867 0.934825 0.377181 -0.231452 0.896752 -0.387591 -0.0304459 0.921328 -0.174269 -0.0400961 0.983881 -0.273273 -0.0360754 0.96126 0.174269 -0.0400961 0.983881 0.273273 -0.0360754 0.96126 0.387591 -0.0304459 0.921328 -0.392515 0.15945 0.905819 -0.277251 0.152635 0.948596 -0.127938 0.145968 0.980982 -0.163726 0.0347272 0.985894 -0.164584 0.14682 0.975375 0.127938 0.145968 0.980982 0.163726 0.0347272 0.985894 0.164584 0.14682 0.975375 0.277251 0.152635 0.948596 0.392515 0.15945 0.905819 -0.393539 0.337171 0.855244 -0.279188 0.331255 0.90129 -0.166282 0.325747 0.93072 -0.0549149 0.198404 0.978581 -0.0551701 0.322496 0.944962 0.0549149 0.198404 0.978581 0.0551701 0.322496 0.944962 0.166282 0.325747 0.93072 0.279188 0.331255 0.90129 0.393539 0.337171 0.855244 -0.166558 0.493863 0.853439 -0.0553905 0.491618 0.869048 0.0553905 0.491618 0.869048 0.166558 0.493863 0.853439 -0.162192 -0.04026 0.985938 -0.0539749 -0.0410577 0.997698 0.0539749 -0.0410577 0.997698 0.162192 -0.04026 0.985938 -0.0546985 0.145131 0.987899 0.0546985 0.145131 0.987899"/>
    </IndexedTriangleSet>
   </Shape>
  </Transform>
  </Group>
  <Group>
  <Transform rotation="0 0 1 0" translation="0 0 0">
   <Shape>
    <Appearance DEF='ap1'>
     <Material ambientIntensity='1' diffuseColor='0 0.333333 0.498039' specularColor='0.85 0.85 0.85' shininess='0.234375' transparency='0'/>
    </Appearance>
    <IndexedTriangleSet DEF='its1' index="0 3 1 2 3 0 4 3 5 4 1 3 14 2 12 3 2 14 5 3 14 6 5 7 6 4 5 17 7 5 14 17 5 9 7 11 9 6 7 11 15 10 17 15 11 7 17 11 8 9 11 10 8 11 13 14 12 13 17 14 13 16 17 16 15 17 0 1 46 46 1 36 46 36 35 2 0 53 53 0 46 53 46 52 1 4 36 4 37 36 12 2 53 4 6 37 6 38 37 6 9 38 9 39 38 9 8 39 39 8 47 39 47 40 8 10 47 47 10 54 47 54 55 54 10 15 13 12 64 64 12 53 64 53 63 16 13 65 13 64 65 15 16 54 54 16 65 54 65 66 18 20 19 34 18 33 20 18 34 35 20 34 21 20 22 21 19 20 36 22 20 35 36 20 23 22 24 23 21 22 37 24 22 36 37 22 25 24 26 25 23 24 38 26 24 37 38 24 27 26 28 27 25 26 39 28 26 38 39 26 30 28 31 30 27 28 40 31 28 39 40 28 29 30 31 31 42 29 43 42 31 40 43 31 32 34 33 32 45 34 32 44 45 46 35 34 45 46 34 49 43 40 47 49 40 41 42 43 43 48 41 43 49 48 44 51 45 44 50 51 52 46 45 51 52 45 57 49 47 55 57 47 49 56 48 49 57 56 50 60 51 50 58 60 62 52 51 60 62 51 63 53 52 62 63 52 68 55 54 66 68 54 71 57 55 68 71 55 57 69 56 57 71 69 59 60 58 59 62 60 59 61 62 74 61 72 62 61 74 63 62 74 76 64 63 74 76 63 78 65 64 76 78 64 81 66 65 78 81 65 68 79 67 81 79 68 66 81 68 67 71 68 67 70 71 70 69 71 73 74 72 73 76 74 73 75 76 75 78 76 75 77 78 77 81 78 77 80 81 80 79 81 18 19 103 103 19 86 103 86 84 33 18 103 19 21 86 21 88 86 21 23 88 23 90 88 23 25 90 25 92 90 25 27 92 27 94 92 27 30 94 30 96 94 30 29 96 96 29 104 96 104 99 104 29 42 32 33 111 111 33 103 111 103 102 44 32 118 32 111 118 42 41 104 104 41 112 104 112 107 119 112 48 112 41 48 50 44 125 44 118 125 126 119 56 119 48 56 58 50 132 50 125 132 135 126 69 126 56 69 136 138 131 138 59 131 131 59 132 132 59 58 61 59 139 59 138 139 72 61 139 140 67 79 70 67 143 67 140 143 141 70 143 141 69 70 134 69 141 135 69 134 73 72 148 148 72 139 148 139 146 75 73 150 73 148 150 77 75 152 75 150 152 80 77 154 77 152 154 79 80 140 140 80 154 140 154 157 82 84 83 102 82 101 84 82 102 103 84 102 85 84 86 85 83 84 87 86 88 87 85 86 89 88 90 89 87 88 91 90 92 91 89 90 93 92 94 93 91 92 95 94 96 95 93 94 98 96 99 98 95 96 97 98 99 99 106 97 107 106 99 104 107 99 100 102 101 110 100 109 102 100 110 111 102 110 105 106 107 107 114 105 115 114 107 112 115 107 108 110 109 108 117 110 108 116 117 118 111 110 117 118 110 121 115 112 119 121 112 113 114 115 115 120 113 115 121 120 116 124 117 116 122 124 125 118 117 124 125 117 129 121 119 126 129 119 121 127 120 121 129 127 123 124 122 132 123 130 124 123 132 125 124 132 129 133 128 135 133 129 126 135 129 128 127 129 131 132 130 134 133 135 137 138 136 146 137 144 138 137 146 139 138 146 143 155 142 157 155 143 140 157 143 142 141 143 145 146 144 145 148 146 145 147 148 147 150 148 147 149 150 149 152 150 149 151 152 151 154 152 151 153 154 153 157 154 153 156 157 156 155 157 83 174 82 173 174 83 175 173 83 101 82 174 160 158 85 85 158 175 85 175 83 85 87 160 87 162 160 87 89 162 89 164 162 89 91 164 91 166 164 91 93 166 93 168 166 93 95 168 95 171 168 169 171 176 176 171 95 176 95 98 178 97 179 98 97 178 176 98 178 179 97 106 182 172 181 182 174 172 100 174 182 101 174 100 109 100 182 184 105 185 184 106 105 177 106 184 179 106 177 185 105 114 188 180 187 188 182 180 108 182 188 109 182 108 116 108 193 108 188 193 190 113 191 190 114 113 183 114 190 185 114 183 195 191 120 191 113 120 122 116 198 116 193 198 201 195 127 195 120 127 202 204 197 204 123 197 197 123 198 198 123 122 130 123 204 205 128 207 205 127 128 200 127 205 201 127 200 207 128 133 208 210 203 210 131 203 203 131 204 204 131 130 136 131 210 211 134 213 211 133 134 206 133 211 207 133 206 213 134 141 214 216 209 216 137 209 209 137 210 210 137 136 144 137 216 219 142 221 219 141 142 212 141 219 213 141 212 221 142 155 215 144 216 145 144 215 217 145 215 222 224 217 217 224 147 217 147 145 149 147 226 147 224 226 151 149 228 149 226 228 153 151 231 151 228 231 231 229 153 153 229 218 153 218 156 156 221 155 220 221 156 218 220 156 158 160 159 161 160 162 161 159 160 163 162 164 163 161 162 165 164 166 165 163 164 167 166 168 167 165 166 170 168 171 170 167 168 169 170 171 172 174 173 177 178 179 180 182 181 183 184 185 186 188 187 186 193 188 186 192 193 189 190 191 191 194 189 191 195 194 192 198 193 192 196 198 195 199 194 195 201 199 197 198 196 200 199 201 203 204 202 206 205 207 209 210 208 212 211 213 215 216 214 220 219 221 223 224 222 223 226 224 223 225 226 225 228 226 225 227 228 227 231 228 227 230 231 230 229 231 159 236 158 235 236 159 237 235 159 175 158 236 159 161 238 237 159 238 161 163 239 238 161 239 163 165 240 239 163 240 165 167 241 240 165 241 167 170 242 241 167 242 243 169 244 170 169 243 242 170 243 244 169 176 250 232 249 250 234 232 172 234 250 173 234 172 181 172 250 173 175 234 175 236 234 176 178 244 178 247 244 252 177 253 252 178 177 245 178 252 247 178 245 253 177 184 256 248 255 256 250 248 180 250 256 181 250 180 187 180 256 258 183 259 258 184 183 251 184 258 253 184 251 259 183 190 254 187 256 186 187 254 260 186 254 192 186 260 192 260 262 189 259 190 257 259 189 261 257 189 261 189 194 263 261 194 196 192 262 196 262 264 263 194 199 265 263 199 196 268 197 266 268 196 264 266 196 202 197 268 269 200 271 199 200 269 265 199 269 271 200 205 272 274 267 274 203 267 267 203 268 268 203 202 208 203 274 275 206 277 275 205 206 270 205 275 271 205 270 277 206 211 278 280 273 280 209 273 273 209 274 274 209 208 214 209 280 281 212 283 281 211 212 276 211 281 277 211 276 283 212 219 284 286 279 286 215 279 279 215 280 280 215 214 217 215 288 215 286 288 222 217 288 294 218 229 220 218 297 218 294 297 295 220 297 295 219 220 282 219 295 283 219 282 287 222 288 223 222 287 289 223 287 290 225 223 290 223 289 291 227 225 291 225 290 292 230 227 292 227 291 230 294 229 293 294 230 292 293 230 232 234 233 235 234 236 235 233 234 246 244 247 246 243 244 245 246 247 248 250 249 251 252 253 254 256 255 257 258 259 267 268 266 270 269 271 273 274 272 276 275 277 279 280 278 282 281 283 285 286 284 285 288 286 285 287 288 293 297 294 293 296 297 296 295 297 233 310 232 309 310 233 311 309 233 249 232 310 233 235 312 311 233 312 235 237 313 312 235 313 300 298 238 238 298 313 238 313 237 238 239 300 239 302 300 239 240 302 240 304 302 240 241 304 241 307 304 305 307 314 314 307 241 314 241 242 242 243 315 314 242 315 243 246 316 315 243 316 318 245 319 246 245 318 316 246 318 319 245 252 322 308 321 322 310 308 248 310 322 249 310 248 255 248 322 324 251 325 324 252 251 317 252 324 319 252 317 325 251 258 320 255 322 254 255 320 326 254 320 329 330 326 326 330 260 326 260 254 257 325 258 323 325 257 327 323 257 333 332 261 261 332 327 261 327 257 262 260 335 260 330 335 337 333 263 333 261 263 264 262 340 262 335 340 343 337 265 337 263 265 340 339 264 264 339 344 264 344 266 342 343 345 345 343 265 345 265 269 266 348 267 346 348 266 344 346 266 272 267 348 349 270 351 269 270 349 345 269 349 351 270 275 352 354 347 354 273 347 347 273 348 348 273 272 278 273 354 357 276 359 357 275 276 350 275 357 351 275 350 359 276 281 353 278 354 279 278 353 355 279 353 279 355 284 355 360 284 282 359 281 358 359 282 356 358 282 356 282 366 282 295 366 361 284 360 361 285 284 362 287 285 362 285 361 363 289 287 363 287 362 368 370 363 363 370 290 363 290 289 291 290 373 290 370 373 373 371 291 291 371 364 291 364 292 365 293 292 365 292 364 367 296 293 367 293 365 296 366 295 296 367 366 298 300 299 301 300 302 301 299 300 303 302 304 303 301 302 306 304 307 306 303 304 305 306 307 308 310 309 317 318 319 320 322 321 323 324 325 328 330 329 328 335 330 328 334 335 331 332 333 333 336 331 333 337 336 334 340 335 334 338 340 337 341 336 337 343 341 339 340 338 342 341 343 347 348 346 350 349 351 353 354 352 358 357 359 369 370 368 369 373 370 369 372 373 372 371 373 299 376 298 375 376 299 377 375 299 313 298 376 299 301 378 377 299 378 301 303 379 378 301 379 303 306 380 379 303 380 382 305 383 306 305 382 380 306 382 383 305 314 384 309 385 384 308 309 308 384 321 384 393 321 309 311 386 385 309 386 311 312 387 386 311 387 376 374 313 313 374 387 313 387 312 381 383 388 388 383 314 388 314 315 315 316 389 388 315 389 316 318 391 389 316 391 317 391 318 317 390 391 390 317 395 317 324 395 392 321 393 392 320 321 397 398 392 392 398 326 392 326 320 323 395 324 323 394 395 401 400 327 327 400 394 327 394 323 329 326 398 401 327 332 396 329 398 328 329 396 402 328 396 334 328 402 334 402 404 331 401 332 399 401 331 403 399 331 403 331 336 405 403 336 338 334 404 338 404 406 405 336 341 408 405 341 407 338 406 407 339 338 339 407 344 407 410 344 342 408 341 342 409 408 409 342 411 342 345 411 346 344 410 346 410 412 411 345 349 414 411 349 413 346 412 413 347 346 347 413 352 413 416 352 350 414 349 350 415 414 415 350 420 350 357 420 417 352 416 417 353 352 418 355 353 418 353 417 355 418 360 418 422 360 419 356 426 356 366 426 421 358 356 421 356 419 358 420 357 358 421 420 423 360 422 423 361 360 424 362 361 424 361 423 428 430 424 424 430 363 424 363 362 368 363 430 436 364 371 436 434 364 364 434 425 364 425 365 427 367 365 427 365 425 367 426 366 367 427 426 429 368 430 369 368 429 432 369 429 433 372 369 433 369 432 372 436 371 435 436 372 433 435 372 374 376 375 381 382 383 396 398 397 399 400 401 429 430 428 435 434 436 375 440 374 439 440 375 441 439 375 387 374 440 375 377 442 441 375 442 377 378 443 442 377 443 378 379 444 443 378 444 379 380 445 444 379 445 380 382 446 445 380 446 448 381 449 382 381 448 446 382 448 449 381 388 450 385 451 450 384 385 384 450 393 450 457 393 385 386 452 451 385 452 440 438 387 387 438 452 387 452 386 447 449 453 453 449 388 453 388 389 389 391 455 453 389 455 390 455 391 390 454 455 454 390 459 390 395 459 456 393 457 456 392 393 392 456 397 456 461 397 394 459 395 394 458 459 458 394 463 394 400 463 460 397 461 460 396 397 402 396 460 402 460 464 399 463 400 399 462 463 462 399 403 465 462 403 404 402 464 404 464 466 465 403 405 467 465 405 406 404 466 406 466 468 467 405 408 471 467 408 469 406 468 469 407 406 407 469 410 469 474 410 409 471 408 409 472 471 472 409 475 409 411 475 412 410 474 412 474 476 475 411 414 479 475 414 477 412 476 477 413 412 413 477 416 477 482 416 415 479 414 415 480 479 480 415 487 415 420 487 483 416 482 483 417 416 485 418 417 485 417 483 418 485 422 485 490 422 486 419 497 419 426 497 488 421 419 488 419 486 421 487 420 421 488 487 491 422 490 491 423 422 493 424 423 493 423 491 431 428 494 494 428 424 494 424 493 434 437 425 425 437 495 425 495 496 498 427 425 498 425 496 427 497 426 427 498 497 429 428 431 501 431 500 429 431 501 432 429 501 431 494 500 504 433 432 504 432 501 435 503 437 504 503 435 433 504 435 437 434 435 495 437 503 438 440 439 447 448 449 506 439 507 506 438 439 438 506 452 506 520 452 439 441 509 507 439 509 441 442 510 509 441 510 442 443 511 510 442 511 443 444 512 511 443 512 444 445 513 512 444 513 445 446 514 513 445 514 446 448 516 514 446 516 447 516 448 447 515 516 515 447 521 447 453 521 518 451 519 518 450 451 450 518 457 518 525 457 451 452 520 519 451 520 453 455 523 521 453 523 454 523 455 454 522 523 522 454 527 454 459 527 524 457 525 524 456 457 456 524 461 524 529 461 458 527 459 458 526 527 526 458 532 458 463 532 528 461 529 528 460 461 464 460 528 464 528 534 462 532 463 462 531 532 531 462 465 536 531 465 466 464 534 466 534 538 536 465 467 541 536 467 468 539 470 538 539 468 466 538 468 541 473 542 471 473 541 467 471 541 469 468 470 469 470 474 474 470 544 474 544 546 470 539 544 473 471 472 473 472 545 545 472 475 545 475 549 542 473 545 476 547 478 546 547 476 474 546 476 549 481 550 479 481 549 475 479 549 477 476 478 484 482 553 482 477 553 553 477 552 552 477 478 478 547 552 481 479 480 556 555 489 555 481 489 489 481 487 487 481 480 550 481 555 483 482 484 559 484 558 483 484 559 485 483 559 484 553 558 492 490 561 561 490 485 561 485 559 497 499 486 486 499 562 486 562 564 488 563 489 564 563 488 486 564 488 489 487 488 556 489 563 491 490 492 567 492 566 491 492 567 493 491 567 492 561 566 569 494 493 569 493 567 502 500 571 571 500 494 571 494 569 503 505 495 495 505 573 495 573 575 578 496 495 578 495 575 498 577 499 578 577 498 496 578 498 499 497 498 562 499 577 501 500 502 502 504 501 502 505 504 505 502 573 502 571 573 505 503 504 506 507 508 506 508 520 520 508 594 520 594 593 507 580 508 581 580 507 509 581 507 508 580 594 509 510 583 581 509 583 510 511 584 583 510 584 511 512 585 584 511 585 512 513 586 585 512 586 513 514 588 586 513 588 588 517 587 516 517 588 514 516 588 517 516 515 517 515 595 595 515 521 595 521 596 587 517 595 590 519 591 590 518 519 518 590 525 590 601 525 519 520 593 591 519 593 521 523 598 596 521 598 522 598 523 522 597 598 597 522 604 522 527 604 600 525 601 600 524 525 530 529 606 606 529 524 606 524 600 526 604 527 526 603 604 532 533 526 526 533 608 526 608 603 528 529 530 534 530 535 534 528 530 606 610 530 610 535 530 533 532 531 537 531 536 537 533 531 533 537 608 537 612 608 538 535 540 538 534 535 610 614 535 614 540 535 543 536 541 543 537 536 537 543 612 543 616 612 539 538 540 539 540 544 544 540 614 544 614 618 543 541 542 543 542 616 616 542 545 616 545 621 546 619 548 618 619 546 544 618 546 621 551 622 549 551 621 545 549 621 547 546 548 554 552 625 552 547 625 625 547 624 624 547 548 548 619 624 551 549 550 628 627 557 627 551 557 557 551 555 555 551 550 622 551 627 553 552 554 560 558 631 558 553 631 631 553 630 630 553 554 554 625 630 557 555 556 636 635 565 635 557 565 565 557 563 563 557 556 628 557 635 559 558 560 639 560 638 559 560 639 561 559 639 560 631 638 568 566 641 641 566 561 641 561 639 577 579 562 562 579 651 562 651 654 564 653 565 654 653 564 562 654 564 565 563 564 636 565 653 567 566 568 568 569 567 568 570 569 570 568 643 568 641 643 570 571 569 570 572 571 572 570 645 570 643 645 572 573 571 572 574 573 574 572 647 572 645 647 574 575 573 574 576 575 576 574 649 574 647 649 576 578 575 576 579 578 579 576 651 576 649 651 579 577 578 580 581 582 580 582 594 594 582 671 594 671 669 581 656 582 657 656 581 583 657 581 582 656 671 583 584 659 657 583 659 584 585 661 659 584 661 585 586 664 661 585 664 664 589 663 588 589 664 586 588 664 589 588 587 589 587 673 673 587 595 673 595 675 663 589 673 590 591 592 602 601 680 601 590 680 680 590 681 681 590 592 591 666 592 667 666 591 593 667 591 592 666 681 593 594 669 667 593 669 595 596 678 675 595 678 678 599 677 598 599 678 596 598 678 599 598 597 688 605 687 688 604 605 599 604 688 597 604 599 677 599 688 600 601 602 606 602 607 606 600 602 680 690 602 690 607 602 605 604 603 609 603 608 609 605 603 605 609 687 609 694 687 610 607 611 610 606 607 690 696 607 696 611 607 613 608 612 613 609 608 609 613 694 613 700 694 614 611 615 614 610 611 696 702 611 702 615 611 617 612 616 617 613 612 613 617 700 617 708 700 618 615 620 618 614 615 702 710 615 710 620 615 623 616 621 623 617 616 617 623 708 623 719 708 619 618 620 626 624 711 624 619 711 711 619 710 710 619 620 623 621 622 720 719 629 719 623 629 629 623 627 627 623 622 625 624 626 632 630 723 630 625 723 723 625 722 722 625 626 626 711 722 629 627 628 736 735 637 735 629 637 637 629 635 635 629 628 720 629 735 631 630 632 632 638 631 640 638 632 633 640 632 633 632 725 632 723 725 738 739 633 633 739 642 633 642 640 633 725 738 655 636 653 637 636 655 634 637 655 750 749 652 652 749 634 652 634 655 637 634 736 634 733 736 733 634 749 637 635 636 639 638 640 640 641 639 640 642 641 642 643 641 642 644 643 644 642 741 642 739 741 644 645 643 644 646 645 646 644 743 644 741 743 646 647 645 646 648 647 648 646 745 646 743 745 648 649 647 648 650 649 650 648 747 648 745 747 650 651 649 650 652 651 652 650 750 650 747 750 652 654 651 652 655 654 655 653 654 656 657 658 672 671 752 671 656 752 752 656 753 753 656 658 660 657 659 660 658 657 658 660 753 660 755 753 662 659 661 662 660 659 660 662 755 662 757 755 665 661 664 665 662 661 662 665 757 665 760 757 665 664 663 760 674 759 760 673 674 665 673 760 663 673 665 666 667 668 668 681 666 682 681 668 683 682 668 670 667 669 670 668 667 668 670 684 668 684 683 672 669 671 672 670 669 763 762 672 672 762 684 672 684 670 672 752 763 676 673 675 676 674 673 769 770 685 685 770 674 685 674 676 759 674 770 679 675 678 679 676 675 676 679 686 676 686 685 679 678 677 689 677 688 679 677 689 686 679 689 680 681 682 690 682 691 690 680 682 682 683 692 682 692 691 773 772 684 684 772 692 684 692 683 684 762 773 781 782 693 693 782 685 693 685 686 769 685 782 686 689 695 686 695 693 689 688 687 695 687 694 695 689 687 696 691 697 696 690 691 691 692 698 691 698 697 772 784 692 784 698 692 693 695 701 693 701 699 693 699 781 699 793 781 701 694 700 701 695 694 702 697 703 702 696 697 697 698 704 697 704 703 784 785 698 698 785 705 698 705 704 699 701 709 699 709 707 794 793 706 706 793 699 706 699 707 709 700 708 709 701 700 710 703 712 710 702 703 703 704 713 703 713 712 704 705 714 704 714 713 796 797 705 705 797 715 705 715 714 705 785 796 706 707 718 706 718 717 804 803 716 716 803 706 716 706 717 794 706 803 707 709 721 707 721 718 721 708 719 721 709 708 711 710 712 712 722 711 724 722 712 713 724 712 713 714 726 713 726 724 714 715 727 714 727 726 806 807 715 715 807 728 715 728 727 715 797 806 716 717 734 716 734 732 814 813 731 731 813 716 731 716 732 804 716 813 717 718 737 717 737 734 737 720 735 721 720 737 718 721 737 721 719 720 723 722 724 724 725 723 724 726 725 726 738 725 740 738 726 727 740 726 727 728 742 727 742 740 728 729 744 728 744 742 729 728 809 728 807 809 729 730 746 729 746 744 730 729 811 729 809 811 730 731 748 730 748 746 731 730 814 730 811 814 731 732 751 731 751 748 751 733 749 734 733 751 732 734 751 734 736 733 734 737 736 737 735 736 739 738 740 740 741 739 740 742 741 742 743 741 742 744 743 744 745 743 744 746 745 746 747 745 746 748 747 748 750 747 748 751 750 751 749 750 752 753 754 754 763 752 764 763 754 765 764 754 756 753 755 756 754 753 754 756 766 754 766 765 758 755 757 758 756 755 756 758 767 756 767 766 761 757 760 761 758 757 758 761 768 758 768 767 761 760 759 771 759 770 761 759 771 768 761 771 762 763 764 764 773 762 774 773 764 775 774 764 764 765 776 764 776 775 765 766 777 765 777 776 766 767 778 766 778 777 767 768 779 767 779 778 768 771 780 768 780 779 771 770 769 783 769 782 771 769 783 780 771 783 772 773 774 784 774 786 784 772 774 774 775 787 774 787 786 775 776 788 775 788 787 776 777 789 776 789 788 777 778 790 777 790 789 778 779 791 778 791 790 779 780 792 779 792 791 780 783 795 780 795 792 783 782 781 795 781 793 795 783 781 785 784 786 786 796 785 798 796 786 787 798 786 787 788 799 787 799 798 788 789 800 788 800 799 789 790 801 789 801 800 790 791 802 790 802 801 791 792 805 791 805 802 805 794 803 795 794 805 792 795 805 795 793 794 797 796 798 798 806 797 808 806 798 799 808 798 799 800 810 799 810 808 800 801 812 800 812 810 801 802 815 801 815 812 815 804 813 805 804 815 802 805 815 805 803 804 807 806 808 808 809 807 808 810 809 810 811 809 810 812 811 812 814 811 812 815 814 815 813 814 816 818 817 828 816 827 818 816 828 829 818 828 819 818 820 819 817 818 830 820 818 829 830 818 821 820 822 821 819 820 831 822 820 830 831 820 824 822 825 824 821 822 832 825 822 831 832 822 823 824 825 825 834 823 835 834 825 832 835 825 826 828 827 838 826 837 828 826 838 839 828 838 840 829 828 839 840 828 841 830 829 840 841 829 842 831 830 841 842 830 843 832 831 842 843 831 844 835 832 843 844 832 833 834 835 835 846 833 847 846 835 844 847 835 836 838 837 836 850 838 836 848 850 851 839 838 850 851 838 852 840 839 851 852 839 853 841 840 852 853 840 854 842 841 853 854 841 855 843 842 854 855 842 856 844 843 855 856 843 859 847 844 856 859 844 845 846 847 847 857 845 847 859 857 849 850 848 862 849 860 850 849 862 851 850 862 863 852 851 862 863 851 864 853 852 863 864 852 865 854 853 864 865 853 866 855 854 865 866 854 869 856 855 866 869 855 859 867 858 869 867 859 856 869 859 858 857 859 861 862 860 872 861 870 862 861 872 863 862 872 874 864 863 872 874 863 876 865 864 874 876 864 879 866 865 876 879 865 869 877 868 879 877 869 866 879 869 868 867 869 871 872 870 871 874 872 871 873 874 873 876 874 873 875 876 875 879 876 875 878 879 878 877 879 816 817 915 915 817 900 915 900 899 827 816 915 817 819 900 819 901 900 819 821 901 821 902 901 821 824 902 824 903 902 824 823 903 903 823 916 903 916 904 916 823 834 826 827 925 925 827 915 925 915 914 837 826 925 834 833 916 916 833 926 916 926 917 926 833 846 836 837 932 932 837 925 932 925 924 848 836 938 836 932 938 846 845 926 926 845 933 926 933 927 939 933 857 933 845 857 849 848 946 946 848 938 946 938 945 860 849 946 857 858 939 939 858 947 939 947 948 947 858 867 861 860 958 958 860 946 958 946 956 870 861 958 867 868 947 947 868 960 947 960 962 960 868 877 966 968 957 968 871 957 957 871 958 958 871 870 873 871 970 871 968 970 875 873 972 873 970 972 878 875 975 875 972 975 973 878 975 973 877 878 959 877 973 960 877 959 880 882 881 898 880 897 882 880 898 899 882 898 883 882 884 883 881 882 900 884 882 899 900 882 885 884 886 885 883 884 901 886 884 900 901 884 887 886 888 887 885 886 902 888 886 901 902 886 889 888 890 889 887 888 903 890 888 902 903 888 892 890 893 892 889 890 904 893 890 903 904 890 891 892 893 893 905 891 906 905 893 904 906 893 894 896 895 912 894 911 896 894 912 913 896 912 897 896 898 897 895 896 914 898 896 913 914 896 915 899 898 914 915 898 917 906 904 916 917 904 908 906 909 908 905 906 918 909 906 917 918 906 907 908 909 909 920 907 921 920 909 918 921 909 910 912 911 910 923 912 910 922 923 924 913 912 923 924 912 925 914 913 924 925 913 927 918 917 926 927 917 929 921 918 927 929 918 919 920 921 921 928 919 921 929 928 922 931 923 922 930 931 932 924 923 931 932 923 935 929 927 933 935 927 929 934 928 929 935 934 930 937 931 930 936 937 938 932 931 937 938 931 941 935 933 939 941 933 935 940 934 935 941 940 936 944 937 936 942 944 945 938 937 944 945 937 951 941 939 948 951 939 941 949 940 941 951 949 943 944 942 954 943 952 944 943 954 945 944 954 956 946 945 954 956 945 965 948 947 962 965 947 951 963 950 965 963 951 948 965 951 950 949 951 953 954 952 953 956 954 953 955 956 955 958 956 955 957 958 959 962 960 959 961 962 961 965 962 961 964 965 964 963 965 967 968 966 967 970 968 967 969 970 969 972 970 969 971 972 971 975 972 971 974 975 974 973 975 880 881 997 997 881 980 997 980 978 897 880 997 881 883 980 883 982 980 883 885 982 885 984 982 885 887 984 887 986 984 887 889 986 889 988 986 889 892 988 892 990 988 892 891 990 990 891 998 990 998 993 998 891 905 1004 994 1003 1004 996 994 894 996 1004 895 996 894 911 894 1004 895 897 996 897 997 996 905 908 998 908 1001 998 1006 907 1007 1006 908 907 999 908 1006 1001 908 999 1007 907 920 1010 1002 1009 1010 1004 1002 910 1004 1010 911 1004 910 922 910 1015 910 1010 1015 1012 919 1013 1012 920 919 1005 920 1012 1007 920 1005 1017 1013 928 1013 919 928 930 922 1019 922 1015 1019 1021 1017 934 1017 928 934 936 930 1023 930 1019 1023 1025 1021 940 1021 934 940 942 936 1028 936 1023 1028 1031 1025 949 1025 940 949 1032 1034 1027 1034 943 1027 1027 943 1028 1028 943 942 952 943 1034 1039 950 1041 1039 949 950 1030 949 1039 1031 949 1030 1041 950 963 1033 952 1034 953 952 1033 1035 953 1033 1036 955 953 1036 953 1035 1042 1044 1036 1036 1044 957 1036 957 955 966 957 1044 1051 959 973 1051 1049 959 959 1049 1037 959 1037 961 1038 964 961 1038 961 1037 964 1041 963 1040 1041 964 1038 1040 964 1043 966 1044 967 966 1043 1045 967 1043 1046 969 967 1046 967 1045 1047 971 969 1047 969 1046 1048 974 971 1048 971 1047 974 1051 973 1050 1051 974 1048 1050 974 976 978 977 996 976 995 978 976 996 997 978 996 979 978 980 979 977 978 981 980 982 981 979 980 983 982 984 983 981 982 985 984 986 985 983 984 987 986 988 987 985 986 989 988 990 989 987 988 992 990 993 992 989 990 991 992 993 993 1000 991 1001 1000 993 998 1001 993 994 996 995 999 1000 1001 1002 1004 1003 1005 1006 1007 1008 1010 1009 1008 1015 1010 1008 1014 1015 1011 1012 1013 1013 1016 1011 1013 1017 1016 1014 1019 1015 1014 1018 1019 1017 1020 1016 1017 1021 1020 1018 1023 1019 1018 1022 1023 1021 1024 1020 1021 1025 1024 1022 1028 1023 1022 1026 1028 1025 1029 1024 1025 1031 1029 1027 1028 1026 1030 1029 1031 1033 1034 1032 1040 1039 1041 1043 1044 1042 1050 1049 1051 977 1068 976 1067 1068 977 1069 1067 977 995 976 1068 1054 1052 979 979 1052 1069 979 1069 977 979 981 1054 981 1056 1054 981 983 1056 983 1058 1056 983 985 1058 985 1060 1058 985 987 1060 987 1062 1060 987 989 1062 989 1065 1062 1063 1065 1070 1070 1065 989 1070 989 992 1072 991 1073 992 991 1072 1070 992 1072 1073 991 1000 1076 1066 1075 1076 1068 1066 994 1068 1076 995 1068 994 1003 994 1076 1078 999 1079 1078 1000 999 1071 1000 1078 1073 1000 1071 1079 999 1006 1082 1074 1081 1082 1076 1074 1002 1076 1082 1003 1076 1002 1009 1002 1082 1084 1005 1085 1084 1006 1005 1077 1006 1084 1079 1006 1077 1085 1005 1012 1080 1009 1082 1008 1009 1080 1086 1008 1080 1089 1090 1086 1086 1090 1014 1086 1014 1008 1011 1085 1012 1083 1085 1011 1087 1083 1011 1093 1092 1016 1016 1092 1087 1016 1087 1011 1018 1014 1095 1014 1090 1095 1097 1093 1020 1093 1016 1020 1022 1018 1100 1018 1095 1100 1103 1097 1024 1097 1020 1024 1100 1099 1022 1022 1099 1104 1022 1104 1026 1102 1103 1106 1106 1103 1024 1106 1024 1029 1105 1026 1104 1105 1027 1026 1027 1105 1032 1105 1108 1032 1030 1106 1029 1030 1107 1106 1107 1030 1112 1030 1039 1112 1109 1032 1108 1109 1033 1032 1110 1035 1033 1110 1033 1109 1114 1116 1110 1110 1116 1036 1110 1036 1035 1042 1036 1116 1125 1037 1049 1125 1123 1037 1037 1123 1111 1037 1111 1038 1113 1040 1038 1113 1038 1111 1040 1112 1039 1040 1113 1112 1115 1042 1116 1043 1042 1115 1117 1043 1115 1118 1045 1043 1118 1043 1117 1119 1046 1045 1119 1045 1118 1120 1047 1046 1120 1046 1119 1121 1048 1047 1121 1047 1120 1122 1050 1048 1122 1048 1121 1050 1125 1049 1124 1125 1050 1122 1124 1050 1052 1054 1053 1055 1054 1056 1055 1053 1054 1057 1056 1058 1057 1055 1056 1059 1058 1060 1059 1057 1058 1061 1060 1062 1061 1059 1060 1064 1062 1065 1064 1061 1062 1063 1064 1065 1066 1068 1067 1071 1072 1073 1074 1076 1075 1077 1078 1079 1080 1082 1081 1083 1084 1085 1088 1090 1089 1088 1095 1090 1088 1094 1095 1091 1092 1093 1093 1096 1091 1093 1097 1096 1094 1100 1095 1094 1098 1100 1097 1101 1096 1097 1103 1101 1099 1100 1098 1102 1101 1103 1115 1116 1114 1124 1123 1125 1053 1134 1052 1133 1134 1053 1135 1133 1053 1069 1052 1134 1053 1055 1136 1135 1053 1136 1128 1126 1057 1057 1126 1136 1057 1136 1055 1057 1059 1128 1059 1131 1128 1129 1131 1137 1137 1131 1059 1137 1059 1061 1061 1064 1138 1137 1061 1138 1140 1063 1141 1064 1063 1140 1138 1064 1140 1141 1063 1070 1067 1144 1066 1143 1144 1067 1145 1143 1067 1075 1066 1144 1134 1132 1069 1069 1132 1145 1069 1145 1067 1139 1141 1146 1146 1141 1070 1146 1070 1072 1148 1071 1149 1072 1071 1148 1146 1072 1148 1149 1071 1078 1152 1142 1151 1152 1144 1142 1074 1144 1152 1075 1144 1074 1081 1074 1152 1154 1077 1155 1154 1078 1077 1147 1078 1154 1149 1078 1147 1155 1077 1084 1150 1081 1152 1080 1081 1150 1156 1080 1150 1159 1160 1156 1156 1160 1086 1156 1086 1080 1083 1155 1084 1153 1155 1083 1157 1153 1083 1163 1162 1087 1087 1162 1157 1087 1157 1083 1089 1086 1160 1163 1087 1092 1158 1089 1160 1088 1089 1158 1164 1088 1158 1094 1088 1164 1094 1164 1166 1091 1163 1092 1161 1163 1091 1165 1161 1091 1165 1091 1096 1167 1165 1096 1098 1094 1166 1098 1166 1168 1167 1096 1101 1170 1167 1101 1169 1098 1168 1169 1099 1098 1099 1169 1104 1169 1172 1104 1102 1170 1101 1102 1171 1170 1171 1102 1174 1102 1106 1174 1173 1104 1172 1173 1105 1104 1105 1173 1108 1173 1176 1108 1107 1174 1106 1107 1175 1174 1175 1107 1180 1107 1112 1180 1177 1108 1176 1177 1109 1108 1178 1110 1109 1178 1109 1177 1110 1178 1114 1178 1182 1114 1179 1111 1191 1111 1123 1191 1181 1113 1111 1181 1111 1179 1113 1180 1112 1113 1181 1180 1183 1114 1182 1183 1115 1114 1185 1117 1115 1185 1115 1183 1186 1118 1117 1186 1117 1185 1187 1119 1118 1187 1118 1186 1188 1120 1119 1188 1119 1187 1189 1121 1120 1189 1120 1188 1190 1122 1121 1190 1121 1189 1192 1124 1122 1192 1122 1190 1124 1191 1123 1124 1192 1191 1126 1128 1127 1130 1128 1131 1130 1127 1128 1129 1130 1131 1132 1134 1133 1139 1140 1141 1142 1144 1143 1147 1148 1149 1150 1152 1151 1153 1154 1155 1158 1160 1159 1161 1162 1163 1127 1196 1126 1195 1196 1127 1198 1195 1127 1136 1126 1196 1127 1130 1199 1198 1127 1199 1201 1129 1202 1130 1129 1201 1199 1130 1201 1202 1129 1137 1204 1133 1205 1204 1132 1133 1132 1204 1145 1204 1212 1145 1133 1135 1206 1205 1133 1206 1196 1194 1136 1136 1194 1206 1136 1206 1135 1200 1202 1207 1207 1202 1137 1207 1137 1138 1138 1140 1209 1207 1138 1209 1139 1209 1140 1139 1208 1209 1208 1139 1213 1139 1146 1213 1210 1143 1211 1210 1142 1143 1142 1210 1151 1210 1217 1151 1143 1145 1212 1211 1143 1212 1146 1148 1215 1213 1146 1215 1147 1215 1148 1147 1214 1215 1214 1147 1219 1147 1154 1219 1216 1151 1217 1216 1150 1151 1156 1150 1216 1156 1216 1220 1153 1219 1154 1153 1218 1219 1218 1153 1157 1221 1218 1157 1156 1220 1159 1220 1223 1159 1221 1157 1225 1157 1162 1225 1222 1159 1223 1222 1158 1159 1164 1158 1222 1164 1222 1226 1161 1225 1162 1161 1224 1225 1224 1161 1165 1227 1224 1165 1166 1164 1226 1166 1226 1228 1227 1165 1167 1229 1227 1167 1168 1166 1228 1168 1228 1230 1229 1167 1170 1233 1229 1170 1231 1168 1230 1231 1169 1168 1169 1231 1172 1231 1236 1172 1171 1233 1170 1171 1234 1233 1234 1171 1238 1171 1174 1238 1237 1172 1236 1237 1173 1172 1173 1237 1176 1237 1240 1176 1175 1238 1174 1175 1239 1238 1239 1175 1246 1175 1180 1246 1241 1176 1240 1241 1177 1176 1242 1178 1177 1242 1177 1241 1184 1182 1243 1243 1182 1178 1243 1178 1242 1191 1193 1179 1179 1193 1244 1179 1244 1245 1247 1181 1179 1247 1179 1245 1181 1246 1180 1181 1247 1246 1183 1182 1184 1249 1184 1248 1183 1184 1249 1185 1183 1249 1184 1243 1248 1251 1186 1185 1251 1185 1249 1252 1187 1186 1252 1186 1251 1253 1188 1187 1253 1187 1252 1254 1189 1188 1254 1188 1253 1256 1190 1189 1256 1189 1254 1192 1255 1193 1256 1255 1192 1190 1256 1192 1193 1191 1192 1244 1193 1255 1194 1196 1195 1200 1201 1202 1194 1195 1197 1194 1197 1206 1206 1197 1267 1206 1267 1266 1195 1258 1197 1259 1258 1195 1198 1259 1195 1197 1258 1267 1198 1199 1262 1259 1198 1262 1262 1203 1261 1201 1203 1262 1199 1201 1262 1203 1201 1200 1203 1200 1268 1268 1200 1207 1268 1207 1269 1261 1203 1268 1264 1205 1265 1264 1204 1205 1204 1264 1212 1264 1275 1212 1205 1206 1266 1265 1205 1266 1207 1209 1271 1269 1207 1271 1208 1271 1209 1208 1270 1271 1270 1208 1276 1208 1213 1276 1272 1211 1273 1272 1210 1211 1210 1272 1217 1272 1281 1217 1211 1212 1275 1273 1211 1275 1213 1215 1278 1276 1213 1278 1214 1278 1215 1214 1277 1278 1277 1214 1284 1214 1219 1284 1280 1217 1281 1280 1216 1217 1220 1216 1280 1220 1280 1286 1218 1284 1219 1218 1283 1284 1283 1218 1221 1287 1283 1221 1220 1286 1223 1286 1289 1223 1287 1221 1292 1221 1225 1292 1288 1223 1289 1288 1222 1223 1226 1222 1288 1226 1288 1294 1224 1292 1225 1224 1291 1292 1291 1224 1227 1296 1291 1227 1228 1226 1294 1228 1294 1298 1296 1227 1229 1301 1296 1229 1230 1299 1232 1298 1299 1230 1228 1298 1230 1301 1235 1302 1233 1235 1301 1229 1233 1301 1231 1230 1232 1231 1232 1236 1236 1232 1304 1236 1304 1306 1232 1299 1304 1235 1233 1234 1235 1234 1305 1305 1234 1238 1305 1238 1309 1302 1235 1305 1307 1236 1306 1307 1237 1236 1237 1307 1240 1307 1312 1240 1239 1309 1238 1239 1310 1309 1310 1239 1321 1239 1246 1321 1313 1240 1312 1313 1241 1240 1315 1242 1241 1315 1241 1313 1316 1243 1242 1316 1242 1315 1250 1248 1317 1317 1248 1243 1317 1243 1316 1255 1257 1244 1244 1257 1318 1244 1318 1319 1320 1245 1244 1320 1244 1319 1322 1247 1245 1322 1245 1320 1247 1321 1246 1247 1322 1321 1249 1248 1250 1325 1250 1324 1249 1250 1325 1251 1249 1325 1250 1317 1324 1327 1252 1251 1327 1251 1325 1329 1253 1252 1329 1252 1327 1332 1254 1253 1332 1253 1329 1256 1331 1257 1332 1331 1256 1254 1332 1256 1257 1255 1256 1318 1257 1331 1258 1259 1260 1258 1260 1267 1267 1260 1340 1267 1340 1339 1263 1259 1262 1263 1260 1259 1260 1263 1340 1263 1341 1340 1263 1262 1261 1263 1261 1341 1341 1261 1268 1341 1268 1342 1334 1265 1335 1334 1264 1265 1264 1334 1275 1334 1349 1275 1265 1266 1337 1335 1265 1337 1266 1267 1339 1337 1266 1339 1268 1269 1343 1342 1268 1343 1269 1271 1346 1343 1269 1346 1270 1346 1271 1270 1345 1346 1345 1270 1352 1270 1276 1352 1272 1273 1274 1282 1281 1354 1281 1272 1354 1354 1272 1355 1355 1272 1274 1273 1348 1274 1349 1348 1273 1275 1349 1273 1274 1348 1355 1352 1279 1351 1278 1279 1352 1276 1278 1352 1279 1278 1277 1358 1285 1357 1358 1284 1285 1279 1284 1358 1277 1284 1279 1351 1279 1358 1280 1281 1282 1360 1282 1361 1280 1282 1360 1286 1280 1360 1282 1354 1361 1285 1284 1283 1283 1364 1285 1363 1364 1283 1287 1363 1283 1357 1285 1364 1290 1289 1366 1366 1289 1286 1366 1286 1360 1292 1293 1287 1287 1293 1367 1287 1367 1363 1288 1289 1290 1294 1290 1295 1294 1288 1290 1366 1368 1290 1368 1295 1290 1293 1292 1291 1297 1291 1296 1297 1293 1291 1293 1297 1367 1297 1369 1367 1298 1295 1300 1298 1294 1295 1368 1370 1295 1370 1300 1295 1303 1296 1301 1303 1297 1296 1297 1303 1369 1303 1371 1369 1299 1298 1300 1299 1300 1304 1304 1300 1370 1304 1370 1372 1303 1301 1302 1303 1302 1371 1371 1302 1305 1371 1305 1375 1306 1373 1308 1372 1373 1306 1304 1372 1306 1375 1311 1376 1309 1311 1375 1305 1309 1375 1307 1306 1308 1314 1312 1379 1312 1307 1379 1379 1307 1378 1378 1307 1308 1308 1373 1378 1311 1309 1310 1382 1381 1323 1381 1311 1323 1323 1311 1321 1321 1311 1310 1376 1311 1381 1313 1312 1314 1385 1314 1384 1313 1314 1385 1315 1313 1385 1314 1379 1384 1387 1316 1315 1387 1315 1385 1389 1317 1316 1389 1316 1387 1326 1324 1390 1390 1324 1317 1390 1317 1389 1331 1333 1318 1318 1333 1393 1318 1393 1394 1395 1319 1318 1395 1318 1394 1398 1320 1319 1398 1319 1395 1322 1397 1323 1398 1397 1322 1320 1398 1322 1323 1321 1322 1382 1323 1397 1325 1324 1326 1326 1327 1325 1326 1328 1327 1328 1326 1391 1326 1390 1391 1328 1329 1327 1328 1330 1329 1330 1328 1392 1328 1391 1392 1330 1332 1329 1330 1333 1332 1333 1330 1393 1330 1392 1393 1333 1331 1332 1334 1335 1336 1350 1349 1410 1349 1334 1410 1410 1334 1411 1411 1334 1336 1338 1335 1337 1338 1336 1335 1336 1338 1411 1338 1413 1411 1337 1400 1338 1401 1400 1337 1339 1401 1337 1338 1400 1413 1339 1340 1403 1401 1339 1403 1340 1341 1405 1403 1340 1405 1341 1342 1408 1405 1341 1408 1408 1344 1407 1343 1344 1408 1342 1343 1408 1347 1343 1346 1347 1344 1343 1344 1347 1414 1347 1416 1414 1407 1344 1414 1347 1346 1345 1416 1353 1415 1416 1352 1353 1347 1352 1416 1345 1352 1347 1348 1349 1350 1356 1355 1418 1355 1348 1418 1418 1348 1419 1419 1348 1350 1350 1410 1419 1353 1352 1351 1422 1359 1421 1422 1358 1359 1353 1358 1422 1351 1358 1353 1415 1353 1422 1354 1355 1356 1362 1361 1424 1361 1354 1424 1424 1354 1425 1425 1354 1356 1356 1418 1425 1359 1358 1357 1428 1365 1427 1428 1364 1365 1359 1364 1428 1357 1364 1359 1421 1359 1428 1360 1361 1362 1430 1362 1431 1360 1362 1430 1366 1360 1430 1362 1424 1431 1365 1364 1363 1363 1434 1365 1433 1434 1363 1367 1433 1363 1427 1365 1434 1368 1366 1430 1368 1430 1436 1433 1367 1369 1438 1433 1369 1370 1368 1436 1370 1436 1440 1438 1369 1371 1443 1438 1371 1372 1441 1374 1440 1441 1372 1370 1440 1372 1443 1377 1444 1375 1377 1443 1371 1375 1443 1373 1372 1374 1380 1378 1447 1378 1373 1447 1447 1373 1446 1446 1373 1374 1374 1441 1446 1377 1375 1376 1450 1449 1383 1449 1377 1383 1383 1377 1381 1381 1377 1376 1444 1377 1449 1379 1378 1380 1386 1384 1453 1384 1379 1453 1453 1379 1452 1452 1379 1380 1380 1447 1452 1383 1381 1382 1458 1457 1399 1457 1383 1399 1399 1383 1397 1397 1383 1382 1450 1383 1457 1385 1384 1386 1386 1387 1385 1386 1388 1387 1388 1386 1455 1386 1453 1455 1461 1388 1460 1387 1388 1461 1389 1387 1461 1388 1455 1460 1463 1390 1389 1463 1389 1461 1465 1391 1390 1465 1390 1463 1467 1392 1391 1467 1391 1465 1469 1393 1392 1469 1392 1467 1472 1394 1393 1472 1393 1469 1395 1471 1396 1472 1471 1395 1394 1472 1395 1396 1398 1395 1396 1399 1398 1399 1396 1458 1396 1456 1458 1456 1396 1471 1399 1397 1398 1400 1401 1402 1400 1402 1413 1413 1402 1477 1413 1477 1475 1404 1401 1403 1404 1402 1401 1402 1404 1477 1404 1479 1477 1406 1403 1405 1406 1404 1403 1404 1406 1479 1406 1481 1479 1409 1405 1408 1409 1406 1405 1406 1409 1481 1409 1483 1481 1409 1408 1407 1409 1407 1483 1483 1407 1414 1483 1414 1486 1410 1411 1412 1420 1419 1488 1419 1410 1488 1488 1410 1489 1489 1410 1412 1411 1474 1412 1475 1474 1411 1413 1475 1411 1412 1474 1489 1486 1417 1485 1416 1417 1486 1414 1416 1486 1417 1416 1415 1494 1423 1493 1494 1422 1423 1417 1422 1494 1415 1422 1417 1485 1417 1494 1418 1419 1420 1426 1425 1496 1425 1418 1496 1496 1418 1497 1497 1418 1420 1420 1488 1497 1423 1422 1421 1500 1429 1499 1500 1428 1429 1423 1428 1500 1421 1428 1423 1493 1423 1500 1424 1425 1426 1432 1431 1502 1431 1424 1502 1502 1424 1503 1503 1424 1426 1426 1496 1503 1429 1428 1427 1508 1435 1507 1508 1434 1435 1429 1434 1508 1427 1434 1429 1499 1429 1508 1430 1431 1432 1436 1432 1437 1436 1430 1432 1502 1510 1432 1510 1437 1432 1435 1434 1433 1439 1433 1438 1439 1435 1433 1435 1439 1507 1439 1514 1507 1440 1437 1442 1440 1436 1437 1510 1516 1437 1516 1442 1437 1445 1438 1443 1445 1439 1438 1439 1445 1514 1445 1521 1514 1441 1440 1442 1448 1446 1517 1446 1441 1517 1517 1441 1516 1516 1441 1442 1445 1443 1444 1522 1521 1451 1521 1445 1451 1451 1445 1449 1449 1445 1444 1447 1446 1448 1454 1452 1525 1452 1447 1525 1525 1447 1524 1524 1447 1448 1448 1517 1524 1451 1449 1450 1530 1529 1459 1529 1451 1459 1459 1451 1457 1457 1451 1450 1522 1451 1529 1453 1452 1454 1533 1454 1532 1453 1454 1533 1455 1453 1533 1454 1525 1532 1462 1460 1535 1535 1460 1455 1535 1455 1533 1471 1473 1456 1456 1473 1545 1456 1545 1548 1458 1547 1459 1548 1547 1458 1456 1548 1458 1459 1457 1458 1530 1459 1547 1461 1460 1462 1462 1463 1461 1462 1464 1463 1464 1462 1537 1462 1535 1537 1464 1465 1463 1464 1466 1465 1466 1464 1539 1464 1537 1539 1466 1467 1465 1466 1468 1467 1468 1466 1541 1466 1539 1541 1468 1469 1467 1468 1470 1469 1470 1468 1543 1468 1541 1543 1470 1472 1469 1470 1473 1472 1473 1470 1545 1470 1543 1545 1473 1471 1472 1474 1475 1476 1476 1489 1474 1490 1489 1476 1491 1490 1476 1478 1475 1477 1478 1476 1475 1551 1550 1478 1478 1550 1491 1478 1491 1476 1480 1477 1479 1480 1478 1477 1478 1480 1551 1480 1553 1551 1482 1479 1481 1482 1480 1479 1480 1482 1553 1482 1555 1553 1484 1481 1483 1484 1482 1481 1482 1484 1555 1484 1558 1555 1487 1483 1486 1487 1484 1483 1557 1558 1492 1492 1558 1484 1492 1484 1487 1487 1486 1485 1495 1485 1494 1487 1485 1495 1492 1487 1495 1488 1489 1490 1498 1497 1560 1497 1488 1560 1560 1488 1561 1561 1488 1490 1490 1491 1561 1491 1563 1561 1491 1550 1563 1492 1495 1569 1495 1572 1569 1557 1492 1569 1495 1494 1493 1572 1501 1571 1572 1500 1501 1495 1500 1572 1493 1500 1495 1496 1497 1498 1498 1503 1496 1504 1503 1498 1505 1504 1498 1560 1574 1498 1574 1505 1498 1501 1500 1499 1509 1499 1508 1501 1499 1509 1506 1501 1509 1501 1506 1571 1506 1580 1571 1502 1503 1504 1510 1504 1511 1510 1502 1504 1504 1505 1512 1504 1512 1511 1574 1582 1505 1582 1512 1505 1506 1509 1515 1506 1515 1513 1506 1513 1580 1513 1586 1580 1509 1508 1507 1515 1507 1514 1515 1509 1507 1516 1511 1518 1516 1510 1511 1511 1512 1519 1511 1519 1518 1582 1588 1512 1588 1519 1512 1513 1515 1523 1513 1523 1520 1513 1520 1586 1520 1597 1586 1523 1514 1521 1523 1515 1514 1517 1516 1518 1518 1524 1517 1526 1524 1518 1519 1526 1518 1588 1589 1519 1519 1589 1527 1519 1527 1526 1531 1522 1529 1523 1522 1531 1520 1523 1531 1598 1597 1528 1528 1597 1520 1528 1520 1531 1523 1521 1522 1525 1524 1526 1526 1532 1525 1534 1532 1526 1527 1534 1526 1600 1601 1527 1527 1601 1536 1527 1536 1534 1527 1589 1600 1549 1530 1547 1531 1530 1549 1528 1531 1549 1612 1611 1546 1546 1611 1528 1546 1528 1549 1598 1528 1611 1531 1529 1530 1533 1532 1534 1534 1535 1533 1534 1536 1535 1536 1537 1535 1536 1538 1537 1538 1536 1603 1536 1601 1603 1538 1539 1537 1538 1540 1539 1540 1538 1605 1538 1603 1605 1540 1541 1539 1540 1542 1541 1542 1540 1607 1540 1605 1607 1542 1543 1541 1542 1544 1543 1544 1542 1609 1542 1607 1609 1544 1545 1543 1544 1546 1545 1546 1544 1612 1544 1609 1612 1546 1548 1545 1546 1549 1548 1549 1547 1548 1550 1551 1552 1552 1563 1550 1564 1563 1552 1565 1564 1552 1554 1551 1553 1554 1552 1551 1552 1554 1566 1552 1566 1565 1556 1553 1555 1556 1554 1553 1554 1556 1567 1554 1567 1566 1559 1555 1558 1559 1556 1555 1556 1559 1568 1556 1568 1567 1559 1558 1557 1570 1557 1569 1559 1557 1570 1568 1559 1570 1560 1561 1562 1574 1562 1575 1574 1560 1562 1564 1561 1563 1564 1562 1561 1562 1564 1576 1562 1576 1575 1564 1565 1577 1564 1577 1576 1615 1614 1566 1566 1614 1577 1566 1577 1565 1566 1567 1615 1567 1618 1615 1617 1618 1578 1578 1618 1567 1578 1567 1568 1568 1570 1579 1568 1579 1578 1573 1569 1572 1573 1570 1569 1570 1573 1581 1570 1581 1579 1573 1572 1571 1581 1571 1580 1581 1573 1571 1582 1575 1583 1582 1574 1575 1575 1576 1584 1575 1584 1583 1621 1620 1577 1577 1620 1584 1577 1584 1576 1577 1614 1621 1628 1629 1585 1585 1629 1578 1585 1578 1579 1617 1578 1629 1579 1581 1587 1579 1587 1585 1587 1580 1586 1587 1581 1580 1588 1583 1590 1588 1582 1583 1583 1584 1591 1583 1591 1590 1620 1622 1584 1584 1622 1592 1584 1592 1591 1585 1587 1599 1585 1599 1596 1630 1628 1595 1595 1628 1585 1595 1585 1596 1599 1586 1597 1599 1587 1586 1589 1588 1590 1590 1600 1589 1602 1600 1590 1591 1602 1590 1591 1592 1604 1591 1604 1602 1592 1593 1606 1592 1606 1604 1593 1592 1624 1592 1622 1624 1593 1594 1608 1593 1608 1606 1594 1593 1626 1593 1624 1626 1594 1595 1610 1594 1610 1608 1595 1594 1630 1594 1626 1630 1595 1596 1613 1595 1613 1610 1613 1598 1611 1599 1598 1613 1596 1599 1613 1599 1597 1598 1601 1600 1602 1602 1603 1601 1602 1604 1603 1604 1605 1603 1604 1606 1605 1606 1607 1605 1606 1608 1607 1608 1609 1607 1608 1610 1609 1610 1612 1609 1610 1613 1612 1613 1611 1612 1614 1615 1616 1616 1621 1614 1623 1621 1616 1625 1623 1616 1619 1615 1618 1619 1616 1615 1616 1619 1627 1616 1627 1625 1619 1618 1617 1631 1617 1629 1619 1617 1631 1627 1619 1631 1620 1621 1623 1622 1620 1623 1623 1624 1622 1623 1625 1624 1625 1626 1624 1625 1627 1626 1627 1630 1626 1627 1631 1630 1631 1629 1628 1631 1628 1630" solid="false" colorPerVertex="false">
     <Coordinate point="-0.0657718 0.264587 -0.508825 -0.0610597 0.257282 -0.508825 -0.0610597 0.281549 -0.508825 -0.0610597 0.264587 -0.509934 -0.0203538 0.224136 -0.508825 -0.0203538 0.264587 -0.514754 0.0203521 0.224136 -0.508825 0.0203521 0.264587 -0.514754 0.0657701 0.264587 -0.508825 0.061058 0.257282 -0.508825 0.061058 0.281549 -0.508825 0.061058 0.264587 -0.509934 -0.0477388 0.305293 -0.508825 -0.0203538 0.318375 -0.508825 -0.0203538 0.305293 -0.512115 0.0477371 0.305293 -0.508825 0.0203521 0.318375 -0.508825 0.0203521 0.305293 -0.512115 -0.134418 0.183176 -0.468119 -0.101766 0.165537 -0.468119 -0.101766 0.183176 -0.480598 -0.0610597 0.151046 -0.468119 -0.0610597 0.183176 -0.490284 -0.0203538 0.1439 -0.468119 -0.0203538 0.183176 -0.494869 0.0203521 0.1439 -0.468119 0.0203521 0.183176 -0.494869 0.061058 0.151046 -0.468119 0.061058 0.183176 -0.490284 0.134416 0.183176 -0.468119 0.101764 0.165537 -0.468119 0.101764 0.183176 -0.480598 -0.168466 0.223882 -0.468119 -0.142471 0.191262 -0.468119 -0.142471 0.223882 -0.481343 -0.101766 0.223882 -0.4958 -0.0610597 0.223882 -0.504619 -0.0203538 0.223882 -0.508794 0.0203521 0.223882 -0.508794 0.061058 0.223882 -0.504619 0.101764 0.223882 -0.4958 0.168465 0.223882 -0.468119 0.14247 0.191262 -0.468119 0.14247 0.223882 -0.481343 -0.179118 0.264587 -0.468119 -0.142471 0.264587 -0.486968 -0.101766 0.264587 -0.50112 0.101764 0.264587 -0.50112 0.179117 0.264587 -0.468119 0.14247 0.264587 -0.486968 -0.172331 0.305293 -0.468119 -0.142471 0.305293 -0.483683 -0.101766 0.305293 -0.49838 -0.0610597 0.305293 -0.507394 0.061058 0.305293 -0.507394 0.101764 0.305293 -0.49838 0.17233 0.305293 -0.468119 0.14247 0.305293 -0.483683 -0.148843 0.345999 -0.468119 -0.142471 0.352881 -0.468119 -0.142471 0.345999 -0.471493 -0.101766 0.384939 -0.468119 -0.101766 0.345999 -0.487499 -0.0610597 0.345999 -0.497359 -0.0203538 0.345999 -0.502055 0.0203521 0.345999 -0.502055 0.061058 0.345999 -0.497359 0.101764 0.384939 -0.468119 0.101764 0.345999 -0.487499 0.148842 0.345999 -0.468119 0.14247 0.352881 -0.468119 0.14247 0.345999 -0.471493 -0.0982562 0.386705 -0.468119 -0.0610597 0.401907 -0.468119 -0.0610597 0.386705 -0.478308 -0.0203538 0.409841 -0.468119 -0.0203538 0.386705 -0.483662 0.0203521 0.409841 -0.468119 0.0203521 0.386705 -0.483662 0.0982546 0.386705 -0.468119 0.061058 0.401907 -0.468119 0.061058 0.386705 -0.478308 -0.158227 0.14247 -0.427413 -0.142471 0.135047 -0.427413 -0.142471 0.14247 -0.43628 -0.101766 0.120561 -0.427413 -0.101766 0.14247 -0.4527 -0.0610597 0.111284 -0.427413 -0.0610597 0.14247 -0.462576 -0.0203538 0.106756 -0.427413 -0.0203538 0.14247 -0.46721 0.0203521 0.106756 -0.427413 0.0203521 0.14247 -0.46721 0.061058 0.111284 -0.427413 0.061058 0.14247 -0.462576 0.101764 0.120561 -0.427413 0.101764 0.14247 -0.4527 0.158225 0.14247 -0.427413 0.14247 0.135047 -0.427413 0.14247 0.14247 -0.43628 -0.207134 0.183176 -0.427413 -0.183177 0.161335 -0.427413 -0.183177 0.183176 -0.444318 -0.142471 0.183176 -0.465186 0.14247 0.183176 -0.465186 0.207132 0.183176 -0.427413 0.183176 0.161335 -0.427413 0.183176 0.183176 -0.444318 -0.229528 0.223882 -0.427413 -0.223883 0.213228 -0.427413 -0.223883 0.223882 -0.432247 -0.183177 0.223882 -0.460592 0.183176 0.223882 -0.460592 0.229526 0.223882 -0.427413 0.223882 0.213228 -0.427413 0.223882 0.223882 -0.432247 -0.23607 0.264587 -0.427413 -0.223883 0.264587 -0.438029 -0.183177 0.264587 -0.465992 0.183176 0.264587 -0.465992 0.236069 0.264587 -0.427413 0.223882 0.264587 -0.438029 -0.230109 0.305293 -0.427413 -0.223883 0.320273 -0.427413 -0.223883 0.305293 -0.432946 -0.183177 0.305293 -0.462278 0.183176 0.305293 -0.462278 0.230107 0.305293 -0.427413 0.223882 0.320273 -0.427413 0.223882 0.305293 -0.432946 -0.211736 0.345999 -0.427413 -0.183177 0.382253 -0.427413 -0.183177 0.345999 -0.449043 0.211735 0.345999 -0.427413 0.183176 0.382253 -0.427413 0.183176 0.345999 -0.449043 -0.178738 0.386705 -0.427413 -0.142471 0.414853 -0.427413 -0.142471 0.386705 -0.450003 -0.101766 0.386705 -0.467162 0.101764 0.386705 -0.467162 0.178736 0.386705 -0.427413 0.14247 0.414853 -0.427413 0.14247 0.386705 -0.450003 -0.119267 0.427411 -0.427413 -0.101766 0.435867 -0.427413 -0.101766 0.427411 -0.435864 -0.0610597 0.448597 -0.427413 -0.0610597 0.427411 -0.448587 -0.0203538 0.454658 -0.427413 -0.0203538 0.427411 -0.454646 0.0203521 0.454658 -0.427413 0.0203521 0.427411 -0.454646 0.061058 0.448597 -0.427413 0.061058 0.427411 -0.448587 0.119266 0.427411 -0.427413 0.101764 0.435867 -0.427413 0.101764 0.427411 -0.435864 -0.137578 0.101764 -0.386707 -0.101766 0.0928293 -0.386707 -0.101766 0.101764 -0.40405 -0.0610597 0.0863419 -0.386707 -0.0610597 0.101764 -0.415956 -0.0203538 0.0832032 -0.386707 -0.0203538 0.101764 -0.421502 0.0203521 0.0832032 -0.386707 0.0203521 0.101764 -0.421502 0.061058 0.0863419 -0.386707 0.061058 0.101764 -0.415956 0.137576 0.101764 -0.386707 0.101764 0.0928293 -0.386707 0.101764 0.101764 -0.40405 -0.215737 0.14247 -0.386707 -0.183177 0.122545 -0.386707 -0.183177 0.14247 -0.412857 -0.142471 0.103509 -0.386707 0.14247 0.103509 -0.386707 0.215735 0.14247 -0.386707 0.183176 0.122545 -0.386707 0.183176 0.14247 -0.412857 -0.252204 0.183176 -0.386707 -0.223883 0.150873 -0.386707 -0.223883 0.183176 -0.414427 0.252202 0.183176 -0.386707 0.223882 0.150873 -0.386707 0.223882 0.183176 -0.414427 -0.26949 0.223882 -0.386707 -0.264589 0.2125 -0.386707 -0.264589 0.223882 -0.392458 0.269488 0.223882 -0.386707 0.264587 0.2125 -0.386707 0.264587 0.223882 -0.392458 -0.274104 0.264587 -0.386707 -0.264589 0.264587 -0.398151 0.274103 0.264587 -0.386707 0.264587 0.264587 -0.398151 -0.267904 0.305293 -0.386707 -0.264589 0.314018 -0.386707 -0.264589 0.305293 -0.390813 0.267902 0.305293 -0.386707 0.264587 0.314018 -0.386707 0.264587 0.305293 -0.390813 -0.251525 0.345999 -0.386707 -0.223883 0.386164 -0.386707 -0.223883 0.345999 -0.416717 0.251523 0.345999 -0.386707 0.223882 0.386164 -0.386707 0.223882 0.345999 -0.416717 -0.223441 0.386705 -0.386707 -0.183177 0.424282 -0.386707 -0.183177 0.386705 -0.424266 0.22344 0.386705 -0.386707 0.183176 0.424282 -0.386707 0.183176 0.386705 -0.424266 -0.178764 0.427411 -0.386707 -0.142471 0.450029 -0.386707 -0.142471 0.427411 -0.414862 -0.101766 0.467194 -0.386707 0.101764 0.467194 -0.386707 0.178762 0.427411 -0.386707 0.14247 0.450029 -0.386707 0.14247 0.427411 -0.414862 -0.0983809 0.468117 -0.386707 -0.0610597 0.478346 -0.386707 -0.0610597 0.468117 -0.401951 -0.0203538 0.483702 -0.386707 -0.0203538 0.468117 -0.40988 0.0203521 0.483702 -0.386707 0.0203521 0.468117 -0.40988 0.0983793 0.468117 -0.386707 0.061058 0.478346 -0.386707 0.061058 0.468117 -0.401951 -0.19281 0.101764 -0.346001 -0.183177 0.0978428 -0.346001 -0.183177 0.101764 -0.355061 -0.142471 0.0843212 -0.346001 -0.142471 0.101764 -0.384233 -0.101766 0.0749598 -0.346001 -0.0610597 0.0690753 -0.346001 -0.0203538 0.0662372 -0.346001 0.0203521 0.0662372 -0.346001 0.061058 0.0690753 -0.346001 0.101764 0.0749598 -0.346001 0.14247 0.0843212 -0.346001 0.14247 0.101764 -0.384233 0.192809 0.101764 -0.346001 0.183176 0.0978428 -0.346001 0.183176 0.101764 -0.355061 -0.252523 0.14247 -0.346001 -0.223883 0.120998 -0.346001 -0.223883 0.14247 -0.379023 0.252521 0.14247 -0.346001 0.223882 0.120998 -0.346001 0.223882 0.14247 -0.379023 -0.282854 0.183176 -0.346001 -0.264589 0.158382 -0.346001 -0.264589 0.183176 -0.371509 0.282853 0.183176 -0.346001 0.264587 0.158382 -0.346001 0.264587 0.183176 -0.371509 -0.297002 0.223882 -0.346001 0.297 0.223882 -0.346001 -0.299955 0.264587 -0.346001 0.299954 0.264587 -0.346001 -0.29359 0.305293 -0.346001 0.293588 0.305293 -0.346001 -0.277796 0.345999 -0.346001 -0.264589 0.367646 -0.346001 -0.264589 0.345999 -0.367637 0.277794 0.345999 -0.346001 0.264587 0.367646 -0.346001 0.264587 0.345999 -0.367637 -0.251538 0.386705 -0.346001 -0.223883 0.416743 -0.346001 -0.223883 0.386705 -0.386166 0.251536 0.386705 -0.346001 0.223882 0.416743 -0.346001 0.223882 0.386705 -0.386166 -0.211773 0.427411 -0.346001 -0.183177 0.449078 -0.346001 -0.183177 0.427411 -0.382283 0.211772 0.427411 -0.346001 0.183176 0.449078 -0.346001 0.183176 0.427411 -0.382283 -0.148927 0.468117 -0.346001 -0.142471 0.471537 -0.346001 -0.142471 0.468117 -0.352969 -0.101766 0.487548 -0.346001 -0.101766 0.468117 -0.385005 -0.0610597 0.497409 -0.346001 -0.0203538 0.502107 -0.346001 0.0203521 0.502107 -0.346001 0.061058 0.497409 -0.346001 0.101764 0.487548 -0.346001 0.101764 0.468117 -0.385005 0.148925 0.468117 -0.346001 0.14247 0.471537 -0.346001 0.14247 0.468117 -0.352969 -0.095907 0.061058 -0.305295 -0.0610597 0.0572169 -0.305295 -0.0610597 0.061058 -0.321607 -0.0203538 0.0550485 -0.305295 -0.0203538 0.061058 -0.330497 0.0203521 0.0550485 -0.305295 0.0203521 0.061058 -0.330497 0.0959053 0.061058 -0.305295 0.061058 0.0572169 -0.305295 0.061058 0.061058 -0.321607 -0.225776 0.101764 -0.305295 -0.223883 0.100834 -0.305295 -0.223883 0.101764 -0.308007 -0.183177 0.0832246 -0.305295 -0.142471 0.0705763 -0.305295 -0.101766 0.0618878 -0.305295 0.101764 0.0618878 -0.305295 0.14247 0.0705763 -0.305295 0.183176 0.0832246 -0.305295 0.225775 0.101764 -0.305295 0.223882 0.100834 -0.305295 0.223882 0.101764 -0.308007 -0.276606 0.14247 -0.305295 -0.264589 0.131941 -0.305295 -0.264589 0.14247 -0.326484 0.276605 0.14247 -0.305295 0.264587 0.131941 -0.305295 0.264587 0.14247 -0.326484 -0.302462 0.183176 -0.305295 0.302461 0.183176 -0.305295 -0.314946 0.223882 -0.305295 -0.305295 0.193167 -0.305295 -0.305295 0.223882 -0.32745 0.314945 0.223882 -0.305295 0.305293 0.193167 -0.305295 0.305293 0.223882 -0.32745 -0.316764 0.264587 -0.305295 -0.305295 0.264587 -0.333291 0.316762 0.264587 -0.305295 0.305293 0.264587 -0.333291 -0.309326 0.305293 -0.305295 -0.305295 0.315916 -0.305295 -0.305295 0.305293 -0.315912 0.309324 0.305293 -0.305295 0.305293 0.315916 -0.305295 0.305293 0.305293 -0.315912 -0.293598 0.345999 -0.305295 0.293597 0.345999 -0.305295 -0.267924 0.386705 -0.305295 -0.264589 0.390839 -0.305295 -0.264589 0.386705 -0.31407 0.267923 0.386705 -0.305295 0.264587 0.390839 -0.305295 0.264587 0.386705 -0.31407 -0.230151 0.427411 -0.305295 -0.223883 0.432985 -0.305295 -0.223883 0.427411 -0.320368 -0.183177 0.462322 -0.305295 0.183176 0.462322 -0.305295 0.230149 0.427411 -0.305295 0.223882 0.432985 -0.305295 0.223882 0.427411 -0.320368 -0.17242 0.468117 -0.305295 -0.142471 0.483735 -0.305295 -0.101766 0.498433 -0.305295 -0.0610597 0.507448 -0.305295 0.061058 0.507448 -0.305295 0.101764 0.498433 -0.305295 0.172418 0.468117 -0.305295 0.14247 0.483735 -0.305295 -0.0482588 0.508823 -0.305295 -0.0203538 0.512178 -0.305295 -0.0203538 0.508823 -0.318619 0.0482571 0.508823 -0.305295 0.0203521 0.512178 -0.305295 0.0203521 0.508823 -0.318619 -0.1413 0.061058 -0.264589 -0.101766 0.0544438 -0.264589 -0.101766 0.061058 -0.301829 -0.0610597 0.0502452 -0.264589 -0.0203538 0.0482499 -0.264589 0.0203521 0.0482499 -0.264589 0.061058 0.0502452 -0.264589 0.141298 0.061058 -0.264589 0.101764 0.0544438 -0.264589 0.101764 0.061058 -0.301829 -0.245501 0.101764 -0.264589 -0.223883 0.0904866 -0.264589 -0.183177 0.0734364 -0.264589 -0.142471 0.0613219 -0.264589 0.14247 0.0613219 -0.264589 0.183176 0.0734364 -0.264589 0.245499 0.101764 -0.264589 0.223882 0.0904866 -0.264589 -0.290618 0.14247 -0.264589 -0.264589 0.118001 -0.264589 0.290617 0.14247 -0.264589 0.264587 0.118001 -0.264589 -0.313878 0.183176 -0.264589 -0.305295 0.168656 -0.264589 -0.305295 0.183176 -0.294988 0.313876 0.183176 -0.264589 0.305293 0.168656 -0.264589 0.305293 0.183176 -0.294988 -0.324498 0.223882 -0.264589 0.324496 0.223882 -0.264589 -0.324999 0.264587 -0.264589 0.324998 0.264587 -0.264589 -0.316769 0.305293 -0.264589 -0.305295 0.333312 -0.264589 0.316768 0.305293 -0.264589 0.305293 0.333312 -0.264589 -0.299967 0.345999 -0.264589 0.299965 0.345999 -0.264589 -0.274129 0.386705 -0.264589 -0.264589 0.398184 -0.264589 0.274128 0.386705 -0.264589 0.264587 0.398184 -0.264589 -0.236116 0.427411 -0.264589 -0.223883 0.438071 -0.264589 -0.183177 0.466036 -0.264589 0.183176 0.466036 -0.264589 0.236114 0.427411 -0.264589 0.223882 0.438071 -0.264589 -0.179208 0.468117 -0.264589 -0.142471 0.48702 -0.264589 -0.101766 0.501173 -0.264589 0.101764 0.501173 -0.264589 0.179206 0.468117 -0.264589 0.14247 0.48702 -0.264589 -0.0660369 0.508823 -0.264589 -0.0610597 0.509995 -0.264589 -0.0610597 0.508823 -0.282494 -0.0610597 0.508823 -0.256874 -0.0203538 0.514816 -0.264589 0.0203521 0.514816 -0.264589 0.0660352 0.508823 -0.264589 0.061058 0.509995 -0.264589 0.061058 0.508823 -0.282494 0.061058 0.508823 -0.256874 -0.159616 0.061058 -0.223883 -0.142471 0.0572518 -0.223883 -0.142471 0.061058 -0.2625 -0.101766 0.0506566 -0.223883 -0.0610597 0.0466413 -0.223883 -0.0203538 0.0447426 -0.223883 0.0203521 0.0447426 -0.223883 0.061058 0.0466413 -0.223883 0.101764 0.0506566 -0.223883 0.159614 0.061058 -0.223883 0.14247 0.0572518 -0.223883 0.14247 0.061058 -0.2625 -0.253561 0.101764 -0.223883 -0.223883 0.0854797 -0.223883 -0.183177 0.0684138 -0.223883 0.183176 0.0684138 -0.223883 0.253559 0.101764 -0.223883 0.223882 0.0854797 -0.223883 -0.295106 0.14247 -0.223883 -0.264589 0.111913 -0.223883 0.295104 0.14247 -0.223883 0.264587 0.111913 -0.223883 -0.316425 0.183176 -0.223883 -0.305295 0.162669 -0.223883 0.316423 0.183176 -0.223883 0.305293 0.162669 -0.223883 -0.325351 0.223882 -0.223883 0.32535 0.223882 -0.223883 -0.324501 0.264587 -0.223883 0.324499 0.264587 -0.223883 -0.314954 0.305293 -0.223883 -0.305295 0.327475 -0.223883 -0.305295 0.305293 -0.19314 0.314952 0.305293 -0.223883 0.305293 0.327475 -0.223883 0.305293 0.305293 -0.19314 -0.297017 0.345999 -0.223883 0.297015 0.345999 -0.223883 -0.269517 0.386705 -0.223883 -0.264589 0.39249 -0.223883 -0.264589 0.386705 -0.212439 0.269515 0.386705 -0.223883 0.264587 0.39249 -0.223883 0.264587 0.386705 -0.212439 -0.229574 0.427411 -0.223883 -0.223883 0.432286 -0.223883 -0.223883 0.427411 -0.213143 -0.183177 0.460634 -0.223883 0.183176 0.460634 -0.223883 0.229572 0.427411 -0.223883 0.223882 0.432286 -0.223883 0.223882 0.427411 -0.213143 -0.168556 0.468117 -0.223883 -0.142471 0.481391 -0.223883 -0.142471 0.468117 -0.191156 -0.101766 0.495848 -0.223883 -0.0610597 0.504667 -0.223883 0.061058 0.504667 -0.223883 0.101764 0.495848 -0.223883 0.168554 0.468117 -0.223883 0.14247 0.481391 -0.223883 0.14247 0.468117 -0.191156 -0.0205339 0.508823 -0.223883 -0.0203538 0.508844 -0.223883 -0.0203538 0.508823 -0.223829 0.0205323 0.508823 -0.223883 0.0203521 0.508844 -0.223883 0.0203521 0.508823 -0.223829 -0.159077 0.061058 -0.183177 -0.142471 0.0572915 -0.183177 -0.142471 0.061058 -0.154274 -0.101766 0.0505838 -0.183177 -0.0610597 0.0465004 -0.183177 -0.0203538 0.0445552 -0.183177 0.0203521 0.0445552 -0.183177 0.061058 0.0465004 -0.183177 0.101764 0.0505838 -0.183177 0.159075 0.061058 -0.183177 0.14247 0.0572915 -0.183177 0.14247 0.061058 -0.154274 -0.250272 0.101764 -0.183177 -0.223883 0.0866989 -0.183177 -0.183177 0.0688195 -0.183177 0.183176 0.0688195 -0.183177 0.250271 0.101764 -0.183177 0.223882 0.0866989 -0.183177 -0.289821 0.14247 -0.183177 -0.264589 0.115815 -0.183177 0.28982 0.14247 -0.183177 0.264587 0.115815 -0.183177 -0.308828 0.183176 -0.183177 -0.305295 0.176148 -0.183177 -0.305295 0.183176 -0.176149 0.308826 0.183176 -0.183177 0.305293 0.176148 -0.183177 0.305293 0.183176 -0.176149 -0.316427 0.223882 -0.183177 -0.305295 0.223882 -0.162666 0.316425 0.223882 -0.183177 0.305293 0.223882 -0.162666 -0.313883 0.264587 -0.183177 -0.305295 0.295014 -0.183177 -0.305295 0.264587 -0.168648 0.313881 0.264587 -0.183177 0.305293 0.295014 -0.183177 0.305293 0.264587 -0.168648 -0.302471 0.305293 -0.183177 0.302469 0.305293 -0.183177 -0.282871 0.345999 -0.183177 -0.264589 0.371536 -0.183177 -0.264589 0.345999 -0.158362 0.282869 0.345999 -0.183177 0.264587 0.371536 -0.183177 0.264587 0.345999 -0.158362 -0.252231 0.386705 -0.183177 -0.223883 0.414459 -0.183177 -0.223883 0.386705 -0.150846 0.25223 0.386705 -0.183177 0.223882 0.414459 -0.183177 0.223882 0.386705 -0.150846 -0.207181 0.427411 -0.183177 -0.183177 0.444354 -0.183177 -0.183177 0.427411 -0.161296 -0.142471 0.465222 -0.183177 0.14247 0.465222 -0.183177 0.207179 0.427411 -0.183177 0.183176 0.444354 -0.183177 0.183176 0.427411 -0.161296 -0.134524 0.468117 -0.183177 -0.101766 0.48064 -0.183177 -0.101766 0.468117 -0.165484 -0.0610597 0.490326 -0.183177 -0.0610597 0.468117 -0.150998 -0.0203538 0.49491 -0.183177 -0.0203538 0.468117 -0.143855 0.0203521 0.49491 -0.183177 0.0203521 0.468117 -0.143855 0.061058 0.490326 -0.183177 0.061058 0.468117 -0.150998 0.134522 0.468117 -0.183177 0.101764 0.48064 -0.183177 0.101764 0.468117 -0.165484 -0.13419 0.061058 -0.142471 -0.101766 0.0552389 -0.142471 -0.101766 0.061058 -0.12181 -0.0610597 0.0504956 -0.142471 -0.0203538 0.0481134 -0.142471 0.0203521 0.0481134 -0.142471 0.061058 0.0504956 -0.142471 0.134188 0.061058 -0.142471 0.101764 0.0552389 -0.142471 0.101764 0.061058 -0.12181 -0.232217 0.101764 -0.142471 -0.223883 0.0968695 -0.142471 -0.223883 0.101764 -0.133706 -0.183177 0.076802 -0.142471 -0.142471 0.0631048 -0.142471 0.14247 0.0631048 -0.142471 0.183176 0.076802 -0.142471 0.232216 0.101764 -0.142471 0.223882 0.0968695 -0.142471 0.223882 0.101764 -0.133706 -0.271272 0.14247 -0.142471 -0.264589 0.135105 -0.142471 -0.264589 0.14247 -0.135107 0.27127 0.14247 -0.142471 0.264587 0.135105 -0.142471 0.264587 0.14247 -0.135107 -0.289822 0.183176 -0.142471 -0.264589 0.183176 -0.115816 0.289821 0.183176 -0.142471 0.264587 0.183176 -0.115816 -0.295108 0.223882 -0.142471 -0.264589 0.223882 -0.111912 0.295107 0.223882 -0.142471 0.264587 0.223882 -0.111912 -0.290623 0.264587 -0.142471 -0.264589 0.264587 -0.117998 0.290622 0.264587 -0.142471 0.264587 0.264587 -0.117998 -0.276616 0.305293 -0.142471 -0.264589 0.326503 -0.142471 -0.264589 0.305293 -0.131935 0.276614 0.305293 -0.142471 0.264587 0.326503 -0.142471 0.264587 0.305293 -0.131935 -0.252538 0.345999 -0.142471 -0.223883 0.379046 -0.142471 -0.223883 0.345999 -0.120989 0.252537 0.345999 -0.142471 0.223882 0.379046 -0.142471 0.223882 0.345999 -0.120989 -0.215764 0.386705 -0.142471 -0.183177 0.412882 -0.142471 -0.183177 0.386705 -0.122531 -0.142471 0.386705 -0.103498 0.14247 0.386705 -0.103498 0.215763 0.386705 -0.142471 0.183176 0.412882 -0.142471 0.183176 0.386705 -0.122531 -0.158278 0.427411 -0.142471 -0.142471 0.436309 -0.142471 -0.142471 0.427411 -0.135026 -0.101766 0.452729 -0.142471 -0.101766 0.427411 -0.120542 -0.0610597 0.462605 -0.142471 -0.0610597 0.427411 -0.111268 -0.0203538 0.467238 -0.142471 -0.0203538 0.427411 -0.106741 0.0203521 0.467238 -0.142471 0.0203521 0.427411 -0.106741 0.061058 0.462605 -0.142471 0.061058 0.427411 -0.111268 0.101764 0.452729 -0.142471 0.101764 0.427411 -0.120542 0.158276 0.427411 -0.142471 0.14247 0.436309 -0.142471 0.14247 0.427411 -0.135026 -0.0610608 0.061058 -0.101766 -0.0610597 0.0610579 -0.101766 -0.0610597 0.061058 -0.101765 -0.0203538 0.0571094 -0.101766 -0.0203538 0.061058 -0.0926616 0.0203521 0.0571094 -0.101766 0.0203521 0.061058 -0.0926616 0.0610592 0.061058 -0.101766 0.061058 0.0610579 -0.101766 0.061058 0.061058 -0.101765 -0.188871 0.101764 -0.101766 -0.183177 0.0988001 -0.101766 -0.183177 0.101764 -0.0988017 -0.142471 0.081628 -0.101766 -0.142471 0.101764 -0.0816298 -0.101766 0.0696939 -0.101766 -0.101766 0.101764 -0.0696955 0.101764 0.0696939 -0.101766 0.101764 0.101764 -0.0696955 0.14247 0.081628 -0.101766 0.14247 0.101764 -0.0816298 0.188869 0.101764 -0.101766 0.183176 0.0988001 -0.101766 0.183176 0.101764 -0.0988017 -0.232218 0.14247 -0.101766 -0.223883 0.133704 -0.101766 -0.223883 0.14247 -0.0968709 -0.183177 0.14247 -0.0768034 -0.142471 0.14247 -0.0631063 0.14247 0.14247 -0.0631063 0.183176 0.14247 -0.0768034 0.232216 0.14247 -0.101766 0.223882 0.133704 -0.101766 0.223882 0.14247 -0.0968709 -0.250274 0.183176 -0.101766 -0.223883 0.183176 -0.0866997 -0.183177 0.183176 -0.0688207 0.183176 0.183176 -0.0688207 0.250272 0.183176 -0.101766 0.223882 0.183176 -0.0866997 -0.253564 0.223882 -0.101766 -0.223883 0.223882 -0.0854802 -0.183177 0.223882 -0.0684145 0.183176 0.223882 -0.0684145 0.253562 0.223882 -0.101766 0.223882 0.223882 -0.0854802 -0.245506 0.264587 -0.101766 -0.223883 0.264587 -0.0904859 -0.183177 0.264587 -0.0734363 -0.142471 0.264587 -0.0613221 0.14247 0.264587 -0.0613221 0.183176 0.264587 -0.0734363 0.245504 0.264587 -0.101766 0.223882 0.264587 -0.0904859 -0.225786 0.305293 -0.101766 -0.223883 0.30802 -0.101766 -0.223883 0.305293 -0.10083 -0.183177 0.305293 -0.0832229 -0.142471 0.305293 -0.0705752 -0.101766 0.305293 -0.0618873 0.101764 0.305293 -0.0618873 0.14247 0.305293 -0.0705752 0.183176 0.305293 -0.0832229 0.225784 0.305293 -0.101766 0.223882 0.30802 -0.101766 0.223882 0.305293 -0.10083 -0.192826 0.345999 -0.101766 -0.183177 0.355076 -0.101766 -0.183177 0.345999 -0.0978382 -0.142471 0.384248 -0.101766 -0.142471 0.345999 -0.0843178 -0.101766 0.345999 -0.0749573 -0.0610597 0.345999 -0.0690732 -0.0203538 0.345999 -0.0662355 0.0203521 0.345999 -0.0662355 0.061058 0.345999 -0.0690732 0.101764 0.345999 -0.0749573 0.14247 0.384248 -0.101766 0.14247 0.345999 -0.0843178 0.192825 0.345999 -0.101766 0.183176 0.355076 -0.101766 0.183176 0.345999 -0.0978382 -0.137612 0.386705 -0.101766 -0.101766 0.404067 -0.101766 -0.101766 0.386705 -0.0928231 -0.0610597 0.415974 -0.101766 -0.0610597 0.386705 -0.0863364 -0.0203538 0.421519 -0.101766 -0.0203538 0.386705 -0.0831981 0.0203521 0.421519 -0.101766 0.0203521 0.386705 -0.0831981 0.061058 0.415974 -0.101766 0.061058 0.386705 -0.0863364 0.137611 0.386705 -0.101766 0.101764 0.404067 -0.101766 0.101764 0.386705 -0.0928231 -0.061062 0.101764 -0.0610597 -0.0610597 0.101763 -0.0610597 -0.0610597 0.101764 -0.0610593 -0.0203538 0.0926599 -0.0610597 -0.0203538 0.101764 -0.0571111 0.0203521 0.0926599 -0.0610597 0.0203521 0.101764 -0.0571111 0.0610603 0.101764 -0.0610597 0.061058 0.101763 -0.0610597 0.061058 0.101764 -0.0610593 -0.13419 0.14247 -0.0610597 -0.101766 0.121808 -0.0610597 -0.101766 0.14247 -0.0552406 -0.0610597 0.14247 -0.0504973 -0.0203538 0.14247 -0.048115 0.0203521 0.14247 -0.048115 0.061058 0.14247 -0.0504973 0.134189 0.14247 -0.0610597 0.101764 0.121808 -0.0610597 0.101764 0.14247 -0.0552406 -0.159078 0.183176 -0.0610597 -0.142471 0.154271 -0.0610597 -0.142471 0.183176 -0.0572928 -0.101766 0.183176 -0.0505853 -0.0610597 0.183176 -0.0465018 -0.0203538 0.183176 -0.0445568 0.0203521 0.183176 -0.0445568 0.061058 0.183176 -0.0465018 0.101764 0.183176 -0.0505853 0.159077 0.183176 -0.0610597 0.14247 0.154271 -0.0610597 0.14247 0.183176 -0.0572928 -0.159619 0.223882 -0.0610597 -0.142471 0.262509 -0.0610597 -0.142471 0.223882 -0.0572528 -0.101766 0.223882 -0.0506577 -0.0610597 0.223882 -0.0466425 -0.0203538 0.223882 -0.0447438 0.0203521 0.223882 -0.0447438 0.061058 0.223882 -0.0466425 0.101764 0.223882 -0.0506577 0.159617 0.223882 -0.0610597 0.14247 0.262509 -0.0610597 0.14247 0.223882 -0.0572528 -0.141307 0.264587 -0.0610597 -0.101766 0.301836 -0.0610597 -0.101766 0.264587 -0.0544445 -0.0610597 0.264587 -0.050246 -0.0203538 0.264587 -0.0482507 0.0203521 0.264587 -0.0482507 0.061058 0.264587 -0.050246 0.141305 0.264587 -0.0610597 0.101764 0.301836 -0.0610597 0.101764 0.264587 -0.0544445 -0.0959222 0.305293 -0.0610597 -0.0610597 0.321614 -0.0610597 -0.0610597 0.305293 -0.0572171 -0.0203538 0.330504 -0.0610597 -0.0203538 0.305293 -0.0550488 0.0203521 0.330504 -0.0610597 0.0203521 0.305293 -0.0550488 0.0959204 0.305293 -0.0610597 0.061058 0.321614 -0.0610597 0.061058 0.305293 -0.0572171 -0.0959222 -0.305295 0.061058 -0.0610597 -0.321616 0.061058 -0.0610597 -0.305295 0.0572154 -0.0203538 -0.330506 0.061058 -0.0203538 -0.305295 0.0550471 0.0203521 -0.330506 0.061058 0.0203521 -0.305295 0.0550471 0.0959204 -0.305295 0.061058 0.061058 -0.321616 0.061058 0.061058 -0.305295 0.0572154 -0.141307 -0.264589 0.061058 -0.101766 -0.301838 0.061058 -0.101766 -0.264589 0.0544428 -0.0610597 -0.264589 0.0502443 -0.0203538 -0.264589 0.0482491 0.0203521 -0.264589 0.0482491 0.061058 -0.264589 0.0502443 0.141305 -0.264589 0.061058 0.101764 -0.301838 0.061058 0.101764 -0.264589 0.0544428 -0.159619 -0.223883 0.061058 -0.142471 -0.262511 0.061058 -0.142471 -0.223883 0.0572512 -0.101766 -0.223883 0.0506561 -0.0610597 -0.223883 0.0466408 -0.0203538 -0.223883 0.0447421 0.0203521 -0.223883 0.0447421 0.061058 -0.223883 0.0466408 0.101764 -0.223883 0.0506561 0.159617 -0.223883 0.061058 0.14247 -0.262511 0.061058 0.14247 -0.223883 0.0572512 -0.159078 -0.183177 0.061058 -0.142471 -0.154272 0.061058 -0.142471 -0.183177 0.0572911 -0.101766 -0.183177 0.0505836 -0.0610597 -0.183177 0.0465001 -0.0203538 -0.183177 0.0445551 0.0203521 -0.183177 0.0445551 0.061058 -0.183177 0.0465001 0.101764 -0.183177 0.0505836 0.159077 -0.183177 0.061058 0.14247 -0.154272 0.061058 0.14247 -0.183177 0.0572911 -0.13419 -0.142471 0.061058 -0.101766 -0.12181 0.061058 -0.101766 -0.142471 0.0552388 -0.0610597 -0.142471 0.0504956 -0.0203538 -0.142471 0.0481133 0.0203521 -0.142471 0.0481133 0.061058 -0.142471 0.0504956 0.134189 -0.142471 0.061058 0.101764 -0.12181 0.061058 0.101764 -0.142471 0.0552388 -0.061062 -0.101766 0.061058 -0.0610597 -0.101765 0.061058 -0.0610597 -0.101766 0.0610576 -0.0203538 -0.0926616 0.061058 -0.0203538 -0.101766 0.0571094 0.0203521 -0.0926616 0.061058 0.0203521 -0.101766 0.0571094 0.0610603 -0.101766 0.061058 0.061058 -0.101765 0.061058 0.061058 -0.101766 0.0610576 -0.137612 -0.386707 0.101764 -0.101766 -0.404069 0.101764 -0.101766 -0.386707 0.0928214 -0.0610597 -0.415975 0.101764 -0.0610597 -0.386707 0.0863346 -0.0203538 -0.421521 0.101764 -0.0203538 -0.386707 0.0831965 0.0203521 -0.421521 0.101764 0.0203521 -0.386707 0.0831965 0.061058 -0.415975 0.101764 0.061058 -0.386707 0.0863346 0.137611 -0.386707 0.101764 0.101764 -0.404069 0.101764 0.101764 -0.386707 0.0928214 -0.192826 -0.346001 0.101764 -0.183177 -0.355078 0.101764 -0.183177 -0.346001 0.0978366 -0.142471 -0.38425 0.101764 -0.142471 -0.346001 0.0843161 -0.101766 -0.346001 0.0749556 -0.0610597 -0.346001 0.0690715 -0.0203538 -0.346001 0.0662338 0.0203521 -0.346001 0.0662338 0.061058 -0.346001 0.0690715 0.101764 -0.346001 0.0749556 0.14247 -0.38425 0.101764 0.14247 -0.346001 0.0843161 0.192825 -0.346001 0.101764 0.183176 -0.355078 0.101764 0.183176 -0.346001 0.0978366 -0.225786 -0.305295 0.101764 -0.223883 -0.308022 0.101764 -0.223883 -0.305295 0.100829 -0.183177 -0.305295 0.0832212 -0.142471 -0.305295 0.0705735 -0.101766 -0.305295 0.0618857 0.101764 -0.305295 0.0618857 0.14247 -0.305295 0.0705735 0.183176 -0.305295 0.0832212 0.225784 -0.305295 0.101764 0.223882 -0.308022 0.101764 0.223882 -0.305295 0.100829 -0.245506 -0.264589 0.101764 -0.223883 -0.264589 0.0904841 -0.183177 -0.264589 0.0734345 -0.142471 -0.264589 0.0613204 0.14247 -0.264589 0.0613204 0.183176 -0.264589 0.0734345 0.245504 -0.264589 0.101764 0.223882 -0.264589 0.0904841 -0.253564 -0.223883 0.101764 -0.223883 -0.223883 0.0854785 -0.183177 -0.223883 0.0684128 0.183176 -0.223883 0.0684128 0.253562 -0.223883 0.101764 0.223882 -0.223883 0.0854785 -0.250274 -0.183177 0.101764 -0.223883 -0.183177 0.086698 -0.183177 -0.183177 0.068819 0.183176 -0.183177 0.068819 0.250272 -0.183177 0.101764 0.223882 -0.183177 0.086698 -0.232218 -0.142471 0.101764 -0.223883 -0.133706 0.101764 -0.223883 -0.142471 0.0968692 -0.183177 -0.142471 0.0768017 -0.142471 -0.142471 0.0631046 0.14247 -0.142471 0.0631046 0.183176 -0.142471 0.0768017 0.232216 -0.142471 0.101764 0.223882 -0.133706 0.101764 0.223882 -0.142471 0.0968692 -0.188871 -0.101766 0.101764 -0.183177 -0.0988017 0.101764 -0.183177 -0.101766 0.0988001 -0.142471 -0.0816298 0.101764 -0.142471 -0.101766 0.081628 -0.101766 -0.0696957 0.101764 -0.101766 -0.101766 0.0696937 0.101764 -0.0696957 0.101764 0.101764 -0.101766 0.0696937 0.14247 -0.0816298 0.101764 0.14247 -0.101766 0.081628 0.188869 -0.101766 0.101764 0.183176 -0.0988017 0.101764 0.183176 -0.101766 0.0988001 -0.0610608 -0.0610597 0.101764 -0.0610597 -0.0610595 0.101764 -0.0610597 -0.0610597 0.101763 -0.0203538 -0.0571111 0.101764 -0.0203538 -0.0610597 0.0926599 0.0203521 -0.0571111 0.101764 0.0203521 -0.0610597 0.0926599 0.0610592 -0.0610597 0.101764 0.061058 -0.0610595 0.101764 0.061058 -0.0610597 0.101763 -0.158278 -0.427413 0.14247 -0.142471 -0.436311 0.14247 -0.142471 -0.427413 0.135024 -0.101766 -0.452731 0.14247 -0.101766 -0.427413 0.120541 -0.0610597 -0.462606 0.14247 -0.0610597 -0.427413 0.111266 -0.0203538 -0.46724 0.14247 -0.0203538 -0.427413 0.106739 0.0203521 -0.46724 0.14247 0.0203521 -0.427413 0.106739 0.061058 -0.462606 0.14247 0.061058 -0.427413 0.111266 0.101764 -0.452731 0.14247 0.101764 -0.427413 0.120541 0.158276 -0.427413 0.14247 0.14247 -0.436311 0.14247 0.14247 -0.427413 0.135024 -0.215764 -0.386707 0.14247 -0.183177 -0.412883 0.14247 -0.183177 -0.386707 0.122529 -0.142471 -0.386707 0.103496 0.14247 -0.386707 0.103496 0.215763 -0.386707 0.14247 0.183176 -0.412883 0.14247 0.183176 -0.386707 0.122529 -0.252538 -0.346001 0.14247 -0.223883 -0.379048 0.14247 -0.223883 -0.346001 0.120987 0.252537 -0.346001 0.14247 0.223882 -0.379048 0.14247 0.223882 -0.346001 0.120987 -0.276616 -0.305295 0.14247 -0.264589 -0.326505 0.14247 -0.264589 -0.305295 0.131934 0.276614 -0.305295 0.14247 0.264587 -0.326505 0.14247 0.264587 -0.305295 0.131934 -0.290623 -0.264589 0.14247 -0.264589 -0.264589 0.117996 0.290622 -0.264589 0.14247 0.264587 -0.264589 0.117996 -0.295108 -0.223883 0.14247 -0.264589 -0.223883 0.11191 0.295107 -0.223883 0.14247 0.264587 -0.223883 0.11191 -0.289822 -0.183177 0.14247 -0.264589 -0.183177 0.115814 0.289821 -0.183177 0.14247 0.264587 -0.183177 0.115814 -0.271272 -0.142471 0.14247 -0.264589 -0.135107 0.14247 -0.264589 -0.142471 0.135105 0.27127 -0.142471 0.14247 0.264587 -0.135107 0.14247 0.264587 -0.142471 0.135105 -0.232217 -0.101766 0.14247 -0.223883 -0.0968712 0.14247 -0.223883 -0.101766 0.133704 -0.183177 -0.0768037 0.14247 -0.142471 -0.0631065 0.14247 0.14247 -0.0631065 0.14247 0.183176 -0.0768037 0.14247 0.232216 -0.101766 0.14247 0.223882 -0.0968712 0.14247 0.223882 -0.101766 0.133704 -0.13419 -0.0610597 0.14247 -0.101766 -0.0552406 0.14247 -0.101766 -0.0610597 0.121809 -0.0610597 -0.0504974 0.14247 -0.0203538 -0.0481151 0.14247 0.0203521 -0.0481151 0.14247 0.061058 -0.0504974 0.14247 0.134188 -0.0610597 0.14247 0.101764 -0.0552406 0.14247 0.101764 -0.0610597 0.121809 -0.134524 -0.468119 0.183176 -0.101766 -0.480642 0.183176 -0.101766 -0.468119 0.165483 -0.0610597 -0.490327 0.183176 -0.0610597 -0.468119 0.150996 -0.0203538 -0.494912 0.183176 -0.0203538 -0.468119 0.143853 0.0203521 -0.494912 0.183176 0.0203521 -0.468119 0.143853 0.061058 -0.490327 0.183176 0.061058 -0.468119 0.150996 0.134522 -0.468119 0.183176 0.101764 -0.480642 0.183176 0.101764 -0.468119 0.165483 -0.207181 -0.427413 0.183176 -0.183177 -0.444356 0.183176 -0.183177 -0.427413 0.161294 -0.142471 -0.465224 0.183176 0.14247 -0.465224 0.183176 0.207179 -0.427413 0.183176 0.183176 -0.444356 0.183176 0.183176 -0.427413 0.161294 -0.252231 -0.386707 0.183176 -0.223883 -0.414461 0.183176 -0.223883 -0.386707 0.150844 0.25223 -0.386707 0.183176 0.223882 -0.414461 0.183176 0.223882 -0.386707 0.150844 -0.282871 -0.346001 0.183176 -0.264589 -0.371538 0.183176 -0.264589 -0.346001 0.15836 0.282869 -0.346001 0.183176 0.264587 -0.371538 0.183176 0.264587 -0.346001 0.15836 -0.302471 -0.305295 0.183176 0.302469 -0.305295 0.183176 -0.313883 -0.264589 0.183176 -0.305295 -0.295016 0.183176 -0.305295 -0.264589 0.168647 0.313881 -0.264589 0.183176 0.305293 -0.295016 0.183176 0.305293 -0.264589 0.168647 -0.316427 -0.223883 0.183176 -0.305295 -0.223883 0.162665 0.316425 -0.223883 0.183176 0.305293 -0.223883 0.162665 -0.308828 -0.183177 0.183176 -0.305295 -0.176149 0.183176 -0.305295 -0.183177 0.176147 0.308826 -0.183177 0.183176 0.305293 -0.176149 0.183176 0.305293 -0.183177 0.176147 -0.289821 -0.142471 0.183176 -0.264589 -0.115817 0.183176 0.28982 -0.142471 0.183176 0.264587 -0.115817 0.183176 -0.250272 -0.101766 0.183176 -0.223883 -0.0867006 0.183176 -0.183177 -0.0688213 0.183176 0.183176 -0.0688213 0.183176 0.250271 -0.101766 0.183176 0.223882 -0.0867006 0.183176 -0.159077 -0.0610597 0.183176 -0.142471 -0.0572932 0.183176 -0.142471 -0.0610597 0.154272 -0.101766 -0.0505856 0.183176 -0.0610597 -0.0465021 0.183176 -0.0203538 -0.0445569 0.183176 0.0203521 -0.0445569 0.183176 0.061058 -0.0465021 0.183176 0.101764 -0.0505856 0.183176 0.159075 -0.0610597 0.183176 0.14247 -0.0572932 0.183176 0.14247 -0.0610597 0.154272 -0.0205339 -0.508825 0.223882 -0.0203538 -0.508846 0.223882 -0.0203538 -0.508825 0.223828 0.0205323 -0.508825 0.223882 0.0203521 -0.508846 0.223882 0.0203521 -0.508825 0.223828 -0.168556 -0.468119 0.223882 -0.142471 -0.481393 0.223882 -0.142471 -0.468119 0.191155 -0.101766 -0.49585 0.223882 -0.0610597 -0.504668 0.223882 0.061058 -0.504668 0.223882 0.101764 -0.49585 0.223882 0.168554 -0.468119 0.223882 0.14247 -0.481393 0.223882 0.14247 -0.468119 0.191155 -0.229574 -0.427413 0.223882 -0.223883 -0.432288 0.223882 -0.223883 -0.427413 0.213142 -0.183177 -0.460636 0.223882 0.183176 -0.460636 0.223882 0.229572 -0.427413 0.223882 0.223882 -0.432288 0.223882 0.223882 -0.427413 0.213142 -0.269517 -0.386707 0.223882 -0.264589 -0.392492 0.223882 -0.264589 -0.386707 0.212437 0.269515 -0.386707 0.223882 0.264587 -0.392492 0.223882 0.264587 -0.386707 0.212437 -0.297017 -0.346001 0.223882 0.297015 -0.346001 0.223882 -0.314954 -0.305295 0.223882 -0.305295 -0.327477 0.223882 -0.305295 -0.305295 0.193138 0.314952 -0.305295 0.223882 0.305293 -0.327477 0.223882 0.305293 -0.305295 0.193138 -0.324501 -0.264589 0.223882 0.324499 -0.264589 0.223882 -0.325351 -0.223883 0.223882 0.32535 -0.223883 0.223882 -0.316425 -0.183177 0.223882 -0.305295 -0.162671 0.223882 0.316423 -0.183177 0.223882 0.305293 -0.162671 0.223882 -0.295106 -0.142471 0.223882 -0.264589 -0.111915 0.223882 0.295104 -0.142471 0.223882 0.264587 -0.111915 0.223882 -0.253561 -0.101766 0.223882 -0.223883 -0.0854814 0.223882 -0.183177 -0.0684155 0.223882 0.183176 -0.0684155 0.223882 0.253559 -0.101766 0.223882 0.223882 -0.0854814 0.223882 -0.159616 -0.0610597 0.223882 -0.142471 -0.0572535 0.223882 -0.142471 -0.0610597 0.262498 -0.101766 -0.0506583 0.223882 -0.0610597 -0.046643 0.223882 -0.0203538 -0.0447444 0.223882 0.0203521 -0.0447444 0.223882 0.061058 -0.046643 0.223882 0.101764 -0.0506583 0.223882 0.159614 -0.0610597 0.223882 0.14247 -0.0572535 0.223882 0.14247 -0.0610597 0.262498 -0.0660369 -0.508825 0.264587 -0.0610597 -0.509997 0.264587 -0.0610597 -0.508825 0.256872 -0.0610597 -0.508825 0.282492 -0.0203538 -0.514817 0.264587 0.0203521 -0.514817 0.264587 0.0660352 -0.508825 0.264587 0.061058 -0.509997 0.264587 0.061058 -0.508825 0.256872 0.061058 -0.508825 0.282492 -0.179208 -0.468119 0.264587 -0.142471 -0.487022 0.264587 -0.101766 -0.501174 0.264587 0.101764 -0.501174 0.264587 0.179206 -0.468119 0.264587 0.14247 -0.487022 0.264587 -0.236116 -0.427413 0.264587 -0.223883 -0.438072 0.264587 -0.183177 -0.466038 0.264587 0.183176 -0.466038 0.264587 0.236114 -0.427413 0.264587 0.223882 -0.438072 0.264587 -0.274129 -0.386707 0.264587 -0.264589 -0.398186 0.264587 0.274128 -0.386707 0.264587 0.264587 -0.398186 0.264587 -0.299967 -0.346001 0.264587 0.299965 -0.346001 0.264587 -0.316769 -0.305295 0.264587 -0.305295 -0.333314 0.264587 0.316768 -0.305295 0.264587 0.305293 -0.333314 0.264587 -0.324999 -0.264589 0.264587 0.324998 -0.264589 0.264587 -0.324498 -0.223883 0.264587 0.324496 -0.223883 0.264587 -0.313878 -0.183177 0.264587 -0.305295 -0.168657 0.264587 -0.305295 -0.183177 0.294987 0.313876 -0.183177 0.264587 0.305293 -0.168657 0.264587 0.305293 -0.183177 0.294987 -0.290618 -0.142471 0.264587 -0.264589 -0.118003 0.264587 0.290617 -0.142471 0.264587 0.264587 -0.118003 0.264587 -0.245501 -0.101766 0.264587 -0.223883 -0.0904883 0.264587 -0.183177 -0.0734381 0.264587 -0.142471 -0.0613236 0.264587 0.14247 -0.0613236 0.264587 0.183176 -0.0734381 0.264587 0.245499 -0.101766 0.264587 0.223882 -0.0904883 0.264587 -0.1413 -0.0610597 0.264587 -0.101766 -0.0544455 0.264587 -0.101766 -0.0610597 0.301827 -0.0610597 -0.0502469 0.264587 -0.0203538 -0.0482516 0.264587 0.0203521 -0.0482516 0.264587 0.061058 -0.0502469 0.264587 0.141298 -0.0610597 0.264587 0.101764 -0.0544455 0.264587 0.101764 -0.0610597 0.301827 -0.0482588 -0.508825 0.305293 -0.0203538 -0.512179 0.305293 -0.0203538 -0.508825 0.318617 0.0482571 -0.508825 0.305293 0.0203521 -0.512179 0.305293 0.0203521 -0.508825 0.318617 -0.17242 -0.468119 0.305293 -0.142471 -0.483737 0.305293 -0.101766 -0.498435 0.305293 -0.0610597 -0.50745 0.305293 0.061058 -0.50745 0.305293 0.101764 -0.498435 0.305293 0.172418 -0.468119 0.305293 0.14247 -0.483737 0.305293 -0.230151 -0.427413 0.305293 -0.223883 -0.432986 0.305293 -0.223883 -0.427413 0.320366 -0.183177 -0.462323 0.305293 0.183176 -0.462323 0.305293 0.230149 -0.427413 0.305293 0.223882 -0.432986 0.305293 0.223882 -0.427413 0.320366 -0.267924 -0.386707 0.305293 -0.264589 -0.39084 0.305293 -0.264589 -0.386707 0.314068 0.267923 -0.386707 0.305293 0.264587 -0.39084 0.305293 0.264587 -0.386707 0.314068 -0.293598 -0.346001 0.305293 0.293597 -0.346001 0.305293 -0.309326 -0.305295 0.305293 -0.305295 -0.315918 0.305293 -0.305295 -0.305295 0.315911 0.309324 -0.305295 0.305293 0.305293 -0.315918 0.305293 0.305293 -0.305295 0.315911 -0.316764 -0.264589 0.305293 -0.305295 -0.264589 0.333289 0.316762 -0.264589 0.305293 0.305293 -0.264589 0.333289 -0.314946 -0.223883 0.305293 -0.305295 -0.193168 0.305293 -0.305295 -0.223883 0.327449 0.314945 -0.223883 0.305293 0.305293 -0.193168 0.305293 0.305293 -0.223883 0.327449 -0.302462 -0.183177 0.305293 0.302461 -0.183177 0.305293 -0.276606 -0.142471 0.305293 -0.264589 -0.131943 0.305293 -0.264589 -0.142471 0.326482 0.276605 -0.142471 0.305293 0.264587 -0.131943 0.305293 0.264587 -0.142471 0.326482 -0.225776 -0.101766 0.305293 -0.223883 -0.100835 0.305293 -0.223883 -0.101766 0.308006 -0.183177 -0.0832263 0.305293 -0.142471 -0.0705779 0.305293 -0.101766 -0.0618895 0.305293 0.101764 -0.0618895 0.305293 0.14247 -0.0705779 0.305293 0.183176 -0.0832263 0.305293 0.225775 -0.101766 0.305293 0.223882 -0.100835 0.305293 0.223882 -0.101766 0.308006 -0.095907 -0.0610597 0.305293 -0.0610597 -0.0572187 0.305293 -0.0610597 -0.0610597 0.321605 -0.0203538 -0.0550503 0.305293 -0.0203538 -0.0610597 0.330496 0.0203521 -0.0550503 0.305293 0.0203521 -0.0610597 0.330496 0.0959053 -0.0610597 0.305293 0.061058 -0.0572187 0.305293 0.061058 -0.0610597 0.321605 -0.148927 -0.468119 0.345999 -0.142471 -0.471539 0.345999 -0.142471 -0.468119 0.352967 -0.101766 -0.487549 0.345999 -0.101766 -0.468119 0.385003 -0.0610597 -0.497411 0.345999 -0.0203538 -0.502108 0.345999 0.0203521 -0.502108 0.345999 0.061058 -0.497411 0.345999 0.101764 -0.487549 0.345999 0.101764 -0.468119 0.385003 0.148925 -0.468119 0.345999 0.14247 -0.471539 0.345999 0.14247 -0.468119 0.352967 -0.211773 -0.427413 0.345999 -0.183177 -0.44908 0.345999 -0.183177 -0.427413 0.382281 0.211772 -0.427413 0.345999 0.183176 -0.44908 0.345999 0.183176 -0.427413 0.382281 -0.251538 -0.386707 0.345999 -0.223883 -0.416745 0.345999 -0.223883 -0.386707 0.386164 0.251536 -0.386707 0.345999 0.223882 -0.416745 0.345999 0.223882 -0.386707 0.386164 -0.277796 -0.346001 0.345999 -0.264589 -0.367647 0.345999 -0.264589 -0.346001 0.367635 0.277794 -0.346001 0.345999 0.264587 -0.367647 0.345999 0.264587 -0.346001 0.367635 -0.29359 -0.305295 0.345999 0.293588 -0.305295 0.345999 -0.299955 -0.264589 0.345999 0.299954 -0.264589 0.345999 -0.297002 -0.223883 0.345999 0.297 -0.223883 0.345999 -0.282854 -0.183177 0.345999 -0.264589 -0.158383 0.345999 -0.264589 -0.183177 0.371507 0.282853 -0.183177 0.345999 0.264587 -0.158383 0.345999 0.264587 -0.183177 0.371507 -0.252523 -0.142471 0.345999 -0.223883 -0.120999 0.345999 -0.223883 -0.142471 0.379022 0.252521 -0.142471 0.345999 0.223882 -0.120999 0.345999 0.223882 -0.142471 0.379022 -0.19281 -0.101766 0.345999 -0.183177 -0.0978445 0.345999 -0.183177 -0.101766 0.35506 -0.142471 -0.0843229 0.345999 -0.142471 -0.101766 0.384231 -0.101766 -0.0749614 0.345999 -0.0610597 -0.069077 0.345999 -0.0203538 -0.0662389 0.345999 0.0203521 -0.0662389 0.345999 0.061058 -0.069077 0.345999 0.101764 -0.0749614 0.345999 0.14247 -0.0843229 0.345999 0.14247 -0.101766 0.384231 0.192809 -0.101766 0.345999 0.183176 -0.0978445 0.345999 0.183176 -0.101766 0.35506 -0.0983809 -0.468119 0.386705 -0.0610597 -0.478348 0.386705 -0.0610597 -0.468119 0.40195 -0.0203538 -0.483704 0.386705 -0.0203538 -0.468119 0.409878 0.0203521 -0.483704 0.386705 0.0203521 -0.468119 0.409878 0.0983793 -0.468119 0.386705 0.061058 -0.478348 0.386705 0.061058 -0.468119 0.40195 -0.178764 -0.427413 0.386705 -0.142471 -0.450031 0.386705 -0.142471 -0.427413 0.41486 -0.101766 -0.467196 0.386705 0.101764 -0.467196 0.386705 0.178762 -0.427413 0.386705 0.14247 -0.450031 0.386705 0.14247 -0.427413 0.41486 -0.223441 -0.386707 0.386705 -0.183177 -0.424283 0.386705 -0.183177 -0.386707 0.424265 0.22344 -0.386707 0.386705 0.183176 -0.424283 0.386705 0.183176 -0.386707 0.424265 -0.251525 -0.346001 0.386705 -0.223883 -0.386165 0.386705 -0.223883 -0.346001 0.416715 0.251523 -0.346001 0.386705 0.223882 -0.386165 0.386705 0.223882 -0.346001 0.416715 -0.267904 -0.305295 0.386705 -0.264589 -0.314019 0.386705 -0.264589 -0.305295 0.390811 0.267902 -0.305295 0.386705 0.264587 -0.314019 0.386705 0.264587 -0.305295 0.390811 -0.274104 -0.264589 0.386705 -0.264589 -0.264589 0.398149 0.274103 -0.264589 0.386705 0.264587 -0.264589 0.398149 -0.26949 -0.223883 0.386705 -0.264589 -0.212502 0.386705 -0.264589 -0.223883 0.392456 0.269488 -0.223883 0.386705 0.264587 -0.212502 0.386705 0.264587 -0.223883 0.392456 -0.252204 -0.183177 0.386705 -0.223883 -0.150874 0.386705 -0.223883 -0.183177 0.414425 0.252202 -0.183177 0.386705 0.223882 -0.150874 0.386705 0.223882 -0.183177 0.414425 -0.215737 -0.142471 0.386705 -0.183177 -0.122546 0.386705 -0.183177 -0.142471 0.412855 -0.142471 -0.10351 0.386705 0.14247 -0.10351 0.386705 0.215735 -0.142471 0.386705 0.183176 -0.122546 0.386705 0.183176 -0.142471 0.412855 -0.137578 -0.101766 0.386705 -0.101766 -0.0928311 0.386705 -0.101766 -0.101766 0.404048 -0.0610597 -0.0863436 0.386705 -0.0610597 -0.101766 0.415955 -0.0203538 -0.0832049 0.386705 -0.0203538 -0.101766 0.421501 0.0203521 -0.0832049 0.386705 0.0203521 -0.101766 0.421501 0.061058 -0.0863436 0.386705 0.061058 -0.101766 0.415955 0.137576 -0.101766 0.386705 0.101764 -0.0928311 0.386705 0.101764 -0.101766 0.404048 -0.119267 -0.427413 0.427411 -0.101766 -0.435869 0.427411 -0.101766 -0.427413 0.435863 -0.0610597 -0.448598 0.427411 -0.0610597 -0.427413 0.448585 -0.0203538 -0.454659 0.427411 -0.0203538 -0.427413 0.454644 0.0203521 -0.454659 0.427411 0.0203521 -0.427413 0.454644 0.061058 -0.448598 0.427411 0.061058 -0.427413 0.448585 0.119266 -0.427413 0.427411 0.101764 -0.435869 0.427411 0.101764 -0.427413 0.435863 -0.178738 -0.386707 0.427411 -0.142471 -0.414855 0.427411 -0.142471 -0.386707 0.450001 -0.101766 -0.386707 0.46716 0.101764 -0.386707 0.46716 0.178736 -0.386707 0.427411 0.14247 -0.414855 0.427411 0.14247 -0.386707 0.450001 -0.211736 -0.346001 0.427411 -0.183177 -0.382255 0.427411 -0.183177 -0.346001 0.449041 0.211735 -0.346001 0.427411 0.183176 -0.382255 0.427411 0.183176 -0.346001 0.449041 -0.230109 -0.305295 0.427411 -0.223883 -0.320275 0.427411 -0.223883 -0.305295 0.432945 -0.183177 -0.305295 0.462277 0.183176 -0.305295 0.462277 0.230107 -0.305295 0.427411 0.223882 -0.320275 0.427411 0.223882 -0.305295 0.432945 -0.23607 -0.264589 0.427411 -0.223883 -0.264589 0.438027 -0.183177 -0.264589 0.46599 0.183176 -0.264589 0.46599 0.236069 -0.264589 0.427411 0.223882 -0.264589 0.438027 -0.229528 -0.223883 0.427411 -0.223883 -0.21323 0.427411 -0.223883 -0.223883 0.432245 -0.183177 -0.223883 0.460591 0.183176 -0.223883 0.460591 0.229526 -0.223883 0.427411 0.223882 -0.21323 0.427411 0.223882 -0.223883 0.432245 -0.207134 -0.183177 0.427411 -0.183177 -0.161337 0.427411 -0.183177 -0.183177 0.444316 -0.142471 -0.183177 0.465184 0.14247 -0.183177 0.465184 0.207132 -0.183177 0.427411 0.183176 -0.161337 0.427411 0.183176 -0.183177 0.444316 -0.158227 -0.142471 0.427411 -0.142471 -0.135049 0.427411 -0.142471 -0.142471 0.436279 -0.101766 -0.120562 0.427411 -0.101766 -0.142471 0.452698 -0.0610597 -0.111286 0.427411 -0.0610597 -0.142471 0.462574 -0.0203538 -0.106758 0.427411 -0.0203538 -0.142471 0.467208 0.0203521 -0.106758 0.427411 0.0203521 -0.142471 0.467208 0.061058 -0.111286 0.427411 0.061058 -0.142471 0.462574 0.101764 -0.120562 0.427411 0.101764 -0.142471 0.452698 0.158225 -0.142471 0.427411 0.14247 -0.135049 0.427411 0.14247 -0.142471 0.436279 -0.0982562 -0.386707 0.468117 -0.0610597 -0.401909 0.468117 -0.0610597 -0.386707 0.478307 -0.0203538 -0.409843 0.468117 -0.0203538 -0.386707 0.483661 0.0203521 -0.409843 0.468117 0.0203521 -0.386707 0.483661 0.0982546 -0.386707 0.468117 0.061058 -0.401909 0.468117 0.061058 -0.386707 0.478307 -0.148843 -0.346001 0.468117 -0.142471 -0.352882 0.468117 -0.142471 -0.346001 0.471491 -0.101766 -0.384941 0.468117 -0.101766 -0.346001 0.487497 -0.0610597 -0.346001 0.497357 -0.0203538 -0.346001 0.502054 0.0203521 -0.346001 0.502054 0.061058 -0.346001 0.497357 0.101764 -0.384941 0.468117 0.101764 -0.346001 0.487497 0.148842 -0.346001 0.468117 0.14247 -0.352882 0.468117 0.14247 -0.346001 0.471491 -0.172331 -0.305295 0.468117 -0.142471 -0.305295 0.483682 -0.101766 -0.305295 0.498378 -0.0610597 -0.305295 0.507392 0.061058 -0.305295 0.507392 0.101764 -0.305295 0.498378 0.17233 -0.305295 0.468117 0.14247 -0.305295 0.483682 -0.179118 -0.264589 0.468117 -0.142471 -0.264589 0.486966 -0.101766 -0.264589 0.501119 0.101764 -0.264589 0.501119 0.179117 -0.264589 0.468117 0.14247 -0.264589 0.486966 -0.168466 -0.223883 0.468117 -0.142471 -0.191264 0.468117 -0.142471 -0.223883 0.481341 -0.101766 -0.223883 0.495798 -0.0610597 -0.223883 0.504618 -0.0203538 -0.223883 0.508792 0.0203521 -0.223883 0.508792 0.061058 -0.223883 0.504618 0.101764 -0.223883 0.495798 0.168465 -0.223883 0.468117 0.14247 -0.191264 0.468117 0.14247 -0.223883 0.481341 -0.134418 -0.183177 0.468117 -0.101766 -0.165538 0.468117 -0.101766 -0.183177 0.480596 -0.0610597 -0.151048 0.468117 -0.0610597 -0.183177 0.490282 -0.0203538 -0.143902 0.468117 -0.0203538 -0.183177 0.494867 0.0203521 -0.143902 0.468117 0.0203521 -0.183177 0.494867 0.061058 -0.151048 0.468117 0.061058 -0.183177 0.490282 0.134416 -0.183177 0.468117 0.101764 -0.165538 0.468117 0.101764 -0.183177 0.480596 -0.0477388 -0.305295 0.508823 -0.0203538 -0.318377 0.508823 -0.0203538 -0.305295 0.512114 0.0477371 -0.305295 0.508823 0.0203521 -0.318377 0.508823 0.0203521 -0.305295 0.512114 -0.0657718 -0.264589 0.508823 -0.0610597 -0.281551 0.508823 -0.0610597 -0.257283 0.508823 -0.0610597 -0.264589 0.509932 -0.0203538 -0.224137 0.508823 -0.0203538 -0.264589 0.514752 0.0203521 -0.224137 0.508823 0.0203521 -0.264589 0.514752 0.0657701 -0.264589 0.508823 0.061058 -0.281551 0.508823 0.061058 -0.257283 0.508823 0.061058 -0.264589 0.509932"/>
     <Normal vector="-0.174269 -0.0400961 -0.983881 -0.161783 -0.0772664 -0.983797 -0.163726 0.0347272 -0.985894 -0.162192 -0.0402599 -0.985938 -0.0523637 -0.23771 -0.969924 -0.0539749 -0.0410578 -0.997698 0.0523637 -0.23771 -0.969924 0.0539749 -0.0410578 -0.997698 0.174269 -0.0400961 -0.983881 0.161783 -0.0772664 -0.983797 0.163726 0.0347272 -0.985894 0.162192 -0.0402599 -0.985938 -0.127938 0.145968 -0.980982 -0.0549149 0.198404 -0.978581 -0.0546985 0.14513 -0.987899 0.127938 0.145968 -0.980982 0.0549149 0.198404 -0.978581 0.0546985 0.14513 -0.987899 -0.33478 -0.440645 -0.832919 -0.244124 -0.534436 -0.809186 -0.252959 -0.441655 -0.860786 -0.140071 -0.60622 -0.782865 -0.150697 -0.442689 -0.883921 -0.0455163 -0.639176 -0.767712 -0.0500087 -0.443164 -0.895044 0.0455163 -0.639176 -0.767712 0.0500087 -0.443164 -0.895044 0.140071 -0.60622 -0.782865 0.150697 -0.442689 -0.883921 0.33478 -0.440645 -0.832919 0.244124 -0.534436 -0.809186 0.252959 -0.441655 -0.860786 -0.446309 -0.229156 -0.865041 -0.36213 -0.400957 -0.841484 -0.377181 -0.231452 -0.896752 -0.266346 -0.234867 -0.934825 -0.158079 -0.237462 -0.958448 -0.0523497 -0.238858 -0.969642 0.0523497 -0.238858 -0.969642 0.158079 -0.237462 -0.958448 0.266346 -0.234867 -0.934825 0.44631 -0.229156 -0.865041 0.36213 -0.400957 -0.841484 0.377181 -0.231452 -0.896752 -0.490645 -0.0254296 -0.870989 -0.387591 -0.0304459 -0.921328 -0.273273 -0.0360754 -0.96126 0.273273 -0.0360754 -0.96126 0.490645 -0.0254296 -0.870988 0.387591 -0.0304459 -0.921328 -0.475901 0.1645 -0.863978 -0.392515 0.15945 -0.905819 -0.277251 0.152635 -0.948596 -0.164584 0.14682 -0.975375 0.164584 0.14682 -0.975375 0.277251 0.152635 -0.948596 0.475901 0.1645 -0.863978 0.392515 0.15945 -0.905819 -0.410365 0.338475 -0.846779 -0.393961 0.363354 -0.844256 -0.393539 0.337171 -0.855244 -0.278713 0.489714 -0.826135 -0.279188 0.331255 -0.90129 -0.166282 0.325747 -0.93072 -0.0551701 0.322496 -0.944962 0.0551701 0.322496 -0.944962 0.166282 0.325747 -0.93072 0.278713 0.489714 -0.826135 0.279188 0.331255 -0.90129 0.410365 0.338475 -0.846779 0.393961 0.363354 -0.844256 0.393539 0.337171 -0.855244 -0.268468 0.497323 -0.824982 -0.166655 0.548782 -0.819185 -0.166558 0.493863 -0.853439 -0.0554018 0.576988 -0.814872 -0.0553905 0.491618 -0.869048 0.0554018 0.576988 -0.814872 0.0553905 0.491618 -0.869048 0.268468 0.497323 -0.824982 0.166655 0.548782 -0.819185 0.166558 0.493863 -0.853439 -0.363097 -0.645444 -0.671983 -0.319908 -0.682446 -0.657211 -0.327771 -0.645571 -0.689786 -0.213687 -0.750831 -0.624972 -0.231171 -0.646296 -0.727229 -0.121817 -0.790209 -0.600608 -0.137026 -0.646034 -0.750909 -0.039512 -0.808029 -0.587817 -0.0453441 -0.645657 -0.76228 0.039512 -0.808029 -0.587817 0.0453441 -0.645657 -0.76228 0.121817 -0.790209 -0.600608 0.137026 -0.646034 -0.750909 0.213687 -0.750831 -0.624972 0.231171 -0.646296 -0.727229 0.363097 -0.645444 -0.671983 0.319908 -0.682446 -0.657211 0.327771 -0.645571 -0.689786 -0.533656 -0.433905 -0.725905 -0.450597 -0.55252 -0.701202 -0.470434 -0.436456 -0.766941 -0.357788 -0.439869 -0.823713 0.357788 -0.439869 -0.823713 0.533656 -0.433905 -0.725905 0.450597 -0.55252 -0.701202 0.470434 -0.436456 -0.766941 -0.629955 -0.216575 -0.745823 -0.60959 -0.276047 -0.743101 -0.614923 -0.217788 -0.757917 -0.492722 -0.226207 -0.840271 0.492722 -0.226207 -0.840271 0.629955 -0.216575 -0.745823 0.60959 -0.276047 -0.743101 0.614923 -0.217788 -0.757917 -0.664917 -0.00831586 -0.746871 -0.630711 -0.0119436 -0.775926 -0.504078 -0.0242604 -0.863318 0.504078 -0.0242604 -0.863318 0.664917 -0.00831588 -0.746871 0.630711 -0.0119436 -0.775926 -0.653924 0.184397 -0.733745 -0.638985 0.246149 -0.728772 -0.636802 0.182232 -0.749182 -0.511234 0.168214 -0.842819 0.511234 0.168214 -0.842819 0.653924 0.184397 -0.733745 0.638985 0.246149 -0.728772 0.636802 0.182232 -0.749182 -0.59809 0.361187 -0.715425 -0.514413 0.502093 -0.695185 -0.515084 0.351466 -0.781767 0.59809 0.361187 -0.715425 0.514413 0.502093 -0.695185 0.515084 0.351466 -0.781767 -0.499579 0.521198 -0.691935 -0.395553 0.619603 -0.67796 -0.395708 0.511109 -0.763009 -0.278684 0.497966 -0.821197 0.278684 0.497966 -0.821197 0.499579 0.521197 -0.691935 0.395553 0.619603 -0.67796 0.395708 0.511109 -0.763009 -0.326527 0.668171 -0.668527 -0.279459 0.693032 -0.664537 -0.279454 0.664177 -0.693379 -0.166868 0.733957 -0.658379 -0.166863 0.658005 -0.734293 -0.0554271 0.754107 -0.654409 -0.0554302 0.654031 -0.754434 0.0554271 0.754107 -0.654409 0.0554302 0.654031 -0.754434 0.166868 0.733957 -0.658379 0.166863 0.658005 -0.734293 0.326527 0.668171 -0.668527 0.279459 0.693032 -0.664537 0.279454 0.664177 -0.693379 -0.268098 -0.829327 -0.490245 -0.18686 -0.864176 -0.467209 -0.196809 -0.829423 -0.522804 -0.106415 -0.887366 -0.448617 -0.116703 -0.828627 -0.547501 -0.0345137 -0.897814 -0.43902 -0.0386235 -0.827819 -0.559664 0.0345137 -0.897814 -0.43902 0.0386235 -0.827819 -0.559664 0.106415 -0.887366 -0.448617 0.116703 -0.828627 -0.547501 0.268098 -0.829327 -0.490245 0.18686 -0.864176 -0.467209 0.196809 -0.829423 -0.522804 -0.51538 -0.641982 -0.567664 -0.403858 -0.741855 -0.535303 -0.431407 -0.644634 -0.631138 -0.281712 -0.82248 -0.49413 0.281712 -0.82248 -0.49413 0.51538 -0.641982 -0.567664 0.403858 -0.741855 -0.535303 0.431407 -0.644634 -0.631138 -0.673379 -0.423975 -0.605645 -0.553076 -0.600599 -0.577397 -0.589604 -0.430572 -0.683356 0.673379 -0.423975 -0.605645 0.553076 -0.600599 -0.577397 0.589604 -0.430572 -0.683356 -0.763247 -0.201229 -0.613971 -0.74326 -0.266319 -0.613709 -0.749311 -0.203209 -0.630269 0.763247 -0.201229 -0.613971 0.74326 -0.266319 -0.613709 0.749311 -0.203209 -0.630269 -0.794276 0.0109015 -0.60746 -0.766126 0.00606642 -0.642661 0.794276 0.0109015 -0.60746 0.766126 0.00606642 -0.642661 -0.780994 0.2058 -0.589656 -0.773181 0.241543 -0.586386 -0.771626 0.203974 -0.602485 0.780994 0.2058 -0.589656 0.773181 0.241543 -0.586386 0.771626 0.203974 -0.602485 -0.726243 0.384597 -0.569787 -0.639473 0.542106 -0.545156 -0.640884 0.368487 -0.673413 0.726243 0.384597 -0.569787 0.639473 0.542106 -0.545156 0.640884 0.368487 -0.673413 -0.637814 0.544466 -0.544748 -0.514368 0.67899 -0.52383 -0.51434 0.523548 -0.679229 0.637814 0.544466 -0.544748 0.514368 0.67899 -0.52383 0.51434 0.523548 -0.679229 -0.499695 0.691627 -0.521496 -0.39575 0.76279 -0.511404 -0.395562 0.677615 -0.619975 -0.278716 0.821008 -0.49826 0.278716 0.821008 -0.49826 0.499695 0.691627 -0.521496 0.39575 0.76279 -0.511404 0.395562 0.677615 -0.619975 -0.268861 0.824662 -0.497641 -0.166589 0.853252 -0.494176 -0.166676 0.818842 -0.549288 -0.0554052 0.868868 -0.491934 -0.0554056 0.814508 -0.5775 0.0554052 0.868868 -0.491934 0.0554056 0.814508 -0.5775 0.268861 0.824662 -0.497641 0.166589 0.853252 -0.494176 0.166676 0.818842 -0.549288 -0.389994 -0.830236 -0.398262 -0.36295 -0.846056 -0.390458 -0.370531 -0.830411 -0.416082 -0.253763 -0.897041 -0.36183 -0.279589 -0.829446 -0.483579 -0.165688 -0.9264 -0.338128 -0.093258 -0.942227 -0.321731 -0.030076 -0.949135 -0.313431 0.030076 -0.949135 -0.313431 0.093258 -0.942227 -0.321731 0.165688 -0.9264 -0.338128 0.253763 -0.897041 -0.36183 0.279589 -0.829446 -0.483579 0.389994 -0.830236 -0.398262 0.36295 -0.846056 -0.390458 0.370531 -0.830411 -0.416082 -0.625797 -0.635847 -0.451749 -0.509317 -0.746733 -0.42777 -0.542771 -0.640982 -0.542717 0.625797 -0.635847 -0.451749 0.509317 -0.746733 -0.42777 0.542771 -0.640982 -0.542717 -0.780601 -0.410464 -0.471362 -0.693827 -0.552905 -0.461411 -0.722055 -0.418954 -0.550559 0.780601 -0.410464 -0.471362 0.693827 -0.552905 -0.461411 0.722055 -0.418954 -0.550559 -0.864849 -0.182428 -0.467713 0.864849 -0.182428 -0.467713 -0.891413 0.0325574 -0.452021 0.891413 0.0325575 -0.452021 -0.872055 0.230043 -0.431973 0.872055 0.230043 -0.431973 -0.816275 0.408365 -0.408575 -0.776452 0.489452 -0.396937 -0.776435 0.396732 -0.489644 0.816275 0.408365 -0.408575 0.776452 0.489452 -0.396937 0.776435 0.396732 -0.489644 -0.726323 0.56954 -0.384811 -0.640933 0.673256 -0.368689 -0.639474 0.544875 -0.542388 0.726323 0.56954 -0.384811 0.640933 0.673256 -0.368689 0.639474 0.544875 -0.542388 -0.598269 0.715163 -0.361409 -0.515152 0.781632 -0.351667 -0.514446 0.694864 -0.502504 0.598269 0.715163 -0.361409 0.515152 0.781632 -0.351667 0.514446 0.694864 -0.502504 -0.41067 0.846539 -0.338707 -0.393621 0.855122 -0.337386 -0.394042 0.843974 -0.363923 -0.27925 0.901199 -0.331452 -0.278746 0.825776 -0.490301 -0.166322 0.930646 -0.325936 -0.0551914 0.9449 -0.322672 0.0551914 0.9449 -0.322672 0.166322 0.930646 -0.325936 0.27925 0.901199 -0.331452 0.278746 0.825776 -0.490301 0.41067 0.846539 -0.338707 0.393621 0.855122 -0.337386 0.394042 0.843974 -0.363923 -0.137144 -0.964268 -0.226669 -0.0831464 -0.972512 -0.217503 -0.0866733 -0.963813 -0.252098 -0.0268302 -0.976901 -0.212 -0.0286673 -0.963129 -0.26751 0.0268302 -0.976901 -0.212 0.0286673 -0.963129 -0.26751 0.137144 -0.964268 -0.226669 0.0831464 -0.972512 -0.217503 0.0866733 -0.963813 -0.252098 -0.477656 -0.828147 -0.293288 -0.471406 -0.832117 -0.292161 -0.473427 -0.82841 -0.299341 -0.336324 -0.902383 -0.269427 -0.229963 -0.94137 -0.246861 -0.14778 -0.962268 -0.228478 0.14778 -0.962268 -0.228478 0.229963 -0.94137 -0.246861 0.336324 -0.902383 -0.269427 0.477656 -0.828147 -0.293288 0.471406 -0.832117 -0.292161 0.473427 -0.82841 -0.299341 -0.71175 -0.625488 -0.31965 -0.657951 -0.683973 -0.315091 -0.673882 -0.631315 -0.383828 0.71175 -0.625488 -0.31965 0.657951 -0.683973 -0.315091 0.673882 -0.631315 -0.383828 -0.863534 -0.392067 -0.317162 0.863534 -0.392067 -0.317162 -0.939813 -0.159466 -0.302197 -0.887101 -0.338052 -0.314282 -0.905614 -0.172077 -0.387624 0.939813 -0.159466 -0.302197 0.887101 -0.338052 -0.314282 0.905614 -0.172077 -0.387624 -0.958372 0.0577206 -0.279628 -0.918074 0.0406122 -0.394322 0.958372 0.0577207 -0.279628 0.918074 0.0406122 -0.394322 -0.933434 0.2536 -0.253749 -0.92216 0.296777 -0.248082 -0.922154 0.247938 -0.296916 0.933434 0.2536 -0.253749 0.92216 0.296777 -0.248082 0.922154 0.247938 -0.296916 -0.872111 0.431783 -0.230185 0.872111 0.431783 -0.230185 -0.781116 0.589446 -0.205941 -0.771689 0.602361 -0.204101 -0.773246 0.586149 -0.24191 0.781115 0.589446 -0.205941 0.771689 0.602361 -0.204101 0.773246 0.586149 -0.24191 -0.654126 0.733531 -0.18453 -0.636886 0.749083 -0.182345 -0.639071 0.728506 -0.246712 -0.511313 0.842756 -0.168291 0.511313 0.842756 -0.168291 0.654126 0.733531 -0.18453 0.636886 0.749083 -0.182345 0.639071 0.728506 -0.246712 -0.476263 0.863759 -0.164604 -0.392603 0.905767 -0.15953 -0.27731 0.948571 -0.152686 -0.164621 0.975362 -0.14686 0.164621 0.975362 -0.14686 0.27731 0.948571 -0.152686 0.476263 0.863759 -0.164604 0.392603 0.905767 -0.15953 -0.129387 0.980781 -0.14604 -0.0547109 0.987891 -0.145186 -0.054934 0.978353 -0.199519 0.129387 0.980781 -0.14604 0.0547109 0.987891 -0.145186 0.054934 0.978353 -0.199519 -0.21 -0.966844 -0.145303 -0.137175 -0.981184 -0.135875 -0.1467 -0.964683 -0.218782 -0.0765653 -0.988718 -0.12874 -0.0245846 -0.991848 -0.125033 0.0245846 -0.991848 -0.125033 0.0765653 -0.988718 -0.12874 0.21 -0.966844 -0.145303 0.137175 -0.981184 -0.135875 0.1467 -0.964683 -0.218782 -0.537977 -0.82489 -0.173601 -0.455803 -0.873766 -0.169636 -0.317345 -0.934949 -0.158628 -0.212731 -0.966198 -0.145627 0.212731 -0.966198 -0.145627 0.317345 -0.934949 -0.158628 0.537977 -0.82489 -0.173601 0.455803 -0.873766 -0.169636 -0.774413 -0.610092 -0.167548 -0.64159 -0.747273 -0.173051 0.774413 -0.610092 -0.167548 0.64159 -0.747273 -0.173051 -0.918682 -0.367864 -0.143873 -0.875535 -0.458433 -0.152567 -0.881663 -0.386569 -0.270619 0.918682 -0.367864 -0.143873 0.875535 -0.458433 -0.152567 0.881663 -0.386569 -0.270619 -0.984589 -0.131348 -0.115469 0.984589 -0.131348 -0.115469 -0.992617 0.0857158 -0.0858131 0.992617 0.0857158 -0.0858131 -0.958404 0.279497 -0.0578112 -0.918096 0.394265 -0.0406821 0.958404 0.279497 -0.0578112 0.918096 0.394265 -0.0406821 -0.891497 0.45185 -0.0326368 0.891497 0.45185 -0.0326368 -0.794416 0.607276 -0.0109601 -0.766192 0.642583 -0.00610051 0.794416 0.607276 -0.0109601 0.766192 0.642583 -0.00610051 -0.665134 0.746678 0.00829057 -0.630793 0.775859 0.0119428 -0.504143 0.863279 0.0242864 0.504143 0.863279 0.0242864 0.665134 0.746678 0.00829057 0.630793 0.775859 0.0119428 -0.491002 0.870787 0.025434 -0.387667 0.921295 0.0305001 -0.273323 0.961243 0.0361464 0.273323 0.961243 0.0361464 0.491002 0.870787 0.025434 0.387667 0.921295 0.0305001 -0.174997 0.98375 0.0401563 -0.162234 0.985928 0.0403319 -0.163831 0.985717 -0.0390086 -0.161791 0.983624 0.0794188 -0.0539893 0.997694 0.0411376 0.0539893 0.997694 0.0411376 0.174997 0.98375 0.0401563 0.162234 0.985928 0.0403319 0.163831 0.985717 -0.0390086 0.161791 0.983624 0.0794188 -0.242626 -0.968893 -0.0487692 -0.20663 -0.97722 -0.0484212 -0.212369 -0.967108 -0.140004 -0.131638 -0.990207 -0.0465023 -0.0728733 -0.996334 -0.0448211 -0.0233098 -0.998756 -0.0440834 0.0233098 -0.998756 -0.0440834 0.0728733 -0.996334 -0.0448211 0.131638 -0.990207 -0.0465023 0.242626 -0.968893 -0.0487692 0.20663 -0.97722 -0.0484212 0.212369 -0.967108 -0.140004 -0.578649 -0.815049 -0.0293286 -0.454667 -0.889708 -0.041198 -0.310352 -0.949398 -0.0482178 0.310352 -0.949398 -0.0482178 0.578649 -0.815049 -0.0293287 0.454667 -0.889708 -0.041198 -0.810563 -0.585521 0.0123564 -0.644868 -0.764043 -0.0195695 0.810563 -0.585521 0.0123564 0.644868 -0.764043 -0.0195695 -0.940509 -0.334911 0.057249 -0.884483 -0.465221 0.0354861 0.940509 -0.334911 0.057249 0.884483 -0.465221 0.0354861 -0.990472 -0.0974076 0.0973464 0.990472 -0.0974075 0.0973464 -0.984606 0.115381 0.131295 0.984606 0.115381 0.131295 -0.939858 0.302075 0.159429 -0.90563 0.387594 0.172062 -0.887078 0.314185 0.338203 0.939858 0.302075 0.159429 0.90563 0.387594 0.172062 0.887078 0.314185 0.338203 -0.864935 0.467563 0.182404 0.864935 0.467564 0.182404 -0.763374 0.613809 0.201242 -0.74936 0.6302 0.20324 -0.743259 0.613544 0.266702 0.763374 0.613809 0.201242 0.74936 0.6302 0.20324 0.743259 0.613544 0.266702 -0.630139 0.745652 0.216629 -0.614982 0.757849 0.217858 -0.609587 0.7429 0.276592 -0.492764 0.840218 0.226312 0.492764 0.840218 0.226312 0.630139 0.745652 0.216629 0.614982 0.757849 0.217858 0.609587 0.7429 0.276592 -0.446619 0.864854 0.229257 -0.377229 0.896698 0.231585 -0.362086 0.841182 0.401629 -0.266378 0.934777 0.235022 -0.158091 0.958404 0.237632 0.158091 0.958404 0.237632 0.266378 0.934777 0.235022 0.446619 0.864854 0.229257 0.377229 0.896698 0.231585 0.362086 0.841182 0.401629 -0.0528047 0.969574 0.239037 -0.0523529 0.969599 0.239033 -0.0523506 0.969529 0.239319 0.0528047 0.969574 0.239037 0.0523529 0.969599 0.239033 0.0523506 0.969529 0.239319 -0.247348 -0.966304 0.0712345 -0.210917 -0.975327 0.0651948 -0.226066 -0.957453 0.179384 -0.133796 -0.989531 0.0541041 -0.0742689 -0.996207 0.045338 -0.0238676 -0.99893 0.0396066 0.0238676 -0.99893 0.0396066 0.0742689 -0.996207 0.045338 0.133796 -0.989531 0.0541041 0.247348 -0.966304 0.0712345 0.210917 -0.975327 0.0651948 0.226066 -0.957453 0.179384 -0.587968 -0.795059 0.14891 -0.474509 -0.872268 0.11828 -0.320502 -0.9435 0.0841728 0.320502 -0.9435 0.0841728 0.587968 -0.795059 0.14891 0.474509 -0.872268 0.11828 -0.805926 -0.546622 0.22735 -0.675473 -0.715801 0.177104 0.805926 -0.546622 0.22735 0.675473 -0.715801 0.177104 -0.912511 -0.28926 0.289228 -0.89977 -0.334694 0.27999 -0.89977 -0.28002 0.334668 0.912511 -0.28926 0.289228 0.89977 -0.334694 0.27999 0.89977 -0.28002 0.334668 -0.940515 -0.0573044 0.334884 -0.884475 -0.0355314 0.465234 0.940515 -0.0573044 0.334884 0.884475 -0.0355314 0.465234 -0.9187 0.143799 0.367848 -0.88165 0.270647 0.386579 -0.875521 0.152502 0.458483 0.9187 0.143799 0.367848 0.88165 0.270647 0.386579 0.875521 0.152502 0.458483 -0.863572 0.31706 0.392068 0.863572 0.31706 0.392068 -0.780665 0.471234 0.410489 -0.722059 0.550516 0.419003 -0.69379 0.461283 0.553059 0.780665 0.471234 0.410489 0.722059 0.550516 0.419003 0.69379 0.461283 0.553059 -0.673482 0.605493 0.424028 -0.589609 0.683294 0.430663 -0.553021 0.577228 0.600813 0.673482 0.605493 0.424028 0.589609 0.683294 0.430663 0.553021 0.577228 0.600813 -0.533806 0.725736 0.434003 -0.470447 0.766862 0.436581 -0.450552 0.700984 0.552833 -0.357792 0.823634 0.440014 0.357792 0.823634 0.440014 0.533806 0.725736 0.434003 0.470447 0.766862 0.436581 0.450552 0.700984 0.552833 -0.33508 0.832724 0.440785 -0.252971 0.860696 0.441824 -0.244096 0.808913 0.534862 -0.150703 0.88383 0.442868 -0.140047 0.78258 0.606594 -0.0500114 0.894954 0.443347 -0.0455061 0.767424 0.639523 0.0500114 0.894954 0.443347 0.0455061 0.767424 0.639523 0.150703 0.88383 0.442868 0.140047 0.78258 0.606594 0.33508 0.832724 0.440785 0.252971 0.860696 0.441824 0.244096 0.808913 0.534862 -0.212645 -0.950777 0.225401 -0.15138 -0.968363 0.198386 -0.174391 -0.931587 0.318957 -0.0879129 -0.98196 0.167409 -0.0292667 -0.988897 0.145695 0.0292667 -0.988897 0.145695 0.0879129 -0.98196 0.167409 0.212645 -0.950777 0.225401 0.15138 -0.968363 0.198386 0.174391 -0.931587 0.318957 -0.545839 -0.749504 0.37457 -0.513956 -0.779311 0.358502 -0.52476 -0.73371 0.431621 -0.353884 -0.889939 0.287705 -0.232839 -0.943811 0.234536 0.232839 -0.943811 0.234536 0.353884 -0.889939 0.287705 0.545839 -0.749504 0.37457 0.513956 -0.779311 0.358502 0.52476 -0.73371 0.431621 -0.73375 -0.48043 0.480414 -0.708915 -0.530731 0.464504 -0.708915 -0.46452 0.530718 0.73375 -0.48043 0.480414 0.708915 -0.530731 0.464504 0.708915 -0.46452 0.530718 -0.805928 -0.227374 0.546609 -0.675465 -0.177123 0.715804 0.805928 -0.227374 0.546609 0.675465 -0.177123 0.715804 -0.810567 -0.0123981 0.585515 -0.644854 0.0195403 0.764056 0.810567 -0.0123981 0.585515 0.644854 0.0195403 0.764056 -0.774423 0.167486 0.610096 -0.641567 0.173005 0.747303 0.774423 0.167486 0.610096 0.641567 0.173005 0.747303 -0.711768 0.319573 0.625508 -0.673865 0.383802 0.63135 -0.657924 0.315014 0.684034 0.711768 0.319573 0.625508 0.673865 0.383802 0.63135 0.657924 0.315014 0.684034 -0.625834 0.451641 0.635887 -0.542746 0.542666 0.641047 -0.509276 0.427669 0.746818 0.625834 0.451641 0.635887 0.542746 0.542666 0.641047 0.509276 0.427669 0.746818 -0.515444 0.567531 0.642048 -0.431391 0.631061 0.644719 -0.403817 0.53516 0.741981 -0.281672 0.494006 0.822569 0.281672 0.494006 0.822569 0.515444 0.567531 0.642048 0.431391 0.631061 0.644719 0.403817 0.53516 0.741981 -0.363209 0.671829 0.645542 -0.327762 0.68969 0.645677 -0.319872 0.657015 0.682651 -0.231162 0.727128 0.646413 -0.213657 0.624783 0.750997 -0.137017 0.750804 0.646158 -0.121796 0.600425 0.790351 -0.0453395 0.762172 0.645785 -0.039505 0.587643 0.808156 0.0453395 0.762172 0.645785 0.039505 0.587643 0.808156 0.137017 0.750804 0.646158 0.121796 0.600425 0.790351 0.231162 0.727128 0.646413 0.213657 0.624783 0.750997 0.363209 0.671829 0.645542 0.327762 0.68969 0.645677 0.319872 0.657015 0.682651 -0.131119 -0.90535 0.403918 -0.131118 -0.905351 0.403916 -0.131118 -0.905349 0.40392 -0.0480403 -0.935444 0.350196 -0.0559834 -0.892122 0.448313 0.0480403 -0.935444 0.350196 0.0559834 -0.892122 0.448313 0.131119 -0.90535 0.403918 0.131118 -0.905351 0.403916 0.131118 -0.905349 0.40392 -0.402822 -0.647201 0.647198 -0.387193 -0.667514 0.636008 -0.387193 -0.636011 0.667511 -0.275911 -0.782628 0.558002 -0.275912 -0.558004 0.782626 -0.196059 -0.853927 0.482047 -0.19606 -0.482048 0.853926 0.196059 -0.853927 0.482047 0.19606 -0.482048 0.853926 0.275911 -0.782628 0.558002 0.275912 -0.558004 0.782626 0.402822 -0.647201 0.647198 0.387193 -0.667514 0.636008 0.387193 -0.636011 0.667511 -0.545839 -0.37458 0.7495 -0.524759 -0.431633 0.733703 -0.513954 -0.35851 0.779308 -0.353882 -0.28771 0.889939 -0.232838 -0.23454 0.94381 0.232838 -0.23454 0.94381 0.353882 -0.28771 0.889939 0.545839 -0.37458 0.7495 0.524759 -0.431633 0.733703 0.513954 -0.35851 0.779308 -0.587968 -0.148927 0.795056 -0.474505 -0.118289 0.872269 -0.320496 -0.0841805 0.943502 0.320496 -0.0841805 0.943502 0.587968 -0.148927 0.795056 0.474505 -0.118289 0.872269 -0.578651 0.029301 0.815049 -0.454657 0.0411804 0.889714 -0.310347 0.0482032 0.949401 0.310347 0.0482032 0.949401 0.578651 0.029301 0.815049 0.454657 0.0411804 0.889714 -0.537979 0.173561 0.824897 -0.455787 0.169599 0.873782 -0.317333 0.158603 0.934957 -0.212722 0.145607 0.966203 0.212722 0.145607 0.966203 0.317333 0.158603 0.934957 0.537979 0.173561 0.824897 0.455787 0.169599 0.873782 -0.477664 0.293235 0.828161 -0.473412 0.299319 0.828426 -0.471381 0.292103 0.832151 -0.336304 0.269381 0.902404 -0.229948 0.246824 0.941383 -0.147771 0.228447 0.962276 0.147771 0.228447 0.962276 0.229948 0.246824 0.941383 0.336304 0.269381 0.902404 0.477664 0.293235 0.828161 0.473412 0.299319 0.828426 0.471381 0.292103 0.832151 -0.390013 0.398189 0.830262 -0.370516 0.416038 0.83044 -0.362925 0.390375 0.846105 -0.279565 0.483531 0.829482 -0.253743 0.361763 0.897074 -0.165675 0.33807 0.926424 -0.0932498 0.321677 0.942246 -0.0300712 0.313381 0.949151 0.0300712 0.313381 0.949151 0.0932498 0.321677 0.942246 0.165675 0.33807 0.926424 0.279565 0.483531 0.829482 0.253743 0.361763 0.897074 0.390013 0.398189 0.830262 0.370516 0.416038 0.83044 0.362925 0.390375 0.846105 -0.268154 0.49015 0.829365 -0.196796 0.522735 0.829469 -0.18684 0.467102 0.864238 -0.116693 0.547428 0.828677 -0.106403 0.448519 0.887417 -0.0386196 0.55959 0.82787 -0.0345095 0.438924 0.897861 0.0386196 0.55959 0.82787 0.0345095 0.438924 0.897861 0.116693 0.547428 0.828677 0.106403 0.448519 0.887417 0.268154 0.49015 0.829365 0.196796 0.522735 0.829469 0.18684 0.467102 0.864238 -0.131118 -0.40392 0.905349 -0.131116 -0.403924 0.905347 -0.131115 -0.403917 0.905351 -0.0559816 -0.448314 0.892121 -0.0480384 -0.350198 0.935443 0.0559816 -0.448314 0.892121 0.0480384 -0.350198 0.935443 0.131118 -0.40392 0.905349 0.131116 -0.403924 0.905347 0.131115 -0.403917 0.905351 -0.212646 -0.225405 0.950776 -0.174392 -0.318962 0.931585 -0.15138 -0.198388 0.968363 -0.0879125 -0.167412 0.98196 -0.0292665 -0.145698 0.988896 0.0292665 -0.145698 0.988896 0.0879125 -0.167412 0.98196 0.212646 -0.225405 0.950776 0.174392 -0.318962 0.931585 0.15138 -0.198388 0.968363 -0.247348 -0.0712413 0.966304 -0.226065 -0.179395 0.957451 -0.210914 -0.0652001 0.975328 -0.133797 -0.0541088 0.989531 -0.074268 -0.045342 0.996207 -0.0238665 -0.0396116 0.99893 0.0238665 -0.0396116 0.99893 0.074268 -0.045342 0.996207 0.133797 -0.0541088 0.989531 0.247348 -0.0712413 0.966304 0.226065 -0.179395 0.957451 0.210914 -0.0652001 0.975328 -0.242628 0.0487565 0.968893 -0.212362 0.140016 0.967108 -0.206626 0.0484101 0.977222 -0.131635 0.0464937 0.990207 -0.072873 0.0448151 0.996334 -0.0233103 0.044076 0.998756 0.0233103 0.044076 0.998756 0.072873 0.0448151 0.996334 0.131635 0.0464937 0.990207 0.242628 0.0487565 0.968893 0.212362 0.140016 0.967108 0.206626 0.0484101 0.977222 -0.210006 0.145285 0.966845 -0.146694 0.218777 0.964685 -0.13717 0.135859 0.981186 -0.0765633 0.128727 0.98872 -0.0245843 0.125022 0.991849 0.0245843 0.125022 0.991849 0.0765633 0.128727 0.98872 0.210006 0.145285 0.966845 0.146694 0.218777 0.964685 0.13717 0.135859 0.981186 -0.137163 0.226644 0.964271 -0.0866696 0.252082 0.963817 -0.0831421 0.217476 0.972518 -0.0286645 0.267494 0.963133 -0.0268288 0.211976 0.976907 0.0286645 0.267494 0.963133 0.0268288 0.211976 0.976907 0.137163 0.226644 0.964271 0.0866696 0.252082 0.963817 0.0831421 0.217476 0.972518 -0.137163 -0.226644 -0.964271 -0.0866696 -0.252082 -0.963817 -0.0831421 -0.217476 -0.972518 -0.0286645 -0.267494 -0.963133 -0.0268288 -0.211976 -0.976907 0.0286645 -0.267494 -0.963133 0.0268288 -0.211976 -0.976907 0.137163 -0.226644 -0.964271 0.0866696 -0.252082 -0.963817 0.0831421 -0.217476 -0.972518 -0.210006 -0.145285 -0.966845 -0.146694 -0.218777 -0.964685 -0.13717 -0.135859 -0.981186 -0.0765633 -0.128727 -0.98872 -0.0245843 -0.125022 -0.991849 0.0245843 -0.125022 -0.991849 0.0765633 -0.128727 -0.98872 0.210006 -0.145285 -0.966845 0.146694 -0.218777 -0.964685 0.13717 -0.135859 -0.981186 -0.242628 -0.0487565 -0.968893 -0.212362 -0.140016 -0.967108 -0.206626 -0.0484101 -0.977222 -0.131635 -0.0464937 -0.990207 -0.072873 -0.0448151 -0.996334 -0.0233103 -0.044076 -0.998756 0.0233103 -0.044076 -0.998756 0.072873 -0.0448151 -0.996334 0.131635 -0.0464937 -0.990207 0.242628 -0.0487565 -0.968893 0.212362 -0.140016 -0.967108 0.206626 -0.0484101 -0.977222 -0.247348 0.0712413 -0.966304 -0.226065 0.179395 -0.957451 -0.210914 0.0652001 -0.975328 -0.133797 0.0541088 -0.989531 -0.074268 0.045342 -0.996207 -0.0238665 0.0396116 -0.99893 0.0238665 0.0396116 -0.99893 0.074268 0.045342 -0.996207 0.133797 0.0541088 -0.989531 0.247348 0.0712413 -0.966304 0.226065 0.179395 -0.957451 0.210914 0.0652001 -0.975328 -0.212646 0.225405 -0.950776 -0.174392 0.318962 -0.931585 -0.15138 0.198388 -0.968363 -0.0879125 0.167412 -0.98196 -0.0292665 0.145698 -0.988896 0.0292665 0.145698 -0.988896 0.0879125 0.167412 -0.98196 0.212646 0.225405 -0.950776 0.174392 0.318962 -0.931585 0.15138 0.198388 -0.968363 -0.131118 0.40392 -0.905349 -0.131116 0.403924 -0.905347 -0.131115 0.403917 -0.905351 -0.0559816 0.448314 -0.892121 -0.0480384 0.350198 -0.935443 0.0559816 0.448314 -0.892121 0.0480384 0.350198 -0.935443 0.131118 0.40392 -0.905349 0.131116 0.403924 -0.905347 0.131115 0.403917 -0.905351 -0.268154 -0.49015 -0.829365 -0.196796 -0.522735 -0.829469 -0.18684 -0.467102 -0.864238 -0.116693 -0.547428 -0.828677 -0.106403 -0.448519 -0.887417 -0.0386196 -0.55959 -0.82787 -0.0345095 -0.438924 -0.897861 0.0386196 -0.55959 -0.82787 0.0345095 -0.438924 -0.897861 0.116693 -0.547428 -0.828677 0.106403 -0.448519 -0.887417 0.268154 -0.49015 -0.829365 0.196796 -0.522735 -0.829469 0.18684 -0.467102 -0.864238 -0.390013 -0.398189 -0.830262 -0.370516 -0.416038 -0.83044 -0.362925 -0.390375 -0.846105 -0.279565 -0.483531 -0.829482 -0.253743 -0.361763 -0.897074 -0.165675 -0.33807 -0.926424 -0.0932498 -0.321677 -0.942246 -0.0300712 -0.313381 -0.949151 0.0300712 -0.313381 -0.949151 0.0932498 -0.321677 -0.942246 0.165675 -0.33807 -0.926424 0.279565 -0.483531 -0.829482 0.253743 -0.361763 -0.897074 0.390013 -0.398189 -0.830262 0.370516 -0.416038 -0.83044 0.362925 -0.390375 -0.846105 -0.477664 -0.293235 -0.828161 -0.473412 -0.299319 -0.828426 -0.471381 -0.292103 -0.832151 -0.336304 -0.269381 -0.902404 -0.229948 -0.246824 -0.941383 -0.147771 -0.228447 -0.962276 0.147771 -0.228447 -0.962276 0.229948 -0.246824 -0.941383 0.336304 -0.269381 -0.902404 0.477664 -0.293235 -0.828161 0.473412 -0.299319 -0.828426 0.471381 -0.292103 -0.832151 -0.537979 -0.173561 -0.824897 -0.455787 -0.169599 -0.873782 -0.317333 -0.158603 -0.934957 -0.212722 -0.145607 -0.966203 0.212722 -0.145607 -0.966203 0.317333 -0.158603 -0.934957 0.537979 -0.173561 -0.824897 0.455787 -0.169599 -0.873782 -0.578651 -0.029301 -0.815049 -0.454657 -0.0411804 -0.889714 -0.310347 -0.0482032 -0.949401 0.310347 -0.0482032 -0.949401 0.578651 -0.029301 -0.815049 0.454657 -0.0411804 -0.889714 -0.587968 0.148927 -0.795056 -0.474505 0.118289 -0.872269 -0.320496 0.0841805 -0.943502 0.320496 0.0841805 -0.943502 0.587968 0.148927 -0.795056 0.474505 0.118289 -0.872269 -0.545839 0.37458 -0.7495 -0.524759 0.431633 -0.733703 -0.513954 0.35851 -0.779308 -0.353882 0.28771 -0.889939 -0.232838 0.23454 -0.94381 0.232838 0.23454 -0.94381 0.353882 0.28771 -0.889939 0.545839 0.37458 -0.7495 0.524759 0.431633 -0.733703 0.513954 0.35851 -0.779308 -0.402822 0.647201 -0.647198 -0.387193 0.667514 -0.636008 -0.387193 0.636011 -0.667511 -0.275911 0.782628 -0.558002 -0.275912 0.558004 -0.782626 -0.196059 0.853927 -0.482047 -0.19606 0.482048 -0.853926 0.196059 0.853927 -0.482047 0.19606 0.482048 -0.853926 0.275911 0.782628 -0.558002 0.275912 0.558004 -0.782626 0.402822 0.647201 -0.647198 0.387193 0.667514 -0.636008 0.387193 0.636011 -0.667511 -0.131119 0.90535 -0.403918 -0.131118 0.905351 -0.403916 -0.131118 0.905349 -0.40392 -0.0480403 0.935444 -0.350196 -0.0559834 0.892122 -0.448313 0.0480403 0.935444 -0.350196 0.0559834 0.892122 -0.448313 0.131119 0.90535 -0.403918 0.131118 0.905351 -0.403916 0.131118 0.905349 -0.40392 -0.363209 -0.671829 -0.645542 -0.327762 -0.68969 -0.645677 -0.319872 -0.657015 -0.682651 -0.231162 -0.727128 -0.646413 -0.213657 -0.624783 -0.750997 -0.137017 -0.750804 -0.646158 -0.121796 -0.600425 -0.790351 -0.0453395 -0.762172 -0.645785 -0.039505 -0.587643 -0.808156 0.0453395 -0.762172 -0.645785 0.039505 -0.587643 -0.808156 0.137017 -0.750804 -0.646158 0.121796 -0.600425 -0.790351 0.231162 -0.727128 -0.646413 0.213657 -0.624783 -0.750997 0.363209 -0.671829 -0.645542 0.327762 -0.68969 -0.645677 0.319872 -0.657015 -0.682651 -0.515444 -0.567531 -0.642048 -0.431391 -0.631061 -0.644719 -0.403817 -0.53516 -0.741981 -0.281672 -0.494006 -0.822569 0.281672 -0.494006 -0.822569 0.515444 -0.567531 -0.642048 0.431391 -0.631061 -0.644719 0.403817 -0.53516 -0.741981 -0.625834 -0.451641 -0.635887 -0.542746 -0.542666 -0.641047 -0.509276 -0.427669 -0.746818 0.625834 -0.451641 -0.635887 0.542746 -0.542666 -0.641047 0.509276 -0.427669 -0.746818 -0.711768 -0.319573 -0.625508 -0.673865 -0.383802 -0.63135 -0.657924 -0.315014 -0.684034 0.711768 -0.319573 -0.625508 0.673865 -0.383802 -0.63135 0.657924 -0.315014 -0.684034 -0.774423 -0.167486 -0.610096 -0.641567 -0.173005 -0.747303 0.774423 -0.167486 -0.610096 0.641567 -0.173005 -0.747303 -0.810567 0.0123981 -0.585515 -0.644854 -0.0195403 -0.764056 0.810567 0.0123981 -0.585515 0.644854 -0.0195403 -0.764056 -0.805928 0.227374 -0.546609 -0.675465 0.177123 -0.715804 0.805928 0.227374 -0.546609 0.675465 0.177123 -0.715804 -0.73375 0.48043 -0.480414 -0.708915 0.530731 -0.464504 -0.708915 0.46452 -0.530718 0.73375 0.48043 -0.480414 0.708915 0.530731 -0.464504 0.708915 0.46452 -0.530718 -0.545839 0.749504 -0.37457 -0.513956 0.779311 -0.358502 -0.52476 0.73371 -0.431621 -0.353884 0.889939 -0.287705 -0.232839 0.943811 -0.234536 0.232839 0.943811 -0.234536 0.353884 0.889939 -0.287705 0.545839 0.749504 -0.37457 0.513956 0.779311 -0.358502 0.52476 0.73371 -0.431621 -0.212645 0.950777 -0.225401 -0.15138 0.968363 -0.198386 -0.174391 0.931587 -0.318957 -0.0879129 0.98196 -0.167409 -0.0292667 0.988897 -0.145695 0.0292667 0.988897 -0.145695 0.0879129 0.98196 -0.167409 0.212645 0.950777 -0.225401 0.15138 0.968363 -0.198386 0.174391 0.931587 -0.318957 -0.33508 -0.832724 -0.440785 -0.252971 -0.860696 -0.441824 -0.244096 -0.808913 -0.534862 -0.150703 -0.88383 -0.442868 -0.140047 -0.78258 -0.606594 -0.0500114 -0.894954 -0.443347 -0.0455061 -0.767424 -0.639523 0.0500114 -0.894954 -0.443347 0.0455061 -0.767424 -0.639523 0.150703 -0.88383 -0.442868 0.140047 -0.78258 -0.606594 0.33508 -0.832724 -0.440785 0.252971 -0.860696 -0.441824 0.244096 -0.808913 -0.534862 -0.533806 -0.725736 -0.434003 -0.470447 -0.766862 -0.436581 -0.450552 -0.700984 -0.552833 -0.357792 -0.823634 -0.440014 0.357792 -0.823634 -0.440014 0.533806 -0.725736 -0.434003 0.470447 -0.766862 -0.436581 0.450552 -0.700984 -0.552833 -0.673482 -0.605493 -0.424028 -0.589609 -0.683294 -0.430663 -0.553021 -0.577228 -0.600813 0.673482 -0.605493 -0.424028 0.589609 -0.683294 -0.430663 0.553021 -0.577228 -0.600813 -0.780665 -0.471234 -0.410489 -0.722059 -0.550516 -0.419003 -0.69379 -0.461283 -0.553059 0.780665 -0.471234 -0.410489 0.722059 -0.550516 -0.419003 0.69379 -0.461283 -0.553059 -0.863572 -0.31706 -0.392068 0.863572 -0.31706 -0.392068 -0.9187 -0.143799 -0.367848 -0.88165 -0.270647 -0.386579 -0.875521 -0.152502 -0.458482 0.9187 -0.143799 -0.367848 0.88165 -0.270647 -0.386579 0.875521 -0.152502 -0.458482 -0.940515 0.0573044 -0.334884 -0.884475 0.0355314 -0.465234 0.940515 0.0573044 -0.334884 0.884475 0.0355314 -0.465234 -0.912511 0.28926 -0.289228 -0.89977 0.334695 -0.279989 -0.89977 0.28002 -0.334668 0.912511 0.28926 -0.289228 0.89977 0.334695 -0.279989 0.89977 0.28002 -0.334668 -0.805926 0.546622 -0.22735 -0.675473 0.715801 -0.177104 0.805926 0.546622 -0.22735 0.675473 0.715801 -0.177104 -0.587968 0.795059 -0.14891 -0.474509 0.872268 -0.11828 -0.320502 0.9435 -0.0841728 0.320502 0.9435 -0.0841728 0.587968 0.795059 -0.14891 0.474509 0.872268 -0.11828 -0.247348 0.966304 -0.0712345 -0.210917 0.975327 -0.0651948 -0.226066 0.957453 -0.179383 -0.133796 0.989531 -0.0541041 -0.0742689 0.996207 -0.045338 -0.0238676 0.99893 -0.0396066 0.0238676 0.99893 -0.0396066 0.0742689 0.996207 -0.045338 0.133796 0.989531 -0.0541041 0.247348 0.966304 -0.0712345 0.210917 0.975327 -0.0651948 0.226066 0.957453 -0.179383 -0.0528047 -0.969574 -0.239037 -0.0523529 -0.969599 -0.239033 -0.0523506 -0.969529 -0.239319 0.0528047 -0.969574 -0.239037 0.0523529 -0.969599 -0.239033 0.0523506 -0.969529 -0.239319 -0.446619 -0.864854 -0.229257 -0.377229 -0.896698 -0.231585 -0.362086 -0.841183 -0.401629 -0.266378 -0.934777 -0.235022 -0.158091 -0.958404 -0.237632 0.158091 -0.958404 -0.237632 0.266378 -0.934777 -0.235022 0.446619 -0.864854 -0.229257 0.377229 -0.896698 -0.231585 0.362086 -0.841183 -0.401629 -0.630139 -0.745652 -0.216629 -0.614982 -0.757849 -0.217858 -0.609587 -0.7429 -0.276592 -0.492764 -0.840218 -0.226312 0.492764 -0.840218 -0.226312 0.630139 -0.745652 -0.216629 0.614982 -0.757849 -0.217858 0.609587 -0.7429 -0.276592 -0.763374 -0.613809 -0.201242 -0.74936 -0.6302 -0.20324 -0.743259 -0.613544 -0.266702 0.763374 -0.613809 -0.201242 0.74936 -0.6302 -0.20324 0.743259 -0.613544 -0.266702 -0.864935 -0.467563 -0.182404 0.864935 -0.467564 -0.182404 -0.939858 -0.302075 -0.159429 -0.90563 -0.387594 -0.172062 -0.887077 -0.314185 -0.338203 0.939858 -0.302075 -0.159429 0.90563 -0.387594 -0.172062 0.887077 -0.314185 -0.338203 -0.984606 -0.115381 -0.131295 0.984606 -0.115381 -0.131295 -0.990472 0.0974076 -0.0973464 0.990472 0.0974075 -0.0973464 -0.940509 0.334911 -0.057249 -0.884483 0.465221 -0.0354861 0.940509 0.334911 -0.057249 0.884483 0.465221 -0.0354861 -0.810563 0.585521 -0.0123564 -0.644868 0.764043 0.0195695 0.810563 0.585521 -0.0123564 0.644868 0.764043 0.0195695 -0.578649 0.815049 0.0293286 -0.454667 0.889708 0.041198 -0.310352 0.949398 0.0482178 0.310352 0.949398 0.0482178 0.578649 0.815049 0.0293287 0.454667 0.889708 0.041198 -0.242626 0.968893 0.0487692 -0.20663 0.97722 0.0484212 -0.212369 0.967108 0.140004 -0.131638 0.990207 0.0465023 -0.0728733 0.996334 0.0448211 -0.0233098 0.998756 0.0440834 0.0233098 0.998756 0.0440834 0.0728733 0.996334 0.0448211 0.131638 0.990207 0.0465023 0.242626 0.968893 0.0487692 0.20663 0.97722 0.0484212 0.212369 0.967108 0.140004 -0.174997 -0.98375 -0.0401563 -0.162234 -0.985928 -0.0403319 -0.161791 -0.983624 -0.079419 -0.163831 -0.985717 0.0390086 -0.0539893 -0.997694 -0.0411377 0.0539893 -0.997694 -0.0411377 0.174997 -0.98375 -0.0401563 0.162234 -0.985928 -0.0403319 0.161791 -0.983624 -0.079419 0.163831 -0.985717 0.0390086 -0.491002 -0.870787 -0.025434 -0.387667 -0.921295 -0.0305 -0.273323 -0.961243 -0.0361464 0.273323 -0.961243 -0.0361464 0.491002 -0.870787 -0.025434 0.387667 -0.921295 -0.0305 -0.665134 -0.746678 -0.00829057 -0.630793 -0.775859 -0.0119428 -0.504143 -0.863279 -0.0242864 0.504143 -0.863279 -0.0242864 0.665134 -0.746678 -0.00829057 0.630793 -0.775859 -0.0119428 -0.794416 -0.607276 0.0109601 -0.766192 -0.642583 0.00610051 0.794416 -0.607276 0.0109601 0.766192 -0.642583 0.00610051 -0.891497 -0.45185 0.0326368 0.891497 -0.45185 0.0326368 -0.958404 -0.279497 0.0578112 -0.918096 -0.394265 0.0406822 0.958404 -0.279497 0.0578112 0.918096 -0.394265 0.0406822 -0.992617 -0.0857158 0.0858131 0.992617 -0.0857158 0.0858131 -0.984589 0.131348 0.115469 0.984589 0.131348 0.115469 -0.918682 0.367864 0.143873 -0.875535 0.458433 0.152567 -0.881663 0.386569 0.270619 0.918682 0.367864 0.143873 0.875535 0.458433 0.152567 0.881663 0.386569 0.270619 -0.774413 0.610092 0.167548 -0.64159 0.747273 0.173051 0.774413 0.610092 0.167548 0.64159 0.747273 0.173051 -0.537977 0.82489 0.173601 -0.455803 0.873766 0.169636 -0.317345 0.934949 0.158628 -0.212731 0.966198 0.145627 0.212731 0.966198 0.145627 0.317345 0.934949 0.158628 0.537977 0.82489 0.173601 0.455803 0.873766 0.169636 -0.21 0.966844 0.145303 -0.137175 0.981184 0.135875 -0.1467 0.964683 0.218782 -0.0765653 0.988718 0.12874 -0.0245846 0.991848 0.125033 0.0245846 0.991848 0.125033 0.0765653 0.988718 0.12874 0.21 0.966844 0.145303 0.137175 0.981184 0.135875 0.1467 0.964683 0.218782 -0.129387 -0.980781 0.14604 -0.054711 -0.987891 0.145186 -0.054934 -0.978353 0.199519 0.129387 -0.980781 0.14604 0.054711 -0.987891 0.145186 0.054934 -0.978353 0.199519 -0.476263 -0.863759 0.164604 -0.392603 -0.905767 0.15953 -0.27731 -0.948571 0.152686 -0.164621 -0.975362 0.14686 0.164621 -0.975362 0.14686 0.27731 -0.948571 0.152686 0.476263 -0.863759 0.164604 0.392603 -0.905767 0.15953 -0.654126 -0.733531 0.18453 -0.636886 -0.749083 0.182345 -0.639071 -0.728506 0.246712 -0.511313 -0.842756 0.168291 0.511313 -0.842756 0.168291 0.654126 -0.733531 0.18453 0.636886 -0.749083 0.182345 0.639071 -0.728506 0.246712 -0.781116 -0.589446 0.205941 -0.771689 -0.60236 0.204101 -0.773246 -0.586149 0.24191 0.781115 -0.589446 0.205941 0.771689 -0.60236 0.204101 0.773246 -0.586149 0.24191 -0.872111 -0.431783 0.230185 0.872111 -0.431783 0.230185 -0.933434 -0.2536 0.253749 -0.92216 -0.296777 0.248082 -0.922154 -0.247938 0.296916 0.933434 -0.2536 0.253749 0.92216 -0.296777 0.248082 0.922154 -0.247938 0.296916 -0.958372 -0.0577206 0.279628 -0.918074 -0.0406122 0.394323 0.958372 -0.0577207 0.279628 0.918074 -0.0406122 0.394323 -0.939813 0.159466 0.302197 -0.887101 0.338052 0.314282 -0.905614 0.172077 0.387624 0.939813 0.159466 0.302197 0.887101 0.338052 0.314282 0.905614 0.172077 0.387624 -0.863534 0.392067 0.317162 0.863534 0.392067 0.317162 -0.71175 0.625488 0.31965 -0.657951 0.683973 0.315091 -0.673882 0.631315 0.383828 0.71175 0.625488 0.31965 0.657951 0.683973 0.315091 0.673882 0.631315 0.383828 -0.477656 0.828147 0.293288 -0.471406 0.832117 0.292161 -0.473427 0.82841 0.299341 -0.336324 0.902383 0.269427 -0.229963 0.94137 0.246861 -0.14778 0.962268 0.228478 0.14778 0.962268 0.228478 0.229963 0.94137 0.246861 0.336324 0.902383 0.269427 0.477656 0.828147 0.293288 0.471406 0.832117 0.292161 0.473427 0.82841 0.299341 -0.137144 0.964268 0.226669 -0.0831464 0.972512 0.217503 -0.0866733 0.963813 0.252098 -0.0268302 0.976901 0.212 -0.0286673 0.963129 0.26751 0.0268302 0.976901 0.212 0.0286673 0.963129 0.26751 0.137144 0.964268 0.226669 0.0831464 0.972512 0.217503 0.0866733 0.963813 0.252098 -0.41067 -0.846539 0.338707 -0.393621 -0.855122 0.337386 -0.394042 -0.843974 0.363923 -0.27925 -0.901199 0.331452 -0.278746 -0.825776 0.490301 -0.166322 -0.930646 0.325936 -0.0551914 -0.9449 0.322673 0.0551914 -0.9449 0.322673 0.166322 -0.930646 0.325936 0.27925 -0.901199 0.331452 0.278746 -0.825776 0.490301 0.41067 -0.846539 0.338707 0.393621 -0.855122 0.337386 0.394042 -0.843974 0.363923 -0.598269 -0.715163 0.361409 -0.515152 -0.781632 0.351667 -0.514446 -0.694864 0.502503 0.598269 -0.715163 0.361409 0.515152 -0.781632 0.351667 0.514446 -0.694864 0.502503 -0.726323 -0.56954 0.384811 -0.640933 -0.673256 0.368689 -0.639474 -0.544875 0.542388 0.726323 -0.56954 0.384811 0.640933 -0.673256 0.368689 0.639474 -0.544875 0.542388 -0.816275 -0.408365 0.408575 -0.776452 -0.489452 0.396937 -0.776435 -0.396732 0.489645 0.816275 -0.408365 0.408575 0.776452 -0.489452 0.396937 0.776435 -0.396732 0.489645 -0.872055 -0.230043 0.431973 0.872055 -0.230043 0.431973 -0.891413 -0.0325574 0.452021 0.891413 -0.0325575 0.452021 -0.864849 0.182428 0.467713 0.864849 0.182428 0.467713 -0.780601 0.410464 0.471362 -0.693827 0.552905 0.461411 -0.722055 0.418954 0.550559 0.780601 0.410464 0.471362 0.693827 0.552905 0.461411 0.722055 0.418954 0.550559 -0.625797 0.635847 0.451749 -0.509317 0.746733 0.42777 -0.542771 0.640982 0.542717 0.625797 0.635847 0.451749 0.509317 0.746733 0.42777 0.542771 0.640982 0.542717 -0.389994 0.830236 0.398262 -0.36295 0.846056 0.390458 -0.370531 0.830411 0.416082 -0.253763 0.897041 0.36183 -0.279589 0.829446 0.483579 -0.165688 0.9264 0.338128 -0.093258 0.942227 0.321731 -0.030076 0.949135 0.313431 0.030076 0.949135 0.313431 0.093258 0.942227 0.321731 0.165688 0.9264 0.338128 0.253763 0.897041 0.36183 0.279589 0.829446 0.483579 0.389994 0.830236 0.398262 0.36295 0.846056 0.390458 0.370531 0.830411 0.416082 -0.268861 -0.824662 0.497641 -0.166589 -0.853252 0.494176 -0.166676 -0.818842 0.549288 -0.0554052 -0.868868 0.491934 -0.0554056 -0.814508 0.5775 0.0554052 -0.868868 0.491934 0.0554056 -0.814508 0.5775 0.268861 -0.824662 0.497641 0.166589 -0.853252 0.494176 0.166676 -0.818842 0.549288 -0.499695 -0.691627 0.521496 -0.39575 -0.76279 0.511404 -0.395562 -0.677615 0.619975 -0.278716 -0.821008 0.49826 0.278716 -0.821008 0.49826 0.499695 -0.691627 0.521496 0.39575 -0.76279 0.511404 0.395562 -0.677615 0.619975 -0.637814 -0.544466 0.544748 -0.514368 -0.67899 0.52383 -0.51434 -0.523548 0.679229 0.637814 -0.544466 0.544748 0.514368 -0.67899 0.52383 0.51434 -0.523548 0.679229 -0.726243 -0.384597 0.569787 -0.639473 -0.542106 0.545156 -0.640884 -0.368487 0.673413 0.726243 -0.384597 0.569787 0.639473 -0.542106 0.545156 0.640884 -0.368487 0.673413 -0.780994 -0.2058 0.589656 -0.773181 -0.241543 0.586386 -0.771626 -0.203974 0.602485 0.780994 -0.2058 0.589656 0.773181 -0.241543 0.586386 0.771626 -0.203974 0.602485 -0.794276 -0.0109015 0.60746 -0.766126 -0.00606638 0.642661 0.794276 -0.0109015 0.60746 0.766126 -0.00606638 0.642661 -0.763247 0.201229 0.613971 -0.74326 0.266319 0.613709 -0.749311 0.203209 0.630269 0.763247 0.201229 0.613971 0.74326 0.266319 0.613709 0.749311 0.203209 0.630269 -0.673379 0.423975 0.605645 -0.553076 0.600599 0.577397 -0.589604 0.430572 0.683356 0.673379 0.423975 0.605645 0.553076 0.600599 0.577397 0.589604 0.430572 0.683356 -0.51538 0.641982 0.567664 -0.403858 0.741855 0.535303 -0.431407 0.644634 0.631138 -0.281712 0.82248 0.49413 0.281712 0.82248 0.49413 0.51538 0.641982 0.567664 0.403858 0.741855 0.535303 0.431407 0.644634 0.631138 -0.268098 0.829327 0.490245 -0.18686 0.864176 0.467209 -0.196809 0.829423 0.522804 -0.106415 0.887366 0.448617 -0.116703 0.828627 0.547501 -0.0345137 0.897814 0.43902 -0.0386235 0.827819 0.559664 0.0345137 0.897814 0.43902 0.0386235 0.827819 0.559664 0.106415 0.887366 0.448617 0.116703 0.828627 0.547501 0.268098 0.829327 0.490245 0.18686 0.864176 0.467209 0.196809 0.829423 0.522804 -0.326527 -0.668171 0.668527 -0.279459 -0.693032 0.664537 -0.279454 -0.664177 0.693379 -0.166868 -0.733957 0.658379 -0.166863 -0.658005 0.734293 -0.0554271 -0.754107 0.654409 -0.0554302 -0.654031 0.754434 0.0554271 -0.754107 0.654409 0.0554302 -0.654031 0.754434 0.166868 -0.733957 0.658379 0.166863 -0.658005 0.734293 0.326527 -0.668171 0.668527 0.279459 -0.693032 0.664537 0.279454 -0.664177 0.693379 -0.499579 -0.521198 0.691935 -0.395553 -0.619603 0.67796 -0.395708 -0.511109 0.763009 -0.278684 -0.497966 0.821197 0.278684 -0.497966 0.821197 0.499579 -0.521197 0.691935 0.395553 -0.619603 0.67796 0.395708 -0.511109 0.763009 -0.59809 -0.361187 0.715425 -0.514413 -0.502093 0.695185 -0.515084 -0.351466 0.781767 0.59809 -0.361187 0.715425 0.514413 -0.502093 0.695185 0.515084 -0.351466 0.781767 -0.653924 -0.184397 0.733745 -0.638985 -0.246149 0.728772 -0.636802 -0.182232 0.749182 -0.511234 -0.168214 0.842819 0.511234 -0.168214 0.842819 0.653924 -0.184397 0.733745 0.638985 -0.246149 0.728772 0.636802 -0.182232 0.749182 -0.664917 0.00831586 0.746871 -0.630711 0.0119437 0.775926 -0.504078 0.0242604 0.863318 0.504078 0.0242604 0.863318 0.664917 0.00831588 0.746871 0.630711 0.0119437 0.775926 -0.629955 0.216575 0.745823 -0.60959 0.276047 0.743101 -0.614923 0.217788 0.757917 -0.492722 0.226207 0.840271 0.492722 0.226207 0.840271 0.629955 0.216575 0.745823 0.60959 0.276047 0.743101 0.614923 0.217788 0.757917 -0.533656 0.433905 0.725905 -0.450597 0.55252 0.701202 -0.470434 0.436456 0.766941 -0.357788 0.439869 0.823713 0.357788 0.439869 0.823713 0.533656 0.433905 0.725905 0.450597 0.55252 0.701202 0.470434 0.436456 0.766941 -0.363097 0.645444 0.671983 -0.319908 0.682446 0.657211 -0.327771 0.645571 0.689786 -0.213687 0.750831 0.624972 -0.231171 0.646296 0.727229 -0.121817 0.790209 0.600608 -0.137026 0.646034 0.750909 -0.039512 0.808029 0.587817 -0.0453441 0.645657 0.76228 0.039512 0.808029 0.587817 0.0453441 0.645657 0.76228 0.121817 0.790209 0.600608 0.137026 0.646034 0.750909 0.213687 0.750831 0.624972 0.231171 0.646296 0.727229 0.363097 0.645444 0.671983 0.319908 0.682446 0.657211 0.327771 0.645571 0.689786 -0.268468 -0.497323 0.824982 -0.166655 -0.548782 0.819185 -0.166558 -0.493863 0.853439 -0.0554018 -0.576988 0.814872 -0.0553905 -0.491618 0.869048 0.0554018 -0.576988 0.814872 0.0553905 -0.491618 0.869048 0.268468 -0.497323 0.824982 0.166655 -0.548782 0.819185 0.166558 -0.493863 0.853439 -0.410365 -0.338475 0.846779 -0.393961 -0.363354 0.844256 -0.393539 -0.337171 0.855244 -0.278713 -0.489714 0.826135 -0.279188 -0.331255 0.90129 -0.166282 -0.325747 0.93072 -0.0551701 -0.322496 0.944962 0.0551701 -0.322496 0.944962 0.166282 -0.325747 0.93072 0.278713 -0.489714 0.826135 0.279188 -0.331255 0.90129 0.410365 -0.338475 0.846779 0.393961 -0.363354 0.844256 0.393539 -0.337171 0.855244 -0.475901 -0.1645 0.863978 -0.392515 -0.15945 0.905819 -0.277251 -0.152635 0.948596 -0.164584 -0.14682 0.975375 0.164584 -0.14682 0.975375 0.277251 -0.152635 0.948596 0.475901 -0.1645 0.863978 0.392515 -0.15945 0.905819 -0.490645 0.0254296 0.870989 -0.387591 0.0304459 0.921328 -0.273273 0.0360754 0.96126 0.273273 0.0360754 0.96126 0.490645 0.0254296 0.870988 0.387591 0.0304459 0.921328 -0.446309 0.229156 0.865041 -0.36213 0.400957 0.841484 -0.377181 0.231452 0.896752 -0.266346 0.234867 0.934825 -0.158079 0.237462 0.958448 -0.0523497 0.238858 0.969642 0.0523497 0.238858 0.969642 0.158079 0.237462 0.958448 0.266346 0.234867 0.934825 0.44631 0.229156 0.865041 0.36213 0.400957 0.841484 0.377181 0.231452 0.896752 -0.33478 0.440645 0.832919 -0.244124 0.534436 0.809186 -0.252959 0.441655 0.860786 -0.140071 0.60622 0.782865 -0.150697 0.442689 0.883921 -0.0455163 0.639176 0.767712 -0.0500087 0.443164 0.895044 0.0455163 0.639176 0.767712 0.0500087 0.443164 0.895044 0.140071 0.60622 0.782865 0.150697 0.442689 0.883921 0.33478 0.440645 0.832919 0.244124 0.534436 0.809186 0.252959 0.441655 0.860786 -0.127938 -0.145968 0.980982 -0.0549149 -0.198405 0.978581 -0.0546985 -0.145131 0.987899 0.127938 -0.145968 0.980982 0.0549149 -0.198405 0.978581 0.0546985 -0.145131 0.987899 -0.174269 0.0400961 0.983881 -0.163726 -0.0347272 0.985894 -0.161783 0.0772664 0.983797 -0.162192 0.04026 0.985938 -0.0523637 0.23771 0.969924 -0.0539749 0.0410577 0.997698 0.0523637 0.23771 0.969924 0.0539749 0.0410577 0.997698 0.174269 0.0400961 0.983881 0.163726 -0.0347272 0.985894 0.161783 0.0772664 0.983797 0.162192 0.04026 0.985938"/>
    </IndexedTriangleSet>
   </Shape>
  </Transform>
  </Group>
  <Group>
  <Transform rotation="0 0 1 0" translation="0 0 0">
   <Shape>
    <Appearance USE='ap0'/>
    <IndexedTriangleSet USE='its0'/>
   </Shape>
  </Transform>
  </Group>
  <Group>
  <Transform rotation="0 0 1 0" translation="0 0 0">
   <Shape>
    <Appearance USE='ap1'/>
    <IndexedTriangleSet USE='its1'/>
   </Shape>
  </Transform>
  </Group>
  <Group>
  <Transform rotation="0 0 1 0" translation="0 0 0">
   <Shape>
    <Appearance DEF='ap2'>
     <Material ambientIntensity='1' diffuseColor='0.835294 0.368627 0' specularColor='0.85 0.85 0.85' shininess='0.234375' transparency='0'/>
    </Appearance>
    <IndexedTriangleSet DEF='its2' index="0 1 6 1 7 6 1 2 7 2 8 7 2 3 8 3 9 8 3 4 9 4 10 9 4 5 10 5 11 10 5 0 11 0 6 11 6 7 13 6 13 12 7 8 14 7 14 13 8 9 15 8 15 14 9 10 16 9 16 15 10 11 17 10 17 16 11 6 12 11 12 17 12 13 18 13 19 18 13 14 19 14 20 19 14 15 20 15 21 20 15 16 21 16 22 21 16 17 22 17 23 22 17 12 23 12 18 23 18 19 25 18 25 24 19 20 26 19 26 25 20 21 27 20 27 26 21 22 28 21 28 27 22 23 29 22 29 28 23 18 24 23 24 29 24 25 30 25 31 30 25 26 31 26 32 31 26 27 32 27 33 32 27 28 33 28 34 33 28 29 34 29 35 34 29 24 35 24 30 35 30 31 37 30 37 36 31 32 38 31 38 37 32 33 39 32 39 38 33 34 40 33 40 39 34 35 41 34 41 40 35 30 36 35 36 41 36 37 42 37 43 42 37 38 43 38 44 43 38 39 44 39 45 44 39 40 45 40 46 45 40 41 46 41 47 46 41 36 47 36 42 47 42 43 49 42 49 48 43 44 50 43 50 49 44 45 51 44 51 50 45 46 52 45 52 51 46 47 53 46 53 52 47 42 48 47 48 53 48 49 54 49 55 54 49 50 55 50 56 55 50 51 56 51 57 56 51 52 57 52 58 57 52 53 58 53 59 58 53 48 59 48 54 59 54 55 61 54 61 60 55 56 62 55 62 61 56 57 63 56 63 62 57 58 64 57 64 63 58 59 65 58 65 64 59 54 60 59 60 65 60 61 66 61 67 66 61 62 67 62 68 67 62 63 68 63 69 68 63 64 69 64 70 69 64 65 70 65 71 70 65 60 71 60 66 71 66 67 73 66 73 72 67 68 74 67 74 73 68 69 75 68 75 74 69 70 76 69 76 75 70 71 77 70 77 76 71 66 72 71 72 77 72 73 78 73 79 78 73 74 79 74 80 79 74 75 80 75 81 80 75 76 81 76 82 81 76 77 82 77 83 82 77 72 83 72 78 83 78 79 85 78 85 84 79 80 86 79 86 85 80 81 87 80 87 86 81 82 88 81 88 87 82 83 89 82 89 88 83 78 84 83 84 89 84 85 90 85 91 90 85 86 91 86 92 91 86 87 92 87 93 92 87 88 93 88 94 93 88 89 94 89 95 94 89 84 95 84 90 95 90 91 97 90 97 96 91 92 98 91 98 97 92 93 99 92 99 98 93 94 100 93 100 99 94 95 101 94 101 100 95 90 96 95 96 101 96 97 102 97 103 102 97 98 103 98 104 103 98 99 104 99 105 104 99 100 105 100 106 105 100 101 106 101 107 106 101 96 107 96 102 107 102 103 109 102 109 108 103 104 110 103 110 109 104 105 111 104 111 110 105 106 112 105 112 111 106 107 113 106 113 112 107 102 108 107 108 113 108 109 114 109 115 114 109 110 115 110 116 115 110 111 116 111 117 116 111 112 117 112 118 117 112 113 118 113 119 118 113 108 119 108 114 119 114 115 121 114 121 120 115 116 122 115 122 121 116 117 123 116 123 122 117 118 124 117 124 123 118 119 125 118 125 124 119 114 120 119 120 125 120 121 126 121 127 126 121 122 127 122 128 127 122 123 128 123 129 128 123 124 129 124 130 129 124 125 130 125 131 130 125 120 131 120 126 131 126 127 133 126 133 132 127 128 134 127 134 133 128 129 135 128 135 134 129 130 136 129 136 135 130 131 137 130 137 136 131 126 132 131 132 137 132 133 138 133 139 138 133 134 139 134 140 139 134 135 140 135 141 140 135 136 141 136 142 141 136 137 142 137 143 142 137 132 143 132 138 143 138 139 145 138 145 144 139 140 146 139 146 145 140 141 147 140 147 146 141 142 148 141 148 147 142 143 149 142 149 148 143 138 144 143 144 149 144 145 150 145 151 150 145 146 151 146 152 151 146 147 152 147 153 152 147 148 153 148 154 153 148 149 154 149 155 154 149 144 155 144 150 155 150 151 157 150 157 156 151 152 158 151 158 157 152 153 159 152 159 158 153 154 160 153 160 159 154 155 161 154 161 160 155 150 156 155 156 161 156 157 162 157 163 162 157 158 163 158 164 163 158 159 164 159 165 164 159 160 165 160 166 165 160 161 166 161 167 166 161 156 167 156 162 167 162 163 169 162 169 168 163 164 170 163 170 169 164 165 171 164 171 170 165 166 172 165 172 171 166 167 173 166 173 172 167 162 168 167 168 173 168 169 174 169 175 174 169 170 175 170 176 175 170 171 176 171 177 176 171 172 177 172 178 177 172 173 178 173 179 178 173 168 179 168 174 179 174 175 181 174 181 180 175 176 182 175 182 181 176 177 183 176 183 182 177 178 184 177 184 183 178 179 185 178 185 184 179 174 180 179 180 185 180 181 186 181 187 186 181 182 187 182 188 187 182 183 188 183 189 188 183 184 189 184 190 189 184 185 190 185 191 190 185 180 191 180 186 191 186 187 193 186 193 192 187 188 194 187 194 193 188 189 195 188 195 194 189 190 196 189 196 195 190 191 197 190 197 196 191 186 192 191 192 197 192 193 198 193 199 198 193 194 199 194 200 199 194 195 200 195 201 200 195 196 201 196 202 201 196 197 202 197 203 202 197 192 203 192 198 203 198 199 205 198 205 204 199 200 206 199 206 205 200 201 207 200 207 206 201 202 208 201 208 207 202 203 209 202 209 208 203 198 204 203 204 209 204 205 210 205 211 210 205 206 211 206 212 211 206 207 212 207 213 212 207 208 213 208 214 213 208 209 214 209 215 214 209 204 215 204 210 215 210 211 217 210 217 216 211 212 218 211 218 217 212 213 219 212 219 218 213 214 220 213 220 219 214 215 221 214 221 220 215 210 216 215 216 221 216 217 222 217 223 222 217 218 223 218 224 223 218 219 224 219 225 224 219 220 225 220 226 225 220 221 226 221 227 226 221 216 227 216 222 227 222 223 229 222 229 228 223 224 230 223 230 229 224 225 231 224 231 230 225 226 232 225 232 231 226 227 233 226 233 232 227 222 228 227 228 233 228 229 234 229 235 234 229 230 235 230 236 235 230 231 236 231 237 236 231 232 237 232 238 237 232 233 238 233 239 238 233 228 239 228 234 239 234 235 241 234 241 240 235 236 242 235 242 241 236 237 243 236 243 242 237 238 244 237 244 243 238 239 245 238 245 244 239 234 240 239 240 245 240 241 246 241 247 246 241 242 247 242 248 247 242 243 248 243 249 248 243 244 249 244 250 249 244 245 250 245 251 250 245 240 251 240 246 251 246 247 253 246 253 252 247 248 254 247 254 253 248 249 255 248 255 254 249 250 256 249 256 255 250 251 257 250 257 256 251 246 252 251 252 257 252 253 258 253 259 258 253 254 259 254 260 259 254 255 260 255 261 260 255 256 261 256 262 261 256 257 262 257 263 262 257 252 263 252 258 263 258 259 265 258 265 264 259 260 266 259 266 265 260 261 267 260 267 266 261 262 268 261 268 267 262 263 269 262 269 268 263 258 264 263 264 269 264 265 270 265 271 270 265 266 271 266 272 271 266 267 272 267 273 272 267 268 273 268 274 273 268 269 274 269 275 274 269 264 275 264 270 275 270 271 277 270 277 276 271 272 278 271 278 277 272 273 279 272 279 278 273 274 280 273 280 279 274 275 281 274 281 280 275 270 276 275 276 281 276 277 282 277 283 282 277 278 283 278 284 283 278 279 284 279 285 284 279 280 285 280 286 285 280 281 286 281 287 286 281 276 287 276 282 287 282 283 289 282 289 288 283 284 290 283 290 289 284 285 291 284 291 290 285 286 292 285 292 291 286 287 293 286 293 292 287 282 288 287 288 293 288 289 294 289 295 294 289 290 295 290 296 295 290 291 296 291 297 296 291 292 297 292 298 297 292 293 298 293 299 298 293 288 299 288 294 299 294 295 301 294 301 300 295 296 302 295 302 301 296 297 303 296 303 302 297 298 304 297 304 303 298 299 305 298 305 304 299 294 300 299 300 305 300 301 306 301 307 306 301 302 307 302 308 307 302 303 308 303 309 308 303 304 309 304 310 309 304 305 310 305 311 310 305 300 311 300 306 311 306 307 313 306 313 312 307 308 314 307 314 313 308 309 315 308 315 314 309 310 316 309 316 315 310 311 317 310 317 316 311 306 312 311 312 317 312 313 318 313 319 318 313 314 319 314 320 319 314 315 320 315 321 320 315 316 321 316 322 321 316 317 322 317 323 322 317 312 323 312 318 323 318 319 325 318 325 324 319 320 326 319 326 325 320 321 327 320 327 326 321 322 328 321 328 327 322 323 329 322 329 328 323 318 324 323 324 329 324 325 330 325 331 330 325 326 331 326 332 331 326 327 332 327 333 332 327 328 333 328 334 333 328 329 334 329 335 334 329 324 335 324 330 335 330 331 337 330 337 336 331 332 338 331 338 337 332 333 339 332 339 338 333 334 340 333 340 339 334 335 341 334 341 340 335 330 336 335 336 341 336 337 342 337 343 342 337 338 343 338 344 343 338 339 344 339 345 344 339 340 345 340 346 345 340 341 346 341 347 346 341 336 347 336 342 347 342 343 349 342 349 348 343 344 350 343 350 349 344 345 351 344 351 350 345 346 352 345 352 351 346 347 353 346 353 352 347 342 348 347 348 353 348 349 354 349 355 354 349 350 355 350 356 355 350 351 356 351 357 356 351 352 357 352 358 357 352 353 358 353 359 358 353 348 359 348 354 359 354 355 361 354 361 360 355 356 362 355 362 361 356 357 363 356 363 362 357 358 364 357 364 363 358 359 365 358 365 364 359 354 360 359 360 365 360 361 366 361 367 366 361 362 367 362 368 367 362 363 368 363 369 368 363 364 369 364 370 369 364 365 370 365 371 370 365 360 371 360 366 371 366 367 373 366 373 372 367 368 374 367 374 373 368 369 375 368 375 374 369 370 376 369 376 375 370 371 377 370 377 376 371 366 372 371 372 377 372 373 378 373 379 378 373 374 379 374 380 379 374 375 380 375 381 380 375 376 381 376 382 381 376 377 382 377 383 382 377 372 383 372 378 383 378 379 385 378 385 384 379 380 386 379 386 385 380 381 387 380 387 386 381 382 388 381 388 387 382 383 389 382 389 388 383 378 384 383 384 389 384 385 390 385 391 390 385 386 391 386 392 391 386 387 392 387 393 392 387 388 393 388 394 393 388 389 394 389 395 394 389 384 395 384 390 395 390 391 397 390 397 396 391 392 398 391 398 397 392 393 399 392 399 398 393 394 400 393 400 399 394 395 401 394 401 400 395 390 396 395 396 401 396 397 402 397 403 402 397 398 403 398 404 403 398 399 404 399 405 404 399 400 405 400 406 405 400 401 406 401 407 406 401 396 407 396 402 407 402 403 409 402 409 408 403 404 410 403 410 409 404 405 411 404 411 410 405 406 412 405 412 411 406 407 413 406 413 412 407 402 408 407 408 413 408 409 414 409 415 414 409 410 415 410 416 415 410 411 416 411 417 416 411 412 417 412 418 417 412 413 418 413 419 418 413 408 419 408 414 419 414 415 421 414 421 420 415 416 422 415 422 421 416 417 423 416 423 422 417 418 424 417 424 423 418 419 425 418 425 424 419 414 420 419 420 425 420 421 426 421 427 426 421 422 427 422 428 427 422 423 428 423 429 428 423 424 429 424 430 429 424 425 430 425 431 430 425 420 431 420 426 431 426 427 433 426 433 432 427 428 434 427 434 433 428 429 435 428 435 434 429 430 436 429 436 435 430 431 437 430 437 436 431 426 432 431 432 437 432 433 438 433 439 438 433 434 439 434 440 439 434 435 440 435 441 440 435 436 441 436 442 441 436 437 442 437 443 442 437 432 443 432 438 443 438 439 445 438 445 444 439 440 446 439 446 445 440 441 447 440 447 446 441 442 448 441 448 447 442 443 449 442 449 448 443 438 444 443 444 449 444 445 450 445 451 450 445 446 451 446 452 451 446 447 452 447 453 452 447 448 453 448 454 453 448 449 454 449 455 454 449 444 455 444 450 455 450 451 457 450 457 456 451 452 458 451 458 457 452 453 459 452 459 458 453 454 460 453 460 459 454 455 461 454 461 460 455 450 456 455 456 461 456 457 462 457 463 462 457 458 463 458 464 463 458 459 464 459 465 464 459 460 465 460 466 465 460 461 466 461 467 466 461 456 467 456 462 467 462 463 469 462 469 468 463 464 470 463 470 469 464 465 471 464 471 470 465 466 472 465 472 471 466 467 473 466 473 472 467 462 468 467 468 473 468 469 474 469 475 474 469 470 475 470 476 475 470 471 476 471 477 476 471 472 477 472 478 477 472 473 478 473 479 478 473 468 479 468 474 479 474 475 481 474 481 480 475 476 482 475 482 481 476 477 483 476 483 482 477 478 484 477 484 483 478 479 485 478 485 484 479 474 480 479 480 485 480 481 486 481 487 486 481 482 487 482 488 487 482 483 488 483 489 488 483 484 489 484 490 489 484 485 490 485 491 490 485 480 491 480 486 491 486 487 493 486 493 492 487 488 494 487 494 493 488 489 495 488 495 494 489 490 496 489 496 495 490 491 497 490 497 496 491 486 492 491 492 497 492 493 498 493 499 498 493 494 499 494 500 499 494 495 500 495 501 500 495 496 501 496 502 501 496 497 502 497 503 502 497 492 503 492 498 503 498 499 505 498 505 504 499 500 506 499 506 505 500 501 507 500 507 506 501 502 508 501 508 507 502 503 509 502 509 508 503 498 504 503 504 509 504 505 510 505 511 510 505 506 511 506 512 511 506 507 512 507 513 512 507 508 513 508 514 513 508 509 514 509 515 514 509 504 515 504 510 515 510 511 517 510 517 516 511 512 518 511 518 517 512 513 519 512 519 518 513 514 520 513 520 519 514 515 521 514 521 520 515 510 516 515 516 521 516 517 522 517 523 522 517 518 523 518 524 523 518 519 524 519 525 524 519 520 525 520 526 525 520 521 526 521 527 526 521 516 527 516 522 527 522 523 529 522 529 528 523 524 530 523 530 529 524 525 531 524 531 530 525 526 532 525 532 531 526 527 533 526 533 532 527 522 528 527 528 533 528 529 534 529 535 534 529 530 535 530 536 535 530 531 536 531 537 536 531 532 537 532 538 537 532 533 538 533 539 538 533 528 539 528 534 539 534 535 541 534 541 540 535 536 542 535 542 541 536 537 543 536 543 542 537 538 544 537 544 543 538 539 545 538 545 544 539 534 540 539 540 545 540 541 546 541 547 546 541 542 547 542 548 547 542 543 548 543 549 548 543 544 549 544 550 549 544 545 550 545 551 550 545 540 551 540 546 551 546 547 553 546 553 552 547 548 554 547 554 553 548 549 555 548 555 554 549 550 556 549 556 555 550 551 557 550 557 556 551 546 552 551 552 557 552 553 558 553 559 558 553 554 559 554 560 559 554 555 560 555 561 560 555 556 561 556 562 561 556 557 562 557 563 562 557 552 563 552 558 563 558 559 565 558 565 564 559 560 566 559 566 565 560 561 567 560 567 566 561 562 568 561 568 567 562 563 569 562 569 568 563 558 564 563 564 569 564 565 570 565 571 570 565 566 571 566 572 571 566 567 572 567 573 572 567 568 573 568 574 573 568 569 574 569 575 574 569 564 575 564 570 575 570 571 577 570 577 576 571 572 578 571 578 577 572 573 579 572 579 578 573 574 580 573 580 579 574 575 581 574 581 580 575 570 576 575 576 581 576 577 582 577 583 582 577 578 583 578 584 583 578 579 584 579 585 584 579 580 585 580 586 585 580 581 586 581 587 586 581 576 587 576 582 587 582 583 589 582 589 588 583 584 590 583 590 589 584 585 591 584 591 590 585 586 592 585 592 591 586 587 593 586 593 592 587 582 588 587 588 593 588 589 594 589 595 594 589 590 595 590 596 595 590 591 596 591 597 596 591 592 597 592 598 597 592 593 598 593 599 598 593 588 599 588 594 599 594 595 601 594 601 600 595 596 602 595 602 601 596 597 603 596 603 602 597 598 604 597 604 603 598 599 605 598 605 604 599 594 600 599 600 605 600 601 606 601 607 606 601 602 607 602 608 607 602 603 608 603 609 608 603 604 609 604 610 609 604 605 610 605 611 610 605 600 611 600 606 611 606 607 613 606 613 612 607 608 614 607 614 613 608 609 615 608 615 614 609 610 616 609 616 615 610 611 617 610 617 616 611 606 612 611 612 617 612 613 618 613 619 618 613 614 619 614 620 619 614 615 620 615 621 620 615 616 621 616 622 621 616 617 622 617 623 622 617 612 623 612 618 623 618 619 625 618 625 624 619 620 626 619 626 625 620 621 627 620 627 626 621 622 628 621 628 627 622 623 629 622 629 628 623 618 624 623 624 629 624 625 630 625 631 630 625 626 631 626 632 631 626 627 632 627 633 632 627 628 633 628 634 633 628 629 634 629 635 634 629 624 635 624 630 635 630 631 637 630 637 636 631 632 638 631 638 637 632 633 639 632 639 638 633 634 640 633 640 639 634 635 641 634 641 640 635 630 636 635 636 641 636 637 642 637 643 642 637 638 643 638 644 643 638 639 644 639 645 644 639 640 645 640 646 645 640 641 646 641 647 646 641 636 647 636 642 647 642 643 649 642 649 648 643 644 650 643 650 649 644 645 651 644 651 650 645 646 652 645 652 651 646 647 653 646 653 652 647 642 648 647 648 653 648 649 654 649 655 654 649 650 655 650 656 655 650 651 656 651 657 656 651 652 657 652 658 657 652 653 658 653 659 658 653 648 659 648 654 659 654 655 661 654 661 660 655 656 662 655 662 661 656 657 663 656 663 662 657 658 664 657 664 663 658 659 665 658 665 664 659 654 660 659 660 665 660 661 666 661 667 666 661 662 667 662 668 667 662 663 668 663 669 668 663 664 669 664 670 669 664 665 670 665 671 670 665 660 671 660 666 671 666 667 673 666 673 672 667 668 674 667 674 673 668 669 675 668 675 674 669 670 676 669 676 675 670 671 677 670 677 676 671 666 672 671 672 677 672 673 678 673 679 678 673 674 679 674 680 679 674 675 680 675 681 680 675 676 681 676 682 681 676 677 682 677 683 682 677 672 683 672 678 683 678 679 685 678 685 684 679 680 686 679 686 685 680 681 687 680 687 686 681 682 688 681 688 687 682 683 689 682 689 688 683 678 684 683 684 689 684 685 690 685 691 690 685 686 691 686 692 691 686 687 692 687 693 692 687 688 693 688 694 693 688 689 694 689 695 694 689 684 695 684 690 695 690 691 697 690 697 696 691 692 698 691 698 697 692 693 699 692 699 698 693 694 700 693 700 699 694 695 701 694 701 700 695 690 696 695 696 701 696 697 702 697 703 702 697 698 703 698 704 703 698 699 704 699 705 704 699 700 705 700 706 705 700 701 706 701 707 706 701 696 707 696 702 707 702 703 709 702 709 708 703 704 710 703 710 709 704 705 711 704 711 710 705 706 712 705 712 711 706 707 713 706 713 712 707 702 708 707 708 713 708 709 714 709 715 714 709 710 715 710 716 715 710 711 716 711 717 716 711 712 717 712 718 717 712 713 718 713 719 718 713 708 719 708 714 719 714 715 721 714 721 720 715 716 722 715 722 721 716 717 723 716 723 722 717 718 724 717 724 723 718 719 725 718 725 724 719 714 720 719 720 725 720 721 726 721 727 726 721 722 727 722 728 727 722 723 728 723 729 728 723 724 729 724 730 729 724 725 730 725 731 730 725 720 731 720 726 731 726 727 733 726 733 732 727 728 734 727 734 733 728 729 735 728 735 734 729 730 736 729 736 735 730 731 737 730 737 736 731 726 732 731 732 737 732 733 738 733 739 738 733 734 739 734 740 739 734 735 740 735 741 740 735 736 741 736 742 741 736 737 742 737 743 742 737 732 743 732 738 743 738 739 745 738 745 744 739 740 746 739 746 745 740 741 747 740 747 746 741 742 748 741 748 747 742 743 749 742 749 748 743 738 744 743 744 749 744 745 750 745 751 750 745 746 751 746 752 751 746 747 752 747 753 752 747 748 753 748 754 753 748 749 754 749 755 754 749 744 755 744 750 755 750 751 757 750 757 756 751 752 758 751 758 757 752 753 759 752 759 758 753 754 760 753 760 759 754 755 761 754 761 760 755 750 756 755 756 761 756 757 762 757 763 762 757 758 763 758 764 763 758 759 764 759 765 764 759 760 765 760 766 765 760 761 766 761 767 766 761 756 767 756 762 767 762 763 769 762 769 768 763 764 770 763 770 769 764 765 771 764 771 770 765 766 772 765 772 771 766 767 773 766 773 772 767 762 768 767 768 773 768 769 774 769 775 774 769 770 775 770 776 775 770 771 776 771 777 776 771 772 777 772 778 777 772 773 778 773 779 778 773 768 779 768 774 779 774 775 781 774 781 780 775 776 782 775 782 781 776 777 783 776 783 782 777 778 784 777 784 783 778 779 785 778 785 784 779 774 780 779 780 785 780 781 786 781 787 786 781 782 787 782 788 787 782 783 788 783 789 788 783 784 789 784 790 789 784 785 790 785 791 790 785 780 791 780 786 791 786 787 793 786 793 792 787 788 794 787 794 793 788 789 795 788 795 794 789 790 796 789 796 795 790 791 797 790 797 796 791 786 792 791 792 797 792 793 798 793 799 798 793 794 799 794 800 799 794 795 800 795 801 800 795 796 801 796 802 801 796 797 802 797 803 802 797 792 803 792 798 803 798 799 805 798 805 804 799 800 806 799 806 805 800 801 807 800 807 806 801 802 808 801 808 807 802 803 809 802 809 808 803 798 804 803 804 809 804 805 810 805 811 810 805 806 811 806 812 811 806 807 812 807 813 812 807 808 813 808 814 813 808 809 814 809 815 814 809 804 815 804 810 815 810 811 817 810 817 816 811 812 818 811 818 817 812 813 819 812 819 818 813 814 820 813 820 819 814 815 821 814 821 820 815 810 816 815 816 821 816 817 822 817 823 822 817 818 823 818 824 823 818 819 824 819 825 824 819 820 825 820 826 825 820 821 826 821 827 826 821 816 827 816 822 827 822 823 829 822 829 828 823 824 830 823 830 829 824 825 831 824 831 830 825 826 832 825 832 831 826 827 833 826 833 832 827 822 828 827 828 833 828 829 834 829 835 834 829 830 835 830 836 835 830 831 836 831 837 836 831 832 837 832 838 837 832 833 838 833 839 838 833 828 839 828 834 839 834 835 841 834 841 840 835 836 842 835 842 841 836 837 843 836 843 842 837 838 844 837 844 843 838 839 845 838 845 844 839 834 840 839 840 845 840 841 846 841 847 846 841 842 847 842 848 847 842 843 848 843 849 848 843 844 849 844 850 849 844 845 850 845 851 850 845 840 851 840 846 851 846 847 853 846 853 852 847 848 854 847 854 853 848 849 855 848 855 854 849 850 856 849 856 855 850 851 857 850 857 856 851 846 852 851 852 857 852 853 858 853 859 858 853 854 859 854 860 859 854 855 860 855 861 860 855 856 861 856 862 861 856 857 862 857 863 862 857 852 863 852 858 863 858 859 865 858 865 864 859 860 866 859 866 865 860 861 867 860 867 866 861 862 868 861 868 867 862 863 869 862 869 868 863 858 864 863 864 869 864 865 870 865 871 870 865 866 871 866 872 871 866 867 872 867 873 872 867 868 873 868 874 873 868 869 874 869 875 874 869 864 875 864 870 875 870 871 877 870 877 876 871 872 878 871 878 877 872 873 879 872 879 878 873 874 880 873 880 879 874 875 881 874 881 880 875 870 876 875 876 881 876 877 882 877 883 882 877 878 883 878 884 883 878 879 884 879 885 884 879 880 885 880 886 885 880 881 886 881 887 886 881 876 887 876 882 887 882 883 889 882 889 888 883 884 890 883 890 889 884 885 891 884 891 890 885 886 892 885 892 891 886 887 893 886 893 892 887 882 888 887 888 893 888 889 894 889 895 894 889 890 895 890 896 895 890 891 896 891 897 896 891 892 897 892 898 897 892 893 898 893 899 898 893 888 899 888 894 899 894 895 901 894 901 900 895 896 902 895 902 901 896 897 903 896 903 902 897 898 904 897 904 903 898 899 905 898 905 904 899 894 900 899 900 905 900 901 906 901 907 906 901 902 907 902 908 907 902 903 908 903 909 908 903 904 909 904 910 909 904 905 910 905 911 910 905 900 911 900 906 911 906 907 913 906 913 912 907 908 914 907 914 913 908 909 915 908 915 914 909 910 916 909 916 915 910 911 917 910 917 916 911 906 912 911 912 917 912 913 918 913 919 918 913 914 919 914 920 919 914 915 920 915 921 920 915 916 921 916 922 921 916 917 922 917 923 922 917 912 923 912 918 923 918 919 925 918 925 924 919 920 926 919 926 925 920 921 927 920 927 926 921 922 928 921 928 927 922 923 929 922 929 928 923 918 924 923 924 929 924 925 930 925 931 930 925 926 931 926 932 931 926 927 932 927 933 932 927 928 933 928 934 933 928 929 934 929 935 934 929 924 935 924 930 935 930 931 937 930 937 936 931 932 938 931 938 937 932 933 939 932 939 938 933 934 940 933 940 939 934 935 941 934 941 940 935 930 936 935 936 941 936 937 942 937 943 942 937 938 943 938 944 943 938 939 944 939 945 944 939 940 945 940 946 945 940 941 946 941 947 946 941 936 947 936 942 947 942 943 949 942 949 948 943 944 950 943 950 949 944 945 951 944 951 950 945 946 952 945 952 951 946 947 953 946 953 952 947 942 948 947 948 953 948 949 954 949 955 954 949 950 955 950 956 955 950 951 956 951 957 956 951 952 957 952 958 957 952 953 958 953 959 958 953 948 959 948 954 959 954 955 961 954 961 960 955 956 962 955 962 961 956 957 963 956 963 962 957 958 964 957 964 963 958 959 965 958 965 964 959 954 960 959 960 965 960 961 966 961 967 966 961 962 967 962 968 967 962 963 968 963 969 968 963 964 969 964 970 969 964 965 970 965 971 970 965 960 971 960 966 971 966 967 973 966 973 972 967 968 974 967 974 973 968 969 975 968 975 974 969 970 976 969 976 975 970 971 977 970 977 976 971 966 972 971 972 977 972 973 978 973 979 978 973 974 979 974 980 979 974 975 980 975 981 980 975 976 981 976 982 981 976 977 982 977 983 982 977 972 983 972 978 983 978 979 985 978 985 984 979 980 986 979 986 985 980 981 987 980 987 986 981 982 988 981 988 987 982 983 989 982 989 988 983 978 984 983 984 989 984 985 990 985 991 990 985 986 991 986 992 991 986 987 992 987 993 992 987 988 993 988 994 993 988 989 994 989 995 994 989 984 995 984 990 995 990 991 997 990 997 996 991 992 998 991 998 997 992 993 999 992 999 998 993 994 1000 993 1000 999 994 995 1001 994 1001 1000 995 990 996 995 996 1001 996 997 1002 997 1003 1002 997 998 1003 998 1004 1003 998 999 1004 999 1005 1004 999 1000 1005 1000 1006 1005 1000 1001 1006 1001 1007 1006 1001 996 1007 996 1002 1007 1002 1003 1009 1002 1009 1008 1003 1004 1010 1003 1010 1009 1004 1005 1011 1004 1011 1010 1005 1006 1012 1005 1012 1011 1006 1007 1013 1006 1013 1012 1007 1002 1008 1007 1008 1013 1008 1009 1014 1009 1015 1014 1009 1010 1015 1010 1016 1015 1010 1011 1016 1011 1017 1016 1011 1012 1017 1012 1018 1017 1012 1013 1018 1013 1019 1018 1013 1008 1019 1008 1014 1019 1014 1015 1021 1014 1021 1020 1015 1016 1022 1015 1022 1021 1016 1017 1023 1016 1023 1022 1017 1018 1024 1017 1024 1023 1018 1019 1025 1018 1025 1024 1019 1014 1020 1019 1020 1025 1020 1021 1026 1021 1027 1026 1021 1022 1027 1022 1028 1027 1022 1023 1028 1023 1029 1028 1023 1024 1029 1024 1030 1029 1024 1025 1030 1025 1031 1030 1025 1020 1031 1020 1026 1031 1026 1027 1033 1026 1033 1032 1027 1028 1034 1027 1034 1033 1028 1029 1035 1028 1035 1034 1029 1030 1036 1029 1036 1035 1030 1031 1037 1030 1037 1036 1031 1026 1032 1031 1032 1037 1032 1033 1038 1033 1039 1038 1033 1034 1039 1034 1040 1039 1034 1035 1040 1035 1041 1040 1035 1036 1041 1036 1042 1041 1036 1037 1042 1037 1043 1042 1037 1032 1043 1032 1038 1043 1038 1039 1045 1038 1045 1044 1039 1040 1046 1039 1046 1045 1040 1041 1047 1040 1047 1046 1041 1042 1048 1041 1048 1047 1042 1043 1049 1042 1049 1048 1043 1038 1044 1043 1044 1049 1044 1045 1050 1045 1051 1050 1045 1046 1051 1046 1052 1051 1046 1047 1052 1047 1053 1052 1047 1048 1053 1048 1054 1053 1048 1049 1054 1049 1055 1054 1049 1044 1055 1044 1050 1055 1050 1051 1057 1050 1057 1056 1051 1052 1058 1051 1058 1057 1052 1053 1059 1052 1059 1058 1053 1054 1060 1053 1060 1059 1054 1055 1061 1054 1061 1060 1055 1050 1056 1055 1056 1061 1056 1057 1062 1057 1063 1062 1057 1058 1063 1058 1064 1063 1058 1059 1064 1059 1065 1064 1059 1060 1065 1060 1066 1065 1060 1061 1066 1061 1067 1066 1061 1056 1067 1056 1062 1067 1062 1063 1069 1062 1069 1068 1063 1064 1070 1063 1070 1069 1064 1065 1071 1064 1071 1070 1065 1066 1072 1065 1072 1071 1066 1067 1073 1066 1073 1072 1067 1062 1068 1067 1068 1073 1068 1069 1074 1069 1075 1074 1069 1070 1075 1070 1076 1075 1070 1071 1076 1071 1077 1076 1071 1072 1077 1072 1078 1077 1072 1073 1078 1073 1079 1078 1073 1068 1079 1068 1074 1079 1074 1075 1081 1074 1081 1080 1075 1076 1082 1075 1082 1081 1076 1077 1083 1076 1083 1082 1077 1078 1084 1077 1084 1083 1078 1079 1085 1078 1085 1084 1079 1074 1080 1079 1080 1085 1080 1081 1086 1081 1087 1086 1081 1082 1087 1082 1088 1087 1082 1083 1088 1083 1089 1088 1083 1084 1089 1084 1090 1089 1084 1085 1090 1085 1091 1090 1085 1080 1091 1080 1086 1091 1086 1087 1093 1086 1093 1092 1087 1088 1094 1087 1094 1093 1088 1089 1095 1088 1095 1094 1089 1090 1096 1089 1096 1095 1090 1091 1097 1090 1097 1096 1091 1086 1092 1091 1092 1097 1092 1093 1098 1093 1099 1098 1093 1094 1099 1094 1100 1099 1094 1095 1100 1095 1101 1100 1095 1096 1101 1096 1102 1101 1096 1097 1102 1097 1103 1102 1097 1092 1103 1092 1098 1103 1098 1099 1105 1098 1105 1104 1099 1100 1106 1099 1106 1105 1100 1101 1107 1100 1107 1106 1101 1102 1108 1101 1108 1107 1102 1103 1109 1102 1109 1108 1103 1098 1104 1103 1104 1109 1104 1105 1110 1105 1111 1110 1105 1106 1111 1106 1112 1111 1106 1107 1112 1107 1113 1112 1107 1108 1113 1108 1114 1113 1108 1109 1114 1109 1115 1114 1109 1104 1115 1104 1110 1115 1110 1111 1117 1110 1117 1116 1111 1112 1118 1111 1118 1117 1112 1113 1119 1112 1119 1118 1113 1114 1120 1113 1120 1119 1114 1115 1121 1114 1121 1120 1115 1110 1116 1115 1116 1121 1116 1117 1122 1117 1123 1122 1117 1118 1123 1118 1124 1123 1118 1119 1124 1119 1125 1124 1119 1120 1125 1120 1126 1125 1120 1121 1126 1121 1127 1126 1121 1116 1127 1116 1122 1127 1122 1123 1129 1122 1129 1128 1123 1124 1130 1123 1130 1129 1124 1125 1131 1124 1131 1130 1125 1126 1132 1125 1132 1131 1126 1127 1133 1126 1133 1132 1127 1122 1128 1127 1128 1133 1128 1129 1134 1129 1135 1134 1129 1130 1135 1130 1136 1135 1130 1131 1136 1131 1137 1136 1131 1132 1137 1132 1138 1137 1132 1133 1138 1133 1139 1138 1133 1128 1139 1128 1134 1139 1134 1135 1141 1134 1141 1140 1135 1136 1142 1135 1142 1141 1136 1137 1143 1136 1143 1142 1137 1138 1144 1137 1144 1143 1138 1139 1145 1138 1145 1144 1139 1134 1140 1139 1140 1145 1140 1141 1146 1141 1147 1146 1141 1142 1147 1142 1148 1147 1142 1143 1148 1143 1149 1148 1143 1144 1149 1144 1150 1149 1144 1145 1150 1145 1151 1150 1145 1140 1151 1140 1146 1151 1146 1147 1153 1146 1153 1152 1147 1148 1154 1147 1154 1153 1148 1149 1155 1148 1155 1154 1149 1150 1156 1149 1156 1155 1150 1151 1157 1150 1157 1156 1151 1146 1152 1151 1152 1157 1152 1153 1158 1153 1159 1158 1153 1154 1159 1154 1160 1159 1154 1155 1160 1155 1161 1160 1155 1156 1161 1156 1162 1161 1156 1157 1162 1157 1163 1162 1157 1152 1163 1152 1158 1163 1158 1159 1165 1158 1165 1164 1159 1160 1166 1159 1166 1165 1160 1161 1167 1160 1167 1166 1161 1162 1168 1161 1168 1167 1162 1163 1169 1162 1169 1168 1163 1158 1164 1163 1164 1169 1164 1165 1170 1165 1171 1170 1165 1166 1171 1166 1172 1171 1166 1167 1172 1167 1173 1172 1167 1168 1173 1168 1174 1173 1168 1169 1174 1169 1175 1174 1169 1164 1175 1164 1170 1175 1170 1171 1177 1170 1177 1176 1171 1172 1178 1171 1178 1177 1172 1173 1179 1172 1179 1178 1173 1174 1180 1173 1180 1179 1174 1175 1181 1174 1181 1180 1175 1170 1176 1175 1176 1181 1176 1177 1182 1177 1183 1182 1177 1178 1183 1178 1184 1183 1178 1179 1184 1179 1185 1184 1179 1180 1185 1180 1186 1185 1180 1181 1186 1181 1187 1186 1181 1176 1187 1176 1182 1187 1182 1183 1189 1182 1189 1188 1183 1184 1190 1183 1190 1189 1184 1185 1191 1184 1191 1190 1185 1186 1192 1185 1192 1191 1186 1187 1193 1186 1193 1192 1187 1182 1188 1187 1188 1193 1188 1189 1194 1189 1195 1194 1189 1190 1195 1190 1196 1195 1190 1191 1196 1191 1197 1196 1191 1192 1197 1192 1198 1197 1192 1193 1198 1193 1199 1198 1193 1188 1199 1188 1194 1199 1194 1195 1201 1194 1201 1200 1195 1196 1202 1195 1202 1201 1196 1197 1203 1196 1203 1202 1197 1198 1204 1197 1204 1203 1198 1199 1205 1198 1205 1204 1199 1194 1200 1199 1200 1205 1200 1201 1206 1201 1207 1206 1201 1202 1207 1202 1208 1207 1202 1203 1208 1203 1209 1208 1203 1204 1209 1204 1210 1209 1204 1205 1210 1205 1211 1210 1205 1200 1211 1200 1206 1211 1206 1207 1213 1206 1213 1212 1207 1208 1214 1207 1214 1213 1208 1209 1215 1208 1215 1214 1209 1210 1216 1209 1216 1215 1210 1211 1217 1210 1217 1216 1211 1206 1212 1211 1212 1217 1212 1213 1218 1213 1219 1218 1213 1214 1219 1214 1220 1219 1214 1215 1220 1215 1221 1220 1215 1216 1221 1216 1222 1221 1216 1217 1222 1217 1223 1222 1217 1212 1223 1212 1218 1223 1218 1219 1225 1218 1225 1224 1219 1220 1226 1219 1226 1225 1220 1221 1227 1220 1227 1226 1221 1222 1228 1221 1228 1227 1222 1223 1229 1222 1229 1228 1223 1218 1224 1223 1224 1229 1224 1225 1230 1225 1231 1230 1225 1226 1231 1226 1232 1231 1226 1227 1232 1227 1233 1232 1227 1228 1233 1228 1234 1233 1228 1229 1234 1229 1235 1234 1229 1224 1235 1224 1230 1235 1230 1231 1237 1230 1237 1236 1231 1232 1238 1231 1238 1237 1232 1233 1239 1232 1239 1238 1233 1234 1240 1233 1240 1239 1234 1235 1241 1234 1241 1240 1235 1230 1236 1235 1236 1241 1236 1237 1242 1237 1243 1242 1237 1238 1243 1238 1244 1243 1238 1239 1244 1239 1245 1244 1239 1240 1245 1240 1246 1245 1240 1241 1246 1241 1247 1246 1241 1236 1247 1236 1242 1247 1242 1243 1249 1242 1249 1248 1243 1244 1250 1243 1250 1249 1244 1245 1251 1244 1251 1250 1245 1246 1252 1245 1252 1251 1246 1247 1253 1246 1253 1252 1247 1242 1248 1247 1248 1253 1248 1249 1254 1249 1255 1254 1249 1250 1255 1250 1256 1255 1250 1251 1256 1251 1257 1256 1251 1252 1257 1252 1258 1257 1252 1253 1258 1253 1259 1258 1253 1248 1259 1248 1254 1259 1254 1255 1261 1254 1261 1260 1255 1256 1262 1255 1262 1261 1256 1257 1263 1256 1263 1262 1257 1258 1264 1257 1264 1263 1258 1259 1265 1258 1265 1264 1259 1254 1260 1259 1260 1265 1260 1261 1266 1261 1267 1266 1261 1262 1267 1262 1268 1267 1262 1263 1268 1263 1269 1268 1263 1264 1269 1264 1270 1269 1264 1265 1270 1265 1271 1270 1265 1260 1271 1260 1266 1271 1266 1267 1273 1266 1273 1272 1267 1268 1274 1267 1274 1273 1268 1269 1275 1268 1275 1274 1269 1270 1276 1269 1276 1275 1270 1271 1277 1270 1277 1276 1271 1266 1272 1271 1272 1277 1272 1273 1278 1273 1279 1278 1273 1274 1279 1274 1280 1279 1274 1275 1280 1275 1281 1280 1275 1276 1281 1276 1282 1281 1276 1277 1282 1277 1283 1282 1277 1272 1283 1272 1278 1283 1278 1279 1285 1278 1285 1284 1279 1280 1286 1279 1286 1285 1280 1281 1287 1280 1287 1286 1281 1282 1288 1281 1288 1287 1282 1283 1289 1282 1289 1288 1283 1278 1284 1283 1284 1289 1284 1285 1290 1285 1291 1290 1285 1286 1291 1286 1292 1291 1286 1287 1292 1287 1293 1292 1287 1288 1293 1288 1294 1293 1288 1289 1294 1289 1295 1294 1289 1284 1295 1284 1290 1295 1290 1291 1297 1290 1297 1296 1291 1292 1298 1291 1298 1297 1292 1293 1299 1292 1299 1298 1293 1294 1300 1293 1300 1299 1294 1295 1301 1294 1301 1300 1295 1290 1296 1295 1296 1301 1296 1297 1302 1297 1303 1302 1297 1298 1303 1298 1304 1303 1298 1299 1304 1299 1305 1304 1299 1300 1305 1300 1306 1305 1300 1301 1306 1301 1307 1306 1301 1296 1307 1296 1302 1307 1302 1303 1309 1302 1309 1308 1303 1304 1310 1303 1310 1309 1304 1305 1311 1304 1311 1310 1305 1306 1312 1305 1312 1311 1306 1307 1313 1306 1313 1312 1307 1302 1308 1307 1308 1313 1308 1309 1314 1309 1315 1314 1309 1310 1315 1310 1316 1315 1310 1311 1316 1311 1317 1316 1311 1312 1317 1312 1318 1317 1312 1313 1318 1313 1319 1318 1313 1308 1319 1308 1314 1319 1314 1315 1321 1314 1321 1320 1315 1316 1322 1315 1322 1321 1316 1317 1323 1316 1323 1322 1317 1318 1324 1317 1324 1323 1318 1319 1325 1318 1325 1324 1319 1314 1320 1319 1320 1325 1326 1328 1327 1326 1329 1328 1326 1330 1329 1326 1331 1330 1326 1332 1331 1326 1327 1332 1333 1334 1335 1333 1335 1336 1333 1336 1337 1333 1337 1338 1333 1338 1339 1333 1339 1334" solid="false" colorPerVertex="false">
     <Coordinate point="-1 0 -0.01 -1 0.00866025 -0.005 -1 0.00866025 0.005 -1 1.22465e-18 0.01 -1 -0.00866025 0.005 -1 -0.00866025 -0.005 -0.990909 0.005 -0.00866025 -0.990909 0.01 -6.12323e-19 -0.990909 0.005 0.00866025 -0.990909 -0.005 0.00866025 -0.990909 -0.01 1.83697e-18 -0.990909 -0.005 -0.00866025 -0.981818 0 -0.01 -0.981818 0.00866025 -0.005 -0.981818 0.00866025 0.005 -0.981818 1.22465e-18 0.01 -0.981818 -0.00866025 0.005 -0.981818 -0.00866025 -0.005 -0.972727 0.005 -0.00866025 -0.972727 0.01 -6.12323e-19 -0.972727 0.005 0.00866025 -0.972727 -0.005 0.00866025 -0.972727 -0.01 1.83697e-18 -0.972727 -0.005 -0.00866025 -0.963636 0 -0.01 -0.963636 0.00866025 -0.005 -0.963636 0.00866025 0.005 -0.963636 1.22465e-18 0.01 -0.963636 -0.00866025 0.005 -0.963636 -0.00866025 -0.005 -0.954545 0.005 -0.00866025 -0.954545 0.01 -6.12323e-19 -0.954545 0.005 0.00866025 -0.954545 -0.005 0.00866025 -0.954545 -0.01 1.83697e-18 -0.954545 -0.005 -0.00866025 -0.945455 0 -0.01 -0.945455 0.00866025 -0.005 -0.945455 0.00866025 0.005 -0.945455 1.22465e-18 0.01 -0.945455 -0.00866025 0.005 -0.945455 -0.00866025 -0.005 -0.936364 0.005 -0.00866025 -0.936364 0.01 -6.12323e-19 -0.936364 0.005 0.00866025 -0.936364 -0.005 0.00866025 -0.936364 -0.01 1.83697e-18 -0.936364 -0.005 -0.00866025 -0.927273 0 -0.01 -0.927273 0.00866025 -0.005 -0.927273 0.00866025 0.005 -0.927273 1.22465e-18 0.01 -0.927273 -0.00866025 0.005 -0.927273 -0.00866025 -0.005 -0.918182 0.005 -0.00866025 -0.918182 0.01 -6.12323e-19 -0.918182 0.005 0.00866025 -0.918182 -0.005 0.00866025 -0.918182 -0.01 1.83697e-18 -0.918182 -0.005 -0.00866025 -0.909091 0 -0.01 -0.909091 0.00866025 -0.005 -0.909091 0.00866025 0.005 -0.909091 1.22465e-18 0.01 -0.909091 -0.00866025 0.005 -0.909091 -0.00866025 -0.005 -0.9 0.005 -0.00866025 -0.9 0.01 -6.12323e-19 -0.9 0.005 0.00866025 -0.9 -0.005 0.00866025 -0.9 -0.01 1.83697e-18 -0.9 -0.005 -0.00866025 -0.890909 0 -0.01 -0.890909 0.00866025 -0.005 -0.890909 0.00866025 0.005 -0.890909 1.22465e-18 0.01 -0.890909 -0.00866025 0.005 -0.890909 -0.00866025 -0.005 -0.881818 0.005 -0.00866025 -0.881818 0.01 -6.12323e-19 -0.881818 0.005 0.00866025 -0.881818 -0.005 0.00866025 -0.881818 -0.01 1.83697e-18 -0.881818 -0.005 -0.00866025 -0.872727 0 -0.01 -0.872727 0.00866025 -0.005 -0.872727 0.00866025 0.005 -0.872727 1.22465e-18 0.01 -0.872727 -0.00866025 0.005 -0.872727 -0.00866025 -0.005 -0.863636 0.005 -0.00866025 -0.863636 0.01 -6.12323e-19 -0.863636 0.005 0.00866025 -0.863636 -0.005 0.00866025 -0.863636 -0.01 1.83697e-18 -0.863636 -0.005 -0.00866025 -0.854545 0 -0.01 -0.854545 0.00866025 -0.005 -0.854545 0.00866025 0.005 -0.854545 1.22465e-18 0.01 -0.854545 -0.00866025 0.005 -0.854545 -0.00866025 -0.005 -0.845455 0.005 -0.00866025 -0.845455 0.01 -6.12323e-19 -0.845455 0.005 0.00866025 -0.845455 -0.005 0.00866025 -0.845455 -0.01 1.83697e-18 -0.845455 -0.005 -0.00866025 -0.836364 0 -0.01 -0.836364 0.00866025 -0.005 -0.836364 0.00866025 0.005 -0.836364 1.22465e-18 0.01 -0.836364 -0.00866025 0.005 -0.836364 -0.00866025 -0.005 -0.827273 0.005 -0.00866025 -0.827273 0.01 -6.12323e-19 -0.827273 0.005 0.00866025 -0.827273 -0.005 0.00866025 -0.827273 -0.01 1.83697e-18 -0.827273 -0.005 -0.00866025 -0.818182 0 -0.01 -0.818182 0.00866025 -0.005 -0.818182 0.00866025 0.005 -0.818182 1.22465e-18 0.01 -0.818182 -0.00866025 0.005 -0.818182 -0.00866025 -0.005 -0.809091 0.005 -0.00866025 -0.809091 0.01 -6.12323e-19 -0.809091 0.005 0.00866025 -0.809091 -0.005 0.00866025 -0.809091 -0.01 1.83697e-18 -0.809091 -0.005 -0.00866025 -0.8 0 -0.01 -0.8 0.00866025 -0.005 -0.8 0.00866025 0.005 -0.8 1.22465e-18 0.01 -0.8 -0.00866025 0.005 -0.8 -0.00866025 -0.005 -0.790909 0.005 -0.00866025 -0.790909 0.01 -6.12323e-19 -0.790909 0.005 0.00866025 -0.790909 -0.005 0.00866025 -0.790909 -0.01 1.83697e-18 -0.790909 -0.005 -0.00866025 -0.781818 0 -0.01 -0.781818 0.00866025 -0.005 -0.781818 0.00866025 0.005 -0.781818 1.22465e-18 0.01 -0.781818 -0.00866025 0.005 -0.781818 -0.00866025 -0.005 -0.772727 0.005 -0.00866025 -0.772727 0.01 -6.12323e-19 -0.772727 0.005 0.00866025 -0.772727 -0.005 0.00866025 -0.772727 -0.01 1.83697e-18 -0.772727 -0.005 -0.00866025 -0.763636 0 -0.01 -0.763636 0.00866025 -0.005 -0.763636 0.00866025 0.005 -0.763636 1.22465e-18 0.01 -0.763636 -0.00866025 0.005 -0.763636 -0.00866025 -0.005 -0.754545 0.005 -0.00866025 -0.754545 0.01 -6.12323e-19 -0.754545 0.005 0.00866025 -0.754545 -0.005 0.00866025 -0.754545 -0.01 1.83697e-18 -0.754545 -0.005 -0.00866025 -0.745455 0 -0.01 -0.745455 0.00866025 -0.005 -0.745455 0.00866025 0.005 -0.745455 1.22465e-18 0.01 -0.745455 -0.00866025 0.005 -0.745455 -0.00866025 -0.005 -0.736364 0.005 -0.00866025 -0.736364 0.01 -6.12323e-19 -0.736364 0.005 0.00866025 -0.736364 -0.005 0.00866025 -0.736364 -0.01 1.83697e-18 -0.736364 -0.005 -0.00866025 -0.727273 0 -0.01 -0.727273 0.00866025 -0.005 -0.727273 0.00866025 0.005 -0.727273 1.22465e-18 0.01 -0.727273 -0.00866025 0.005 -0.727273 -0.00866025 -0.005 -0.718182 0.005 -0.00866025 -0.718182 0.01 -6.12323e-19 -0.718182 0.005 0.00866025 -0.718182 -0.005 0.00866025 -0.718182 -0.01 1.83697e-18 -0.718182 -0.005 -0.00866025 -0.709091 0 -0.01 -0.709091 0.00866025 -0.005 -0.709091 0.00866025 0.005 -0.709091 1.22465e-18 0.01 -0.709091 -0.00866025 0.005 -0.709091 -0.00866025 -0.005 -0.7 0.005 -0.00866025 -0.7 0.01 -6.12323e-19 -0.7 0.005 0.00866025 -0.7 -0.005 0.00866025 -0.7 -0.01 1.83697e-18 -0.7 -0.005 -0.00866025 -0.690909 0 -0.01 -0.690909 0.00866025 -0.005 -0.690909 0.00866025 0.005 -0.690909 1.22465e-18 0.01 -0.690909 -0.00866025 0.005 -0.690909 -0.00866025 -0.005 -0.681818 0.005 -0.00866025 -0.681818 0.01 -6.12323e-19 -0.681818 0.005 0.00866025 -0.681818 -0.005 0.00866025 -0.681818 -0.01 1.83697e-18 -0.681818 -0.005 -0.00866025 -0.672727 0 -0.01 -0.672727 0.00866025 -0.005 -0.672727 0.00866025 0.005 -0.672727 1.22465e-18 0.01 -0.672727 -0.00866025 0.005 -0.672727 -0.00866025 -0.005 -0.663636 0.005 -0.00866025 -0.663636 0.01 -6.12323e-19 -0.663636 0.005 0.00866025 -0.663636 -0.005 0.00866025 -0.663636 -0.01 1.83697e-18 -0.663636 -0.005 -0.00866025 -0.654545 0 -0.01 -0.654545 0.00866025 -0.005 -0.654545 0.00866025 0.005 -0.654545 1.22465e-18 0.01 -0.654545 -0.00866025 0.005 -0.654545 -0.00866025 -0.005 -0.645455 0.005 -0.00866025 -0.645455 0.01 -6.12323e-19 -0.645455 0.005 0.00866025 -0.645455 -0.005 0.00866025 -0.645455 -0.01 1.83697e-18 -0.645455 -0.005 -0.00866025 -0.636364 0 -0.01 -0.636364 0.00866025 -0.005 -0.636364 0.00866025 0.005 -0.636364 1.22465e-18 0.01 -0.636364 -0.00866025 0.005 -0.636364 -0.00866025 -0.005 -0.627273 0.005 -0.00866025 -0.627273 0.01 -6.12323e-19 -0.627273 0.005 0.00866025 -0.627273 -0.005 0.00866025 -0.627273 -0.01 1.83697e-18 -0.627273 -0.005 -0.00866025 -0.618182 0 -0.01 -0.618182 0.00866025 -0.005 -0.618182 0.00866025 0.005 -0.618182 1.22465e-18 0.01 -0.618182 -0.00866025 0.005 -0.618182 -0.00866025 -0.005 -0.609091 0.005 -0.00866025 -0.609091 0.01 -6.12323e-19 -0.609091 0.005 0.00866025 -0.609091 -0.005 0.00866025 -0.609091 -0.01 1.83697e-18 -0.609091 -0.005 -0.00866025 -0.6 0 -0.01 -0.6 0.00866025 -0.005 -0.6 0.00866025 0.005 -0.6 1.22465e-18 0.01 -0.6 -0.00866025 0.005 -0.6 -0.00866025 -0.005 -0.590909 0.005 -0.00866025 -0.590909 0.01 -6.12323e-19 -0.590909 0.005 0.00866025 -0.590909 -0.005 0.00866025 -0.590909 -0.01 1.83697e-18 -0.590909 -0.005 -0.00866025 -0.581818 0 -0.01 -0.581818 0.00866025 -0.005 -0.581818 0.00866025 0.005 -0.581818 1.22465e-18 0.01 -0.581818 -0.00866025 0.005 -0.581818 -0.00866025 -0.005 -0.572727 0.005 -0.00866025 -0.572727 0.01 -6.12323e-19 -0.572727 0.005 0.00866025 -0.572727 -0.005 0.00866025 -0.572727 -0.01 1.83697e-18 -0.572727 -0.005 -0.00866025 -0.563636 0 -0.01 -0.563636 0.00866025 -0.005 -0.563636 0.00866025 0.005 -0.563636 1.22465e-18 0.01 -0.563636 -0.00866025 0.005 -0.563636 -0.00866025 -0.005 -0.554545 0.005 -0.00866025 -0.554545 0.01 -6.12323e-19 -0.554545 0.005 0.00866025 -0.554545 -0.005 0.00866025 -0.554545 -0.01 1.83697e-18 -0.554545 -0.005 -0.00866025 -0.545455 0 -0.01 -0.545455 0.00866025 -0.005 -0.545455 0.00866025 0.005 -0.545455 1.22465e-18 0.01 -0.545455 -0.00866025 0.005 -0.545455 -0.00866025 -0.005 -0.536364 0.005 -0.00866025 -0.536364 0.01 -6.12323e-19 -0.536364 0.005 0.00866025 -0.536364 -0.005 0.00866025 -0.536364 -0.01 1.83697e-18 -0.536364 -0.005 -0.00866025 -0.527273 0 -0.01 -0.527273 0.00866025 -0.005 -0.527273 0.00866025 0.005 -0.527273 1.22465e-18 0.01 -0.527273 -0.00866025 0.005 -0.527273 -0.00866025 -0.005 -0.518182 0.005 -0.00866025 -0.518182 0.01 -6.12323e-19 -0.518182 0.005 0.00866025 -0.518182 -0.005 0.00866025 -0.518182 -0.01 1.83697e-18 -0.518182 -0.005 -0.00866025 -0.509091 0 -0.01 -0.509091 0.00866025 -0.005 -0.509091 0.00866025 0.005 -0.509091 1.22465e-18 0.01 -0.509091 -0.00866025 0.005 -0.509091 -0.00866025 -0.005 -0.5 0.005 -0.00866025 -0.5 0.01 -6.12323e-19 -0.5 0.005 0.00866025 -0.5 -0.005 0.00866025 -0.5 -0.01 1.83697e-18 -0.5 -0.005 -0.00866025 -0.490909 0 -0.01 -0.490909 0.00866025 -0.005 -0.490909 0.00866025 0.005 -0.490909 1.22465e-18 0.01 -0.490909 -0.00866025 0.005 -0.490909 -0.00866025 -0.005 -0.481818 0.005 -0.00866025 -0.481818 0.01 -6.12323e-19 -0.481818 0.005 0.00866025 -0.481818 -0.005 0.00866025 -0.481818 -0.01 1.83697e-18 -0.481818 -0.005 -0.00866025 -0.472727 0 -0.01 -0.472727 0.00866025 -0.005 -0.472727 0.00866025 0.005 -0.472727 1.22465e-18 0.01 -0.472727 -0.00866025 0.005 -0.472727 -0.00866025 -0.005 -0.463636 0.005 -0.00866025 -0.463636 0.01 -6.12323e-19 -0.463636 0.005 0.00866025 -0.463636 -0.005 0.00866025 -0.463636 -0.01 1.83697e-18 -0.463636 -0.005 -0.00866025 -0.454545 0 -0.01 -0.454545 0.00866025 -0.005 -0.454545 0.00866025 0.005 -0.454545 1.22465e-18 0.01 -0.454545 -0.00866025 0.005 -0.454545 -0.00866025 -0.005 -0.445455 0.005 -0.00866025 -0.445455 0.01 -6.12323e-19 -0.445455 0.005 0.00866025 -0.445455 -0.005 0.00866025 -0.445455 -0.01 1.83697e-18 -0.445455 -0.005 -0.00866025 -0.436364 0 -0.01 -0.436364 0.00866025 -0.005 -0.436364 0.00866025 0.005 -0.436364 1.22465e-18 0.01 -0.436364 -0.00866025 0.005 -0.436364 -0.00866025 -0.005 -0.427273 0.005 -0.00866025 -0.427273 0.01 -6.12323e-19 -0.427273 0.005 0.00866025 -0.427273 -0.005 0.00866025 -0.427273 -0.01 1.83697e-18 -0.427273 -0.005 -0.00866025 -0.418182 0 -0.01 -0.418182 0.00866025 -0.005 -0.418182 0.00866025 0.005 -0.418182 1.22465e-18 0.01 -0.418182 -0.00866025 0.005 -0.418182 -0.00866025 -0.005 -0.409091 0.005 -0.00866025 -0.409091 0.01 -6.12323e-19 -0.409091 0.005 0.00866025 -0.409091 -0.005 0.00866025 -0.409091 -0.01 1.83697e-18 -0.409091 -0.005 -0.00866025 -0.4 0 -0.01 -0.4 0.00866025 -0.005 -0.4 0.00866025 0.005 -0.4 1.22465e-18 0.01 -0.4 -0.00866025 0.005 -0.4 -0.00866025 -0.005 -0.390909 0.005 -0.00866025 -0.390909 0.01 -6.12323e-19 -0.390909 0.005 0.00866025 -0.390909 -0.005 0.00866025 -0.390909 -0.01 1.83697e-18 -0.390909 -0.005 -0.00866025 -0.381818 0 -0.01 -0.381818 0.00866025 -0.005 -0.381818 0.00866025 0.005 -0.381818 1.22465e-18 0.01 -0.381818 -0.00866025 0.005 -0.381818 -0.00866025 -0.005 -0.372727 0.005 -0.00866025 -0.372727 0.01 -6.12323e-19 -0.372727 0.005 0.00866025 -0.372727 -0.005 0.00866025 -0.372727 -0.01 1.83697e-18 -0.372727 -0.005 -0.00866025 -0.363636 0 -0.01 -0.363636 0.00866025 -0.005 -0.363636 0.00866025 0.005 -0.363636 1.22465e-18 0.01 -0.363636 -0.00866025 0.005 -0.363636 -0.00866025 -0.005 -0.354545 0.005 -0.00866025 -0.354545 0.01 -6.12323e-19 -0.354545 0.005 0.00866025 -0.354545 -0.005 0.00866025 -0.354545 -0.01 1.83697e-18 -0.354545 -0.005 -0.00866025 -0.345455 0 -0.01 -0.345455 0.00866025 -0.005 -0.345455 0.00866025 0.005 -0.345455 1.22465e-18 0.01 -0.345455 -0.00866025 0.005 -0.345455 -0.00866025 -0.005 -0.336364 0.005 -0.00866025 -0.336364 0.01 -6.12323e-19 -0.336364 0.005 0.00866025 -0.336364 -0.005 0.00866025 -0.336364 -0.01 1.83697e-18 -0.336364 -0.005 -0.00866025 -0.327273 0 -0.01 -0.327273 0.00866025 -0.005 -0.327273 0.00866025 0.005 -0.327273 1.22465e-18 0.01 -0.327273 -0.00866025 0.005 -0.327273 -0.00866025 -0.005 -0.318182 0.005 -0.00866025 -0.318182 0.01 -6.12323e-19 -0.318182 0.005 0.00866025 -0.318182 -0.005 0.00866025 -0.318182 -0.01 1.83697e-18 -0.318182 -0.005 -0.00866025 -0.309091 0 -0.01 -0.309091 0.00866025 -0.005 -0.309091 0.00866025 0.005 -0.309091 1.22465e-18 0.01 -0.309091 -0.00866025 0.005 -0.309091 -0.00866025 -0.005 -0.3 0.005 -0.00866025 -0.3 0.01 -6.12323e-19 -0.3 0.005 0.00866025 -0.3 -0.005 0.00866025 -0.3 -0.01 1.83697e-18 -0.3 -0.005 -0.00866025 -0.290909 0 -0.01 -0.290909 0.00866025 -0.005 -0.290909 0.00866025 0.005 -0.290909 1.22465e-18 0.01 -0.290909 -0.00866025 0.005 -0.290909 -0.00866025 -0.005 -0.281818 0.005 -0.00866025 -0.281818 0.01 -6.12323e-19 -0.281818 0.005 0.00866025 -0.281818 -0.005 0.00866025 -0.281818 -0.01 1.83697e-18 -0.281818 -0.005 -0.00866025 -0.272727 0 -0.01 -0.272727 0.00866025 -0.005 -0.272727 0.00866025 0.005 -0.272727 1.22465e-18 0.01 -0.272727 -0.00866025 0.005 -0.272727 -0.00866025 -0.005 -0.263636 0.005 -0.00866025 -0.263636 0.01 -6.12323e-19 -0.263636 0.005 0.00866025 -0.263636 -0.005 0.00866025 -0.263636 -0.01 1.83697e-18 -0.263636 -0.005 -0.00866025 -0.254545 0 -0.01 -0.254545 0.00866025 -0.005 -0.254545 0.00866025 0.005 -0.254545 1.22465e-18 0.01 -0.254545 -0.00866025 0.005 -0.254545 -0.00866025 -0.005 -0.245455 0.005 -0.00866025 -0.245455 0.01 -6.12323e-19 -0.245455 0.005 0.00866025 -0.245455 -0.005 0.00866025 -0.245455 -0.01 1.83697e-18 -0.245455 -0.005 -0.00866025 -0.236364 0 -0.01 -0.236364 0.00866025 -0.005 -0.236364 0.00866025 0.005 -0.236364 1.22465e-18 0.01 -0.236364 -0.00866025 0.005 -0.236364 -0.00866025 -0.005 -0.227273 0.005 -0.00866025 -0.227273 0.01 -6.12323e-19 -0.227273 0.005 0.00866025 -0.227273 -0.005 0.00866025 -0.227273 -0.01 1.83697e-18 -0.227273 -0.005 -0.00866025 -0.218182 0 -0.01 -0.218182 0.00866025 -0.005 -0.218182 0.00866025 0.005 -0.218182 1.22465e-18 0.01 -0.218182 -0.00866025 0.005 -0.218182 -0.00866025 -0.005 -0.209091 0.005 -0.00866025 -0.209091 0.01 -6.12323e-19 -0.209091 0.005 0.00866025 -0.209091 -0.005 0.00866025 -0.209091 -0.01 1.83697e-18 -0.209091 -0.005 -0.00866025 -0.2 0 -0.01 -0.2 0.00866025 -0.005 -0.2 0.00866025 0.005 -0.2 1.22465e-18 0.01 -0.2 -0.00866025 0.005 -0.2 -0.00866025 -0.005 -0.190909 0.005 -0.00866025 -0.190909 0.01 -6.12323e-19 -0.190909 0.005 0.00866025 -0.190909 -0.005 0.00866025 -0.190909 -0.01 1.83697e-18 -0.190909 -0.005 -0.00866025 -0.181818 0 -0.01 -0.181818 0.00866025 -0.005 -0.181818 0.00866025 0.005 -0.181818 1.22465e-18 0.01 -0.181818 -0.00866025 0.005 -0.181818 -0.00866025 -0.005 -0.172727 0.005 -0.00866025 -0.172727 0.01 -6.12323e-19 -0.172727 0.005 0.00866025 -0.172727 -0.005 0.00866025 -0.172727 -0.01 1.83697e-18 -0.172727 -0.005 -0.00866025 -0.163636 0 -0.01 -0.163636 0.00866025 -0.005 -0.163636 0.00866025 0.005 -0.163636 1.22465e-18 0.01 -0.163636 -0.00866025 0.005 -0.163636 -0.00866025 -0.005 -0.154545 0.005 -0.00866025 -0.154545 0.01 -6.12323e-19 -0.154545 0.005 0.00866025 -0.154545 -0.005 0.00866025 -0.154545 -0.01 1.83697e-18 -0.154545 -0.005 -0.00866025 -0.145455 0 -0.01 -0.145455 0.00866025 -0.005 -0.145455 0.00866025 0.005 -0.145455 1.22465e-18 0.01 -0.145455 -0.00866025 0.005 -0.145455 -0.00866025 -0.005 -0.136364 0.005 -0.00866025 -0.136364 0.01 -6.12323e-19 -0.136364 0.005 0.00866025 -0.136364 -0.005 0.00866025 -0.136364 -0.01 1.83697e-18 -0.136364 -0.005 -0.00866025 -0.127273 0 -0.01 -0.127273 0.00866025 -0.005 -0.127273 0.00866025 0.005 -0.127273 1.22465e-18 0.01 -0.127273 -0.00866025 0.005 -0.127273 -0.00866025 -0.005 -0.118182 0.005 -0.00866025 -0.118182 0.01 -6.12323e-19 -0.118182 0.005 0.00866025 -0.118182 -0.005 0.00866025 -0.118182 -0.01 1.83697e-18 -0.118182 -0.005 -0.00866025 -0.109091 0 -0.01 -0.109091 0.00866025 -0.005 -0.109091 0.00866025 0.005 -0.109091 1.22465e-18 0.01 -0.109091 -0.00866025 0.005 -0.109091 -0.00866025 -0.005 -0.1 0.005 -0.00866025 -0.1 0.01 -6.12323e-19 -0.1 0.005 0.00866025 -0.1 -0.005 0.00866025 -0.1 -0.01 1.83697e-18 -0.1 -0.005 -0.00866025 -0.0909091 0 -0.01 -0.0909091 0.00866025 -0.005 -0.0909091 0.00866025 0.005 -0.0909091 1.22465e-18 0.01 -0.0909091 -0.00866025 0.005 -0.0909091 -0.00866025 -0.005 -0.0818182 0.005 -0.00866025 -0.0818182 0.01 -6.12323e-19 -0.0818182 0.005 0.00866025 -0.0818182 -0.005 0.00866025 -0.0818182 -0.01 1.83697e-18 -0.0818182 -0.005 -0.00866025 -0.0727273 0 -0.01 -0.0727273 0.00866025 -0.005 -0.0727273 0.00866025 0.005 -0.0727273 1.22465e-18 0.01 -0.0727273 -0.00866025 0.005 -0.0727273 -0.00866025 -0.005 -0.0636364 0.005 -0.00866025 -0.0636364 0.01 -6.12323e-19 -0.0636364 0.005 0.00866025 -0.0636364 -0.005 0.00866025 -0.0636364 -0.01 1.83697e-18 -0.0636364 -0.005 -0.00866025 -0.0545455 0 -0.01 -0.0545455 0.00866025 -0.005 -0.0545455 0.00866025 0.005 -0.0545455 1.22465e-18 0.01 -0.0545455 -0.00866025 0.005 -0.0545455 -0.00866025 -0.005 -0.0454545 0.005 -0.00866025 -0.0454545 0.01 -6.12323e-19 -0.0454545 0.005 0.00866025 -0.0454545 -0.005 0.00866025 -0.0454545 -0.01 1.83697e-18 -0.0454545 -0.005 -0.00866025 -0.0363636 0 -0.01 -0.0363636 0.00866025 -0.005 -0.0363636 0.00866025 0.005 -0.0363636 1.22465e-18 0.01 -0.0363636 -0.00866025 0.005 -0.0363636 -0.00866025 -0.005 -0.0272727 0.005 -0.00866025 -0.0272727 0.01 -6.12323e-19 -0.0272727 0.005 0.00866025 -0.0272727 -0.005 0.00866025 -0.0272727 -0.01 1.83697e-18 -0.0272727 -0.005 -0.00866025 -0.0181818 0 -0.01 -0.0181818 0.00866025 -0.005 -0.0181818 0.00866025 0.005 -0.0181818 1.22465e-18 0.01 -0.0181818 -0.00866025 0.005 -0.0181818 -0.00866025 -0.005 -0.00909091 0.005 -0.00866025 -0.00909091 0.01 -6.12323e-19 -0.00909091 0.005 0.00866025 -0.00909091 -0.005 0.00866025 -0.00909091 -0.01 1.83697e-18 -0.00909091 -0.005 -0.00866025 0 0 -0.01 0 0.00866025 -0.005 0 0.00866025 0.005 0 1.22465e-18 0.01 0 -0.00866025 0.005 0 -0.00866025 -0.005 0.00909091 0.005 -0.00866025 0.00909091 0.01 -6.12323e-19 0.00909091 0.005 0.00866025 0.00909091 -0.005 0.00866025 0.00909091 -0.01 1.83697e-18 0.00909091 -0.005 -0.00866025 0.0181818 0 -0.01 0.0181818 0.00866025 -0.005 0.0181818 0.00866025 0.005 0.0181818 1.22465e-18 0.01 0.0181818 -0.00866025 0.005 0.0181818 -0.00866025 -0.005 0.0272727 0.005 -0.00866025 0.0272727 0.01 -6.12323e-19 0.0272727 0.005 0.00866025 0.0272727 -0.005 0.00866025 0.0272727 -0.01 1.83697e-18 0.0272727 -0.005 -0.00866025 0.0363636 0 -0.01 0.0363636 0.00866025 -0.005 0.0363636 0.00866025 0.005 0.0363636 1.22465e-18 0.01 0.0363636 -0.00866025 0.005 0.0363636 -0.00866025 -0.005 0.0454545 0.005 -0.00866025 0.0454545 0.01 -6.12323e-19 0.0454545 0.005 0.00866025 0.0454545 -0.005 0.00866025 0.0454545 -0.01 1.83697e-18 0.0454545 -0.005 -0.00866025 0.0545455 0 -0.01 0.0545455 0.00866025 -0.005 0.0545455 0.00866025 0.005 0.0545455 1.22465e-18 0.01 0.0545455 -0.00866025 0.005 0.0545455 -0.00866025 -0.005 0.0636364 0.005 -0.00866025 0.0636364 0.01 -6.12323e-19 0.0636364 0.005 0.00866025 0.0636364 -0.005 0.00866025 0.0636364 -0.01 1.83697e-18 0.0636364 -0.005 -0.00866025 0.0727273 0 -0.01 0.0727273 0.00866025 -0.005 0.0727273 0.00866025 0.005 0.0727273 1.22465e-18 0.01 0.0727273 -0.00866025 0.005 0.0727273 -0.00866025 -0.005 0.0818182 0.005 -0.00866025 0.0818182 0.01 -6.12323e-19 0.0818182 0.005 0.00866025 0.0818182 -0.005 0.00866025 0.0818182 -0.01 1.83697e-18 0.0818182 -0.005 -0.00866025 0.0909091 0 -0.01 0.0909091 0.00866025 -0.005 0.0909091 0.00866025 0.005 0.0909091 1.22465e-18 0.01 0.0909091 -0.00866025 0.005 0.0909091 -0.00866025 -0.005 0.1 0.005 -0.00866025 0.1 0.01 -6.12323e-19 0.1 0.005 0.00866025 0.1 -0.005 0.00866025 0.1 -0.01 1.83697e-18 0.1 -0.005 -0.00866025 0.109091 0 -0.01 0.109091 0.00866025 -0.005 0.109091 0.00866025 0.005 0.109091 1.22465e-18 0.01 0.109091 -0.00866025 0.005 0.109091 -0.00866025 -0.005 0.118182 0.005 -0.00866025 0.118182 0.01 -6.12323e-19 0.118182 0.005 0.00866025 0.118182 -0.005 0.00866025 0.118182 -0.01 1.83697e-18 0.118182 -0.005 -0.00866025 0.127273 0 -0.01 0.127273 0.00866025 -0.005 0.127273 0.00866025 0.005 0.127273 1.22465e-18 0.01 0.127273 -0.00866025 0.005 0.127273 -0.00866025 -0.005 0.136364 0.005 -0.00866025 0.136364 0.01 -6.12323e-19 0.136364 0.005 0.00866025 0.136364 -0.005 0.00866025 0.136364 -0.01 1.83697e-18 0.136364 -0.005 -0.00866025 0.145455 0 -0.01 0.145455 0.00866025 -0.005 0.145455 0.00866025 0.005 0.145455 1.22465e-18 0.01 0.145455 -0.00866025 0.005 0.145455 -0.00866025 -0.005 0.154545 0.005 -0.00866025 0.154545 0.01 -6.12323e-19 0.154545 0.005 0.00866025 0.154545 -0.005 0.00866025 0.154545 -0.01 1.83697e-18 0.154545 -0.005 -0.00866025 0.163636 0 -0.01 0.163636 0.00866025 -0.005 0.163636 0.00866025 0.005 0.163636 1.22465e-18 0.01 0.163636 -0.00866025 0.005 0.163636 -0.00866025 -0.005 0.172727 0.005 -0.00866025 0.172727 0.01 -6.12323e-19 0.172727 0.005 0.00866025 0.172727 -0.005 0.00866025 0.172727 -0.01 1.83697e-18 0.172727 -0.005 -0.00866025 0.181818 0 -0.01 0.181818 0.00866025 -0.005 0.181818 0.00866025 0.005 0.181818 1.22465e-18 0.01 0.181818 -0.00866025 0.005 0.181818 -0.00866025 -0.005 0.190909 0.005 -0.00866025 0.190909 0.01 -6.12323e-19 0.190909 0.005 0.00866025 0.190909 -0.005 0.00866025 0.190909 -0.01 1.83697e-18 0.190909 -0.005 -0.00866025 0.2 0 -0.01 0.2 0.00866025 -0.005 0.2 0.00866025 0.005 0.2 1.22465e-18 0.01 0.2 -0.00866025 0.005 0.2 -0.00866025 -0.005 0.209091 0.005 -0.00866025 0.209091 0.01 -6.12323e-19 0.209091 0.005 0.00866025 0.209091 -0.005 0.00866025 0.209091 -0.01 1.83697e-18 0.209091 -0.005 -0.00866025 0.218182 0 -0.01 0.218182 0.00866025 -0.005 0.218182 0.00866025 0.005 0.218182 1.22465e-18 0.01 0.218182 -0.00866025 0.005 0.218182 -0.00866025 -0.005 0.227273 0.005 -0.00866025 0.227273 0.01 -6.12323e-19 0.227273 0.005 0.00866025 0.227273 -0.005 0.00866025 0.227273 -0.01 1.83697e-18 0.227273 -0.005 -0.00866025 0.236364 0 -0.01 0.236364 0.00866025 -0.005 0.236364 0.00866025 0.005 0.236364 1.22465e-18 0.01 0.236364 -0.00866025 0.005 0.236364 -0.00866025 -0.005 0.245455 0.005 -0.00866025 0.245455 0.01 -6.12323e-19 0.245455 0.005 0.00866025 0.245455 -0.005 0.00866025 0.245455 -0.01 1.83697e-18 0.245455 -0.005 -0.00866025 0.254545 0 -0.01 0.254545 0.00866025 -0.005 0.254545 0.00866025 0.005 0.254545 1.22465e-18 0.01 0.254545 -0.00866025 0.005 0.254545 -0.00866025 -0.005 0.263636 0.005 -0.00866025 0.263636 0.01 -6.12323e-19 0.263636 0.005 0.00866025 0.263636 -0.005 0.00866025 0.263636 -0.01 1.83697e-18 0.263636 -0.005 -0.00866025 0.272727 0 -0.01 0.272727 0.00866025 -0.005 0.272727 0.00866025 0.005 0.272727 1.22465e-18 0.01 0.272727 -0.00866025 0.005 0.272727 -0.00866025 -0.005 0.281818 0.005 -0.00866025 0.281818 0.01 -6.12323e-19 0.281818 0.005 0.00866025 0.281818 -0.005 0.00866025 0.281818 -0.01 1.83697e-18 0.281818 -0.005 -0.00866025 0.290909 0 -0.01 0.290909 0.00866025 -0.005 0.290909 0.00866025 0.005 0.290909 1.22465e-18 0.01 0.290909 -0.00866025 0.005 0.290909 -0.00866025 -0.005 0.3 0.005 -0.00866025 0.3 0.01 -6.12323e-19 0.3 0.005 0.00866025 0.3 -0.005 0.00866025 0.3 -0.01 1.83697e-18 0.3 -0.005 -0.00866025 0.309091 0 -0.01 0.309091 0.00866025 -0.005 0.309091 0.00866025 0.005 0.309091 1.22465e-18 0.01 0.309091 -0.00866025 0.005 0.309091 -0.00866025 -0.005 0.318182 0.005 -0.00866025 0.318182 0.01 -6.12323e-19 0.318182 0.005 0.00866025 0.318182 -0.005 0.00866025 0.318182 -0.01 1.83697e-18 0.318182 -0.005 -0.00866025 0.327273 0 -0.01 0.327273 0.00866025 -0.005 0.327273 0.00866025 0.005 0.327273 1.22465e-18 0.01 0.327273 -0.00866025 0.005 0.327273 -0.00866025 -0.005 0.336364 0.005 -0.00866025 0.336364 0.01 -6.12323e-19 0.336364 0.005 0.00866025 0.336364 -0.005 0.00866025 0.336364 -0.01 1.83697e-18 0.336364 -0.005 -0.00866025 0.345455 0 -0.01 0.345455 0.00866025 -0.005 0.345455 0.00866025 0.005 0.345455 1.22465e-18 0.01 0.345455 -0.00866025 0.005 0.345455 -0.00866025 -0.005 0.354545 0.005 -0.00866025 0.354545 0.01 -6.12323e-19 0.354545 0.005 0.00866025 0.354545 -0.005 0.00866025 0.354545 -0.01 1.83697e-18 0.354545 -0.005 -0.00866025 0.363636 0 -0.01 0.363636 0.00866025 -0.005 0.363636 0.00866025 0.005 0.363636 1.22465e-18 0.01 0.363636 -0.00866025 0.005 0.363636 -0.00866025 -0.005 0.372727 0.005 -0.00866025 0.372727 0.01 -6.12323e-19 0.372727 0.005 0.00866025 0.372727 -0.005 0.00866025 0.372727 -0.01 1.83697e-18 0.372727 -0.005 -0.00866025 0.381818 0 -0.01 0.381818 0.00866025 -0.005 0.381818 0.00866025 0.005 0.381818 1.22465e-18 0.01 0.381818 -0.00866025 0.005 0.381818 -0.00866025 -0.005 0.390909 0.005 -0.00866025 0.390909 0.01 -6.12323e-19 0.390909 0.005 0.00866025 0.390909 -0.005 0.00866025 0.390909 -0.01 1.83697e-18 0.390909 -0.005 -0.00866025 0.4 0 -0.01 0.4 0.00866025 -0.005 0.4 0.00866025 0.005 0.4 1.22465e-18 0.01 0.4 -0.00866025 0.005 0.4 -0.00866025 -0.005 0.409091 0.005 -0.00866025 0.409091 0.01 -6.12323e-19 0.409091 0.005 0.00866025 0.409091 -0.005 0.00866025 0.409091 -0.01 1.83697e-18 0.409091 -0.005 -0.00866025 0.418182 0 -0.01 0.418182 0.00866025 -0.005 0.418182 0.00866025 0.005 0.418182 1.22465e-18 0.01 0.418182 -0.00866025 0.005 0.418182 -0.00866025 -0.005 0.427273 0.005 -0.00866025 0.427273 0.01 -6.12323e-19 0.427273 0.005 0.00866025 0.427273 -0.005 0.00866025 0.427273 -0.01 1.83697e-18 0.427273 -0.005 -0.00866025 0.436364 0 -0.01 0.436364 0.00866025 -0.005 0.436364 0.00866025 0.005 0.436364 1.22465e-18 0.01 0.436364 -0.00866025 0.005 0.436364 -0.00866025 -0.005 0.445455 0.005 -0.00866025 0.445455 0.01 -6.12323e-19 0.445455 0.005 0.00866025 0.445455 -0.005 0.00866025 0.445455 -0.01 1.83697e-18 0.445455 -0.005 -0.00866025 0.454545 0 -0.01 0.454545 0.00866025 -0.005 0.454545 0.00866025 0.005 0.454545 1.22465e-18 0.01 0.454545 -0.00866025 0.005 0.454545 -0.00866025 -0.005 0.463636 0.005 -0.00866025 0.463636 0.01 -6.12323e-19 0.463636 0.005 0.00866025 0.463636 -0.005 0.00866025 0.463636 -0.01 1.83697e-18 0.463636 -0.005 -0.00866025 0.472727 0 -0.01 0.472727 0.00866025 -0.005 0.472727 0.00866025 0.005 0.472727 1.22465e-18 0.01 0.472727 -0.00866025 0.005 0.472727 -0.00866025 -0.005 0.481818 0.005 -0.00866025 0.481818 0.01 -6.12323e-19 0.481818 0.005 0.00866025 0.481818 -0.005 0.00866025 0.481818 -0.01 1.83697e-18 0.481818 -0.005 -0.00866025 0.490909 0 -0.01 0.490909 0.00866025 -0.005 0.490909 0.00866025 0.005 0.490909 1.22465e-18 0.01 0.490909 -0.00866025 0.005 0.490909 -0.00866025 -0.005 0.5 0.005 -0.00866025 0.5 0.01 -6.12323e-19 0.5 0.005 0.00866025 0.5 -0.005 0.00866025 0.5 -0.01 1.83697e-18 0.5 -0.005 -0.00866025 0.509091 0 -0.01 0.509091 0.00866025 -0.005 0.509091 0.00866025 0.005 0.509091 1.22465e-18 0.01 0.509091 -0.00866025 0.005 0.509091 -0.00866025 -0.005 0.518182 0.005 -0.00866025 0.518182 0.01 -6.12323e-19 0.518182 0.005 0.00866025 0.518182 -0.005 0.00866025 0.518182 -0.01 1.83697e-18 0.518182 -0.005 -0.00866025 0.527273 0 -0.01 0.527273 0.00866025 -0.005 0.527273 0.00866025 0.005 0.527273 1.22465e-18 0.01 0.527273 -0.00866025 0.005 0.527273 -0.00866025 -0.005 0.536364 0.005 -0.00866025 0.536364 0.01 -6.12323e-19 0.536364 0.005 0.00866025 0.536364 -0.005 0.00866025 0.536364 -0.01 1.83697e-18 0.536364 -0.005 -0.00866025 0.545455 0 -0.01 0.545455 0.00866025 -0.005 0.545455 0.00866025 0.005 0.545455 1.22465e-18 0.01 0.545455 -0.00866025 0.005 0.545455 -0.00866025 -0.005 0.554545 0.005 -0.00866025 0.554545 0.01 -6.12323e-19 0.554545 0.005 0.00866025 0.554545 -0.005 0.00866025 0.554545 -0.01 1.83697e-18 0.554545 -0.005 -0.00866025 0.563636 0 -0.01 0.563636 0.00866025 -0.005 0.563636 0.00866025 0.005 0.563636 1.22465e-18 0.01 0.563636 -0.00866025 0.005 0.563636 -0.00866025 -0.005 0.572727 0.005 -0.00866025 0.572727 0.01 -6.12323e-19 0.572727 0.005 0.00866025 0.572727 -0.005 0.00866025 0.572727 -0.01 1.83697e-18 0.572727 -0.005 -0.00866025 0.581818 0 -0.01 0.581818 0.00866025 -0.005 0.581818 0.00866025 0.005 0.581818 1.22465e-18 0.01 0.581818 -0.00866025 0.005 0.581818 -0.00866025 -0.005 0.590909 0.005 -0.00866025 0.590909 0.01 -6.12323e-19 0.590909 0.005 0.00866025 0.590909 -0.005 0.00866025 0.590909 -0.01 1.83697e-18 0.590909 -0.005 -0.00866025 0.6 0 -0.01 0.6 0.00866025 -0.005 0.6 0.00866025 0.005 0.6 1.22465e-18 0.01 0.6 -0.00866025 0.005 0.6 -0.00866025 -0.005 0.609091 0.005 -0.00866025 0.609091 0.01 -6.12323e-19 0.609091 0.005 0.00866025 0.609091 -0.005 0.00866025 0.609091 -0.01 1.83697e-18 0.609091 -0.005 -0.00866025 0.618182 0 -0.01 0.618182 0.00866025 -0.005 0.618182 0.00866025 0.005 0.618182 1.22465e-18 0.01 0.618182 -0.00866025 0.005 0.618182 -0.00866025 -0.005 0.627273 0.005 -0.00866025 0.627273 0.01 -6.12323e-19 0.627273 0.005 0.00866025 0.627273 -0.005 0.00866025 0.627273 -0.01 1.83697e-18 0.627273 -0.005 -0.00866025 0.636364 0 -0.01 0.636364 0.00866025 -0.005 0.636364 0.00866025 0.005 0.636364 1.22465e-18 0.01 0.636364 -0.00866025 0.005 0.636364 -0.00866025 -0.005 0.645455 0.005 -0.00866025 0.645455 0.01 -6.12323e-19 0.645455 0.005 0.00866025 0.645455 -0.005 0.00866025 0.645455 -0.01 1.83697e-18 0.645455 -0.005 -0.00866025 0.654545 0 -0.01 0.654545 0.00866025 -0.005 0.654545 0.00866025 0.005 0.654545 1.22465e-18 0.01 0.654545 -0.00866025 0.005 0.654545 -0.00866025 -0.005 0.663636 0.005 -0.00866025 0.663636 0.01 -6.12323e-19 0.663636 0.005 0.00866025 0.663636 -0.005 0.00866025 0.663636 -0.01 1.83697e-18 0.663636 -0.005 -0.00866025 0.672727 0 -0.01 0.672727 0.00866025 -0.005 0.672727 0.00866025 0.005 0.672727 1.22465e-18 0.01 0.672727 -0.00866025 0.005 0.672727 -0.00866025 -0.005 0.681818 0.005 -0.00866025 0.681818 0.01 -6.12323e-19 0.681818 0.005 0.00866025 0.681818 -0.005 0.00866025 0.681818 -0.01 1.83697e-18 0.681818 -0.005 -0.00866025 0.690909 0 -0.01 0.690909 0.00866025 -0.005 0.690909 0.00866025 0.005 0.690909 1.22465e-18 0.01 0.690909 -0.00866025 0.005 0.690909 -0.00866025 -0.005 0.7 0.005 -0.00866025 0.7 0.01 -6.12323e-19 0.7 0.005 0.00866025 0.7 -0.005 0.00866025 0.7 -0.01 1.83697e-18 0.7 -0.005 -0.00866025 0.709091 0 -0.01 0.709091 0.00866025 -0.005 0.709091 0.00866025 0.005 0.709091 1.22465e-18 0.01 0.709091 -0.00866025 0.005 0.709091 -0.00866025 -0.005 0.718182 0.005 -0.00866025 0.718182 0.01 -6.12323e-19 0.718182 0.005 0.00866025 0.718182 -0.005 0.00866025 0.718182 -0.01 1.83697e-18 0.718182 -0.005 -0.00866025 0.727273 0 -0.01 0.727273 0.00866025 -0.005 0.727273 0.00866025 0.005 0.727273 1.22465e-18 0.01 0.727273 -0.00866025 0.005 0.727273 -0.00866025 -0.005 0.736364 0.005 -0.00866025 0.736364 0.01 -6.12323e-19 0.736364 0.005 0.00866025 0.736364 -0.005 0.00866025 0.736364 -0.01 1.83697e-18 0.736364 -0.005 -0.00866025 0.745455 0 -0.01 0.745455 0.00866025 -0.005 0.745455 0.00866025 0.005 0.745455 1.22465e-18 0.01 0.745455 -0.00866025 0.005 0.745455 -0.00866025 -0.005 0.754545 0.005 -0.00866025 0.754545 0.01 -6.12323e-19 0.754545 0.005 0.00866025 0.754545 -0.005 0.00866025 0.754545 -0.01 1.83697e-18 0.754545 -0.005 -0.00866025 0.763636 0 -0.01 0.763636 0.00866025 -0.005 0.763636 0.00866025 0.005 0.763636 1.22465e-18 0.01 0.763636 -0.00866025 0.005 0.763636 -0.00866025 -0.005 0.772727 0.005 -0.00866025 0.772727 0.01 -6.12323e-19 0.772727 0.005 0.00866025 0.772727 -0.005 0.00866025 0.772727 -0.01 1.83697e-18 0.772727 -0.005 -0.00866025 0.781818 0 -0.01 0.781818 0.00866025 -0.005 0.781818 0.00866025 0.005 0.781818 1.22465e-18 0.01 0.781818 -0.00866025 0.005 0.781818 -0.00866025 -0.005 0.790909 0.005 -0.00866025 0.790909 0.01 -6.12323e-19 0.790909 0.005 0.00866025 0.790909 -0.005 0.00866025 0.790909 -0.01 1.83697e-18 0.790909 -0.005 -0.00866025 0.8 0 -0.01 0.8 0.00866025 -0.005 0.8 0.00866025 0.005 0.8 1.22465e-18 0.01 0.8 -0.00866025 0.005 0.8 -0.00866025 -0.005 0.809091 0.005 -0.00866025 0.809091 0.01 -6.12323e-19 0.809091 0.005 0.00866025 0.809091 -0.005 0.00866025 0.809091 -0.01 1.83697e-18 0.809091 -0.005 -0.00866025 0.818182 0 -0.01 0.818182 0.00866025 -0.005 0.818182 0.00866025 0.005 0.818182 1.22465e-18 0.01 0.818182 -0.00866025 0.005 0.818182 -0.00866025 -0.005 0.827273 0.005 -0.00866025 0.827273 0.01 -6.12323e-19 0.827273 0.005 0.00866025 0.827273 -0.005 0.00866025 0.827273 -0.01 1.83697e-18 0.827273 -0.005 -0.00866025 0.836364 0 -0.01 0.836364 0.00866025 -0.005 0.836364 0.00866025 0.005 0.836364 1.22465e-18 0.01 0.836364 -0.00866025 0.005 0.836364 -0.00866025 -0.005 0.845455 0.005 -0.00866025 0.845455 0.01 -6.12323e-19 0.845455 0.005 0.00866025 0.845455 -0.005 0.00866025 0.845455 -0.01 1.83697e-18 0.845455 -0.005 -0.00866025 0.854545 0 -0.01 0.854545 0.00866025 -0.005 0.854545 0.00866025 0.005 0.854545 1.22465e-18 0.01 0.854545 -0.00866025 0.005 0.854545 -0.00866025 -0.005 0.863636 0.005 -0.00866025 0.863636 0.01 -6.12323e-19 0.863636 0.005 0.00866025 0.863636 -0.005 0.00866025 0.863636 -0.01 1.83697e-18 0.863636 -0.005 -0.00866025 0.872727 0 -0.01 0.872727 0.00866025 -0.005 0.872727 0.00866025 0.005 0.872727 1.22465e-18 0.01 0.872727 -0.00866025 0.005 0.872727 -0.00866025 -0.005 0.881818 0.005 -0.00866025 0.881818 0.01 -6.12323e-19 0.881818 0.005 0.00866025 0.881818 -0.005 0.00866025 0.881818 -0.01 1.83697e-18 0.881818 -0.005 -0.00866025 0.890909 0 -0.01 0.890909 0.00866025 -0.005 0.890909 0.00866025 0.005 0.890909 1.22465e-18 0.01 0.890909 -0.00866025 0.005 0.890909 -0.00866025 -0.005 0.9 0.005 -0.00866025 0.9 0.01 -6.12323e-19 0.9 0.005 0.00866025 0.9 -0.005 0.00866025 0.9 -0.01 1.83697e-18 0.9 -0.005 -0.00866025 0.909091 0 -0.01 0.909091 0.00866025 -0.005 0.909091 0.00866025 0.005 0.909091 1.22465e-18 0.01 0.909091 -0.00866025 0.005 0.909091 -0.00866025 -0.005 0.918182 0.005 -0.00866025 0.918182 0.01 -6.12323e-19 0.918182 0.005 0.00866025 0.918182 -0.005 0.00866025 0.918182 -0.01 1.83697e-18 0.918182 -0.005 -0.00866025 0.927273 0 -0.01 0.927273 0.00866025 -0.005 0.927273 0.00866025 0.005 0.927273 1.22465e-18 0.01 0.927273 -0.00866025 0.005 0.927273 -0.00866025 -0.005 0.936364 0.005 -0.00866025 0.936364 0.01 -6.12323e-19 0.936364 0.005 0.00866025 0.936364 -0.005 0.00866025 0.936364 -0.01 1.83697e-18 0.936364 -0.005 -0.00866025 0.945455 0 -0.01 0.945455 0.00866025 -0.005 0.945455 0.00866025 0.005 0.945455 1.22465e-18 0.01 0.945455 -0.00866025 0.005 0.945455 -0.00866025 -0.005 0.954545 0.005 -0.00866025 0.954545 0.01 -6.12323e-19 0.954545 0.005 0.00866025 0.954545 -0.005 0.00866025 0.954545 -0.01 1.83697e-18 0.954545 -0.005 -0.00866025 0.963636 0 -0.01 0.963636 0.00866025 -0.005 0.963636 0.00866025 0.005 0.963636 1.22465e-18 0.01 0.963636 -0.00866025 0.005 0.963636 -0.00866025 -0.005 0.972727 0.005 -0.00866025 0.972727 0.01 -6.12323e-19 0.972727 0.005 0.00866025 0.972727 -0.005 0.00866025 0.972727 -0.01 1.83697e-18 0.972727 -0.005 -0.00866025 0.981818 0 -0.01 0.981818 0.00866025 -0.005 0.981818 0.00866025 0.005 0.981818 1.22465e-18 0.01 0.981818 -0.00866025 0.005 0.981818 -0.00866025 -0.005 0.990909 0.005 -0.00866025 0.990909 0.01 -6.12323e-19 0.990909 0.005 0.00866025 0.990909 -0.005 0.00866025 0.990909 -0.01 1.83697e-18 0.990909 -0.005 -0.00866025 1 0 -0.01 1 0.00866025 -0.005 1 0.00866025 0.005 1 1.22465e-18 0.01 1 -0.00866025 0.005 1 -0.00866025 -0.005 -1 0 0 -1 0 -0.01 -1 0.00866025 -0.005 -1 0.00866025 0.005 -1 1.22465e-18 0.01 -1 -0.00866025 0.005 -1 -0.00866025 -0.005 1 0 0 1 0 -0.01 1 0.00866025 -0.005 1 0.00866025 0.005 1 1.22465e-18 0.01 1 -0.00866025 0.005 1 -0.00866025 -0.005"/>
     <Normal vector="-0.0538637 0 -0.998548 -0.0538636 0.864768 -0.499274 -0.0538636 0.864768 0.499274 -0.0538637 0 0.998548 -0.0538636 -0.864768 0.499274 -0.0538636 -0.864768 -0.499274 0 0.5 -0.866025 0 1 0 0 0.5 0.866025 0 -0.5 0.866025 0 -1 0 0 -0.5 -0.866025 0 0 -1 0 0.866025 -0.5 0 0.866025 0.5 0 0 1 0 -0.866025 0.5 0 -0.866025 -0.5 1.70907e-07 0.5 -0.866025 1.7642e-07 1 0 1.70907e-07 0.5 0.866025 1.70907e-07 -0.5 0.866025 1.7642e-07 -1 0 1.70907e-07 -0.5 -0.866025 -1.7642e-07 0 -1 -1.70907e-07 0.866025 -0.5 -1.70907e-07 0.866025 0.5 -1.7642e-07 0 1 -1.70907e-07 -0.866025 0.5 -1.70907e-07 -0.866025 -0.5 0 0.5 -0.866025 0 1 0 0 0.5 0.866025 0 -0.5 0.866025 0 -1 0 0 -0.5 -0.866025 0 0 -1 0 0.866025 -0.5 0 0.866025 0.5 0 0 1 0 -0.866025 0.5 0 -0.866025 -0.5 0 0.5 -0.866025 0 1 0 0 0.5 0.866025 0 -0.5 0.866025 0 -1 0 0 -0.5 -0.866025 0 0 -1 0 0.866025 -0.5 0 0.866025 0.5 0 0 1 0 -0.866025 0.5 0 -0.866025 -0.5 0 0.5 -0.866025 0 1 0 0 0.5 0.866025 0 -0.5 0.866025 0 -1 0 0 -0.5 -0.866025 1.7642e-07 0 -1 1.70907e-07 0.866025 -0.5 1.70907e-07 0.866025 0.5 1.7642e-07 0 1 1.70907e-07 -0.866025 0.5 1.70907e-07 -0.866025 -0.5 -1.70907e-07 0.5 -0.866025 -1.7642e-07 1 0 -1.70907e-07 0.5 0.866025 -1.70907e-07 -0.5 0.866025 -1.7642e-07 -1 0 -1.70907e-07 -0.5 -0.866025 0 0 -1 0 0.866025 -0.5 0 0.866025 0.5 0 0 1 0 -0.866025 0.5 0 -0.866025 -0.5 0 0.5 -0.866025 0 1 0 0 0.5 0.866025 0 -0.5 0.866025 0 -1 0 0 -0.5 -0.866025 0 0 -1 0 0.866025 -0.5 0 0.866025 0.5 0 0 1 0 -0.866025 0.5 0 -0.866025 -0.5 0 0.5 -0.866025 0 1 0 0 0.5 0.866025 0 -0.5 0.866025 0 -1 0 0 -0.5 -0.866025 0 0 -1 0 0.866025 -0.5 0 0.866025 0.5 0 0 1 0 -0.866025 0.5 0 -0.866025 -0.5 1.70907e-07 0.5 -0.866025 1.7642e-07 1 0 1.70907e-07 0.5 0.866025 1.70907e-07 -0.5 0.866025 1.7642e-07 -1 0 1.70907e-07 -0.5 -0.866025 -1.7642e-07 0 -1 -1.70907e-07 0.866025 -0.5 -1.70907e-07 0.866025 0.5 -1.7642e-07 0 1 -1.70907e-07 -0.866025 0.5 -1.70907e-07 -0.866025 -0.5 0 0.5 -0.866025 0 1 0 0 0.5 0.866025 0 -0.5 0.866025 0 -1 0 0 -0.5 -0.866025 0 0 -1 0 0.866025 -0.5 0 0.866025 0.5 0 0 1 0 -0.866025 0.5 0 -0.866025 -0.5 0 0.5 -0.866025 0 1 0 0 0.5 0.866025 0 -0.5 0.866025 0 -1 0 0 -0.5 -0.866025 0 0 -1 0 0.866025 -0.5 0 0.866025 0.5 0 0 1 0 -0.866025 0.5 0 -0.866025 -0.5 0 0.5 -0.866025 0 1 0 0 0.5 0.866025 0 -0.5 0.866025 0 -1 0 0 -0.5 -0.866025 1.7642e-07 0 -1 1.70907e-07 0.866025 -0.5 1.70907e-07 0.866025 0.5 1.7642e-07 0 1 1.70907e-07 -0.866025 0.5 1.70907e-07 -0.866025 -0.5 -1.70907e-07 0.5 -0.866025 -1.7642e-07 1 0 -1.70907e-07 0.5 0.866025 -1.70907e-07 -0.5 0.866025 -1.7642e-07 -1 0 -1.70907e-07 -0.5 -0.866025 0 0 -1 0 0.866025 -0.5 0 0.866025 0.5 0 0 1 0 -0.866025 0.5 0 -0.866025 -0.5 0 0.5 -0.866025 0 1 0 0 0.5 0.866025 0 -0.5 0.866025 0 -1 0 0 -0.5 -0.866025 0 0 -1 0 0.866025 -0.5 0 0.866025 0.5 0 0 1 0 -0.866025 0.5 0 -0.866025 -0.5 0 0.5 -0.866025 0 1 0 0 0.5 0.866025 0 -0.5 0.866025 0 -1 0 0 -0.5 -0.866025 1.7642e-07 0 -1 1.70907e-07 0.866025 -0.5 1.70907e-07 0.866025 0.5 1.7642e-07 0 1 1.70907e-07 -0.866025 0.5 1.70907e-07 -0.866025 -0.5 -1.70907e-07 0.5 -0.866025 -1.7642e-07 1 0 -1.70907e-07 0.5 0.866025 -1.70907e-07 -0.5 0.866025 -1.7642e-07 -1 0 -1.70907e-07 -0.5 -0.866025 0 0 -1 0 0.866025 -0.5 0 0.866025 0.5 0 0 1 0 -0.866025 0.5 0 -0.866025 -0.5 0 0.5 -0.866025 0 1 0 0 0.5 0.866025 0 -0.5 0.866025 0 -1 0 0 -0.5 -0.866025 0 0 -1 0 0.866025 -0.5 0 0.866025 0.5 0 0 1 0 -0.866025 0.5 0 -0.866025 -0.5 0 0.5 -0.866025 0 1 0 0 0.5 0.866025 0 -0.5 0.866025 0 -1 0 0 -0.5 -0.866025 0 0 -1 0 0.866025 -0.5 0 0.866025 0.5 0 0 1 0 -0.866025 0.5 0 -0.866025 -0.5 1.70907e-07 0.5 -0.866025 1.7642e-07 1 0 1.70907e-07 0.5 0.866025 1.70907e-07 -0.5 0.866025 1.7642e-07 -1 0 1.70907e-07 -0.5 -0.866025 -1.7642e-07 0 -1 -1.70907e-07 0.866025 -0.5 -1.70907e-07 0.866025 0.5 -1.7642e-07 0 1 -1.70907e-07 -0.866025 0.5 -1.70907e-07 -0.866025 -0.5 0 0.5 -0.866025 0 1 0 0 0.5 0.866025 0 -0.5 0.866025 0 -1 0 0 -0.5 -0.866025 0 0 -1 0 0.866025 -0.5 0 0.866025 0.5 0 0 1 0 -0.866025 0.5 0 -0.866025 -0.5 0 0.5 -0.866025 0 1 0 0 0.5 0.866025 0 -0.5 0.866025 0 -1 0 0 -0.5 -0.866025 0 0 -1 0 0.866025 -0.5 0 0.866025 0.5 0 0 1 0 -0.866025 0.5 0 -0.866025 -0.5 0 0.5 -0.866025 0 1 0 0 0.5 0.866025 0 -0.5 0.866025 0 -1 0 0 -0.5 -0.866025 1.7642e-07 0 -1 1.70907e-07 0.866025 -0.5 1.70907e-07 0.866025 0.5 1.7642e-07 0 1 1.70907e-07 -0.866025 0.5 1.70907e-07 -0.866025 -0.5 -1.70907e-07 0.5 -0.866025 -1.7642e-07 1 0 -1.70907e-07 0.5 0.866025 -1.70907e-07 -0.5 0.866025 -1.7642e-07 -1 0 -1.70907e-07 -0.5 -0.866025 0 0 -1 0 0.866025 -0.5 0 0.866025 0.5 0 0 1 0 -0.866025 0.5 0 -0.866025 -0.5 0 0.5 -0.866025 0 1 0 0 0.5 0.866025 0 -0.5 0.866025 0 -1 0 0 -0.5 -0.866025 0 0 -1 0 0.866025 -0.5 0 0.866025 0.5 0 0 1 0 -0.866025 0.5 0 -0.866025 -0.5 0 0.5 -0.866025 0 1 0 0 0.5 0.866025 0 -0.5 0.866025 0 -1 0 0 -0.5 -0.866025 0 0 -1 0 0.866025 -0.5 0 0.866025 0.5 0 0 1 0 -0.866025 0.5 0 -0.866025 -0.5 1.70907e-07 0.5 -0.866025 1.7642e-07 1 0 1.70907e-07 0.5 0.866025 1.70907e-07 -0.5 0.866025 1.7642e-07 -1 0 1.70907e-07 -0.5 -0.866025 -1.7642e-07 0 -1 -1.70907e-07 0.866025 -0.5 -1.70907e-07 0.866025 0.5 -1.7642e-07 0 1 -1.70907e-07 -0.866025 0.5 -1.70907e-07 -0.866025 -0.5 0 0.5 -0.866025 0 1 0 0 0.5 0.866025 0 -0.5 0.866025 0 -1 0 0 -0.5 -0.866025 0 0 -1 0 0.866025 -0.5 0 0.866025 0.5 0 0 1 0 -0.866025 0.5 0 -0.866025 -0.5 0 0.5 -0.866025 0 1 0 0 0.5 0.866025 0 -0.5 0.866025 0 -1 0 0 -0.5 -0.866025 9.09664e-08 0 -1 8.82098e-08 0.866025 -0.5 8.82098e-08 0.866025 0.5 9.09664e-08 0 1 8.82098e-08 -0.866025 0.5 8.82098e-08 -0.866025 -0.5 -8.26967e-08 0.5 -0.866025 -8.54533e-08 1 0 -8.26967e-08 0.5 0.866025 -8.26967e-08 -0.5 0.866025 -8.54533e-08 -1 0 -8.26967e-08 -0.5 -0.866025 0 0 -1 0 0.866025 -0.5 0 0.866025 0.5 0 0 1 0 -0.866025 0.5 0 -0.866025 -0.5 0 0.5 -0.866025 0 1 0 0 0.5 0.866025 0 -0.5 0.866025 0 -1 0 0 -0.5 -0.866025 9.09664e-08 0 -1 8.82098e-08 0.866025 -0.5 8.82098e-08 0.866025 0.5 9.09664e-08 0 1 8.82098e-08 -0.866025 0.5 8.82098e-08 -0.866025 -0.5 -8.26967e-08 0.5 -0.866025 -8.54533e-08 1 0 -8.26967e-08 0.5 0.866025 -8.26967e-08 -0.5 0.866025 -8.54533e-08 -1 0 -8.26967e-08 -0.5 -0.866025 0 0 -1 0 0.866025 -0.5 0 0.866025 0.5 0 0 1 0 -0.866025 0.5 0 -0.866025 -0.5 8.82098e-08 0.5 -0.866025 9.09664e-08 1 0 8.82098e-08 0.5 0.866025 8.82098e-08 -0.5 0.866025 9.09664e-08 -1 0 8.82098e-08 -0.5 -0.866025 -8.54533e-08 0 -1 -8.26967e-08 0.866025 -0.5 -8.26967e-08 0.866025 0.5 -8.54533e-08 0 1 -8.26967e-08 -0.866025 0.5 -8.26967e-08 -0.866025 -0.5 0 0.5 -0.866025 0 1 0 0 0.5 0.866025 0 -0.5 0.866025 0 -1 0 0 -0.5 -0.866025 0 0 -1 0 0.866025 -0.5 0 0.866025 0.5 0 0 1 0 -0.866025 0.5 0 -0.866025 -0.5 8.82098e-08 0.5 -0.866025 9.09664e-08 1 0 8.82098e-08 0.5 0.866025 8.82098e-08 -0.5 0.866025 9.09664e-08 -1 0 8.82098e-08 -0.5 -0.866025 -8.54533e-08 0 -1 -8.26967e-08 0.866025 -0.5 -8.26967e-08 0.866025 0.5 -8.54533e-08 0 1 -8.26967e-08 -0.866025 0.5 -8.26967e-08 -0.866025 -0.5 0 0.5 -0.866025 0 1 0 0 0.5 0.866025 0 -0.5 0.866025 0 -1 0 0 -0.5 -0.866025 9.09664e-08 0 -1 8.82098e-08 0.866025 -0.5 8.82098e-08 0.866025 0.5 9.09664e-08 0 1 8.82098e-08 -0.866025 0.5 8.82098e-08 -0.866025 -0.5 -8.26967e-08 0.5 -0.866025 -8.54533e-08 1 0 -8.26967e-08 0.5 0.866025 -8.26967e-08 -0.5 0.866025 -8.54533e-08 -1 0 -8.26967e-08 -0.5 -0.866025 0 0 -1 0 0.866025 -0.5 0 0.866025 0.5 0 0 1 0 -0.866025 0.5 0 -0.866025 -0.5 8.82098e-08 0.5 -0.866025 9.09664e-08 1 0 8.82098e-08 0.5 0.866025 8.82098e-08 -0.5 0.866025 9.09664e-08 -1 0 8.82098e-08 -0.5 -0.866025 -8.54533e-08 0 -1 -8.26967e-08 0.866025 -0.5 -8.26967e-08 0.866025 0.5 -8.54533e-08 0 1 -8.26967e-08 -0.866025 0.5 -8.26967e-08 -0.866025 -0.5 0 0.5 -0.866025 0 1 0 0 0.5 0.866025 0 -0.5 0.866025 0 -1 0 0 -0.5 -0.866025 0 0 -1 0 0.866025 -0.5 0 0.866025 0.5 0 0 1 0 -0.866025 0.5 0 -0.866025 -0.5 8.82098e-08 0.5 -0.866025 9.09664e-08 1 0 8.82098e-08 0.5 0.866025 8.82098e-08 -0.5 0.866025 9.09664e-08 -1 0 8.82098e-08 -0.5 -0.866025 -8.54533e-08 0 -1 -8.26967e-08 0.866025 -0.5 -8.26967e-08 0.866025 0.5 -8.54533e-08 0 1 -8.26967e-08 -0.866025 0.5 -8.26967e-08 -0.866025 -0.5 0 0.5 -0.866025 0 1 0 0 0.5 0.866025 0 -0.5 0.866025 0 -1 0 0 -0.5 -0.866025 9.09664e-08 0 -1 8.82098e-08 0.866025 -0.5 8.82098e-08 0.866025 0.5 9.09664e-08 0 1 8.82098e-08 -0.866025 0.5 8.82098e-08 -0.866025 -0.5 -8.26967e-08 0.5 -0.866025 -8.54533e-08 1 0 -8.26967e-08 0.5 0.866025 -8.26967e-08 -0.5 0.866025 -8.54533e-08 -1 0 -8.26967e-08 -0.5 -0.866025 0 0 -1 0 0.866025 -0.5 0 0.866025 0.5 0 0 1 0 -0.866025 0.5 0 -0.866025 -0.5 4.41049e-08 0.5 -0.866025 4.41049e-08 1 0 4.41049e-08 0.5 0.866025 4.41049e-08 -0.5 0.866025 4.41049e-08 -1 0 4.41049e-08 -0.5 -0.866025 -4.41049e-08 0 -1 -4.41049e-08 0.866025 -0.5 -4.41049e-08 0.866025 0.5 -4.41049e-08 0 1 -4.41049e-08 -0.866025 0.5 -4.41049e-08 -0.866025 -0.5 4.41049e-08 0.5 -0.866025 4.41049e-08 1 0 4.41049e-08 0.5 0.866025 4.41049e-08 -0.5 0.866025 4.41049e-08 -1 0 4.41049e-08 -0.5 -0.866025 0 0 -1 0 0.866025 -0.5 0 0.866025 0.5 0 0 1 0 -0.866025 0.5 0 -0.866025 -0.5 -4.41049e-08 0.5 -0.866025 -4.41049e-08 1 0 -4.41049e-08 0.5 0.866025 -4.41049e-08 -0.5 0.866025 -4.41049e-08 -1 0 -4.41049e-08 -0.5 -0.866025 4.41049e-08 0 -1 4.41049e-08 0.866025 -0.5 4.41049e-08 0.866025 0.5 4.41049e-08 0 1 4.41049e-08 -0.866025 0.5 4.41049e-08 -0.866025 -0.5 -4.41049e-08 0.5 -0.866025 -4.41049e-08 1 0 -4.41049e-08 0.5 0.866025 -4.41049e-08 -0.5 0.866025 -4.41049e-08 -1 0 -4.41049e-08 -0.5 -0.866025 4.41049e-08 0 -1 4.41049e-08 0.866025 -0.5 4.41049e-08 0.866025 0.5 4.41049e-08 0 1 4.41049e-08 -0.866025 0.5 4.41049e-08 -0.866025 -0.5 0 0.5 -0.866025 0 1 0 0 0.5 0.866025 0 -0.5 0.866025 0 -1 0 0 -0.5 -0.866025 -4.41049e-08 0 -1 -4.41049e-08 0.866025 -0.5 -4.41049e-08 0.866025 0.5 -4.41049e-08 0 1 -4.41049e-08 -0.866025 0.5 -4.41049e-08 -0.866025 -0.5 4.41049e-08 0.5 -0.866025 4.41049e-08 1 0 4.41049e-08 0.5 0.866025 4.41049e-08 -0.5 0.866025 4.41049e-08 -1 0 4.41049e-08 -0.5 -0.866025 -4.41049e-08 0 -1 -4.41049e-08 0.866025 -0.5 -4.41049e-08 0.866025 0.5 -4.41049e-08 0 1 -4.41049e-08 -0.866025 0.5 -4.41049e-08 -0.866025 -0.5 4.41049e-08 0.5 -0.866025 4.41049e-08 1 0 4.41049e-08 0.5 0.866025 4.41049e-08 -0.5 0.866025 4.41049e-08 -1 0 4.41049e-08 -0.5 -0.866025 -1.92959e-08 0 -1 -2.75656e-08 0.866025 -0.5 -2.75656e-08 0.866025 0.5 -1.92959e-08 0 1 -2.75656e-08 -0.866025 0.5 -2.75656e-08 -0.866025 -0.5 -5.51311e-09 0.5 -0.866025 -5.51311e-09 1 0 -5.51311e-09 0.5 0.866025 -5.51311e-09 -0.5 0.866025 -5.51311e-09 -1 0 -5.51311e-09 -0.5 -0.866025 -5.51311e-09 0 -1 -5.51311e-09 0.866025 -0.5 -5.51311e-09 0.866025 0.5 -5.51311e-09 0 1 -5.51311e-09 -0.866025 0.5 -5.51311e-09 -0.866025 -0.5 -5.51311e-09 0.5 -0.866025 -5.51311e-09 1 0 -5.51311e-09 0.5 0.866025 -5.51311e-09 -0.5 0.866025 -5.51311e-09 -1 0 -5.51311e-09 -0.5 -0.866025 1.37828e-08 0 -1 2.20525e-08 0.866025 -0.5 2.20525e-08 0.866025 0.5 1.37828e-08 0 1 2.20525e-08 -0.866025 0.5 2.20525e-08 -0.866025 -0.5 -2.75656e-08 0.5 -0.866025 -1.92959e-08 1 0 -2.75656e-08 0.5 0.866025 -2.75656e-08 -0.5 0.866025 -1.92959e-08 -1 0 -2.75656e-08 -0.5 -0.866025 -5.51311e-09 0 -1 -5.51311e-09 0.866025 -0.5 -5.51311e-09 0.866025 0.5 -5.51311e-09 0 1 -5.51311e-09 -0.866025 0.5 -5.51311e-09 -0.866025 -0.5 -5.51311e-09 0.5 -0.866025 -5.51311e-09 1 0 -5.51311e-09 0.5 0.866025 -5.51311e-09 -0.5 0.866025 -5.51311e-09 -1 0 -5.51311e-09 -0.5 -0.866025 -5.51311e-09 0 -1 -5.51311e-09 0.866025 -0.5 -5.51311e-09 0.866025 0.5 -5.51311e-09 0 1 -5.51311e-09 -0.866025 0.5 -5.51311e-09 -0.866025 -0.5 8.26967e-09 0.5 -0.866025 5.51311e-09 1 0 8.26967e-09 0.5 0.866025 8.26967e-09 -0.5 0.866025 5.51311e-09 -1 0 8.26967e-09 -0.5 -0.866025 -1.10262e-08 0 -1 -1.37828e-08 0.866025 -0.5 -1.37828e-08 0.866025 0.5 -1.10262e-08 0 1 -1.37828e-08 -0.866025 0.5 -1.37828e-08 -0.866025 -0.5 8.26967e-09 0.5 -0.866025 -2.75656e-09 1 0 8.26967e-09 0.5 0.866025 8.26967e-09 -0.5 0.866025 -2.75656e-09 -1 0 8.26967e-09 -0.5 -0.866025 5.51311e-09 0 -1 -2.75656e-09 0.866025 -0.5 -2.75656e-09 0.866025 0.5 5.51311e-09 0 1 -2.75656e-09 -0.866025 0.5 -2.75656e-09 -0.866025 -0.5 0 0.5 -0.866025 0 1 0 0 0.5 0.866025 0 -0.5 0.866025 0 -1 0 0 -0.5 -0.866025 0 0 -1 0 0.866025 -0.5 0 0.866025 0.5 0 0 1 0 -0.866025 0.5 0 -0.866025 -0.5 0 0.5 -0.866025 0 1 0 0 0.5 0.866025 0 -0.5 0.866025 0 -1 0 0 -0.5 -0.866025 0 0 -1 8.26967e-09 0.866025 -0.5 8.26967e-09 0.866025 0.5 0 0 1 8.26967e-09 -0.866025 0.5 8.26967e-09 -0.866025 -0.5 -8.26967e-09 0.5 -0.866025 2.75656e-09 1 0 -8.26967e-09 0.5 0.866025 -8.26967e-09 -0.5 0.866025 2.75656e-09 -1 0 -8.26967e-09 -0.5 -0.866025 5.51311e-09 0 -1 8.26967e-09 0.866025 -0.5 8.26967e-09 0.866025 0.5 5.51311e-09 0 1 8.26967e-09 -0.866025 0.5 8.26967e-09 -0.866025 -0.5 -1.37828e-08 0.5 -0.866025 -1.10262e-08 1 0 -1.37828e-08 0.5 0.866025 -1.37828e-08 -0.5 0.866025 -1.10262e-08 -1 0 -1.37828e-08 -0.5 -0.866025 -5.51311e-09 0 -1 -5.51311e-09 0.866025 -0.5 -5.51311e-09 0.866025 0.5 -5.51311e-09 0 1 -5.51311e-09 -0.866025 0.5 -5.51311e-09 -0.866025 -0.5 -5.51311e-09 0.5 -0.866025 -5.51311e-09 1 0 -5.51311e-09 0.5 0.866025 -5.51311e-09 -0.5 0.866025 -5.51311e-09 -1 0 -5.51311e-09 -0.5 -0.866025 -5.51311e-09 0 -1 -5.51311e-09 0.866025 -0.5 -5.51311e-09 0.866025 0.5 -5.51311e-09 0 1 -5.51311e-09 -0.866025 0.5 -5.51311e-09 -0.866025 -0.5 2.20525e-08 0.5 -0.866025 1.37828e-08 1 0 2.20525e-08 0.5 0.866025 2.20525e-08 -0.5 0.866025 1.37828e-08 -1 0 2.20525e-08 -0.5 -0.866025 -1.92959e-08 0 -1 -2.75656e-08 0.866025 -0.5 -2.75656e-08 0.866025 0.5 -1.92959e-08 0 1 -2.75656e-08 -0.866025 0.5 -2.75656e-08 -0.866025 -0.5 -5.51311e-09 0.5 -0.866025 -5.51311e-09 1 0 -5.51311e-09 0.5 0.866025 -5.51311e-09 -0.5 0.866025 -5.51311e-09 -1 0 -5.51311e-09 -0.5 -0.866025 -5.51311e-09 0 -1 -5.51311e-09 0.866025 -0.5 -5.51311e-09 0.866025 0.5 -5.51311e-09 0 1 -5.51311e-09 -0.866025 0.5 -5.51311e-09 -0.866025 -0.5 -5.51311e-09 0.5 -0.866025 -5.51311e-09 1 0 -5.51311e-09 0.5 0.866025 -5.51311e-09 -0.5 0.866025 -5.51311e-09 -1 0 -5.51311e-09 -0.5 -0.866025 1.37828e-08 0 -1 2.20525e-08 0.866025 -0.5 2.20525e-08 0.866025 0.5 1.37828e-08 0 1 2.20525e-08 -0.866025 0.5 2.20525e-08 -0.866025 -0.5 -4.41049e-08 0.5 -0.866025 -4.41049e-08 1 0 -4.41049e-08 0.5 0.866025 -4.41049e-08 -0.5 0.866025 -4.41049e-08 -1 0 -4.41049e-08 -0.5 -0.866025 4.41049e-08 0 -1 4.41049e-08 0.866025 -0.5 4.41049e-08 0.866025 0.5 4.41049e-08 0 1 4.41049e-08 -0.866025 0.5 4.41049e-08 -0.866025 -0.5 -4.41049e-08 0.5 -0.866025 -4.41049e-08 1 0 -4.41049e-08 0.5 0.866025 -4.41049e-08 -0.5 0.866025 -4.41049e-08 -1 0 -4.41049e-08 -0.5 -0.866025 4.41049e-08 0 -1 4.41049e-08 0.866025 -0.5 4.41049e-08 0.866025 0.5 4.41049e-08 0 1 4.41049e-08 -0.866025 0.5 4.41049e-08 -0.866025 -0.5 0 0.5 -0.866025 0 1 0 0 0.5 0.866025 0 -0.5 0.866025 0 -1 0 0 -0.5 -0.866025 -4.41049e-08 0 -1 -4.41049e-08 0.866025 -0.5 -4.41049e-08 0.866025 0.5 -4.41049e-08 0 1 -4.41049e-08 -0.866025 0.5 -4.41049e-08 -0.866025 -0.5 4.41049e-08 0.5 -0.866025 4.41049e-08 1 0 4.41049e-08 0.5 0.866025 4.41049e-08 -0.5 0.866025 4.41049e-08 -1 0 4.41049e-08 -0.5 -0.866025 -4.41049e-08 0 -1 -4.41049e-08 0.866025 -0.5 -4.41049e-08 0.866025 0.5 -4.41049e-08 0 1 -4.41049e-08 -0.866025 0.5 -4.41049e-08 -0.866025 -0.5 4.41049e-08 0.5 -0.866025 4.41049e-08 1 0 4.41049e-08 0.5 0.866025 4.41049e-08 -0.5 0.866025 4.41049e-08 -1 0 4.41049e-08 -0.5 -0.866025 0 0 -1 0 0.866025 -0.5 0 0.866025 0.5 0 0 1 0 -0.866025 0.5 0 -0.866025 -0.5 -4.41049e-08 0.5 -0.866025 -4.41049e-08 1 0 -4.41049e-08 0.5 0.866025 -4.41049e-08 -0.5 0.866025 -4.41049e-08 -1 0 -4.41049e-08 -0.5 -0.866025 4.41049e-08 0 -1 4.41049e-08 0.866025 -0.5 4.41049e-08 0.866025 0.5 4.41049e-08 0 1 4.41049e-08 -0.866025 0.5 4.41049e-08 -0.866025 -0.5 -4.41049e-08 0.5 -0.866025 -4.41049e-08 1 0 -4.41049e-08 0.5 0.866025 -4.41049e-08 -0.5 0.866025 -4.41049e-08 -1 0 -4.41049e-08 -0.5 -0.866025 0 0 -1 0 0.866025 -0.5 0 0.866025 0.5 0 0 1 0 -0.866025 0.5 0 -0.866025 -0.5 8.82098e-08 0.5 -0.866025 9.09664e-08 1 0 8.82098e-08 0.5 0.866025 8.82098e-08 -0.5 0.866025 9.09664e-08 -1 0 8.82098e-08 -0.5 -0.866025 -8.54533e-08 0 -1 -8.26967e-08 0.866025 -0.5 -8.26967e-08 0.866025 0.5 -8.54533e-08 0 1 -8.26967e-08 -0.866025 0.5 -8.26967e-08 -0.866025 -0.5 0 0.5 -0.866025 0 1 0 0 0.5 0.866025 0 -0.5 0.866025 0 -1 0 0 -0.5 -0.866025 9.09664e-08 0 -1 8.82098e-08 0.866025 -0.5 8.82098e-08 0.866025 0.5 9.09664e-08 0 1 8.82098e-08 -0.866025 0.5 8.82098e-08 -0.866025 -0.5 -8.26967e-08 0.5 -0.866025 -8.54533e-08 1 0 -8.26967e-08 0.5 0.866025 -8.26967e-08 -0.5 0.866025 -8.54533e-08 -1 0 -8.26967e-08 -0.5 -0.866025 0 0 -1 0 0.866025 -0.5 0 0.866025 0.5 0 0 1 0 -0.866025 0.5 0 -0.866025 -0.5 0 0.5 -0.866025 0 1 0 0 0.5 0.866025 0 -0.5 0.866025 0 -1 0 0 -0.5 -0.866025 9.09664e-08 0 -1 8.82098e-08 0.866025 -0.5 8.82098e-08 0.866025 0.5 9.09664e-08 0 1 8.82098e-08 -0.866025 0.5 8.82098e-08 -0.866025 -0.5 -8.26967e-08 0.5 -0.866025 -8.54533e-08 1 0 -8.26967e-08 0.5 0.866025 -8.26967e-08 -0.5 0.866025 -8.54533e-08 -1 0 -8.26967e-08 -0.5 -0.866025 0 0 -1 0 0.866025 -0.5 0 0.866025 0.5 0 0 1 0 -0.866025 0.5 0 -0.866025 -0.5 8.82098e-08 0.5 -0.866025 9.09664e-08 1 0 8.82098e-08 0.5 0.866025 8.82098e-08 -0.5 0.866025 9.09664e-08 -1 0 8.82098e-08 -0.5 -0.866025 -8.54533e-08 0 -1 -8.26967e-08 0.866025 -0.5 -8.26967e-08 0.866025 0.5 -8.54533e-08 0 1 -8.26967e-08 -0.866025 0.5 -8.26967e-08 -0.866025 -0.5 0 0.5 -0.866025 0 1 0 0 0.5 0.866025 0 -0.5 0.866025 0 -1 0 0 -0.5 -0.866025 9.09664e-08 0 -1 8.82098e-08 0.866025 -0.5 8.82098e-08 0.866025 0.5 9.09664e-08 0 1 8.82098e-08 -0.866025 0.5 8.82098e-08 -0.866025 -0.5 -8.26967e-08 0.5 -0.866025 -8.54533e-08 1 0 -8.26967e-08 0.5 0.866025 -8.26967e-08 -0.5 0.866025 -8.54533e-08 -1 0 -8.26967e-08 -0.5 -0.866025 0 0 -1 0 0.866025 -0.5 0 0.866025 0.5 0 0 1 0 -0.866025 0.5 0 -0.866025 -0.5 0 0.5 -0.866025 0 1 0 0 0.5 0.866025 0 -0.5 0.866025 0 -1 0 0 -0.5 -0.866025 9.09664e-08 0 -1 8.82098e-08 0.866025 -0.5 8.82098e-08 0.866025 0.5 9.09664e-08 0 1 8.82098e-08 -0.866025 0.5 8.82098e-08 -0.866025 -0.5 -8.26967e-08 0.5 -0.866025 -8.54533e-08 1 0 -8.26967e-08 0.5 0.866025 -8.26967e-08 -0.5 0.866025 -8.54533e-08 -1 0 -8.26967e-08 -0.5 -0.866025 0 0 -1 0 0.866025 -0.5 0 0.866025 0.5 0 0 1 0 -0.866025 0.5 0 -0.866025 -0.5 8.82098e-08 0.5 -0.866025 9.09664e-08 1 0 8.82098e-08 0.5 0.866025 8.82098e-08 -0.5 0.866025 9.09664e-08 -1 0 8.82098e-08 -0.5 -0.866025 -8.54533e-08 0 -1 -8.26967e-08 0.866025 -0.5 -8.26967e-08 0.866025 0.5 -8.54533e-08 0 1 -8.26967e-08 -0.866025 0.5 -8.26967e-08 -0.866025 -0.5 0 0.5 -0.866025 0 1 0 0 0.5 0.866025 0 -0.5 0.866025 0 -1 0 0 -0.5 -0.866025 0 0 -1 0 0.866025 -0.5 0 0.866025 0.5 0 0 1 0 -0.866025 0.5 0 -0.866025 -0.5 8.82098e-08 0.5 -0.866025 9.09664e-08 1 0 8.82098e-08 0.5 0.866025 8.82098e-08 -0.5 0.866025 9.09664e-08 -1 0 8.82098e-08 -0.5 -0.866025 -8.54533e-08 0 -1 -8.26967e-08 0.866025 -0.5 -8.26967e-08 0.866025 0.5 -8.54533e-08 0 1 -8.26967e-08 -0.866025 0.5 -8.26967e-08 -0.866025 -0.5 0 0.5 -0.866025 0 1 0 0 0.5 0.866025 0 -0.5 0.866025 0 -1 0 0 -0.5 -0.866025 0 0 -1 0 0.866025 -0.5 0 0.866025 0.5 0 0 1 0 -0.866025 0.5 0 -0.866025 -0.5 0 0.5 -0.866025 0 1 0 0 0.5 0.866025 0 -0.5 0.866025 0 -1 0 0 -0.5 -0.866025 1.7642e-07 0 -1 1.70907e-07 0.866025 -0.5 1.70907e-07 0.866025 0.5 1.7642e-07 0 1 1.70907e-07 -0.866025 0.5 1.70907e-07 -0.866025 -0.5 -1.70907e-07 0.5 -0.866025 -1.7642e-07 1 0 -1.70907e-07 0.5 0.866025 -1.70907e-07 -0.5 0.866025 -1.7642e-07 -1 0 -1.70907e-07 -0.5 -0.866025 0 0 -1 0 0.866025 -0.5 0 0.866025 0.5 0 0 1 0 -0.866025 0.5 0 -0.866025 -0.5 0 0.5 -0.866025 0 1 0 0 0.5 0.866025 0 -0.5 0.866025 0 -1 0 0 -0.5 -0.866025 0 0 -1 0 0.866025 -0.5 0 0.866025 0.5 0 0 1 0 -0.866025 0.5 0 -0.866025 -0.5 0 0.5 -0.866025 0 1 0 0 0.5 0.866025 0 -0.5 0.866025 0 -1 0 0 -0.5 -0.866025 0 0 -1 0 0.866025 -0.5 0 0.866025 0.5 0 0 1 0 -0.866025 0.5 0 -0.866025 -0.5 1.70907e-07 0.5 -0.866025 1.7642e-07 1 0 1.70907e-07 0.5 0.866025 1.70907e-07 -0.5 0.866025 1.7642e-07 -1 0 1.70907e-07 -0.5 -0.866025 -1.7642e-07 0 -1 -1.70907e-07 0.866025 -0.5 -1.70907e-07 0.866025 0.5 -1.7642e-07 0 1 -1.70907e-07 -0.866025 0.5 -1.70907e-07 -0.866025 -0.5 0 0.5 -0.866025 0 1 0 0 0.5 0.866025 0 -0.5 0.866025 0 -1 0 0 -0.5 -0.866025 0 0 -1 0 0.866025 -0.5 0 0.866025 0.5 0 0 1 0 -0.866025 0.5 0 -0.866025 -0.5 0 0.5 -0.866025 0 1 0 0 0.5 0.866025 0 -0.5 0.866025 0 -1 0 0 -0.5 -0.866025 0 0 -1 0 0.866025 -0.5 0 0.866025 0.5 0 0 1 0 -0.866025 0.5 0 -0.866025 -0.5 0 0.5 -0.866025 0 1 0 0 0.5 0.866025 0 -0.5 0.866025 0 -1 0 0 -0.5 -0.866025 1.7642e-07 0 -1 1.70907e-07 0.866025 -0.5 1.70907e-07 0.866025 0.5 1.7642e-07 0 1 1.70907e-07 -0.866025 0.5 1.70907e-07 -0.866025 -0.5 -1.70907e-07 0.5 -0.866025 -1.7642e-07 1 0 -1.70907e-07 0.5 0.866025 -1.70907e-07 -0.5 0.866025 -1.7642e-07 -1 0 -1.70907e-07 -0.5 -0.866025 0 0 -1 0 0.866025 -0.5 0 0.866025 0.5 0 0 1 0 -0.866025 0.5 0 -0.866025 -0.5 0 0.5 -0.866025 0 1 0 0 0.5 0.866025 0 -0.5 0.866025 0 -1 0 0 -0.5 -0.866025 0 0 -1 0 0.866025 -0.5 0 0.866025 0.5 0 0 1 0 -0.866025 0.5 0 -0.866025 -0.5 0 0.5 -0.866025 0 1 0 0 0.5 0.866025 0 -0.5 0.866025 0 -1 0 0 -0.5 -0.866025 0 0 -1 0 0.866025 -0.5 0 0.866025 0.5 0 0 1 0 -0.866025 0.5 0 -0.866025 -0.5 1.70907e-07 0.5 -0.866025 1.7642e-07 1 0 1.70907e-07 0.5 0.866025 1.70907e-07 -0.5 0.866025 1.7642e-07 -1 0 1.70907e-07 -0.5 -0.866025 -1.7642e-07 0 -1 -1.70907e-07 0.866025 -0.5 -1.70907e-07 0.866025 0.5 -1.7642e-07 0 1 -1.70907e-07 -0.866025 0.5 -1.70907e-07 -0.866025 -0.5 0 0.5 -0.866025 0 1 0 0 0.5 0.866025 0 -0.5 0.866025 0 -1 0 0 -0.5 -0.866025 0 0 -1 0 0.866025 -0.5 0 0.866025 0.5 0 0 1 0 -0.866025 0.5 0 -0.866025 -0.5 0 0.5 -0.866025 0 1 0 0 0.5 0.866025 0 -0.5 0.866025 0 -1 0 0 -0.5 -0.866025 0 0 -1 0 0.866025 -0.5 0 0.866025 0.5 0 0 1 0 -0.866025 0.5 0 -0.866025 -0.5 1.70907e-07 0.5 -0.866025 1.7642e-07 1 0 1.70907e-07 0.5 0.866025 1.70907e-07 -0.5 0.866025 1.7642e-07 -1 0 1.70907e-07 -0.5 -0.866025 -1.7642e-07 0 -1 -1.70907e-07 0.866025 -0.5 -1.70907e-07 0.866025 0.5 -1.7642e-07 0 1 -1.70907e-07 -0.866025 0.5 -1.70907e-07 -0.866025 -0.5 0 0.5 -0.866025 0 1 0 0 0.5 0.866025 0 -0.5 0.866025 0 -1 0 0 -0.5 -0.866025 0 0 -1 0 0.866025 -0.5 0 0.866025 0.5 0 0 1 0 -0.866025 0.5 0 -0.866025 -0.5 0 0.5 -0.866025 0 1 0 0 0.5 0.866025 0 -0.5 0.866025 0 -1 0 0 -0.5 -0.866025 0 0 -1 0 0.866025 -0.5 0 0.866025 0.5 0 0 1 0 -0.866025 0.5 0 -0.866025 -0.5 0 0.5 -0.866025 0 1 0 0 0.5 0.866025 0 -0.5 0.866025 0 -1 0 0 -0.5 -0.866025 1.7642e-07 0 -1 1.70907e-07 0.866025 -0.5 1.70907e-07 0.866025 0.5 1.7642e-07 0 1 1.70907e-07 -0.866025 0.5 1.70907e-07 -0.866025 -0.5 -1.70907e-07 0.5 -0.866025 -1.7642e-07 1 0 -1.70907e-07 0.5 0.866025 -1.70907e-07 -0.5 0.866025 -1.7642e-07 -1 0 -1.70907e-07 -0.5 -0.866025 0 0 -1 0 0.866025 -0.5 0 0.866025 0.5 0 0 1 0 -0.866025 0.5 0 -0.866025 -0.5 0 0.5 -0.866025 0 1 0 0 0.5 0.866025 0 -0.5 0.866025 0 -1 0 0 -0.5 -0.866025 0 0 -1 0 0.866025 -0.5 0 0.866025 0.5 0 0 1 0 -0.866025 0.5 0 -0.866025 -0.5 0 0.5 -0.866025 0 1 0 0 0.5 0.866025 0 -0.5 0.866025 0 -1 0 0 -0.5 -0.866025 0 0 -1 0 0.866025 -0.5 0 0.866025 0.5 0 0 1 0 -0.866025 0.5 0 -0.866025 -0.5 1.70907e-07 0.5 -0.866025 1.7642e-07 1 0 1.70907e-07 0.5 0.866025 1.70907e-07 -0.5 0.866025 1.7642e-07 -1 0 1.70907e-07 -0.5 -0.866025 -1.7642e-07 0 -1 -1.70907e-07 0.866025 -0.5 -1.70907e-07 0.866025 0.5 -1.7642e-07 0 1 -1.70907e-07 -0.866025 0.5 -1.70907e-07 -0.866025 -0.5 0 0.5 -0.866025 0 1 0 0 0.5 0.866025 0 -0.5 0.866025 0 -1 0 0 -0.5 -0.866025 0 0 -1 0 0.866025 -0.5 0 0.866025 0.5 0 0 1 0 -0.866025 0.5 0 -0.866025 -0.5 0 0.5 -0.866025 0 1 0 0 0.5 0.866025 0 -0.5 0.866025 0 -1 0 0 -0.5 -0.866025 0 0 -1 0 0.866025 -0.5 0 0.866025 0.5 0 0 1 0 -0.866025 0.5 0 -0.866025 -0.5 0 0.5 -0.866025 0 1 0 0 0.5 0.866025 0 -0.5 0.866025 0 -1 0 0 -0.5 -0.866025 1.7642e-07 0 -1 1.70907e-07 0.866025 -0.5 1.70907e-07 0.866025 0.5 1.7642e-07 0 1 1.70907e-07 -0.866025 0.5 1.70907e-07 -0.866025 -0.5 -1.70907e-07 0.5 -0.866025 -1.7642e-07 1 0 -1.70907e-07 0.5 0.866025 -1.70907e-07 -0.5 0.866025 -1.7642e-07 -1 0 -1.70907e-07 -0.5 -0.866025 0 0 -1 0 0.866025 -0.5 0 0.866025 0.5 0 0 1 0 -0.866025 0.5 0 -0.866025 -0.5 0 0.5 -0.866025 0 1 0 0 0.5 0.866025 0 -0.5 0.866025 0 -1 0 0 -0.5 -0.866025 0.0538637 0 -0.998548 0.0538636 0.864768 -0.499274 0.0538636 0.864768 0.499274 0.0538637 0 0.998548 0.0538636 -0.864768 0.499274 0.0538636 -0.864768 -0.499274 -1 0 0 -1 0 0 -1 0 0 -1 0 0 -1 0 0 -1 0 0 -1 0 0 1 0 0 1 0 0 1 0 0 1 0 0 1 0 0 1 0 0 1 0 0"/>
    </IndexedTriangleSet>
   </Shape>
  </Transform>
  </Group>
  <Group>
  <Transform rotation="0 0 1 0" translation="0 0 0">
   <Shape>
    <Appearance DEF='ap3'>
     <Material ambientIntensity='1' diffuseColor='0 0.619608 0.45098' specularColor='0.85 0.85 0.85' shininess='0.234375' transparency='0'/>
    </Appearance>
    <IndexedTriangleSet DEF='its3' index="0 1 6 1 7 6 1 2 7 2 8 7 2 3 8 3 9 8 3 4 9 4 10 9 4 5 10 5 11 10 5 0 11 0 6 11 6 7 13 6 13 12 7 8 14 7 14 13 8 9 15 8 15 14 9 10 16 9 16 15 10 11 17 10 17 16 11 6 12 11 12 17 12 13 18 13 19 18 13 14 19 14 20 19 14 15 20 15 21 20 15 16 21 16 22 21 16 17 22 17 23 22 17 12 23 12 18 23 18 19 25 18 25 24 19 20 26 19 26 25 20 21 27 20 27 26 21 22 28 21 28 27 22 23 29 22 29 28 23 18 24 23 24 29 24 25 30 25 31 30 25 26 31 26 32 31 26 27 32 27 33 32 27 28 33 28 34 33 28 29 34 29 35 34 29 24 35 24 30 35 30 31 37 30 37 36 31 32 38 31 38 37 32 33 39 32 39 38 33 34 40 33 40 39 34 35 41 34 41 40 35 30 36 35 36 41 36 37 42 37 43 42 37 38 43 38 44 43 38 39 44 39 45 44 39 40 45 40 46 45 40 41 46 41 47 46 41 36 47 36 42 47 42 43 49 42 49 48 43 44 50 43 50 49 44 45 51 44 51 50 45 46 52 45 52 51 46 47 53 46 53 52 47 42 48 47 48 53 48 49 54 49 55 54 49 50 55 50 56 55 50 51 56 51 57 56 51 52 57 52 58 57 52 53 58 53 59 58 53 48 59 48 54 59 54 55 61 54 61 60 55 56 62 55 62 61 56 57 63 56 63 62 57 58 64 57 64 63 58 59 65 58 65 64 59 54 60 59 60 65 60 61 66 61 67 66 61 62 67 62 68 67 62 63 68 63 69 68 63 64 69 64 70 69 64 65 70 65 71 70 65 60 71 60 66 71 66 67 73 66 73 72 67 68 74 67 74 73 68 69 75 68 75 74 69 70 76 69 76 75 70 71 77 70 77 76 71 66 72 71 72 77 72 73 78 73 79 78 73 74 79 74 80 79 74 75 80 75 81 80 75 76 81 76 82 81 76 77 82 77 83 82 77 72 83 72 78 83 78 79 85 78 85 84 79 80 86 79 86 85 80 81 87 80 87 86 81 82 88 81 88 87 82 83 89 82 89 88 83 78 84 83 84 89 84 85 90 85 91 90 85 86 91 86 92 91 86 87 92 87 93 92 87 88 93 88 94 93 88 89 94 89 95 94 89 84 95 84 90 95 90 91 97 90 97 96 91 92 98 91 98 97 92 93 99 92 99 98 93 94 100 93 100 99 94 95 101 94 101 100 95 90 96 95 96 101 96 97 102 97 103 102 97 98 103 98 104 103 98 99 104 99 105 104 99 100 105 100 106 105 100 101 106 101 107 106 101 96 107 96 102 107 102 103 109 102 109 108 103 104 110 103 110 109 104 105 111 104 111 110 105 106 112 105 112 111 106 107 113 106 113 112 107 102 108 107 108 113 108 109 114 109 115 114 109 110 115 110 116 115 110 111 116 111 117 116 111 112 117 112 118 117 112 113 118 113 119 118 113 108 119 108 114 119 114 115 121 114 121 120 115 116 122 115 122 121 116 117 123 116 123 122 117 118 124 117 124 123 118 119 125 118 125 124 119 114 120 119 120 125 120 121 126 121 127 126 121 122 127 122 128 127 122 123 128 123 129 128 123 124 129 124 130 129 124 125 130 125 131 130 125 120 131 120 126 131 126 127 133 126 133 132 127 128 134 127 134 133 128 129 135 128 135 134 129 130 136 129 136 135 130 131 137 130 137 136 131 126 132 131 132 137 132 133 138 133 139 138 133 134 139 134 140 139 134 135 140 135 141 140 135 136 141 136 142 141 136 137 142 137 143 142 137 132 143 132 138 143 138 139 145 138 145 144 139 140 146 139 146 145 140 141 147 140 147 146 141 142 148 141 148 147 142 143 149 142 149 148 143 138 144 143 144 149 144 145 150 145 151 150 145 146 151 146 152 151 146 147 152 147 153 152 147 148 153 148 154 153 148 149 154 149 155 154 149 144 155 144 150 155 150 151 157 150 157 156 151 152 158 151 158 157 152 153 159 152 159 158 153 154 160 153 160 159 154 155 161 154 161 160 155 150 156 155 156 161 156 157 162 157 163 162 157 158 163 158 164 163 158 159 164 159 165 164 159 160 165 160 166 165 160 161 166 161 167 166 161 156 167 156 162 167 162 163 169 162 169 168 163 164 170 163 170 169 164 165 171 164 171 170 165 166 172 165 172 171 166 167 173 166 173 172 167 162 168 167 168 173 168 169 174 169 175 174 169 170 175 170 176 175 170 171 176 171 177 176 171 172 177 172 178 177 172 173 178 173 179 178 173 168 179 168 174 179 174 175 181 174 181 180 175 176 182 175 182 181 176 177 183 176 183 182 177 178 184 177 184 183 178 179 185 178 185 184 179 174 180 179 180 185 180 181 186 181 187 186 181 182 187 182 188 187 182 183 188 183 189 188 183 184 189 184 190 189 184 185 190 185 191 190 185 180 191 180 186 191 186 187 193 186 193 192 187 188 194 187 194 193 188 189 195 188 195 194 189 190 196 189 196 195 190 191 197 190 197 196 191 186 192 191 192 197 192 193 198 193 199 198 193 194 199 194 200 199 194 195 200 195 201 200 195 196 201 196 202 201 196 197 202 197 203 202 197 192 203 192 198 203 198 199 205 198 205 204 199 200 206 199 206 205 200 201 207 200 207 206 201 202 208 201 208 207 202 203 209 202 209 208 203 198 204 203 204 209 204 205 210 205 211 210 205 206 211 206 212 211 206 207 212 207 213 212 207 208 213 208 214 213 208 209 214 209 215 214 209 204 215 204 210 215 210 211 217 210 217 216 211 212 218 211 218 217 212 213 219 212 219 218 213 214 220 213 220 219 214 215 221 214 221 220 215 210 216 215 216 221 216 217 222 217 223 222 217 218 223 218 224 223 218 219 224 219 225 224 219 220 225 220 226 225 220 221 226 221 227 226 221 216 227 216 222 227 222 223 229 222 229 228 223 224 230 223 230 229 224 225 231 224 231 230 225 226 232 225 232 231 226 227 233 226 233 232 227 222 228 227 228 233 228 229 234 229 235 234 229 230 235 230 236 235 230 231 236 231 237 236 231 232 237 232 238 237 232 233 238 233 239 238 233 228 239 228 234 239 234 235 241 234 241 240 235 236 242 235 242 241 236 237 243 236 243 242 237 238 244 237 244 243 238 239 245 238 245 244 239 234 240 239 240 245 240 241 246 241 247 246 241 242 247 242 248 247 242 243 248 243 249 248 243 244 249 244 250 249 244 245 250 245 251 250 245 240 251 240 246 251 246 247 253 246 253 252 247 248 254 247 254 253 248 249 255 248 255 254 249 250 256 249 256 255 250 251 257 250 257 256 251 246 252 251 252 257 252 253 258 253 259 258 253 254 259 254 260 259 254 255 260 255 261 260 255 256 261 256 262 261 256 257 262 257 263 262 257 252 263 252 258 263 258 259 265 258 265 264 259 260 266 259 266 265 260 261 267 260 267 266 261 262 268 261 268 267 262 263 269 262 269 268 263 258 264 263 264 269 264 265 270 265 271 270 265 266 271 266 272 271 266 267 272 267 273 272 267 268 273 268 274 273 268 269 274 269 275 274 269 264 275 264 270 275 270 271 277 270 277 276 271 272 278 271 278 277 272 273 279 272 279 278 273 274 280 273 280 279 274 275 281 274 281 280 275 270 276 275 276 281 276 277 282 277 283 282 277 278 283 278 284 283 278 279 284 279 285 284 279 280 285 280 286 285 280 281 286 281 287 286 281 276 287 276 282 287 282 283 289 282 289 288 283 284 290 283 290 289 284 285 291 284 291 290 285 286 292 285 292 291 286 287 293 286 293 292 287 282 288 287 288 293 288 289 294 289 295 294 289 290 295 290 296 295 290 291 296 291 297 296 291 292 297 292 298 297 292 293 298 293 299 298 293 288 299 288 294 299 294 295 301 294 301 300 295 296 302 295 302 301 296 297 303 296 303 302 297 298 304 297 304 303 298 299 305 298 305 304 299 294 300 299 300 305 300 301 306 301 307 306 301 302 307 302 308 307 302 303 308 303 309 308 303 304 309 304 310 309 304 305 310 305 311 310 305 300 311 300 306 311 306 307 313 306 313 312 307 308 314 307 314 313 308 309 315 308 315 314 309 310 316 309 316 315 310 311 317 310 317 316 311 306 312 311 312 317 312 313 318 313 319 318 313 314 319 314 320 319 314 315 320 315 321 320 315 316 321 316 322 321 316 317 322 317 323 322 317 312 323 312 318 323 318 319 325 318 325 324 319 320 326 319 326 325 320 321 327 320 327 326 321 322 328 321 328 327 322 323 329 322 329 328 323 318 324 323 324 329 324 325 330 325 331 330 325 326 331 326 332 331 326 327 332 327 333 332 327 328 333 328 334 333 328 329 334 329 335 334 329 324 335 324 330 335 330 331 337 330 337 336 331 332 338 331 338 337 332 333 339 332 339 338 333 334 340 333 340 339 334 335 341 334 341 340 335 330 336 335 336 341 336 337 342 337 343 342 337 338 343 338 344 343 338 339 344 339 345 344 339 340 345 340 346 345 340 341 346 341 347 346 341 336 347 336 342 347 342 343 349 342 349 348 343 344 350 343 350 349 344 345 351 344 351 350 345 346 352 345 352 351 346 347 353 346 353 352 347 342 348 347 348 353 348 349 354 349 355 354 349 350 355 350 356 355 350 351 356 351 357 356 351 352 357 352 358 357 352 353 358 353 359 358 353 348 359 348 354 359 354 355 361 354 361 360 355 356 362 355 362 361 356 357 363 356 363 362 357 358 364 357 364 363 358 359 365 358 365 364 359 354 360 359 360 365 360 361 366 361 367 366 361 362 367 362 368 367 362 363 368 363 369 368 363 364 369 364 370 369 364 365 370 365 371 370 365 360 371 360 366 371 366 367 373 366 373 372 367 368 374 367 374 373 368 369 375 368 375 374 369 370 376 369 376 375 370 371 377 370 377 376 371 366 372 371 372 377 372 373 378 373 379 378 373 374 379 374 380 379 374 375 380 375 381 380 375 376 381 376 382 381 376 377 382 377 383 382 377 372 383 372 378 383 378 379 385 378 385 384 379 380 386 379 386 385 380 381 387 380 387 386 381 382 388 381 388 387 382 383 389 382 389 388 383 378 384 383 384 389 384 385 390 385 391 390 385 386 391 386 392 391 386 387 392 387 393 392 387 388 393 388 394 393 388 389 394 389 395 394 389 384 395 384 390 395 390 391 397 390 397 396 391 392 398 391 398 397 392 393 399 392 399 398 393 394 400 393 400 399 394 395 401 394 401 400 395 390 396 395 396 401 396 397 402 397 403 402 397 398 403 398 404 403 398 399 404 399 405 404 399 400 405 400 406 405 400 401 406 401 407 406 401 396 407 396 402 407 402 403 409 402 409 408 403 404 410 403 410 409 404 405 411 404 411 410 405 406 412 405 412 411 406 407 413 406 413 412 407 402 408 407 408 413 408 409 414 409 415 414 409 410 415 410 416 415 410 411 416 411 417 416 411 412 417 412 418 417 412 413 418 413 419 418 413 408 419 408 414 419 414 415 421 414 421 420 415 416 422 415 422 421 416 417 423 416 423 422 417 418 424 417 424 423 418 419 425 418 425 424 419 414 420 419 420 425 420 421 426 421 427 426 421 422 427 422 428 427 422 423 428 423 429 428 423 424 429 424 430 429 424 425 430 425 431 430 425 420 431 420 426 431 426 427 433 426 433 432 427 428 434 427 434 433 428 429 435 428 435 434 429 430 436 429 436 435 430 431 437 430 437 436 431 426 432 431 432 437 432 433 438 433 439 438 433 434 439 434 440 439 434 435 440 435 441 440 435 436 441 436 442 441 436 437 442 437 443 442 437 432 443 432 438 443 438 439 445 438 445 444 439 440 446 439 446 445 440 441 447 440 447 446 441 442 448 441 448 447 442 443 449 442 449 448 443 438 444 443 444 449 444 445 450 445 451 450 445 446 451 446 452 451 446 447 452 447 453 452 447 448 453 448 454 453 448 449 454 449 455 454 449 444 455 444 450 455 450 451 457 450 457 456 451 452 458 451 458 457 452 453 459 452 459 458 453 454 460 453 460 459 454 455 461 454 461 460 455 450 456 455 456 461 456 457 462 457 463 462 457 458 463 458 464 463 458 459 464 459 465 464 459 460 465 460 466 465 460 461 466 461 467 466 461 456 467 456 462 467 462 463 469 462 469 468 463 464 470 463 470 469 464 465 471 464 471 470 465 466 472 465 472 471 466 467 473 466 473 472 467 462 468 467 468 473 468 469 474 469 475 474 469 470 475 470 476 475 470 471 476 471 477 476 471 472 477 472 478 477 472 473 478 473 479 478 473 468 479 468 474 479 474 475 481 474 481 480 475 476 482 475 482 481 476 477 483 476 483 482 477 478 484 477 484 483 478 479 485 478 485 484 479 474 480 479 480 485 480 481 486 481 487 486 481 482 487 482 488 487 482 483 488 483 489 488 483 484 489 484 490 489 484 485 490 485 491 490 485 480 491 480 486 491 486 487 493 486 493 492 487 488 494 487 494 493 488 489 495 488 495 494 489 490 496 489 496 495 490 491 497 490 497 496 491 486 492 491 492 497 492 493 498 493 499 498 493 494 499 494 500 499 494 495 500 495 501 500 495 496 501 496 502 501 496 497 502 497 503 502 497 492 503 492 498 503 498 499 505 498 505 504 499 500 506 499 506 505 500 501 507 500 507 506 501 502 508 501 508 507 502 503 509 502 509 508 503 498 504 503 504 509 504 505 510 505 511 510 505 506 511 506 512 511 506 507 512 507 513 512 507 508 513 508 514 513 508 509 514 509 515 514 509 504 515 504 510 515 510 511 517 510 517 516 511 512 518 511 518 517 512 513 519 512 519 518 513 514 520 513 520 519 514 515 521 514 521 520 515 510 516 515 516 521 516 517 522 517 523 522 517 518 523 518 524 523 518 519 524 519 525 524 519 520 525 520 526 525 520 521 526 521 527 526 521 516 527 516 522 527 522 523 529 522 529 528 523 524 530 523 530 529 524 525 531 524 531 530 525 526 532 525 532 531 526 527 533 526 533 532 527 522 528 527 528 533 528 529 534 529 535 534 529 530 535 530 536 535 530 531 536 531 537 536 531 532 537 532 538 537 532 533 538 533 539 538 533 528 539 528 534 539 534 535 541 534 541 540 535 536 542 535 542 541 536 537 543 536 543 542 537 538 544 537 544 543 538 539 545 538 545 544 539 534 540 539 540 545 540 541 546 541 547 546 541 542 547 542 548 547 542 543 548 543 549 548 543 544 549 544 550 549 544 545 550 545 551 550 545 540 551 540 546 551 546 547 553 546 553 552 547 548 554 547 554 553 548 549 555 548 555 554 549 550 556 549 556 555 550 551 557 550 557 556 551 546 552 551 552 557 552 553 558 553 559 558 553 554 559 554 560 559 554 555 560 555 561 560 555 556 561 556 562 561 556 557 562 557 563 562 557 552 563 552 558 563 558 559 565 558 565 564 559 560 566 559 566 565 560 561 567 560 567 566 561 562 568 561 568 567 562 563 569 562 569 568 563 558 564 563 564 569 564 565 570 565 571 570 565 566 571 566 572 571 566 567 572 567 573 572 567 568 573 568 574 573 568 569 574 569 575 574 569 564 575 564 570 575 570 571 577 570 577 576 571 572 578 571 578 577 572 573 579 572 579 578 573 574 580 573 580 579 574 575 581 574 581 580 575 570 576 575 576 581 576 577 582 577 583 582 577 578 583 578 584 583 578 579 584 579 585 584 579 580 585 580 586 585 580 581 586 581 587 586 581 576 587 576 582 587 582 583 589 582 589 588 583 584 590 583 590 589 584 585 591 584 591 590 585 586 592 585 592 591 586 587 593 586 593 592 587 582 588 587 588 593 588 589 594 589 595 594 589 590 595 590 596 595 590 591 596 591 597 596 591 592 597 592 598 597 592 593 598 593 599 598 593 588 599 588 594 599 594 595 601 594 601 600 595 596 602 595 602 601 596 597 603 596 603 602 597 598 604 597 604 603 598 599 605 598 605 604 599 594 600 599 600 605 600 601 606 601 607 606 601 602 607 602 608 607 602 603 608 603 609 608 603 604 609 604 610 609 604 605 610 605 611 610 605 600 611 600 606 611 606 607 613 606 613 612 607 608 614 607 614 613 608 609 615 608 615 614 609 610 616 609 616 615 610 611 617 610 617 616 611 606 612 611 612 617 612 613 618 613 619 618 613 614 619 614 620 619 614 615 620 615 621 620 615 616 621 616 622 621 616 617 622 617 623 622 617 612 623 612 618 623 618 619 625 618 625 624 619 620 626 619 626 625 620 621 627 620 627 626 621 622 628 621 628 627 622 623 629 622 629 628 623 618 624 623 624 629 624 625 630 625 631 630 625 626 631 626 632 631 626 627 632 627 633 632 627 628 633 628 634 633 628 629 634 629 635 634 629 624 635 624 630 635 630 631 637 630 637 636 631 632 638 631 638 637 632 633 639 632 639 638 633 634 640 633 640 639 634 635 641 634 641 640 635 630 636 635 636 641 636 637 642 637 643 642 637 638 643 638 644 643 638 639 644 639 645 644 639 640 645 640 646 645 640 641 646 641 647 646 641 636 647 636 642 647 642 643 649 642 649 648 643 644 650 643 650 649 644 645 651 644 651 650 645 646 652 645 652 651 646 647 653 646 653 652 647 642 648 647 648 653 648 649 654 649 655 654 649 650 655 650 656 655 650 651 656 651 657 656 651 652 657 652 658 657 652 653 658 653 659 658 653 648 659 648 654 659 654 655 661 654 661 660 655 656 662 655 662 661 656 657 663 656 663 662 657 658 664 657 664 663 658 659 665 658 665 664 659 654 660 659 660 665 660 661 666 661 667 666 661 662 667 662 668 667 662 663 668 663 669 668 663 664 669 664 670 669 664 665 670 665 671 670 665 660 671 660 666 671 666 667 673 666 673 672 667 668 674 667 674 673 668 669 675 668 675 674 669 670 676 669 676 675 670 671 677 670 677 676 671 666 672 671 672 677 672 673 678 673 679 678 673 674 679 674 680 679 674 675 680 675 681 680 675 676 681 676 682 681 676 677 682 677 683 682 677 672 683 672 678 683 678 679 685 678 685 684 679 680 686 679 686 685 680 681 687 680 687 686 681 682 688 681 688 687 682 683 689 682 689 688 683 678 684 683 684 689 684 685 690 685 691 690 685 686 691 686 692 691 686 687 692 687 693 692 687 688 693 688 694 693 688 689 694 689 695 694 689 684 695 684 690 695 690 691 697 690 697 696 691 692 698 691 698 697 692 693 699 692 699 698 693 694 700 693 700 699 694 695 701 694 701 700 695 690 696 695 696 701 696 697 702 697 703 702 697 698 703 698 704 703 698 699 704 699 705 704 699 700 705 700 706 705 700 701 706 701 707 706 701 696 707 696 702 707 702 703 709 702 709 708 703 704 710 703 710 709 704 705 711 704 711 710 705 706 712 705 712 711 706 707 713 706 713 712 707 702 708 707 708 713 708 709 714 709 715 714 709 710 715 710 716 715 710 711 716 711 717 716 711 712 717 712 718 717 712 713 718 713 719 718 713 708 719 708 714 719 714 715 721 714 721 720 715 716 722 715 722 721 716 717 723 716 723 722 717 718 724 717 724 723 718 719 725 718 725 724 719 714 720 719 720 725 720 721 726 721 727 726 721 722 727 722 728 727 722 723 728 723 729 728 723 724 729 724 730 729 724 725 730 725 731 730 725 720 731 720 726 731 726 727 733 726 733 732 727 728 734 727 734 733 728 729 735 728 735 734 729 730 736 729 736 735 730 731 737 730 737 736 731 726 732 731 732 737 732 733 738 733 739 738 733 734 739 734 740 739 734 735 740 735 741 740 735 736 741 736 742 741 736 737 742 737 743 742 737 732 743 732 738 743 738 739 745 738 745 744 739 740 746 739 746 745 740 741 747 740 747 746 741 742 748 741 748 747 742 743 749 742 749 748 743 738 744 743 744 749 744 745 750 745 751 750 745 746 751 746 752 751 746 747 752 747 753 752 747 748 753 748 754 753 748 749 754 749 755 754 749 744 755 744 750 755 750 751 757 750 757 756 751 752 758 751 758 757 752 753 759 752 759 758 753 754 760 753 760 759 754 755 761 754 761 760 755 750 756 755 756 761 756 757 762 757 763 762 757 758 763 758 764 763 758 759 764 759 765 764 759 760 765 760 766 765 760 761 766 761 767 766 761 756 767 756 762 767 762 763 769 762 769 768 763 764 770 763 770 769 764 765 771 764 771 770 765 766 772 765 772 771 766 767 773 766 773 772 767 762 768 767 768 773 768 769 774 769 775 774 769 770 775 770 776 775 770 771 776 771 777 776 771 772 777 772 778 777 772 773 778 773 779 778 773 768 779 768 774 779 774 775 781 774 781 780 775 776 782 775 782 781 776 777 783 776 783 782 777 778 784 777 784 783 778 779 785 778 785 784 779 774 780 779 780 785 780 781 786 781 787 786 781 782 787 782 788 787 782 783 788 783 789 788 783 784 789 784 790 789 784 785 790 785 791 790 785 780 791 780 786 791 786 787 793 786 793 792 787 788 794 787 794 793 788 789 795 788 795 794 789 790 796 789 796 795 790 791 797 790 797 796 791 786 792 791 792 797 792 793 798 793 799 798 793 794 799 794 800 799 794 795 800 795 801 800 795 796 801 796 802 801 796 797 802 797 803 802 797 792 803 792 798 803 798 799 805 798 805 804 799 800 806 799 806 805 800 801 807 800 807 806 801 802 808 801 808 807 802 803 809 802 809 808 803 798 804 803 804 809 804 805 810 805 811 810 805 806 811 806 812 811 806 807 812 807 813 812 807 808 813 808 814 813 808 809 814 809 815 814 809 804 815 804 810 815 810 811 817 810 817 816 811 812 818 811 818 817 812 813 819 812 819 818 813 814 820 813 820 819 814 815 821 814 821 820 815 810 816 815 816 821 816 817 822 817 823 822 817 818 823 818 824 823 818 819 824 819 825 824 819 820 825 820 826 825 820 821 826 821 827 826 821 816 827 816 822 827 822 823 829 822 829 828 823 824 830 823 830 829 824 825 831 824 831 830 825 826 832 825 832 831 826 827 833 826 833 832 827 822 828 827 828 833 828 829 834 829 835 834 829 830 835 830 836 835 830 831 836 831 837 836 831 832 837 832 838 837 832 833 838 833 839 838 833 828 839 828 834 839 834 835 841 834 841 840 835 836 842 835 842 841 836 837 843 836 843 842 837 838 844 837 844 843 838 839 845 838 845 844 839 834 840 839 840 845 840 841 846 841 847 846 841 842 847 842 848 847 842 843 848 843 849 848 843 844 849 844 850 849 844 845 850 845 851 850 845 840 851 840 846 851 846 847 853 846 853 852 847 848 854 847 854 853 848 849 855 848 855 854 849 850 856 849 856 855 850 851 857 850 857 856 851 846 852 851 852 857 852 853 858 853 859 858 853 854 859 854 860 859 854 855 860 855 861 860 855 856 861 856 862 861 856 857 862 857 863 862 857 852 863 852 858 863 858 859 865 858 865 864 859 860 866 859 866 865 860 861 867 860 867 866 861 862 868 861 868 867 862 863 869 862 869 868 863 858 864 863 864 869 864 865 870 865 871 870 865 866 871 866 872 871 866 867 872 867 873 872 867 868 873 868 874 873 868 869 874 869 875 874 869 864 875 864 870 875 870 871 877 870 877 876 871 872 878 871 878 877 872 873 879 872 879 878 873 874 880 873 880 879 874 875 881 874 881 880 875 870 876 875 876 881 876 877 882 877 883 882 877 878 883 878 884 883 878 879 884 879 885 884 879 880 885 880 886 885 880 881 886 881 887 886 881 876 887 876 882 887 882 883 889 882 889 888 883 884 890 883 890 889 884 885 891 884 891 890 885 886 892 885 892 891 886 887 893 886 893 892 887 882 888 887 888 893 888 889 894 889 895 894 889 890 895 890 896 895 890 891 896 891 897 896 891 892 897 892 898 897 892 893 898 893 899 898 893 888 899 888 894 899 894 895 901 894 901 900 895 896 902 895 902 901 896 897 903 896 903 902 897 898 904 897 904 903 898 899 905 898 905 904 899 894 900 899 900 905 900 901 906 901 907 906 901 902 907 902 908 907 902 903 908 903 909 908 903 904 909 904 910 909 904 905 910 905 911 910 905 900 911 900 906 911 906 907 913 906 913 912 907 908 914 907 914 913 908 909 915 908 915 914 909 910 916 909 916 915 910 911 917 910 917 916 911 906 912 911 912 917 912 913 918 913 919 918 913 914 919 914 920 919 914 915 920 915 921 920 915 916 921 916 922 921 916 917 922 917 923 922 917 912 923 912 918 923 918 919 925 918 925 924 919 920 926 919 926 925 920 921 927 920 927 926 921 922 928 921 928 927 922 923 929 922 929 928 923 918 924 923 924 929 924 925 930 925 931 930 925 926 931 926 932 931 926 927 932 927 933 932 927 928 933 928 934 933 928 929 934 929 935 934 929 924 935 924 930 935 930 931 937 930 937 936 931 932 938 931 938 937 932 933 939 932 939 938 933 934 940 933 940 939 934 935 941 934 941 940 935 930 936 935 936 941 936 937 942 937 943 942 937 938 943 938 944 943 938 939 944 939 945 944 939 940 945 940 946 945 940 941 946 941 947 946 941 936 947 936 942 947 942 943 949 942 949 948 943 944 950 943 950 949 944 945 951 944 951 950 945 946 952 945 952 951 946 947 953 946 953 952 947 942 948 947 948 953 948 949 954 949 955 954 949 950 955 950 956 955 950 951 956 951 957 956 951 952 957 952 958 957 952 953 958 953 959 958 953 948 959 948 954 959 954 955 961 954 961 960 955 956 962 955 962 961 956 957 963 956 963 962 957 958 964 957 964 963 958 959 965 958 965 964 959 954 960 959 960 965 960 961 966 961 967 966 961 962 967 962 968 967 962 963 968 963 969 968 963 964 969 964 970 969 964 965 970 965 971 970 965 960 971 960 966 971 966 967 973 966 973 972 967 968 974 967 974 973 968 969 975 968 975 974 969 970 976 969 976 975 970 971 977 970 977 976 971 966 972 971 972 977 972 973 978 973 979 978 973 974 979 974 980 979 974 975 980 975 981 980 975 976 981 976 982 981 976 977 982 977 983 982 977 972 983 972 978 983 978 979 985 978 985 984 979 980 986 979 986 985 980 981 987 980 987 986 981 982 988 981 988 987 982 983 989 982 989 988 983 978 984 983 984 989 984 985 990 985 991 990 985 986 991 986 992 991 986 987 992 987 993 992 987 988 993 988 994 993 988 989 994 989 995 994 989 984 995 984 990 995 990 991 997 990 997 996 991 992 998 991 998 997 992 993 999 992 999 998 993 994 1000 993 1000 999 994 995 1001 994 1001 1000 995 990 996 995 996 1001 996 997 1002 997 1003 1002 997 998 1003 998 1004 1003 998 999 1004 999 1005 1004 999 1000 1005 1000 1006 1005 1000 1001 1006 1001 1007 1006 1001 996 1007 996 1002 1007 1002 1003 1009 1002 1009 1008 1003 1004 1010 1003 1010 1009 1004 1005 1011 1004 1011 1010 1005 1006 1012 1005 1012 1011 1006 1007 1013 1006 1013 1012 1007 1002 1008 1007 1008 1013 1008 1009 1014 1009 1015 1014 1009 1010 1015 1010 1016 1015 1010 1011 1016 1011 1017 1016 1011 1012 1017 1012 1018 1017 1012 1013 1018 1013 1019 1018 1013 1008 1019 1008 1014 1019 1014 1015 1021 1014 1021 1020 1015 1016 1022 1015 1022 1021 1016 1017 1023 1016 1023 1022 1017 1018 1024 1017 1024 1023 1018 1019 1025 1018 1025 1024 1019 1014 1020 1019 1020 1025 1020 1021 1026 1021 1027 1026 1021 1022 1027 1022 1028 1027 1022 1023 1028 1023 1029 1028 1023 1024 1029 1024 1030 1029 1024 1025 1030 1025 1031 1030 1025 1020 1031 1020 1026 1031 1026 1027 1033 1026 1033 1032 1027 1028 1034 1027 1034 1033 1028 1029 1035 1028 1035 1034 1029 1030 1036 1029 1036 1035 1030 1031 1037 1030 1037 1036 1031 1026 1032 1031 1032 1037 1032 1033 1038 1033 1039 1038 1033 1034 1039 1034 1040 1039 1034 1035 1040 1035 1041 1040 1035 1036 1041 1036 1042 1041 1036 1037 1042 1037 1043 1042 1037 1032 1043 1032 1038 1043 1038 1039 1045 1038 1045 1044 1039 1040 1046 1039 1046 1045 1040 1041 1047 1040 1047 1046 1041 1042 1048 1041 1048 1047 1042 1043 1049 1042 1049 1048 1043 1038 1044 1043 1044 1049 1044 1045 1050 1045 1051 1050 1045 1046 1051 1046 1052 1051 1046 1047 1052 1047 1053 1052 1047 1048 1053 1048 1054 1053 1048 1049 1054 1049 1055 1054 1049 1044 1055 1044 1050 1055 1050 1051 1057 1050 1057 1056 1051 1052 1058 1051 1058 1057 1052 1053 1059 1052 1059 1058 1053 1054 1060 1053 1060 1059 1054 1055 1061 1054 1061 1060 1055 1050 1056 1055 1056 1061 1056 1057 1062 1057 1063 1062 1057 1058 1063 1058 1064 1063 1058 1059 1064 1059 1065 1064 1059 1060 1065 1060 1066 1065 1060 1061 1066 1061 1067 1066 1061 1056 1067 1056 1062 1067 1062 1063 1069 1062 1069 1068 1063 1064 1070 1063 1070 1069 1064 1065 1071 1064 1071 1070 1065 1066 1072 1065 1072 1071 1066 1067 1073 1066 1073 1072 1067 1062 1068 1067 1068 1073 1068 1069 1074 1069 1075 1074 1069 1070 1075 1070 1076 1075 1070 1071 1076 1071 1077 1076 1071 1072 1077 1072 1078 1077 1072 1073 1078 1073 1079 1078 1073 1068 1079 1068 1074 1079 1074 1075 1081 1074 1081 1080 1075 1076 1082 1075 1082 1081 1076 1077 1083 1076 1083 1082 1077 1078 1084 1077 1084 1083 1078 1079 1085 1078 1085 1084 1079 1074 1080 1079 1080 1085 1080 1081 1086 1081 1087 1086 1081 1082 1087 1082 1088 1087 1082 1083 1088 1083 1089 1088 1083 1084 1089 1084 1090 1089 1084 1085 1090 1085 1091 1090 1085 1080 1091 1080 1086 1091 1086 1087 1093 1086 1093 1092 1087 1088 1094 1087 1094 1093 1088 1089 1095 1088 1095 1094 1089 1090 1096 1089 1096 1095 1090 1091 1097 1090 1097 1096 1091 1086 1092 1091 1092 1097 1092 1093 1098 1093 1099 1098 1093 1094 1099 1094 1100 1099 1094 1095 1100 1095 1101 1100 1095 1096 1101 1096 1102 1101 1096 1097 1102 1097 1103 1102 1097 1092 1103 1092 1098 1103 1098 1099 1105 1098 1105 1104 1099 1100 1106 1099 1106 1105 1100 1101 1107 1100 1107 1106 1101 1102 1108 1101 1108 1107 1102 1103 1109 1102 1109 1108 1103 1098 1104 1103 1104 1109 1104 1105 1110 1105 1111 1110 1105 1106 1111 1106 1112 1111 1106 1107 1112 1107 1113 1112 1107 1108 1113 1108 1114 1113 1108 1109 1114 1109 1115 1114 1109 1104 1115 1104 1110 1115 1110 1111 1117 1110 1117 1116 1111 1112 1118 1111 1118 1117 1112 1113 1119 1112 1119 1118 1113 1114 1120 1113 1120 1119 1114 1115 1121 1114 1121 1120 1115 1110 1116 1115 1116 1121 1116 1117 1122 1117 1123 1122 1117 1118 1123 1118 1124 1123 1118 1119 1124 1119 1125 1124 1119 1120 1125 1120 1126 1125 1120 1121 1126 1121 1127 1126 1121 1116 1127 1116 1122 1127 1122 1123 1129 1122 1129 1128 1123 1124 1130 1123 1130 1129 1124 1125 1131 1124 1131 1130 1125 1126 1132 1125 1132 1131 1126 1127 1133 1126 1133 1132 1127 1122 1128 1127 1128 1133 1128 1129 1134 1129 1135 1134 1129 1130 1135 1130 1136 1135 1130 1131 1136 1131 1137 1136 1131 1132 1137 1132 1138 1137 1132 1133 1138 1133 1139 1138 1133 1128 1139 1128 1134 1139 1134 1135 1141 1134 1141 1140 1135 1136 1142 1135 1142 1141 1136 1137 1143 1136 1143 1142 1137 1138 1144 1137 1144 1143 1138 1139 1145 1138 1145 1144 1139 1134 1140 1139 1140 1145 1140 1141 1146 1141 1147 1146 1141 1142 1147 1142 1148 1147 1142 1143 1148 1143 1149 1148 1143 1144 1149 1144 1150 1149 1144 1145 1150 1145 1151 1150 1145 1140 1151 1140 1146 1151 1146 1147 1153 1146 1153 1152 1147 1148 1154 1147 1154 1153 1148 1149 1155 1148 1155 1154 1149 1150 1156 1149 1156 1155 1150 1151 1157 1150 1157 1156 1151 1146 1152 1151 1152 1157 1152 1153 1158 1153 1159 1158 1153 1154 1159 1154 1160 1159 1154 1155 1160 1155 1161 1160 1155 1156 1161 1156 1162 1161 1156 1157 1162 1157 1163 1162 1157 1152 1163 1152 1158 1163 1158 1159 1165 1158 1165 1164 1159 1160 1166 1159 1166 1165 1160 1161 1167 1160 1167 1166 1161 1162 1168 1161 1168 1167 1162 1163 1169 1162 1169 1168 1163 1158 1164 1163 1164 1169 1164 1165 1170 1165 1171 1170 1165 1166 1171 1166 1172 1171 1166 1167 1172 1167 1173 1172 1167 1168 1173 1168 1174 1173 1168 1169 1174 1169 1175 1174 1169 1164 1175 1164 1170 1175 1170 1171 1177 1170 1177 1176 1171 1172 1178 1171 1178 1177 1172 1173 1179 1172 1179 1178 1173 1174 1180 1173 1180 1179 1174 1175 1181 1174 1181 1180 1175 1170 1176 1175 1176 1181 1176 1177 1182 1177 1183 1182 1177 1178 1183 1178 1184 1183 1178 1179 1184 1179 1185 1184 1179 1180 1185 1180 1186 1185 1180 1181 1186 1181 1187 1186 1181 1176 1187 1176 1182 1187 1182 1183 1189 1182 1189 1188 1183 1184 1190 1183 1190 1189 1184 1185 1191 1184 1191 1190 1185 1186 1192 1185 1192 1191 1186 1187 1193 1186 1193 1192 1187 1182 1188 1187 1188 1193 1188 1189 1194 1189 1195 1194 1189 1190 1195 1190 1196 1195 1190 1191 1196 1191 1197 1196 1191 1192 1197 1192 1198 1197 1192 1193 1198 1193 1199 1198 1193 1188 1199 1188 1194 1199 1194 1195 1201 1194 1201 1200 1195 1196 1202 1195 1202 1201 1196 1197 1203 1196 1203 1202 1197 1198 1204 1197 1204 1203 1198 1199 1205 1198 1205 1204 1199 1194 1200 1199 1200 1205 1200 1201 1206 1201 1207 1206 1201 1202 1207 1202 1208 1207 1202 1203 1208 1203 1209 1208 1203 1204 1209 1204 1210 1209 1204 1205 1210 1205 1211 1210 1205 1200 1211 1200 1206 1211 1206 1207 1213 1206 1213 1212 1207 1208 1214 1207 1214 1213 1208 1209 1215 1208 1215 1214 1209 1210 1216 1209 1216 1215 1210 1211 1217 1210 1217 1216 1211 1206 1212 1211 1212 1217 1212 1213 1218 1213 1219 1218 1213 1214 1219 1214 1220 1219 1214 1215 1220 1215 1221 1220 1215 1216 1221 1216 1222 1221 1216 1217 1222 1217 1223 1222 1217 1212 1223 1212 1218 1223 1218 1219 1225 1218 1225 1224 1219 1220 1226 1219 1226 1225 1220 1221 1227 1220 1227 1226 1221 1222 1228 1221 1228 1227 1222 1223 1229 1222 1229 1228 1223 1218 1224 1223 1224 1229 1224 1225 1230 1225 1231 1230 1225 1226 1231 1226 1232 1231 1226 1227 1232 1227 1233 1232 1227 1228 1233 1228 1234 1233 1228 1229 1234 1229 1235 1234 1229 1224 1235 1224 1230 1235 1230 1231 1237 1230 1237 1236 1231 1232 1238 1231 1238 1237 1232 1233 1239 1232 1239 1238 1233 1234 1240 1233 1240 1239 1234 1235 1241 1234 1241 1240 1235 1230 1236 1235 1236 1241 1236 1237 1242 1237 1243 1242 1237 1238 1243 1238 1244 1243 1238 1239 1244 1239 1245 1244 1239 1240 1245 1240 1246 1245 1240 1241 1246 1241 1247 1246 1241 1236 1247 1236 1242 1247 1242 1243 1249 1242 1249 1248 1243 1244 1250 1243 1250 1249 1244 1245 1251 1244 1251 1250 1245 1246 1252 1245 1252 1251 1246 1247 1253 1246 1253 1252 1247 1242 1248 1247 1248 1253 1248 1249 1254 1249 1255 1254 1249 1250 1255 1250 1256 1255 1250 1251 1256 1251 1257 1256 1251 1252 1257 1252 1258 1257 1252 1253 1258 1253 1259 1258 1253 1248 1259 1248 1254 1259 1254 1255 1261 1254 1261 1260 1255 1256 1262 1255 1262 1261 1256 1257 1263 1256 1263 1262 1257 1258 1264 1257 1264 1263 1258 1259 1265 1258 1265 1264 1259 1254 1260 1259 1260 1265 1260 1261 1266 1261 1267 1266 1261 1262 1267 1262 1268 1267 1262 1263 1268 1263 1269 1268 1263 1264 1269 1264 1270 1269 1264 1265 1270 1265 1271 1270 1265 1260 1271 1260 1266 1271 1266 1267 1273 1266 1273 1272 1267 1268 1274 1267 1274 1273 1268 1269 1275 1268 1275 1274 1269 1270 1276 1269 1276 1275 1270 1271 1277 1270 1277 1276 1271 1266 1272 1271 1272 1277 1272 1273 1278 1273 1279 1278 1273 1274 1279 1274 1280 1279 1274 1275 1280 1275 1281 1280 1275 1276 1281 1276 1282 1281 1276 1277 1282 1277 1283 1282 1277 1272 1283 1272 1278 1283 1278 1279 1285 1278 1285 1284 1279 1280 1286 1279 1286 1285 1280 1281 1287 1280 1287 1286 1281 1282 1288 1281 1288 1287 1282 1283 1289 1282 1289 1288 1283 1278 1284 1283 1284 1289 1284 1285 1290 1285 1291 1290 1285 1286 1291 1286 1292 1291 1286 1287 1292 1287 1293 1292 1287 1288 1293 1288 1294 1293 1288 1289 1294 1289 1295 1294 1289 1284 1295 1284 1290 1295 1290 1291 1297 1290 1297 1296 1291 1292 1298 1291 1298 1297 1292 1293 1299 1292 1299 1298 1293 1294 1300 1293 1300 1299 1294 1295 1301 1294 1301 1300 1295 1290 1296 1295 1296 1301 1296 1297 1302 1297 1303 1302 1297 1298 1303 1298 1304 1303 1298 1299 1304 1299 1305 1304 1299 1300 1305 1300 1306 1305 1300 1301 1306 1301 1307 1306 1301 1296 1307 1296 1302 1307 1302 1303 1309 1302 1309 1308 1303 1304 1310 1303 1310 1309 1304 1305 1311 1304 1311 1310 1305 1306 1312 1305 1312 1311 1306 1307 1313 1306 1313 1312 1307 1302 1308 1307 1308 1313 1308 1309 1314 1309 1315 1314 1309 1310 1315 1310 1316 1315 1310 1311 1316 1311 1317 1316 1311 1312 1317 1312 1318 1317 1312 1313 1318 1313 1319 1318 1313 1308 1319 1308 1314 1319 1314 1315 1321 1314 1321 1320 1315 1316 1322 1315 1322 1321 1316 1317 1323 1316 1323 1322 1317 1318 1324 1317 1324 1323 1318 1319 1325 1318 1325 1324 1319 1314 1320 1319 1320 1325 1326 1328 1327 1326 1329 1328 1326 1330 1329 1326 1331 1330 1326 1332 1331 1326 1327 1332 1333 1334 1335 1333 1335 1336 1333 1336 1337 1333 1337 1338 1333 1338 1339 1333 1339 1334" solid="false" colorPerVertex="false">
     <Coordinate point="0.01 -1 0 0.005 -1 -0.00866025 -0.005 -1 -0.00866025 -0.01 -1 -1.22465e-18 -0.005 -1 0.00866025 0.005 -1 0.00866025 0.00866025 -0.990909 -0.005 6.12323e-19 -0.990909 -0.01 -0.00866025 -0.990909 -0.005 -0.00866025 -0.990909 0.005 -1.83697e-18 -0.990909 0.01 0.00866025 -0.990909 0.005 0.01 -0.981818 0 0.005 -0.981818 -0.00866025 -0.005 -0.981818 -0.00866025 -0.01 -0.981818 -1.22465e-18 -0.005 -0.981818 0.00866025 0.005 -0.981818 0.00866025 0.00866025 -0.972727 -0.005 6.12323e-19 -0.972727 -0.01 -0.00866025 -0.972727 -0.005 -0.00866025 -0.972727 0.005 -1.83697e-18 -0.972727 0.01 0.00866025 -0.972727 0.005 0.01 -0.963636 0 0.005 -0.963636 -0.00866025 -0.005 -0.963636 -0.00866025 -0.01 -0.963636 -1.22465e-18 -0.005 -0.963636 0.00866025 0.005 -0.963636 0.00866025 0.00866025 -0.954545 -0.005 6.12323e-19 -0.954545 -0.01 -0.00866025 -0.954545 -0.005 -0.00866025 -0.954545 0.005 -1.83697e-18 -0.954545 0.01 0.00866025 -0.954545 0.005 0.01 -0.945455 0 0.005 -0.945455 -0.00866025 -0.005 -0.945455 -0.00866025 -0.01 -0.945455 -1.22465e-18 -0.005 -0.945455 0.00866025 0.005 -0.945455 0.00866025 0.00866025 -0.936364 -0.005 6.12323e-19 -0.936364 -0.01 -0.00866025 -0.936364 -0.005 -0.00866025 -0.936364 0.005 -1.83697e-18 -0.936364 0.01 0.00866025 -0.936364 0.005 0.01 -0.927273 0 0.005 -0.927273 -0.00866025 -0.005 -0.927273 -0.00866025 -0.01 -0.927273 -1.22465e-18 -0.005 -0.927273 0.00866025 0.005 -0.927273 0.00866025 0.00866025 -0.918182 -0.005 6.12323e-19 -0.918182 -0.01 -0.00866025 -0.918182 -0.005 -0.00866025 -0.918182 0.005 -1.83697e-18 -0.918182 0.01 0.00866025 -0.918182 0.005 0.01 -0.909091 0 0.005 -0.909091 -0.00866025 -0.005 -0.909091 -0.00866025 -0.01 -0.909091 -1.22465e-18 -0.005 -0.909091 0.00866025 0.005 -0.909091 0.00866025 0.00866025 -0.9 -0.005 6.12323e-19 -0.9 -0.01 -0.00866025 -0.9 -0.005 -0.00866025 -0.9 0.005 -1.83697e-18 -0.9 0.01 0.00866025 -0.9 0.005 0.01 -0.890909 0 0.005 -0.890909 -0.00866025 -0.005 -0.890909 -0.00866025 -0.01 -0.890909 -1.22465e-18 -0.005 -0.890909 0.00866025 0.005 -0.890909 0.00866025 0.00866025 -0.881818 -0.005 6.12323e-19 -0.881818 -0.01 -0.00866025 -0.881818 -0.005 -0.00866025 -0.881818 0.005 -1.83697e-18 -0.881818 0.01 0.00866025 -0.881818 0.005 0.01 -0.872727 0 0.005 -0.872727 -0.00866025 -0.005 -0.872727 -0.00866025 -0.01 -0.872727 -1.22465e-18 -0.005 -0.872727 0.00866025 0.005 -0.872727 0.00866025 0.00866025 -0.863636 -0.005 6.12323e-19 -0.863636 -0.01 -0.00866025 -0.863636 -0.005 -0.00866025 -0.863636 0.005 -1.83697e-18 -0.863636 0.01 0.00866025 -0.863636 0.005 0.01 -0.854545 0 0.005 -0.854545 -0.00866025 -0.005 -0.854545 -0.00866025 -0.01 -0.854545 -1.22465e-18 -0.005 -0.854545 0.00866025 0.005 -0.854545 0.00866025 0.00866025 -0.845455 -0.005 6.12323e-19 -0.845455 -0.01 -0.00866025 -0.845455 -0.005 -0.00866025 -0.845455 0.005 -1.83697e-18 -0.845455 0.01 0.00866025 -0.845455 0.005 0.01 -0.836364 0 0.005 -0.836364 -0.00866025 -0.005 -0.836364 -0.00866025 -0.01 -0.836364 -1.22465e-18 -0.005 -0.836364 0.00866025 0.005 -0.836364 0.00866025 0.00866025 -0.827273 -0.005 6.12323e-19 -0.827273 -0.01 -0.00866025 -0.827273 -0.005 -0.00866025 -0.827273 0.005 -1.83697e-18 -0.827273 0.01 0.00866025 -0.827273 0.005 0.01 -0.818182 0 0.005 -0.818182 -0.00866025 -0.005 -0.818182 -0.00866025 -0.01 -0.818182 -1.22465e-18 -0.005 -0.818182 0.00866025 0.005 -0.818182 0.00866025 0.00866025 -0.809091 -0.005 6.12323e-19 -0.809091 -0.01 -0.00866025 -0.809091 -0.005 -0.00866025 -0.809091 0.005 -1.83697e-18 -0.809091 0.01 0.00866025 -0.809091 0.005 0.01 -0.8 0 0.005 -0.8 -0.00866025 -0.005 -0.8 -0.00866025 -0.01 -0.8 -1.22465e-18 -0.005 -0.8 0.00866025 0.005 -0.8 0.00866025 0.00866025 -0.790909 -0.005 6.12323e-19 -0.790909 -0.01 -0.00866025 -0.790909 -0.005 -0.00866025 -0.790909 0.005 -1.83697e-18 -0.790909 0.01 0.00866025 -0.790909 0.005 0.01 -0.781818 0 0.005 -0.781818 -0.00866025 -0.005 -0.781818 -0.00866025 -0.01 -0.781818 -1.22465e-18 -0.005 -0.781818 0.00866025 0.005 -0.781818 0.00866025 0.00866025 -0.772727 -0.005 6.12323e-19 -0.772727 -0.01 -0.00866025 -0.772727 -0.005 -0.00866025 -0.772727 0.005 -1.83697e-18 -0.772727 0.01 0.00866025 -0.772727 0.005 0.01 -0.763636 0 0.005 -0.763636 -0.00866025 -0.005 -0.763636 -0.00866025 -0.01 -0.763636 -1.22465e-18 -0.005 -0.763636 0.00866025 0.005 -0.763636 0.00866025 0.00866025 -0.754545 -0.005 6.12323e-19 -0.754545 -0.01 -0.00866025 -0.754545 -0.005 -0.00866025 -0.754545 0.005 -1.83697e-18 -0.754545 0.01 0.00866025 -0.754545 0.005 0.01 -0.745455 0 0.005 -0.745455 -0.00866025 -0.005 -0.745455 -0.00866025 -0.01 -0.745455 -1.22465e-18 -0.005 -0.745455 0.00866025 0.005 -0.745455 0.00866025 0.00866025 -0.736364 -0.005 6.12323e-19 -0.736364 -0.01 -0.00866025 -0.736364 -0.005 -0.00866025 -0.736364 0.005 -1.83697e-18 -0.736364 0.01 0.00866025 -0.736364 0.005 0.01 -0.727273 0 0.005 -0.727273 -0.00866025 -0.005 -0.727273 -0.00866025 -0.01 -0.727273 -1.22465e-18 -0.005 -0.727273 0.00866025 0.005 -0.727273 0.00866025 0.00866025 -0.718182 -0.005 6.12323e-19 -0.718182 -0.01 -0.00866025 -0.718182 -0.005 -0.00866025 -0.718182 0.005 -1.83697e-18 -0.718182 0.01 0.00866025 -0.718182 0.005 0.01 -0.709091 0 0.005 -0.709091 -0.00866025 -0.005 -0.709091 -0.00866025 -0.01 -0.709091 -1.22465e-18 -0.005 -0.709091 0.00866025 0.005 -0.709091 0.00866025 0.00866025 -0.7 -0.005 6.12323e-19 -0.7 -0.01 -0.00866025 -0.7 -0.005 -0.00866025 -0.7 0.005 -1.83697e-18 -0.7 0.01 0.00866025 -0.7 0.005 0.01 -0.690909 0 0.005 -0.690909 -0.00866025 -0.005 -0.690909 -0.00866025 -0.01 -0.690909 -1.22465e-18 -0.005 -0.690909 0.00866025 0.005 -0.690909 0.00866025 0.00866025 -0.681818 -0.005 6.12323e-19 -0.681818 -0.01 -0.00866025 -0.681818 -0.005 -0.00866025 -0.681818 0.005 -1.83697e-18 -0.681818 0.01 0.00866025 -0.681818 0.005 0.01 -0.672727 0 0.005 -0.672727 -0.00866025 -0.005 -0.672727 -0.00866025 -0.01 -0.672727 -1.22465e-18 -0.005 -0.672727 0.00866025 0.005 -0.672727 0.00866025 0.00866025 -0.663636 -0.005 6.12323e-19 -0.663636 -0.01 -0.00866025 -0.663636 -0.005 -0.00866025 -0.663636 0.005 -1.83697e-18 -0.663636 0.01 0.00866025 -0.663636 0.005 0.01 -0.654545 0 0.005 -0.654545 -0.00866025 -0.005 -0.654545 -0.00866025 -0.01 -0.654545 -1.22465e-18 -0.005 -0.654545 0.00866025 0.005 -0.654545 0.00866025 0.00866025 -0.645455 -0.005 6.12323e-19 -0.645455 -0.01 -0.00866025 -0.645455 -0.005 -0.00866025 -0.645455 0.005 -1.83697e-18 -0.645455 0.01 0.00866025 -0.645455 0.005 0.01 -0.636364 0 0.005 -0.636364 -0.00866025 -0.005 -0.636364 -0.00866025 -0.01 -0.636364 -1.22465e-18 -0.005 -0.636364 0.00866025 0.005 -0.636364 0.00866025 0.00866025 -0.627273 -0.005 6.12323e-19 -0.627273 -0.01 -0.00866025 -0.627273 -0.005 -0.00866025 -0.627273 0.005 -1.83697e-18 -0.627273 0.01 0.00866025 -0.627273 0.005 0.01 -0.618182 0 0.005 -0.618182 -0.00866025 -0.005 -0.618182 -0.00866025 -0.01 -0.618182 -1.22465e-18 -0.005 -0.618182 0.00866025 0.005 -0.618182 0.00866025 0.00866025 -0.609091 -0.005 6.12323e-19 -0.609091 -0.01 -0.00866025 -0.609091 -0.005 -0.00866025 -0.609091 0.005 -1.83697e-18 -0.609091 0.01 0.00866025 -0.609091 0.005 0.01 -0.6 0 0.005 -0.6 -0.00866025 -0.005 -0.6 -0.00866025 -0.01 -0.6 -1.22465e-18 -0.005 -0.6 0.00866025 0.005 -0.6 0.00866025 0.00866025 -0.590909 -0.005 6.12323e-19 -0.590909 -0.01 -0.00866025 -0.590909 -0.005 -0.00866025 -0.590909 0.005 -1.83697e-18 -0.590909 0.01 0.00866025 -0.590909 0.005 0.01 -0.581818 0 0.005 -0.581818 -0.00866025 -0.005 -0.581818 -0.00866025 -0.01 -0.581818 -1.22465e-18 -0.005 -0.581818 0.00866025 0.005 -0.581818 0.00866025 0.00866025 -0.572727 -0.005 6.12323e-19 -0.572727 -0.01 -0.00866025 -0.572727 -0.005 -0.00866025 -0.572727 0.005 -1.83697e-18 -0.572727 0.01 0.00866025 -0.572727 0.005 0.01 -0.563636 0 0.005 -0.563636 -0.00866025 -0.005 -0.563636 -0.00866025 -0.01 -0.563636 -1.22465e-18 -0.005 -0.563636 0.00866025 0.005 -0.563636 0.00866025 0.00866025 -0.554545 -0.005 6.12323e-19 -0.554545 -0.01 -0.00866025 -0.554545 -0.005 -0.00866025 -0.554545 0.005 -1.83697e-18 -0.554545 0.01 0.00866025 -0.554545 0.005 0.01 -0.545455 0 0.005 -0.545455 -0.00866025 -0.005 -0.545455 -0.00866025 -0.01 -0.545455 -1.22465e-18 -0.005 -0.545455 0.00866025 0.005 -0.545455 0.00866025 0.00866025 -0.536364 -0.005 6.12323e-19 -0.536364 -0.01 -0.00866025 -0.536364 -0.005 -0.00866025 -0.536364 0.005 -1.83697e-18 -0.536364 0.01 0.00866025 -0.536364 0.005 0.01 -0.527273 0 0.005 -0.527273 -0.00866025 -0.005 -0.527273 -0.00866025 -0.01 -0.527273 -1.22465e-18 -0.005 -0.527273 0.00866025 0.005 -0.527273 0.00866025 0.00866025 -0.518182 -0.005 6.12323e-19 -0.518182 -0.01 -0.00866025 -0.518182 -0.005 -0.00866025 -0.518182 0.005 -1.83697e-18 -0.518182 0.01 0.00866025 -0.518182 0.005 0.01 -0.509091 0 0.005 -0.509091 -0.00866025 -0.005 -0.509091 -0.00866025 -0.01 -0.509091 -1.22465e-18 -0.005 -0.509091 0.00866025 0.005 -0.509091 0.00866025 0.00866025 -0.5 -0.005 6.12323e-19 -0.5 -0.01 -0.00866025 -0.5 -0.005 -0.00866025 -0.5 0.005 -1.83697e-18 -0.5 0.01 0.00866025 -0.5 0.005 0.01 -0.490909 0 0.005 -0.490909 -0.00866025 -0.005 -0.490909 -0.00866025 -0.01 -0.490909 -1.22465e-18 -0.005 -0.490909 0.00866025 0.005 -0.490909 0.00866025 0.00866025 -0.481818 -0.005 6.12323e-19 -0.481818 -0.01 -0.00866025 -0.481818 -0.005 -0.00866025 -0.481818 0.005 -1.83697e-18 -0.481818 0.01 0.00866025 -0.481818 0.005 0.01 -0.472727 0 0.005 -0.472727 -0.00866025 -0.005 -0.472727 -0.00866025 -0.01 -0.472727 -1.22465e-18 -0.005 -0.472727 0.00866025 0.005 -0.472727 0.00866025 0.00866025 -0.463636 -0.005 6.12323e-19 -0.463636 -0.01 -0.00866025 -0.463636 -0.005 -0.00866025 -0.463636 0.005 -1.83697e-18 -0.463636 0.01 0.00866025 -0.463636 0.005 0.01 -0.454545 0 0.005 -0.454545 -0.00866025 -0.005 -0.454545 -0.00866025 -0.01 -0.454545 -1.22465e-18 -0.005 -0.454545 0.00866025 0.005 -0.454545 0.00866025 0.00866025 -0.445455 -0.005 6.12323e-19 -0.445455 -0.01 -0.00866025 -0.445455 -0.005 -0.00866025 -0.445455 0.005 -1.83697e-18 -0.445455 0.01 0.00866025 -0.445455 0.005 0.01 -0.436364 0 0.005 -0.436364 -0.00866025 -0.005 -0.436364 -0.00866025 -0.01 -0.436364 -1.22465e-18 -0.005 -0.436364 0.00866025 0.005 -0.436364 0.00866025 0.00866025 -0.427273 -0.005 6.12323e-19 -0.427273 -0.01 -0.00866025 -0.427273 -0.005 -0.00866025 -0.427273 0.005 -1.83697e-18 -0.427273 0.01 0.00866025 -0.427273 0.005 0.01 -0.418182 0 0.005 -0.418182 -0.00866025 -0.005 -0.418182 -0.00866025 -0.01 -0.418182 -1.22465e-18 -0.005 -0.418182 0.00866025 0.005 -0.418182 0.00866025 0.00866025 -0.409091 -0.005 6.12323e-19 -0.409091 -0.01 -0.00866025 -0.409091 -0.005 -0.00866025 -0.409091 0.005 -1.83697e-18 -0.409091 0.01 0.00866025 -0.409091 0.005 0.01 -0.4 0 0.005 -0.4 -0.00866025 -0.005 -0.4 -0.00866025 -0.01 -0.4 -1.22465e-18 -0.005 -0.4 0.00866025 0.005 -0.4 0.00866025 0.00866025 -0.390909 -0.005 6.12323e-19 -0.390909 -0.01 -0.00866025 -0.390909 -0.005 -0.00866025 -0.390909 0.005 -1.83697e-18 -0.390909 0.01 0.00866025 -0.390909 0.005 0.01 -0.381818 0 0.005 -0.381818 -0.00866025 -0.005 -0.381818 -0.00866025 -0.01 -0.381818 -1.22465e-18 -0.005 -0.381818 0.00866025 0.005 -0.381818 0.00866025 0.00866025 -0.372727 -0.005 6.12323e-19 -0.372727 -0.01 -0.00866025 -0.372727 -0.005 -0.00866025 -0.372727 0.005 -1.83697e-18 -0.372727 0.01 0.00866025 -0.372727 0.005 0.01 -0.363636 0 0.005 -0.363636 -0.00866025 -0.005 -0.363636 -0.00866025 -0.01 -0.363636 -1.22465e-18 -0.005 -0.363636 0.00866025 0.005 -0.363636 0.00866025 0.00866025 -0.354545 -0.005 6.12323e-19 -0.354545 -0.01 -0.00866025 -0.354545 -0.005 -0.00866025 -0.354545 0.005 -1.83697e-18 -0.354545 0.01 0.00866025 -0.354545 0.005 0.01 -0.345455 0 0.005 -0.345455 -0.00866025 -0.005 -0.345455 -0.00866025 -0.01 -0.345455 -1.22465e-18 -0.005 -0.345455 0.00866025 0.005 -0.345455 0.00866025 0.00866025 -0.336364 -0.005 6.12323e-19 -0.336364 -0.01 -0.00866025 -0.336364 -0.005 -0.00866025 -0.336364 0.005 -1.83697e-18 -0.336364 0.01 0.00866025 -0.336364 0.005 0.01 -0.327273 0 0.005 -0.327273 -0.00866025 -0.005 -0.327273 -0.00866025 -0.01 -0.327273 -1.22465e-18 -0.005 -0.327273 0.00866025 0.005 -0.327273 0.00866025 0.00866025 -0.318182 -0.005 6.12323e-19 -0.318182 -0.01 -0.00866025 -0.318182 -0.005 -0.00866025 -0.318182 0.005 -1.83697e-18 -0.318182 0.01 0.00866025 -0.318182 0.005 0.01 -0.309091 0 0.005 -0.309091 -0.00866025 -0.005 -0.309091 -0.00866025 -0.01 -0.309091 -1.22465e-18 -0.005 -0.309091 0.00866025 0.005 -0.309091 0.00866025 0.00866025 -0.3 -0.005 6.12323e-19 -0.3 -0.01 -0.00866025 -0.3 -0.005 -0.00866025 -0.3 0.005 -1.83697e-18 -0.3 0.01 0.00866025 -0.3 0.005 0.01 -0.290909 0 0.005 -0.290909 -0.00866025 -0.005 -0.290909 -0.00866025 -0.01 -0.290909 -1.22465e-18 -0.005 -0.290909 0.00866025 0.005 -0.290909 0.00866025 0.00866025 -0.281818 -0.005 6.12323e-19 -0.281818 -0.01 -0.00866025 -0.281818 -0.005 -0.00866025 -0.281818 0.005 -1.83697e-18 -0.281818 0.01 0.00866025 -0.281818 0.005 0.01 -0.272727 0 0.005 -0.272727 -0.00866025 -0.005 -0.272727 -0.00866025 -0.01 -0.272727 -1.22465e-18 -0.005 -0.272727 0.00866025 0.005 -0.272727 0.00866025 0.00866025 -0.263636 -0.005 6.12323e-19 -0.263636 -0.01 -0.00866025 -0.263636 -0.005 -0.00866025 -0.263636 0.005 -1.83697e-18 -0.263636 0.01 0.00866025 -0.263636 0.005 0.01 -0.254545 0 0.005 -0.254545 -0.00866025 -0.005 -0.254545 -0.00866025 -0.01 -0.254545 -1.22465e-18 -0.005 -0.254545 0.00866025 0.005 -0.254545 0.00866025 0.00866025 -0.245455 -0.005 6.12323e-19 -0.245455 -0.01 -0.00866025 -0.245455 -0.005 -0.00866025 -0.245455 0.005 -1.83697e-18 -0.245455 0.01 0.00866025 -0.245455 0.005 0.01 -0.236364 0 0.005 -0.236364 -0.00866025 -0.005 -0.236364 -0.00866025 -0.01 -0.236364 -1.22465e-18 -0.005 -0.236364 0.00866025 0.005 -0.236364 0.00866025 0.00866025 -0.227273 -0.005 6.12323e-19 -0.227273 -0.01 -0.00866025 -0.227273 -0.005 -0.00866025 -0.227273 0.005 -1.83697e-18 -0.227273 0.01 0.00866025 -0.227273 0.005 0.01 -0.218182 0 0.005 -0.218182 -0.00866025 -0.005 -0.218182 -0.00866025 -0.01 -0.218182 -1.22465e-18 -0.005 -0.218182 0.00866025 0.005 -0.218182 0.00866025 0.00866025 -0.209091 -0.005 6.12323e-19 -0.209091 -0.01 -0.00866025 -0.209091 -0.005 -0.00866025 -0.209091 0.005 -1.83697e-18 -0.209091 0.01 0.00866025 -0.209091 0.005 0.01 -0.2 0 0.005 -0.2 -0.00866025 -0.005 -0.2 -0.00866025 -0.01 -0.2 -1.22465e-18 -0.005 -0.2 0.00866025 0.005 -0.2 0.00866025 0.00866025 -0.190909 -0.005 6.12323e-19 -0.190909 -0.01 -0.00866025 -0.190909 -0.005 -0.00866025 -0.190909 0.005 -1.83697e-18 -0.190909 0.01 0.00866025 -0.190909 0.005 0.01 -0.181818 0 0.005 -0.181818 -0.00866025 -0.005 -0.181818 -0.00866025 -0.01 -0.181818 -1.22465e-18 -0.005 -0.181818 0.00866025 0.005 -0.181818 0.00866025 0.00866025 -0.172727 -0.005 6.12323e-19 -0.172727 -0.01 -0.00866025 -0.172727 -0.005 -0.00866025 -0.172727 0.005 -1.83697e-18 -0.172727 0.01 0.00866025 -0.172727 0.005 0.01 -0.163636 0 0.005 -0.163636 -0.00866025 -0.005 -0.163636 -0.00866025 -0.01 -0.163636 -1.22465e-18 -0.005 -0.163636 0.00866025 0.005 -0.163636 0.00866025 0.00866025 -0.154545 -0.005 6.12323e-19 -0.154545 -0.01 -0.00866025 -0.154545 -0.005 -0.00866025 -0.154545 0.005 -1.83697e-18 -0.154545 0.01 0.00866025 -0.154545 0.005 0.01 -0.145455 0 0.005 -0.145455 -0.00866025 -0.005 -0.145455 -0.00866025 -0.01 -0.145455 -1.22465e-18 -0.005 -0.145455 0.00866025 0.005 -0.145455 0.00866025 0.00866025 -0.136364 -0.005 6.12323e-19 -0.136364 -0.01 -0.00866025 -0.136364 -0.005 -0.00866025 -0.136364 0.005 -1.83697e-18 -0.136364 0.01 0.00866025 -0.136364 0.005 0.01 -0.127273 0 0.005 -0.127273 -0.00866025 -0.005 -0.127273 -0.00866025 -0.01 -0.127273 -1.22465e-18 -0.005 -0.127273 0.00866025 0.005 -0.127273 0.00866025 0.00866025 -0.118182 -0.005 6.12323e-19 -0.118182 -0.01 -0.00866025 -0.118182 -0.005 -0.00866025 -0.118182 0.005 -1.83697e-18 -0.118182 0.01 0.00866025 -0.118182 0.005 0.01 -0.109091 0 0.005 -0.109091 -0.00866025 -0.005 -0.109091 -0.00866025 -0.01 -0.109091 -1.22465e-18 -0.005 -0.109091 0.00866025 0.005 -0.109091 0.00866025 0.00866025 -0.1 -0.005 6.12323e-19 -0.1 -0.01 -0.00866025 -0.1 -0.005 -0.00866025 -0.1 0.005 -1.83697e-18 -0.1 0.01 0.00866025 -0.1 0.005 0.01 -0.0909091 0 0.005 -0.0909091 -0.00866025 -0.005 -0.0909091 -0.00866025 -0.01 -0.0909091 -1.22465e-18 -0.005 -0.0909091 0.00866025 0.005 -0.0909091 0.00866025 0.00866025 -0.0818182 -0.005 6.12323e-19 -0.0818182 -0.01 -0.00866025 -0.0818182 -0.005 -0.00866025 -0.0818182 0.005 -1.83697e-18 -0.0818182 0.01 0.00866025 -0.0818182 0.005 0.01 -0.0727273 0 0.005 -0.0727273 -0.00866025 -0.005 -0.0727273 -0.00866025 -0.01 -0.0727273 -1.22465e-18 -0.005 -0.0727273 0.00866025 0.005 -0.0727273 0.00866025 0.00866025 -0.0636364 -0.005 6.12323e-19 -0.0636364 -0.01 -0.00866025 -0.0636364 -0.005 -0.00866025 -0.0636364 0.005 -1.83697e-18 -0.0636364 0.01 0.00866025 -0.0636364 0.005 0.01 -0.0545455 0 0.005 -0.0545455 -0.00866025 -0.005 -0.0545455 -0.00866025 -0.01 -0.0545455 -1.22465e-18 -0.005 -0.0545455 0.00866025 0.005 -0.0545455 0.00866025 0.00866025 -0.0454545 -0.005 6.12323e-19 -0.0454545 -0.01 -0.00866025 -0.0454545 -0.005 -0.00866025 -0.0454545 0.005 -1.83697e-18 -0.0454545 0.01 0.00866025 -0.0454545 0.005 0.01 -0.0363636 0 0.005 -0.0363636 -0.00866025 -0.005 -0.0363636 -0.00866025 -0.01 -0.0363636 -1.22465e-18 -0.005 -0.0363636 0.00866025 0.005 -0.0363636 0.00866025 0.00866025 -0.0272727 -0.005 6.12323e-19 -0.0272727 -0.01 -0.00866025 -0.0272727 -0.005 -0.00866025 -0.0272727 0.005 -1.83697e-18 -0.0272727 0.01 0.00866025 -0.0272727 0.005 0.01 -0.0181818 0 0.005 -0.0181818 -0.00866025 -0.005 -0.0181818 -0.00866025 -0.01 -0.0181818 -1.22465e-18 -0.005 -0.0181818 0.00866025 0.005 -0.0181818 0.00866025 0.00866025 -0.00909091 -0.005 6.12323e-19 -0.00909091 -0.01 -0.00866025 -0.00909091 -0.005 -0.00866025 -0.00909091 0.005 -1.83697e-18 -0.00909091 0.01 0.00866025 -0.00909091 0.005 0.01 0 0 0.005 0 -0.00866025 -0.005 0 -0.00866025 -0.01 0 -1.22465e-18 -0.005 0 0.00866025 0.005 0 0.00866025 0.00866025 0.00909091 -0.005 6.12323e-19 0.00909091 -0.01 -0.00866025 0.00909091 -0.005 -0.00866025 0.00909091 0.005 -1.83697e-18 0.00909091 0.01 0.00866025 0.00909091 0.005 0.01 0.0181818 0 0.005 0.0181818 -0.00866025 -0.005 0.0181818 -0.00866025 -0.01 0.0181818 -1.22465e-18 -0.005 0.0181818 0.00866025 0.005 0.0181818 0.00866025 0.00866025 0.0272727 -0.005 6.12323e-19 0.0272727 -0.01 -0.00866025 0.0272727 -0.005 -0.00866025 0.0272727 0.005 -1.83697e-18 0.0272727 0.01 0.00866025 0.0272727 0.005 0.01 0.0363636 0 0.005 0.0363636 -0.00866025 -0.005 0.0363636 -0.00866025 -0.01 0.0363636 -1.22465e-18 -0.005 0.0363636 0.00866025 0.005 0.0363636 0.00866025 0.00866025 0.0454545 -0.005 6.12323e-19 0.0454545 -0.01 -0.00866025 0.0454545 -0.005 -0.00866025 0.0454545 0.005 -1.83697e-18 0.0454545 0.01 0.00866025 0.0454545 0.005 0.01 0.0545455 0 0.005 0.0545455 -0.00866025 -0.005 0.0545455 -0.00866025 -0.01 0.0545455 -1.22465e-18 -0.005 0.0545455 0.00866025 0.005 0.0545455 0.00866025 0.00866025 0.0636364 -0.005 6.12323e-19 0.0636364 -0.01 -0.00866025 0.0636364 -0.005 -0.00866025 0.0636364 0.005 -1.83697e-18 0.0636364 0.01 0.00866025 0.0636364 0.005 0.01 0.0727273 0 0.005 0.0727273 -0.00866025 -0.005 0.0727273 -0.00866025 -0.01 0.0727273 -1.22465e-18 -0.005 0.0727273 0.00866025 0.005 0.0727273 0.00866025 0.00866025 0.0818182 -0.005 6.12323e-19 0.0818182 -0.01 -0.00866025 0.0818182 -0.005 -0.00866025 0.0818182 0.005 -1.83697e-18 0.0818182 0.01 0.00866025 0.0818182 0.005 0.01 0.0909091 0 0.005 0.0909091 -0.00866025 -0.005 0.0909091 -0.00866025 -0.01 0.0909091 -1.22465e-18 -0.005 0.0909091 0.00866025 0.005 0.0909091 0.00866025 0.00866025 0.1 -0.005 6.12323e-19 0.1 -0.01 -0.00866025 0.1 -0.005 -0.00866025 0.1 0.005 -1.83697e-18 0.1 0.01 0.00866025 0.1 0.005 0.01 0.109091 0 0.005 0.109091 -0.00866025 -0.005 0.109091 -0.00866025 -0.01 0.109091 -1.22465e-18 -0.005 0.109091 0.00866025 0.005 0.109091 0.00866025 0.00866025 0.118182 -0.005 6.12323e-19 0.118182 -0.01 -0.00866025 0.118182 -0.005 -0.00866025 0.118182 0.005 -1.83697e-18 0.118182 0.01 0.00866025 0.118182 0.005 0.01 0.127273 0 0.005 0.127273 -0.00866025 -0.005 0.127273 -0.00866025 -0.01 0.127273 -1.22465e-18 -0.005 0.127273 0.00866025 0.005 0.127273 0.00866025 0.00866025 0.136364 -0.005 6.12323e-19 0.136364 -0.01 -0.00866025 0.136364 -0.005 -0.00866025 0.136364 0.005 -1.83697e-18 0.136364 0.01 0.00866025 0.136364 0.005 0.01 0.145455 0 0.005 0.145455 -0.00866025 -0.005 0.145455 -0.00866025 -0.01 0.145455 -1.22465e-18 -0.005 0.145455 0.00866025 0.005 0.145455 0.00866025 0.00866025 0.154545 -0.005 6.12323e-19 0.154545 -0.01 -0.00866025 0.154545 -0.005 -0.00866025 0.154545 0.005 -1.83697e-18 0.154545 0.01 0.00866025 0.154545 0.005 0.01 0.163636 0 0.005 0.163636 -0.00866025 -0.005 0.163636 -0.00866025 -0.01 0.163636 -1.22465e-18 -0.005 0.163636 0.00866025 0.005 0.163636 0.00866025 0.00866025 0.172727 -0.005 6.12323e-19 0.172727 -0.01 -0.00866025 0.172727 -0.005 -0.00866025 0.172727 0.005 -1.83697e-18 0.172727 0.01 0.00866025 0.172727 0.005 0.01 0.181818 0 0.005 0.181818 -0.00866025 -0.005 0.181818 -0.00866025 -0.01 0.181818 -1.22465e-18 -0.005 0.181818 0.00866025 0.005 0.181818 0.00866025 0.00866025 0.190909 -0.005 6.12323e-19 0.190909 -0.01 -0.00866025 0.190909 -0.005 -0.00866025 0.190909 0.005 -1.83697e-18 0.190909 0.01 0.00866025 0.190909 0.005 0.01 0.2 0 0.005 0.2 -0.00866025 -0.005 0.2 -0.00866025 -0.01 0.2 -1.22465e-18 -0.005 0.2 0.00866025 0.005 0.2 0.00866025 0.00866025 0.209091 -0.005 6.12323e-19 0.209091 -0.01 -0.00866025 0.209091 -0.005 -0.00866025 0.209091 0.005 -1.83697e-18 0.209091 0.01 0.00866025 0.209091 0.005 0.01 0.218182 0 0.005 0.218182 -0.00866025 -0.005 0.218182 -0.00866025 -0.01 0.218182 -1.22465e-18 -0.005 0.218182 0.00866025 0.005 0.218182 0.00866025 0.00866025 0.227273 -0.005 6.12323e-19 0.227273 -0.01 -0.00866025 0.227273 -0.005 -0.00866025 0.227273 0.005 -1.83697e-18 0.227273 0.01 0.00866025 0.227273 0.005 0.01 0.236364 0 0.005 0.236364 -0.00866025 -0.005 0.236364 -0.00866025 -0.01 0.236364 -1.22465e-18 -0.005 0.236364 0.00866025 0.005 0.236364 0.00866025 0.00866025 0.245455 -0.005 6.12323e-19 0.245455 -0.01 -0.00866025 0.245455 -0.005 -0.00866025 0.245455 0.005 -1.83697e-18 0.245455 0.01 0.00866025 0.245455 0.005 0.01 0.254545 0 0.005 0.254545 -0.00866025 -0.005 0.254545 -0.00866025 -0.01 0.254545 -1.22465e-18 -0.005 0.254545 0.00866025 0.005 0.254545 0.00866025 0.00866025 0.263636 -0.005 6.12323e-19 0.263636 -0.01 -0.00866025 0.263636 -0.005 -0.00866025 0.263636 0.005 -1.83697e-18 0.263636 0.01 0.00866025 0.263636 0.005 0.01 0.272727 0 0.005 0.272727 -0.00866025 -0.005 0.272727 -0.00866025 -0.01 0.272727 -1.22465e-18 -0.005 0.272727 0.00866025 0.005 0.272727 0.00866025 0.00866025 0.281818 -0.005 6.12323e-19 0.281818 -0.01 -0.00866025 0.281818 -0.005 -0.00866025 0.281818 0.005 -1.83697e-18 0.281818 0.01 0.00866025 0.281818 0.005 0.01 0.290909 0 0.005 0.290909 -0.00866025 -0.005 0.290909 -0.00866025 -0.01 0.290909 -1.22465e-18 -0.005 0.290909 0.00866025 0.005 0.290909 0.00866025 0.00866025 0.3 -0.005 6.12323e-19 0.3 -0.01 -0.00866025 0.3 -0.005 -0.00866025 0.3 0.005 -1.83697e-18 0.3 0.01 0.00866025 0.3 0.005 0.01 0.309091 0 0.005 0.309091 -0.00866025 -0.005 0.309091 -0.00866025 -0.01 0.309091 -1.22465e-18 -0.005 0.309091 0.00866025 0.005 0.309091 0.00866025 0.00866025 0.318182 -0.005 6.12323e-19 0.318182 -0.01 -0.00866025 0.318182 -0.005 -0.00866025 0.318182 0.005 -1.83697e-18 0.318182 0.01 0.00866025 0.318182 0.005 0.01 0.327273 0 0.005 0.327273 -0.00866025 -0.005 0.327273 -0.00866025 -0.01 0.327273 -1.22465e-18 -0.005 0.327273 0.00866025 0.005 0.327273 0.00866025 0.00866025 0.336364 -0.005 6.12323e-19 0.336364 -0.01 -0.00866025 0.336364 -0.005 -0.00866025 0.336364 0.005 -1.83697e-18 0.336364 0.01 0.00866025 0.336364 0.005 0.01 0.345455 0 0.005 0.345455 -0.00866025 -0.005 0.345455 -0.00866025 -0.01 0.345455 -1.22465e-18 -0.005 0.345455 0.00866025 0.005 0.345455 0.00866025 0.00866025 0.354545 -0.005 6.12323e-19 0.354545 -0.01 -0.00866025 0.354545 -0.005 -0.00866025 0.354545 0.005 -1.83697e-18 0.354545 0.01 0.00866025 0.354545 0.005 0.01 0.363636 0 0.005 0.363636 -0.00866025 -0.005 0.363636 -0.00866025 -0.01 0.363636 -1.22465e-18 -0.005 0.363636 0.00866025 0.005 0.363636 0.00866025 0.00866025 0.372727 -0.005 6.12323e-19 0.372727 -0.01 -0.00866025 0.372727 -0.005 -0.00866025 0.372727 0.005 -1.83697e-18 0.372727 0.01 0.00866025 0.372727 0.005 0.01 0.381818 0 0.005 0.381818 -0.00866025 -0.005 0.381818 -0.00866025 -0.01 0.381818 -1.22465e-18 -0.005 0.381818 0.00866025 0.005 0.381818 0.00866025 0.00866025 0.390909 -0.005 6.12323e-19 0.390909 -0.01 -0.00866025 0.390909 -0.005 -0.00866025 0.390909 0.005 -1.83697e-18 0.390909 0.01 0.00866025 0.390909 0.005 0.01 0.4 0 0.005 0.4 -0.00866025 -0.005 0.4 -0.00866025 -0.01 0.4 -1.22465e-18 -0.005 0.4 0.00866025 0.005 0.4 0.00866025 0.00866025 0.409091 -0.005 6.12323e-19 0.409091 -0.01 -0.00866025 0.409091 -0.005 -0.00866025 0.409091 0.005 -1.83697e-18 0.409091 0.01 0.00866025 0.409091 0.005 0.01 0.418182 0 0.005 0.418182 -0.00866025 -0.005 0.418182 -0.00866025 -0.01 0.418182 -1.22465e-18 -0.005 0.418182 0.00866025 0.005 0.418182 0.00866025 0.00866025 0.427273 -0.005 6.12323e-19 0.427273 -0.01 -0.00866025 0.427273 -0.005 -0.00866025 0.427273 0.005 -1.83697e-18 0.427273 0.01 0.00866025 0.427273 0.005 0.01 0.436364 0 0.005 0.436364 -0.00866025 -0.005 0.436364 -0.00866025 -0.01 0.436364 -1.22465e-18 -0.005 0.436364 0.00866025 0.005 0.436364 0.00866025 0.00866025 0.445455 -0.005 6.12323e-19 0.445455 -0.01 -0.00866025 0.445455 -0.005 -0.00866025 0.445455 0.005 -1.83697e-18 0.445455 0.01 0.00866025 0.445455 0.005 0.01 0.454545 0 0.005 0.454545 -0.00866025 -0.005 0.454545 -0.00866025 -0.01 0.454545 -1.22465e-18 -0.005 0.454545 0.00866025 0.005 0.454545 0.00866025 0.00866025 0.463636 -0.005 6.12323e-19 0.463636 -0.01 -0.00866025 0.463636 -0.005 -0.00866025 0.463636 0.005 -1.83697e-18 0.463636 0.01 0.00866025 0.463636 0.005 0.01 0.472727 0 0.005 0.472727 -0.00866025 -0.005 0.472727 -0.00866025 -0.01 0.472727 -1.22465e-18 -0.005 0.472727 0.00866025 0.005 0.472727 0.00866025 0.00866025 0.481818 -0.005 6.12323e-19 0.481818 -0.01 -0.00866025 0.481818 -0.005 -0.00866025 0.481818 0.005 -1.83697e-18 0.481818 0.01 0.00866025 0.481818 0.005 0.01 0.490909 0 0.005 0.490909 -0.00866025 -0.005 0.490909 -0.00866025 -0.01 0.490909 -1.22465e-18 -0.005 0.490909 0.00866025 0.005 0.490909 0.00866025 0.00866025 0.5 -0.005 6.12323e-19 0.5 -0.01 -0.00866025 0.5 -0.005 -0.00866025 0.5 0.005 -1.83697e-18 0.5 0.01 0.00866025 0.5 0.005 0.01 0.509091 0 0.005 0.509091 -0.00866025 -0.005 0.509091 -0.00866025 -0.01 0.509091 -1.22465e-18 -0.005 0.509091 0.00866025 0.005 0.509091 0.00866025 0.00866025 0.518182 -0.005 6.12323e-19 0.518182 -0.01 -0.00866025 0.518182 -0.005 -0.00866025 0.518182 0.005 -1.83697e-18 0.518182 0.01 0.00866025 0.518182 0.005 0.01 0.527273 0 0.005 0.527273 -0.00866025 -0.005 0.527273 -0.00866025 -0.01 0.527273 -1.22465e-18 -0.005 0.527273 0.00866025 0.005 0.527273 0.00866025 0.00866025 0.536364 -0.005 6.12323e-19 0.536364 -0.01 -0.00866025 0.536364 -0.005 -0.00866025 0.536364 0.005 -1.83697e-18 0.536364 0.01 0.00866025 0.536364 0.005 0.01 0.545455 0 0.005 0.545455 -0.00866025 -0.005 0.545455 -0.00866025 -0.01 0.545455 -1.22465e-18 -0.005 0.545455 0.00866025 0.005 0.545455 0.00866025 0.00866025 0.554545 -0.005 6.12323e-19 0.554545 -0.01 -0.00866025 0.554545 -0.005 -0.00866025 0.554545 0.005 -1.83697e-18 0.554545 0.01 0.00866025 0.554545 0.005 0.01 0.563636 0 0.005 0.563636 -0.00866025 -0.005 0.563636 -0.00866025 -0.01 0.563636 -1.22465e-18 -0.005 0.563636 0.00866025 0.005 0.563636 0.00866025 0.00866025 0.572727 -0.005 6.12323e-19 0.572727 -0.01 -0.00866025 0.572727 -0.005 -0.00866025 0.572727 0.005 -1.83697e-18 0.572727 0.01 0.00866025 0.572727 0.005 0.01 0.581818 0 0.005 0.581818 -0.00866025 -0.005 0.581818 -0.00866025 -0.01 0.581818 -1.22465e-18 -0.005 0.581818 0.00866025 0.005 0.581818 0.00866025 0.00866025 0.590909 -0.005 6.12323e-19 0.590909 -0.01 -0.00866025 0.590909 -0.005 -0.00866025 0.590909 0.005 -1.83697e-18 0.590909 0.01 0.00866025 0.590909 0.005 0.01 0.6 0 0.005 0.6 -0.00866025 -0.005 0.6 -0.00866025 -0.01 0.6 -1.22465e-18 -0.005 0.6 0.00866025 0.005 0.6 0.00866025 0.00866025 0.609091 -0.005 6.12323e-19 0.609091 -0.01 -0.00866025 0.609091 -0.005 -0.00866025 0.609091 0.005 -1.83697e-18 0.609091 0.01 0.00866025 0.609091 0.005 0.01 0.618182 0 0.005 0.618182 -0.00866025 -0.005 0.618182 -0.00866025 -0.01 0.618182 -1.22465e-18 -0.005 0.618182 0.00866025 0.005 0.618182 0.00866025 0.00866025 0.627273 -0.005 6.12323e-19 0.627273 -0.01 -0.00866025 0.627273 -0.005 -0.00866025 0.627273 0.005 -1.83697e-18 0.627273 0.01 0.00866025 0.627273 0.005 0.01 0.636364 0 0.005 0.636364 -0.00866025 -0.005 0.636364 -0.00866025 -0.01 0.636364 -1.22465e-18 -0.005 0.636364 0.00866025 0.005 0.636364 0.00866025 0.00866025 0.645455 -0.005 6.12323e-19 0.645455 -0.01 -0.00866025 0.645455 -0.005 -0.00866025 0.645455 0.005 -1.83697e-18 0.645455 0.01 0.00866025 0.645455 0.005 0.01 0.654545 0 0.005 0.654545 -0.00866025 -0.005 0.654545 -0.00866025 -0.01 0.654545 -1.22465e-18 -0.005 0.654545 0.00866025 0.005 0.654545 0.00866025 0.00866025 0.663636 -0.005 6.12323e-19 0.663636 -0.01 -0.00866025 0.663636 -0.005 -0.00866025 0.663636 0.005 -1.83697e-18 0.663636 0.01 0.00866025 0.663636 0.005 0.01 0.672727 0 0.005 0.672727 -0.00866025 -0.005 0.672727 -0.00866025 -0.01 0.672727 -1.22465e-18 -0.005 0.672727 0.00866025 0.005 0.672727 0.00866025 0.00866025 0.681818 -0.005 6.12323e-19 0.681818 -0.01 -0.00866025 0.681818 -0.005 -0.00866025 0.681818 0.005 -1.83697e-18 0.681818 0.01 0.00866025 0.681818 0.005 0.01 0.690909 0 0.005 0.690909 -0.00866025 -0.005 0.690909 -0.00866025 -0.01 0.690909 -1.22465e-18 -0.005 0.690909 0.00866025 0.005 0.690909 0.00866025 0.00866025 0.7 -0.005 6.12323e-19 0.7 -0.01 -0.00866025 0.7 -0.005 -0.00866025 0.7 0.005 -1.83697e-18 0.7 0.01 0.00866025 0.7 0.005 0.01 0.709091 0 0.005 0.709091 -0.00866025 -0.005 0.709091 -0.00866025 -0.01 0.709091 -1.22465e-18 -0.005 0.709091 0.00866025 0.005 0.709091 0.00866025 0.00866025 0.718182 -0.005 6.12323e-19 0.718182 -0.01 -0.00866025 0.718182 -0.005 -0.00866025 0.718182 0.005 -1.83697e-18 0.718182 0.01 0.00866025 0.718182 0.005 0.01 0.727273 0 0.005 0.727273 -0.00866025 -0.005 0.727273 -0.00866025 -0.01 0.727273 -1.22465e-18 -0.005 0.727273 0.00866025 0.005 0.727273 0.00866025 0.00866025 0.736364 -0.005 6.12323e-19 0.736364 -0.01 -0.00866025 0.736364 -0.005 -0.00866025 0.736364 0.005 -1.83697e-18 0.736364 0.01 0.00866025 0.736364 0.005 0.01 0.745455 0 0.005 0.745455 -0.00866025 -0.005 0.745455 -0.00866025 -0.01 0.745455 -1.22465e-18 -0.005 0.745455 0.00866025 0.005 0.745455 0.00866025 0.00866025 0.754545 -0.005 6.12323e-19 0.754545 -0.01 -0.00866025 0.754545 -0.005 -0.00866025 0.754545 0.005 -1.83697e-18 0.754545 0.01 0.00866025 0.754545 0.005 0.01 0.763636 0 0.005 0.763636 -0.00866025 -0.005 0.763636 -0.00866025 -0.01 0.763636 -1.22465e-18 -0.005 0.763636 0.00866025 0.005 0.763636 0.00866025 0.00866025 0.772727 -0.005 6.12323e-19 0.772727 -0.01 -0.00866025 0.772727 -0.005 -0.00866025 0.772727 0.005 -1.83697e-18 0.772727 0.01 0.00866025 0.772727 0.005 0.01 0.781818 0 0.005 0.781818 -0.00866025 -0.005 0.781818 -0.00866025 -0.01 0.781818 -1.22465e-18 -0.005 0.781818 0.00866025 0.005 0.781818 0.00866025 0.00866025 0.790909 -0.005 6.12323e-19 0.790909 -0.01 -0.00866025 0.790909 -0.005 -0.00866025 0.790909 0.005 -1.83697e-18 0.790909 0.01 0.00866025 0.790909 0.005 0.01 0.8 0 0.005 0.8 -0.00866025 -0.005 0.8 -0.00866025 -0.01 0.8 -1.22465e-18 -0.005 0.8 0.00866025 0.005 0.8 0.00866025 0.00866025 0.809091 -0.005 6.12323e-19 0.809091 -0.01 -0.00866025 0.809091 -0.005 -0.00866025 0.809091 0.005 -1.83697e-18 0.809091 0.01 0.00866025 0.809091 0.005 0.01 0.818182 0 0.005 0.818182 -0.00866025 -0.005 0.818182 -0.00866025 -0.01 0.818182 -1.22465e-18 -0.005 0.818182 0.00866025 0.005 0.818182 0.00866025 0.00866025 0.827273 -0.005 6.12323e-19 0.827273 -0.01 -0.00866025 0.827273 -0.005 -0.00866025 0.827273 0.005 -1.83697e-18 0.827273 0.01 0.00866025 0.827273 0.005 0.01 0.836364 0 0.005 0.836364 -0.00866025 -0.005 0.836364 -0.00866025 -0.01 0.836364 -1.22465e-18 -0.005 0.836364 0.00866025 0.005 0.836364 0.00866025 0.00866025 0.845455 -0.005 6.12323e-19 0.845455 -0.01 -0.00866025 0.845455 -0.005 -0.00866025 0.845455 0.005 -1.83697e-18 0.845455 0.01 0.00866025 0.845455 0.005 0.01 0.854545 0 0.005 0.854545 -0.00866025 -0.005 0.854545 -0.00866025 -0.01 0.854545 -1.22465e-18 -0.005 0.854545 0.00866025 0.005 0.854545 0.00866025 0.00866025 0.863636 -0.005 6.12323e-19 0.863636 -0.01 -0.00866025 0.863636 -0.005 -0.00866025 0.863636 0.005 -1.83697e-18 0.863636 0.01 0.00866025 0.863636 0.005 0.01 0.872727 0 0.005 0.872727 -0.00866025 -0.005 0.872727 -0.00866025 -0.01 0.872727 -1.22465e-18 -0.005 0.872727 0.00866025 0.005 0.872727 0.00866025 0.00866025 0.881818 -0.005 6.12323e-19 0.881818 -0.01 -0.00866025 0.881818 -0.005 -0.00866025 0.881818 0.005 -1.83697e-18 0.881818 0.01 0.00866025 0.881818 0.005 0.01 0.890909 0 0.005 0.890909 -0.00866025 -0.005 0.890909 -0.00866025 -0.01 0.890909 -1.22465e-18 -0.005 0.890909 0.00866025 0.005 0.890909 0.00866025 0.00866025 0.9 -0.005 6.12323e-19 0.9 -0.01 -0.00866025 0.9 -0.005 -0.00866025 0.9 0.005 -1.83697e-18 0.9 0.01 0.00866025 0.9 0.005 0.01 0.909091 0 0.005 0.909091 -0.00866025 -0.005 0.909091 -0.00866025 -0.01 0.909091 -1.22465e-18 -0.005 0.909091 0.00866025 0.005 0.909091 0.00866025 0.00866025 0.918182 -0.005 6.12323e-19 0.918182 -0.01 -0.00866025 0.918182 -0.005 -0.00866025 0.918182 0.005 -1.83697e-18 0.918182 0.01 0.00866025 0.918182 0.005 0.01 0.927273 0 0.005 0.927273 -0.00866025 -0.005 0.927273 -0.00866025 -0.01 0.927273 -1.22465e-18 -0.005 0.927273 0.00866025 0.005 0.927273 0.00866025 0.00866025 0.936364 -0.005 6.12323e-19 0.936364 -0.01 -0.00866025 0.936364 -0.005 -0.00866025 0.936364 0.005 -1.83697e-18 0.936364 0.01 0.00866025 0.936364 0.005 0.01 0.945455 0 0.005 0.945455 -0.00866025 -0.005 0.945455 -0.00866025 -0.01 0.945455 -1.22465e-18 -0.005 0.945455 0.00866025 0.005 0.945455 0.00866025 0.00866025 0.954545 -0.005 6.12323e-19 0.954545 -0.01 -0.00866025 0.954545 -0.005 -0.00866025 0.954545 0.005 -1.83697e-18 0.954545 0.01 0.00866025 0.954545 0.005 0.01 0.963636 0 0.005 0.963636 -0.00866025 -0.005 0.963636 -0.00866025 -0.01 0.963636 -1.22465e-18 -0.005 0.963636 0.00866025 0.005 0.963636 0.00866025 0.00866025 0.972727 -0.005 6.12323e-19 0.972727 -0.01 -0.00866025 0.972727 -0.005 -0.00866025 0.972727 0.005 -1.83697e-18 0.972727 0.01 0.00866025 0.972727 0.005 0.01 0.981818 0 0.005 0.981818 -0.00866025 -0.005 0.981818 -0.00866025 -0.01 0.981818 -1.22465e-18 -0.005 0.981818 0.00866025 0.005 0.981818 0.00866025 0.00866025 0.990909 -0.005 6.12323e-19 0.990909 -0.01 -0.00866025 0.990909 -0.005 -0.00866025 0.990909 0.005 -1.83697e-18 0.990909 0.01 0.00866025 0.990909 0.005 0.01 1 0 0.005 1 -0.00866025 -0.005 1 -0.00866025 -0.01 1 -1.22465e-18 -0.005 1 0.00866025 0.005 1 0.00866025 0 -1 0 0.01 -1 0 0.005 -1 -0.00866025 -0.005 -1 -0.00866025 -0.01 -1 -1.22465e-18 -0.005 -1 0.00866025 0.005 -1 0.00866025 0 1 0 0.01 1 0 0.005 1 -0.00866025 -0.005 1 -0.00866025 -0.01 1 -1.22465e-18 -0.005 1 0.00866025 0.005 1 0.00866025"/>
     <Normal vector="0.998548 -0.0538637 0 0.499274 -0.0538636 -0.864768 -0.499274 -0.0538636 -0.864768 -0.998548 -0.0538637 0 -0.499274 -0.0538636 0.864768 0.499274 -0.0538636 0.864768 0.866025 0 -0.5 0 0 -1 -0.866025 0 -0.5 -0.866025 0 0.5 0 0 1 0.866025 0 0.5 1 0 0 0.5 0 -0.866025 -0.5 0 -0.866025 -1 0 0 -0.5 0 0.866025 0.5 0 0.866025 0.866025 1.70907e-07 -0.5 0 1.7642e-07 -1 -0.866025 1.70907e-07 -0.5 -0.866025 1.70907e-07 0.5 0 1.7642e-07 1 0.866025 1.70907e-07 0.5 1 -1.7642e-07 0 0.5 -1.70907e-07 -0.866025 -0.5 -1.70907e-07 -0.866025 -1 -1.7642e-07 0 -0.5 -1.70907e-07 0.866025 0.5 -1.70907e-07 0.866025 0.866025 0 -0.5 0 0 -1 -0.866025 0 -0.5 -0.866025 0 0.5 0 0 1 0.866025 0 0.5 1 0 0 0.5 0 -0.866025 -0.5 0 -0.866025 -1 0 0 -0.5 0 0.866025 0.5 0 0.866025 0.866025 0 -0.5 0 0 -1 -0.866025 0 -0.5 -0.866025 0 0.5 0 0 1 0.866025 0 0.5 1 0 0 0.5 0 -0.866025 -0.5 0 -0.866025 -1 0 0 -0.5 0 0.866025 0.5 0 0.866025 0.866025 0 -0.5 0 0 -1 -0.866025 0 -0.5 -0.866025 0 0.5 0 0 1 0.866025 0 0.5 1 1.7642e-07 0 0.5 1.70907e-07 -0.866025 -0.5 1.70907e-07 -0.866025 -1 1.7642e-07 0 -0.5 1.70907e-07 0.866025 0.5 1.70907e-07 0.866025 0.866025 -1.70907e-07 -0.5 0 -1.7642e-07 -1 -0.866025 -1.70907e-07 -0.5 -0.866025 -1.70907e-07 0.5 0 -1.7642e-07 1 0.866025 -1.70907e-07 0.5 1 0 0 0.5 0 -0.866025 -0.5 0 -0.866025 -1 0 0 -0.5 0 0.866025 0.5 0 0.866025 0.866025 0 -0.5 0 0 -1 -0.866025 0 -0.5 -0.866025 0 0.5 0 0 1 0.866025 0 0.5 1 0 0 0.5 0 -0.866025 -0.5 0 -0.866025 -1 0 0 -0.5 0 0.866025 0.5 0 0.866025 0.866025 0 -0.5 0 0 -1 -0.866025 0 -0.5 -0.866025 0 0.5 0 0 1 0.866025 0 0.5 1 0 0 0.5 0 -0.866025 -0.5 0 -0.866025 -1 0 0 -0.5 0 0.866025 0.5 0 0.866025 0.866025 1.70907e-07 -0.5 0 1.7642e-07 -1 -0.866025 1.70907e-07 -0.5 -0.866025 1.70907e-07 0.5 0 1.7642e-07 1 0.866025 1.70907e-07 0.5 1 -1.7642e-07 0 0.5 -1.70907e-07 -0.866025 -0.5 -1.70907e-07 -0.866025 -1 -1.7642e-07 0 -0.5 -1.70907e-07 0.866025 0.5 -1.70907e-07 0.866025 0.866025 0 -0.5 0 0 -1 -0.866025 0 -0.5 -0.866025 0 0.5 0 0 1 0.866025 0 0.5 1 0 0 0.5 0 -0.866025 -0.5 0 -0.866025 -1 0 0 -0.5 0 0.866025 0.5 0 0.866025 0.866025 0 -0.5 0 0 -1 -0.866025 0 -0.5 -0.866025 0 0.5 0 0 1 0.866025 0 0.5 1 0 0 0.5 0 -0.866025 -0.5 0 -0.866025 -1 0 0 -0.5 0 0.866025 0.5 0 0.866025 0.866025 0 -0.5 0 0 -1 -0.866025 0 -0.5 -0.866025 0 0.5 0 0 1 0.866025 0 0.5 1 1.7642e-07 0 0.5 1.70907e-07 -0.866025 -0.5 1.70907e-07 -0.866025 -1 1.7642e-07 0 -0.5 1.70907e-07 0.866025 0.5 1.70907e-07 0.866025 0.866025 -1.70907e-07 -0.5 0 -1.7642e-07 -1 -0.866025 -1.70907e-07 -0.5 -0.866025 -1.70907e-07 0.5 0 -1.7642e-07 1 0.866025 -1.70907e-07 0.5 1 0 0 0.5 0 -0.866025 -0.5 0 -0.866025 -1 0 0 -0.5 0 0.866025 0.5 0 0.866025 0.866025 0 -0.5 0 0 -1 -0.866025 0 -0.5 -0.866025 0 0.5 0 0 1 0.866025 0 0.5 1 0 0 0.5 0 -0.866025 -0.5 0 -0.866025 -1 0 0 -0.5 0 0.866025 0.5 0 0.866025 0.866025 0 -0.5 0 0 -1 -0.866025 0 -0.5 -0.866025 0 0.5 0 0 1 0.866025 0 0.5 1 1.7642e-07 0 0.5 1.70907e-07 -0.866025 -0.5 1.70907e-07 -0.866025 -1 1.7642e-07 0 -0.5 1.70907e-07 0.866025 0.5 1.70907e-07 0.866025 0.866025 -1.70907e-07 -0.5 0 -1.7642e-07 -1 -0.866025 -1.70907e-07 -0.5 -0.866025 -1.70907e-07 0.5 0 -1.7642e-07 1 0.866025 -1.70907e-07 0.5 1 0 0 0.5 0 -0.866025 -0.5 0 -0.866025 -1 0 0 -0.5 0 0.866025 0.5 0 0.866025 0.866025 0 -0.5 0 0 -1 -0.866025 0 -0.5 -0.866025 0 0.5 0 0 1 0.866025 0 0.5 1 0 0 0.5 0 -0.866025 -0.5 0 -0.866025 -1 0 0 -0.5 0 0.866025 0.5 0 0.866025 0.866025 0 -0.5 0 0 -1 -0.866025 0 -0.5 -0.866025 0 0.5 0 0 1 0.866025 0 0.5 1 0 0 0.5 0 -0.866025 -0.5 0 -0.866025 -1 0 0 -0.5 0 0.866025 0.5 0 0.866025 0.866025 1.70907e-07 -0.5 0 1.7642e-07 -1 -0.866025 1.70907e-07 -0.5 -0.866025 1.70907e-07 0.5 0 1.7642e-07 1 0.866025 1.70907e-07 0.5 1 -1.7642e-07 0 0.5 -1.70907e-07 -0.866025 -0.5 -1.70907e-07 -0.866025 -1 -1.7642e-07 0 -0.5 -1.70907e-07 0.866025 0.5 -1.70907e-07 0.866025 0.866025 0 -0.5 0 0 -1 -0.866025 0 -0.5 -0.866025 0 0.5 0 0 1 0.866025 0 0.5 1 0 0 0.5 0 -0.866025 -0.5 0 -0.866025 -1 0 0 -0.5 0 0.866025 0.5 0 0.866025 0.866025 0 -0.5 0 0 -1 -0.866025 0 -0.5 -0.866025 0 0.5 0 0 1 0.866025 0 0.5 1 0 0 0.5 0 -0.866025 -0.5 0 -0.866025 -1 0 0 -0.5 0 0.866025 0.5 0 0.866025 0.866025 0 -0.5 0 0 -1 -0.866025 0 -0.5 -0.866025 0 0.5 0 0 1 0.866025 0 0.5 1 1.7642e-07 0 0.5 1.70907e-07 -0.866025 -0.5 1.70907e-07 -0.866025 -1 1.7642e-07 0 -0.5 1.70907e-07 0.866025 0.5 1.70907e-07 0.866025 0.866025 -1.70907e-07 -0.5 0 -1.7642e-07 -1 -0.866025 -1.70907e-07 -0.5 -0.866025 -1.70907e-07 0.5 0 -1.7642e-07 1 0.866025 -1.70907e-07 0.5 1 0 0 0.5 0 -0.866025 -0.5 0 -0.866025 -1 0 0 -0.5 0 0.866025 0.5 0 0.866025 0.866025 0 -0.5 0 0 -1 -0.866025 0 -0.5 -0.866025 0 0.5 0 0 1 0.866025 0 0.5 1 0 0 0.5 0 -0.866025 -0.5 0 -0.866025 -1 0 0 -0.5 0 0.866025 0.5 0 0.866025 0.866025 0 -0.5 0 0 -1 -0.866025 0 -0.5 -0.866025 0 0.5 0 0 1 0.866025 0 0.5 1 0 0 0.5 0 -0.866025 -0.5 0 -0.866025 -1 0 0 -0.5 0 0.866025 0.5 0 0.866025 0.866025 1.70907e-07 -0.5 0 1.7642e-07 -1 -0.866025 1.70907e-07 -0.5 -0.866025 1.70907e-07 0.5 0 1.7642e-07 1 0.866025 1.70907e-07 0.5 1 -1.7642e-07 0 0.5 -1.70907e-07 -0.866025 -0.5 -1.70907e-07 -0.866025 -1 -1.7642e-07 0 -0.5 -1.70907e-07 0.866025 0.5 -1.70907e-07 0.866025 0.866025 0 -0.5 0 0 -1 -0.866025 0 -0.5 -0.866025 0 0.5 0 0 1 0.866025 0 0.5 1 0 0 0.5 0 -0.866025 -0.5 0 -0.866025 -1 0 0 -0.5 0 0.866025 0.5 0 0.866025 0.866025 0 -0.5 0 0 -1 -0.866025 0 -0.5 -0.866025 0 0.5 0 0 1 0.866025 0 0.5 1 9.09664e-08 0 0.5 8.82098e-08 -0.866025 -0.5 8.82098e-08 -0.866025 -1 9.09664e-08 0 -0.5 8.82098e-08 0.866025 0.5 8.82098e-08 0.866025 0.866025 -8.26967e-08 -0.5 0 -8.54533e-08 -1 -0.866025 -8.26967e-08 -0.5 -0.866025 -8.26967e-08 0.5 0 -8.54533e-08 1 0.866025 -8.26967e-08 0.5 1 0 0 0.5 0 -0.866025 -0.5 0 -0.866025 -1 0 0 -0.5 0 0.866025 0.5 0 0.866025 0.866025 0 -0.5 0 0 -1 -0.866025 0 -0.5 -0.866025 0 0.5 0 0 1 0.866025 0 0.5 1 9.09664e-08 0 0.5 8.82098e-08 -0.866025 -0.5 8.82098e-08 -0.866025 -1 9.09664e-08 0 -0.5 8.82098e-08 0.866025 0.5 8.82098e-08 0.866025 0.866025 -8.26967e-08 -0.5 0 -8.54533e-08 -1 -0.866025 -8.26967e-08 -0.5 -0.866025 -8.26967e-08 0.5 0 -8.54533e-08 1 0.866025 -8.26967e-08 0.5 1 0 0 0.5 0 -0.866025 -0.5 0 -0.866025 -1 0 0 -0.5 0 0.866025 0.5 0 0.866025 0.866025 8.82098e-08 -0.5 0 9.09664e-08 -1 -0.866025 8.82098e-08 -0.5 -0.866025 8.82098e-08 0.5 0 9.09664e-08 1 0.866025 8.82098e-08 0.5 1 -8.54533e-08 0 0.5 -8.26967e-08 -0.866025 -0.5 -8.26967e-08 -0.866025 -1 -8.54533e-08 0 -0.5 -8.26967e-08 0.866025 0.5 -8.26967e-08 0.866025 0.866025 0 -0.5 0 0 -1 -0.866025 0 -0.5 -0.866025 0 0.5 0 0 1 0.866025 0 0.5 1 0 0 0.5 0 -0.866025 -0.5 0 -0.866025 -1 0 0 -0.5 0 0.866025 0.5 0 0.866025 0.866025 8.82098e-08 -0.5 0 9.09664e-08 -1 -0.866025 8.82098e-08 -0.5 -0.866025 8.82098e-08 0.5 0 9.09664e-08 1 0.866025 8.82098e-08 0.5 1 -8.54533e-08 0 0.5 -8.26967e-08 -0.866025 -0.5 -8.26967e-08 -0.866025 -1 -8.54533e-08 0 -0.5 -8.26967e-08 0.866025 0.5 -8.26967e-08 0.866025 0.866025 0 -0.5 0 0 -1 -0.866025 0 -0.5 -0.866025 0 0.5 0 0 1 0.866025 0 0.5 1 9.09664e-08 0 0.5 8.82098e-08 -0.866025 -0.5 8.82098e-08 -0.866025 -1 9.09664e-08 0 -0.5 8.82098e-08 0.866025 0.5 8.82098e-08 0.866025 0.866025 -8.26967e-08 -0.5 0 -8.54533e-08 -1 -0.866025 -8.26967e-08 -0.5 -0.866025 -8.26967e-08 0.5 0 -8.54533e-08 1 0.866025 -8.26967e-08 0.5 1 0 0 0.5 0 -0.866025 -0.5 0 -0.866025 -1 0 0 -0.5 0 0.866025 0.5 0 0.866025 0.866025 8.82098e-08 -0.5 0 9.09664e-08 -1 -0.866025 8.82098e-08 -0.5 -0.866025 8.82098e-08 0.5 0 9.09664e-08 1 0.866025 8.82098e-08 0.5 1 -8.54533e-08 0 0.5 -8.26967e-08 -0.866025 -0.5 -8.26967e-08 -0.866025 -1 -8.54533e-08 0 -0.5 -8.26967e-08 0.866025 0.5 -8.26967e-08 0.866025 0.866025 0 -0.5 0 0 -1 -0.866025 0 -0.5 -0.866025 0 0.5 0 0 1 0.866025 0 0.5 1 0 0 0.5 0 -0.866025 -0.5 0 -0.866025 -1 0 0 -0.5 0 0.866025 0.5 0 0.866025 0.866025 8.82098e-08 -0.5 0 9.09664e-08 -1 -0.866025 8.82098e-08 -0.5 -0.866025 8.82098e-08 0.5 0 9.09664e-08 1 0.866025 8.82098e-08 0.5 1 -8.54533e-08 0 0.5 -8.26967e-08 -0.866025 -0.5 -8.26967e-08 -0.866025 -1 -8.54533e-08 0 -0.5 -8.26967e-08 0.866025 0.5 -8.26967e-08 0.866025 0.866025 0 -0.5 0 0 -1 -0.866025 0 -0.5 -0.866025 0 0.5 0 0 1 0.866025 0 0.5 1 9.09664e-08 0 0.5 8.82098e-08 -0.866025 -0.5 8.82098e-08 -0.866025 -1 9.09664e-08 0 -0.5 8.82098e-08 0.866025 0.5 8.82098e-08 0.866025 0.866025 -8.26967e-08 -0.5 0 -8.54533e-08 -1 -0.866025 -8.26967e-08 -0.5 -0.866025 -8.26967e-08 0.5 0 -8.54533e-08 1 0.866025 -8.26967e-08 0.5 1 0 0 0.5 0 -0.866025 -0.5 0 -0.866025 -1 0 0 -0.5 0 0.866025 0.5 0 0.866025 0.866025 4.41049e-08 -0.5 0 4.41049e-08 -1 -0.866025 4.41049e-08 -0.5 -0.866025 4.41049e-08 0.5 0 4.41049e-08 1 0.866025 4.41049e-08 0.5 1 -4.41049e-08 0 0.5 -4.41049e-08 -0.866025 -0.5 -4.41049e-08 -0.866025 -1 -4.41049e-08 0 -0.5 -4.41049e-08 0.866025 0.5 -4.41049e-08 0.866025 0.866025 4.41049e-08 -0.5 0 4.41049e-08 -1 -0.866025 4.41049e-08 -0.5 -0.866025 4.41049e-08 0.5 0 4.41049e-08 1 0.866025 4.41049e-08 0.5 1 0 0 0.5 0 -0.866025 -0.5 0 -0.866025 -1 0 0 -0.5 0 0.866025 0.5 0 0.866025 0.866025 -4.41049e-08 -0.5 0 -4.41049e-08 -1 -0.866025 -4.41049e-08 -0.5 -0.866025 -4.41049e-08 0.5 0 -4.41049e-08 1 0.866025 -4.41049e-08 0.5 1 4.41049e-08 0 0.5 4.41049e-08 -0.866025 -0.5 4.41049e-08 -0.866025 -1 4.41049e-08 0 -0.5 4.41049e-08 0.866025 0.5 4.41049e-08 0.866025 0.866025 -4.41049e-08 -0.5 0 -4.41049e-08 -1 -0.866025 -4.41049e-08 -0.5 -0.866025 -4.41049e-08 0.5 0 -4.41049e-08 1 0.866025 -4.41049e-08 0.5 1 4.41049e-08 0 0.5 4.41049e-08 -0.866025 -0.5 4.41049e-08 -0.866025 -1 4.41049e-08 0 -0.5 4.41049e-08 0.866025 0.5 4.41049e-08 0.866025 0.866025 0 -0.5 0 0 -1 -0.866025 0 -0.5 -0.866025 0 0.5 0 0 1 0.866025 0 0.5 1 -4.41049e-08 0 0.5 -4.41049e-08 -0.866025 -0.5 -4.41049e-08 -0.866025 -1 -4.41049e-08 0 -0.5 -4.41049e-08 0.866025 0.5 -4.41049e-08 0.866025 0.866025 4.41049e-08 -0.5 0 4.41049e-08 -1 -0.866025 4.41049e-08 -0.5 -0.866025 4.41049e-08 0.5 0 4.41049e-08 1 0.866025 4.41049e-08 0.5 1 -4.41049e-08 0 0.5 -4.41049e-08 -0.866025 -0.5 -4.41049e-08 -0.866025 -1 -4.41049e-08 0 -0.5 -4.41049e-08 0.866025 0.5 -4.41049e-08 0.866025 0.866025 4.41049e-08 -0.5 0 4.41049e-08 -1 -0.866025 4.41049e-08 -0.5 -0.866025 4.41049e-08 0.5 0 4.41049e-08 1 0.866025 4.41049e-08 0.5 1 -1.92959e-08 0 0.5 -2.75656e-08 -0.866025 -0.5 -2.75656e-08 -0.866025 -1 -1.92959e-08 0 -0.5 -2.75656e-08 0.866025 0.5 -2.75656e-08 0.866025 0.866025 -5.51311e-09 -0.5 0 -5.51311e-09 -1 -0.866025 -5.51311e-09 -0.5 -0.866025 -5.51311e-09 0.5 0 -5.51311e-09 1 0.866025 -5.51311e-09 0.5 1 -5.51311e-09 0 0.5 -5.51311e-09 -0.866025 -0.5 -5.51311e-09 -0.866025 -1 -5.51311e-09 0 -0.5 -5.51311e-09 0.866025 0.5 -5.51311e-09 0.866025 0.866025 -5.51311e-09 -0.5 0 -5.51311e-09 -1 -0.866025 -5.51311e-09 -0.5 -0.866025 -5.51311e-09 0.5 0 -5.51311e-09 1 0.866025 -5.51311e-09 0.5 1 1.37828e-08 0 0.5 2.20525e-08 -0.866025 -0.5 2.20525e-08 -0.866025 -1 1.37828e-08 0 -0.5 2.20525e-08 0.866025 0.5 2.20525e-08 0.866025 0.866025 -2.75656e-08 -0.5 0 -1.92959e-08 -1 -0.866025 -2.75656e-08 -0.5 -0.866025 -2.75656e-08 0.5 0 -1.92959e-08 1 0.866025 -2.75656e-08 0.5 1 -5.51311e-09 0 0.5 -5.51311e-09 -0.866025 -0.5 -5.51311e-09 -0.866025 -1 -5.51311e-09 0 -0.5 -5.51311e-09 0.866025 0.5 -5.51311e-09 0.866025 0.866025 -5.51311e-09 -0.5 0 -5.51311e-09 -1 -0.866025 -5.51311e-09 -0.5 -0.866025 -5.51311e-09 0.5 0 -5.51311e-09 1 0.866025 -5.51311e-09 0.5 1 -5.51311e-09 0 0.5 -5.51311e-09 -0.866025 -0.5 -5.51311e-09 -0.866025 -1 -5.51311e-09 0 -0.5 -5.51311e-09 0.866025 0.5 -5.51311e-09 0.866025 0.866025 8.26967e-09 -0.5 0 5.51311e-09 -1 -0.866025 8.26967e-09 -0.5 -0.866025 8.26967e-09 0.5 0 5.51311e-09 1 0.866025 8.26967e-09 0.5 1 -1.10262e-08 0 0.5 -1.37828e-08 -0.866025 -0.5 -1.37828e-08 -0.866025 -1 -1.10262e-08 0 -0.5 -1.37828e-08 0.866025 0.5 -1.37828e-08 0.866025 0.866025 8.26967e-09 -0.5 0 -2.75656e-09 -1 -0.866025 8.26967e-09 -0.5 -0.866025 8.26967e-09 0.5 0 -2.75656e-09 1 0.866025 8.26967e-09 0.5 1 5.51311e-09 0 0.5 -2.75656e-09 -0.866025 -0.5 -2.75656e-09 -0.866025 -1 5.51311e-09 0 -0.5 -2.75656e-09 0.866025 0.5 -2.75656e-09 0.866025 0.866025 0 -0.5 0 0 -1 -0.866025 0 -0.5 -0.866025 0 0.5 0 0 1 0.866025 0 0.5 1 0 0 0.5 0 -0.866025 -0.5 0 -0.866025 -1 0 0 -0.5 0 0.866025 0.5 0 0.866025 0.866025 0 -0.5 0 0 -1 -0.866025 0 -0.5 -0.866025 0 0.5 0 0 1 0.866025 0 0.5 1 0 0 0.5 8.26967e-09 -0.866025 -0.5 8.26967e-09 -0.866025 -1 0 0 -0.5 8.26967e-09 0.866025 0.5 8.26967e-09 0.866025 0.866025 -8.26967e-09 -0.5 0 2.75656e-09 -1 -0.866025 -8.26967e-09 -0.5 -0.866025 -8.26967e-09 0.5 0 2.75656e-09 1 0.866025 -8.26967e-09 0.5 1 5.51311e-09 0 0.5 8.26967e-09 -0.866025 -0.5 8.26967e-09 -0.866025 -1 5.51311e-09 0 -0.5 8.26967e-09 0.866025 0.5 8.26967e-09 0.866025 0.866025 -1.37828e-08 -0.5 0 -1.10262e-08 -1 -0.866025 -1.37828e-08 -0.5 -0.866025 -1.37828e-08 0.5 0 -1.10262e-08 1 0.866025 -1.37828e-08 0.5 1 -5.51311e-09 0 0.5 -5.51311e-09 -0.866025 -0.5 -5.51311e-09 -0.866025 -1 -5.51311e-09 0 -0.5 -5.51311e-09 0.866025 0.5 -5.51311e-09 0.866025 0.866025 -5.51311e-09 -0.5 0 -5.51311e-09 -1 -0.866025 -5.51311e-09 -0.5 -0.866025 -5.51311e-09 0.5 0 -5.51311e-09 1 0.866025 -5.51311e-09 0.5 1 -5.51311e-09 0 0.5 -5.51311e-09 -0.866025 -0.5 -5.51311e-09 -0.866025 -1 -5.51311e-09 0 -0.5 -5.51311e-09 0.866025 0.5 -5.51311e-09 0.866025 0.866025 2.20525e-08 -0.5 0 1.37828e-08 -1 -0.866025 2.20525e-08 -0.5 -0.866025 2.20525e-08 0.5 0 1.37828e-08 1 0.866025 2.20525e-08 0.5 1 -1.92959e-08 0 0.5 -2.75656e-08 -0.866025 -0.5 -2.75656e-08 -0.866025 -1 -1.92959e-08 0 -0.5 -2.75656e-08 0.866025 0.5 -2.75656e-08 0.866025 0.866025 -5.51311e-09 -0.5 0 -5.51311e-09 -1 -0.866025 -5.51311e-09 -0.5 -0.866025 -5.51311e-09 0.5 0 -5.51311e-09 1 0.866025 -5.51311e-09 0.5 1 -5.51311e-09 0 0.5 -5.51311e-09 -0.866025 -0.5 -5.51311e-09 -0.866025 -1 -5.51311e-09 0 -0.5 -5.51311e-09 0.866025 0.5 -5.51311e-09 0.866025 0.866025 -5.51311e-09 -0.5 0 -5.51311e-09 -1 -0.866025 -5.51311e-09 -0.5 -0.866025 -5.51311e-09 0.5 0 -5.51311e-09 1 0.866025 -5.51311e-09 0.5 1 1.37828e-08 0 0.5 2.20525e-08 -0.866025 -0.5 2.20525e-08 -0.866025 -1 1.37828e-08 0 -0.5 2.20525e-08 0.866025 0.5 2.20525e-08 0.866025 0.866025 -4.41049e-08 -0.5 0 -4.41049e-08 -1 -0.866025 -4.41049e-08 -0.5 -0.866025 -4.41049e-08 0.5 0 -4.41049e-08 1 0.866025 -4.41049e-08 0.5 1 4.41049e-08 0 0.5 4.41049e-08 -0.866025 -0.5 4.41049e-08 -0.866025 -1 4.41049e-08 0 -0.5 4.41049e-08 0.866025 0.5 4.41049e-08 0.866025 0.866025 -4.41049e-08 -0.5 0 -4.41049e-08 -1 -0.866025 -4.41049e-08 -0.5 -0.866025 -4.41049e-08 0.5 0 -4.41049e-08 1 0.866025 -4.41049e-08 0.5 1 4.41049e-08 0 0.5 4.41049e-08 -0.866025 -0.5 4.41049e-08 -0.866025 -1 4.41049e-08 0 -0.5 4.41049e-08 0.866025 0.5 4.41049e-08 0.866025 0.866025 0 -0.5 0 0 -1 -0.866025 0 -0.5 -0.866025 0 0.5 0 0 1 0.866025 0 0.5 1 -4.41049e-08 0 0.5 -4.41049e-08 -0.866025 -0.5 -4.41049e-08 -0.866025 -1 -4.41049e-08 0 -0.5 -4.41049e-08 0.866025 0.5 -4.41049e-08 0.866025 0.866025 4.41049e-08 -0.5 0 4.41049e-08 -1 -0.866025 4.41049e-08 -0.5 -0.866025 4.41049e-08 0.5 0 4.41049e-08 1 0.866025 4.41049e-08 0.5 1 -4.41049e-08 0 0.5 -4.41049e-08 -0.866025 -0.5 -4.41049e-08 -0.866025 -1 -4.41049e-08 0 -0.5 -4.41049e-08 0.866025 0.5 -4.41049e-08 0.866025 0.866025 4.41049e-08 -0.5 0 4.41049e-08 -1 -0.866025 4.41049e-08 -0.5 -0.866025 4.41049e-08 0.5 0 4.41049e-08 1 0.866025 4.41049e-08 0.5 1 0 0 0.5 0 -0.866025 -0.5 0 -0.866025 -1 0 0 -0.5 0 0.866025 0.5 0 0.866025 0.866025 -4.41049e-08 -0.5 0 -4.41049e-08 -1 -0.866025 -4.41049e-08 -0.5 -0.866025 -4.41049e-08 0.5 0 -4.41049e-08 1 0.866025 -4.41049e-08 0.5 1 4.41049e-08 0 0.5 4.41049e-08 -0.866025 -0.5 4.41049e-08 -0.866025 -1 4.41049e-08 0 -0.5 4.41049e-08 0.866025 0.5 4.41049e-08 0.866025 0.866025 -4.41049e-08 -0.5 0 -4.41049e-08 -1 -0.866025 -4.41049e-08 -0.5 -0.866025 -4.41049e-08 0.5 0 -4.41049e-08 1 0.866025 -4.41049e-08 0.5 1 0 0 0.5 0 -0.866025 -0.5 0 -0.866025 -1 0 0 -0.5 0 0.866025 0.5 0 0.866025 0.866025 8.82098e-08 -0.5 0 9.09664e-08 -1 -0.866025 8.82098e-08 -0.5 -0.866025 8.82098e-08 0.5 0 9.09664e-08 1 0.866025 8.82098e-08 0.5 1 -8.54533e-08 0 0.5 -8.26967e-08 -0.866025 -0.5 -8.26967e-08 -0.866025 -1 -8.54533e-08 0 -0.5 -8.26967e-08 0.866025 0.5 -8.26967e-08 0.866025 0.866025 0 -0.5 0 0 -1 -0.866025 0 -0.5 -0.866025 0 0.5 0 0 1 0.866025 0 0.5 1 9.09664e-08 0 0.5 8.82098e-08 -0.866025 -0.5 8.82098e-08 -0.866025 -1 9.09664e-08 0 -0.5 8.82098e-08 0.866025 0.5 8.82098e-08 0.866025 0.866025 -8.26967e-08 -0.5 0 -8.54533e-08 -1 -0.866025 -8.26967e-08 -0.5 -0.866025 -8.26967e-08 0.5 0 -8.54533e-08 1 0.866025 -8.26967e-08 0.5 1 0 0 0.5 0 -0.866025 -0.5 0 -0.866025 -1 0 0 -0.5 0 0.866025 0.5 0 0.866025 0.866025 0 -0.5 0 0 -1 -0.866025 0 -0.5 -0.866025 0 0.5 0 0 1 0.866025 0 0.5 1 9.09664e-08 0 0.5 8.82098e-08 -0.866025 -0.5 8.82098e-08 -0.866025 -1 9.09664e-08 0 -0.5 8.82098e-08 0.866025 0.5 8.82098e-08 0.866025 0.866025 -8.26967e-08 -0.5 0 -8.54533e-08 -1 -0.866025 -8.26967e-08 -0.5 -0.866025 -8.26967e-08 0.5 0 -8.54533e-08 1 0.866025 -8.26967e-08 0.5 1 0 0 0.5 0 -0.866025 -0.5 0 -0.866025 -1 0 0 -0.5 0 0.866025 0.5 0 0.866025 0.866025 8.82098e-08 -0.5 0 9.09664e-08 -1 -0.866025 8.82098e-08 -0.5 -0.866025 8.82098e-08 0.5 0 9.09664e-08 1 0.866025 8.82098e-08 0.5 1 -8.54533e-08 0 0.5 -8.26967e-08 -0.866025 -0.5 -8.26967e-08 -0.866025 -1 -8.54533e-08 0 -0.5 -8.26967e-08 0.866025 0.5 -8.26967e-08 0.866025 0.866025 0 -0.5 0 0 -1 -0.866025 0 -0.5 -0.866025 0 0.5 0 0 1 0.866025 0 0.5 1 9.09664e-08 0 0.5 8.82098e-08 -0.866025 -0.5 8.82098e-08 -0.866025 -1 9.09664e-08 0 -0.5 8.82098e-08 0.866025 0.5 8.82098e-08 0.866025 0.866025 -8.26967e-08 -0.5 0 -8.54533e-08 -1 -0.866025 -8.26967e-08 -0.5 -0.866025 -8.26967e-08 0.5 0 -8.54533e-08 1 0.866025 -8.26967e-08 0.5 1 0 0 0.5 0 -0.866025 -0.5 0 -0.866025 -1 0 0 -0.5 0 0.866025 0.5 0 0.866025 0.866025 0 -0.5 0 0 -1 -0.866025 0 -0.5 -0.866025 0 0.5 0 0 1 0.866025 0 0.5 1 9.09664e-08 0 0.5 8.82098e-08 -0.866025 -0.5 8.82098e-08 -0.866025 -1 9.09664e-08 0 -0.5 8.82098e-08 0.866025 0.5 8.82098e-08 0.866025 0.866025 -8.26967e-08 -0.5 0 -8.54533e-08 -1 -0.866025 -8.26967e-08 -0.5 -0.866025 -8.26967e-08 0.5 0 -8.54533e-08 1 0.866025 -8.26967e-08 0.5 1 0 0 0.5 0 -0.866025 -0.5 0 -0.866025 -1 0 0 -0.5 0 0.866025 0.5 0 0.866025 0.866025 8.82098e-08 -0.5 0 9.09664e-08 -1 -0.866025 8.82098e-08 -0.5 -0.866025 8.82098e-08 0.5 0 9.09664e-08 1 0.866025 8.82098e-08 0.5 1 -8.54533e-08 0 0.5 -8.26967e-08 -0.866025 -0.5 -8.26967e-08 -0.866025 -1 -8.54533e-08 0 -0.5 -8.26967e-08 0.866025 0.5 -8.26967e-08 0.866025 0.866025 0 -0.5 0 0 -1 -0.866025 0 -0.5 -0.866025 0 0.5 0 0 1 0.866025 0 0.5 1 0 0 0.5 0 -0.866025 -0.5 0 -0.866025 -1 0 0 -0.5 0 0.866025 0.5 0 0.866025 0.866025 8.82098e-08 -0.5 0 9.09664e-08 -1 -0.866025 8.82098e-08 -0.5 -0.866025 8.82098e-08 0.5 0 9.09664e-08 1 0.866025 8.82098e-08 0.5 1 -8.54533e-08 0 0.5 -8.26967e-08 -0.866025 -0.5 -8.26967e-08 -0.866025 -1 -8.54533e-08 0 -0.5 -8.26967e-08 0.866025 0.5 -8.26967e-08 0.866025 0.866025 0 -0.5 0 0 -1 -0.866025 0 -0.5 -0.866025 0 0.5 0 0 1 0.866025 0 0.5 1 0 0 0.5 0 -0.866025 -0.5 0 -0.866025 -1 0 0 -0.5 0 0.866025 0.5 0 0.866025 0.866025 0 -0.5 0 0 -1 -0.866025 0 -0.5 -0.866025 0 0.5 0 0 1 0.866025 0 0.5 1 1.7642e-07 0 0.5 1.70907e-07 -0.866025 -0.5 1.70907e-07 -0.866025 -1 1.7642e-07 0 -0.5 1.70907e-07 0.866025 0.5 1.70907e-07 0.866025 0.866025 -1.70907e-07 -0.5 0 -1.7642e-07 -1 -0.866025 -1.70907e-07 -0.5 -0.866025 -1.70907e-07 0.5 0 -1.7642e-07 1 0.866025 -1.70907e-07 0.5 1 0 0 0.5 0 -0.866025 -0.5 0 -0.866025 -1 0 0 -0.5 0 0.866025 0.5 0 0.866025 0.866025 0 -0.5 0 0 -1 -0.866025 0 -0.5 -0.866025 0 0.5 0 0 1 0.866025 0 0.5 1 0 0 0.5 0 -0.866025 -0.5 0 -0.866025 -1 0 0 -0.5 0 0.866025 0.5 0 0.866025 0.866025 0 -0.5 0 0 -1 -0.866025 0 -0.5 -0.866025 0 0.5 0 0 1 0.866025 0 0.5 1 0 0 0.5 0 -0.866025 -0.5 0 -0.866025 -1 0 0 -0.5 0 0.866025 0.5 0 0.866025 0.866025 1.70907e-07 -0.5 0 1.7642e-07 -1 -0.866025 1.70907e-07 -0.5 -0.866025 1.70907e-07 0.5 0 1.7642e-07 1 0.866025 1.70907e-07 0.5 1 -1.7642e-07 0 0.5 -1.70907e-07 -0.866025 -0.5 -1.70907e-07 -0.866025 -1 -1.7642e-07 0 -0.5 -1.70907e-07 0.866025 0.5 -1.70907e-07 0.866025 0.866025 0 -0.5 0 0 -1 -0.866025 0 -0.5 -0.866025 0 0.5 0 0 1 0.866025 0 0.5 1 0 0 0.5 0 -0.866025 -0.5 0 -0.866025 -1 0 0 -0.5 0 0.866025 0.5 0 0.866025 0.866025 0 -0.5 0 0 -1 -0.866025 0 -0.5 -0.866025 0 0.5 0 0 1 0.866025 0 0.5 1 0 0 0.5 0 -0.866025 -0.5 0 -0.866025 -1 0 0 -0.5 0 0.866025 0.5 0 0.866025 0.866025 0 -0.5 0 0 -1 -0.866025 0 -0.5 -0.866025 0 0.5 0 0 1 0.866025 0 0.5 1 1.7642e-07 0 0.5 1.70907e-07 -0.866025 -0.5 1.70907e-07 -0.866025 -1 1.7642e-07 0 -0.5 1.70907e-07 0.866025 0.5 1.70907e-07 0.866025 0.866025 -1.70907e-07 -0.5 0 -1.7642e-07 -1 -0.866025 -1.70907e-07 -0.5 -0.866025 -1.70907e-07 0.5 0 -1.7642e-07 1 0.866025 -1.70907e-07 0.5 1 0 0 0.5 0 -0.866025 -0.5 0 -0.866025 -1 0 0 -0.5 0 0.866025 0.5 0 0.866025 0.866025 0 -0.5 0 0 -1 -0.866025 0 -0.5 -0.866025 0 0.5 0 0 1 0.866025 0 0.5 1 0 0 0.5 0 -0.866025 -0.5 0 -0.866025 -1 0 0 -0.5 0 0.866025 0.5 0 0.866025 0.866025 0 -0.5 0 0 -1 -0.866025 0 -0.5 -0.866025 0 0.5 0 0 1 0.866025 0 0.5 1 0 0 0.5 0 -0.866025 -0.5 0 -0.866025 -1 0 0 -0.5 0 0.866025 0.5 0 0.866025 0.866025 1.70907e-07 -0.5 0 1.7642e-07 -1 -0.866025 1.70907e-07 -0.5 -0.866025 1.70907e-07 0.5 0 1.7642e-07 1 0.866025 1.70907e-07 0.5 1 -1.7642e-07 0 0.5 -1.70907e-07 -0.866025 -0.5 -1.70907e-07 -0.866025 -1 -1.7642e-07 0 -0.5 -1.70907e-07 0.866025 0.5 -1.70907e-07 0.866025 0.866025 0 -0.5 0 0 -1 -0.866025 0 -0.5 -0.866025 0 0.5 0 0 1 0.866025 0 0.5 1 0 0 0.5 0 -0.866025 -0.5 0 -0.866025 -1 0 0 -0.5 0 0.866025 0.5 0 0.866025 0.866025 0 -0.5 0 0 -1 -0.866025 0 -0.5 -0.866025 0 0.5 0 0 1 0.866025 0 0.5 1 0 0 0.5 0 -0.866025 -0.5 0 -0.866025 -1 0 0 -0.5 0 0.866025 0.5 0 0.866025 0.866025 1.70907e-07 -0.5 0 1.7642e-07 -1 -0.866025 1.70907e-07 -0.5 -0.866025 1.70907e-07 0.5 0 1.7642e-07 1 0.866025 1.70907e-07 0.5 1 -1.7642e-07 0 0.5 -1.70907e-07 -0.866025 -0.5 -1.70907e-07 -0.866025 -1 -1.7642e-07 0 -0.5 -1.70907e-07 0.866025 0.5 -1.70907e-07 0.866025 0.866025 0 -0.5 0 0 -1 -0.866025 0 -0.5 -0.866025 0 0.5 0 0 1 0.866025 0 0.5 1 0 0 0.5 0 -0.866025 -0.5 0 -0.866025 -1 0 0 -0.5 0 0.866025 0.5 0 0.866025 0.866025 0 -0.5 0 0 -1 -0.866025 0 -0.5 -0.866025 0 0.5 0 0 1 0.866025 0 0.5 1 0 0 0.5 0 -0.866025 -0.5 0 -0.866025 -1 0 0 -0.5 0 0.866025 0.5 0 0.866025 0.866025 0 -0.5 0 0 -1 -0.866025 0 -0.5 -0.866025 0 0.5 0 0 1 0.866025 0 0.5 1 1.7642e-07 0 0.5 1.70907e-07 -0.866025 -0.5 1.70907e-07 -0.866025 -1 1.7642e-07 0 -0.5 1.70907e-07 0.866025 0.5 1.70907e-07 0.866025 0.866025 -1.70907e-07 -0.5 0 -1.7642e-07 -1 -0.866025 -1.70907e-07 -0.5 -0.866025 -1.70907e-07 0.5 0 -1.7642e-07 1 0.866025 -1.70907e-07 0.5 1 0 0 0.5 0 -0.866025 -0.5 0 -0.866025 -1 0 0 -0.5 0 0.866025 0.5 0 0.866025 0.866025 0 -0.5 0 0 -1 -0.866025 0 -0.5 -0.866025 0 0.5 0 0 1 0.866025 0 0.5 1 0 0 0.5 0 -0.866025 -0.5 0 -0.866025 -1 0 0 -0.5 0 0.866025 0.5 0 0.866025 0.866025 0 -0.5 0 0 -1 -0.866025 0 -0.5 -0.866025 0 0.5 0 0 1 0.866025 0 0.5 1 0 0 0.5 0 -0.866025 -0.5 0 -0.866025 -1 0 0 -0.5 0 0.866025 0.5 0 0.866025 0.866025 1.70907e-07 -0.5 0 1.7642e-07 -1 -0.866025 1.70907e-07 -0.5 -0.866025 1.70907e-07 0.5 0 1.7642e-07 1 0.866025 1.70907e-07 0.5 1 -1.7642e-07 0 0.5 -1.70907e-07 -0.866025 -0.5 -1.70907e-07 -0.866025 -1 -1.7642e-07 0 -0.5 -1.70907e-07 0.866025 0.5 -1.70907e-07 0.866025 0.866025 0 -0.5 0 0 -1 -0.866025 0 -0.5 -0.866025 0 0.5 0 0 1 0.866025 0 0.5 1 0 0 0.5 0 -0.866025 -0.5 0 -0.866025 -1 0 0 -0.5 0 0.866025 0.5 0 0.866025 0.866025 0 -0.5 0 0 -1 -0.866025 0 -0.5 -0.866025 0 0.5 0 0 1 0.866025 0 0.5 1 0 0 0.5 0 -0.866025 -0.5 0 -0.866025 -1 0 0 -0.5 0 0.866025 0.5 0 0.866025 0.866025 0 -0.5 0 0 -1 -0.866025 0 -0.5 -0.866025 0 0.5 0 0 1 0.866025 0 0.5 1 1.7642e-07 0 0.5 1.70907e-07 -0.866025 -0.5 1.70907e-07 -0.866025 -1 1.7642e-07 0 -0.5 1.70907e-07 0.866025 0.5 1.70907e-07 0.866025 0.866025 -1.70907e-07 -0.5 0 -1.7642e-07 -1 -0.866025 -1.70907e-07 -0.5 -0.866025 -1.70907e-07 0.5 0 -1.7642e-07 1 0.866025 -1.70907e-07 0.5 1 0 0 0.5 0 -0.866025 -0.5 0 -0.866025 -1 0 0 -0.5 0 0.866025 0.5 0 0.866025 0.866025 0 -0.5 0 0 -1 -0.866025 0 -0.5 -0.866025 0 0.5 0 0 1 0.866025 0 0.5 0.998548 0.0538637 0 0.499274 0.0538636 -0.864768 -0.499274 0.0538636 -0.864768 -0.998548 0.0538637 0 -0.499274 0.0538636 0.864768 0.499274 0.0538636 0.864768 0 -1 0 0 -1 0 0 -1 0 0 -1 0 0 -1 0 0 -1 0 0 -1 0 0 1 0 0 1 0 0 1 0 0 1 0 0 1 0 0 1 0 0 1 0"/>
    </IndexedTriangleSet>
   </Shape>
  </Transform>
  </Group>
  <Group>
  <Transform rotation="0 0 1 0" translation="0 0 0">
   <Shape>
    <Appearance DEF='ap4'>
     <Material ambientIntensity='1' diffuseColor='0 0.447059 0.698039' specularColor='0.85 0.85 0.85' shininess='0.234375' transparency='0'/>
    </Appearance>
    <IndexedTriangleSet DEF='its4' index="0 1 6 1 7 6 1 2 7 2 8 7 2 3 8 3 9 8 3 4 9 4 10 9 4 5 10 5 11 10 5 0 11 0 6 11 6 7 13 6 13 12 7 8 14 7 14 13 8 9 15 8 15 14 9 10 16 9 16 15 10 11 17 10 17 16 11 6 12 11 12 17 12 13 18 13 19 18 13 14 19 14 20 19 14 15 20 15 21 20 15 16 21 16 22 21 16 17 22 17 23 22 17 12 23 12 18 23 18 19 25 18 25 24 19 20 26 19 26 25 20 21 27 20 27 26 21 22 28 21 28 27 22 23 29 22 29 28 23 18 24 23 24 29 24 25 30 25 31 30 25 26 31 26 32 31 26 27 32 27 33 32 27 28 33 28 34 33 28 29 34 29 35 34 29 24 35 24 30 35 30 31 37 30 37 36 31 32 38 31 38 37 32 33 39 32 39 38 33 34 40 33 40 39 34 35 41 34 41 40 35 30 36 35 36 41 36 37 42 37 43 42 37 38 43 38 44 43 38 39 44 39 45 44 39 40 45 40 46 45 40 41 46 41 47 46 41 36 47 36 42 47 42 43 49 42 49 48 43 44 50 43 50 49 44 45 51 44 51 50 45 46 52 45 52 51 46 47 53 46 53 52 47 42 48 47 48 53 48 49 54 49 55 54 49 50 55 50 56 55 50 51 56 51 57 56 51 52 57 52 58 57 52 53 58 53 59 58 53 48 59 48 54 59 54 55 61 54 61 60 55 56 62 55 62 61 56 57 63 56 63 62 57 58 64 57 64 63 58 59 65 58 65 64 59 54 60 59 60 65 60 61 66 61 67 66 61 62 67 62 68 67 62 63 68 63 69 68 63 64 69 64 70 69 64 65 70 65 71 70 65 60 71 60 66 71 66 67 73 66 73 72 67 68 74 67 74 73 68 69 75 68 75 74 69 70 76 69 76 75 70 71 77 70 77 76 71 66 72 71 72 77 72 73 78 73 79 78 73 74 79 74 80 79 74 75 80 75 81 80 75 76 81 76 82 81 76 77 82 77 83 82 77 72 83 72 78 83 78 79 85 78 85 84 79 80 86 79 86 85 80 81 87 80 87 86 81 82 88 81 88 87 82 83 89 82 89 88 83 78 84 83 84 89 84 85 90 85 91 90 85 86 91 86 92 91 86 87 92 87 93 92 87 88 93 88 94 93 88 89 94 89 95 94 89 84 95 84 90 95 90 91 97 90 97 96 91 92 98 91 98 97 92 93 99 92 99 98 93 94 100 93 100 99 94 95 101 94 101 100 95 90 96 95 96 101 96 97 102 97 103 102 97 98 103 98 104 103 98 99 104 99 105 104 99 100 105 100 106 105 100 101 106 101 107 106 101 96 107 96 102 107 102 103 109 102 109 108 103 104 110 103 110 109 104 105 111 104 111 110 105 106 112 105 112 111 106 107 113 106 113 112 107 102 108 107 108 113 108 109 114 109 115 114 109 110 115 110 116 115 110 111 116 111 117 116 111 112 117 112 118 117 112 113 118 113 119 118 113 108 119 108 114 119 114 115 121 114 121 120 115 116 122 115 122 121 116 117 123 116 123 122 117 118 124 117 124 123 118 119 125 118 125 124 119 114 120 119 120 125 120 121 126 121 127 126 121 122 127 122 128 127 122 123 128 123 129 128 123 124 129 124 130 129 124 125 130 125 131 130 125 120 131 120 126 131 126 127 133 126 133 132 127 128 134 127 134 133 128 129 135 128 135 134 129 130 136 129 136 135 130 131 137 130 137 136 131 126 132 131 132 137 132 133 138 133 139 138 133 134 139 134 140 139 134 135 140 135 141 140 135 136 141 136 142 141 136 137 142 137 143 142 137 132 143 132 138 143 138 139 145 138 145 144 139 140 146 139 146 145 140 141 147 140 147 146 141 142 148 141 148 147 142 143 149 142 149 148 143 138 144 143 144 149 144 145 150 145 151 150 145 146 151 146 152 151 146 147 152 147 153 152 147 148 153 148 154 153 148 149 154 149 155 154 149 144 155 144 150 155 150 151 157 150 157 156 151 152 158 151 158 157 152 153 159 152 159 158 153 154 160 153 160 159 154 155 161 154 161 160 155 150 156 155 156 161 156 157 162 157 163 162 157 158 163 158 164 163 158 159 164 159 165 164 159 160 165 160 166 165 160 161 166 161 167 166 161 156 167 156 162 167 162 163 169 162 169 168 163 164 170 163 170 169 164 165 171 164 171 170 165 166 172 165 172 171 166 167 173 166 173 172 167 162 168 167 168 173 168 169 174 169 175 174 169 170 175 170 176 175 170 171 176 171 177 176 171 172 177 172 178 177 172 173 178 173 179 178 173 168 179 168 174 179 174 175 181 174 181 180 175 176 182 175 182 181 176 177 183 176 183 182 177 178 184 177 184 183 178 179 185 178 185 184 179 174 180 179 180 185 180 181 186 181 187 186 181 182 187 182 188 187 182 183 188 183 189 188 183 184 189 184 190 189 184 185 190 185 191 190 185 180 191 180 186 191 186 187 193 186 193 192 187 188 194 187 194 193 188 189 195 188 195 194 189 190 196 189 196 195 190 191 197 190 197 196 191 186 192 191 192 197 192 193 198 193 199 198 193 194 199 194 200 199 194 195 200 195 201 200 195 196 201 196 202 201 196 197 202 197 203 202 197 192 203 192 198 203 198 199 205 198 205 204 199 200 206 199 206 205 200 201 207 200 207 206 201 202 208 201 208 207 202 203 209 202 209 208 203 198 204 203 204 209 204 205 210 205 211 210 205 206 211 206 212 211 206 207 212 207 213 212 207 208 213 208 214 213 208 209 214 209 215 214 209 204 215 204 210 215 210 211 217 210 217 216 211 212 218 211 218 217 212 213 219 212 219 218 213 214 220 213 220 219 214 215 221 214 221 220 215 210 216 215 216 221 216 217 222 217 223 222 217 218 223 218 224 223 218 219 224 219 225 224 219 220 225 220 226 225 220 221 226 221 227 226 221 216 227 216 222 227 222 223 229 222 229 228 223 224 230 223 230 229 224 225 231 224 231 230 225 226 232 225 232 231 226 227 233 226 233 232 227 222 228 227 228 233 228 229 234 229 235 234 229 230 235 230 236 235 230 231 236 231 237 236 231 232 237 232 238 237 232 233 238 233 239 238 233 228 239 228 234 239 234 235 241 234 241 240 235 236 242 235 242 241 236 237 243 236 243 242 237 238 244 237 244 243 238 239 245 238 245 244 239 234 240 239 240 245 240 241 246 241 247 246 241 242 247 242 248 247 242 243 248 243 249 248 243 244 249 244 250 249 244 245 250 245 251 250 245 240 251 240 246 251 246 247 253 246 253 252 247 248 254 247 254 253 248 249 255 248 255 254 249 250 256 249 256 255 250 251 257 250 257 256 251 246 252 251 252 257 252 253 258 253 259 258 253 254 259 254 260 259 254 255 260 255 261 260 255 256 261 256 262 261 256 257 262 257 263 262 257 252 263 252 258 263 258 259 265 258 265 264 259 260 266 259 266 265 260 261 267 260 267 266 261 262 268 261 268 267 262 263 269 262 269 268 263 258 264 263 264 269 264 265 270 265 271 270 265 266 271 266 272 271 266 267 272 267 273 272 267 268 273 268 274 273 268 269 274 269 275 274 269 264 275 264 270 275 270 271 277 270 277 276 271 272 278 271 278 277 272 273 279 272 279 278 273 274 280 273 280 279 274 275 281 274 281 280 275 270 276 275 276 281 276 277 282 277 283 282 277 278 283 278 284 283 278 279 284 279 285 284 279 280 285 280 286 285 280 281 286 281 287 286 281 276 287 276 282 287 282 283 289 282 289 288 283 284 290 283 290 289 284 285 291 284 291 290 285 286 292 285 292 291 286 287 293 286 293 292 287 282 288 287 288 293 288 289 294 289 295 294 289 290 295 290 296 295 290 291 296 291 297 296 291 292 297 292 298 297 292 293 298 293 299 298 293 288 299 288 294 299 294 295 301 294 301 300 295 296 302 295 302 301 296 297 303 296 303 302 297 298 304 297 304 303 298 299 305 298 305 304 299 294 300 299 300 305 300 301 306 301 307 306 301 302 307 302 308 307 302 303 308 303 309 308 303 304 309 304 310 309 304 305 310 305 311 310 305 300 311 300 306 311 306 307 313 306 313 312 307 308 314 307 314 313 308 309 315 308 315 314 309 310 316 309 316 315 310 311 317 310 317 316 311 306 312 311 312 317 312 313 318 313 319 318 313 314 319 314 320 319 314 315 320 315 321 320 315 316 321 316 322 321 316 317 322 317 323 322 317 312 323 312 318 323 318 319 325 318 325 324 319 320 326 319 326 325 320 321 327 320 327 326 321 322 328 321 328 327 322 323 329 322 329 328 323 318 324 323 324 329 324 325 330 325 331 330 325 326 331 326 332 331 326 327 332 327 333 332 327 328 333 328 334 333 328 329 334 329 335 334 329 324 335 324 330 335 330 331 337 330 337 336 331 332 338 331 338 337 332 333 339 332 339 338 333 334 340 333 340 339 334 335 341 334 341 340 335 330 336 335 336 341 336 337 342 337 343 342 337 338 343 338 344 343 338 339 344 339 345 344 339 340 345 340 346 345 340 341 346 341 347 346 341 336 347 336 342 347 342 343 349 342 349 348 343 344 350 343 350 349 344 345 351 344 351 350 345 346 352 345 352 351 346 347 353 346 353 352 347 342 348 347 348 353 348 349 354 349 355 354 349 350 355 350 356 355 350 351 356 351 357 356 351 352 357 352 358 357 352 353 358 353 359 358 353 348 359 348 354 359 354 355 361 354 361 360 355 356 362 355 362 361 356 357 363 356 363 362 357 358 364 357 364 363 358 359 365 358 365 364 359 354 360 359 360 365 360 361 366 361 367 366 361 362 367 362 368 367 362 363 368 363 369 368 363 364 369 364 370 369 364 365 370 365 371 370 365 360 371 360 366 371 366 367 373 366 373 372 367 368 374 367 374 373 368 369 375 368 375 374 369 370 376 369 376 375 370 371 377 370 377 376 371 366 372 371 372 377 372 373 378 373 379 378 373 374 379 374 380 379 374 375 380 375 381 380 375 376 381 376 382 381 376 377 382 377 383 382 377 372 383 372 378 383 378 379 385 378 385 384 379 380 386 379 386 385 380 381 387 380 387 386 381 382 388 381 388 387 382 383 389 382 389 388 383 378 384 383 384 389 384 385 390 385 391 390 385 386 391 386 392 391 386 387 392 387 393 392 387 388 393 388 394 393 388 389 394 389 395 394 389 384 395 384 390 395 390 391 397 390 397 396 391 392 398 391 398 397 392 393 399 392 399 398 393 394 400 393 400 399 394 395 401 394 401 400 395 390 396 395 396 401 396 397 402 397 403 402 397 398 403 398 404 403 398 399 404 399 405 404 399 400 405 400 406 405 400 401 406 401 407 406 401 396 407 396 402 407 402 403 409 402 409 408 403 404 410 403 410 409 404 405 411 404 411 410 405 406 412 405 412 411 406 407 413 406 413 412 407 402 408 407 408 413 408 409 414 409 415 414 409 410 415 410 416 415 410 411 416 411 417 416 411 412 417 412 418 417 412 413 418 413 419 418 413 408 419 408 414 419 414 415 421 414 421 420 415 416 422 415 422 421 416 417 423 416 423 422 417 418 424 417 424 423 418 419 425 418 425 424 419 414 420 419 420 425 420 421 426 421 427 426 421 422 427 422 428 427 422 423 428 423 429 428 423 424 429 424 430 429 424 425 430 425 431 430 425 420 431 420 426 431 426 427 433 426 433 432 427 428 434 427 434 433 428 429 435 428 435 434 429 430 436 429 436 435 430 431 437 430 437 436 431 426 432 431 432 437 432 433 438 433 439 438 433 434 439 434 440 439 434 435 440 435 441 440 435 436 441 436 442 441 436 437 442 437 443 442 437 432 443 432 438 443 438 439 445 438 445 444 439 440 446 439 446 445 440 441 447 440 447 446 441 442 448 441 448 447 442 443 449 442 449 448 443 438 444 443 444 449 444 445 450 445 451 450 445 446 451 446 452 451 446 447 452 447 453 452 447 448 453 448 454 453 448 449 454 449 455 454 449 444 455 444 450 455 450 451 457 450 457 456 451 452 458 451 458 457 452 453 459 452 459 458 453 454 460 453 460 459 454 455 461 454 461 460 455 450 456 455 456 461 456 457 462 457 463 462 457 458 463 458 464 463 458 459 464 459 465 464 459 460 465 460 466 465 460 461 466 461 467 466 461 456 467 456 462 467 462 463 469 462 469 468 463 464 470 463 470 469 464 465 471 464 471 470 465 466 472 465 472 471 466 467 473 466 473 472 467 462 468 467 468 473 468 469 474 469 475 474 469 470 475 470 476 475 470 471 476 471 477 476 471 472 477 472 478 477 472 473 478 473 479 478 473 468 479 468 474 479 474 475 481 474 481 480 475 476 482 475 482 481 476 477 483 476 483 482 477 478 484 477 484 483 478 479 485 478 485 484 479 474 480 479 480 485 480 481 486 481 487 486 481 482 487 482 488 487 482 483 488 483 489 488 483 484 489 484 490 489 484 485 490 485 491 490 485 480 491 480 486 491 486 487 493 486 493 492 487 488 494 487 494 493 488 489 495 488 495 494 489 490 496 489 496 495 490 491 497 490 497 496 491 486 492 491 492 497 492 493 498 493 499 498 493 494 499 494 500 499 494 495 500 495 501 500 495 496 501 496 502 501 496 497 502 497 503 502 497 492 503 492 498 503 498 499 505 498 505 504 499 500 506 499 506 505 500 501 507 500 507 506 501 502 508 501 508 507 502 503 509 502 509 508 503 498 504 503 504 509 504 505 510 505 511 510 505 506 511 506 512 511 506 507 512 507 513 512 507 508 513 508 514 513 508 509 514 509 515 514 509 504 515 504 510 515 510 511 517 510 517 516 511 512 518 511 518 517 512 513 519 512 519 518 513 514 520 513 520 519 514 515 521 514 521 520 515 510 516 515 516 521 516 517 522 517 523 522 517 518 523 518 524 523 518 519 524 519 525 524 519 520 525 520 526 525 520 521 526 521 527 526 521 516 527 516 522 527 522 523 529 522 529 528 523 524 530 523 530 529 524 525 531 524 531 530 525 526 532 525 532 531 526 527 533 526 533 532 527 522 528 527 528 533 528 529 534 529 535 534 529 530 535 530 536 535 530 531 536 531 537 536 531 532 537 532 538 537 532 533 538 533 539 538 533 528 539 528 534 539 534 535 541 534 541 540 535 536 542 535 542 541 536 537 543 536 543 542 537 538 544 537 544 543 538 539 545 538 545 544 539 534 540 539 540 545 540 541 546 541 547 546 541 542 547 542 548 547 542 543 548 543 549 548 543 544 549 544 550 549 544 545 550 545 551 550 545 540 551 540 546 551 546 547 553 546 553 552 547 548 554 547 554 553 548 549 555 548 555 554 549 550 556 549 556 555 550 551 557 550 557 556 551 546 552 551 552 557 552 553 558 553 559 558 553 554 559 554 560 559 554 555 560 555 561 560 555 556 561 556 562 561 556 557 562 557 563 562 557 552 563 552 558 563 558 559 565 558 565 564 559 560 566 559 566 565 560 561 567 560 567 566 561 562 568 561 568 567 562 563 569 562 569 568 563 558 564 563 564 569 564 565 570 565 571 570 565 566 571 566 572 571 566 567 572 567 573 572 567 568 573 568 574 573 568 569 574 569 575 574 569 564 575 564 570 575 570 571 577 570 577 576 571 572 578 571 578 577 572 573 579 572 579 578 573 574 580 573 580 579 574 575 581 574 581 580 575 570 576 575 576 581 576 577 582 577 583 582 577 578 583 578 584 583 578 579 584 579 585 584 579 580 585 580 586 585 580 581 586 581 587 586 581 576 587 576 582 587 582 583 589 582 589 588 583 584 590 583 590 589 584 585 591 584 591 590 585 586 592 585 592 591 586 587 593 586 593 592 587 582 588 587 588 593 588 589 594 589 595 594 589 590 595 590 596 595 590 591 596 591 597 596 591 592 597 592 598 597 592 593 598 593 599 598 593 588 599 588 594 599 594 595 601 594 601 600 595 596 602 595 602 601 596 597 603 596 603 602 597 598 604 597 604 603 598 599 605 598 605 604 599 594 600 599 600 605 600 601 606 601 607 606 601 602 607 602 608 607 602 603 608 603 609 608 603 604 609 604 610 609 604 605 610 605 611 610 605 600 611 600 606 611 606 607 613 606 613 612 607 608 614 607 614 613 608 609 615 608 615 614 609 610 616 609 616 615 610 611 617 610 617 616 611 606 612 611 612 617 612 613 618 613 619 618 613 614 619 614 620 619 614 615 620 615 621 620 615 616 621 616 622 621 616 617 622 617 623 622 617 612 623 612 618 623 618 619 625 618 625 624 619 620 626 619 626 625 620 621 627 620 627 626 621 622 628 621 628 627 622 623 629 622 629 628 623 618 624 623 624 629 624 625 630 625 631 630 625 626 631 626 632 631 626 627 632 627 633 632 627 628 633 628 634 633 628 629 634 629 635 634 629 624 635 624 630 635 630 631 637 630 637 636 631 632 638 631 638 637 632 633 639 632 639 638 633 634 640 633 640 639 634 635 641 634 641 640 635 630 636 635 636 641 636 637 642 637 643 642 637 638 643 638 644 643 638 639 644 639 645 644 639 640 645 640 646 645 640 641 646 641 647 646 641 636 647 636 642 647 642 643 649 642 649 648 643 644 650 643 650 649 644 645 651 644 651 650 645 646 652 645 652 651 646 647 653 646 653 652 647 642 648 647 648 653 648 649 654 649 655 654 649 650 655 650 656 655 650 651 656 651 657 656 651 652 657 652 658 657 652 653 658 653 659 658 653 648 659 648 654 659 654 655 661 654 661 660 655 656 662 655 662 661 656 657 663 656 663 662 657 658 664 657 664 663 658 659 665 658 665 664 659 654 660 659 660 665 660 661 666 661 667 666 661 662 667 662 668 667 662 663 668 663 669 668 663 664 669 664 670 669 664 665 670 665 671 670 665 660 671 660 666 671 666 667 673 666 673 672 667 668 674 667 674 673 668 669 675 668 675 674 669 670 676 669 676 675 670 671 677 670 677 676 671 666 672 671 672 677 672 673 678 673 679 678 673 674 679 674 680 679 674 675 680 675 681 680 675 676 681 676 682 681 676 677 682 677 683 682 677 672 683 672 678 683 678 679 685 678 685 684 679 680 686 679 686 685 680 681 687 680 687 686 681 682 688 681 688 687 682 683 689 682 689 688 683 678 684 683 684 689 684 685 690 685 691 690 685 686 691 686 692 691 686 687 692 687 693 692 687 688 693 688 694 693 688 689 694 689 695 694 689 684 695 684 690 695 690 691 697 690 697 696 691 692 698 691 698 697 692 693 699 692 699 698 693 694 700 693 700 699 694 695 701 694 701 700 695 690 696 695 696 701 696 697 702 697 703 702 697 698 703 698 704 703 698 699 704 699 705 704 699 700 705 700 706 705 700 701 706 701 707 706 701 696 707 696 702 707 702 703 709 702 709 708 703 704 710 703 710 709 704 705 711 704 711 710 705 706 712 705 712 711 706 707 713 706 713 712 707 702 708 707 708 713 708 709 714 709 715 714 709 710 715 710 716 715 710 711 716 711 717 716 711 712 717 712 718 717 712 713 718 713 719 718 713 708 719 708 714 719 714 715 721 714 721 720 715 716 722 715 722 721 716 717 723 716 723 722 717 718 724 717 724 723 718 719 725 718 725 724 719 714 720 719 720 725 720 721 726 721 727 726 721 722 727 722 728 727 722 723 728 723 729 728 723 724 729 724 730 729 724 725 730 725 731 730 725 720 731 720 726 731 726 727 733 726 733 732 727 728 734 727 734 733 728 729 735 728 735 734 729 730 736 729 736 735 730 731 737 730 737 736 731 726 732 731 732 737 732 733 738 733 739 738 733 734 739 734 740 739 734 735 740 735 741 740 735 736 741 736 742 741 736 737 742 737 743 742 737 732 743 732 738 743 738 739 745 738 745 744 739 740 746 739 746 745 740 741 747 740 747 746 741 742 748 741 748 747 742 743 749 742 749 748 743 738 744 743 744 749 744 745 750 745 751 750 745 746 751 746 752 751 746 747 752 747 753 752 747 748 753 748 754 753 748 749 754 749 755 754 749 744 755 744 750 755 750 751 757 750 757 756 751 752 758 751 758 757 752 753 759 752 759 758 753 754 760 753 760 759 754 755 761 754 761 760 755 750 756 755 756 761 756 757 762 757 763 762 757 758 763 758 764 763 758 759 764 759 765 764 759 760 765 760 766 765 760 761 766 761 767 766 761 756 767 756 762 767 762 763 769 762 769 768 763 764 770 763 770 769 764 765 771 764 771 770 765 766 772 765 772 771 766 767 773 766 773 772 767 762 768 767 768 773 768 769 774 769 775 774 769 770 775 770 776 775 770 771 776 771 777 776 771 772 777 772 778 777 772 773 778 773 779 778 773 768 779 768 774 779 774 775 781 774 781 780 775 776 782 775 782 781 776 777 783 776 783 782 777 778 784 777 784 783 778 779 785 778 785 784 779 774 780 779 780 785 780 781 786 781 787 786 781 782 787 782 788 787 782 783 788 783 789 788 783 784 789 784 790 789 784 785 790 785 791 790 785 780 791 780 786 791 786 787 793 786 793 792 787 788 794 787 794 793 788 789 795 788 795 794 789 790 796 789 796 795 790 791 797 790 797 796 791 786 792 791 792 797 792 793 798 793 799 798 793 794 799 794 800 799 794 795 800 795 801 800 795 796 801 796 802 801 796 797 802 797 803 802 797 792 803 792 798 803 798 799 805 798 805 804 799 800 806 799 806 805 800 801 807 800 807 806 801 802 808 801 808 807 802 803 809 802 809 808 803 798 804 803 804 809 804 805 810 805 811 810 805 806 811 806 812 811 806 807 812 807 813 812 807 808 813 808 814 813 808 809 814 809 815 814 809 804 815 804 810 815 810 811 817 810 817 816 811 812 818 811 818 817 812 813 819 812 819 818 813 814 820 813 820 819 814 815 821 814 821 820 815 810 816 815 816 821 816 817 822 817 823 822 817 818 823 818 824 823 818 819 824 819 825 824 819 820 825 820 826 825 820 821 826 821 827 826 821 816 827 816 822 827 822 823 829 822 829 828 823 824 830 823 830 829 824 825 831 824 831 830 825 826 832 825 832 831 826 827 833 826 833 832 827 822 828 827 828 833 828 829 834 829 835 834 829 830 835 830 836 835 830 831 836 831 837 836 831 832 837 832 838 837 832 833 838 833 839 838 833 828 839 828 834 839 834 835 841 834 841 840 835 836 842 835 842 841 836 837 843 836 843 842 837 838 844 837 844 843 838 839 845 838 845 844 839 834 840 839 840 845 840 841 846 841 847 846 841 842 847 842 848 847 842 843 848 843 849 848 843 844 849 844 850 849 844 845 850 845 851 850 845 840 851 840 846 851 846 847 853 846 853 852 847 848 854 847 854 853 848 849 855 848 855 854 849 850 856 849 856 855 850 851 857 850 857 856 851 846 852 851 852 857 852 853 858 853 859 858 853 854 859 854 860 859 854 855 860 855 861 860 855 856 861 856 862 861 856 857 862 857 863 862 857 852 863 852 858 863 858 859 865 858 865 864 859 860 866 859 866 865 860 861 867 860 867 866 861 862 868 861 868 867 862 863 869 862 869 868 863 858 864 863 864 869 864 865 870 865 871 870 865 866 871 866 872 871 866 867 872 867 873 872 867 868 873 868 874 873 868 869 874 869 875 874 869 864 875 864 870 875 870 871 877 870 877 876 871 872 878 871 878 877 872 873 879 872 879 878 873 874 880 873 880 879 874 875 881 874 881 880 875 870 876 875 876 881 876 877 882 877 883 882 877 878 883 878 884 883 878 879 884 879 885 884 879 880 885 880 886 885 880 881 886 881 887 886 881 876 887 876 882 887 882 883 889 882 889 888 883 884 890 883 890 889 884 885 891 884 891 890 885 886 892 885 892 891 886 887 893 886 893 892 887 882 888 887 888 893 888 889 894 889 895 894 889 890 895 890 896 895 890 891 896 891 897 896 891 892 897 892 898 897 892 893 898 893 899 898 893 888 899 888 894 899 894 895 901 894 901 900 895 896 902 895 902 901 896 897 903 896 903 902 897 898 904 897 904 903 898 899 905 898 905 904 899 894 900 899 900 905 900 901 906 901 907 906 901 902 907 902 908 907 902 903 908 903 909 908 903 904 909 904 910 909 904 905 910 905 911 910 905 900 911 900 906 911 906 907 913 906 913 912 907 908 914 907 914 913 908 909 915 908 915 914 909 910 916 909 916 915 910 911 917 910 917 916 911 906 912 911 912 917 912 913 918 913 919 918 913 914 919 914 920 919 914 915 920 915 921 920 915 916 921 916 922 921 916 917 922 917 923 922 917 912 923 912 918 923 918 919 925 918 925 924 919 920 926 919 926 925 920 921 927 920 927 926 921 922 928 921 928 927 922 923 929 922 929 928 923 918 924 923 924 929 924 925 930 925 931 930 925 926 931 926 932 931 926 927 932 927 933 932 927 928 933 928 934 933 928 929 934 929 935 934 929 924 935 924 930 935 930 931 937 930 937 936 931 932 938 931 938 937 932 933 939 932 939 938 933 934 940 933 940 939 934 935 941 934 941 940 935 930 936 935 936 941 936 937 942 937 943 942 937 938 943 938 944 943 938 939 944 939 945 944 939 940 945 940 946 945 940 941 946 941 947 946 941 936 947 936 942 947 942 943 949 942 949 948 943 944 950 943 950 949 944 945 951 944 951 950 945 946 952 945 952 951 946 947 953 946 953 952 947 942 948 947 948 953 948 949 954 949 955 954 949 950 955 950 956 955 950 951 956 951 957 956 951 952 957 952 958 957 952 953 958 953 959 958 953 948 959 948 954 959 954 955 961 954 961 960 955 956 962 955 962 961 956 957 963 956 963 962 957 958 964 957 964 963 958 959 965 958 965 964 959 954 960 959 960 965 960 961 966 961 967 966 961 962 967 962 968 967 962 963 968 963 969 968 963 964 969 964 970 969 964 965 970 965 971 970 965 960 971 960 966 971 966 967 973 966 973 972 967 968 974 967 974 973 968 969 975 968 975 974 969 970 976 969 976 975 970 971 977 970 977 976 971 966 972 971 972 977 972 973 978 973 979 978 973 974 979 974 980 979 974 975 980 975 981 980 975 976 981 976 982 981 976 977 982 977 983 982 977 972 983 972 978 983 978 979 985 978 985 984 979 980 986 979 986 985 980 981 987 980 987 986 981 982 988 981 988 987 982 983 989 982 989 988 983 978 984 983 984 989 984 985 990 985 991 990 985 986 991 986 992 991 986 987 992 987 993 992 987 988 993 988 994 993 988 989 994 989 995 994 989 984 995 984 990 995 990 991 997 990 997 996 991 992 998 991 998 997 992 993 999 992 999 998 993 994 1000 993 1000 999 994 995 1001 994 1001 1000 995 990 996 995 996 1001 996 997 1002 997 1003 1002 997 998 1003 998 1004 1003 998 999 1004 999 1005 1004 999 1000 1005 1000 1006 1005 1000 1001 1006 1001 1007 1006 1001 996 1007 996 1002 1007 1002 1003 1009 1002 1009 1008 1003 1004 1010 1003 1010 1009 1004 1005 1011 1004 1011 1010 1005 1006 1012 1005 1012 1011 1006 1007 1013 1006 1013 1012 1007 1002 1008 1007 1008 1013 1008 1009 1014 1009 1015 1014 1009 1010 1015 1010 1016 1015 1010 1011 1016 1011 1017 1016 1011 1012 1017 1012 1018 1017 1012 1013 1018 1013 1019 1018 1013 1008 1019 1008 1014 1019 1014 1015 1021 1014 1021 1020 1015 1016 1022 1015 1022 1021 1016 1017 1023 1016 1023 1022 1017 1018 1024 1017 1024 1023 1018 1019 1025 1018 1025 1024 1019 1014 1020 1019 1020 1025 1020 1021 1026 1021 1027 1026 1021 1022 1027 1022 1028 1027 1022 1023 1028 1023 1029 1028 1023 1024 1029 1024 1030 1029 1024 1025 1030 1025 1031 1030 1025 1020 1031 1020 1026 1031 1026 1027 1033 1026 1033 1032 1027 1028 1034 1027 1034 1033 1028 1029 1035 1028 1035 1034 1029 1030 1036 1029 1036 1035 1030 1031 1037 1030 1037 1036 1031 1026 1032 1031 1032 1037 1032 1033 1038 1033 1039 1038 1033 1034 1039 1034 1040 1039 1034 1035 1040 1035 1041 1040 1035 1036 1041 1036 1042 1041 1036 1037 1042 1037 1043 1042 1037 1032 1043 1032 1038 1043 1038 1039 1045 1038 1045 1044 1039 1040 1046 1039 1046 1045 1040 1041 1047 1040 1047 1046 1041 1042 1048 1041 1048 1047 1042 1043 1049 1042 1049 1048 1043 1038 1044 1043 1044 1049 1044 1045 1050 1045 1051 1050 1045 1046 1051 1046 1052 1051 1046 1047 1052 1047 1053 1052 1047 1048 1053 1048 1054 1053 1048 1049 1054 1049 1055 1054 1049 1044 1055 1044 1050 1055 1050 1051 1057 1050 1057 1056 1051 1052 1058 1051 1058 1057 1052 1053 1059 1052 1059 1058 1053 1054 1060 1053 1060 1059 1054 1055 1061 1054 1061 1060 1055 1050 1056 1055 1056 1061 1056 1057 1062 1057 1063 1062 1057 1058 1063 1058 1064 1063 1058 1059 1064 1059 1065 1064 1059 1060 1065 1060 1066 1065 1060 1061 1066 1061 1067 1066 1061 1056 1067 1056 1062 1067 1062 1063 1069 1062 1069 1068 1063 1064 1070 1063 1070 1069 1064 1065 1071 1064 1071 1070 1065 1066 1072 1065 1072 1071 1066 1067 1073 1066 1073 1072 1067 1062 1068 1067 1068 1073 1068 1069 1074 1069 1075 1074 1069 1070 1075 1070 1076 1075 1070 1071 1076 1071 1077 1076 1071 1072 1077 1072 1078 1077 1072 1073 1078 1073 1079 1078 1073 1068 1079 1068 1074 1079 1074 1075 1081 1074 1081 1080 1075 1076 1082 1075 1082 1081 1076 1077 1083 1076 1083 1082 1077 1078 1084 1077 1084 1083 1078 1079 1085 1078 1085 1084 1079 1074 1080 1079 1080 1085 1080 1081 1086 1081 1087 1086 1081 1082 1087 1082 1088 1087 1082 1083 1088 1083 1089 1088 1083 1084 1089 1084 1090 1089 1084 1085 1090 1085 1091 1090 1085 1080 1091 1080 1086 1091 1086 1087 1093 1086 1093 1092 1087 1088 1094 1087 1094 1093 1088 1089 1095 1088 1095 1094 1089 1090 1096 1089 1096 1095 1090 1091 1097 1090 1097 1096 1091 1086 1092 1091 1092 1097 1092 1093 1098 1093 1099 1098 1093 1094 1099 1094 1100 1099 1094 1095 1100 1095 1101 1100 1095 1096 1101 1096 1102 1101 1096 1097 1102 1097 1103 1102 1097 1092 1103 1092 1098 1103 1098 1099 1105 1098 1105 1104 1099 1100 1106 1099 1106 1105 1100 1101 1107 1100 1107 1106 1101 1102 1108 1101 1108 1107 1102 1103 1109 1102 1109 1108 1103 1098 1104 1103 1104 1109 1104 1105 1110 1105 1111 1110 1105 1106 1111 1106 1112 1111 1106 1107 1112 1107 1113 1112 1107 1108 1113 1108 1114 1113 1108 1109 1114 1109 1115 1114 1109 1104 1115 1104 1110 1115 1110 1111 1117 1110 1117 1116 1111 1112 1118 1111 1118 1117 1112 1113 1119 1112 1119 1118 1113 1114 1120 1113 1120 1119 1114 1115 1121 1114 1121 1120 1115 1110 1116 1115 1116 1121 1116 1117 1122 1117 1123 1122 1117 1118 1123 1118 1124 1123 1118 1119 1124 1119 1125 1124 1119 1120 1125 1120 1126 1125 1120 1121 1126 1121 1127 1126 1121 1116 1127 1116 1122 1127 1122 1123 1129 1122 1129 1128 1123 1124 1130 1123 1130 1129 1124 1125 1131 1124 1131 1130 1125 1126 1132 1125 1132 1131 1126 1127 1133 1126 1133 1132 1127 1122 1128 1127 1128 1133 1128 1129 1134 1129 1135 1134 1129 1130 1135 1130 1136 1135 1130 1131 1136 1131 1137 1136 1131 1132 1137 1132 1138 1137 1132 1133 1138 1133 1139 1138 1133 1128 1139 1128 1134 1139 1134 1135 1141 1134 1141 1140 1135 1136 1142 1135 1142 1141 1136 1137 1143 1136 1143 1142 1137 1138 1144 1137 1144 1143 1138 1139 1145 1138 1145 1144 1139 1134 1140 1139 1140 1145 1140 1141 1146 1141 1147 1146 1141 1142 1147 1142 1148 1147 1142 1143 1148 1143 1149 1148 1143 1144 1149 1144 1150 1149 1144 1145 1150 1145 1151 1150 1145 1140 1151 1140 1146 1151 1146 1147 1153 1146 1153 1152 1147 1148 1154 1147 1154 1153 1148 1149 1155 1148 1155 1154 1149 1150 1156 1149 1156 1155 1150 1151 1157 1150 1157 1156 1151 1146 1152 1151 1152 1157 1152 1153 1158 1153 1159 1158 1153 1154 1159 1154 1160 1159 1154 1155 1160 1155 1161 1160 1155 1156 1161 1156 1162 1161 1156 1157 1162 1157 1163 1162 1157 1152 1163 1152 1158 1163 1158 1159 1165 1158 1165 1164 1159 1160 1166 1159 1166 1165 1160 1161 1167 1160 1167 1166 1161 1162 1168 1161 1168 1167 1162 1163 1169 1162 1169 1168 1163 1158 1164 1163 1164 1169 1164 1165 1170 1165 1171 1170 1165 1166 1171 1166 1172 1171 1166 1167 1172 1167 1173 1172 1167 1168 1173 1168 1174 1173 1168 1169 1174 1169 1175 1174 1169 1164 1175 1164 1170 1175 1170 1171 1177 1170 1177 1176 1171 1172 1178 1171 1178 1177 1172 1173 1179 1172 1179 1178 1173 1174 1180 1173 1180 1179 1174 1175 1181 1174 1181 1180 1175 1170 1176 1175 1176 1181 1176 1177 1182 1177 1183 1182 1177 1178 1183 1178 1184 1183 1178 1179 1184 1179 1185 1184 1179 1180 1185 1180 1186 1185 1180 1181 1186 1181 1187 1186 1181 1176 1187 1176 1182 1187 1182 1183 1189 1182 1189 1188 1183 1184 1190 1183 1190 1189 1184 1185 1191 1184 1191 1190 1185 1186 1192 1185 1192 1191 1186 1187 1193 1186 1193 1192 1187 1182 1188 1187 1188 1193 1188 1189 1194 1189 1195 1194 1189 1190 1195 1190 1196 1195 1190 1191 1196 1191 1197 1196 1191 1192 1197 1192 1198 1197 1192 1193 1198 1193 1199 1198 1193 1188 1199 1188 1194 1199 1194 1195 1201 1194 1201 1200 1195 1196 1202 1195 1202 1201 1196 1197 1203 1196 1203 1202 1197 1198 1204 1197 1204 1203 1198 1199 1205 1198 1205 1204 1199 1194 1200 1199 1200 1205 1200 1201 1206 1201 1207 1206 1201 1202 1207 1202 1208 1207 1202 1203 1208 1203 1209 1208 1203 1204 1209 1204 1210 1209 1204 1205 1210 1205 1211 1210 1205 1200 1211 1200 1206 1211 1206 1207 1213 1206 1213 1212 1207 1208 1214 1207 1214 1213 1208 1209 1215 1208 1215 1214 1209 1210 1216 1209 1216 1215 1210 1211 1217 1210 1217 1216 1211 1206 1212 1211 1212 1217 1212 1213 1218 1213 1219 1218 1213 1214 1219 1214 1220 1219 1214 1215 1220 1215 1221 1220 1215 1216 1221 1216 1222 1221 1216 1217 1222 1217 1223 1222 1217 1212 1223 1212 1218 1223 1218 1219 1225 1218 1225 1224 1219 1220 1226 1219 1226 1225 1220 1221 1227 1220 1227 1226 1221 1222 1228 1221 1228 1227 1222 1223 1229 1222 1229 1228 1223 1218 1224 1223 1224 1229 1224 1225 1230 1225 1231 1230 1225 1226 1231 1226 1232 1231 1226 1227 1232 1227 1233 1232 1227 1228 1233 1228 1234 1233 1228 1229 1234 1229 1235 1234 1229 1224 1235 1224 1230 1235 1230 1231 1237 1230 1237 1236 1231 1232 1238 1231 1238 1237 1232 1233 1239 1232 1239 1238 1233 1234 1240 1233 1240 1239 1234 1235 1241 1234 1241 1240 1235 1230 1236 1235 1236 1241 1236 1237 1242 1237 1243 1242 1237 1238 1243 1238 1244 1243 1238 1239 1244 1239 1245 1244 1239 1240 1245 1240 1246 1245 1240 1241 1246 1241 1247 1246 1241 1236 1247 1236 1242 1247 1242 1243 1249 1242 1249 1248 1243 1244 1250 1243 1250 1249 1244 1245 1251 1244 1251 1250 1245 1246 1252 1245 1252 1251 1246 1247 1253 1246 1253 1252 1247 1242 1248 1247 1248 1253 1248 1249 1254 1249 1255 1254 1249 1250 1255 1250 1256 1255 1250 1251 1256 1251 1257 1256 1251 1252 1257 1252 1258 1257 1252 1253 1258 1253 1259 1258 1253 1248 1259 1248 1254 1259 1254 1255 1261 1254 1261 1260 1255 1256 1262 1255 1262 1261 1256 1257 1263 1256 1263 1262 1257 1258 1264 1257 1264 1263 1258 1259 1265 1258 1265 1264 1259 1254 1260 1259 1260 1265 1260 1261 1266 1261 1267 1266 1261 1262 1267 1262 1268 1267 1262 1263 1268 1263 1269 1268 1263 1264 1269 1264 1270 1269 1264 1265 1270 1265 1271 1270 1265 1260 1271 1260 1266 1271 1266 1267 1273 1266 1273 1272 1267 1268 1274 1267 1274 1273 1268 1269 1275 1268 1275 1274 1269 1270 1276 1269 1276 1275 1270 1271 1277 1270 1277 1276 1271 1266 1272 1271 1272 1277 1272 1273 1278 1273 1279 1278 1273 1274 1279 1274 1280 1279 1274 1275 1280 1275 1281 1280 1275 1276 1281 1276 1282 1281 1276 1277 1282 1277 1283 1282 1277 1272 1283 1272 1278 1283 1278 1279 1285 1278 1285 1284 1279 1280 1286 1279 1286 1285 1280 1281 1287 1280 1287 1286 1281 1282 1288 1281 1288 1287 1282 1283 1289 1282 1289 1288 1283 1278 1284 1283 1284 1289 1284 1285 1290 1285 1291 1290 1285 1286 1291 1286 1292 1291 1286 1287 1292 1287 1293 1292 1287 1288 1293 1288 1294 1293 1288 1289 1294 1289 1295 1294 1289 1284 1295 1284 1290 1295 1290 1291 1297 1290 1297 1296 1291 1292 1298 1291 1298 1297 1292 1293 1299 1292 1299 1298 1293 1294 1300 1293 1300 1299 1294 1295 1301 1294 1301 1300 1295 1290 1296 1295 1296 1301 1296 1297 1302 1297 1303 1302 1297 1298 1303 1298 1304 1303 1298 1299 1304 1299 1305 1304 1299 1300 1305 1300 1306 1305 1300 1301 1306 1301 1307 1306 1301 1296 1307 1296 1302 1307 1302 1303 1309 1302 1309 1308 1303 1304 1310 1303 1310 1309 1304 1305 1311 1304 1311 1310 1305 1306 1312 1305 1312 1311 1306 1307 1313 1306 1313 1312 1307 1302 1308 1307 1308 1313 1308 1309 1314 1309 1315 1314 1309 1310 1315 1310 1316 1315 1310 1311 1316 1311 1317 1316 1311 1312 1317 1312 1318 1317 1312 1313 1318 1313 1319 1318 1313 1308 1319 1308 1314 1319 1314 1315 1321 1314 1321 1320 1315 1316 1322 1315 1322 1321 1316 1317 1323 1316 1323 1322 1317 1318 1324 1317 1324 1323 1318 1319 1325 1318 1325 1324 1319 1314 1320 1319 1320 1325 1326 1328 1327 1326 1329 1328 1326 1330 1329 1326 1331 1330 1326 1332 1331 1326 1327 1332 1333 1334 1335 1333 1335 1336 1333 1336 1337 1333 1337 1338 1333 1338 1339 1333 1339 1334" solid="false" colorPerVertex="false">
     <Coordinate point="0.01 0 -1 0.005 0.00866025 -1 -0.005 0.00866025 -1 -0.01 1.22465e-18 -1 -0.005 -0.00866025 -1 0.005 -0.00866025 -1 0.00866025 0.005 -0.990909 6.12323e-19 0.01 -0.990909 -0.00866025 0.005 -0.990909 -0.00866025 -0.005 -0.990909 -1.83697e-18 -0.01 -0.990909 0.00866025 -0.005 -0.990909 0.01 0 -0.981818 0.005 0.00866025 -0.981818 -0.005 0.00866025 -0.981818 -0.01 1.22465e-18 -0.981818 -0.005 -0.00866025 -0.981818 0.005 -0.00866025 -0.981818 0.00866025 0.005 -0.972727 6.12323e-19 0.01 -0.972727 -0.00866025 0.005 -0.972727 -0.00866025 -0.005 -0.972727 -1.83697e-18 -0.01 -0.972727 0.00866025 -0.005 -0.972727 0.01 0 -0.963636 0.005 0.00866025 -0.963636 -0.005 0.00866025 -0.963636 -0.01 1.22465e-18 -0.963636 -0.005 -0.00866025 -0.963636 0.005 -0.00866025 -0.963636 0.00866025 0.005 -0.954545 6.12323e-19 0.01 -0.954545 -0.00866025 0.005 -0.954545 -0.00866025 -0.005 -0.954545 -1.83697e-18 -0.01 -0.954545 0.00866025 -0.005 -0.954545 0.01 0 -0.945455 0.005 0.00866025 -0.945455 -0.005 0.00866025 -0.945455 -0.01 1.22465e-18 -0.945455 -0.005 -0.00866025 -0.945455 0.005 -0.00866025 -0.945455 0.00866025 0.005 -0.936364 6.12323e-19 0.01 -0.936364 -0.00866025 0.005 -0.936364 -0.00866025 -0.005 -0.936364 -1.83697e-18 -0.01 -0.936364 0.00866025 -0.005 -0.936364 0.01 0 -0.927273 0.005 0.00866025 -0.927273 -0.005 0.00866025 -0.927273 -0.01 1.22465e-18 -0.927273 -0.005 -0.00866025 -0.927273 0.005 -0.00866025 -0.927273 0.00866025 0.005 -0.918182 6.12323e-19 0.01 -0.918182 -0.00866025 0.005 -0.918182 -0.00866025 -0.005 -0.918182 -1.83697e-18 -0.01 -0.918182 0.00866025 -0.005 -0.918182 0.01 0 -0.909091 0.005 0.00866025 -0.909091 -0.005 0.00866025 -0.909091 -0.01 1.22465e-18 -0.909091 -0.005 -0.00866025 -0.909091 0.005 -0.00866025 -0.909091 0.00866025 0.005 -0.9 6.12323e-19 0.01 -0.9 -0.00866025 0.005 -0.9 -0.00866025 -0.005 -0.9 -1.83697e-18 -0.01 -0.9 0.00866025 -0.005 -0.9 0.01 0 -0.890909 0.005 0.00866025 -0.890909 -0.005 0.00866025 -0.890909 -0.01 1.22465e-18 -0.890909 -0.005 -0.00866025 -0.890909 0.005 -0.00866025 -0.890909 0.00866025 0.005 -0.881818 6.12323e-19 0.01 -0.881818 -0.00866025 0.005 -0.881818 -0.00866025 -0.005 -0.881818 -1.83697e-18 -0.01 -0.881818 0.00866025 -0.005 -0.881818 0.01 0 -0.872727 0.005 0.00866025 -0.872727 -0.005 0.00866025 -0.872727 -0.01 1.22465e-18 -0.872727 -0.005 -0.00866025 -0.872727 0.005 -0.00866025 -0.872727 0.00866025 0.005 -0.863636 6.12323e-19 0.01 -0.863636 -0.00866025 0.005 -0.863636 -0.00866025 -0.005 -0.863636 -1.83697e-18 -0.01 -0.863636 0.00866025 -0.005 -0.863636 0.01 0 -0.854545 0.005 0.00866025 -0.854545 -0.005 0.00866025 -0.854545 -0.01 1.22465e-18 -0.854545 -0.005 -0.00866025 -0.854545 0.005 -0.00866025 -0.854545 0.00866025 0.005 -0.845455 6.12323e-19 0.01 -0.845455 -0.00866025 0.005 -0.845455 -0.00866025 -0.005 -0.845455 -1.83697e-18 -0.01 -0.845455 0.00866025 -0.005 -0.845455 0.01 0 -0.836364 0.005 0.00866025 -0.836364 -0.005 0.00866025 -0.836364 -0.01 1.22465e-18 -0.836364 -0.005 -0.00866025 -0.836364 0.005 -0.00866025 -0.836364 0.00866025 0.005 -0.827273 6.12323e-19 0.01 -0.827273 -0.00866025 0.005 -0.827273 -0.00866025 -0.005 -0.827273 -1.83697e-18 -0.01 -0.827273 0.00866025 -0.005 -0.827273 0.01 0 -0.818182 0.005 0.00866025 -0.818182 -0.005 0.00866025 -0.818182 -0.01 1.22465e-18 -0.818182 -0.005 -0.00866025 -0.818182 0.005 -0.00866025 -0.818182 0.00866025 0.005 -0.809091 6.12323e-19 0.01 -0.809091 -0.00866025 0.005 -0.809091 -0.00866025 -0.005 -0.809091 -1.83697e-18 -0.01 -0.809091 0.00866025 -0.005 -0.809091 0.01 0 -0.8 0.005 0.00866025 -0.8 -0.005 0.00866025 -0.8 -0.01 1.22465e-18 -0.8 -0.005 -0.00866025 -0.8 0.005 -0.00866025 -0.8 0.00866025 0.005 -0.790909 6.12323e-19 0.01 -0.790909 -0.00866025 0.005 -0.790909 -0.00866025 -0.005 -0.790909 -1.83697e-18 -0.01 -0.790909 0.00866025 -0.005 -0.790909 0.01 0 -0.781818 0.005 0.00866025 -0.781818 -0.005 0.00866025 -0.781818 -0.01 1.22465e-18 -0.781818 -0.005 -0.00866025 -0.781818 0.005 -0.00866025 -0.781818 0.00866025 0.005 -0.772727 6.12323e-19 0.01 -0.772727 -0.00866025 0.005 -0.772727 -0.00866025 -0.005 -0.772727 -1.83697e-18 -0.01 -0.772727 0.00866025 -0.005 -0.772727 0.01 0 -0.763636 0.005 0.00866025 -0.763636 -0.005 0.00866025 -0.763636 -0.01 1.22465e-18 -0.763636 -0.005 -0.00866025 -0.763636 0.005 -0.00866025 -0.763636 0.00866025 0.005 -0.754545 6.12323e-19 0.01 -0.754545 -0.00866025 0.005 -0.754545 -0.00866025 -0.005 -0.754545 -1.83697e-18 -0.01 -0.754545 0.00866025 -0.005 -0.754545 0.01 0 -0.745455 0.005 0.00866025 -0.745455 -0.005 0.00866025 -0.745455 -0.01 1.22465e-18 -0.745455 -0.005 -0.00866025 -0.745455 0.005 -0.00866025 -0.745455 0.00866025 0.005 -0.736364 6.12323e-19 0.01 -0.736364 -0.00866025 0.005 -0.736364 -0.00866025 -0.005 -0.736364 -1.83697e-18 -0.01 -0.736364 0.00866025 -0.005 -0.736364 0.01 0 -0.727273 0.005 0.00866025 -0.727273 -0.005 0.00866025 -0.727273 -0.01 1.22465e-18 -0.727273 -0.005 -0.00866025 -0.727273 0.005 -0.00866025 -0.727273 0.00866025 0.005 -0.718182 6.12323e-19 0.01 -0.718182 -0.00866025 0.005 -0.718182 -0.00866025 -0.005 -0.718182 -1.83697e-18 -0.01 -0.718182 0.00866025 -0.005 -0.718182 0.01 0 -0.709091 0.005 0.00866025 -0.709091 -0.005 0.00866025 -0.709091 -0.01 1.22465e-18 -0.709091 -0.005 -0.00866025 -0.709091 0.005 -0.00866025 -0.709091 0.00866025 0.005 -0.7 6.12323e-19 0.01 -0.7 -0.00866025 0.005 -0.7 -0.00866025 -0.005 -0.7 -1.83697e-18 -0.01 -0.7 0.00866025 -0.005 -0.7 0.01 0 -0.690909 0.005 0.00866025 -0.690909 -0.005 0.00866025 -0.690909 -0.01 1.22465e-18 -0.690909 -0.005 -0.00866025 -0.690909 0.005 -0.00866025 -0.690909 0.00866025 0.005 -0.681818 6.12323e-19 0.01 -0.681818 -0.00866025 0.005 -0.681818 -0.00866025 -0.005 -0.681818 -1.83697e-18 -0.01 -0.681818 0.00866025 -0.005 -0.681818 0.01 0 -0.672727 0.005 0.00866025 -0.672727 -0.005 0.00866025 -0.672727 -0.01 1.22465e-18 -0.672727 -0.005 -0.00866025 -0.672727 0.005 -0.00866025 -0.672727 0.00866025 0.005 -0.663636 6.12323e-19 0.01 -0.663636 -0.00866025 0.005 -0.663636 -0.00866025 -0.005 -0.663636 -1.83697e-18 -0.01 -0.663636 0.00866025 -0.005 -0.663636 0.01 0 -0.654545 0.005 0.00866025 -0.654545 -0.005 0.00866025 -0.654545 -0.01 1.22465e-18 -0.654545 -0.005 -0.00866025 -0.654545 0.005 -0.00866025 -0.654545 0.00866025 0.005 -0.645455 6.12323e-19 0.01 -0.645455 -0.00866025 0.005 -0.645455 -0.00866025 -0.005 -0.645455 -1.83697e-18 -0.01 -0.645455 0.00866025 -0.005 -0.645455 0.01 0 -0.636364 0.005 0.00866025 -0.636364 -0.005 0.00866025 -0.636364 -0.01 1.22465e-18 -0.636364 -0.005 -0.00866025 -0.636364 0.005 -0.00866025 -0.636364 0.00866025 0.005 -0.627273 6.12323e-19 0.01 -0.627273 -0.00866025 0.005 -0.627273 -0.00866025 -0.005 -0.627273 -1.83697e-18 -0.01 -0.627273 0.00866025 -0.005 -0.627273 0.01 0 -0.618182 0.005 0.00866025 -0.618182 -0.005 0.00866025 -0.618182 -0.01 1.22465e-18 -0.618182 -0.005 -0.00866025 -0.618182 0.005 -0.00866025 -0.618182 0.00866025 0.005 -0.609091 6.12323e-19 0.01 -0.609091 -0.00866025 0.005 -0.609091 -0.00866025 -0.005 -0.609091 -1.83697e-18 -0.01 -0.609091 0.00866025 -0.005 -0.609091 0.01 0 -0.6 0.005 0.00866025 -0.6 -0.005 0.00866025 -0.6 -0.01 1.22465e-18 -0.6 -0.005 -0.00866025 -0.6 0.005 -0.00866025 -0.6 0.00866025 0.005 -0.590909 6.12323e-19 0.01 -0.590909 -0.00866025 0.005 -0.590909 -0.00866025 -0.005 -0.590909 -1.83697e-18 -0.01 -0.590909 0.00866025 -0.005 -0.590909 0.01 0 -0.581818 0.005 0.00866025 -0.581818 -0.005 0.00866025 -0.581818 -0.01 1.22465e-18 -0.581818 -0.005 -0.00866025 -0.581818 0.005 -0.00866025 -0.581818 0.00866025 0.005 -0.572727 6.12323e-19 0.01 -0.572727 -0.00866025 0.005 -0.572727 -0.00866025 -0.005 -0.572727 -1.83697e-18 -0.01 -0.572727 0.00866025 -0.005 -0.572727 0.01 0 -0.563636 0.005 0.00866025 -0.563636 -0.005 0.00866025 -0.563636 -0.01 1.22465e-18 -0.563636 -0.005 -0.00866025 -0.563636 0.005 -0.00866025 -0.563636 0.00866025 0.005 -0.554545 6.12323e-19 0.01 -0.554545 -0.00866025 0.005 -0.554545 -0.00866025 -0.005 -0.554545 -1.83697e-18 -0.01 -0.554545 0.00866025 -0.005 -0.554545 0.01 0 -0.545455 0.005 0.00866025 -0.545455 -0.005 0.00866025 -0.545455 -0.01 1.22465e-18 -0.545455 -0.005 -0.00866025 -0.545455 0.005 -0.00866025 -0.545455 0.00866025 0.005 -0.536364 6.12323e-19 0.01 -0.536364 -0.00866025 0.005 -0.536364 -0.00866025 -0.005 -0.536364 -1.83697e-18 -0.01 -0.536364 0.00866025 -0.005 -0.536364 0.01 0 -0.527273 0.005 0.00866025 -0.527273 -0.005 0.00866025 -0.527273 -0.01 1.22465e-18 -0.527273 -0.005 -0.00866025 -0.527273 0.005 -0.00866025 -0.527273 0.00866025 0.005 -0.518182 6.12323e-19 0.01 -0.518182 -0.00866025 0.005 -0.518182 -0.00866025 -0.005 -0.518182 -1.83697e-18 -0.01 -0.518182 0.00866025 -0.005 -0.518182 0.01 0 -0.509091 0.005 0.00866025 -0.509091 -0.005 0.00866025 -0.509091 -0.01 1.22465e-18 -0.509091 -0.005 -0.00866025 -0.509091 0.005 -0.00866025 -0.509091 0.00866025 0.005 -0.5 6.12323e-19 0.01 -0.5 -0.00866025 0.005 -0.5 -0.00866025 -0.005 -0.5 -1.83697e-18 -0.01 -0.5 0.00866025 -0.005 -0.5 0.01 0 -0.490909 0.005 0.00866025 -0.490909 -0.005 0.00866025 -0.490909 -0.01 1.22465e-18 -0.490909 -0.005 -0.00866025 -0.490909 0.005 -0.00866025 -0.490909 0.00866025 0.005 -0.481818 6.12323e-19 0.01 -0.481818 -0.00866025 0.005 -0.481818 -0.00866025 -0.005 -0.481818 -1.83697e-18 -0.01 -0.481818 0.00866025 -0.005 -0.481818 0.01 0 -0.472727 0.005 0.00866025 -0.472727 -0.005 0.00866025 -0.472727 -0.01 1.22465e-18 -0.472727 -0.005 -0.00866025 -0.472727 0.005 -0.00866025 -0.472727 0.00866025 0.005 -0.463636 6.12323e-19 0.01 -0.463636 -0.00866025 0.005 -0.463636 -0.00866025 -0.005 -0.463636 -1.83697e-18 -0.01 -0.463636 0.00866025 -0.005 -0.463636 0.01 0 -0.454545 0.005 0.00866025 -0.454545 -0.005 0.00866025 -0.454545 -0.01 1.22465e-18 -0.454545 -0.005 -0.00866025 -0.454545 0.005 -0.00866025 -0.454545 0.00866025 0.005 -0.445455 6.12323e-19 0.01 -0.445455 -0.00866025 0.005 -0.445455 -0.00866025 -0.005 -0.445455 -1.83697e-18 -0.01 -0.445455 0.00866025 -0.005 -0.445455 0.01 0 -0.436364 0.005 0.00866025 -0.436364 -0.005 0.00866025 -0.436364 -0.01 1.22465e-18 -0.436364 -0.005 -0.00866025 -0.436364 0.005 -0.00866025 -0.436364 0.00866025 0.005 -0.427273 6.12323e-19 0.01 -0.427273 -0.00866025 0.005 -0.427273 -0.00866025 -0.005 -0.427273 -1.83697e-18 -0.01 -0.427273 0.00866025 -0.005 -0.427273 0.01 0 -0.418182 0.005 0.00866025 -0.418182 -0.005 0.00866025 -0.418182 -0.01 1.22465e-18 -0.418182 -0.005 -0.00866025 -0.418182 0.005 -0.00866025 -0.418182 0.00866025 0.005 -0.409091 6.12323e-19 0.01 -0.409091 -0.00866025 0.005 -0.409091 -0.00866025 -0.005 -0.409091 -1.83697e-18 -0.01 -0.409091 0.00866025 -0.005 -0.409091 0.01 0 -0.4 0.005 0.00866025 -0.4 -0.005 0.00866025 -0.4 -0.01 1.22465e-18 -0.4 -0.005 -0.00866025 -0.4 0.005 -0.00866025 -0.4 0.00866025 0.005 -0.390909 6.12323e-19 0.01 -0.390909 -0.00866025 0.005 -0.390909 -0.00866025 -0.005 -0.390909 -1.83697e-18 -0.01 -0.390909 0.00866025 -0.005 -0.390909 0.01 0 -0.381818 0.005 0.00866025 -0.381818 -0.005 0.00866025 -0.381818 -0.01 1.22465e-18 -0.381818 -0.005 -0.00866025 -0.381818 0.005 -0.00866025 -0.381818 0.00866025 0.005 -0.372727 6.12323e-19 0.01 -0.372727 -0.00866025 0.005 -0.372727 -0.00866025 -0.005 -0.372727 -1.83697e-18 -0.01 -0.372727 0.00866025 -0.005 -0.372727 0.01 0 -0.363636 0.005 0.00866025 -0.363636 -0.005 0.00866025 -0.363636 -0.01 1.22465e-18 -0.363636 -0.005 -0.00866025 -0.363636 0.005 -0.00866025 -0.363636 0.00866025 0.005 -0.354545 6.12323e-19 0.01 -0.354545 -0.00866025 0.005 -0.354545 -0.00866025 -0.005 -0.354545 -1.83697e-18 -0.01 -0.354545 0.00866025 -0.005 -0.354545 0.01 0 -0.345455 0.005 0.00866025 -0.345455 -0.005 0.00866025 -0.345455 -0.01 1.22465e-18 -0.345455 -0.005 -0.00866025 -0.345455 0.005 -0.00866025 -0.345455 0.00866025 0.005 -0.336364 6.12323e-19 0.01 -0.336364 -0.00866025 0.005 -0.336364 -0.00866025 -0.005 -0.336364 -1.83697e-18 -0.01 -0.336364 0.00866025 -0.005 -0.336364 0.01 0 -0.327273 0.005 0.00866025 -0.327273 -0.005 0.00866025 -0.327273 -0.01 1.22465e-18 -0.327273 -0.005 -0.00866025 -0.327273 0.005 -0.00866025 -0.327273 0.00866025 0.005 -0.318182 6.12323e-19 0.01 -0.318182 -0.00866025 0.005 -0.318182 -0.00866025 -0.005 -0.318182 -1.83697e-18 -0.01 -0.318182 0.00866025 -0.005 -0.318182 0.01 0 -0.309091 0.005 0.00866025 -0.309091 -0.005 0.00866025 -0.309091 -0.01 1.22465e-18 -0.309091 -0.005 -0.00866025 -0.309091 0.005 -0.00866025 -0.309091 0.00866025 0.005 -0.3 6.12323e-19 0.01 -0.3 -0.00866025 0.005 -0.3 -0.00866025 -0.005 -0.3 -1.83697e-18 -0.01 -0.3 0.00866025 -0.005 -0.3 0.01 0 -0.290909 0.005 0.00866025 -0.290909 -0.005 0.00866025 -0.290909 -0.01 1.22465e-18 -0.290909 -0.005 -0.00866025 -0.290909 0.005 -0.00866025 -0.290909 0.00866025 0.005 -0.281818 6.12323e-19 0.01 -0.281818 -0.00866025 0.005 -0.281818 -0.00866025 -0.005 -0.281818 -1.83697e-18 -0.01 -0.281818 0.00866025 -0.005 -0.281818 0.01 0 -0.272727 0.005 0.00866025 -0.272727 -0.005 0.00866025 -0.272727 -0.01 1.22465e-18 -0.272727 -0.005 -0.00866025 -0.272727 0.005 -0.00866025 -0.272727 0.00866025 0.005 -0.263636 6.12323e-19 0.01 -0.263636 -0.00866025 0.005 -0.263636 -0.00866025 -0.005 -0.263636 -1.83697e-18 -0.01 -0.263636 0.00866025 -0.005 -0.263636 0.01 0 -0.254545 0.005 0.00866025 -0.254545 -0.005 0.00866025 -0.254545 -0.01 1.22465e-18 -0.254545 -0.005 -0.00866025 -0.254545 0.005 -0.00866025 -0.254545 0.00866025 0.005 -0.245455 6.12323e-19 0.01 -0.245455 -0.00866025 0.005 -0.245455 -0.00866025 -0.005 -0.245455 -1.83697e-18 -0.01 -0.245455 0.00866025 -0.005 -0.245455 0.01 0 -0.236364 0.005 0.00866025 -0.236364 -0.005 0.00866025 -0.236364 -0.01 1.22465e-18 -0.236364 -0.005 -0.00866025 -0.236364 0.005 -0.00866025 -0.236364 0.00866025 0.005 -0.227273 6.12323e-19 0.01 -0.227273 -0.00866025 0.005 -0.227273 -0.00866025 -0.005 -0.227273 -1.83697e-18 -0.01 -0.227273 0.00866025 -0.005 -0.227273 0.01 0 -0.218182 0.005 0.00866025 -0.218182 -0.005 0.00866025 -0.218182 -0.01 1.22465e-18 -0.218182 -0.005 -0.00866025 -0.218182 0.005 -0.00866025 -0.218182 0.00866025 0.005 -0.209091 6.12323e-19 0.01 -0.209091 -0.00866025 0.005 -0.209091 -0.00866025 -0.005 -0.209091 -1.83697e-18 -0.01 -0.209091 0.00866025 -0.005 -0.209091 0.01 0 -0.2 0.005 0.00866025 -0.2 -0.005 0.00866025 -0.2 -0.01 1.22465e-18 -0.2 -0.005 -0.00866025 -0.2 0.005 -0.00866025 -0.2 0.00866025 0.005 -0.190909 6.12323e-19 0.01 -0.190909 -0.00866025 0.005 -0.190909 -0.00866025 -0.005 -0.190909 -1.83697e-18 -0.01 -0.190909 0.00866025 -0.005 -0.190909 0.01 0 -0.181818 0.005 0.00866025 -0.181818 -0.005 0.00866025 -0.181818 -0.01 1.22465e-18 -0.181818 -0.005 -0.00866025 -0.181818 0.005 -0.00866025 -0.181818 0.00866025 0.005 -0.172727 6.12323e-19 0.01 -0.172727 -0.00866025 0.005 -0.172727 -0.00866025 -0.005 -0.172727 -1.83697e-18 -0.01 -0.172727 0.00866025 -0.005 -0.172727 0.01 0 -0.163636 0.005 0.00866025 -0.163636 -0.005 0.00866025 -0.163636 -0.01 1.22465e-18 -0.163636 -0.005 -0.00866025 -0.163636 0.005 -0.00866025 -0.163636 0.00866025 0.005 -0.154545 6.12323e-19 0.01 -0.154545 -0.00866025 0.005 -0.154545 -0.00866025 -0.005 -0.154545 -1.83697e-18 -0.01 -0.154545 0.00866025 -0.005 -0.154545 0.01 0 -0.145455 0.005 0.00866025 -0.145455 -0.005 0.00866025 -0.145455 -0.01 1.22465e-18 -0.145455 -0.005 -0.00866025 -0.145455 0.005 -0.00866025 -0.145455 0.00866025 0.005 -0.136364 6.12323e-19 0.01 -0.136364 -0.00866025 0.005 -0.136364 -0.00866025 -0.005 -0.136364 -1.83697e-18 -0.01 -0.136364 0.00866025 -0.005 -0.136364 0.01 0 -0.127273 0.005 0.00866025 -0.127273 -0.005 0.00866025 -0.127273 -0.01 1.22465e-18 -0.127273 -0.005 -0.00866025 -0.127273 0.005 -0.00866025 -0.127273 0.00866025 0.005 -0.118182 6.12323e-19 0.01 -0.118182 -0.00866025 0.005 -0.118182 -0.00866025 -0.005 -0.118182 -1.83697e-18 -0.01 -0.118182 0.00866025 -0.005 -0.118182 0.01 0 -0.109091 0.005 0.00866025 -0.109091 -0.005 0.00866025 -0.109091 -0.01 1.22465e-18 -0.109091 -0.005 -0.00866025 -0.109091 0.005 -0.00866025 -0.109091 0.00866025 0.005 -0.1 6.12323e-19 0.01 -0.1 -0.00866025 0.005 -0.1 -0.00866025 -0.005 -0.1 -1.83697e-18 -0.01 -0.1 0.00866025 -0.005 -0.1 0.01 0 -0.0909091 0.005 0.00866025 -0.0909091 -0.005 0.00866025 -0.0909091 -0.01 1.22465e-18 -0.0909091 -0.005 -0.00866025 -0.0909091 0.005 -0.00866025 -0.0909091 0.00866025 0.005 -0.0818182 6.12323e-19 0.01 -0.0818182 -0.00866025 0.005 -0.0818182 -0.00866025 -0.005 -0.0818182 -1.83697e-18 -0.01 -0.0818182 0.00866025 -0.005 -0.0818182 0.01 0 -0.0727273 0.005 0.00866025 -0.0727273 -0.005 0.00866025 -0.0727273 -0.01 1.22465e-18 -0.0727273 -0.005 -0.00866025 -0.0727273 0.005 -0.00866025 -0.0727273 0.00866025 0.005 -0.0636364 6.12323e-19 0.01 -0.0636364 -0.00866025 0.005 -0.0636364 -0.00866025 -0.005 -0.0636364 -1.83697e-18 -0.01 -0.0636364 0.00866025 -0.005 -0.0636364 0.01 0 -0.0545455 0.005 0.00866025 -0.0545455 -0.005 0.00866025 -0.0545455 -0.01 1.22465e-18 -0.0545455 -0.005 -0.00866025 -0.0545455 0.005 -0.00866025 -0.0545455 0.00866025 0.005 -0.0454545 6.12323e-19 0.01 -0.0454545 -0.00866025 0.005 -0.0454545 -0.00866025 -0.005 -0.0454545 -1.83697e-18 -0.01 -0.0454545 0.00866025 -0.005 -0.0454545 0.01 0 -0.0363636 0.005 0.00866025 -0.0363636 -0.005 0.00866025 -0.0363636 -0.01 1.22465e-18 -0.0363636 -0.005 -0.00866025 -0.0363636 0.005 -0.00866025 -0.0363636 0.00866025 0.005 -0.0272727 6.12323e-19 0.01 -0.0272727 -0.00866025 0.005 -0.0272727 -0.00866025 -0.005 -0.0272727 -1.83697e-18 -0.01 -0.0272727 0.00866025 -0.005 -0.0272727 0.01 0 -0.0181818 0.005 0.00866025 -0.0181818 -0.005 0.00866025 -0.0181818 -0.01 1.22465e-18 -0.0181818 -0.005 -0.00866025 -0.0181818 0.005 -0.00866025 -0.0181818 0.00866025 0.005 -0.00909091 6.12323e-19 0.01 -0.00909091 -0.00866025 0.005 -0.00909091 -0.00866025 -0.005 -0.00909091 -1.83697e-18 -0.01 -0.00909091 0.00866025 -0.005 -0.00909091 0.01 0 0 0.005 0.00866025 0 -0.005 0.00866025 0 -0.01 1.22465e-18 0 -0.005 -0.00866025 0 0.005 -0.00866025 0 0.00866025 0.005 0.00909091 6.12323e-19 0.01 0.00909091 -0.00866025 0.005 0.00909091 -0.00866025 -0.005 0.00909091 -1.83697e-18 -0.01 0.00909091 0.00866025 -0.005 0.00909091 0.01 0 0.0181818 0.005 0.00866025 0.0181818 -0.005 0.00866025 0.0181818 -0.01 1.22465e-18 0.0181818 -0.005 -0.00866025 0.0181818 0.005 -0.00866025 0.0181818 0.00866025 0.005 0.0272727 6.12323e-19 0.01 0.0272727 -0.00866025 0.005 0.0272727 -0.00866025 -0.005 0.0272727 -1.83697e-18 -0.01 0.0272727 0.00866025 -0.005 0.0272727 0.01 0 0.0363636 0.005 0.00866025 0.0363636 -0.005 0.00866025 0.0363636 -0.01 1.22465e-18 0.0363636 -0.005 -0.00866025 0.0363636 0.005 -0.00866025 0.0363636 0.00866025 0.005 0.0454545 6.12323e-19 0.01 0.0454545 -0.00866025 0.005 0.0454545 -0.00866025 -0.005 0.0454545 -1.83697e-18 -0.01 0.0454545 0.00866025 -0.005 0.0454545 0.01 0 0.0545455 0.005 0.00866025 0.0545455 -0.005 0.00866025 0.0545455 -0.01 1.22465e-18 0.0545455 -0.005 -0.00866025 0.0545455 0.005 -0.00866025 0.0545455 0.00866025 0.005 0.0636364 6.12323e-19 0.01 0.0636364 -0.00866025 0.005 0.0636364 -0.00866025 -0.005 0.0636364 -1.83697e-18 -0.01 0.0636364 0.00866025 -0.005 0.0636364 0.01 0 0.0727273 0.005 0.00866025 0.0727273 -0.005 0.00866025 0.0727273 -0.01 1.22465e-18 0.0727273 -0.005 -0.00866025 0.0727273 0.005 -0.00866025 0.0727273 0.00866025 0.005 0.0818182 6.12323e-19 0.01 0.0818182 -0.00866025 0.005 0.0818182 -0.00866025 -0.005 0.0818182 -1.83697e-18 -0.01 0.0818182 0.00866025 -0.005 0.0818182 0.01 0 0.0909091 0.005 0.00866025 0.0909091 -0.005 0.00866025 0.0909091 -0.01 1.22465e-18 0.0909091 -0.005 -0.00866025 0.0909091 0.005 -0.00866025 0.0909091 0.00866025 0.005 0.1 6.12323e-19 0.01 0.1 -0.00866025 0.005 0.1 -0.00866025 -0.005 0.1 -1.83697e-18 -0.01 0.1 0.00866025 -0.005 0.1 0.01 0 0.109091 0.005 0.00866025 0.109091 -0.005 0.00866025 0.109091 -0.01 1.22465e-18 0.109091 -0.005 -0.00866025 0.109091 0.005 -0.00866025 0.109091 0.00866025 0.005 0.118182 6.12323e-19 0.01 0.118182 -0.00866025 0.005 0.118182 -0.00866025 -0.005 0.118182 -1.83697e-18 -0.01 0.118182 0.00866025 -0.005 0.118182 0.01 0 0.127273 0.005 0.00866025 0.127273 -0.005 0.00866025 0.127273 -0.01 1.22465e-18 0.127273 -0.005 -0.00866025 0.127273 0.005 -0.00866025 0.127273 0.00866025 0.005 0.136364 6.12323e-19 0.01 0.136364 -0.00866025 0.005 0.136364 -0.00866025 -0.005 0.136364 -1.83697e-18 -0.01 0.136364 0.00866025 -0.005 0.136364 0.01 0 0.145455 0.005 0.00866025 0.145455 -0.005 0.00866025 0.145455 -0.01 1.22465e-18 0.145455 -0.005 -0.00866025 0.145455 0.005 -0.00866025 0.145455 0.00866025 0.005 0.154545 6.12323e-19 0.01 0.154545 -0.00866025 0.005 0.154545 -0.00866025 -0.005 0.154545 -1.83697e-18 -0.01 0.154545 0.00866025 -0.005 0.154545 0.01 0 0.163636 0.005 0.00866025 0.163636 -0.005 0.00866025 0.163636 -0.01 1.22465e-18 0.163636 -0.005 -0.00866025 0.163636 0.005 -0.00866025 0.163636 0.00866025 0.005 0.172727 6.12323e-19 0.01 0.172727 -0.00866025 0.005 0.172727 -0.00866025 -0.005 0.172727 -1.83697e-18 -0.01 0.172727 0.00866025 -0.005 0.172727 0.01 0 0.181818 0.005 0.00866025 0.181818 -0.005 0.00866025 0.181818 -0.01 1.22465e-18 0.181818 -0.005 -0.00866025 0.181818 0.005 -0.00866025 0.181818 0.00866025 0.005 0.190909 6.12323e-19 0.01 0.190909 -0.00866025 0.005 0.190909 -0.00866025 -0.005 0.190909 -1.83697e-18 -0.01 0.190909 0.00866025 -0.005 0.190909 0.01 0 0.2 0.005 0.00866025 0.2 -0.005 0.00866025 0.2 -0.01 1.22465e-18 0.2 -0.005 -0.00866025 0.2 0.005 -0.00866025 0.2 0.00866025 0.005 0.209091 6.12323e-19 0.01 0.209091 -0.00866025 0.005 0.209091 -0.00866025 -0.005 0.209091 -1.83697e-18 -0.01 0.209091 0.00866025 -0.005 0.209091 0.01 0 0.218182 0.005 0.00866025 0.218182 -0.005 0.00866025 0.218182 -0.01 1.22465e-18 0.218182 -0.005 -0.00866025 0.218182 0.005 -0.00866025 0.218182 0.00866025 0.005 0.227273 6.12323e-19 0.01 0.227273 -0.00866025 0.005 0.227273 -0.00866025 -0.005 0.227273 -1.83697e-18 -0.01 0.227273 0.00866025 -0.005 0.227273 0.01 0 0.236364 0.005 0.00866025 0.236364 -0.005 0.00866025 0.236364 -0.01 1.22465e-18 0.236364 -0.005 -0.00866025 0.236364 0.005 -0.00866025 0.236364 0.00866025 0.005 0.245455 6.12323e-19 0.01 0.245455 -0.00866025 0.005 0.245455 -0.00866025 -0.005 0.245455 -1.83697e-18 -0.01 0.245455 0.00866025 -0.005 0.245455 0.01 0 0.254545 0.005 0.00866025 0.254545 -0.005 0.00866025 0.254545 -0.01 1.22465e-18 0.254545 -0.005 -0.00866025 0.254545 0.005 -0.00866025 0.254545 0.00866025 0.005 0.263636 6.12323e-19 0.01 0.263636 -0.00866025 0.005 0.263636 -0.00866025 -0.005 0.263636 -1.83697e-18 -0.01 0.263636 0.00866025 -0.005 0.263636 0.01 0 0.272727 0.005 0.00866025 0.272727 -0.005 0.00866025 0.272727 -0.01 1.22465e-18 0.272727 -0.005 -0.00866025 0.272727 0.005 -0.00866025 0.272727 0.00866025 0.005 0.281818 6.12323e-19 0.01 0.281818 -0.00866025 0.005 0.281818 -0.00866025 -0.005 0.281818 -1.83697e-18 -0.01 0.281818 0.00866025 -0.005 0.281818 0.01 0 0.290909 0.005 0.00866025 0.290909 -0.005 0.00866025 0.290909 -0.01 1.22465e-18 0.290909 -0.005 -0.00866025 0.290909 0.005 -0.00866025 0.290909 0.00866025 0.005 0.3 6.12323e-19 0.01 0.3 -0.00866025 0.005 0.3 -0.00866025 -0.005 0.3 -1.83697e-18 -0.01 0.3 0.00866025 -0.005 0.3 0.01 0 0.309091 0.005 0.00866025 0.309091 -0.005 0.00866025 0.309091 -0.01 1.22465e-18 0.309091 -0.005 -0.00866025 0.309091 0.005 -0.00866025 0.309091 0.00866025 0.005 0.318182 6.12323e-19 0.01 0.318182 -0.00866025 0.005 0.318182 -0.00866025 -0.005 0.318182 -1.83697e-18 -0.01 0.318182 0.00866025 -0.005 0.318182 0.01 0 0.327273 0.005 0.00866025 0.327273 -0.005 0.00866025 0.327273 -0.01 1.22465e-18 0.327273 -0.005 -0.00866025 0.327273 0.005 -0.00866025 0.327273 0.00866025 0.005 0.336364 6.12323e-19 0.01 0.336364 -0.00866025 0.005 0.336364 -0.00866025 -0.005 0.336364 -1.83697e-18 -0.01 0.336364 0.00866025 -0.005 0.336364 0.01 0 0.345455 0.005 0.00866025 0.345455 -0.005 0.00866025 0.345455 -0.01 1.22465e-18 0.345455 -0.005 -0.00866025 0.345455 0.005 -0.00866025 0.345455 0.00866025 0.005 0.354545 6.12323e-19 0.01 0.354545 -0.00866025 0.005 0.354545 -0.00866025 -0.005 0.354545 -1.83697e-18 -0.01 0.354545 0.00866025 -0.005 0.354545 0.01 0 0.363636 0.005 0.00866025 0.363636 -0.005 0.00866025 0.363636 -0.01 1.22465e-18 0.363636 -0.005 -0.00866025 0.363636 0.005 -0.00866025 0.363636 0.00866025 0.005 0.372727 6.12323e-19 0.01 0.372727 -0.00866025 0.005 0.372727 -0.00866025 -0.005 0.372727 -1.83697e-18 -0.01 0.372727 0.00866025 -0.005 0.372727 0.01 0 0.381818 0.005 0.00866025 0.381818 -0.005 0.00866025 0.381818 -0.01 1.22465e-18 0.381818 -0.005 -0.00866025 0.381818 0.005 -0.00866025 0.381818 0.00866025 0.005 0.390909 6.12323e-19 0.01 0.390909 -0.00866025 0.005 0.390909 -0.00866025 -0.005 0.390909 -1.83697e-18 -0.01 0.390909 0.00866025 -0.005 0.390909 0.01 0 0.4 0.005 0.00866025 0.4 -0.005 0.00866025 0.4 -0.01 1.22465e-18 0.4 -0.005 -0.00866025 0.4 0.005 -0.00866025 0.4 0.00866025 0.005 0.409091 6.12323e-19 0.01 0.409091 -0.00866025 0.005 0.409091 -0.00866025 -0.005 0.409091 -1.83697e-18 -0.01 0.409091 0.00866025 -0.005 0.409091 0.01 0 0.418182 0.005 0.00866025 0.418182 -0.005 0.00866025 0.418182 -0.01 1.22465e-18 0.418182 -0.005 -0.00866025 0.418182 0.005 -0.00866025 0.418182 0.00866025 0.005 0.427273 6.12323e-19 0.01 0.427273 -0.00866025 0.005 0.427273 -0.00866025 -0.005 0.427273 -1.83697e-18 -0.01 0.427273 0.00866025 -0.005 0.427273 0.01 0 0.436364 0.005 0.00866025 0.436364 -0.005 0.00866025 0.436364 -0.01 1.22465e-18 0.436364 -0.005 -0.00866025 0.436364 0.005 -0.00866025 0.436364 0.00866025 0.005 0.445455 6.12323e-19 0.01 0.445455 -0.00866025 0.005 0.445455 -0.00866025 -0.005 0.445455 -1.83697e-18 -0.01 0.445455 0.00866025 -0.005 0.445455 0.01 0 0.454545 0.005 0.00866025 0.454545 -0.005 0.00866025 0.454545 -0.01 1.22465e-18 0.454545 -0.005 -0.00866025 0.454545 0.005 -0.00866025 0.454545 0.00866025 0.005 0.463636 6.12323e-19 0.01 0.463636 -0.00866025 0.005 0.463636 -0.00866025 -0.005 0.463636 -1.83697e-18 -0.01 0.463636 0.00866025 -0.005 0.463636 0.01 0 0.472727 0.005 0.00866025 0.472727 -0.005 0.00866025 0.472727 -0.01 1.22465e-18 0.472727 -0.005 -0.00866025 0.472727 0.005 -0.00866025 0.472727 0.00866025 0.005 0.481818 6.12323e-19 0.01 0.481818 -0.00866025 0.005 0.481818 -0.00866025 -0.005 0.481818 -1.83697e-18 -0.01 0.481818 0.00866025 -0.005 0.481818 0.01 0 0.490909 0.005 0.00866025 0.490909 -0.005 0.00866025 0.490909 -0.01 1.22465e-18 0.490909 -0.005 -0.00866025 0.490909 0.005 -0.00866025 0.490909 0.00866025 0.005 0.5 6.12323e-19 0.01 0.5 -0.00866025 0.005 0.5 -0.00866025 -0.005 0.5 -1.83697e-18 -0.01 0.5 0.00866025 -0.005 0.5 0.01 0 0.509091 0.005 0.00866025 0.509091 -0.005 0.00866025 0.509091 -0.01 1.22465e-18 0.509091 -0.005 -0.00866025 0.509091 0.005 -0.00866025 0.509091 0.00866025 0.005 0.518182 6.12323e-19 0.01 0.518182 -0.00866025 0.005 0.518182 -0.00866025 -0.005 0.518182 -1.83697e-18 -0.01 0.518182 0.00866025 -0.005 0.518182 0.01 0 0.527273 0.005 0.00866025 0.527273 -0.005 0.00866025 0.527273 -0.01 1.22465e-18 0.527273 -0.005 -0.00866025 0.527273 0.005 -0.00866025 0.527273 0.00866025 0.005 0.536364 6.12323e-19 0.01 0.536364 -0.00866025 0.005 0.536364 -0.00866025 -0.005 0.536364 -1.83697e-18 -0.01 0.536364 0.00866025 -0.005 0.536364 0.01 0 0.545455 0.005 0.00866025 0.545455 -0.005 0.00866025 0.545455 -0.01 1.22465e-18 0.545455 -0.005 -0.00866025 0.545455 0.005 -0.00866025 0.545455 0.00866025 0.005 0.554545 6.12323e-19 0.01 0.554545 -0.00866025 0.005 0.554545 -0.00866025 -0.005 0.554545 -1.83697e-18 -0.01 0.554545 0.00866025 -0.005 0.554545 0.01 0 0.563636 0.005 0.00866025 0.563636 -0.005 0.00866025 0.563636 -0.01 1.22465e-18 0.563636 -0.005 -0.00866025 0.563636 0.005 -0.00866025 0.563636 0.00866025 0.005 0.572727 6.12323e-19 0.01 0.572727 -0.00866025 0.005 0.572727 -0.00866025 -0.005 0.572727 -1.83697e-18 -0.01 0.572727 0.00866025 -0.005 0.572727 0.01 0 0.581818 0.005 0.00866025 0.581818 -0.005 0.00866025 0.581818 -0.01 1.22465e-18 0.581818 -0.005 -0.00866025 0.581818 0.005 -0.00866025 0.581818 0.00866025 0.005 0.590909 6.12323e-19 0.01 0.590909 -0.00866025 0.005 0.590909 -0.00866025 -0.005 0.590909 -1.83697e-18 -0.01 0.590909 0.00866025 -0.005 0.590909 0.01 0 0.6 0.005 0.00866025 0.6 -0.005 0.00866025 0.6 -0.01 1.22465e-18 0.6 -0.005 -0.00866025 0.6 0.005 -0.00866025 0.6 0.00866025 0.005 0.609091 6.12323e-19 0.01 0.609091 -0.00866025 0.005 0.609091 -0.00866025 -0.005 0.609091 -1.83697e-18 -0.01 0.609091 0.00866025 -0.005 0.609091 0.01 0 0.618182 0.005 0.00866025 0.618182 -0.005 0.00866025 0.618182 -0.01 1.22465e-18 0.618182 -0.005 -0.00866025 0.618182 0.005 -0.00866025 0.618182 0.00866025 0.005 0.627273 6.12323e-19 0.01 0.627273 -0.00866025 0.005 0.627273 -0.00866025 -0.005 0.627273 -1.83697e-18 -0.01 0.627273 0.00866025 -0.005 0.627273 0.01 0 0.636364 0.005 0.00866025 0.636364 -0.005 0.00866025 0.636364 -0.01 1.22465e-18 0.636364 -0.005 -0.00866025 0.636364 0.005 -0.00866025 0.636364 0.00866025 0.005 0.645455 6.12323e-19 0.01 0.645455 -0.00866025 0.005 0.645455 -0.00866025 -0.005 0.645455 -1.83697e-18 -0.01 0.645455 0.00866025 -0.005 0.645455 0.01 0 0.654545 0.005 0.00866025 0.654545 -0.005 0.00866025 0.654545 -0.01 1.22465e-18 0.654545 -0.005 -0.00866025 0.654545 0.005 -0.00866025 0.654545 0.00866025 0.005 0.663636 6.12323e-19 0.01 0.663636 -0.00866025 0.005 0.663636 -0.00866025 -0.005 0.663636 -1.83697e-18 -0.01 0.663636 0.00866025 -0.005 0.663636 0.01 0 0.672727 0.005 0.00866025 0.672727 -0.005 0.00866025 0.672727 -0.01 1.22465e-18 0.672727 -0.005 -0.00866025 0.672727 0.005 -0.00866025 0.672727 0.00866025 0.005 0.681818 6.12323e-19 0.01 0.681818 -0.00866025 0.005 0.681818 -0.00866025 -0.005 0.681818 -1.83697e-18 -0.01 0.681818 0.00866025 -0.005 0.681818 0.01 0 0.690909 0.005 0.00866025 0.690909 -0.005 0.00866025 0.690909 -0.01 1.22465e-18 0.690909 -0.005 -0.00866025 0.690909 0.005 -0.00866025 0.690909 0.00866025 0.005 0.7 6.12323e-19 0.01 0.7 -0.00866025 0.005 0.7 -0.00866025 -0.005 0.7 -1.83697e-18 -0.01 0.7 0.00866025 -0.005 0.7 0.01 0 0.709091 0.005 0.00866025 0.709091 -0.005 0.00866025 0.709091 -0.01 1.22465e-18 0.709091 -0.005 -0.00866025 0.709091 0.005 -0.00866025 0.709091 0.00866025 0.005 0.718182 6.12323e-19 0.01 0.718182 -0.00866025 0.005 0.718182 -0.00866025 -0.005 0.718182 -1.83697e-18 -0.01 0.718182 0.00866025 -0.005 0.718182 0.01 0 0.727273 0.005 0.00866025 0.727273 -0.005 0.00866025 0.727273 -0.01 1.22465e-18 0.727273 -0.005 -0.00866025 0.727273 0.005 -0.00866025 0.727273 0.00866025 0.005 0.736364 6.12323e-19 0.01 0.736364 -0.00866025 0.005 0.736364 -0.00866025 -0.005 0.736364 -1.83697e-18 -0.01 0.736364 0.00866025 -0.005 0.736364 0.01 0 0.745455 0.005 0.00866025 0.745455 -0.005 0.00866025 0.745455 -0.01 1.22465e-18 0.745455 -0.005 -0.00866025 0.745455 0.005 -0.00866025 0.745455 0.00866025 0.005 0.754545 6.12323e-19 0.01 0.754545 -0.00866025 0.005 0.754545 -0.00866025 -0.005 0.754545 -1.83697e-18 -0.01 0.754545 0.00866025 -0.005 0.754545 0.01 0 0.763636 0.005 0.00866025 0.763636 -0.005 0.00866025 0.763636 -0.01 1.22465e-18 0.763636 -0.005 -0.00866025 0.763636 0.005 -0.00866025 0.763636 0.00866025 0.005 0.772727 6.12323e-19 0.01 0.772727 -0.00866025 0.005 0.772727 -0.00866025 -0.005 0.772727 -1.83697e-18 -0.01 0.772727 0.00866025 -0.005 0.772727 0.01 0 0.781818 0.005 0.00866025 0.781818 -0.005 0.00866025 0.781818 -0.01 1.22465e-18 0.781818 -0.005 -0.00866025 0.781818 0.005 -0.00866025 0.781818 0.00866025 0.005 0.790909 6.12323e-19 0.01 0.790909 -0.00866025 0.005 0.790909 -0.00866025 -0.005 0.790909 -1.83697e-18 -0.01 0.790909 0.00866025 -0.005 0.790909 0.01 0 0.8 0.005 0.00866025 0.8 -0.005 0.00866025 0.8 -0.01 1.22465e-18 0.8 -0.005 -0.00866025 0.8 0.005 -0.00866025 0.8 0.00866025 0.005 0.809091 6.12323e-19 0.01 0.809091 -0.00866025 0.005 0.809091 -0.00866025 -0.005 0.809091 -1.83697e-18 -0.01 0.809091 0.00866025 -0.005 0.809091 0.01 0 0.818182 0.005 0.00866025 0.818182 -0.005 0.00866025 0.818182 -0.01 1.22465e-18 0.818182 -0.005 -0.00866025 0.818182 0.005 -0.00866025 0.818182 0.00866025 0.005 0.827273 6.12323e-19 0.01 0.827273 -0.00866025 0.005 0.827273 -0.00866025 -0.005 0.827273 -1.83697e-18 -0.01 0.827273 0.00866025 -0.005 0.827273 0.01 0 0.836364 0.005 0.00866025 0.836364 -0.005 0.00866025 0.836364 -0.01 1.22465e-18 0.836364 -0.005 -0.00866025 0.836364 0.005 -0.00866025 0.836364 0.00866025 0.005 0.845455 6.12323e-19 0.01 0.845455 -0.00866025 0.005 0.845455 -0.00866025 -0.005 0.845455 -1.83697e-18 -0.01 0.845455 0.00866025 -0.005 0.845455 0.01 0 0.854545 0.005 0.00866025 0.854545 -0.005 0.00866025 0.854545 -0.01 1.22465e-18 0.854545 -0.005 -0.00866025 0.854545 0.005 -0.00866025 0.854545 0.00866025 0.005 0.863636 6.12323e-19 0.01 0.863636 -0.00866025 0.005 0.863636 -0.00866025 -0.005 0.863636 -1.83697e-18 -0.01 0.863636 0.00866025 -0.005 0.863636 0.01 0 0.872727 0.005 0.00866025 0.872727 -0.005 0.00866025 0.872727 -0.01 1.22465e-18 0.872727 -0.005 -0.00866025 0.872727 0.005 -0.00866025 0.872727 0.00866025 0.005 0.881818 6.12323e-19 0.01 0.881818 -0.00866025 0.005 0.881818 -0.00866025 -0.005 0.881818 -1.83697e-18 -0.01 0.881818 0.00866025 -0.005 0.881818 0.01 0 0.890909 0.005 0.00866025 0.890909 -0.005 0.00866025 0.890909 -0.01 1.22465e-18 0.890909 -0.005 -0.00866025 0.890909 0.005 -0.00866025 0.890909 0.00866025 0.005 0.9 6.12323e-19 0.01 0.9 -0.00866025 0.005 0.9 -0.00866025 -0.005 0.9 -1.83697e-18 -0.01 0.9 0.00866025 -0.005 0.9 0.01 0 0.909091 0.005 0.00866025 0.909091 -0.005 0.00866025 0.909091 -0.01 1.22465e-18 0.909091 -0.005 -0.00866025 0.909091 0.005 -0.00866025 0.909091 0.00866025 0.005 0.918182 6.12323e-19 0.01 0.918182 -0.00866025 0.005 0.918182 -0.00866025 -0.005 0.918182 -1.83697e-18 -0.01 0.918182 0.00866025 -0.005 0.918182 0.01 0 0.927273 0.005 0.00866025 0.927273 -0.005 0.00866025 0.927273 -0.01 1.22465e-18 0.927273 -0.005 -0.00866025 0.927273 0.005 -0.00866025 0.927273 0.00866025 0.005 0.936364 6.12323e-19 0.01 0.936364 -0.00866025 0.005 0.936364 -0.00866025 -0.005 0.936364 -1.83697e-18 -0.01 0.936364 0.00866025 -0.005 0.936364 0.01 0 0.945455 0.005 0.00866025 0.945455 -0.005 0.00866025 0.945455 -0.01 1.22465e-18 0.945455 -0.005 -0.00866025 0.945455 0.005 -0.00866025 0.945455 0.00866025 0.005 0.954545 6.12323e-19 0.01 0.954545 -0.00866025 0.005 0.954545 -0.00866025 -0.005 0.954545 -1.83697e-18 -0.01 0.954545 0.00866025 -0.005 0.954545 0.01 0 0.963636 0.005 0.00866025 0.963636 -0.005 0.00866025 0.963636 -0.01 1.22465e-18 0.963636 -0.005 -0.00866025 0.963636 0.005 -0.00866025 0.963636 0.00866025 0.005 0.972727 6.12323e-19 0.01 0.972727 -0.00866025 0.005 0.972727 -0.00866025 -0.005 0.972727 -1.83697e-18 -0.01 0.972727 0.00866025 -0.005 0.972727 0.01 0 0.981818 0.005 0.00866025 0.981818 -0.005 0.00866025 0.981818 -0.01 1.22465e-18 0.981818 -0.005 -0.00866025 0.981818 0.005 -0.00866025 0.981818 0.00866025 0.005 0.990909 6.12323e-19 0.01 0.990909 -0.00866025 0.005 0.990909 -0.00866025 -0.005 0.990909 -1.83697e-18 -0.01 0.990909 0.00866025 -0.005 0.990909 0.01 0 1 0.005 0.00866025 1 -0.005 0.00866025 1 -0.01 1.22465e-18 1 -0.005 -0.00866025 1 0.005 -0.00866025 1 0 0 -1 0.01 0 -1 0.005 0.00866025 -1 -0.005 0.00866025 -1 -0.01 1.22465e-18 -1 -0.005 -0.00866025 -1 0.005 -0.00866025 -1 0 0 1 0.01 0 1 0.005 0.00866025 1 -0.005 0.00866025 1 -0.01 1.22465e-18 1 -0.005 -0.00866025 1 0.005 -0.00866025 1"/>
     <Normal vector="0.998548 0 -0.0538637 0.499274 0.864768 -0.0538636 -0.499274 0.864768 -0.0538636 -0.998548 0 -0.0538637 -0.499274 -0.864768 -0.0538636 0.499274 -0.864768 -0.0538636 0.866025 0.5 0 0 1 0 -0.866025 0.5 0 -0.866025 -0.5 0 0 -1 0 0.866025 -0.5 0 1 0 0 0.5 0.866025 0 -0.5 0.866025 0 -1 0 0 -0.5 -0.866025 0 0.5 -0.866025 0 0.866025 0.5 1.70907e-07 0 1 1.7642e-07 -0.866025 0.5 1.70907e-07 -0.866025 -0.5 1.70907e-07 0 -1 1.7642e-07 0.866025 -0.5 1.70907e-07 1 0 -1.7642e-07 0.5 0.866025 -1.70907e-07 -0.5 0.866025 -1.70907e-07 -1 0 -1.7642e-07 -0.5 -0.866025 -1.70907e-07 0.5 -0.866025 -1.70907e-07 0.866025 0.5 0 0 1 0 -0.866025 0.5 0 -0.866025 -0.5 0 0 -1 0 0.866025 -0.5 0 1 0 0 0.5 0.866025 0 -0.5 0.866025 0 -1 0 0 -0.5 -0.866025 0 0.5 -0.866025 0 0.866025 0.5 0 0 1 0 -0.866025 0.5 0 -0.866025 -0.5 0 0 -1 0 0.866025 -0.5 0 1 0 0 0.5 0.866025 0 -0.5 0.866025 0 -1 0 0 -0.5 -0.866025 0 0.5 -0.866025 0 0.866025 0.5 0 0 1 0 -0.866025 0.5 0 -0.866025 -0.5 0 0 -1 0 0.866025 -0.5 0 1 0 1.7642e-07 0.5 0.866025 1.70907e-07 -0.5 0.866025 1.70907e-07 -1 0 1.7642e-07 -0.5 -0.866025 1.70907e-07 0.5 -0.866025 1.70907e-07 0.866025 0.5 -1.70907e-07 0 1 -1.7642e-07 -0.866025 0.5 -1.70907e-07 -0.866025 -0.5 -1.70907e-07 0 -1 -1.7642e-07 0.866025 -0.5 -1.70907e-07 1 0 0 0.5 0.866025 0 -0.5 0.866025 0 -1 0 0 -0.5 -0.866025 0 0.5 -0.866025 0 0.866025 0.5 0 0 1 0 -0.866025 0.5 0 -0.866025 -0.5 0 0 -1 0 0.866025 -0.5 0 1 0 0 0.5 0.866025 0 -0.5 0.866025 0 -1 0 0 -0.5 -0.866025 0 0.5 -0.866025 0 0.866025 0.5 0 0 1 0 -0.866025 0.5 0 -0.866025 -0.5 0 0 -1 0 0.866025 -0.5 0 1 0 0 0.5 0.866025 0 -0.5 0.866025 0 -1 0 0 -0.5 -0.866025 0 0.5 -0.866025 0 0.866025 0.5 1.70907e-07 0 1 1.7642e-07 -0.866025 0.5 1.70907e-07 -0.866025 -0.5 1.70907e-07 0 -1 1.7642e-07 0.866025 -0.5 1.70907e-07 1 0 -1.7642e-07 0.5 0.866025 -1.70907e-07 -0.5 0.866025 -1.70907e-07 -1 0 -1.7642e-07 -0.5 -0.866025 -1.70907e-07 0.5 -0.866025 -1.70907e-07 0.866025 0.5 0 0 1 0 -0.866025 0.5 0 -0.866025 -0.5 0 0 -1 0 0.866025 -0.5 0 1 0 0 0.5 0.866025 0 -0.5 0.866025 0 -1 0 0 -0.5 -0.866025 0 0.5 -0.866025 0 0.866025 0.5 0 0 1 0 -0.866025 0.5 0 -0.866025 -0.5 0 0 -1 0 0.866025 -0.5 0 1 0 0 0.5 0.866025 0 -0.5 0.866025 0 -1 0 0 -0.5 -0.866025 0 0.5 -0.866025 0 0.866025 0.5 0 0 1 0 -0.866025 0.5 0 -0.866025 -0.5 0 0 -1 0 0.866025 -0.5 0 1 0 1.7642e-07 0.5 0.866025 1.70907e-07 -0.5 0.866025 1.70907e-07 -1 0 1.7642e-07 -0.5 -0.866025 1.70907e-07 0.5 -0.866025 1.70907e-07 0.866025 0.5 -1.70907e-07 0 1 -1.7642e-07 -0.866025 0.5 -1.70907e-07 -0.866025 -0.5 -1.70907e-07 0 -1 -1.7642e-07 0.866025 -0.5 -1.70907e-07 1 0 0 0.5 0.866025 0 -0.5 0.866025 0 -1 0 0 -0.5 -0.866025 0 0.5 -0.866025 0 0.866025 0.5 0 0 1 0 -0.866025 0.5 0 -0.866025 -0.5 0 0 -1 0 0.866025 -0.5 0 1 0 0 0.5 0.866025 0 -0.5 0.866025 0 -1 0 0 -0.5 -0.866025 0 0.5 -0.866025 0 0.866025 0.5 0 0 1 0 -0.866025 0.5 0 -0.866025 -0.5 0 0 -1 0 0.866025 -0.5 0 1 0 1.7642e-07 0.5 0.866025 1.70907e-07 -0.5 0.866025 1.70907e-07 -1 0 1.7642e-07 -0.5 -0.866025 1.70907e-07 0.5 -0.866025 1.70907e-07 0.866025 0.5 -1.70907e-07 0 1 -1.7642e-07 -0.866025 0.5 -1.70907e-07 -0.866025 -0.5 -1.70907e-07 0 -1 -1.7642e-07 0.866025 -0.5 -1.70907e-07 1 0 0 0.5 0.866025 0 -0.5 0.866025 0 -1 0 0 -0.5 -0.866025 0 0.5 -0.866025 0 0.866025 0.5 0 0 1 0 -0.866025 0.5 0 -0.866025 -0.5 0 0 -1 0 0.866025 -0.5 0 1 0 0 0.5 0.866025 0 -0.5 0.866025 0 -1 0 0 -0.5 -0.866025 0 0.5 -0.866025 0 0.866025 0.5 0 0 1 0 -0.866025 0.5 0 -0.866025 -0.5 0 0 -1 0 0.866025 -0.5 0 1 0 0 0.5 0.866025 0 -0.5 0.866025 0 -1 0 0 -0.5 -0.866025 0 0.5 -0.866025 0 0.866025 0.5 1.70907e-07 0 1 1.7642e-07 -0.866025 0.5 1.70907e-07 -0.866025 -0.5 1.70907e-07 0 -1 1.7642e-07 0.866025 -0.5 1.70907e-07 1 0 -1.7642e-07 0.5 0.866025 -1.70907e-07 -0.5 0.866025 -1.70907e-07 -1 0 -1.7642e-07 -0.5 -0.866025 -1.70907e-07 0.5 -0.866025 -1.70907e-07 0.866025 0.5 0 0 1 0 -0.866025 0.5 0 -0.866025 -0.5 0 0 -1 0 0.866025 -0.5 0 1 0 0 0.5 0.866025 0 -0.5 0.866025 0 -1 0 0 -0.5 -0.866025 0 0.5 -0.866025 0 0.866025 0.5 0 0 1 0 -0.866025 0.5 0 -0.866025 -0.5 0 0 -1 0 0.866025 -0.5 0 1 0 0 0.5 0.866025 0 -0.5 0.866025 0 -1 0 0 -0.5 -0.866025 0 0.5 -0.866025 0 0.866025 0.5 0 0 1 0 -0.866025 0.5 0 -0.866025 -0.5 0 0 -1 0 0.866025 -0.5 0 1 0 1.7642e-07 0.5 0.866025 1.70907e-07 -0.5 0.866025 1.70907e-07 -1 0 1.7642e-07 -0.5 -0.866025 1.70907e-07 0.5 -0.866025 1.70907e-07 0.866025 0.5 -1.70907e-07 0 1 -1.7642e-07 -0.866025 0.5 -1.70907e-07 -0.866025 -0.5 -1.70907e-07 0 -1 -1.7642e-07 0.866025 -0.5 -1.70907e-07 1 0 0 0.5 0.866025 0 -0.5 0.866025 0 -1 0 0 -0.5 -0.866025 0 0.5 -0.866025 0 0.866025 0.5 0 0 1 0 -0.866025 0.5 0 -0.866025 -0.5 0 0 -1 0 0.866025 -0.5 0 1 0 0 0.5 0.866025 0 -0.5 0.866025 0 -1 0 0 -0.5 -0.866025 0 0.5 -0.866025 0 0.866025 0.5 0 0 1 0 -0.866025 0.5 0 -0.866025 -0.5 0 0 -1 0 0.866025 -0.5 0 1 0 0 0.5 0.866025 0 -0.5 0.866025 0 -1 0 0 -0.5 -0.866025 0 0.5 -0.866025 0 0.866025 0.5 1.70907e-07 0 1 1.7642e-07 -0.866025 0.5 1.70907e-07 -0.866025 -0.5 1.70907e-07 0 -1 1.7642e-07 0.866025 -0.5 1.70907e-07 1 0 -1.7642e-07 0.5 0.866025 -1.70907e-07 -0.5 0.866025 -1.70907e-07 -1 0 -1.7642e-07 -0.5 -0.866025 -1.70907e-07 0.5 -0.866025 -1.70907e-07 0.866025 0.5 0 0 1 0 -0.866025 0.5 0 -0.866025 -0.5 0 0 -1 0 0.866025 -0.5 0 1 0 0 0.5 0.866025 0 -0.5 0.866025 0 -1 0 0 -0.5 -0.866025 0 0.5 -0.866025 0 0.866025 0.5 0 0 1 0 -0.866025 0.5 0 -0.866025 -0.5 0 0 -1 0 0.866025 -0.5 0 1 0 9.09664e-08 0.5 0.866025 8.82098e-08 -0.5 0.866025 8.82098e-08 -1 0 9.09664e-08 -0.5 -0.866025 8.82098e-08 0.5 -0.866025 8.82098e-08 0.866025 0.5 -8.26967e-08 0 1 -8.54533e-08 -0.866025 0.5 -8.26967e-08 -0.866025 -0.5 -8.26967e-08 0 -1 -8.54533e-08 0.866025 -0.5 -8.26967e-08 1 0 0 0.5 0.866025 0 -0.5 0.866025 0 -1 0 0 -0.5 -0.866025 0 0.5 -0.866025 0 0.866025 0.5 0 0 1 0 -0.866025 0.5 0 -0.866025 -0.5 0 0 -1 0 0.866025 -0.5 0 1 0 9.09664e-08 0.5 0.866025 8.82098e-08 -0.5 0.866025 8.82098e-08 -1 0 9.09664e-08 -0.5 -0.866025 8.82098e-08 0.5 -0.866025 8.82098e-08 0.866025 0.5 -8.26967e-08 0 1 -8.54533e-08 -0.866025 0.5 -8.26967e-08 -0.866025 -0.5 -8.26967e-08 0 -1 -8.54533e-08 0.866025 -0.5 -8.26967e-08 1 0 0 0.5 0.866025 0 -0.5 0.866025 0 -1 0 0 -0.5 -0.866025 0 0.5 -0.866025 0 0.866025 0.5 8.82098e-08 0 1 9.09664e-08 -0.866025 0.5 8.82098e-08 -0.866025 -0.5 8.82098e-08 0 -1 9.09664e-08 0.866025 -0.5 8.82098e-08 1 0 -8.54533e-08 0.5 0.866025 -8.26967e-08 -0.5 0.866025 -8.26967e-08 -1 0 -8.54533e-08 -0.5 -0.866025 -8.26967e-08 0.5 -0.866025 -8.26967e-08 0.866025 0.5 0 0 1 0 -0.866025 0.5 0 -0.866025 -0.5 0 0 -1 0 0.866025 -0.5 0 1 0 0 0.5 0.866025 0 -0.5 0.866025 0 -1 0 0 -0.5 -0.866025 0 0.5 -0.866025 0 0.866025 0.5 8.82098e-08 0 1 9.09664e-08 -0.866025 0.5 8.82098e-08 -0.866025 -0.5 8.82098e-08 0 -1 9.09664e-08 0.866025 -0.5 8.82098e-08 1 0 -8.54533e-08 0.5 0.866025 -8.26967e-08 -0.5 0.866025 -8.26967e-08 -1 0 -8.54533e-08 -0.5 -0.866025 -8.26967e-08 0.5 -0.866025 -8.26967e-08 0.866025 0.5 0 0 1 0 -0.866025 0.5 0 -0.866025 -0.5 0 0 -1 0 0.866025 -0.5 0 1 0 9.09664e-08 0.5 0.866025 8.82098e-08 -0.5 0.866025 8.82098e-08 -1 0 9.09664e-08 -0.5 -0.866025 8.82098e-08 0.5 -0.866025 8.82098e-08 0.866025 0.5 -8.26967e-08 0 1 -8.54533e-08 -0.866025 0.5 -8.26967e-08 -0.866025 -0.5 -8.26967e-08 0 -1 -8.54533e-08 0.866025 -0.5 -8.26967e-08 1 0 0 0.5 0.866025 0 -0.5 0.866025 0 -1 0 0 -0.5 -0.866025 0 0.5 -0.866025 0 0.866025 0.5 8.82098e-08 0 1 9.09664e-08 -0.866025 0.5 8.82098e-08 -0.866025 -0.5 8.82098e-08 0 -1 9.09664e-08 0.866025 -0.5 8.82098e-08 1 0 -8.54533e-08 0.5 0.866025 -8.26967e-08 -0.5 0.866025 -8.26967e-08 -1 0 -8.54533e-08 -0.5 -0.866025 -8.26967e-08 0.5 -0.866025 -8.26967e-08 0.866025 0.5 0 0 1 0 -0.866025 0.5 0 -0.866025 -0.5 0 0 -1 0 0.866025 -0.5 0 1 0 0 0.5 0.866025 0 -0.5 0.866025 0 -1 0 0 -0.5 -0.866025 0 0.5 -0.866025 0 0.866025 0.5 8.82098e-08 0 1 9.09664e-08 -0.866025 0.5 8.82098e-08 -0.866025 -0.5 8.82098e-08 0 -1 9.09664e-08 0.866025 -0.5 8.82098e-08 1 0 -8.54533e-08 0.5 0.866025 -8.26967e-08 -0.5 0.866025 -8.26967e-08 -1 0 -8.54533e-08 -0.5 -0.866025 -8.26967e-08 0.5 -0.866025 -8.26967e-08 0.866025 0.5 0 0 1 0 -0.866025 0.5 0 -0.866025 -0.5 0 0 -1 0 0.866025 -0.5 0 1 0 9.09664e-08 0.5 0.866025 8.82098e-08 -0.5 0.866025 8.82098e-08 -1 0 9.09664e-08 -0.5 -0.866025 8.82098e-08 0.5 -0.866025 8.82098e-08 0.866025 0.5 -8.26967e-08 0 1 -8.54533e-08 -0.866025 0.5 -8.26967e-08 -0.866025 -0.5 -8.26967e-08 0 -1 -8.54533e-08 0.866025 -0.5 -8.26967e-08 1 0 0 0.5 0.866025 0 -0.5 0.866025 0 -1 0 0 -0.5 -0.866025 0 0.5 -0.866025 0 0.866025 0.5 4.41049e-08 0 1 4.41049e-08 -0.866025 0.5 4.41049e-08 -0.866025 -0.5 4.41049e-08 0 -1 4.41049e-08 0.866025 -0.5 4.41049e-08 1 0 -4.41049e-08 0.5 0.866025 -4.41049e-08 -0.5 0.866025 -4.41049e-08 -1 0 -4.41049e-08 -0.5 -0.866025 -4.41049e-08 0.5 -0.866025 -4.41049e-08 0.866025 0.5 4.41049e-08 0 1 4.41049e-08 -0.866025 0.5 4.41049e-08 -0.866025 -0.5 4.41049e-08 0 -1 4.41049e-08 0.866025 -0.5 4.41049e-08 1 0 0 0.5 0.866025 0 -0.5 0.866025 0 -1 0 0 -0.5 -0.866025 0 0.5 -0.866025 0 0.866025 0.5 -4.41049e-08 0 1 -4.41049e-08 -0.866025 0.5 -4.41049e-08 -0.866025 -0.5 -4.41049e-08 0 -1 -4.41049e-08 0.866025 -0.5 -4.41049e-08 1 0 4.41049e-08 0.5 0.866025 4.41049e-08 -0.5 0.866025 4.41049e-08 -1 0 4.41049e-08 -0.5 -0.866025 4.41049e-08 0.5 -0.866025 4.41049e-08 0.866025 0.5 -4.41049e-08 0 1 -4.41049e-08 -0.866025 0.5 -4.41049e-08 -0.866025 -0.5 -4.41049e-08 0 -1 -4.41049e-08 0.866025 -0.5 -4.41049e-08 1 0 4.41049e-08 0.5 0.866025 4.41049e-08 -0.5 0.866025 4.41049e-08 -1 0 4.41049e-08 -0.5 -0.866025 4.41049e-08 0.5 -0.866025 4.41049e-08 0.866025 0.5 0 0 1 0 -0.866025 0.5 0 -0.866025 -0.5 0 0 -1 0 0.866025 -0.5 0 1 0 -4.41049e-08 0.5 0.866025 -4.41049e-08 -0.5 0.866025 -4.41049e-08 -1 0 -4.41049e-08 -0.5 -0.866025 -4.41049e-08 0.5 -0.866025 -4.41049e-08 0.866025 0.5 4.41049e-08 0 1 4.41049e-08 -0.866025 0.5 4.41049e-08 -0.866025 -0.5 4.41049e-08 0 -1 4.41049e-08 0.866025 -0.5 4.41049e-08 1 0 -4.41049e-08 0.5 0.866025 -4.41049e-08 -0.5 0.866025 -4.41049e-08 -1 0 -4.41049e-08 -0.5 -0.866025 -4.41049e-08 0.5 -0.866025 -4.41049e-08 0.866025 0.5 4.41049e-08 0 1 4.41049e-08 -0.866025 0.5 4.41049e-08 -0.866025 -0.5 4.41049e-08 0 -1 4.41049e-08 0.866025 -0.5 4.41049e-08 1 0 -1.92959e-08 0.5 0.866025 -2.75656e-08 -0.5 0.866025 -2.75656e-08 -1 0 -1.92959e-08 -0.5 -0.866025 -2.75656e-08 0.5 -0.866025 -2.75656e-08 0.866025 0.5 -5.51311e-09 0 1 -5.51311e-09 -0.866025 0.5 -5.51311e-09 -0.866025 -0.5 -5.51311e-09 0 -1 -5.51311e-09 0.866025 -0.5 -5.51311e-09 1 0 -5.51311e-09 0.5 0.866025 -5.51311e-09 -0.5 0.866025 -5.51311e-09 -1 0 -5.51311e-09 -0.5 -0.866025 -5.51311e-09 0.5 -0.866025 -5.51311e-09 0.866025 0.5 -5.51311e-09 0 1 -5.51311e-09 -0.866025 0.5 -5.51311e-09 -0.866025 -0.5 -5.51311e-09 0 -1 -5.51311e-09 0.866025 -0.5 -5.51311e-09 1 0 1.37828e-08 0.5 0.866025 2.20525e-08 -0.5 0.866025 2.20525e-08 -1 0 1.37828e-08 -0.5 -0.866025 2.20525e-08 0.5 -0.866025 2.20525e-08 0.866025 0.5 -2.75656e-08 0 1 -1.92959e-08 -0.866025 0.5 -2.75656e-08 -0.866025 -0.5 -2.75656e-08 0 -1 -1.92959e-08 0.866025 -0.5 -2.75656e-08 1 0 -5.51311e-09 0.5 0.866025 -5.51311e-09 -0.5 0.866025 -5.51311e-09 -1 0 -5.51311e-09 -0.5 -0.866025 -5.51311e-09 0.5 -0.866025 -5.51311e-09 0.866025 0.5 -5.51311e-09 0 1 -5.51311e-09 -0.866025 0.5 -5.51311e-09 -0.866025 -0.5 -5.51311e-09 0 -1 -5.51311e-09 0.866025 -0.5 -5.51311e-09 1 0 -5.51311e-09 0.5 0.866025 -5.51311e-09 -0.5 0.866025 -5.51311e-09 -1 0 -5.51311e-09 -0.5 -0.866025 -5.51311e-09 0.5 -0.866025 -5.51311e-09 0.866025 0.5 8.26967e-09 0 1 5.51311e-09 -0.866025 0.5 8.26967e-09 -0.866025 -0.5 8.26967e-09 0 -1 5.51311e-09 0.866025 -0.5 8.26967e-09 1 0 -1.10262e-08 0.5 0.866025 -1.37828e-08 -0.5 0.866025 -1.37828e-08 -1 0 -1.10262e-08 -0.5 -0.866025 -1.37828e-08 0.5 -0.866025 -1.37828e-08 0.866025 0.5 8.26967e-09 0 1 -2.75656e-09 -0.866025 0.5 8.26967e-09 -0.866025 -0.5 8.26967e-09 0 -1 -2.75656e-09 0.866025 -0.5 8.26967e-09 1 0 5.51311e-09 0.5 0.866025 -2.75656e-09 -0.5 0.866025 -2.75656e-09 -1 0 5.51311e-09 -0.5 -0.866025 -2.75656e-09 0.5 -0.866025 -2.75656e-09 0.866025 0.5 0 0 1 0 -0.866025 0.5 0 -0.866025 -0.5 0 0 -1 0 0.866025 -0.5 0 1 0 0 0.5 0.866025 0 -0.5 0.866025 0 -1 0 0 -0.5 -0.866025 0 0.5 -0.866025 0 0.866025 0.5 0 0 1 0 -0.866025 0.5 0 -0.866025 -0.5 0 0 -1 0 0.866025 -0.5 0 1 0 0 0.5 0.866025 8.26967e-09 -0.5 0.866025 8.26967e-09 -1 0 0 -0.5 -0.866025 8.26967e-09 0.5 -0.866025 8.26967e-09 0.866025 0.5 -8.26967e-09 0 1 2.75656e-09 -0.866025 0.5 -8.26967e-09 -0.866025 -0.5 -8.26967e-09 0 -1 2.75656e-09 0.866025 -0.5 -8.26967e-09 1 0 5.51311e-09 0.5 0.866025 8.26967e-09 -0.5 0.866025 8.26967e-09 -1 0 5.51311e-09 -0.5 -0.866025 8.26967e-09 0.5 -0.866025 8.26967e-09 0.866025 0.5 -1.37828e-08 0 1 -1.10262e-08 -0.866025 0.5 -1.37828e-08 -0.866025 -0.5 -1.37828e-08 0 -1 -1.10262e-08 0.866025 -0.5 -1.37828e-08 1 0 -5.51311e-09 0.5 0.866025 -5.51311e-09 -0.5 0.866025 -5.51311e-09 -1 0 -5.51311e-09 -0.5 -0.866025 -5.51311e-09 0.5 -0.866025 -5.51311e-09 0.866025 0.5 -5.51311e-09 0 1 -5.51311e-09 -0.866025 0.5 -5.51311e-09 -0.866025 -0.5 -5.51311e-09 0 -1 -5.51311e-09 0.866025 -0.5 -5.51311e-09 1 0 -5.51311e-09 0.5 0.866025 -5.51311e-09 -0.5 0.866025 -5.51311e-09 -1 0 -5.51311e-09 -0.5 -0.866025 -5.51311e-09 0.5 -0.866025 -5.51311e-09 0.866025 0.5 2.20525e-08 0 1 1.37828e-08 -0.866025 0.5 2.20525e-08 -0.866025 -0.5 2.20525e-08 0 -1 1.37828e-08 0.866025 -0.5 2.20525e-08 1 0 -1.92959e-08 0.5 0.866025 -2.75656e-08 -0.5 0.866025 -2.75656e-08 -1 0 -1.92959e-08 -0.5 -0.866025 -2.75656e-08 0.5 -0.866025 -2.75656e-08 0.866025 0.5 -5.51311e-09 0 1 -5.51311e-09 -0.866025 0.5 -5.51311e-09 -0.866025 -0.5 -5.51311e-09 0 -1 -5.51311e-09 0.866025 -0.5 -5.51311e-09 1 0 -5.51311e-09 0.5 0.866025 -5.51311e-09 -0.5 0.866025 -5.51311e-09 -1 0 -5.51311e-09 -0.5 -0.866025 -5.51311e-09 0.5 -0.866025 -5.51311e-09 0.866025 0.5 -5.51311e-09 0 1 -5.51311e-09 -0.866025 0.5 -5.51311e-09 -0.866025 -0.5 -5.51311e-09 0 -1 -5.51311e-09 0.866025 -0.5 -5.51311e-09 1 0 1.37828e-08 0.5 0.866025 2.20525e-08 -0.5 0.866025 2.20525e-08 -1 0 1.37828e-08 -0.5 -0.866025 2.20525e-08 0.5 -0.866025 2.20525e-08 0.866025 0.5 -4.41049e-08 0 1 -4.41049e-08 -0.866025 0.5 -4.41049e-08 -0.866025 -0.5 -4.41049e-08 0 -1 -4.41049e-08 0.866025 -0.5 -4.41049e-08 1 0 4.41049e-08 0.5 0.866025 4.41049e-08 -0.5 0.866025 4.41049e-08 -1 0 4.41049e-08 -0.5 -0.866025 4.41049e-08 0.5 -0.866025 4.41049e-08 0.866025 0.5 -4.41049e-08 0 1 -4.41049e-08 -0.866025 0.5 -4.41049e-08 -0.866025 -0.5 -4.41049e-08 0 -1 -4.41049e-08 0.866025 -0.5 -4.41049e-08 1 0 4.41049e-08 0.5 0.866025 4.41049e-08 -0.5 0.866025 4.41049e-08 -1 0 4.41049e-08 -0.5 -0.866025 4.41049e-08 0.5 -0.866025 4.41049e-08 0.866025 0.5 0 0 1 0 -0.866025 0.5 0 -0.866025 -0.5 0 0 -1 0 0.866025 -0.5 0 1 0 -4.41049e-08 0.5 0.866025 -4.41049e-08 -0.5 0.866025 -4.41049e-08 -1 0 -4.41049e-08 -0.5 -0.866025 -4.41049e-08 0.5 -0.866025 -4.41049e-08 0.866025 0.5 4.41049e-08 0 1 4.41049e-08 -0.866025 0.5 4.41049e-08 -0.866025 -0.5 4.41049e-08 0 -1 4.41049e-08 0.866025 -0.5 4.41049e-08 1 0 -4.41049e-08 0.5 0.866025 -4.41049e-08 -0.5 0.866025 -4.41049e-08 -1 0 -4.41049e-08 -0.5 -0.866025 -4.41049e-08 0.5 -0.866025 -4.41049e-08 0.866025 0.5 4.41049e-08 0 1 4.41049e-08 -0.866025 0.5 4.41049e-08 -0.866025 -0.5 4.41049e-08 0 -1 4.41049e-08 0.866025 -0.5 4.41049e-08 1 0 0 0.5 0.866025 0 -0.5 0.866025 0 -1 0 0 -0.5 -0.866025 0 0.5 -0.866025 0 0.866025 0.5 -4.41049e-08 0 1 -4.41049e-08 -0.866025 0.5 -4.41049e-08 -0.866025 -0.5 -4.41049e-08 0 -1 -4.41049e-08 0.866025 -0.5 -4.41049e-08 1 0 4.41049e-08 0.5 0.866025 4.41049e-08 -0.5 0.866025 4.41049e-08 -1 0 4.41049e-08 -0.5 -0.866025 4.41049e-08 0.5 -0.866025 4.41049e-08 0.866025 0.5 -4.41049e-08 0 1 -4.41049e-08 -0.866025 0.5 -4.41049e-08 -0.866025 -0.5 -4.41049e-08 0 -1 -4.41049e-08 0.866025 -0.5 -4.41049e-08 1 0 0 0.5 0.866025 0 -0.5 0.866025 0 -1 0 0 -0.5 -0.866025 0 0.5 -0.866025 0 0.866025 0.5 8.82098e-08 0 1 9.09664e-08 -0.866025 0.5 8.82098e-08 -0.866025 -0.5 8.82098e-08 0 -1 9.09664e-08 0.866025 -0.5 8.82098e-08 1 0 -8.54533e-08 0.5 0.866025 -8.26967e-08 -0.5 0.866025 -8.26967e-08 -1 0 -8.54533e-08 -0.5 -0.866025 -8.26967e-08 0.5 -0.866025 -8.26967e-08 0.866025 0.5 0 0 1 0 -0.866025 0.5 0 -0.866025 -0.5 0 0 -1 0 0.866025 -0.5 0 1 0 9.09664e-08 0.5 0.866025 8.82098e-08 -0.5 0.866025 8.82098e-08 -1 0 9.09664e-08 -0.5 -0.866025 8.82098e-08 0.5 -0.866025 8.82098e-08 0.866025 0.5 -8.26967e-08 0 1 -8.54533e-08 -0.866025 0.5 -8.26967e-08 -0.866025 -0.5 -8.26967e-08 0 -1 -8.54533e-08 0.866025 -0.5 -8.26967e-08 1 0 0 0.5 0.866025 0 -0.5 0.866025 0 -1 0 0 -0.5 -0.866025 0 0.5 -0.866025 0 0.866025 0.5 0 0 1 0 -0.866025 0.5 0 -0.866025 -0.5 0 0 -1 0 0.866025 -0.5 0 1 0 9.09664e-08 0.5 0.866025 8.82098e-08 -0.5 0.866025 8.82098e-08 -1 0 9.09664e-08 -0.5 -0.866025 8.82098e-08 0.5 -0.866025 8.82098e-08 0.866025 0.5 -8.26967e-08 0 1 -8.54533e-08 -0.866025 0.5 -8.26967e-08 -0.866025 -0.5 -8.26967e-08 0 -1 -8.54533e-08 0.866025 -0.5 -8.26967e-08 1 0 0 0.5 0.866025 0 -0.5 0.866025 0 -1 0 0 -0.5 -0.866025 0 0.5 -0.866025 0 0.866025 0.5 8.82098e-08 0 1 9.09664e-08 -0.866025 0.5 8.82098e-08 -0.866025 -0.5 8.82098e-08 0 -1 9.09664e-08 0.866025 -0.5 8.82098e-08 1 0 -8.54533e-08 0.5 0.866025 -8.26967e-08 -0.5 0.866025 -8.26967e-08 -1 0 -8.54533e-08 -0.5 -0.866025 -8.26967e-08 0.5 -0.866025 -8.26967e-08 0.866025 0.5 0 0 1 0 -0.866025 0.5 0 -0.866025 -0.5 0 0 -1 0 0.866025 -0.5 0 1 0 9.09664e-08 0.5 0.866025 8.82098e-08 -0.5 0.866025 8.82098e-08 -1 0 9.09664e-08 -0.5 -0.866025 8.82098e-08 0.5 -0.866025 8.82098e-08 0.866025 0.5 -8.26967e-08 0 1 -8.54533e-08 -0.866025 0.5 -8.26967e-08 -0.866025 -0.5 -8.26967e-08 0 -1 -8.54533e-08 0.866025 -0.5 -8.26967e-08 1 0 0 0.5 0.866025 0 -0.5 0.866025 0 -1 0 0 -0.5 -0.866025 0 0.5 -0.866025 0 0.866025 0.5 0 0 1 0 -0.866025 0.5 0 -0.866025 -0.5 0 0 -1 0 0.866025 -0.5 0 1 0 9.09664e-08 0.5 0.866025 8.82098e-08 -0.5 0.866025 8.82098e-08 -1 0 9.09664e-08 -0.5 -0.866025 8.82098e-08 0.5 -0.866025 8.82098e-08 0.866025 0.5 -8.26967e-08 0 1 -8.54533e-08 -0.866025 0.5 -8.26967e-08 -0.866025 -0.5 -8.26967e-08 0 -1 -8.54533e-08 0.866025 -0.5 -8.26967e-08 1 0 0 0.5 0.866025 0 -0.5 0.866025 0 -1 0 0 -0.5 -0.866025 0 0.5 -0.866025 0 0.866025 0.5 8.82098e-08 0 1 9.09664e-08 -0.866025 0.5 8.82098e-08 -0.866025 -0.5 8.82098e-08 0 -1 9.09664e-08 0.866025 -0.5 8.82098e-08 1 0 -8.54533e-08 0.5 0.866025 -8.26967e-08 -0.5 0.866025 -8.26967e-08 -1 0 -8.54533e-08 -0.5 -0.866025 -8.26967e-08 0.5 -0.866025 -8.26967e-08 0.866025 0.5 0 0 1 0 -0.866025 0.5 0 -0.866025 -0.5 0 0 -1 0 0.866025 -0.5 0 1 0 0 0.5 0.866025 0 -0.5 0.866025 0 -1 0 0 -0.5 -0.866025 0 0.5 -0.866025 0 0.866025 0.5 8.82098e-08 0 1 9.09664e-08 -0.866025 0.5 8.82098e-08 -0.866025 -0.5 8.82098e-08 0 -1 9.09664e-08 0.866025 -0.5 8.82098e-08 1 0 -8.54533e-08 0.5 0.866025 -8.26967e-08 -0.5 0.866025 -8.26967e-08 -1 0 -8.54533e-08 -0.5 -0.866025 -8.26967e-08 0.5 -0.866025 -8.26967e-08 0.866025 0.5 0 0 1 0 -0.866025 0.5 0 -0.866025 -0.5 0 0 -1 0 0.866025 -0.5 0 1 0 0 0.5 0.866025 0 -0.5 0.866025 0 -1 0 0 -0.5 -0.866025 0 0.5 -0.866025 0 0.866025 0.5 0 0 1 0 -0.866025 0.5 0 -0.866025 -0.5 0 0 -1 0 0.866025 -0.5 0 1 0 1.7642e-07 0.5 0.866025 1.70907e-07 -0.5 0.866025 1.70907e-07 -1 0 1.7642e-07 -0.5 -0.866025 1.70907e-07 0.5 -0.866025 1.70907e-07 0.866025 0.5 -1.70907e-07 0 1 -1.7642e-07 -0.866025 0.5 -1.70907e-07 -0.866025 -0.5 -1.70907e-07 0 -1 -1.7642e-07 0.866025 -0.5 -1.70907e-07 1 0 0 0.5 0.866025 0 -0.5 0.866025 0 -1 0 0 -0.5 -0.866025 0 0.5 -0.866025 0 0.866025 0.5 0 0 1 0 -0.866025 0.5 0 -0.866025 -0.5 0 0 -1 0 0.866025 -0.5 0 1 0 0 0.5 0.866025 0 -0.5 0.866025 0 -1 0 0 -0.5 -0.866025 0 0.5 -0.866025 0 0.866025 0.5 0 0 1 0 -0.866025 0.5 0 -0.866025 -0.5 0 0 -1 0 0.866025 -0.5 0 1 0 0 0.5 0.866025 0 -0.5 0.866025 0 -1 0 0 -0.5 -0.866025 0 0.5 -0.866025 0 0.866025 0.5 1.70907e-07 0 1 1.7642e-07 -0.866025 0.5 1.70907e-07 -0.866025 -0.5 1.70907e-07 0 -1 1.7642e-07 0.866025 -0.5 1.70907e-07 1 0 -1.7642e-07 0.5 0.866025 -1.70907e-07 -0.5 0.866025 -1.70907e-07 -1 0 -1.7642e-07 -0.5 -0.866025 -1.70907e-07 0.5 -0.866025 -1.70907e-07 0.866025 0.5 0 0 1 0 -0.866025 0.5 0 -0.866025 -0.5 0 0 -1 0 0.866025 -0.5 0 1 0 0 0.5 0.866025 0 -0.5 0.866025 0 -1 0 0 -0.5 -0.866025 0 0.5 -0.866025 0 0.866025 0.5 0 0 1 0 -0.866025 0.5 0 -0.866025 -0.5 0 0 -1 0 0.866025 -0.5 0 1 0 0 0.5 0.866025 0 -0.5 0.866025 0 -1 0 0 -0.5 -0.866025 0 0.5 -0.866025 0 0.866025 0.5 0 0 1 0 -0.866025 0.5 0 -0.866025 -0.5 0 0 -1 0 0.866025 -0.5 0 1 0 1.7642e-07 0.5 0.866025 1.70907e-07 -0.5 0.866025 1.70907e-07 -1 0 1.7642e-07 -0.5 -0.866025 1.70907e-07 0.5 -0.866025 1.70907e-07 0.866025 0.5 -1.70907e-07 0 1 -1.7642e-07 -0.866025 0.5 -1.70907e-07 -0.866025 -0.5 -1.70907e-07 0 -1 -1.7642e-07 0.866025 -0.5 -1.70907e-07 1 0 0 0.5 0.866025 0 -0.5 0.866025 0 -1 0 0 -0.5 -0.866025 0 0.5 -0.866025 0 0.866025 0.5 0 0 1 0 -0.866025 0.5 0 -0.866025 -0.5 0 0 -1 0 0.866025 -0.5 0 1 0 0 0.5 0.866025 0 -0.5 0.866025 0 -1 0 0 -0.5 -0.866025 0 0.5 -0.866025 0 0.866025 0.5 0 0 1 0 -0.866025 0.5 0 -0.866025 -0.5 0 0 -1 0 0.866025 -0.5 0 1 0 0 0.5 0.866025 0 -0.5 0.866025 0 -1 0 0 -0.5 -0.866025 0 0.5 -0.866025 0 0.866025 0.5 1.70907e-07 0 1 1.7642e-07 -0.866025 0.5 1.70907e-07 -0.866025 -0.5 1.70907e-07 0 -1 1.7642e-07 0.866025 -0.5 1.70907e-07 1 0 -1.7642e-07 0.5 0.866025 -1.70907e-07 -0.5 0.866025 -1.70907e-07 -1 0 -1.7642e-07 -0.5 -0.866025 -1.70907e-07 0.5 -0.866025 -1.70907e-07 0.866025 0.5 0 0 1 0 -0.866025 0.5 0 -0.866025 -0.5 0 0 -1 0 0.866025 -0.5 0 1 0 0 0.5 0.866025 0 -0.5 0.866025 0 -1 0 0 -0.5 -0.866025 0 0.5 -0.866025 0 0.866025 0.5 0 0 1 0 -0.866025 0.5 0 -0.866025 -0.5 0 0 -1 0 0.866025 -0.5 0 1 0 0 0.5 0.866025 0 -0.5 0.866025 0 -1 0 0 -0.5 -0.866025 0 0.5 -0.866025 0 0.866025 0.5 1.70907e-07 0 1 1.7642e-07 -0.866025 0.5 1.70907e-07 -0.866025 -0.5 1.70907e-07 0 -1 1.7642e-07 0.866025 -0.5 1.70907e-07 1 0 -1.7642e-07 0.5 0.866025 -1.70907e-07 -0.5 0.866025 -1.70907e-07 -1 0 -1.7642e-07 -0.5 -0.866025 -1.70907e-07 0.5 -0.866025 -1.70907e-07 0.866025 0.5 0 0 1 0 -0.866025 0.5 0 -0.866025 -0.5 0 0 -1 0 0.866025 -0.5 0 1 0 0 0.5 0.866025 0 -0.5 0.866025 0 -1 0 0 -0.5 -0.866025 0 0.5 -0.866025 0 0.866025 0.5 0 0 1 0 -0.866025 0.5 0 -0.866025 -0.5 0 0 -1 0 0.866025 -0.5 0 1 0 0 0.5 0.866025 0 -0.5 0.866025 0 -1 0 0 -0.5 -0.866025 0 0.5 -0.866025 0 0.866025 0.5 0 0 1 0 -0.866025 0.5 0 -0.866025 -0.5 0 0 -1 0 0.866025 -0.5 0 1 0 1.7642e-07 0.5 0.866025 1.70907e-07 -0.5 0.866025 1.70907e-07 -1 0 1.7642e-07 -0.5 -0.866025 1.70907e-07 0.5 -0.866025 1.70907e-07 0.866025 0.5 -1.70907e-07 0 1 -1.7642e-07 -0.866025 0.5 -1.70907e-07 -0.866025 -0.5 -1.70907e-07 0 -1 -1.7642e-07 0.866025 -0.5 -1.70907e-07 1 0 0 0.5 0.866025 0 -0.5 0.866025 0 -1 0 0 -0.5 -0.866025 0 0.5 -0.866025 0 0.866025 0.5 0 0 1 0 -0.866025 0.5 0 -0.866025 -0.5 0 0 -1 0 0.866025 -0.5 0 1 0 0 0.5 0.866025 0 -0.5 0.866025 0 -1 0 0 -0.5 -0.866025 0 0.5 -0.866025 0 0.866025 0.5 0 0 1 0 -0.866025 0.5 0 -0.866025 -0.5 0 0 -1 0 0.866025 -0.5 0 1 0 0 0.5 0.866025 0 -0.5 0.866025 0 -1 0 0 -0.5 -0.866025 0 0.5 -0.866025 0 0.866025 0.5 1.70907e-07 0 1 1.7642e-07 -0.866025 0.5 1.70907e-07 -0.866025 -0.5 1.70907e-07 0 -1 1.7642e-07 0.866025 -0.5 1.70907e-07 1 0 -1.7642e-07 0.5 0.866025 -1.70907e-07 -0.5 0.866025 -1.70907e-07 -1 0 -1.7642e-07 -0.5 -0.866025 -1.70907e-07 0.5 -0.866025 -1.70907e-07 0.866025 0.5 0 0 1 0 -0.866025 0.5 0 -0.866025 -0.5 0 0 -1 0 0.866025 -0.5 0 1 0 0 0.5 0.866025 0 -0.5 0.866025 0 -1 0 0 -0.5 -0.866025 0 0.5 -0.866025 0 0.866025 0.5 0 0 1 0 -0.866025 0.5 0 -0.866025 -0.5 0 0 -1 0 0.866025 -0.5 0 1 0 0 0.5 0.866025 0 -0.5 0.866025 0 -1 0 0 -0.5 -0.866025 0 0.5 -0.866025 0 0.866025 0.5 0 0 1 0 -0.866025 0.5 0 -0.866025 -0.5 0 0 -1 0 0.866025 -0.5 0 1 0 1.7642e-07 0.5 0.866025 1.70907e-07 -0.5 0.866025 1.70907e-07 -1 0 1.7642e-07 -0.5 -0.866025 1.70907e-07 0.5 -0.866025 1.70907e-07 0.866025 0.5 -1.70907e-07 0 1 -1.7642e-07 -0.866025 0.5 -1.70907e-07 -0.866025 -0.5 -1.70907e-07 0 -1 -1.7642e-07 0.866025 -0.5 -1.70907e-07 1 0 0 0.5 0.866025 0 -0.5 0.866025 0 -1 0 0 -0.5 -0.866025 0 0.5 -0.866025 0 0.866025 0.5 0 0 1 0 -0.866025 0.5 0 -0.866025 -0.5 0 0 -1 0 0.866025 -0.5 0 0.998548 0 0.0538637 0.499274 0.864768 0.0538636 -0.499274 0.864768 0.0538636 -0.998548 0 0.0538637 -0.499274 -0.864768 0.0538636 0.499274 -0.864768 0.0538636 0 0 -1 0 0 -1 0 0 -1 0 0 -1 0 0 -1 0 0 -1 0 0 -1 0 0 1 0 0 1 0 0 1 0 0 1 0 0 1 0 0 1 0 0 1"/>
    </IndexedTriangleSet>
   </Shape>
  </Transform>
  </Group>
  <Group>
  <Transform rotation="0 0 1 0" translation="0 0 0">
   <Shape>
    <Appearance USE='ap2'/>
    <IndexedTriangleSet DEF='its5' index="0 1 6 1 7 6 1 2 7 2 8 7 2 3 8 3 9 8 3 4 9 4 10 9 4 5 10 5 11 10 5 0 11 0 6 11 6 7 13 6 13 12 7 8 14 7 14 13 8 9 15 8 15 14 9 10 16 9 16 15 10 11 17 10 17 16 11 6 12 11 12 17 12 13 18 13 19 18 13 14 19 14 20 19 14 15 20 15 21 20 15 16 21 16 22 21 16 17 22 17 23 22 17 12 23 12 18 23 24 26 25 24 27 26 24 28 27 24 29 28 24 30 29 24 25 30 31 32 33 31 33 34 31 34 35 31 35 36 31 36 37 31 37 32" solid="false" colorPerVertex="false">
     <Coordinate point="1 0 -0.03 1 0.0259808 -0.015 1 0.0259808 0.015 1 3.67394e-18 0.03 1 -0.0259808 0.015 1 -0.0259808 -0.015 1.03333 0.01 -0.0173205 1.03333 0.02 -1.22465e-18 1.03333 0.01 0.0173205 1.03333 -0.01 0.0173205 1.03333 -0.02 3.67394e-18 1.03333 -0.01 -0.0173205 1.06667 0 -0.01 1.06667 0.00866025 -0.005 1.06667 0.00866025 0.005 1.06667 1.22465e-18 0.01 1.06667 -0.00866025 0.005 1.06667 -0.00866025 -0.005 1.1 0 0 1.1 0 0 1.1 0 0 1.1 0 0 1.1 0 0 1.1 0 0 1 0 0 1 0 -0.03 1 0.0259808 -0.015 1 0.0259808 0.015 1 3.67394e-18 0.03 1 -0.0259808 0.015 1 -0.0259808 -0.015 1.1 0 0 1.1 0 0 1.1 0 0 1.1 0 0 1.1 0 0 1.1 0 0 1.1 0 0"/>
     <Normal vector="0.259327 0 -0.96579 0.259327 0.836398 -0.482895 0.259327 0.836398 0.482895 0.259327 0 0.96579 0.259327 -0.836398 0.482895 0.259327 -0.836398 -0.482895 0.298397 0.477221 -0.826571 0.298397 0.954442 0 0.298397 0.477221 0.826571 0.298397 -0.477221 0.826571 0.298397 -0.954442 0 0.298397 -0.477221 -0.826571 0.302324 0 -0.953205 0.302324 0.8255 -0.476603 0.302324 0.8255 0.476603 0.302324 0 0.953205 0.302324 -0.8255 0.476603 0.302324 -0.8255 -0.476603 0.25146 0.483934 -0.838198 0.25146 0.967868 0 0.25146 0.483934 0.838198 0.25146 -0.483934 0.838198 0.25146 -0.967868 0 0.25146 -0.483934 -0.838198 -1 0 0 -1 0 0 -1 0 0 -1 0 0 -1 0 0 -1 0 0 -1 0 0 1 0 0 1 0 0 1 0 0 1 0 0 1 0 0 1 0 0 1 0 0"/>
    </IndexedTriangleSet>
   </Shape>
  </Transform>
  </Group>
  <Group>
  <Transform rotation="0 0 1 0" translation="0 0 0">
   <Shape>
    <Appearance USE='ap3'/>
    <IndexedTriangleSet DEF='its6' index="0 1 6 1 7 6 1 2 7 2 8 7 2 3 8 3 9 8 3 4 9 4 10 9 4 5 10 5 11 10 5 0 11 0 6 11 6 7 13 6 13 12 7 8 14 7 14 13 8 9 15 8 15 14 9 10 16 9 16 15 10 11 17 10 17 16 11 6 12 11 12 17 12 13 18 13 19 18 13 14 19 14 20 19 14 15 20 15 21 20 15 16 21 16 22 21 16 17 22 17 23 22 17 12 23 12 18 23 24 26 25 24 27 26 24 28 27 24 29 28 24 30 29 24 25 30 31 32 33 31 33 34 31 34 35 31 35 36 31 36 37 31 37 32" solid="false" colorPerVertex="false">
     <Coordinate point="0.03 1 0 0.015 1 -0.0259808 -0.015 1 -0.0259808 -0.03 1 -3.67394e-18 -0.015 1 0.0259808 0.015 1 0.0259808 0.0173205 1.03333 -0.01 1.22465e-18 1.03333 -0.02 -0.0173205 1.03333 -0.01 -0.0173205 1.03333 0.01 -3.67394e-18 1.03333 0.02 0.0173205 1.03333 0.01 0.01 1.06667 0 0.005 1.06667 -0.00866025 -0.005 1.06667 -0.00866025 -0.01 1.06667 -1.22465e-18 -0.005 1.06667 0.00866025 0.005 1.06667 0.00866025 0 1.1 0 0 1.1 0 0 1.1 0 0 1.1 0 0 1.1 0 0 1.1 0 0 1 0 0.03 1 0 0.015 1 -0.0259808 -0.015 1 -0.0259808 -0.03 1 -3.67394e-18 -0.015 1 0.0259808 0.015 1 0.0259808 0 1.1 0 0 1.1 0 0 1.1 0 0 1.1 0 0 1.1 0 0 1.1 0 0 1.1 0"/>
     <Normal vector="0.96579 0.259327 0 0.482895 0.259327 -0.836398 -0.482895 0.259327 -0.836398 -0.96579 0.259327 0 -0.482895 0.259327 0.836398 0.482895 0.259327 0.836398 0.826571 0.298397 -0.477221 0 0.298397 -0.954442 -0.826571 0.298397 -0.477221 -0.826571 0.298397 0.477221 0 0.298397 0.954442 0.826571 0.298397 0.477221 0.953205 0.302324 0 0.476603 0.302324 -0.8255 -0.476603 0.302324 -0.8255 -0.953205 0.302324 0 -0.476603 0.302324 0.8255 0.476603 0.302324 0.8255 0.838198 0.25146 -0.483934 0 0.25146 -0.967868 -0.838198 0.25146 -0.483934 -0.838198 0.25146 0.483934 0 0.25146 0.967868 0.838198 0.25146 0.483934 0 -1 0 0 -1 0 0 -1 0 0 -1 0 0 -1 0 0 -1 0 0 -1 0 1 0 0 1 0 0 1 0 0 1 0 0 1 0 0 1 0 0 1 0 0"/>
    </IndexedTriangleSet>
   </Shape>
  </Transform>
  </Group>
  <Group>
  <Transform rotation="0 0 1 0" translation="0 0 0">
   <Shape>
    <Appearance USE='ap4'/>
    <IndexedTriangleSet DEF='its7' index="0 1 6 1 7 6 1 2 7 2 8 7 2 3 8 3 9 8 3 4 9 4 10 9 4 5 10 5 11 10 5 0 11 0 6 11 6 7 13 6 13 12 7 8 14 7 14 13 8 9 15 8 15 14 9 10 16 9 16 15 10 11 17 10 17 16 11 6 12 11 12 17 12 13 18 13 19 18 13 14 19 14 20 19 14 15 20 15 21 20 15 16 21 16 22 21 16 17 22 17 23 22 17 12 23 12 18 23 24 26 25 24 27 26 24 28 27 24 29 28 24 30 29 24 25 30 31 32 33 31 33 34 31 34 35 31 35 36 31 36 37 31 37 32" solid="false" colorPerVertex="false">
     <Coordinate point="0.03 0 1 0.015 0.0259808 1 -0.015 0.0259808 1 -0.03 3.67394e-18 1 -0.015 -0.0259808 1 0.015 -0.0259808 1 0.0173205 0.01 1.03333 1.22465e-18 0.02 1.03333 -0.0173205 0.01 1.03333 -0.0173205 -0.01 1.03333 -3.67394e-18 -0.02 1.03333 0.0173205 -0.01 1.03333 0.01 0 1.06667 0.005 0.00866025 1.06667 -0.005 0.00866025 1.06667 -0.01 1.22465e-18 1.06667 -0.005 -0.00866025 1.06667 0.005 -0.00866025 1.06667 0 0 1.1 0 0 1.1 0 0 1.1 0 0 1.1 0 0 1.1 0 0 1.1 0 0 1 0.03 0 1 0.015 0.0259808 1 -0.015 0.0259808 1 -0.03 3.67394e-18 1 -0.015 -0.0259808 1 0.015 -0.0259808 1 0 0 1.1 0 0 1.1 0 0 1.1 0 0 1.1 0 0 1.1 0 0 1.1 0 0 1.1"/>
     <Normal vector="0.96579 0 0.259327 0.482895 0.836398 0.259327 -0.482895 0.836398 0.259327 -0.96579 0 0.259327 -0.482895 -0.836398 0.259327 0.482895 -0.836398 0.259327 0.826571 0.477221 0.298397 0 0.954442 0.298397 -0.826571 0.477221 0.298397 -0.826571 -0.477221 0.298397 0 -0.954442 0.298397 0.826571 -0.477221 0.298397 0.953205 0 0.302324 0.476603 0.8255 0.302324 -0.476603 0.8255 0.302324 -0.953205 0 0.302324 -0.476603 -0.8255 0.302324 0.476603 -0.8255 0.302324 0.838198 0.483934 0.25146 0 0.967868 0.25146 -0.838198 0.483934 0.25146 -0.838198 -0.483934 0.25146 0 -0.967868 0.25146 0.838198 -0.483934 0.25146 0 0 -1 0 0 -1 0 0 -1 0 0 -1 0 0 -1 0 0 -1 0 0 -1 1 0 0 1 0 0 1 0 0 1 0 0 1 0 0 1 0 0 1 0 0"/>
    </IndexedTriangleSet>
   </Shape>
  </Transform>
  </Group>
 </Scene>
</X3D>
