<?xml version='1.0' encoding='UTF-8'?>
<X3D version='3.3' profile='Interchange'
 xmlns:xsd='http://www.w3.org/2001/XMLSchema-instance'
 xsd:noNamespaceSchemaLocation='http://www.web3d.org/specifications/x3d-3.3.xsd'>
 <head>
  <unit category='length' name='ångström' conversionFactor='1e-10'/>
  <meta name="generator" content="UCSF-ChimeraX/1.2 (Windows 10.0.19041), http://www.rbvi.ucsf.edu/chimerax/"/>
  <meta name="created" content="2026-07-29T14:30:00.315489+00:00Z"/>
  <meta name="creator" content="grsou"/>
  <meta name="dateCopyrighted" content="© 2026 grsou"/>
  <meta name="ChimeraX-commit" content="c899b5336ed08abd3ca5e0ddaaf0e382729be282"/>
  <meta name="ChimeraX-date" content="2021-05-24 04:13:57 UTC"/>
  <meta name="ChimeraX-branch" content="release/v1.2"/>
 </head>
 <Scene>
  <Viewpoint centerOfRotation="0.05 0.05 0.05" fieldOfView="0.523599" orientation="0 0 1 0" position="0.05 0.05 4.61794"/>
  <NavigationInfo type='"EXAMINE" "ANY"' headlight='true'/>
  <Background skyColor='1 1 1' transparency='0'/>
  <Group>
  <Transform rotation="0 0 1 0" translation="0 0 0">
   <Shape>
    <Appearance DEF='ap0'>
     <Material ambientIntensity='1' diffuseColor='1 0.666667 0' specularColor='0.85 0.85 0.85' shininess='0.234375' transparency='0'/>
    </Appearance>
    <IndexedTriangleSet DEF='its0' index="6 1 0 5 6 0 4 47 48 0 47 4 5 0 4 39 0 1 39 37 0 47 0 37 7 2 1 6 7 1 41 1 2 41 39 1 8 3 2 7 8 2 43 2 3 43 41 2 3 51 50 9 51 3 8 9 3 50 43 3 11 5 4 10 11 4 55 10 4 55 61 10 55 4 48 12 6 5 11 12 5 13 7 6 12 13 6 14 8 7 13 14 7 15 9 8 14 15 8 9 63 57 9 15 63 57 51 9 17 11 10 16 17 10 61 16 10 61 67 16 18 12 11 17 18 11 19 13 12 18 19 12 20 14 13 19 20 13 21 15 14 20 21 14 15 69 63 15 21 69 23 17 16 22 23 16 67 22 16 67 73 22 24 18 17 23 24 17 25 19 18 24 25 18 26 20 19 25 26 19 27 21 20 26 27 20 21 75 69 21 27 75 28 80 79 22 80 28 23 22 28 80 22 73 29 24 23 28 29 23 30 25 24 29 30 24 31 26 25 30 31 25 27 82 83 31 82 27 26 31 27 83 75 27 87 29 28 87 89 29 87 28 79 89 30 29 89 91 30 91 31 30 91 93 31 93 82 31 40 33 32 38 40 32 36 109 110 32 109 36 38 32 36 102 32 33 102 100 32 109 32 100 42 34 33 40 42 33 104 33 34 104 102 33 44 35 34 42 44 34 106 34 35 106 104 34 35 113 112 45 113 35 44 45 35 112 106 35 47 37 49 49 37 38 49 38 36 46 117 118 36 117 46 49 36 46 117 36 110 37 39 38 39 40 38 39 41 40 41 42 40 41 43 42 43 44 42 43 50 44 44 50 52 44 52 45 45 121 120 53 121 45 52 53 45 120 113 45 55 48 56 56 48 49 56 49 46 54 124 125 46 124 54 56 46 54 124 46 118 48 47 49 52 50 51 51 57 52 52 57 58 52 58 53 53 128 127 59 128 53 58 59 53 127 121 53 62 56 54 60 62 54 130 60 54 130 134 60 130 54 125 61 55 62 55 56 62 64 58 63 58 57 63 65 59 58 64 65 58 59 136 132 59 65 136 132 128 59 68 62 60 66 68 60 134 66 60 134 138 66 67 61 68 61 62 68 70 64 69 64 63 69 71 65 64 70 71 64 65 140 136 65 71 140 74 68 66 72 74 66 138 72 66 138 142 72 73 67 74 67 68 74 76 70 75 70 69 75 77 71 70 76 77 70 71 144 140 71 77 144 78 147 146 72 147 78 74 72 78 147 72 142 80 73 81 81 73 74 81 74 78 75 83 76 76 83 84 76 84 85 77 149 150 85 149 77 76 85 77 150 144 77 86 154 153 78 154 86 81 78 86 154 78 146 79 80 81 87 79 88 88 79 81 88 81 86 84 83 82 82 93 84 84 93 94 84 94 95 85 156 157 95 156 85 84 95 85 157 149 85 96 162 161 86 162 96 88 86 96 162 86 153 89 87 90 87 88 90 97 90 88 96 97 88 91 89 92 89 90 92 98 92 90 97 98 90 93 91 94 91 92 94 99 94 92 98 99 92 95 164 165 99 164 95 94 99 95 165 156 95 168 97 96 168 170 97 168 96 161 170 98 97 170 172 98 172 99 98 172 174 99 174 164 99 111 181 182 111 101 181 109 101 111 100 101 109 100 102 101 102 103 101 177 101 103 177 176 101 181 101 176 102 104 103 104 105 103 178 103 105 178 177 103 104 106 105 106 107 105 179 105 107 179 178 105 185 112 114 185 106 112 184 106 185 107 106 184 184 179 107 117 110 119 119 110 111 119 111 108 116 188 189 108 188 116 119 108 116 182 108 111 182 180 108 188 108 180 110 109 111 114 112 113 113 120 114 114 120 122 114 122 115 187 114 115 187 185 114 115 192 191 123 192 115 122 123 115 191 187 115 124 118 126 126 118 119 126 119 116 194 126 116 194 196 126 194 116 189 118 117 119 122 120 121 121 127 122 122 127 129 122 129 123 123 199 195 123 129 199 195 192 123 125 124 126 131 196 197 131 126 196 130 126 131 125 126 130 129 127 128 200 132 133 200 128 132 199 128 200 129 128 199 134 130 135 130 131 135 202 135 131 202 204 135 202 131 197 137 133 136 133 132 136 133 205 203 133 137 205 203 200 133 138 134 139 134 135 139 204 139 135 204 206 139 141 137 140 137 136 140 137 207 205 137 141 207 142 138 143 138 139 143 206 143 139 206 208 143 145 141 144 141 140 144 141 209 207 141 145 209 210 148 211 148 147 211 211 147 143 143 147 142 211 143 208 213 150 151 213 144 150 214 144 213 145 144 214 214 209 145 146 147 148 154 146 155 155 146 148 155 148 152 210 152 148 210 216 152 151 150 149 149 157 151 151 157 158 151 158 159 151 217 213 151 159 217 160 219 218 152 219 160 155 152 160 219 152 216 153 154 155 162 153 163 163 153 155 163 155 160 158 157 156 156 165 158 158 165 166 158 166 167 159 221 222 167 221 159 158 167 159 222 217 159 224 163 160 224 226 163 224 160 218 161 162 163 225 169 226 169 168 226 226 168 163 163 168 161 166 165 164 228 174 175 228 164 174 229 164 228 166 164 229 229 167 166 229 231 167 231 221 167 170 168 171 168 169 171 232 171 169 232 233 171 232 169 225 172 170 173 170 171 173 233 173 171 233 234 173 174 172 175 172 173 175 234 175 173 234 235 175 235 228 175 176 183 181 236 183 176 237 236 176 176 177 239 237 176 239 177 178 241 239 177 241 178 179 243 241 178 243 245 184 186 179 184 245 243 179 245 180 190 188 246 190 180 248 246 180 183 247 182 182 247 248 182 248 180 182 181 183 247 183 236 186 184 185 250 186 251 251 186 185 251 185 187 250 245 186 253 191 193 187 191 253 251 187 253 189 188 190 254 189 190 194 189 254 256 194 254 254 190 246 193 191 192 195 193 192 255 193 195 259 255 195 255 253 193 257 198 256 256 198 196 256 196 194 201 260 199 199 260 259 199 259 195 197 196 198 262 197 198 202 197 262 264 202 262 262 198 257 201 199 200 203 201 200 263 201 203 266 263 203 263 260 201 204 202 264 204 264 268 266 203 205 270 266 205 206 204 268 206 268 272 270 205 207 274 270 207 208 206 272 208 272 276 274 207 209 278 274 209 208 212 211 280 212 208 276 280 208 281 214 215 209 214 281 278 209 281 210 211 212 212 283 210 210 283 282 210 282 216 283 212 280 215 214 213 286 215 285 285 215 213 285 213 217 286 281 215 216 220 219 288 220 216 282 288 216 289 222 223 217 222 289 285 217 289 218 219 220 290 218 220 224 218 290 292 224 290 290 220 288 223 222 221 231 223 221 297 223 231 295 297 231 297 289 223 291 227 292 292 227 226 292 226 224 225 226 227 298 225 227 232 225 298 299 232 298 298 227 291 230 229 228 235 230 228 307 230 235 305 307 235 230 294 229 229 294 295 229 295 231 307 294 230 301 233 232 301 232 299 303 234 233 303 233 301 305 235 234 305 234 303 236 249 247 312 249 236 314 312 236 238 313 237 237 313 314 237 314 236 237 239 238 239 240 238 309 238 240 309 308 238 313 238 308 239 241 240 241 242 240 310 240 242 310 309 240 241 243 242 243 244 242 311 242 244 311 310 242 316 244 317 317 244 243 317 243 245 316 311 244 319 250 252 245 250 319 317 245 319 324 246 321 324 254 246 249 320 248 248 320 321 248 321 246 248 247 249 320 249 312 252 250 251 322 252 323 323 252 251 323 251 253 322 319 252 255 323 253 255 326 323 325 258 324 324 258 256 324 256 254 261 327 259 259 327 326 259 326 255 257 256 258 328 257 258 262 257 328 330 262 328 328 258 325 261 259 260 263 261 260 329 261 263 333 329 263 329 327 261 331 265 330 330 265 264 330 264 262 267 334 266 266 334 333 266 333 263 268 264 269 264 265 269 336 269 265 336 338 269 336 265 331 271 267 270 267 266 270 267 339 337 267 271 339 337 334 267 272 268 273 268 269 273 338 273 269 338 340 273 275 271 274 271 270 274 271 341 339 271 275 341 276 272 277 272 273 277 340 277 273 340 342 277 279 275 278 275 274 278 275 343 341 275 279 343 277 345 276 276 345 344 276 344 280 345 277 342 348 279 347 347 279 278 347 278 281 348 343 279 280 284 283 350 284 280 344 350 280 351 286 287 281 286 351 347 281 351 282 283 284 284 353 282 282 353 352 282 352 288 353 284 350 287 286 285 355 287 354 354 287 285 354 285 289 355 351 287 357 288 352 357 290 288 297 354 289 297 359 354 356 293 357 357 293 292 357 292 290 291 292 293 360 291 293 298 291 360 362 298 360 360 293 356 296 295 294 307 296 294 367 296 307 365 367 307 296 358 295 295 358 359 295 359 297 367 358 296 361 300 362 362 300 299 362 299 298 301 299 302 299 300 302 368 302 300 368 369 302 368 300 361 303 301 304 301 302 304 369 304 302 369 370 304 305 303 306 303 304 306 370 306 304 370 371 306 306 364 305 305 364 365 305 365 307 371 364 306 308 315 313 372 315 308 373 372 308 308 309 374 373 308 374 309 310 375 374 309 375 310 311 376 375 310 376 377 316 318 311 316 377 376 311 377 382 312 379 382 320 312 315 378 314 314 378 379 314 379 312 314 313 315 378 315 372 318 316 317 380 318 381 381 318 317 381 317 319 380 377 318 322 381 319 322 384 381 320 382 321 382 383 321 386 321 383 386 324 321 384 322 385 322 323 385 326 385 323 326 388 385 324 386 325 386 387 325 390 325 387 390 328 325 388 326 389 326 327 389 329 389 327 329 392 389 391 332 390 390 332 330 390 330 328 335 393 333 333 393 392 333 392 329 331 330 332 394 331 332 336 331 394 396 336 394 394 332 391 335 333 334 337 335 334 395 335 337 397 395 337 395 393 335 338 336 396 338 396 398 397 337 339 399 397 339 340 338 398 340 398 400 399 339 341 401 399 341 342 340 400 342 400 402 401 341 343 403 401 343 342 346 345 404 346 342 402 404 342 405 348 349 343 348 405 403 343 405 344 345 346 346 407 344 344 407 406 344 406 350 407 346 404 349 348 347 409 349 408 408 349 347 408 347 351 409 405 349 411 350 406 411 353 350 355 408 351 355 413 408 353 411 352 411 410 352 415 352 410 415 357 352 413 355 412 355 354 412 359 412 354 359 417 412 357 415 356 415 414 356 419 356 414 419 360 356 417 359 416 359 358 416 367 416 358 367 421 416 418 363 419 419 363 362 419 362 360 361 362 363 422 361 363 368 361 422 423 368 422 422 363 418 366 365 364 371 366 364 427 366 371 426 427 371 366 420 365 365 420 421 365 421 367 427 420 366 424 369 368 424 368 423 425 370 369 425 369 424 426 371 370 426 370 425 434 372 428 434 378 372 372 373 429 428 372 429 373 374 430 429 373 430 374 375 431 430 374 431 375 376 432 431 375 432 376 377 433 432 376 433 380 433 377 380 436 433 378 434 379 434 435 379 438 379 435 438 382 379 436 380 437 380 381 437 384 437 381 384 440 437 382 438 383 438 439 383 442 383 439 442 386 383 440 384 441 384 385 441 388 441 385 388 444 441 386 442 387 442 443 387 446 387 443 446 390 387 444 388 445 388 389 445 392 445 389 392 448 445 390 446 391 446 447 391 450 391 447 450 394 391 448 392 449 392 393 449 395 449 393 395 451 449 396 394 450 396 450 452 451 395 397 453 451 397 398 396 452 398 452 454 453 397 399 455 453 399 400 398 454 400 454 456 455 399 401 457 455 401 402 400 456 402 456 458 457 401 403 459 457 403 404 402 458 404 458 460 459 403 405 461 459 405 463 404 460 463 407 404 409 461 405 409 465 461 407 463 406 463 462 406 467 406 462 467 411 406 465 409 464 409 408 464 413 464 408 413 469 464 411 467 410 467 466 410 471 410 466 471 415 410 469 413 468 413 412 468 417 468 412 417 473 468 415 471 414 471 470 414 475 414 470 475 419 414 473 417 472 417 416 472 421 472 416 421 477 472 419 475 418 475 474 418 478 418 474 478 422 418 477 421 476 421 420 476 427 476 420 427 483 476 479 423 422 479 422 478 480 424 423 480 423 479 481 425 424 481 424 480 482 426 425 482 425 481 483 427 426 483 426 482 434 428 491 428 489 491 484 489 428 429 484 428 429 430 485 484 429 485 430 431 486 485 430 486 431 432 487 486 431 487 487 494 492 433 494 487 432 433 487 494 433 436 434 491 435 435 491 490 435 490 488 496 435 488 496 438 435 494 436 493 493 436 437 493 437 495 440 495 437 440 498 495 438 496 439 496 497 439 500 439 497 500 442 439 498 440 499 440 441 499 444 499 441 444 502 499 442 500 443 500 501 443 504 443 501 504 446 443 502 444 503 444 445 503 448 503 445 448 505 503 508 447 506 506 447 446 506 446 504 450 447 508 449 511 448 448 511 509 448 509 505 511 449 451 512 508 507 450 508 512 452 450 512 451 510 511 513 510 451 453 513 451 454 452 512 454 512 514 513 453 455 515 513 455 456 454 514 456 514 516 515 455 457 517 515 457 458 456 516 458 516 518 517 457 459 519 517 459 460 521 522 518 521 460 458 518 460 519 525 524 461 525 519 459 461 519 463 460 522 525 461 465 463 522 462 462 522 520 462 520 526 529 462 526 529 467 462 525 465 523 523 465 464 523 464 527 469 527 464 469 531 527 467 529 466 529 528 466 533 466 528 533 471 466 531 469 530 469 468 530 473 530 468 473 535 530 471 533 470 533 532 470 536 470 532 536 475 470 535 473 534 473 472 534 477 534 472 477 543 534 539 474 538 538 474 475 538 475 536 478 474 539 476 542 477 477 542 541 477 541 543 542 476 483 544 539 537 478 539 544 479 478 544 545 480 479 545 479 544 546 481 480 546 480 545 547 482 481 547 481 546 483 540 542 547 540 483 482 547 483 491 489 490 492 494 493 508 506 507 509 511 510 522 521 520 524 525 523 539 538 537 541 542 540 489 484 550 552 484 485 552 550 484 554 485 486 554 552 485 556 486 487 556 554 486 556 487 492 496 488 561 488 559 561 548 559 488 490 548 488 489 550 490 490 550 549 490 549 548 556 492 555 555 492 493 555 493 557 557 564 562 495 564 557 493 495 557 564 495 498 496 561 497 497 561 560 497 560 558 566 497 558 566 500 497 564 498 563 563 498 499 563 499 565 502 565 499 502 567 565 570 501 568 568 501 500 568 500 566 504 501 570 503 573 502 502 573 571 502 571 567 573 503 505 574 570 569 504 570 574 506 504 574 505 572 573 575 572 505 509 575 505 577 507 576 576 507 506 576 506 574 512 507 577 510 579 509 509 579 578 509 578 575 579 510 513 514 577 581 514 512 577 583 513 515 583 579 513 516 581 585 516 514 581 587 515 517 587 583 515 518 585 589 518 516 585 591 517 519 591 587 517 521 518 589 591 519 524 521 589 520 520 589 588 520 588 592 526 595 596 592 595 526 520 592 526 591 524 590 590 524 523 590 523 593 593 599 598 527 599 593 523 527 593 529 526 596 599 527 531 529 596 528 528 596 594 528 594 600 602 528 600 602 533 528 599 531 597 597 531 530 597 530 601 535 601 530 535 609 601 605 532 604 604 532 533 604 533 602 536 532 605 534 608 535 535 608 607 535 607 609 608 534 543 610 605 603 536 605 610 538 536 610 612 537 611 611 537 538 611 538 610 544 537 612 540 618 541 541 618 617 541 617 619 618 540 547 543 606 608 619 606 543 541 619 543 612 545 544 612 614 545 614 546 545 614 616 546 616 547 546 616 618 547 550 552 549 552 551 549 552 554 551 554 553 551 554 556 553 556 555 553 561 559 560 562 564 563 570 568 569 571 573 572 576 580 577 580 581 577 579 583 578 583 582 578 580 584 581 584 585 581 583 587 582 587 586 582 584 588 585 588 589 585 587 591 586 591 590 586 596 595 594 598 599 597 605 604 603 607 608 606 614 612 613 612 611 613 616 614 615 614 613 615 618 616 617 616 615 617 559 548 627 548 625 627 620 625 548 549 620 548 549 551 621 620 549 621 551 553 622 621 551 622 553 555 623 622 553 623 623 630 628 557 630 623 555 557 623 630 557 562 566 558 634 558 632 634 624 632 558 560 624 558 559 627 560 560 627 626 560 626 624 630 562 629 629 562 563 629 563 631 631 637 635 565 637 631 563 565 631 637 565 567 638 634 633 566 634 638 568 566 638 567 636 637 639 636 567 571 639 567 642 569 640 640 569 568 640 568 638 574 569 642 572 645 571 571 645 643 571 643 639 645 572 575 646 642 641 574 642 646 576 574 646 575 644 645 647 644 575 578 647 575 580 576 646 580 646 648 647 578 582 649 647 582 584 580 648 584 648 650 649 582 586 651 649 586 588 584 650 588 650 652 651 586 590 653 651 590 592 655 656 652 655 592 588 652 592 653 659 658 593 659 653 590 593 653 595 592 656 659 593 598 595 656 594 594 656 654 594 654 660 600 663 664 660 663 600 594 660 600 659 598 657 657 598 597 657 597 661 661 667 666 601 667 661 597 601 661 602 600 664 667 601 609 668 664 662 602 664 668 604 602 668 671 603 670 670 603 604 670 604 668 610 603 671 606 674 607 607 674 673 607 673 675 674 606 619 609 665 667 675 665 609 607 675 609 676 671 669 610 671 676 611 610 676 677 613 611 677 611 676 678 615 613 678 613 677 679 617 615 679 615 678 619 672 674 679 672 619 617 679 619 627 625 626 628 630 629 634 632 633 635 637 636 642 640 641 643 645 644 656 655 654 658 659 657 664 663 662 666 667 665 671 670 669 673 674 672 625 620 682 684 620 621 684 682 620 686 621 622 686 684 621 688 622 623 688 686 622 688 623 628 632 624 692 624 690 692 680 690 624 626 680 624 625 682 626 626 682 681 626 681 680 688 628 687 687 628 629 687 629 689 689 695 693 631 695 689 629 631 689 695 631 635 698 633 696 633 632 696 696 632 691 691 632 692 638 633 698 694 701 699 694 636 701 695 636 694 635 636 695 701 636 639 702 698 697 638 698 702 640 638 702 639 700 701 703 700 639 643 703 639 705 641 704 704 641 640 704 640 702 646 641 705 644 707 643 643 707 706 643 706 703 707 644 647 648 705 709 648 646 705 711 647 649 711 707 647 650 709 713 650 648 709 715 649 651 715 711 649 652 713 717 652 650 713 719 651 653 719 715 651 655 652 717 719 653 658 655 717 654 654 717 716 654 716 720 660 723 724 720 723 660 654 720 660 719 658 718 718 658 657 718 657 721 721 727 726 661 727 721 657 661 721 663 660 724 727 661 666 730 662 729 662 663 729 729 663 722 722 663 724 668 662 730 732 725 733 725 727 733 733 727 665 665 727 666 733 665 675 734 730 728 668 730 734 670 668 734 736 669 735 735 669 670 735 670 734 676 669 736 672 742 673 673 742 741 673 741 743 742 672 679 675 731 733 743 731 675 673 743 675 736 677 676 736 738 677 738 678 677 738 740 678 740 679 678 740 742 679 682 684 681 684 683 681 684 686 683 686 685 683 686 688 685 688 687 685 692 690 691 693 695 694 698 696 697 699 701 700 704 708 705 708 709 705 707 711 706 711 710 706 708 712 709 712 713 709 711 715 710 715 714 710 712 716 713 716 717 713 715 719 714 719 718 714 724 723 722 726 727 725 730 729 728 732 733 731 738 736 737 736 735 737 740 738 739 738 737 739 742 740 741 740 739 741 690 680 744 746 680 681 746 744 680 748 681 683 748 746 681 750 683 685 750 748 683 752 685 687 752 750 685 753 687 689 753 752 687 753 689 693 744 691 690 754 691 744 757 754 744 696 691 754 761 693 694 753 693 761 760 753 761 761 694 699 754 697 696 762 697 754 765 762 754 702 697 762 769 699 700 761 699 769 768 761 769 769 700 703 704 762 771 704 702 762 773 703 706 773 769 703 708 771 775 708 704 771 777 706 710 777 773 706 712 775 779 712 708 775 781 710 714 781 777 710 716 779 783 716 712 779 785 714 718 785 781 714 720 783 786 720 716 783 793 718 721 793 785 718 723 720 786 793 721 726 786 722 723 794 722 786 789 794 786 729 722 794 801 726 725 793 726 801 792 793 801 801 725 732 794 728 729 802 728 794 797 802 794 734 728 802 811 732 731 801 732 811 800 801 811 811 731 743 802 735 734 802 804 735 804 737 735 804 806 737 806 739 737 806 808 739 808 741 739 808 810 741 810 743 741 810 811 743 745 755 746 746 755 757 746 757 744 746 748 745 748 747 745 748 750 747 750 749 747 750 752 749 752 751 749 758 751 760 760 751 752 760 752 753 756 763 757 757 763 765 757 765 754 757 755 756 758 760 759 766 759 768 768 759 760 768 760 761 764 770 765 765 770 771 765 771 762 765 763 764 766 768 767 772 767 773 773 767 768 773 768 769 770 774 771 774 775 771 773 777 772 777 776 772 774 778 775 778 779 775 777 781 776 781 780 776 778 782 779 782 783 779 781 785 780 785 784 780 782 788 783 783 788 789 783 789 786 791 784 792 792 784 785 792 785 793 789 788 787 787 796 789 789 796 797 789 797 794 791 792 790 799 790 800 800 790 792 800 792 801 797 796 795 795 803 797 797 803 804 797 804 802 799 800 798 809 798 810 810 798 800 810 800 811 806 804 805 804 803 805 808 806 807 806 805 807 810 808 809 808 807 809 755 745 812 814 745 747 814 812 745 816 747 749 816 814 747 817 749 751 817 816 749 817 751 758 812 756 755 818 756 812 821 818 812 763 756 818 825 758 759 817 758 825 824 817 825 825 759 766 818 764 763 826 764 818 829 826 818 770 764 826 833 766 767 825 766 833 832 825 833 833 767 772 774 826 835 774 770 826 837 772 776 837 833 772 778 835 839 778 774 835 841 776 780 841 837 776 782 839 842 782 778 839 849 780 784 849 841 780 788 782 842 849 784 791 842 787 788 850 787 842 845 850 842 796 787 850 857 791 790 849 791 857 848 849 857 857 790 799 850 795 796 858 795 850 853 858 850 803 795 858 863 799 798 857 799 863 856 857 863 863 798 809 858 805 803 858 860 805 860 807 805 860 862 807 862 809 807 862 863 809 813 819 814 814 819 821 814 821 812 814 816 813 816 815 813 822 815 824 824 815 816 824 816 817 820 827 821 821 827 829 821 829 818 821 819 820 822 824 823 830 823 832 832 823 824 832 824 825 828 834 829 829 834 835 829 835 826 829 827 828 830 832 831 836 831 837 837 831 832 837 832 833 834 838 835 838 839 835 837 841 836 841 840 836 838 844 839 839 844 845 839 845 842 847 840 848 848 840 841 848 841 849 845 844 843 843 852 845 845 852 853 845 853 850 847 848 846 855 846 856 856 846 848 856 848 857 853 852 851 851 859 853 853 859 860 853 860 858 855 856 854 861 854 862 862 854 856 862 856 863 862 860 861 860 859 861 819 813 864 865 813 815 865 864 813 865 815 822 864 820 819 866 820 864 868 866 864 827 820 866 871 822 823 865 822 871 870 865 871 871 823 830 866 828 827 872 828 866 874 872 866 834 828 872 877 830 831 871 830 877 876 871 877 877 831 836 838 872 878 838 834 872 883 836 840 883 877 836 844 838 878 883 840 847 878 843 844 884 843 878 880 884 878 852 843 884 889 847 846 883 847 889 882 883 889 889 846 855 884 851 852 890 851 884 886 890 884 859 851 890 891 855 854 889 855 891 888 889 891 891 854 861 890 861 859 890 891 861 864 865 870 864 870 868 867 873 868 868 873 874 868 874 866 868 870 867 870 869 867 875 869 876 876 869 870 876 870 871 872 874 880 872 880 878 873 879 874 879 880 874 876 882 875 882 881 875 876 877 883 876 883 882 879 885 880 880 885 886 880 886 884 887 881 888 888 881 882 888 882 889 888 886 887 886 885 887 886 888 891 886 891 890 873 867 892 893 867 869 893 892 867 893 869 875 879 892 894 879 873 892 895 875 881 895 893 875 885 879 894 895 881 887 894 887 885 894 895 887 892 893 895 892 895 894 899 897 896 898 899 896 909 898 896 909 915 898 905 896 897 905 903 896 909 896 903 897 917 911 897 899 917 911 905 897 921 899 898 921 923 899 921 898 915 923 917 899 906 901 900 904 906 900 902 935 936 900 935 902 904 900 902 931 900 901 931 929 900 935 900 929 901 939 938 907 939 901 906 907 901 938 931 901 909 903 910 910 903 904 910 904 902 908 943 944 902 943 908 910 902 908 943 902 936 903 905 904 905 906 904 905 911 906 906 911 912 906 912 907 907 947 946 913 947 907 912 913 907 946 939 907 916 910 908 914 916 908 950 914 908 950 954 914 950 908 944 915 909 916 909 910 916 918 912 917 912 911 917 919 913 912 918 919 912 913 956 952 913 919 956 952 947 913 920 960 959 914 960 920 916 914 920 960 914 954 921 915 922 922 915 916 922 916 920 917 923 918 918 923 924 918 924 925 919 962 963 925 962 919 918 925 919 963 956 919 926 968 967 920 968 926 922 920 926 968 920 959 923 921 924 921 922 924 927 924 922 926 927 922 925 970 971 927 970 925 924 927 925 971 962 925 975 927 926 975 977 927 975 926 967 977 970 927 935 929 937 937 929 930 937 930 928 934 991 992 928 991 934 937 928 934 983 928 930 983 981 928 991 928 981 929 931 930 931 932 930 985 930 932 985 983 930 931 938 932 932 938 940 932 940 933 987 932 933 987 985 932 933 995 994 941 995 933 940 941 933 994 987 933 943 936 945 945 936 937 945 937 934 942 999 1000 934 999 942 945 934 942 999 934 992 936 935 937 940 938 939 939 946 940 940 946 948 940 948 941 941 1003 1002 949 1003 941 948 949 941 1002 995 941 950 944 951 951 944 945 951 945 942 1006 951 942 1006 1010 951 1006 942 1000 944 943 945 948 946 947 947 952 948 948 952 953 948 953 949 949 1012 1008 949 953 1012 1008 1003 949 954 950 955 950 951 955 1010 955 951 1010 1014 955 957 953 956 953 952 956 953 1016 1012 953 957 1016 960 954 961 961 954 955 961 955 958 1014 958 955 1014 1018 958 956 963 957 957 963 964 957 964 965 957 1020 1016 957 965 1020 966 1024 1023 958 1024 966 961 958 966 1024 958 1018 959 960 961 968 959 969 969 959 961 969 961 966 964 963 962 962 971 964 964 971 972 964 972 973 965 1026 1027 973 1026 965 964 973 965 1027 1020 965 974 1032 1031 966 1032 974 969 966 974 1032 966 1023 967 968 969 975 967 976 976 967 969 976 969 974 972 971 970 970 977 972 972 977 978 972 978 979 973 1034 1035 979 1034 973 972 979 973 1035 1026 973 1039 976 974 1039 1041 976 1039 974 1031 977 975 978 975 976 978 1041 978 976 1041 1043 978 1043 979 978 1043 1045 979 1045 1034 979 991 981 993 993 981 982 993 982 980 990 1058 1059 980 1058 990 993 980 990 1049 980 982 1049 1048 980 1058 980 1048 981 983 982 983 984 982 1051 982 984 1051 1049 982 983 985 984 985 986 984 1053 984 986 1053 1051 984 985 987 986 987 988 986 1055 986 988 1055 1053 986 987 994 988 988 994 996 988 996 989 1057 988 989 1057 1055 988 989 1062 1061 997 1062 989 996 997 989 1061 1057 989 999 992 1001 1001 992 993 1001 993 990 998 1064 1065 990 1064 998 1001 990 998 1064 990 1059 992 991 993 996 994 995 995 1002 996 996 1002 1004 996 1004 997 997 1068 1067 1005 1068 997 1004 1005 997 1067 1062 997 1006 1000 1007 1007 1000 1001 1007 1001 998 1070 1007 998 1070 1072 1007 1070 998 1065 1000 999 1001 1004 1002 1003 1003 1008 1004 1004 1008 1009 1004 1009 1005 1005 1074 1071 1005 1009 1074 1071 1068 1005 1010 1006 1011 1006 1007 1011 1072 1011 1007 1072 1076 1011 1013 1009 1012 1009 1008 1012 1009 1078 1074 1009 1013 1078 1014 1010 1015 1010 1011 1015 1076 1015 1011 1076 1080 1015 1017 1013 1016 1013 1012 1016 1013 1082 1078 1013 1017 1082 1018 1014 1019 1014 1015 1019 1080 1019 1015 1080 1084 1019 1021 1017 1020 1017 1016 1020 1017 1086 1082 1017 1021 1086 1024 1018 1025 1025 1018 1019 1025 1019 1022 1084 1022 1019 1084 1088 1022 1020 1027 1021 1021 1027 1028 1021 1028 1029 1021 1089 1086 1021 1029 1089 1030 1091 1090 1022 1091 1030 1025 1022 1030 1091 1022 1088 1023 1024 1025 1032 1023 1033 1033 1023 1025 1033 1025 1030 1028 1027 1026 1026 1035 1028 1028 1035 1036 1028 1036 1037 1029 1093 1094 1037 1093 1029 1028 1037 1029 1094 1089 1029 1038 1097 1096 1030 1097 1038 1033 1030 1038 1097 1030 1090 1031 1032 1033 1039 1031 1040 1040 1031 1033 1040 1033 1038 1036 1035 1034 1034 1045 1036 1036 1045 1046 1036 1046 1047 1037 1099 1100 1047 1099 1037 1036 1047 1037 1100 1093 1037 1102 1040 1038 1102 1103 1040 1102 1038 1096 1041 1039 1042 1039 1040 1042 1103 1042 1040 1103 1105 1042 1043 1041 1044 1041 1042 1044 1105 1044 1042 1105 1107 1044 1045 1043 1046 1043 1044 1046 1107 1046 1044 1107 1109 1046 1109 1047 1046 1109 1111 1047 1111 1099 1047 1048 1060 1058 1116 1060 1048 1118 1116 1048 1050 1117 1049 1049 1117 1118 1049 1118 1048 1049 1051 1050 1051 1052 1050 1113 1050 1052 1113 1112 1050 1117 1050 1112 1051 1053 1052 1053 1054 1052 1114 1052 1054 1114 1113 1052 1053 1055 1054 1055 1056 1054 1115 1054 1056 1115 1114 1054 1120 1056 1121 1121 1056 1055 1121 1055 1057 1120 1115 1056 1123 1061 1063 1057 1061 1123 1121 1057 1123 1059 1058 1060 1066 1124 1125 1066 1060 1124 1064 1060 1066 1059 1060 1064 1124 1060 1116 1063 1061 1062 1128 1067 1069 1128 1062 1067 1127 1062 1128 1063 1062 1127 1127 1123 1063 1065 1064 1066 1130 1065 1066 1070 1065 1130 1132 1070 1130 1130 1066 1125 1069 1067 1068 1071 1069 1068 1131 1069 1071 1135 1131 1071 1131 1128 1069 1133 1073 1132 1132 1073 1072 1132 1072 1070 1075 1136 1074 1074 1136 1135 1074 1135 1071 1076 1072 1077 1072 1073 1077 1138 1077 1073 1138 1140 1077 1138 1073 1133 1079 1075 1078 1075 1074 1078 1075 1141 1139 1075 1079 1141 1139 1136 1075 1080 1076 1081 1076 1077 1081 1140 1081 1077 1140 1142 1081 1083 1079 1082 1079 1078 1082 1079 1143 1141 1079 1083 1143 1084 1080 1085 1080 1081 1085 1142 1085 1081 1142 1144 1085 1087 1083 1086 1083 1082 1086 1083 1145 1143 1083 1087 1145 1085 1147 1084 1084 1147 1146 1084 1146 1088 1147 1085 1144 1150 1087 1149 1149 1087 1086 1149 1086 1089 1150 1145 1087 1088 1092 1091 1152 1092 1088 1146 1152 1088 1153 1094 1095 1089 1094 1153 1149 1089 1153 1090 1091 1092 1154 1098 1155 1098 1097 1155 1155 1097 1092 1092 1097 1090 1155 1092 1152 1095 1094 1093 1157 1100 1101 1157 1093 1100 1158 1093 1157 1095 1093 1158 1158 1153 1095 1096 1097 1098 1160 1096 1098 1102 1096 1160 1162 1102 1160 1160 1098 1154 1101 1100 1099 1111 1101 1099 1167 1101 1111 1165 1167 1111 1167 1157 1101 1161 1104 1162 1162 1104 1103 1162 1103 1102 1105 1103 1106 1103 1104 1106 1168 1106 1104 1168 1169 1106 1168 1104 1161 1107 1105 1108 1105 1106 1108 1169 1108 1106 1169 1170 1108 1109 1107 1110 1107 1108 1110 1170 1110 1108 1170 1171 1110 1110 1164 1109 1109 1164 1165 1109 1165 1111 1171 1164 1110 1112 1119 1117 1172 1119 1112 1173 1172 1112 1112 1113 1175 1173 1112 1175 1113 1114 1177 1175 1113 1177 1114 1115 1179 1177 1114 1179 1181 1120 1122 1115 1120 1181 1179 1115 1181 1116 1126 1124 1182 1126 1116 1184 1182 1116 1119 1183 1118 1118 1183 1184 1118 1184 1116 1118 1117 1119 1183 1119 1172 1122 1120 1121 1186 1122 1187 1187 1122 1121 1187 1121 1123 1186 1181 1122 1189 1127 1129 1123 1127 1189 1187 1123 1189 1125 1124 1126 1190 1125 1126 1130 1125 1190 1192 1130 1190 1190 1126 1182 1129 1127 1128 1131 1129 1128 1191 1129 1131 1195 1191 1131 1191 1189 1129 1193 1134 1192 1192 1134 1132 1192 1132 1130 1137 1196 1135 1135 1196 1195 1135 1195 1131 1133 1132 1134 1198 1133 1134 1138 1133 1198 1200 1138 1198 1198 1134 1193 1137 1135 1136 1139 1137 1136 1199 1137 1139 1202 1199 1139 1199 1196 1137 1140 1138 1200 1140 1200 1204 1202 1139 1141 1206 1202 1141 1142 1140 1204 1142 1204 1208 1206 1141 1143 1210 1206 1143 1144 1142 1208 1144 1208 1212 1210 1143 1145 1214 1210 1145 1144 1148 1147 1216 1148 1144 1212 1216 1144 1217 1150 1151 1145 1150 1217 1214 1145 1217 1146 1147 1148 1148 1219 1146 1146 1219 1218 1146 1218 1152 1219 1148 1216 1151 1150 1149 1222 1151 1221 1221 1151 1149 1221 1149 1153 1222 1217 1151 1152 1156 1155 1224 1156 1152 1218 1224 1152 1225 1158 1159 1153 1158 1225 1221 1153 1225 1154 1155 1156 1226 1154 1156 1160 1154 1226 1228 1160 1226 1226 1156 1224 1159 1158 1157 1167 1159 1157 1233 1159 1167 1231 1233 1167 1233 1225 1159 1227 1163 1228 1228 1163 1162 1228 1162 1160 1161 1162 1163 1234 1161 1163 1168 1161 1234 1235 1168 1234 1234 1163 1227 1166 1165 1164 1171 1166 1164 1243 1166 1171 1241 1243 1171 1166 1230 1165 1165 1230 1231 1165 1231 1167 1243 1230 1166 1237 1169 1168 1237 1168 1235 1239 1170 1169 1239 1169 1237 1241 1171 1170 1241 1170 1239 1172 1185 1183 1248 1185 1172 1250 1248 1172 1174 1249 1173 1173 1249 1250 1173 1250 1172 1173 1175 1174 1175 1176 1174 1245 1174 1176 1245 1244 1174 1249 1174 1244 1175 1177 1176 1177 1178 1176 1246 1176 1178 1246 1245 1176 1177 1179 1178 1179 1180 1178 1247 1178 1180 1247 1246 1178 1252 1180 1253 1253 1180 1179 1253 1179 1181 1252 1247 1180 1255 1186 1188 1181 1186 1255 1253 1181 1255 1260 1182 1257 1260 1190 1182 1185 1256 1184 1184 1256 1257 1184 1257 1182 1184 1183 1185 1256 1185 1248 1188 1186 1187 1258 1188 1259 1259 1188 1187 1259 1187 1189 1258 1255 1188 1191 1259 1189 1191 1262 1259 1261 1194 1260 1260 1194 1192 1260 1192 1190 1197 1263 1195 1195 1263 1262 1195 1262 1191 1193 1192 1194 1264 1193 1194 1198 1193 1264 1266 1198 1264 1264 1194 1261 1197 1195 1196 1199 1197 1196 1265 1197 1199 1269 1265 1199 1265 1263 1197 1267 1201 1266 1266 1201 1200 1266 1200 1198 1203 1270 1202 1202 1270 1269 1202 1269 1199 1204 1200 1205 1200 1201 1205 1272 1205 1201 1272 1274 1205 1272 1201 1267 1207 1203 1206 1203 1202 1206 1203 1275 1273 1203 1207 1275 1273 1270 1203 1208 1204 1209 1204 1205 1209 1274 1209 1205 1274 1276 1209 1211 1207 1210 1207 1206 1210 1207 1277 1275 1207 1211 1277 1212 1208 1213 1208 1209 1213 1276 1213 1209 1276 1278 1213 1215 1211 1214 1211 1210 1214 1211 1279 1277 1211 1215 1279 1213 1281 1212 1212 1281 1280 1212 1280 1216 1281 1213 1278 1284 1215 1283 1283 1215 1214 1283 1214 1217 1284 1279 1215 1216 1220 1219 1286 1220 1216 1280 1286 1216 1287 1222 1223 1217 1222 1287 1283 1217 1287 1218 1219 1220 1220 1289 1218 1218 1289 1288 1218 1288 1224 1289 1220 1286 1223 1222 1221 1291 1223 1290 1290 1223 1221 1290 1221 1225 1291 1287 1223 1293 1224 1288 1293 1226 1224 1233 1290 1225 1233 1295 1290 1292 1229 1293 1293 1229 1228 1293 1228 1226 1227 1228 1229 1296 1227 1229 1234 1227 1296 1298 1234 1296 1296 1229 1292 1232 1231 1230 1243 1232 1230 1303 1232 1243 1301 1303 1243 1232 1294 1231 1231 1294 1295 1231 1295 1233 1303 1294 1232 1297 1236 1298 1298 1236 1235 1298 1235 1234 1237 1235 1238 1235 1236 1238 1304 1238 1236 1304 1305 1238 1304 1236 1297 1239 1237 1240 1237 1238 1240 1305 1240 1238 1305 1306 1240 1241 1239 1242 1239 1240 1242 1306 1242 1240 1306 1307 1242 1242 1300 1241 1241 1300 1301 1241 1301 1243 1307 1300 1242 1244 1251 1249 1308 1251 1244 1309 1308 1244 1244 1245 1310 1309 1244 1310 1245 1246 1311 1310 1245 1311 1246 1247 1312 1311 1246 1312 1313 1252 1254 1247 1252 1313 1312 1247 1313 1318 1248 1315 1318 1256 1248 1251 1314 1250 1250 1314 1315 1250 1315 1248 1250 1249 1251 1314 1251 1308 1254 1252 1253 1316 1254 1317 1317 1254 1253 1317 1253 1255 1316 1313 1254 1258 1317 1255 1258 1320 1317 1256 1318 1257 1318 1319 1257 1322 1257 1319 1322 1260 1257 1320 1258 1321 1258 1259 1321 1262 1321 1259 1262 1324 1321 1260 1322 1261 1322 1323 1261 1326 1261 1323 1326 1264 1261 1324 1262 1325 1262 1263 1325 1265 1325 1263 1265 1328 1325 1327 1268 1326 1326 1268 1266 1326 1266 1264 1271 1329 1269 1269 1329 1328 1269 1328 1265 1267 1266 1268 1330 1267 1268 1272 1267 1330 1332 1272 1330 1330 1268 1327 1271 1269 1270 1273 1271 1270 1331 1271 1273 1333 1331 1273 1331 1329 1271 1274 1272 1332 1274 1332 1334 1333 1273 1275 1335 1333 1275 1276 1274 1334 1276 1334 1336 1335 1275 1277 1337 1335 1277 1278 1276 1336 1278 1336 1338 1337 1277 1279 1339 1337 1279 1278 1282 1281 1340 1282 1278 1338 1340 1278 1341 1284 1285 1279 1284 1341 1339 1279 1341 1280 1281 1282 1282 1343 1280 1280 1343 1342 1280 1342 1286 1343 1282 1340 1285 1284 1283 1345 1285 1344 1344 1285 1283 1344 1283 1287 1345 1341 1285 1347 1286 1342 1347 1289 1286 1291 1344 1287 1291 1349 1344 1289 1347 1288 1347 1346 1288 1351 1288 1346 1351 1293 1288 1349 1291 1348 1291 1290 1348 1295 1348 1290 1295 1353 1348 1293 1351 1292 1351 1350 1292 1355 1292 1350 1355 1296 1292 1353 1295 1352 1295 1294 1352 1303 1352 1294 1303 1357 1352 1354 1299 1355 1355 1299 1298 1355 1298 1296 1297 1298 1299 1358 1297 1299 1304 1297 1358 1359 1304 1358 1358 1299 1354 1302 1301 1300 1307 1302 1300 1363 1302 1307 1362 1363 1307 1302 1356 1301 1301 1356 1357 1301 1357 1303 1363 1356 1302 1360 1305 1304 1360 1304 1359 1361 1306 1305 1361 1305 1360 1362 1307 1306 1362 1306 1361 1370 1308 1364 1370 1314 1308 1308 1309 1365 1364 1308 1365 1309 1310 1366 1365 1309 1366 1310 1311 1367 1366 1310 1367 1311 1312 1368 1367 1311 1368 1312 1313 1369 1368 1312 1369 1316 1369 1313 1316 1372 1369 1314 1370 1315 1370 1371 1315 1374 1315 1371 1374 1318 1315 1372 1316 1373 1316 1317 1373 1320 1373 1317 1320 1376 1373 1318 1374 1319 1374 1375 1319 1378 1319 1375 1378 1322 1319 1376 1320 1377 1320 1321 1377 1324 1377 1321 1324 1380 1377 1322 1378 1323 1378 1379 1323 1382 1323 1379 1382 1326 1323 1380 1324 1381 1324 1325 1381 1328 1381 1325 1328 1384 1381 1326 1382 1327 1382 1383 1327 1386 1327 1383 1386 1330 1327 1384 1328 1385 1328 1329 1385 1331 1385 1329 1331 1387 1385 1332 1330 1386 1332 1386 1388 1387 1331 1333 1389 1387 1333 1334 1332 1388 1334 1388 1390 1389 1333 1335 1391 1389 1335 1336 1334 1390 1336 1390 1392 1391 1335 1337 1393 1391 1337 1338 1336 1392 1338 1392 1394 1393 1337 1339 1395 1393 1339 1340 1338 1394 1340 1394 1396 1395 1339 1341 1397 1395 1341 1399 1340 1396 1399 1343 1340 1345 1397 1341 1345 1401 1397 1343 1399 1342 1399 1398 1342 1403 1342 1398 1403 1347 1342 1401 1345 1400 1345 1344 1400 1349 1400 1344 1349 1405 1400 1347 1403 1346 1403 1402 1346 1407 1346 1402 1407 1351 1346 1405 1349 1404 1349 1348 1404 1353 1404 1348 1353 1409 1404 1351 1407 1350 1407 1406 1350 1411 1350 1406 1411 1355 1350 1409 1353 1408 1353 1352 1408 1357 1408 1352 1357 1413 1408 1355 1411 1354 1411 1410 1354 1414 1354 1410 1414 1358 1354 1413 1357 1412 1357 1356 1412 1363 1412 1356 1363 1419 1412 1415 1359 1358 1415 1358 1414 1416 1360 1359 1416 1359 1415 1417 1361 1360 1417 1360 1416 1418 1362 1361 1418 1361 1417 1419 1363 1362 1419 1362 1418 1370 1364 1427 1364 1425 1427 1420 1425 1364 1365 1420 1364 1365 1366 1421 1420 1365 1421 1366 1367 1422 1421 1366 1422 1367 1368 1423 1422 1367 1423 1423 1430 1428 1369 1430 1423 1368 1369 1423 1430 1369 1372 1370 1427 1371 1371 1427 1426 1371 1426 1424 1432 1371 1424 1432 1374 1371 1430 1372 1429 1429 1372 1373 1429 1373 1431 1376 1431 1373 1376 1434 1431 1374 1432 1375 1432 1433 1375 1436 1375 1433 1436 1378 1375 1434 1376 1435 1376 1377 1435 1380 1435 1377 1380 1438 1435 1378 1436 1379 1436 1437 1379 1440 1379 1437 1440 1382 1379 1438 1380 1439 1380 1381 1439 1384 1439 1381 1384 1441 1439 1444 1383 1442 1442 1383 1382 1442 1382 1440 1386 1383 1444 1385 1447 1384 1384 1447 1445 1384 1445 1441 1447 1385 1387 1448 1444 1443 1386 1444 1448 1388 1386 1448 1387 1446 1447 1449 1446 1387 1389 1449 1387 1390 1388 1448 1390 1448 1450 1449 1389 1391 1451 1449 1391 1392 1390 1450 1392 1450 1452 1451 1391 1393 1453 1451 1393 1394 1392 1452 1394 1452 1454 1453 1393 1395 1455 1453 1395 1396 1457 1458 1454 1457 1396 1394 1454 1396 1455 1461 1460 1397 1461 1455 1395 1397 1455 1399 1396 1458 1461 1397 1401 1399 1458 1398 1398 1458 1456 1398 1456 1462 1465 1398 1462 1465 1403 1398 1461 1401 1459 1459 1401 1400 1459 1400 1463 1405 1463 1400 1405 1467 1463 1403 1465 1402 1465 1464 1402 1469 1402 1464 1469 1407 1402 1467 1405 1466 1405 1404 1466 1409 1466 1404 1409 1471 1466 1407 1469 1406 1469 1468 1406 1472 1406 1468 1472 1411 1406 1471 1409 1470 1409 1408 1470 1413 1470 1408 1413 1479 1470 1475 1410 1474 1474 1410 1411 1474 1411 1472 1414 1410 1475 1412 1478 1413 1413 1478 1477 1413 1477 1479 1478 1412 1419 1480 1475 1473 1414 1475 1480 1415 1414 1480 1481 1416 1415 1481 1415 1480 1482 1417 1416 1482 1416 1481 1483 1418 1417 1483 1417 1482 1419 1476 1478 1483 1476 1419 1418 1483 1419 1427 1425 1426 1428 1430 1429 1444 1442 1443 1445 1447 1446 1458 1457 1456 1460 1461 1459 1475 1474 1473 1477 1478 1476 1425 1420 1486 1488 1420 1421 1488 1486 1420 1490 1421 1422 1490 1488 1421 1492 1422 1423 1492 1490 1422 1492 1423 1428 1432 1424 1497 1424 1495 1497 1484 1495 1424 1426 1484 1424 1425 1486 1426 1426 1486 1485 1426 1485 1484 1492 1428 1491 1491 1428 1429 1491 1429 1493 1493 1500 1498 1431 1500 1493 1429 1431 1493 1500 1431 1434 1432 1497 1433 1433 1497 1496 1433 1496 1494 1502 1433 1494 1502 1436 1433 1500 1434 1499 1499 1434 1435 1499 1435 1501 1438 1501 1435 1438 1503 1501 1506 1437 1504 1504 1437 1436 1504 1436 1502 1440 1437 1506 1439 1509 1438 1438 1509 1507 1438 1507 1503 1509 1439 1441 1510 1506 1505 1440 1506 1510 1442 1440 1510 1441 1508 1509 1511 1508 1441 1445 1511 1441 1513 1443 1512 1512 1443 1442 1512 1442 1510 1448 1443 1513 1446 1515 1445 1445 1515 1514 1445 1514 1511 1515 1446 1449 1450 1513 1517 1450 1448 1513 1519 1449 1451 1519 1515 1449 1452 1517 1521 1452 1450 1517 1523 1451 1453 1523 1519 1451 1454 1521 1525 1454 1452 1521 1527 1453 1455 1527 1523 1453 1457 1454 1525 1527 1455 1460 1457 1525 1456 1456 1525 1524 1456 1524 1528 1462 1531 1532 1528 1531 1462 1456 1528 1462 1527 1460 1526 1526 1460 1459 1526 1459 1529 1529 1535 1534 1463 1535 1529 1459 1463 1529 1465 1462 1532 1535 1463 1467 1465 1532 1464 1464 1532 1530 1464 1530 1536 1538 1464 1536 1538 1469 1464 1535 1467 1533 1533 1467 1466 1533 1466 1537 1471 1537 1466 1471 1545 1537 1541 1468 1540 1540 1468 1469 1540 1469 1538 1472 1468 1541 1470 1544 1471 1471 1544 1543 1471 1543 1545 1544 1470 1479 1546 1541 1539 1472 1541 1546 1474 1472 1546 1548 1473 1547 1547 1473 1474 1547 1474 1546 1480 1473 1548 1476 1554 1477 1477 1554 1553 1477 1553 1555 1554 1476 1483 1479 1542 1544 1555 1542 1479 1477 1555 1479 1548 1481 1480 1548 1550 1481 1550 1482 1481 1550 1552 1482 1552 1483 1482 1552 1554 1483 1486 1488 1485 1488 1487 1485 1488 1490 1487 1490 1489 1487 1490 1492 1489 1492 1491 1489 1497 1495 1496 1498 1500 1499 1506 1504 1505 1507 1509 1508 1512 1516 1513 1516 1517 1513 1515 1519 1514 1519 1518 1514 1516 1520 1517 1520 1521 1517 1519 1523 1518 1523 1522 1518 1520 1524 1521 1524 1525 1521 1523 1527 1522 1527 1526 1522 1532 1531 1530 1534 1535 1533 1541 1540 1539 1543 1544 1542 1550 1548 1549 1548 1547 1549 1552 1550 1551 1550 1549 1551 1554 1552 1553 1552 1551 1553 1495 1484 1563 1484 1561 1563 1556 1561 1484 1485 1556 1484 1485 1487 1557 1556 1485 1557 1487 1489 1558 1557 1487 1558 1489 1491 1559 1558 1489 1559 1559 1566 1564 1493 1566 1559 1491 1493 1559 1566 1493 1498 1502 1494 1570 1494 1568 1570 1560 1568 1494 1496 1560 1494 1495 1563 1496 1496 1563 1562 1496 1562 1560 1566 1498 1565 1565 1498 1499 1565 1499 1567 1567 1573 1571 1501 1573 1567 1499 1501 1567 1573 1501 1503 1574 1570 1569 1502 1570 1574 1504 1502 1574 1503 1572 1573 1575 1572 1503 1507 1575 1503 1578 1505 1576 1576 1505 1504 1576 1504 1574 1510 1505 1578 1508 1581 1507 1507 1581 1579 1507 1579 1575 1581 1508 1511 1582 1578 1577 1510 1578 1582 1512 1510 1582 1511 1580 1581 1583 1580 1511 1514 1583 1511 1516 1512 1582 1516 1582 1584 1583 1514 1518 1585 1583 1518 1520 1516 1584 1520 1584 1586 1585 1518 1522 1587 1585 1522 1524 1520 1586 1524 1586 1588 1587 1522 1526 1589 1587 1526 1528 1591 1592 1588 1591 1528 1524 1588 1528 1589 1595 1594 1529 1595 1589 1526 1529 1589 1531 1528 1592 1595 1529 1534 1531 1592 1530 1530 1592 1590 1530 1590 1596 1536 1599 1600 1596 1599 1536 1530 1596 1536 1595 1534 1593 1593 1534 1533 1593 1533 1597 1597 1603 1602 1537 1603 1597 1533 1537 1597 1538 1536 1600 1603 1537 1545 1604 1600 1598 1538 1600 1604 1540 1538 1604 1607 1539 1606 1606 1539 1540 1606 1540 1604 1546 1539 1607 1542 1610 1543 1543 1610 1609 1543 1609 1611 1610 1542 1555 1545 1601 1603 1611 1601 1545 1543 1611 1545 1612 1607 1605 1546 1607 1612 1547 1546 1612 1613 1549 1547 1613 1547 1612 1614 1551 1549 1614 1549 1613 1615 1553 1551 1615 1551 1614 1555 1608 1610 1615 1608 1555 1553 1615 1555 1563 1561 1562 1564 1566 1565 1570 1568 1569 1571 1573 1572 1578 1576 1577 1579 1581 1580 1592 1591 1590 1594 1595 1593 1600 1599 1598 1602 1603 1601 1607 1606 1605 1609 1610 1608 1561 1556 1617 1619 1556 1557 1619 1617 1556 1621 1557 1558 1621 1619 1557 1623 1558 1559 1623 1621 1558 1623 1559 1564 1568 1560 1624 1627 1560 1562 1627 1624 1560 1627 1562 1625 1562 1561 1625 1625 1561 1616 1616 1561 1617 1622 1630 1628 1622 1565 1630 1623 1565 1622 1564 1565 1623 1631 1565 1567 1631 1630 1565 1631 1567 1571 1624 1569 1568 1632 1569 1624 1635 1632 1624 1574 1569 1632 1639 1571 1572 1631 1571 1639 1638 1631 1639 1639 1572 1575 1576 1632 1642 1576 1574 1632 1645 1575 1579 1645 1639 1575 1647 1577 1646 1577 1576 1646 1646 1576 1641 1641 1576 1642 1582 1577 1647 1644 1649 1648 1644 1580 1649 1645 1580 1644 1579 1580 1645 1649 1580 1583 1584 1647 1651 1584 1582 1647 1653 1583 1585 1653 1649 1583 1586 1651 1655 1586 1584 1651 1657 1585 1587 1657 1653 1585 1588 1655 1659 1588 1586 1655 1661 1587 1589 1661 1657 1587 1591 1588 1659 1661 1589 1594 1664 1590 1663 1590 1591 1663 1663 1591 1658 1658 1591 1659 1596 1664 1668 1596 1590 1664 1666 1660 1667 1660 1661 1667 1667 1661 1593 1593 1661 1594 1675 1593 1597 1675 1667 1593 1599 1596 1668 1675 1597 1602 1668 1598 1599 1676 1598 1668 1671 1676 1668 1604 1598 1676 1683 1602 1601 1675 1602 1683 1674 1675 1683 1683 1601 1611 1676 1606 1604 1676 1679 1606 1685 1605 1684 1605 1606 1684 1684 1606 1677 1677 1606 1679 1612 1605 1685 1690 1680 1691 1680 1682 1691 1691 1682 1608 1608 1682 1609 1691 1608 1615 1682 1611 1609 1682 1683 1611 1685 1613 1612 1685 1687 1613 1687 1614 1613 1687 1689 1614 1689 1615 1614 1689 1691 1615 1617 1619 1616 1619 1618 1616 1619 1621 1618 1621 1620 1618 1621 1623 1620 1623 1622 1620 1626 1633 1627 1627 1633 1635 1627 1635 1624 1627 1625 1626 1628 1630 1629 1636 1629 1638 1638 1629 1630 1638 1630 1631 1634 1640 1635 1635 1640 1642 1635 1642 1632 1635 1633 1634 1636 1638 1637 1643 1637 1645 1645 1637 1638 1645 1638 1639 1642 1640 1641 1643 1645 1644 1646 1650 1647 1650 1651 1647 1649 1653 1648 1653 1652 1648 1650 1654 1651 1654 1655 1651 1653 1657 1652 1657 1656 1652 1654 1658 1655 1658 1659 1655 1657 1661 1656 1661 1660 1656 1664 1663 1662 1662 1670 1664 1664 1670 1671 1664 1671 1668 1666 1667 1665 1673 1665 1674 1674 1665 1667 1674 1667 1675 1671 1670 1669 1669 1678 1671 1671 1678 1679 1671 1679 1676 1673 1674 1672 1681 1672 1682 1682 1672 1674 1682 1674 1683 1679 1678 1677 1681 1682 1680 1687 1685 1686 1685 1684 1686 1689 1687 1688 1687 1686 1688 1691 1689 1690 1689 1688 1690 1625 1616 1692 1693 1616 1618 1693 1692 1616 1694 1618 1620 1694 1693 1618 1695 1620 1622 1695 1694 1620 1695 1622 1628 1692 1626 1625 1696 1626 1692 1698 1696 1692 1633 1626 1696 1705 1628 1629 1695 1628 1705 1704 1695 1705 1705 1629 1636 1696 1634 1633 1706 1634 1696 1709 1706 1696 1640 1634 1706 1713 1636 1637 1705 1636 1713 1712 1705 1713 1713 1637 1643 1706 1641 1640 1714 1641 1706 1716 1714 1706 1646 1641 1714 1719 1643 1644 1713 1643 1719 1718 1713 1719 1719 1644 1648 1650 1714 1720 1650 1646 1714 1725 1648 1652 1725 1719 1648 1654 1720 1726 1654 1650 1720 1731 1652 1656 1731 1725 1652 1658 1726 1732 1658 1654 1726 1737 1656 1660 1737 1731 1656 1663 1658 1732 1737 1660 1666 1732 1662 1663 1738 1662 1732 1734 1738 1732 1670 1662 1738 1745 1666 1665 1737 1666 1745 1736 1737 1745 1745 1665 1673 1738 1669 1670 1746 1669 1738 1741 1746 1738 1678 1669 1746 1755 1673 1672 1745 1673 1755 1744 1745 1755 1755 1672 1681 1746 1677 1678 1756 1677 1746 1748 1756 1746 1684 1677 1756 1759 1681 1680 1755 1681 1759 1754 1755 1759 1759 1680 1690 1756 1686 1684 1756 1757 1686 1757 1688 1686 1757 1758 1688 1758 1690 1688 1758 1759 1690 1692 1693 1700 1692 1700 1698 1693 1694 1702 1693 1702 1700 1694 1695 1704 1694 1704 1702 1697 1707 1698 1698 1707 1709 1698 1709 1696 1698 1700 1697 1700 1699 1697 1700 1702 1699 1702 1701 1699 1702 1704 1701 1704 1703 1701 1710 1703 1712 1712 1703 1704 1712 1704 1705 1708 1715 1709 1709 1715 1716 1709 1716 1706 1709 1707 1708 1710 1712 1711 1717 1711 1718 1718 1711 1712 1718 1712 1713 1714 1716 1722 1714 1722 1720 1715 1721 1716 1721 1722 1716 1718 1724 1717 1724 1723 1717 1718 1719 1725 1718 1725 1724 1720 1722 1728 1720 1728 1726 1721 1727 1722 1727 1728 1722 1724 1730 1723 1730 1729 1723 1724 1725 1731 1724 1731 1730 1726 1728 1734 1726 1734 1732 1727 1733 1728 1733 1734 1728 1730 1736 1729 1736 1735 1729 1730 1731 1737 1730 1737 1736 1733 1740 1734 1734 1740 1741 1734 1741 1738 1743 1735 1744 1744 1735 1736 1744 1736 1745 1741 1740 1739 1739 1747 1741 1741 1747 1748 1741 1748 1746 1743 1744 1742 1753 1742 1754 1754 1742 1744 1754 1744 1755 1750 1748 1749 1748 1747 1749 1748 1750 1757 1748 1757 1756 1752 1750 1751 1750 1749 1751 1750 1752 1758 1750 1758 1757 1754 1752 1753 1752 1751 1753 1752 1754 1759 1752 1759 1758 1707 1697 1760 1761 1697 1699 1761 1760 1697 1762 1699 1701 1762 1761 1699 1763 1701 1703 1763 1762 1701 1763 1703 1710 1760 1708 1707 1764 1708 1760 1765 1764 1760 1715 1708 1764 1769 1710 1711 1763 1710 1769 1768 1763 1769 1769 1711 1717 1721 1764 1770 1721 1715 1764 1775 1717 1723 1775 1769 1717 1727 1770 1776 1727 1721 1770 1781 1723 1729 1781 1775 1723 1733 1776 1782 1733 1727 1776 1787 1729 1735 1787 1781 1729 1740 1733 1782 1787 1735 1743 1782 1739 1740 1788 1739 1782 1783 1788 1782 1747 1739 1788 1791 1743 1742 1787 1743 1791 1786 1787 1791 1791 1742 1753 1788 1749 1747 1788 1789 1749 1789 1751 1749 1789 1790 1751 1790 1753 1751 1790 1791 1753 1760 1761 1766 1760 1766 1765 1761 1762 1767 1761 1767 1766 1762 1763 1768 1762 1768 1767 1764 1765 1771 1764 1771 1770 1765 1766 1772 1765 1772 1771 1766 1767 1773 1766 1773 1772 1767 1768 1774 1767 1774 1773 1768 1769 1775 1768 1775 1774 1770 1771 1777 1770 1777 1776 1771 1772 1778 1771 1778 1777 1772 1773 1779 1772 1779 1778 1773 1774 1780 1773 1780 1779 1774 1775 1781 1774 1781 1780 1776 1777 1783 1776 1783 1782 1777 1778 1784 1777 1784 1783 1778 1779 1785 1778 1785 1784 1779 1780 1786 1779 1786 1785 1780 1781 1787 1780 1787 1786 1783 1784 1789 1783 1789 1788 1784 1785 1790 1784 1790 1789 1785 1786 1791 1785 1791 1790" solid="false" colorPerVertex="false">
     <Coordinate point="-0.0610597 -0.101766 -0.633332 -0.0203538 -0.101766 -0.639095 0.0203521 -0.101766 -0.639095 0.061058 -0.101766 -0.633332 -0.101766 -0.0610597 -0.633332 -0.0610597 -0.0610597 -0.644627 -0.0203538 -0.0610597 -0.649938 0.0203521 -0.0610597 -0.649938 0.061058 -0.0610597 -0.644627 0.101764 -0.0610597 -0.633332 -0.101766 -0.0203538 -0.639095 -0.0610597 -0.0203538 -0.649938 -0.0203538 -0.0203538 -0.655034 0.0203521 -0.0203538 -0.655034 0.061058 -0.0203538 -0.649938 0.101764 -0.0203538 -0.639095 -0.101766 0.0203521 -0.639095 -0.0610597 0.0203521 -0.649938 -0.0203538 0.0203521 -0.655034 0.0203521 0.0203521 -0.655034 0.061058 0.0203521 -0.649938 0.101764 0.0203521 -0.639095 -0.101766 0.061058 -0.633332 -0.0610597 0.061058 -0.644627 -0.0203538 0.061058 -0.649938 0.0203521 0.061058 -0.649938 0.061058 0.061058 -0.644627 0.101764 0.061058 -0.633332 -0.0610597 0.101764 -0.633332 -0.0203538 0.101764 -0.639095 0.0203521 0.101764 -0.639095 0.061058 0.101764 -0.633332 -0.0610597 -0.183177 -0.59084 -0.0203538 -0.183177 -0.597757 0.0203521 -0.183177 -0.597757 0.061058 -0.183177 -0.59084 -0.101766 -0.142471 -0.604354 -0.0610597 -0.107432 -0.630942 -0.0610597 -0.142471 -0.616644 -0.0203538 -0.121222 -0.630942 -0.0203538 -0.142471 -0.622362 0.0203521 -0.121222 -0.630942 0.0203521 -0.142471 -0.622362 0.061058 -0.107432 -0.630942 0.061058 -0.142471 -0.616644 0.101764 -0.142471 -0.604354 -0.142471 -0.101766 -0.604354 -0.0694454 -0.101766 -0.630942 -0.101766 -0.0694454 -0.630942 -0.101766 -0.101766 -0.622362 0.0694437 -0.101766 -0.630942 0.101764 -0.0694454 -0.630942 0.101764 -0.101766 -0.622362 0.14247 -0.101766 -0.604354 -0.183177 -0.0610597 -0.59084 -0.107432 -0.0610597 -0.630942 -0.142471 -0.0610597 -0.616644 0.10743 -0.0610597 -0.630942 0.14247 -0.0610597 -0.616644 0.183176 -0.0610597 -0.59084 -0.183177 -0.0203538 -0.597757 -0.121222 -0.0203538 -0.630942 -0.142471 -0.0203538 -0.622362 0.121221 -0.0203538 -0.630942 0.14247 -0.0203538 -0.622362 0.183176 -0.0203538 -0.597757 -0.183177 0.0203521 -0.597757 -0.121222 0.0203521 -0.630942 -0.142471 0.0203521 -0.622362 0.121221 0.0203521 -0.630942 0.14247 0.0203521 -0.622362 0.183176 0.0203521 -0.597757 -0.183177 0.061058 -0.59084 -0.107432 0.061058 -0.630942 -0.142471 0.061058 -0.616644 0.10743 0.061058 -0.630942 0.14247 0.061058 -0.616644 0.183176 0.061058 -0.59084 -0.142471 0.101764 -0.604354 -0.0694454 0.101764 -0.630942 -0.101766 0.0694437 -0.630942 -0.101766 0.101764 -0.622362 0.0694437 0.101764 -0.630942 0.101764 0.0694437 -0.630942 0.101764 0.101764 -0.622362 0.14247 0.101764 -0.604354 -0.101766 0.14247 -0.604354 -0.0610597 0.10743 -0.630942 -0.0610597 0.14247 -0.616644 -0.0203538 0.121221 -0.630942 -0.0203538 0.14247 -0.622362 0.0203521 0.121221 -0.630942 0.0203521 0.14247 -0.622362 0.061058 0.10743 -0.630942 0.061058 0.14247 -0.616644 0.101764 0.14247 -0.604354 -0.0610597 0.183176 -0.59084 -0.0203538 0.183176 -0.597757 0.0203521 0.183176 -0.597757 0.061058 0.183176 -0.59084 -0.0610597 -0.183921 -0.590236 -0.0610597 -0.223883 -0.553409 -0.0203538 -0.192516 -0.590236 -0.0203538 -0.223883 -0.561767 0.0203521 -0.192516 -0.590236 0.0203521 -0.223883 -0.561767 0.061058 -0.183921 -0.590236 0.061058 -0.223883 -0.553409 -0.142471 -0.183177 -0.553409 -0.0628406 -0.183177 -0.590236 -0.101766 -0.164278 -0.590236 -0.101766 -0.183177 -0.577111 0.0628389 -0.183177 -0.590236 0.101764 -0.164278 -0.590236 0.101764 -0.183177 -0.577111 0.14247 -0.183177 -0.553409 -0.183177 -0.142471 -0.553409 -0.130431 -0.142471 -0.590236 -0.142471 -0.130431 -0.590236 -0.142471 -0.142471 -0.584146 0.130429 -0.142471 -0.590236 0.14247 -0.130431 -0.590236 0.14247 -0.142471 -0.584146 0.183176 -0.142471 -0.553409 -0.164278 -0.101766 -0.590236 -0.183177 -0.0628406 -0.590236 -0.183177 -0.101766 -0.577111 0.164277 -0.101766 -0.590236 0.183176 -0.0628406 -0.590236 0.183176 -0.101766 -0.577111 -0.183921 -0.0610597 -0.590236 -0.223883 -0.0610597 -0.553409 0.183919 -0.0610597 -0.590236 0.223882 -0.0610597 -0.553409 -0.192516 -0.0203538 -0.590236 -0.223883 -0.0203538 -0.561767 0.192515 -0.0203538 -0.590236 0.223882 -0.0203538 -0.561767 -0.192516 0.0203521 -0.590236 -0.223883 0.0203521 -0.561767 0.192515 0.0203521 -0.590236 0.223882 0.0203521 -0.561767 -0.183921 0.061058 -0.590236 -0.223883 0.061058 -0.553409 0.183919 0.061058 -0.590236 0.223882 0.061058 -0.553409 -0.164278 0.101764 -0.590236 -0.183177 0.0628389 -0.590236 -0.183177 0.101764 -0.577111 0.164277 0.101764 -0.590236 0.183176 0.0628389 -0.590236 0.183176 0.101764 -0.577111 -0.183177 0.14247 -0.553409 -0.130431 0.14247 -0.590236 -0.142471 0.130429 -0.590236 -0.142471 0.14247 -0.584146 0.130429 0.14247 -0.590236 0.14247 0.130429 -0.590236 0.14247 0.14247 -0.584146 0.183176 0.14247 -0.553409 -0.142471 0.183176 -0.553409 -0.0628406 0.183176 -0.590236 -0.101766 0.164277 -0.590236 -0.101766 0.183176 -0.577111 0.0628389 0.183176 -0.590236 0.101764 0.164277 -0.590236 0.101764 0.183176 -0.577111 0.14247 0.183176 -0.553409 -0.0610597 0.183919 -0.590236 -0.0610597 0.223882 -0.553409 -0.0203538 0.192515 -0.590236 -0.0203538 0.223882 -0.561767 0.0203521 0.192515 -0.590236 0.0203521 0.223882 -0.561767 0.061058 0.183919 -0.590236 0.061058 0.223882 -0.553409 -0.0610597 -0.227166 -0.54953 -0.0203538 -0.234381 -0.54953 0.0203521 -0.234381 -0.54953 0.061058 -0.227166 -0.54953 -0.142471 -0.187059 -0.54953 -0.070339 -0.223883 -0.54953 -0.101766 -0.211891 -0.54953 -0.101766 -0.223883 -0.535215 0.0703372 -0.223883 -0.54953 0.101764 -0.211891 -0.54953 0.101764 -0.223883 -0.535215 0.14247 -0.187059 -0.54953 -0.147253 -0.183177 -0.54953 -0.183177 -0.147253 -0.54953 -0.183177 -0.183177 -0.514207 0.147251 -0.183177 -0.54953 0.183176 -0.147253 -0.54953 0.183176 -0.183177 -0.514207 -0.187059 -0.142471 -0.54953 0.187058 -0.142471 -0.54953 -0.211891 -0.101766 -0.54953 -0.223883 -0.070339 -0.54953 -0.223883 -0.101766 -0.535215 0.211889 -0.101766 -0.54953 0.223882 -0.070339 -0.54953 0.223882 -0.101766 -0.535215 -0.227166 -0.0610597 -0.54953 0.227165 -0.0610597 -0.54953 -0.234381 -0.0203538 -0.54953 0.23438 -0.0203538 -0.54953 -0.234381 0.0203521 -0.54953 0.23438 0.0203521 -0.54953 -0.227166 0.061058 -0.54953 0.227165 0.061058 -0.54953 -0.211891 0.101764 -0.54953 -0.223883 0.0703372 -0.54953 -0.223883 0.101764 -0.535215 0.211889 0.101764 -0.54953 0.223882 0.0703372 -0.54953 0.223882 0.101764 -0.535215 -0.187059 0.14247 -0.54953 0.187058 0.14247 -0.54953 -0.147253 0.183176 -0.54953 -0.183177 0.147251 -0.54953 -0.183177 0.183176 -0.514207 0.147251 0.183176 -0.54953 0.183176 0.147251 -0.54953 0.183176 0.183176 -0.514207 -0.142471 0.187058 -0.54953 -0.070339 0.223882 -0.54953 -0.101766 0.211889 -0.54953 -0.101766 0.223882 -0.535215 0.0703372 0.223882 -0.54953 0.101764 0.211889 -0.54953 0.101764 0.223882 -0.535215 0.14247 0.187058 -0.54953 -0.0610597 0.227165 -0.54953 -0.0203538 0.23438 -0.54953 0.0203521 0.23438 -0.54953 0.061058 0.227165 -0.54953 -0.101766 -0.2416 -0.508825 -0.0610597 -0.254947 -0.508825 -0.0610597 -0.264589 -0.486951 -0.0203538 -0.261297 -0.508825 -0.0203538 -0.264589 -0.501628 0.0203521 -0.261297 -0.508825 0.0203521 -0.264589 -0.501628 0.061058 -0.254947 -0.508825 0.061058 -0.264589 -0.486951 0.101764 -0.2416 -0.508825 -0.183177 -0.187274 -0.508825 -0.135541 -0.223883 -0.508825 -0.142471 -0.219864 -0.508825 -0.142471 -0.223883 -0.501628 0.13554 -0.223883 -0.508825 0.14247 -0.219864 -0.508825 0.14247 -0.223883 -0.501628 0.183176 -0.187274 -0.508825 -0.187274 -0.183177 -0.508825 0.187272 -0.183177 -0.508825 -0.219864 -0.142471 -0.508825 -0.223883 -0.135541 -0.508825 -0.223883 -0.142471 -0.501628 0.219862 -0.142471 -0.508825 0.223882 -0.135541 -0.508825 0.223882 -0.142471 -0.501628 -0.2416 -0.101766 -0.508825 0.241598 -0.101766 -0.508825 -0.254947 -0.0610597 -0.508825 -0.264589 -0.0610597 -0.486951 0.254946 -0.0610597 -0.508825 0.264587 -0.0610597 -0.486951 -0.261297 -0.0203538 -0.508825 -0.264589 -0.0203538 -0.501628 0.261295 -0.0203538 -0.508825 0.264587 -0.0203538 -0.501628 -0.261297 0.0203521 -0.508825 -0.264589 0.0203521 -0.501628 0.261295 0.0203521 -0.508825 0.264587 0.0203521 -0.501628 -0.254947 0.061058 -0.508825 -0.264589 0.061058 -0.486951 0.254946 0.061058 -0.508825 0.264587 0.061058 -0.486951 -0.2416 0.101764 -0.508825 0.241598 0.101764 -0.508825 -0.219864 0.14247 -0.508825 -0.223883 0.13554 -0.508825 -0.223883 0.14247 -0.501628 0.219862 0.14247 -0.508825 0.223882 0.13554 -0.508825 0.223882 0.14247 -0.501628 -0.187274 0.183176 -0.508825 0.187272 0.183176 -0.508825 -0.183177 0.187272 -0.508825 -0.135541 0.223882 -0.508825 -0.142471 0.219862 -0.508825 -0.142471 0.223882 -0.501628 0.13554 0.223882 -0.508825 0.14247 0.219862 -0.508825 0.14247 0.223882 -0.501628 0.183176 0.187272 -0.508825 -0.101766 0.241598 -0.508825 -0.0610597 0.254946 -0.508825 -0.0610597 0.264587 -0.486951 -0.0203538 0.261295 -0.508825 -0.0203538 0.264587 -0.501628 0.0203521 0.261295 -0.508825 0.0203521 0.264587 -0.501628 0.061058 0.254946 -0.508825 0.061058 0.264587 -0.486951 0.101764 0.241598 -0.508825 -0.0610597 -0.271935 -0.468119 -0.0203538 -0.27813 -0.468119 0.0203521 -0.27813 -0.468119 0.061058 -0.271935 -0.468119 -0.142471 -0.239417 -0.468119 -0.0846693 -0.264589 -0.468119 -0.101766 -0.259291 -0.468119 -0.101766 -0.264589 -0.443151 0.0846676 -0.264589 -0.468119 0.101764 -0.259291 -0.468119 0.101764 -0.264589 -0.443151 0.14247 -0.239417 -0.468119 -0.164991 -0.223883 -0.468119 -0.183177 -0.209597 -0.468119 0.164989 -0.223883 -0.468119 0.183176 -0.209597 -0.468119 -0.209597 -0.183177 -0.468119 -0.223883 -0.164991 -0.468119 0.209595 -0.183177 -0.468119 0.223882 -0.164991 -0.468119 -0.239417 -0.142471 -0.468119 0.239415 -0.142471 -0.468119 -0.259291 -0.101766 -0.468119 -0.264589 -0.0846693 -0.468119 -0.264589 -0.101766 -0.443151 0.25929 -0.101766 -0.468119 0.264587 -0.0846693 -0.468119 0.264587 -0.101766 -0.443151 -0.271935 -0.0610597 -0.468119 0.271933 -0.0610597 -0.468119 -0.27813 -0.0203538 -0.468119 0.278128 -0.0203538 -0.468119 -0.27813 0.0203521 -0.468119 0.278128 0.0203521 -0.468119 -0.271935 0.061058 -0.468119 0.271933 0.061058 -0.468119 -0.259291 0.101764 -0.468119 -0.264589 0.0846676 -0.468119 -0.264589 0.101764 -0.443151 0.25929 0.101764 -0.468119 0.264587 0.0846676 -0.468119 0.264587 0.101764 -0.443151 -0.239417 0.14247 -0.468119 0.239415 0.14247 -0.468119 -0.209597 0.183176 -0.468119 -0.223883 0.164989 -0.468119 0.209595 0.183176 -0.468119 0.223882 0.164989 -0.468119 -0.164991 0.223882 -0.468119 -0.183177 0.209595 -0.468119 0.164989 0.223882 -0.468119 0.183176 0.209595 -0.468119 -0.142471 0.239415 -0.468119 -0.0846693 0.264587 -0.468119 -0.101766 0.25929 -0.468119 -0.101766 0.264587 -0.443151 0.0846676 0.264587 -0.468119 0.101764 0.25929 -0.468119 0.101764 0.264587 -0.443151 0.14247 0.239415 -0.468119 -0.0610597 0.271933 -0.468119 -0.0203538 0.278128 -0.468119 0.0203521 0.278128 -0.468119 0.061058 0.271933 -0.468119 -0.101766 -0.267676 -0.427413 -0.0610597 -0.280213 -0.427413 -0.0203538 -0.286134 -0.427413 0.0203521 -0.286134 -0.427413 0.061058 -0.280213 -0.427413 0.101764 -0.267676 -0.427413 -0.108459 -0.264589 -0.427413 -0.142471 -0.248563 -0.427413 0.108458 -0.264589 -0.427413 0.14247 -0.248563 -0.427413 -0.178141 -0.223883 -0.427413 -0.183177 -0.219934 -0.427413 0.178139 -0.223883 -0.427413 0.183176 -0.219934 -0.427413 -0.219934 -0.183177 -0.427413 -0.223883 -0.178141 -0.427413 0.219932 -0.183177 -0.427413 0.223882 -0.178141 -0.427413 -0.248563 -0.142471 -0.427413 -0.264589 -0.108459 -0.427413 0.248561 -0.142471 -0.427413 0.264587 -0.108459 -0.427413 -0.267676 -0.101766 -0.427413 0.267674 -0.101766 -0.427413 -0.280213 -0.0610597 -0.427413 0.280211 -0.0610597 -0.427413 -0.286134 -0.0203538 -0.427413 0.286132 -0.0203538 -0.427413 -0.286134 0.0203521 -0.427413 0.286132 0.0203521 -0.427413 -0.280213 0.061058 -0.427413 0.280211 0.061058 -0.427413 -0.267676 0.101764 -0.427413 0.267674 0.101764 -0.427413 -0.248563 0.14247 -0.427413 -0.264589 0.108458 -0.427413 0.248561 0.14247 -0.427413 0.264587 0.108458 -0.427413 -0.219934 0.183176 -0.427413 -0.223883 0.178139 -0.427413 0.219932 0.183176 -0.427413 0.223882 0.178139 -0.427413 -0.178141 0.223882 -0.427413 -0.183177 0.219932 -0.427413 0.178139 0.223882 -0.427413 0.183176 0.219932 -0.427413 -0.108459 0.264587 -0.427413 -0.142471 0.248561 -0.427413 0.108458 0.264587 -0.427413 0.14247 0.248561 -0.427413 -0.101766 0.267674 -0.427413 -0.0610597 0.280211 -0.427413 -0.0203538 0.286132 -0.427413 0.0203521 0.286132 -0.427413 0.061058 0.280211 -0.427413 0.101764 0.267674 -0.427413 -0.101766 -0.267711 -0.386707 -0.0610597 -0.280335 -0.386707 -0.0203538 -0.286264 -0.386707 0.0203521 -0.286264 -0.386707 0.061058 -0.280335 -0.386707 0.101764 -0.267711 -0.386707 -0.108489 -0.264589 -0.386707 -0.142471 -0.24867 -0.386707 0.108487 -0.264589 -0.386707 0.14247 -0.24867 -0.386707 -0.178173 -0.223883 -0.386707 -0.183177 -0.219966 -0.386707 0.178171 -0.223883 -0.386707 0.183176 -0.219966 -0.386707 -0.219966 -0.183177 -0.386707 -0.223883 -0.178173 -0.386707 0.219965 -0.183177 -0.386707 0.223882 -0.178173 -0.386707 -0.24867 -0.142471 -0.386707 -0.264589 -0.108489 -0.386707 0.248669 -0.142471 -0.386707 0.264587 -0.108489 -0.386707 -0.267711 -0.101766 -0.386707 0.267709 -0.101766 -0.386707 -0.280335 -0.0610597 -0.386707 0.280333 -0.0610597 -0.386707 -0.286264 -0.0203538 -0.386707 0.286262 -0.0203538 -0.386707 -0.286264 0.0203521 -0.386707 0.286262 0.0203521 -0.386707 -0.280335 0.061058 -0.386707 0.280333 0.061058 -0.386707 -0.267711 0.101764 -0.386707 0.267709 0.101764 -0.386707 -0.24867 0.14247 -0.386707 -0.264589 0.108487 -0.386707 0.248669 0.14247 -0.386707 0.264587 0.108487 -0.386707 -0.219966 0.183176 -0.386707 -0.223883 0.178171 -0.386707 0.219965 0.183176 -0.386707 0.223882 0.178171 -0.386707 -0.178173 0.223882 -0.386707 -0.183177 0.219965 -0.386707 0.178171 0.223882 -0.386707 0.183176 0.219965 -0.386707 -0.108489 0.264587 -0.386707 -0.142471 0.248669 -0.386707 0.108487 0.264587 -0.386707 0.14247 0.248669 -0.386707 -0.101766 0.267709 -0.386707 -0.0610597 0.280333 -0.386707 -0.0203538 0.286262 -0.386707 0.0203521 0.286262 -0.386707 0.061058 0.280333 -0.386707 0.101764 0.267709 -0.386707 -0.0610597 -0.272491 -0.346001 -0.0203538 -0.27879 -0.346001 0.0203521 -0.27879 -0.346001 0.061058 -0.272491 -0.346001 -0.142471 -0.240092 -0.346001 -0.0857998 -0.264589 -0.346001 -0.101766 -0.259758 -0.346001 -0.101766 -0.264589 -0.37294 0.0857981 -0.264589 -0.346001 0.101764 -0.259758 -0.346001 0.101764 -0.264589 -0.37294 0.14247 -0.240092 -0.346001 -0.165726 -0.223883 -0.346001 -0.183177 -0.210256 -0.346001 0.165724 -0.223883 -0.346001 0.183176 -0.210256 -0.346001 -0.210256 -0.183177 -0.346001 -0.223883 -0.165726 -0.346001 0.210254 -0.183177 -0.346001 0.223882 -0.165726 -0.346001 -0.240092 -0.142471 -0.346001 0.24009 -0.142471 -0.346001 -0.259758 -0.101766 -0.346001 -0.264589 -0.0857998 -0.346001 -0.264589 -0.101766 -0.37294 0.259756 -0.101766 -0.346001 0.264587 -0.0857998 -0.346001 0.264587 -0.101766 -0.37294 -0.272491 -0.0610597 -0.346001 0.272489 -0.0610597 -0.346001 -0.27879 -0.0203538 -0.346001 0.278788 -0.0203538 -0.346001 -0.27879 0.0203521 -0.346001 0.278788 0.0203521 -0.346001 -0.272491 0.061058 -0.346001 0.272489 0.061058 -0.346001 -0.259758 0.101764 -0.346001 -0.264589 0.0857981 -0.346001 -0.264589 0.101764 -0.37294 0.259756 0.101764 -0.346001 0.264587 0.0857981 -0.346001 0.264587 0.101764 -0.37294 -0.240092 0.14247 -0.346001 0.24009 0.14247 -0.346001 -0.210256 0.183176 -0.346001 -0.223883 0.165724 -0.346001 0.210254 0.183176 -0.346001 0.223882 0.165724 -0.346001 -0.165726 0.223882 -0.346001 -0.183177 0.210254 -0.346001 0.165724 0.223882 -0.346001 0.183176 0.210254 -0.346001 -0.142471 0.24009 -0.346001 -0.0857998 0.264587 -0.346001 -0.101766 0.259756 -0.346001 -0.101766 0.264587 -0.37294 0.0857981 0.264587 -0.346001 0.101764 0.259756 -0.346001 0.101764 0.264587 -0.37294 0.14247 0.24009 -0.346001 -0.0610597 0.272489 -0.346001 -0.0203538 0.278788 -0.346001 0.0203521 0.278788 -0.346001 0.061058 0.272489 -0.346001 -0.101766 -0.244033 -0.305295 -0.0610597 -0.25705 -0.305295 -0.0610597 -0.264589 -0.327523 -0.0203538 -0.263065 -0.305295 -0.0203538 -0.264589 -0.310175 0.0203521 -0.263065 -0.305295 0.0203521 -0.264589 -0.310175 0.061058 -0.25705 -0.305295 0.061058 -0.264589 -0.327523 0.101764 -0.244033 -0.305295 -0.183177 -0.189865 -0.305295 -0.139163 -0.223883 -0.305295 -0.142471 -0.222003 -0.305295 -0.142471 -0.223883 -0.310175 0.139161 -0.223883 -0.305295 0.14247 -0.222003 -0.305295 0.14247 -0.223883 -0.310175 0.183176 -0.189865 -0.305295 -0.189865 -0.183177 -0.305295 0.189864 -0.183177 -0.305295 -0.222003 -0.142471 -0.305295 -0.223883 -0.139163 -0.305295 -0.223883 -0.142471 -0.310175 0.222001 -0.142471 -0.305295 0.223882 -0.139163 -0.305295 0.223882 -0.142471 -0.310175 -0.244033 -0.101766 -0.305295 0.244031 -0.101766 -0.305295 -0.25705 -0.0610597 -0.305295 -0.264589 -0.0610597 -0.327523 0.257049 -0.0610597 -0.305295 0.264587 -0.0610597 -0.327523 -0.263065 -0.0203538 -0.305295 -0.264589 -0.0203538 -0.310175 0.263063 -0.0203538 -0.305295 0.264587 -0.0203538 -0.310175 -0.263065 0.0203521 -0.305295 -0.264589 0.0203521 -0.310175 0.263063 0.0203521 -0.305295 0.264587 0.0203521 -0.310175 -0.25705 0.061058 -0.305295 -0.264589 0.061058 -0.327523 0.257049 0.061058 -0.305295 0.264587 0.061058 -0.327523 -0.244033 0.101764 -0.305295 0.244031 0.101764 -0.305295 -0.222003 0.14247 -0.305295 -0.223883 0.139161 -0.305295 -0.223883 0.14247 -0.310175 0.222001 0.14247 -0.305295 0.223882 0.139161 -0.305295 0.223882 0.14247 -0.310175 -0.189865 0.183176 -0.305295 0.189864 0.183176 -0.305295 -0.183177 0.189864 -0.305295 -0.139163 0.223882 -0.305295 -0.142471 0.222001 -0.305295 -0.142471 0.223882 -0.310175 0.139161 0.223882 -0.305295 0.14247 0.222001 -0.305295 0.14247 0.223882 -0.310175 0.183176 0.189864 -0.305295 -0.101766 0.244031 -0.305295 -0.0610597 0.257049 -0.305295 -0.0610597 0.264587 -0.327523 -0.0203538 0.263063 -0.305295 -0.0203538 0.264587 -0.310175 0.0203521 0.263063 -0.305295 0.0203521 0.264587 -0.310175 0.061058 0.257049 -0.305295 0.061058 0.264587 -0.327523 0.101764 0.244031 -0.305295 -0.0610597 -0.233713 -0.264589 -0.0203538 -0.240964 -0.264589 0.0203521 -0.240964 -0.264589 0.061058 -0.233713 -0.264589 -0.142471 -0.194655 -0.264589 -0.0874451 -0.223883 -0.264589 -0.101766 -0.218649 -0.264589 -0.101766 -0.223883 -0.274053 0.0874434 -0.223883 -0.264589 0.101764 -0.218649 -0.264589 0.101764 -0.223883 -0.274053 0.14247 -0.194655 -0.264589 -0.156427 -0.183177 -0.264589 -0.183177 -0.156427 -0.264589 -0.183177 -0.183177 -0.297445 0.156425 -0.183177 -0.264589 0.183176 -0.156427 -0.264589 0.183176 -0.183177 -0.297445 -0.194655 -0.142471 -0.264589 0.194653 -0.142471 -0.264589 -0.218649 -0.101766 -0.264589 -0.223883 -0.0874451 -0.264589 -0.223883 -0.101766 -0.274053 0.218647 -0.101766 -0.264589 0.223882 -0.0874451 -0.264589 0.223882 -0.101766 -0.274053 -0.233713 -0.0610597 -0.264589 0.233711 -0.0610597 -0.264589 -0.240964 -0.0203538 -0.264589 0.240962 -0.0203538 -0.264589 -0.240964 0.0203521 -0.264589 0.240962 0.0203521 -0.264589 -0.233713 0.061058 -0.264589 0.233711 0.061058 -0.264589 -0.218649 0.101764 -0.264589 -0.223883 0.0874434 -0.264589 -0.223883 0.101764 -0.274053 0.218647 0.101764 -0.264589 0.223882 0.0874434 -0.264589 0.223882 0.101764 -0.274053 -0.194655 0.14247 -0.264589 0.194653 0.14247 -0.264589 -0.156427 0.183176 -0.264589 -0.183177 0.156425 -0.264589 -0.183177 0.183176 -0.297445 0.156425 0.183176 -0.264589 0.183176 0.156425 -0.264589 0.183176 0.183176 -0.297445 -0.142471 0.194653 -0.264589 -0.0874451 0.223882 -0.264589 -0.101766 0.218647 -0.264589 -0.101766 0.223882 -0.274053 0.0874434 0.223882 -0.264589 0.101764 0.218647 -0.264589 0.101764 0.223882 -0.274053 0.14247 0.194653 -0.264589 -0.0610597 0.233711 -0.264589 -0.0203538 0.240962 -0.264589 0.0203521 0.240962 -0.264589 0.061058 0.233711 -0.264589 -0.101766 -0.183551 -0.223883 -0.0610597 -0.201366 -0.223883 -0.0610597 -0.223883 -0.253352 -0.0203538 -0.209451 -0.223883 -0.0203538 -0.223883 -0.243961 0.0203521 -0.209451 -0.223883 0.0203521 -0.223883 -0.243961 0.061058 -0.201366 -0.223883 0.061058 -0.223883 -0.253352 0.101764 -0.183551 -0.223883 -0.102352 -0.183177 -0.223883 -0.142471 -0.154072 -0.223883 -0.142471 -0.183177 -0.253352 0.10235 -0.183177 -0.223883 0.14247 -0.154072 -0.223883 0.14247 -0.183177 -0.253352 -0.154072 -0.142471 -0.223883 -0.183177 -0.102352 -0.223883 -0.183177 -0.142471 -0.253352 0.15407 -0.142471 -0.223883 0.183176 -0.102352 -0.223883 0.183176 -0.142471 -0.253352 -0.183551 -0.101766 -0.223883 0.18355 -0.101766 -0.223883 -0.201366 -0.0610597 -0.223883 -0.223883 -0.0610597 -0.253352 0.201365 -0.0610597 -0.223883 0.223882 -0.0610597 -0.253352 -0.209451 -0.0203538 -0.223883 -0.223883 -0.0203538 -0.243961 0.209449 -0.0203538 -0.223883 0.223882 -0.0203538 -0.243961 -0.209451 0.0203521 -0.223883 -0.223883 0.0203521 -0.243961 0.209449 0.0203521 -0.223883 0.223882 0.0203521 -0.243961 -0.201366 0.061058 -0.223883 -0.223883 0.061058 -0.253352 0.201365 0.061058 -0.223883 0.223882 0.061058 -0.253352 -0.183551 0.101764 -0.223883 0.18355 0.101764 -0.223883 -0.154072 0.14247 -0.223883 -0.183177 0.10235 -0.223883 -0.183177 0.14247 -0.253352 0.15407 0.14247 -0.223883 0.183176 0.10235 -0.223883 0.183176 0.14247 -0.253352 -0.102352 0.183176 -0.223883 -0.142471 0.15407 -0.223883 -0.142471 0.183176 -0.253352 0.10235 0.183176 -0.223883 0.14247 0.15407 -0.223883 0.14247 0.183176 -0.253352 -0.101766 0.18355 -0.223883 -0.0610597 0.201365 -0.223883 -0.0610597 0.223882 -0.253352 -0.0203538 0.209449 -0.223883 -0.0203538 0.223882 -0.243961 0.0203521 0.209449 -0.223883 0.0203521 0.223882 -0.243961 0.061058 0.201365 -0.223883 0.061058 0.223882 -0.253352 0.101764 0.18355 -0.223883 -0.101766 -0.183177 -0.223572 -0.0610597 -0.157975 -0.183177 -0.0610597 -0.183177 -0.207068 -0.0203538 -0.168186 -0.183177 -0.0203538 -0.183177 -0.198246 0.0203521 -0.168186 -0.183177 0.0203521 -0.183177 -0.198246 0.061058 -0.157975 -0.183177 0.061058 -0.183177 -0.207068 0.101764 -0.183177 -0.223572 -0.142471 -0.142471 -0.215497 -0.0900713 -0.142471 -0.183177 -0.101766 -0.134943 -0.183177 -0.101766 -0.142471 -0.188989 0.0900697 -0.142471 -0.183177 0.101764 -0.134943 -0.183177 0.101764 -0.142471 -0.188989 0.14247 -0.142471 -0.215497 -0.183177 -0.101766 -0.223572 -0.134943 -0.101766 -0.183177 -0.142471 -0.0900713 -0.183177 -0.142471 -0.101766 -0.188989 0.134941 -0.101766 -0.183177 0.14247 -0.0900713 -0.183177 0.14247 -0.101766 -0.188989 0.183176 -0.101766 -0.223572 -0.157975 -0.0610597 -0.183177 -0.183177 -0.0610597 -0.207068 0.157973 -0.0610597 -0.183177 0.183176 -0.0610597 -0.207068 -0.168186 -0.0203538 -0.183177 -0.183177 -0.0203538 -0.198246 0.168184 -0.0203538 -0.183177 0.183176 -0.0203538 -0.198246 -0.168186 0.0203521 -0.183177 -0.183177 0.0203521 -0.198246 0.168184 0.0203521 -0.183177 0.183176 0.0203521 -0.198246 -0.157975 0.061058 -0.183177 -0.183177 0.061058 -0.207068 0.157973 0.061058 -0.183177 0.183176 0.061058 -0.207068 -0.183177 0.101764 -0.223572 -0.134943 0.101764 -0.183177 -0.142471 0.0900697 -0.183177 -0.142471 0.101764 -0.188989 0.134941 0.101764 -0.183177 0.14247 0.0900697 -0.183177 0.14247 0.101764 -0.188989 0.183176 0.101764 -0.223572 -0.142471 0.14247 -0.215497 -0.0900713 0.14247 -0.183177 -0.101766 0.134941 -0.183177 -0.101766 0.14247 -0.188989 0.0900697 0.14247 -0.183177 0.101764 0.134941 -0.183177 0.101764 0.14247 -0.188989 0.14247 0.14247 -0.215497 -0.101766 0.183176 -0.223572 -0.0610597 0.157973 -0.183177 -0.0610597 0.183176 -0.207068 -0.0203538 0.168184 -0.183177 -0.0203538 0.183176 -0.198246 0.0203521 0.168184 -0.183177 0.0203521 0.183176 -0.198246 0.061058 0.157973 -0.183177 0.061058 0.183176 -0.207068 0.101764 0.183176 -0.223572 -0.0610597 -0.142471 -0.171555 -0.0203538 -0.113971 -0.142471 -0.0203538 -0.142471 -0.162833 0.0203521 -0.113971 -0.142471 0.0203521 -0.142471 -0.162833 0.061058 -0.142471 -0.171555 -0.101766 -0.101766 -0.162833 -0.0542749 -0.101766 -0.142471 -0.0610597 -0.0985153 -0.142471 -0.0610597 -0.101766 -0.144171 0.0542732 -0.101766 -0.142471 0.061058 -0.0985153 -0.142471 0.061058 -0.101766 -0.144171 0.101764 -0.101766 -0.162833 -0.142471 -0.0610597 -0.171555 -0.0985153 -0.0610597 -0.142471 -0.101766 -0.0542749 -0.142471 -0.101766 -0.0610597 -0.144171 0.0985135 -0.0610597 -0.142471 0.101764 -0.0542749 -0.142471 0.101764 -0.0610597 -0.144171 0.14247 -0.0610597 -0.171555 -0.113971 -0.0203538 -0.142471 -0.142471 -0.0203538 -0.162833 0.11397 -0.0203538 -0.142471 0.14247 -0.0203538 -0.162833 -0.113971 0.0203521 -0.142471 -0.142471 0.0203521 -0.162833 0.11397 0.0203521 -0.142471 0.14247 0.0203521 -0.162833 -0.142471 0.061058 -0.171555 -0.0985153 0.061058 -0.142471 -0.101766 0.0542732 -0.142471 -0.101766 0.061058 -0.144171 0.0985135 0.061058 -0.142471 0.101764 0.0542732 -0.142471 0.101764 0.061058 -0.144171 0.14247 0.061058 -0.171555 -0.101766 0.101764 -0.162833 -0.0542749 0.101764 -0.142471 -0.0610597 0.0985135 -0.142471 -0.0610597 0.101764 -0.144171 0.0542732 0.101764 -0.142471 0.061058 0.0985135 -0.142471 0.061058 0.101764 -0.144171 0.101764 0.101764 -0.162833 -0.0610597 0.14247 -0.171555 -0.0203538 0.11397 -0.142471 -0.0203538 0.14247 -0.162833 0.0203521 0.11397 -0.142471 0.0203521 0.14247 -0.162833 0.061058 0.14247 -0.171555 -0.0203538 -0.101766 -0.13431 0.0203521 -0.101766 -0.13431 -0.0610597 -0.0610597 -0.123798 -0.0203538 -0.0314355 -0.101766 -0.0203538 -0.0610597 -0.112072 0.0203521 -0.0314355 -0.101766 0.0203521 -0.0610597 -0.112072 0.061058 -0.0610597 -0.123798 -0.101766 -0.0203538 -0.13431 -0.0314355 -0.0203538 -0.101766 -0.0610597 -0.0203538 -0.112072 0.0314339 -0.0203538 -0.101766 0.061058 -0.0203538 -0.112072 0.101764 -0.0203538 -0.13431 -0.101766 0.0203521 -0.13431 -0.0314355 0.0203521 -0.101766 -0.0610597 0.0203521 -0.112072 0.0314339 0.0203521 -0.101766 0.061058 0.0203521 -0.112072 0.101764 0.0203521 -0.13431 -0.0610597 0.061058 -0.123798 -0.0203538 0.0314339 -0.101766 -0.0203538 0.061058 -0.112072 0.0203521 0.0314339 -0.101766 0.0203521 0.061058 -0.112072 0.061058 0.061058 -0.123798 -0.0203538 0.101764 -0.13431 0.0203521 0.101764 -0.13431 -0.0203538 -0.0203538 -0.0972418 0.0203521 -0.0203538 -0.0972418 -0.0203538 0.0203521 -0.0972418 0.0203521 0.0203521 -0.0972418 -0.0203538 -0.0203538 0.0972401 0.0203521 -0.0203538 0.0972401 -0.0203538 0.0203521 0.0972401 0.0203521 0.0203521 0.0972401 -0.0203538 -0.101766 0.134309 0.0203521 -0.101766 0.134309 -0.0610597 -0.0610597 0.123796 -0.0203538 -0.0314355 0.101764 -0.0203538 -0.0610597 0.11207 0.0203521 -0.0314355 0.101764 0.0203521 -0.0610597 0.11207 0.061058 -0.0610597 0.123796 -0.101766 -0.0203538 0.134309 -0.0314355 -0.0203538 0.101764 -0.0610597 -0.0203538 0.11207 0.0314339 -0.0203538 0.101764 0.061058 -0.0203538 0.11207 0.101764 -0.0203538 0.134309 -0.101766 0.0203521 0.134309 -0.0314355 0.0203521 0.101764 -0.0610597 0.0203521 0.11207 0.0314339 0.0203521 0.101764 0.061058 0.0203521 0.11207 0.101764 0.0203521 0.134309 -0.0610597 0.061058 0.123796 -0.0203538 0.0314339 0.101764 -0.0203538 0.061058 0.11207 0.0203521 0.0314339 0.101764 0.0203521 0.061058 0.11207 0.061058 0.061058 0.123796 -0.0203538 0.101764 0.134309 0.0203521 0.101764 0.134309 -0.0610597 -0.142471 0.171553 -0.0203538 -0.113971 0.14247 -0.0203538 -0.142471 0.162831 0.0203521 -0.113971 0.14247 0.0203521 -0.142471 0.162831 0.061058 -0.142471 0.171553 -0.101766 -0.101766 0.162831 -0.0542749 -0.101766 0.14247 -0.0610597 -0.0985153 0.14247 -0.0610597 -0.101766 0.14417 0.0542732 -0.101766 0.14247 0.061058 -0.0985153 0.14247 0.061058 -0.101766 0.14417 0.101764 -0.101766 0.162831 -0.142471 -0.0610597 0.171553 -0.0985153 -0.0610597 0.14247 -0.101766 -0.0542749 0.14247 -0.101766 -0.0610597 0.14417 0.0985135 -0.0610597 0.14247 0.101764 -0.0542749 0.14247 0.101764 -0.0610597 0.14417 0.14247 -0.0610597 0.171553 -0.113971 -0.0203538 0.14247 -0.142471 -0.0203538 0.162831 0.11397 -0.0203538 0.14247 0.14247 -0.0203538 0.162831 -0.113971 0.0203521 0.14247 -0.142471 0.0203521 0.162831 0.11397 0.0203521 0.14247 0.14247 0.0203521 0.162831 -0.142471 0.061058 0.171553 -0.0985153 0.061058 0.14247 -0.101766 0.0542732 0.14247 -0.101766 0.061058 0.14417 0.0985135 0.061058 0.14247 0.101764 0.0542732 0.14247 0.101764 0.061058 0.14417 0.14247 0.061058 0.171553 -0.101766 0.101764 0.162831 -0.0542749 0.101764 0.14247 -0.0610597 0.0985135 0.14247 -0.0610597 0.101764 0.14417 0.0542732 0.101764 0.14247 0.061058 0.0985135 0.14247 0.061058 0.101764 0.14417 0.101764 0.101764 0.162831 -0.0610597 0.14247 0.171553 -0.0203538 0.11397 0.14247 -0.0203538 0.14247 0.162831 0.0203521 0.11397 0.14247 0.0203521 0.14247 0.162831 0.061058 0.14247 0.171553 -0.101766 -0.183177 0.223571 -0.0610597 -0.157975 0.183176 -0.0610597 -0.183177 0.207066 -0.0203538 -0.168186 0.183176 -0.0203538 -0.183177 0.198244 0.0203521 -0.168186 0.183176 0.0203521 -0.183177 0.198244 0.061058 -0.157975 0.183176 0.061058 -0.183177 0.207066 0.101764 -0.183177 0.223571 -0.142471 -0.142471 0.215496 -0.0900713 -0.142471 0.183176 -0.101766 -0.134943 0.183176 -0.101766 -0.142471 0.188988 0.0900697 -0.142471 0.183176 0.101764 -0.134943 0.183176 0.101764 -0.142471 0.188988 0.14247 -0.142471 0.215496 -0.183177 -0.101766 0.223571 -0.134943 -0.101766 0.183176 -0.142471 -0.0900713 0.183176 -0.142471 -0.101766 0.188988 0.134941 -0.101766 0.183176 0.14247 -0.0900713 0.183176 0.14247 -0.101766 0.188988 0.183176 -0.101766 0.223571 -0.157975 -0.0610597 0.183176 -0.183177 -0.0610597 0.207066 0.157973 -0.0610597 0.183176 0.183176 -0.0610597 0.207066 -0.168186 -0.0203538 0.183176 -0.183177 -0.0203538 0.198244 0.168184 -0.0203538 0.183176 0.183176 -0.0203538 0.198244 -0.168186 0.0203521 0.183176 -0.183177 0.0203521 0.198244 0.168184 0.0203521 0.183176 0.183176 0.0203521 0.198244 -0.157975 0.061058 0.183176 -0.183177 0.061058 0.207066 0.157973 0.061058 0.183176 0.183176 0.061058 0.207066 -0.183177 0.101764 0.223571 -0.134943 0.101764 0.183176 -0.142471 0.0900697 0.183176 -0.142471 0.101764 0.188988 0.134941 0.101764 0.183176 0.14247 0.0900697 0.183176 0.14247 0.101764 0.188988 0.183176 0.101764 0.223571 -0.142471 0.14247 0.215496 -0.0900713 0.14247 0.183176 -0.101766 0.134941 0.183176 -0.101766 0.14247 0.188988 0.0900697 0.14247 0.183176 0.101764 0.134941 0.183176 0.101764 0.14247 0.188988 0.14247 0.14247 0.215496 -0.101766 0.183176 0.223571 -0.0610597 0.157973 0.183176 -0.0610597 0.183176 0.207066 -0.0203538 0.168184 0.183176 -0.0203538 0.183176 0.198244 0.0203521 0.168184 0.183176 0.0203521 0.183176 0.198244 0.061058 0.157973 0.183176 0.061058 0.183176 0.207066 0.101764 0.183176 0.223571 -0.101766 -0.183551 0.223882 -0.0610597 -0.201366 0.223882 -0.0610597 -0.223883 0.253351 -0.0203538 -0.209451 0.223882 -0.0203538 -0.223883 0.243959 0.0203521 -0.209451 0.223882 0.0203521 -0.223883 0.243959 0.061058 -0.201366 0.223882 0.061058 -0.223883 0.253351 0.101764 -0.183551 0.223882 -0.102352 -0.183177 0.223882 -0.142471 -0.154072 0.223882 -0.142471 -0.183177 0.253351 0.10235 -0.183177 0.223882 0.14247 -0.154072 0.223882 0.14247 -0.183177 0.253351 -0.154072 -0.142471 0.223882 -0.183177 -0.102352 0.223882 -0.183177 -0.142471 0.253351 0.15407 -0.142471 0.223882 0.183176 -0.102352 0.223882 0.183176 -0.142471 0.253351 -0.183551 -0.101766 0.223882 0.18355 -0.101766 0.223882 -0.201366 -0.0610597 0.223882 -0.223883 -0.0610597 0.253351 0.201365 -0.0610597 0.223882 0.223882 -0.0610597 0.253351 -0.209451 -0.0203538 0.223882 -0.223883 -0.0203538 0.243959 0.209449 -0.0203538 0.223882 0.223882 -0.0203538 0.243959 -0.209451 0.0203521 0.223882 -0.223883 0.0203521 0.243959 0.209449 0.0203521 0.223882 0.223882 0.0203521 0.243959 -0.201366 0.061058 0.223882 -0.223883 0.061058 0.253351 0.201365 0.061058 0.223882 0.223882 0.061058 0.253351 -0.183551 0.101764 0.223882 0.18355 0.101764 0.223882 -0.154072 0.14247 0.223882 -0.183177 0.10235 0.223882 -0.183177 0.14247 0.253351 0.15407 0.14247 0.223882 0.183176 0.10235 0.223882 0.183176 0.14247 0.253351 -0.102352 0.183176 0.223882 -0.142471 0.15407 0.223882 -0.142471 0.183176 0.253351 0.10235 0.183176 0.223882 0.14247 0.15407 0.223882 0.14247 0.183176 0.253351 -0.101766 0.18355 0.223882 -0.0610597 0.201365 0.223882 -0.0610597 0.223882 0.253351 -0.0203538 0.209449 0.223882 -0.0203538 0.223882 0.243959 0.0203521 0.209449 0.223882 0.0203521 0.223882 0.243959 0.061058 0.201365 0.223882 0.061058 0.223882 0.253351 0.101764 0.18355 0.223882 -0.0610597 -0.233713 0.264587 -0.0203538 -0.240964 0.264587 0.0203521 -0.240964 0.264587 0.061058 -0.233713 0.264587 -0.142471 -0.194655 0.264587 -0.0874451 -0.223883 0.264587 -0.101766 -0.218649 0.264587 -0.101766 -0.223883 0.274051 0.0874434 -0.223883 0.264587 0.101764 -0.218649 0.264587 0.101764 -0.223883 0.274051 0.14247 -0.194655 0.264587 -0.156427 -0.183177 0.264587 -0.183177 -0.156427 0.264587 -0.183177 -0.183177 0.297443 0.156425 -0.183177 0.264587 0.183176 -0.156427 0.264587 0.183176 -0.183177 0.297443 -0.194655 -0.142471 0.264587 0.194653 -0.142471 0.264587 -0.218649 -0.101766 0.264587 -0.223883 -0.0874451 0.264587 -0.223883 -0.101766 0.274051 0.218647 -0.101766 0.264587 0.223882 -0.0874451 0.264587 0.223882 -0.101766 0.274051 -0.233713 -0.0610597 0.264587 0.233711 -0.0610597 0.264587 -0.240964 -0.0203538 0.264587 0.240962 -0.0203538 0.264587 -0.240964 0.0203521 0.264587 0.240962 0.0203521 0.264587 -0.233713 0.061058 0.264587 0.233711 0.061058 0.264587 -0.218649 0.101764 0.264587 -0.223883 0.0874434 0.264587 -0.223883 0.101764 0.274051 0.218647 0.101764 0.264587 0.223882 0.0874434 0.264587 0.223882 0.101764 0.274051 -0.194655 0.14247 0.264587 0.194653 0.14247 0.264587 -0.156427 0.183176 0.264587 -0.183177 0.156425 0.264587 -0.183177 0.183176 0.297443 0.156425 0.183176 0.264587 0.183176 0.156425 0.264587 0.183176 0.183176 0.297443 -0.142471 0.194653 0.264587 -0.0874451 0.223882 0.264587 -0.101766 0.218647 0.264587 -0.101766 0.223882 0.274051 0.0874434 0.223882 0.264587 0.101764 0.218647 0.264587 0.101764 0.223882 0.274051 0.14247 0.194653 0.264587 -0.0610597 0.233711 0.264587 -0.0203538 0.240962 0.264587 0.0203521 0.240962 0.264587 0.061058 0.233711 0.264587 -0.101766 -0.244033 0.305293 -0.0610597 -0.25705 0.305293 -0.0610597 -0.264589 0.327521 -0.0203538 -0.263065 0.305293 -0.0203538 -0.264589 0.310173 0.0203521 -0.263065 0.305293 0.0203521 -0.264589 0.310173 0.061058 -0.25705 0.305293 0.061058 -0.264589 0.327521 0.101764 -0.244033 0.305293 -0.183177 -0.189865 0.305293 -0.139163 -0.223883 0.305293 -0.142471 -0.222003 0.305293 -0.142471 -0.223883 0.310173 0.139161 -0.223883 0.305293 0.14247 -0.222003 0.305293 0.14247 -0.223883 0.310173 0.183176 -0.189865 0.305293 -0.189865 -0.183177 0.305293 0.189864 -0.183177 0.305293 -0.222003 -0.142471 0.305293 -0.223883 -0.139163 0.305293 -0.223883 -0.142471 0.310173 0.222001 -0.142471 0.305293 0.223882 -0.139163 0.305293 0.223882 -0.142471 0.310173 -0.244033 -0.101766 0.305293 0.244031 -0.101766 0.305293 -0.25705 -0.0610597 0.305293 -0.264589 -0.0610597 0.327521 0.257049 -0.0610597 0.305293 0.264587 -0.0610597 0.327521 -0.263065 -0.0203538 0.305293 -0.264589 -0.0203538 0.310173 0.263063 -0.0203538 0.305293 0.264587 -0.0203538 0.310173 -0.263065 0.0203521 0.305293 -0.264589 0.0203521 0.310173 0.263063 0.0203521 0.305293 0.264587 0.0203521 0.310173 -0.25705 0.061058 0.305293 -0.264589 0.061058 0.327521 0.257049 0.061058 0.305293 0.264587 0.061058 0.327521 -0.244033 0.101764 0.305293 0.244031 0.101764 0.305293 -0.222003 0.14247 0.305293 -0.223883 0.139161 0.305293 -0.223883 0.14247 0.310173 0.222001 0.14247 0.305293 0.223882 0.139161 0.305293 0.223882 0.14247 0.310173 -0.189865 0.183176 0.305293 0.189864 0.183176 0.305293 -0.183177 0.189864 0.305293 -0.139163 0.223882 0.305293 -0.142471 0.222001 0.305293 -0.142471 0.223882 0.310173 0.139161 0.223882 0.305293 0.14247 0.222001 0.305293 0.14247 0.223882 0.310173 0.183176 0.189864 0.305293 -0.101766 0.244031 0.305293 -0.0610597 0.257049 0.305293 -0.0610597 0.264587 0.327521 -0.0203538 0.263063 0.305293 -0.0203538 0.264587 0.310173 0.0203521 0.263063 0.305293 0.0203521 0.264587 0.310173 0.061058 0.257049 0.305293 0.061058 0.264587 0.327521 0.101764 0.244031 0.305293 -0.0610597 -0.272491 0.345999 -0.0203538 -0.27879 0.345999 0.0203521 -0.27879 0.345999 0.061058 -0.272491 0.345999 -0.142471 -0.240092 0.345999 -0.0857998 -0.264589 0.345999 -0.101766 -0.259758 0.345999 -0.101766 -0.264589 0.372938 0.0857981 -0.264589 0.345999 0.101764 -0.259758 0.345999 0.101764 -0.264589 0.372938 0.14247 -0.240092 0.345999 -0.165726 -0.223883 0.345999 -0.183177 -0.210256 0.345999 0.165724 -0.223883 0.345999 0.183176 -0.210256 0.345999 -0.210256 -0.183177 0.345999 -0.223883 -0.165726 0.345999 0.210254 -0.183177 0.345999 0.223882 -0.165726 0.345999 -0.240092 -0.142471 0.345999 0.24009 -0.142471 0.345999 -0.259758 -0.101766 0.345999 -0.264589 -0.0857998 0.345999 -0.264589 -0.101766 0.372938 0.259756 -0.101766 0.345999 0.264587 -0.0857998 0.345999 0.264587 -0.101766 0.372938 -0.272491 -0.0610597 0.345999 0.272489 -0.0610597 0.345999 -0.27879 -0.0203538 0.345999 0.278788 -0.0203538 0.345999 -0.27879 0.0203521 0.345999 0.278788 0.0203521 0.345999 -0.272491 0.061058 0.345999 0.272489 0.061058 0.345999 -0.259758 0.101764 0.345999 -0.264589 0.0857981 0.345999 -0.264589 0.101764 0.372938 0.259756 0.101764 0.345999 0.264587 0.0857981 0.345999 0.264587 0.101764 0.372938 -0.240092 0.14247 0.345999 0.24009 0.14247 0.345999 -0.210256 0.183176 0.345999 -0.223883 0.165724 0.345999 0.210254 0.183176 0.345999 0.223882 0.165724 0.345999 -0.165726 0.223882 0.345999 -0.183177 0.210254 0.345999 0.165724 0.223882 0.345999 0.183176 0.210254 0.345999 -0.142471 0.24009 0.345999 -0.0857998 0.264587 0.345999 -0.101766 0.259756 0.345999 -0.101766 0.264587 0.372938 0.0857981 0.264587 0.345999 0.101764 0.259756 0.345999 0.101764 0.264587 0.372938 0.14247 0.24009 0.345999 -0.0610597 0.272489 0.345999 -0.0203538 0.278788 0.345999 0.0203521 0.278788 0.345999 0.061058 0.272489 0.345999 -0.101766 -0.267711 0.386705 -0.0610597 -0.280335 0.386705 -0.0203538 -0.286264 0.386705 0.0203521 -0.286264 0.386705 0.061058 -0.280335 0.386705 0.101764 -0.267711 0.386705 -0.108489 -0.264589 0.386705 -0.142471 -0.24867 0.386705 0.108487 -0.264589 0.386705 0.14247 -0.24867 0.386705 -0.178173 -0.223883 0.386705 -0.183177 -0.219966 0.386705 0.178171 -0.223883 0.386705 0.183176 -0.219966 0.386705 -0.219966 -0.183177 0.386705 -0.223883 -0.178173 0.386705 0.219965 -0.183177 0.386705 0.223882 -0.178173 0.386705 -0.24867 -0.142471 0.386705 -0.264589 -0.108489 0.386705 0.248669 -0.142471 0.386705 0.264587 -0.108489 0.386705 -0.267711 -0.101766 0.386705 0.267709 -0.101766 0.386705 -0.280335 -0.0610597 0.386705 0.280333 -0.0610597 0.386705 -0.286264 -0.0203538 0.386705 0.286262 -0.0203538 0.386705 -0.286264 0.0203521 0.386705 0.286262 0.0203521 0.386705 -0.280335 0.061058 0.386705 0.280333 0.061058 0.386705 -0.267711 0.101764 0.386705 0.267709 0.101764 0.386705 -0.24867 0.14247 0.386705 -0.264589 0.108487 0.386705 0.248669 0.14247 0.386705 0.264587 0.108487 0.386705 -0.219966 0.183176 0.386705 -0.223883 0.178171 0.386705 0.219965 0.183176 0.386705 0.223882 0.178171 0.386705 -0.178173 0.223882 0.386705 -0.183177 0.219965 0.386705 0.178171 0.223882 0.386705 0.183176 0.219965 0.386705 -0.108489 0.264587 0.386705 -0.142471 0.248669 0.386705 0.108487 0.264587 0.386705 0.14247 0.248669 0.386705 -0.101766 0.267709 0.386705 -0.0610597 0.280333 0.386705 -0.0203538 0.286262 0.386705 0.0203521 0.286262 0.386705 0.061058 0.280333 0.386705 0.101764 0.267709 0.386705 -0.101766 -0.267676 0.427411 -0.0610597 -0.280213 0.427411 -0.0203538 -0.286134 0.427411 0.0203521 -0.286134 0.427411 0.061058 -0.280213 0.427411 0.101764 -0.267676 0.427411 -0.108459 -0.264589 0.427411 -0.142471 -0.248563 0.427411 0.108458 -0.264589 0.427411 0.14247 -0.248563 0.427411 -0.178141 -0.223883 0.427411 -0.183177 -0.219934 0.427411 0.178139 -0.223883 0.427411 0.183176 -0.219934 0.427411 -0.219934 -0.183177 0.427411 -0.223883 -0.178141 0.427411 0.219932 -0.183177 0.427411 0.223882 -0.178141 0.427411 -0.248563 -0.142471 0.427411 -0.264589 -0.108459 0.427411 0.248561 -0.142471 0.427411 0.264587 -0.108459 0.427411 -0.267676 -0.101766 0.427411 0.267674 -0.101766 0.427411 -0.280213 -0.0610597 0.427411 0.280211 -0.0610597 0.427411 -0.286134 -0.0203538 0.427411 0.286132 -0.0203538 0.427411 -0.286134 0.0203521 0.427411 0.286132 0.0203521 0.427411 -0.280213 0.061058 0.427411 0.280211 0.061058 0.427411 -0.267676 0.101764 0.427411 0.267674 0.101764 0.427411 -0.248563 0.14247 0.427411 -0.264589 0.108458 0.427411 0.248561 0.14247 0.427411 0.264587 0.108458 0.427411 -0.219934 0.183176 0.427411 -0.223883 0.178139 0.427411 0.219932 0.183176 0.427411 0.223882 0.178139 0.427411 -0.178141 0.223882 0.427411 -0.183177 0.219932 0.427411 0.178139 0.223882 0.427411 0.183176 0.219932 0.427411 -0.108459 0.264587 0.427411 -0.142471 0.248561 0.427411 0.108458 0.264587 0.427411 0.14247 0.248561 0.427411 -0.101766 0.267674 0.427411 -0.0610597 0.280211 0.427411 -0.0203538 0.286132 0.427411 0.0203521 0.286132 0.427411 0.061058 0.280211 0.427411 0.101764 0.267674 0.427411 -0.0610597 -0.271935 0.468117 -0.0203538 -0.27813 0.468117 0.0203521 -0.27813 0.468117 0.061058 -0.271935 0.468117 -0.142471 -0.239417 0.468117 -0.0846693 -0.264589 0.468117 -0.101766 -0.259291 0.468117 -0.101766 -0.264589 0.44315 0.0846676 -0.264589 0.468117 0.101764 -0.259291 0.468117 0.101764 -0.264589 0.44315 0.14247 -0.239417 0.468117 -0.164991 -0.223883 0.468117 -0.183177 -0.209597 0.468117 0.164989 -0.223883 0.468117 0.183176 -0.209597 0.468117 -0.209597 -0.183177 0.468117 -0.223883 -0.164991 0.468117 0.209595 -0.183177 0.468117 0.223882 -0.164991 0.468117 -0.239417 -0.142471 0.468117 0.239415 -0.142471 0.468117 -0.259291 -0.101766 0.468117 -0.264589 -0.0846693 0.468117 -0.264589 -0.101766 0.44315 0.25929 -0.101766 0.468117 0.264587 -0.0846693 0.468117 0.264587 -0.101766 0.44315 -0.271935 -0.0610597 0.468117 0.271933 -0.0610597 0.468117 -0.27813 -0.0203538 0.468117 0.278128 -0.0203538 0.468117 -0.27813 0.0203521 0.468117 0.278128 0.0203521 0.468117 -0.271935 0.061058 0.468117 0.271933 0.061058 0.468117 -0.259291 0.101764 0.468117 -0.264589 0.0846676 0.468117 -0.264589 0.101764 0.44315 0.25929 0.101764 0.468117 0.264587 0.0846676 0.468117 0.264587 0.101764 0.44315 -0.239417 0.14247 0.468117 0.239415 0.14247 0.468117 -0.209597 0.183176 0.468117 -0.223883 0.164989 0.468117 0.209595 0.183176 0.468117 0.223882 0.164989 0.468117 -0.164991 0.223882 0.468117 -0.183177 0.209595 0.468117 0.164989 0.223882 0.468117 0.183176 0.209595 0.468117 -0.142471 0.239415 0.468117 -0.0846693 0.264587 0.468117 -0.101766 0.25929 0.468117 -0.101766 0.264587 0.44315 0.0846676 0.264587 0.468117 0.101764 0.25929 0.468117 0.101764 0.264587 0.44315 0.14247 0.239415 0.468117 -0.0610597 0.271933 0.468117 -0.0203538 0.278128 0.468117 0.0203521 0.278128 0.468117 0.061058 0.271933 0.468117 -0.101766 -0.2416 0.508823 -0.0610597 -0.254947 0.508823 -0.0610597 -0.264589 0.48695 -0.0203538 -0.261297 0.508823 -0.0203538 -0.264589 0.501626 0.0203521 -0.261297 0.508823 0.0203521 -0.264589 0.501626 0.061058 -0.254947 0.508823 0.061058 -0.264589 0.48695 0.101764 -0.2416 0.508823 -0.183177 -0.187274 0.508823 -0.135541 -0.223883 0.508823 -0.142471 -0.219864 0.508823 -0.142471 -0.223883 0.501626 0.13554 -0.223883 0.508823 0.14247 -0.219864 0.508823 0.14247 -0.223883 0.501626 0.183176 -0.187274 0.508823 -0.187274 -0.183177 0.508823 0.187272 -0.183177 0.508823 -0.219864 -0.142471 0.508823 -0.223883 -0.135541 0.508823 -0.223883 -0.142471 0.501626 0.219862 -0.142471 0.508823 0.223882 -0.135541 0.508823 0.223882 -0.142471 0.501626 -0.2416 -0.101766 0.508823 0.241598 -0.101766 0.508823 -0.254947 -0.0610597 0.508823 -0.264589 -0.0610597 0.48695 0.254946 -0.0610597 0.508823 0.264587 -0.0610597 0.48695 -0.261297 -0.0203538 0.508823 -0.264589 -0.0203538 0.501626 0.261295 -0.0203538 0.508823 0.264587 -0.0203538 0.501626 -0.261297 0.0203521 0.508823 -0.264589 0.0203521 0.501626 0.261295 0.0203521 0.508823 0.264587 0.0203521 0.501626 -0.254947 0.061058 0.508823 -0.264589 0.061058 0.48695 0.254946 0.061058 0.508823 0.264587 0.061058 0.48695 -0.2416 0.101764 0.508823 0.241598 0.101764 0.508823 -0.219864 0.14247 0.508823 -0.223883 0.13554 0.508823 -0.223883 0.14247 0.501626 0.219862 0.14247 0.508823 0.223882 0.13554 0.508823 0.223882 0.14247 0.501626 -0.187274 0.183176 0.508823 0.187272 0.183176 0.508823 -0.183177 0.187272 0.508823 -0.135541 0.223882 0.508823 -0.142471 0.219862 0.508823 -0.142471 0.223882 0.501626 0.13554 0.223882 0.508823 0.14247 0.219862 0.508823 0.14247 0.223882 0.501626 0.183176 0.187272 0.508823 -0.101766 0.241598 0.508823 -0.0610597 0.254946 0.508823 -0.0610597 0.264587 0.48695 -0.0203538 0.261295 0.508823 -0.0203538 0.264587 0.501626 0.0203521 0.261295 0.508823 0.0203521 0.264587 0.501626 0.061058 0.254946 0.508823 0.061058 0.264587 0.48695 0.101764 0.241598 0.508823 -0.0610597 -0.227166 0.549529 -0.0203538 -0.234381 0.549529 0.0203521 -0.234381 0.549529 0.061058 -0.227166 0.549529 -0.142471 -0.187059 0.549529 -0.070339 -0.223883 0.549529 -0.101766 -0.211891 0.549529 -0.101766 -0.223883 0.535213 0.0703372 -0.223883 0.549529 0.101764 -0.211891 0.549529 0.101764 -0.223883 0.535213 0.14247 -0.187059 0.549529 -0.147253 -0.183177 0.549529 -0.183177 -0.147253 0.549529 -0.183177 -0.183177 0.514205 0.147251 -0.183177 0.549529 0.183176 -0.147253 0.549529 0.183176 -0.183177 0.514205 -0.187059 -0.142471 0.549529 0.187058 -0.142471 0.549529 -0.211891 -0.101766 0.549529 -0.223883 -0.070339 0.549529 -0.223883 -0.101766 0.535213 0.211889 -0.101766 0.549529 0.223882 -0.070339 0.549529 0.223882 -0.101766 0.535213 -0.227166 -0.0610597 0.549529 0.227165 -0.0610597 0.549529 -0.234381 -0.0203538 0.549529 0.23438 -0.0203538 0.549529 -0.234381 0.0203521 0.549529 0.23438 0.0203521 0.549529 -0.227166 0.061058 0.549529 0.227165 0.061058 0.549529 -0.211891 0.101764 0.549529 -0.223883 0.0703372 0.549529 -0.223883 0.101764 0.535213 0.211889 0.101764 0.549529 0.223882 0.0703372 0.549529 0.223882 0.101764 0.535213 -0.187059 0.14247 0.549529 0.187058 0.14247 0.549529 -0.147253 0.183176 0.549529 -0.183177 0.147251 0.549529 -0.183177 0.183176 0.514205 0.147251 0.183176 0.549529 0.183176 0.147251 0.549529 0.183176 0.183176 0.514205 -0.142471 0.187058 0.549529 -0.070339 0.223882 0.549529 -0.101766 0.211889 0.549529 -0.101766 0.223882 0.535213 0.0703372 0.223882 0.549529 0.101764 0.211889 0.549529 0.101764 0.223882 0.535213 0.14247 0.187058 0.549529 -0.0610597 0.227165 0.549529 -0.0203538 0.23438 0.549529 0.0203521 0.23438 0.549529 0.061058 0.227165 0.549529 -0.0610597 -0.183921 0.590235 -0.0610597 -0.223883 0.553407 -0.0203538 -0.192516 0.590235 -0.0203538 -0.223883 0.561765 0.0203521 -0.192516 0.590235 0.0203521 -0.223883 0.561765 0.061058 -0.183921 0.590235 0.061058 -0.223883 0.553407 -0.142471 -0.183177 0.553407 -0.0628406 -0.183177 0.590235 -0.101766 -0.164278 0.590235 -0.101766 -0.183177 0.577109 0.0628389 -0.183177 0.590235 0.101764 -0.164278 0.590235 0.101764 -0.183177 0.577109 0.14247 -0.183177 0.553407 -0.183177 -0.142471 0.553407 -0.130431 -0.142471 0.590235 -0.142471 -0.130431 0.590235 -0.142471 -0.142471 0.584144 0.130429 -0.142471 0.590235 0.14247 -0.130431 0.590235 0.14247 -0.142471 0.584144 0.183176 -0.142471 0.553407 -0.164278 -0.101766 0.590235 -0.183177 -0.0628406 0.590235 -0.183177 -0.101766 0.577109 0.164277 -0.101766 0.590235 0.183176 -0.0628406 0.590235 0.183176 -0.101766 0.577109 -0.183921 -0.0610597 0.590235 -0.223883 -0.0610597 0.553407 0.183919 -0.0610597 0.590235 0.223882 -0.0610597 0.553407 -0.192516 -0.0203538 0.590235 -0.223883 -0.0203538 0.561765 0.192515 -0.0203538 0.590235 0.223882 -0.0203538 0.561765 -0.192516 0.0203521 0.590235 -0.223883 0.0203521 0.561765 0.192515 0.0203521 0.590235 0.223882 0.0203521 0.561765 -0.183921 0.061058 0.590235 -0.223883 0.061058 0.553407 0.183919 0.061058 0.590235 0.223882 0.061058 0.553407 -0.164278 0.101764 0.590235 -0.183177 0.0628389 0.590235 -0.183177 0.101764 0.577109 0.164277 0.101764 0.590235 0.183176 0.0628389 0.590235 0.183176 0.101764 0.577109 -0.183177 0.14247 0.553407 -0.130431 0.14247 0.590235 -0.142471 0.130429 0.590235 -0.142471 0.14247 0.584144 0.130429 0.14247 0.590235 0.14247 0.130429 0.590235 0.14247 0.14247 0.584144 0.183176 0.14247 0.553407 -0.142471 0.183176 0.553407 -0.0628406 0.183176 0.590235 -0.101766 0.164277 0.590235 -0.101766 0.183176 0.577109 0.0628389 0.183176 0.590235 0.101764 0.164277 0.590235 0.101764 0.183176 0.577109 0.14247 0.183176 0.553407 -0.0610597 0.183919 0.590235 -0.0610597 0.223882 0.553407 -0.0203538 0.192515 0.590235 -0.0203538 0.223882 0.561765 0.0203521 0.192515 0.590235 0.0203521 0.223882 0.561765 0.061058 0.183919 0.590235 0.061058 0.223882 0.553407 -0.0610597 -0.183177 0.590839 -0.0203538 -0.183177 0.597755 0.0203521 -0.183177 0.597755 0.061058 -0.183177 0.590839 -0.101766 -0.142471 0.604353 -0.0610597 -0.107432 0.63094 -0.0610597 -0.142471 0.616643 -0.0203538 -0.121222 0.63094 -0.0203538 -0.142471 0.622361 0.0203521 -0.121222 0.63094 0.0203521 -0.142471 0.622361 0.061058 -0.107432 0.63094 0.061058 -0.142471 0.616643 0.101764 -0.142471 0.604353 -0.142471 -0.101766 0.604353 -0.0694454 -0.101766 0.63094 -0.101766 -0.0694454 0.63094 -0.101766 -0.101766 0.622361 0.0694437 -0.101766 0.63094 0.101764 -0.0694454 0.63094 0.101764 -0.101766 0.622361 0.14247 -0.101766 0.604353 -0.183177 -0.0610597 0.590839 -0.107432 -0.0610597 0.63094 -0.142471 -0.0610597 0.616643 0.10743 -0.0610597 0.63094 0.14247 -0.0610597 0.616643 0.183176 -0.0610597 0.590839 -0.183177 -0.0203538 0.597755 -0.121222 -0.0203538 0.63094 -0.142471 -0.0203538 0.622361 0.121221 -0.0203538 0.63094 0.14247 -0.0203538 0.622361 0.183176 -0.0203538 0.597755 -0.183177 0.0203521 0.597755 -0.121222 0.0203521 0.63094 -0.142471 0.0203521 0.622361 0.121221 0.0203521 0.63094 0.14247 0.0203521 0.622361 0.183176 0.0203521 0.597755 -0.183177 0.061058 0.590839 -0.107432 0.061058 0.63094 -0.142471 0.061058 0.616643 0.10743 0.061058 0.63094 0.14247 0.061058 0.616643 0.183176 0.061058 0.590839 -0.142471 0.101764 0.604353 -0.0694454 0.101764 0.63094 -0.101766 0.0694437 0.63094 -0.101766 0.101764 0.622361 0.0694437 0.101764 0.63094 0.101764 0.0694437 0.63094 0.101764 0.101764 0.622361 0.14247 0.101764 0.604353 -0.101766 0.14247 0.604353 -0.0610597 0.10743 0.63094 -0.0610597 0.14247 0.616643 -0.0203538 0.121221 0.63094 -0.0203538 0.14247 0.622361 0.0203521 0.121221 0.63094 0.0203521 0.14247 0.622361 0.061058 0.10743 0.63094 0.061058 0.14247 0.616643 0.101764 0.14247 0.604353 -0.0610597 0.183176 0.590839 -0.0203538 0.183176 0.597755 0.0203521 0.183176 0.597755 0.061058 0.183176 0.590839 -0.0610597 -0.101766 0.633331 -0.0203538 -0.101766 0.639093 0.0203521 -0.101766 0.639093 0.061058 -0.101766 0.633331 -0.101766 -0.0610597 0.633331 -0.0610597 -0.0610597 0.644625 -0.0203538 -0.0610597 0.649936 0.0203521 -0.0610597 0.649936 0.061058 -0.0610597 0.644625 0.101764 -0.0610597 0.633331 -0.101766 -0.0203538 0.639093 -0.0610597 -0.0203538 0.649936 -0.0203538 -0.0203538 0.655033 0.0203521 -0.0203538 0.655033 0.061058 -0.0203538 0.649936 0.101764 -0.0203538 0.639093 -0.101766 0.0203521 0.639093 -0.0610597 0.0203521 0.649936 -0.0203538 0.0203521 0.655033 0.0203521 0.0203521 0.655033 0.061058 0.0203521 0.649936 0.101764 0.0203521 0.639093 -0.101766 0.061058 0.633331 -0.0610597 0.061058 0.644625 -0.0203538 0.061058 0.649936 0.0203521 0.061058 0.649936 0.061058 0.061058 0.644625 0.101764 0.061058 0.633331 -0.0610597 0.101764 0.633331 -0.0203538 0.101764 0.639093 0.0203521 0.101764 0.639093 0.061058 0.101764 0.633331"/>
     <Normal vector="-0.186233 -0.310558 -0.932133 -0.0618334 -0.309401 -0.948919 0.0618334 -0.309401 -0.948919 0.186233 -0.310558 -0.932133 -0.310558 -0.186233 -0.932133 -0.184762 -0.184762 -0.96526 -0.0612745 -0.183883 -0.981036 0.0612745 -0.183883 -0.981036 0.184762 -0.184762 -0.96526 0.310558 -0.186233 -0.932133 -0.309401 -0.0618334 -0.948919 -0.183883 -0.0612745 -0.981036 -0.060958 -0.060958 -0.996277 0.060958 -0.060958 -0.996277 0.183883 -0.0612745 -0.981036 0.309401 -0.0618334 -0.948919 -0.309401 0.0618334 -0.948919 -0.183883 0.0612745 -0.981036 -0.060958 0.060958 -0.996277 0.060958 0.060958 -0.996277 0.183883 0.0612745 -0.981036 0.309401 0.0618334 -0.948919 -0.310558 0.186233 -0.932133 -0.184762 0.184762 -0.96526 -0.0612745 0.183883 -0.981036 0.0612745 0.183883 -0.981036 0.184762 0.184762 -0.96526 0.310558 0.186233 -0.932133 -0.186233 0.310558 -0.932133 -0.0618334 0.309401 -0.948919 0.0618334 0.309401 -0.948919 0.186233 0.310558 -0.932133 -0.193844 -0.583229 -0.78884 -0.0643451 -0.580961 -0.811384 0.0643451 -0.580961 -0.811384 0.193844 -0.583229 -0.78884 -0.320745 -0.449453 -0.833735 -0.186668 -0.327483 -0.926234 -0.190132 -0.444321 -0.875459 -0.0622759 -0.368852 -0.9274 -0.0629187 -0.441252 -0.895175 0.0622759 -0.368852 -0.9274 0.0629187 -0.441252 -0.895175 0.186668 -0.327483 -0.926234 0.190132 -0.444321 -0.875459 0.320745 -0.449453 -0.833735 -0.449453 -0.320745 -0.833735 -0.211312 -0.311385 -0.926491 -0.311385 -0.211312 -0.926491 -0.314946 -0.314946 -0.895331 0.211312 -0.311385 -0.926491 0.311385 -0.211312 -0.926491 0.314946 -0.314946 -0.895331 0.449453 -0.320745 -0.833735 -0.583229 -0.193844 -0.78884 -0.327483 -0.186668 -0.926234 -0.444321 -0.190132 -0.875459 0.327483 -0.186668 -0.926234 0.444321 -0.190132 -0.875459 0.583229 -0.193844 -0.78884 -0.580961 -0.0643451 -0.811384 -0.368852 -0.0622759 -0.9274 -0.441252 -0.0629187 -0.895175 0.368852 -0.0622759 -0.9274 0.441252 -0.0629187 -0.895175 0.580961 -0.0643451 -0.811384 -0.580961 0.0643451 -0.811384 -0.368852 0.0622759 -0.9274 -0.441252 0.0629187 -0.895175 0.368852 0.0622759 -0.9274 0.441252 0.0629187 -0.895175 0.580961 0.0643451 -0.811384 -0.583229 0.193844 -0.78884 -0.327483 0.186668 -0.926234 -0.444321 0.190132 -0.875459 0.327483 0.186668 -0.926234 0.444321 0.190132 -0.875459 0.583229 0.193844 -0.78884 -0.449453 0.320745 -0.833735 -0.211312 0.311385 -0.926491 -0.311385 0.211312 -0.926491 -0.314946 0.314946 -0.895331 0.211312 0.311385 -0.926491 0.311385 0.211312 -0.926491 0.314946 0.314946 -0.895331 0.449453 0.320745 -0.833735 -0.320745 0.449453 -0.833735 -0.186668 0.327483 -0.926234 -0.190132 0.444321 -0.875459 -0.0622759 0.368852 -0.9274 -0.0629187 0.441252 -0.895175 0.0622759 0.368852 -0.9274 0.0629187 0.441252 -0.895175 0.186668 0.327483 -0.926234 0.190132 0.444321 -0.875459 0.320745 0.449453 -0.833735 -0.193844 0.583229 -0.78884 -0.0643451 0.580961 -0.811384 0.0643451 0.580961 -0.811384 0.193844 0.583229 -0.78884 -0.193935 -0.585578 -0.787076 -0.200202 -0.737769 -0.644683 -0.0647265 -0.611279 -0.788764 -0.0664197 -0.734489 -0.675363 0.0647265 -0.611279 -0.788764 0.0664197 -0.734489 -0.675363 0.193935 -0.585578 -0.787076 0.200202 -0.737769 -0.644683 -0.468523 -0.603249 -0.645428 -0.199333 -0.583609 -0.787189 -0.324354 -0.520723 -0.78971 -0.328793 -0.59322 -0.734837 0.199333 -0.583609 -0.787189 0.324354 -0.520723 -0.78971 0.328793 -0.59322 -0.734837 0.468523 -0.603249 -0.645428 -0.603249 -0.468523 -0.645428 -0.413426 -0.454311 -0.789101 -0.454311 -0.413426 -0.789101 -0.457218 -0.457218 -0.762826 0.413426 -0.454311 -0.789101 0.454311 -0.413426 -0.789101 0.457218 -0.457218 -0.762826 0.603249 -0.468523 -0.645428 -0.520723 -0.324354 -0.78971 -0.583609 -0.199333 -0.787189 -0.59322 -0.328793 -0.734837 0.520723 -0.324354 -0.78971 0.583609 -0.199333 -0.787189 0.59322 -0.328793 -0.734837 -0.585578 -0.193935 -0.787076 -0.737769 -0.200202 -0.644683 0.585578 -0.193935 -0.787076 0.737769 -0.200202 -0.644683 -0.611279 -0.0647265 -0.788764 -0.734489 -0.0664197 -0.675363 0.611279 -0.0647265 -0.788764 0.734489 -0.0664197 -0.675363 -0.611279 0.0647265 -0.788764 -0.734489 0.0664197 -0.675363 0.611279 0.0647265 -0.788764 0.734489 0.0664197 -0.675363 -0.585578 0.193935 -0.787076 -0.737769 0.200202 -0.644683 0.585578 0.193935 -0.787076 0.737769 0.200202 -0.644683 -0.520723 0.324354 -0.78971 -0.583609 0.199333 -0.787189 -0.59322 0.328793 -0.734837 0.520723 0.324354 -0.78971 0.583609 0.199333 -0.787189 0.59322 0.328793 -0.734837 -0.603249 0.468523 -0.645428 -0.413426 0.454311 -0.789101 -0.454311 0.413426 -0.789101 -0.457218 0.457218 -0.762826 0.413426 0.454311 -0.789101 0.454311 0.413426 -0.789101 0.457218 0.457218 -0.762826 0.603249 0.468523 -0.645428 -0.468523 0.603249 -0.645428 -0.199333 0.583609 -0.787189 -0.324354 0.520723 -0.78971 -0.328793 0.59322 -0.734837 0.199333 0.583609 -0.787189 0.324354 0.520723 -0.78971 0.328793 0.59322 -0.734837 0.468523 0.603249 -0.645428 -0.193935 0.585578 -0.787076 -0.200202 0.737769 -0.644683 -0.0647265 0.611279 -0.788764 -0.0664197 0.734489 -0.675363 0.0647265 0.611279 -0.788764 0.0664197 0.734489 -0.675363 0.193935 0.585578 -0.787076 0.200202 0.737769 -0.644683 -0.200686 -0.748861 -0.631611 -0.0669632 -0.771223 -0.633034 0.0669632 -0.771223 -0.633034 0.200686 -0.748861 -0.631611 -0.469707 -0.616046 -0.632347 -0.230002 -0.740158 -0.631874 -0.335605 -0.696991 -0.633698 -0.339502 -0.75032 -0.567237 0.230002 -0.740158 -0.631874 0.335605 -0.696991 -0.633698 0.339502 -0.75032 -0.567237 0.469707 -0.616046 -0.632347 -0.484002 -0.604857 -0.632369 -0.604857 -0.484002 -0.632369 -0.620198 -0.620198 -0.480321 0.484002 -0.604857 -0.632369 0.604857 -0.484002 -0.632369 0.620198 -0.620198 -0.480321 -0.616046 -0.469707 -0.632347 0.616046 -0.469707 -0.632347 -0.696991 -0.335605 -0.633698 -0.740158 -0.230002 -0.631874 -0.75032 -0.339502 -0.567237 0.696991 -0.335605 -0.633698 0.740158 -0.230002 -0.631874 0.75032 -0.339502 -0.567237 -0.748861 -0.200686 -0.631611 0.748861 -0.200686 -0.631611 -0.771223 -0.0669632 -0.633034 0.771223 -0.0669632 -0.633034 -0.771223 0.0669632 -0.633034 0.771223 0.0669632 -0.633034 -0.748861 0.200686 -0.631611 0.748861 0.200686 -0.631611 -0.696991 0.335605 -0.633698 -0.740158 0.230002 -0.631874 -0.75032 0.339502 -0.567237 0.696991 0.335605 -0.633698 0.740158 0.230002 -0.631874 0.75032 0.339502 -0.567237 -0.616046 0.469707 -0.632347 0.616046 0.469707 -0.632347 -0.484002 0.604857 -0.632369 -0.604857 0.484002 -0.632369 -0.620198 0.620198 -0.480321 0.484002 0.604857 -0.632369 0.604857 0.484002 -0.632369 0.620198 0.620198 -0.480321 -0.469707 0.616046 -0.632347 -0.230002 0.740158 -0.631874 -0.335605 0.696991 -0.633698 -0.339502 0.75032 -0.567237 0.230002 0.740158 -0.631874 0.335605 0.696991 -0.633698 0.339502 0.75032 -0.567237 0.469707 0.616046 -0.632347 -0.200686 0.748861 -0.631611 -0.0669632 0.771223 -0.633034 0.0669632 0.771223 -0.633034 0.200686 0.748861 -0.631611 -0.344934 -0.817174 -0.461788 -0.206421 -0.863219 -0.460699 -0.208541 -0.911763 -0.353834 -0.0686012 -0.885872 -0.458829 -0.0689158 -0.903863 -0.422234 0.0686012 -0.885872 -0.458829 0.0689158 -0.903863 -0.422234 0.206421 -0.863219 -0.460699 0.208541 -0.911763 -0.353834 0.344934 -0.817174 -0.461788 -0.621752 -0.633883 -0.460018 -0.45715 -0.761313 -0.459801 -0.482677 -0.745286 -0.45997 -0.485048 -0.765114 -0.423473 0.45715 -0.761313 -0.459801 0.482677 -0.745286 -0.45997 0.485048 -0.765114 -0.423473 0.621752 -0.633883 -0.460018 -0.633883 -0.621752 -0.460018 0.633883 -0.621752 -0.460019 -0.745286 -0.482677 -0.45997 -0.761313 -0.45715 -0.459801 -0.765114 -0.485048 -0.423473 0.745286 -0.482677 -0.45997 0.761313 -0.45715 -0.459801 0.765114 -0.485048 -0.423473 -0.817174 -0.344934 -0.461788 0.817174 -0.344934 -0.461788 -0.863219 -0.206421 -0.460699 -0.911763 -0.208541 -0.353834 0.863219 -0.206421 -0.460699 0.911763 -0.208541 -0.353834 -0.885872 -0.0686012 -0.458829 -0.903863 -0.0689158 -0.422234 0.885872 -0.0686012 -0.458829 0.903863 -0.0689158 -0.422234 -0.885872 0.0686012 -0.458829 -0.903863 0.0689158 -0.422234 0.885872 0.0686012 -0.458829 0.903863 0.0689158 -0.422234 -0.863219 0.206421 -0.460699 -0.911763 0.208541 -0.353834 0.863219 0.206421 -0.460699 0.911763 0.208541 -0.353834 -0.817174 0.344934 -0.461788 0.817174 0.344934 -0.461788 -0.745286 0.482677 -0.45997 -0.761313 0.45715 -0.459801 -0.765114 0.485048 -0.423473 0.745286 0.482677 -0.45997 0.761313 0.45715 -0.459801 0.765114 0.485048 -0.423473 -0.633883 0.621752 -0.460018 0.633883 0.621752 -0.460019 -0.621752 0.633883 -0.460019 -0.45715 0.761313 -0.459801 -0.482677 0.745286 -0.45997 -0.485048 0.765114 -0.423473 0.45715 0.761313 -0.459801 0.482677 0.745286 -0.45997 0.485048 0.765114 -0.423473 0.621752 0.633883 -0.460019 -0.344934 0.817174 -0.461788 -0.206421 0.863219 -0.460699 -0.208541 0.911763 -0.353834 -0.0686012 0.885872 -0.458829 -0.0689158 0.903863 -0.422234 0.0686012 0.885872 -0.458829 0.0689158 0.903863 -0.422234 0.206421 0.863219 -0.460699 0.208541 0.911763 -0.353834 0.344934 0.817174 -0.461788 -0.209652 -0.938324 -0.274944 -0.0699228 -0.958616 -0.275983 0.0699228 -0.958616 -0.275983 0.209652 -0.938324 -0.274944 -0.492538 -0.825194 -0.276516 -0.288597 -0.917423 -0.273947 -0.350079 -0.895499 -0.274819 -0.351973 -0.923767 -0.150897 0.288597 -0.917423 -0.273947 0.350079 -0.895499 -0.274819 0.351973 -0.923767 -0.150897 0.492538 -0.825194 -0.276516 -0.565894 -0.777051 -0.275602 -0.6348 -0.721619 -0.276216 0.565894 -0.777051 -0.275602 0.6348 -0.721619 -0.276216 -0.721619 -0.6348 -0.276216 -0.777051 -0.565894 -0.275602 0.721619 -0.6348 -0.276216 0.777051 -0.565894 -0.275602 -0.825194 -0.492538 -0.276516 0.825194 -0.492538 -0.276516 -0.895499 -0.350079 -0.274819 -0.917423 -0.288597 -0.273947 -0.923767 -0.351973 -0.150897 0.895499 -0.350079 -0.274819 0.917423 -0.288597 -0.273947 0.923767 -0.351973 -0.150897 -0.938324 -0.209652 -0.274944 0.938324 -0.209652 -0.274944 -0.958616 -0.0699228 -0.275983 0.958616 -0.0699228 -0.275983 -0.958616 0.0699228 -0.275983 0.958616 0.0699228 -0.275983 -0.938324 0.209652 -0.274944 0.938324 0.209652 -0.274944 -0.895499 0.350079 -0.274819 -0.917423 0.288597 -0.273947 -0.923767 0.351973 -0.150897 0.895499 0.350079 -0.274819 0.917423 0.288597 -0.273947 0.923767 0.351973 -0.150897 -0.825194 0.492538 -0.276516 0.825194 0.492538 -0.276516 -0.721619 0.6348 -0.276216 -0.777051 0.565894 -0.275602 0.721619 0.6348 -0.276216 0.777051 0.565894 -0.275602 -0.565894 0.777051 -0.275602 -0.6348 0.721619 -0.276216 0.565894 0.777051 -0.275602 0.6348 0.721619 -0.276216 -0.492538 0.825194 -0.276516 -0.288597 0.917423 -0.273947 -0.350079 0.895499 -0.274819 -0.351973 0.923767 -0.150897 0.288597 0.917423 -0.273947 0.350079 0.895499 -0.274819 0.351973 0.923767 -0.150897 0.492538 0.825194 -0.276516 -0.209652 0.938324 -0.274944 -0.0699228 0.958616 -0.275983 0.0699228 0.958616 -0.275983 0.209652 0.938324 -0.274944 -0.351775 -0.932355 -0.0834835 -0.211432 -0.97363 -0.0856793 -0.0704192 -0.993807 -0.085959 0.0704192 -0.993807 -0.085959 0.211432 -0.97363 -0.0856793 0.351775 -0.932355 -0.0834835 -0.373058 -0.92408 -0.0830913 -0.496356 -0.863904 -0.085441 0.373058 -0.92408 -0.0830913 0.496356 -0.863904 -0.085441 -0.617769 -0.781909 -0.0835388 -0.638079 -0.765409 -0.0836876 0.617769 -0.781909 -0.0835388 0.638079 -0.765409 -0.0836876 -0.765409 -0.638079 -0.0836876 -0.781909 -0.617769 -0.0835388 0.765409 -0.638079 -0.0836876 0.781909 -0.617769 -0.0835388 -0.863904 -0.496356 -0.085441 -0.92408 -0.373058 -0.0830913 0.863904 -0.496356 -0.085441 0.92408 -0.373058 -0.0830913 -0.932355 -0.351775 -0.0834835 0.932355 -0.351775 -0.0834835 -0.97363 -0.211432 -0.0856793 0.97363 -0.211432 -0.0856794 -0.993807 -0.0704192 -0.085959 0.993807 -0.0704192 -0.085959 -0.993807 0.0704192 -0.085959 0.993807 0.0704192 -0.085959 -0.97363 0.211432 -0.0856793 0.97363 0.211432 -0.0856794 -0.932355 0.351775 -0.0834835 0.932355 0.351775 -0.0834835 -0.863904 0.496356 -0.085441 -0.92408 0.373058 -0.0830913 0.863904 0.496356 -0.085441 0.92408 0.373058 -0.0830913 -0.765409 0.638079 -0.0836876 -0.781909 0.617769 -0.0835388 0.765409 0.638079 -0.0836876 0.781909 0.617769 -0.0835388 -0.617769 0.781909 -0.0835388 -0.638079 0.765409 -0.0836876 0.617769 0.781909 -0.0835388 0.638079 0.765409 -0.0836876 -0.373058 0.92408 -0.0830913 -0.496356 0.863904 -0.085441 0.373058 0.92408 -0.0830913 0.496356 0.863904 -0.085441 -0.351775 0.932355 -0.0834835 -0.211432 0.97363 -0.0856794 -0.0704192 0.993807 -0.085959 0.0704192 0.993807 -0.085959 0.211432 0.97363 -0.0856794 0.351775 0.932355 -0.0834835 -0.350579 -0.930838 0.103128 -0.210745 -0.972299 0.1011 -0.0701788 -0.992438 0.100704 0.0701788 -0.992438 0.100704 0.210745 -0.972299 0.1011 0.350579 -0.930838 0.103128 -0.371674 -0.922557 0.103673 -0.495269 -0.862716 0.102126 0.371674 -0.922557 0.103673 0.495269 -0.862716 0.102126 -0.616292 -0.780637 0.103875 -0.636769 -0.764045 0.103734 0.616292 -0.780637 0.103875 0.636769 -0.764045 0.103734 -0.764045 -0.636769 0.103734 -0.780637 -0.616292 0.103875 0.764045 -0.636769 0.103734 0.780637 -0.616292 0.103875 -0.862716 -0.495269 0.102126 -0.922557 -0.371674 0.103673 0.862716 -0.495269 0.102126 0.922557 -0.371674 0.103673 -0.930838 -0.350579 0.103128 0.930838 -0.350579 0.103128 -0.972299 -0.210745 0.1011 0.972299 -0.210745 0.1011 -0.992438 -0.0701788 0.100704 0.992438 -0.0701788 0.100704 -0.992438 0.0701788 0.100704 0.992438 0.0701788 0.100704 -0.972299 0.210745 0.1011 0.972299 0.210745 0.1011 -0.930838 0.350579 0.103128 0.930838 0.350579 0.103128 -0.862716 0.495269 0.102126 -0.922557 0.371674 0.103673 0.862716 0.495269 0.102126 0.922557 0.371674 0.103673 -0.764045 0.636769 0.103734 -0.780637 0.616292 0.103875 0.764045 0.636769 0.103734 0.780637 0.616292 0.103875 -0.616292 0.780637 0.103875 -0.636769 0.764045 0.103734 0.616292 0.780637 0.103875 0.636769 0.764045 0.103734 -0.371674 0.922557 0.103673 -0.495269 0.862716 0.102126 0.371674 0.922557 0.103673 0.495269 0.862716 0.102126 -0.350579 0.930838 0.103128 -0.210745 0.972299 0.1011 -0.0701788 0.992438 0.100704 0.0701788 0.992438 0.100704 0.210745 0.972299 0.1011 0.350579 0.930838 0.103128 -0.208288 -0.938662 0.274826 -0.0694744 -0.95923 0.273955 0.0694744 -0.95923 0.273955 0.208288 -0.938662 0.274826 -0.491272 -0.826064 0.276168 -0.289703 -0.916267 0.276635 -0.348081 -0.895929 0.275956 -0.350004 -0.921546 0.168077 0.289703 -0.916267 0.276635 0.348081 -0.895929 0.275956 0.350004 -0.921546 0.168077 0.491272 -0.826064 0.276168 -0.565468 -0.776723 0.277392 -0.633989 -0.721965 0.277171 0.565468 -0.776723 0.277392 0.633989 -0.721965 0.277171 -0.721965 -0.633989 0.277171 -0.776723 -0.565468 0.277392 0.721965 -0.633989 0.277171 0.776723 -0.565468 0.277392 -0.826064 -0.491272 0.276168 0.826064 -0.491272 0.276168 -0.895929 -0.348081 0.275956 -0.916267 -0.289703 0.276635 -0.921546 -0.350004 0.168077 0.895929 -0.348081 0.275955 0.916267 -0.289703 0.276635 0.921546 -0.350004 0.168077 -0.938662 -0.208288 0.274826 0.938662 -0.208288 0.274827 -0.95923 -0.0694744 0.273955 0.95923 -0.0694744 0.273955 -0.95923 0.0694744 0.273955 0.95923 0.0694744 0.273955 -0.938662 0.208288 0.274826 0.938662 0.208288 0.274827 -0.895929 0.348081 0.275956 -0.916267 0.289703 0.276635 -0.921546 0.350004 0.168077 0.895929 0.348081 0.275955 0.916267 0.289703 0.276635 0.921546 0.350004 0.168077 -0.826064 0.491272 0.276168 0.826064 0.491272 0.276168 -0.721965 0.633989 0.277171 -0.776723 0.565468 0.277392 0.721965 0.633989 0.277171 0.776723 0.565468 0.277392 -0.565468 0.776723 0.277392 -0.633989 0.721965 0.277171 0.565468 0.776723 0.277392 0.633989 0.721965 0.277171 -0.491272 0.826064 0.276168 -0.289703 0.916267 0.276635 -0.348081 0.895929 0.275955 -0.350004 0.921546 0.168077 0.289703 0.916267 0.276635 0.348081 0.895929 0.275955 0.350004 0.921546 0.168077 0.491272 0.826064 0.276168 -0.208288 0.938662 0.274827 -0.0694744 0.95923 0.273955 0.0694744 0.95923 0.273955 0.208288 0.938662 0.274827 -0.347519 -0.834254 0.428078 -0.207084 -0.880176 0.427091 -0.207189 -0.913479 0.350184 -0.0685553 -0.901931 0.426404 -0.0685786 -0.909189 0.410698 0.0685553 -0.901931 0.426404 0.0685786 -0.909189 0.410698 0.207084 -0.880176 0.427091 0.207189 -0.913479 0.350184 0.347519 -0.834254 0.428078 -0.628914 -0.647816 0.429885 -0.472505 -0.769672 0.429354 -0.485751 -0.761433 0.429262 -0.485926 -0.77005 0.413399 0.472505 -0.769672 0.429354 0.485751 -0.761433 0.429262 0.485926 -0.77005 0.413399 0.628914 -0.647816 0.429885 -0.647816 -0.628914 0.429885 0.647816 -0.628914 0.429885 -0.761433 -0.485751 0.429262 -0.769672 -0.472505 0.429354 -0.77005 -0.485926 0.413399 0.761433 -0.485751 0.429262 0.769672 -0.472505 0.429354 0.77005 -0.485926 0.413399 -0.834254 -0.347519 0.428078 0.834255 -0.347519 0.428077 -0.880176 -0.207084 0.427091 -0.913479 -0.207189 0.350184 0.880176 -0.207084 0.427091 0.913479 -0.207189 0.350184 -0.901931 -0.0685553 0.426404 -0.909189 -0.0685786 0.410698 0.901931 -0.0685554 0.426404 0.909189 -0.0685786 0.410698 -0.901931 0.0685553 0.426404 -0.909189 0.0685786 0.410698 0.901931 0.0685554 0.426404 0.909189 0.0685786 0.410698 -0.880176 0.207084 0.427091 -0.913479 0.207189 0.350184 0.880176 0.207084 0.427091 0.913479 0.207189 0.350184 -0.834254 0.347519 0.428078 0.834255 0.347519 0.428077 -0.761433 0.485751 0.429262 -0.769672 0.472505 0.429354 -0.77005 0.485926 0.413399 0.761433 0.485751 0.429262 0.769672 0.472505 0.429354 0.77005 0.485926 0.413399 -0.647816 0.628914 0.429885 0.647816 0.628914 0.429885 -0.628914 0.647816 0.429885 -0.472505 0.769672 0.429354 -0.485751 0.761433 0.429262 -0.485926 0.77005 0.413399 0.472505 0.769672 0.429354 0.485751 0.761433 0.429262 0.485926 0.77005 0.413399 0.628914 0.647816 0.429885 -0.347519 0.834255 0.428077 -0.207084 0.880176 0.427091 -0.207189 0.913479 0.350184 -0.0685554 0.901931 0.426404 -0.0685786 0.909189 0.410698 0.0685554 0.901931 0.426404 0.0685786 0.909189 0.410698 0.207084 0.880176 0.427091 0.207189 0.913479 0.350184 0.347519 0.834255 0.428077 -0.208793 -0.805062 0.55523 -0.0696126 -0.829001 0.554897 0.0696126 -0.829001 0.554897 0.208793 -0.805062 0.55523 -0.491883 -0.668405 0.557931 -0.295271 -0.77661 0.5565 -0.348811 -0.754071 0.556515 -0.347315 -0.77428 0.52902 0.295271 -0.77661 0.5565 0.348811 -0.754071 0.556515 0.347315 -0.77428 0.52902 0.491883 -0.668405 0.557931 -0.533718 -0.635146 0.558332 -0.635146 -0.533718 0.558332 -0.628953 -0.628953 0.456986 0.533718 -0.635146 0.558332 0.635146 -0.533718 0.558332 0.628953 -0.628953 0.456986 -0.668405 -0.491883 0.557931 0.668405 -0.491883 0.557931 -0.754071 -0.348811 0.556515 -0.77661 -0.295271 0.5565 -0.77428 -0.347315 0.52902 0.754071 -0.348811 0.556515 0.77661 -0.295271 0.5565 0.77428 -0.347315 0.52902 -0.805062 -0.208793 0.55523 0.805062 -0.208793 0.55523 -0.829001 -0.0696126 0.554897 0.829001 -0.0696126 0.554897 -0.829001 0.0696126 0.554897 0.829001 0.0696126 0.554897 -0.805062 0.208793 0.55523 0.805062 0.208793 0.55523 -0.754071 0.348811 0.556515 -0.77661 0.295271 0.5565 -0.77428 0.347315 0.52902 0.754071 0.348811 0.556515 0.77661 0.295271 0.5565 0.77428 0.347315 0.52902 -0.668405 0.491883 0.557931 0.668405 0.491883 0.557931 -0.533718 0.635146 0.558332 -0.635146 0.533718 0.558332 -0.628953 0.628953 0.456986 0.533718 0.635146 0.558332 0.635146 0.533718 0.558332 0.628953 0.628953 0.456986 -0.491883 0.668405 0.557931 -0.295271 0.77661 0.5565 -0.348811 0.754071 0.556515 -0.347315 0.77428 0.52902 0.295271 0.77661 0.5565 0.348811 0.754071 0.556515 0.347315 0.77428 0.52902 0.491883 0.668405 0.557931 -0.208793 0.805062 0.55523 -0.0696126 0.829001 0.554897 0.0696126 0.829001 0.554897 0.208793 0.805062 0.55523 -0.361389 -0.657483 0.661146 -0.217563 -0.71661 0.662673 -0.210127 -0.78351 0.584773 -0.0723364 -0.746058 0.66194 -0.070523 -0.790315 0.608629 0.0723364 -0.746058 0.66194 0.070523 -0.790315 0.608629 0.217563 -0.71661 0.662673 0.210127 -0.78351 0.584773 0.361389 -0.657483 0.661146 -0.363137 -0.656479 0.661186 -0.510924 -0.546154 0.663832 -0.495408 -0.640016 0.587325 0.363137 -0.656479 0.661186 0.510924 -0.546154 0.663832 0.495408 -0.640016 0.587325 -0.546154 -0.510924 0.663832 -0.656479 -0.363137 0.661186 -0.640016 -0.495408 0.587325 0.546154 -0.510924 0.663832 0.656479 -0.363137 0.661186 0.640016 -0.495408 0.587325 -0.657483 -0.361389 0.661146 0.657483 -0.361389 0.661146 -0.71661 -0.217563 0.662673 -0.78351 -0.210127 0.584773 0.71661 -0.217563 0.662673 0.78351 -0.210127 0.584773 -0.746058 -0.0723364 0.66194 -0.790315 -0.070523 0.608629 0.746058 -0.0723364 0.66194 0.790315 -0.070523 0.608629 -0.746058 0.0723364 0.66194 -0.790315 0.070523 0.608629 0.746058 0.0723364 0.66194 0.790315 0.070523 0.608629 -0.71661 0.217563 0.662673 -0.78351 0.210127 0.584773 0.71661 0.217563 0.662673 0.78351 0.210127 0.584773 -0.657483 0.361389 0.661146 0.657483 0.361389 0.661146 -0.546154 0.510924 0.663832 -0.656479 0.363137 0.661186 -0.640016 0.495408 0.587325 0.546154 0.510924 0.663832 0.656479 0.363137 0.661186 0.640016 0.495408 0.587325 -0.363137 0.656479 0.661186 -0.510924 0.546154 0.663832 -0.495408 0.640016 0.587325 0.363137 0.656479 0.661186 0.510924 0.546154 0.663832 0.495408 0.640016 0.587325 -0.361389 0.657483 0.661146 -0.217563 0.71661 0.662673 -0.210127 0.78351 0.584773 -0.0723364 0.746058 0.66194 -0.070523 0.790315 0.608629 0.0723364 0.746058 0.66194 0.070523 0.790315 0.608629 0.217563 0.71661 0.662673 0.210127 0.78351 0.584773 0.361389 0.657483 0.661146 -0.361579 -0.656823 0.661698 -0.238586 -0.612875 0.7533 -0.224796 -0.682598 0.695361 -0.0793852 -0.653315 0.752913 -0.0762784 -0.695882 0.714093 0.0793852 -0.653315 0.752913 0.0762784 -0.695882 0.714093 0.238586 -0.612875 0.7533 0.224796 -0.682598 0.695361 0.361579 -0.656823 0.661698 -0.518984 -0.518984 0.679199 -0.347376 -0.559377 0.752613 -0.398054 -0.524412 0.752692 -0.391801 -0.550778 0.736977 0.347376 -0.559377 0.752613 0.398054 -0.524412 0.752692 0.391801 -0.550778 0.736977 0.518984 -0.518984 0.679199 -0.656823 -0.361579 0.661698 -0.524412 -0.398054 0.752692 -0.559377 -0.347376 0.752613 -0.550778 -0.391801 0.736977 0.524412 -0.398054 0.752692 0.559377 -0.347376 0.752613 0.550778 -0.391801 0.736977 0.656823 -0.361579 0.661698 -0.612875 -0.238586 0.7533 -0.682598 -0.224796 0.695361 0.612875 -0.238585 0.7533 0.682598 -0.224796 0.695361 -0.653315 -0.0793852 0.752913 -0.695882 -0.0762784 0.714093 0.653315 -0.0793851 0.752913 0.695882 -0.0762784 0.714093 -0.653315 0.0793852 0.752913 -0.695882 0.0762784 0.714093 0.653315 0.0793851 0.752913 0.695882 0.0762784 0.714093 -0.612875 0.238586 0.7533 -0.682598 0.224796 0.695361 0.612875 0.238585 0.7533 0.682598 0.224796 0.695361 -0.656823 0.361579 0.661698 -0.524412 0.398054 0.752692 -0.559377 0.347376 0.752613 -0.550778 0.391801 0.736977 0.524412 0.398054 0.752692 0.559377 0.347376 0.752613 0.550778 0.391801 0.736977 0.656823 0.361579 0.661698 -0.518984 0.518984 0.679199 -0.347376 0.559377 0.752613 -0.398054 0.524412 0.752692 -0.391801 0.550778 0.736977 0.347376 0.559377 0.752613 0.398054 0.524412 0.752692 0.391801 0.550778 0.736977 0.518984 0.518984 0.679199 -0.361579 0.656823 0.661698 -0.238585 0.612875 0.7533 -0.224796 0.682598 0.695361 -0.0793851 0.653315 0.752913 -0.0762784 0.695882 0.714093 0.0793851 0.653315 0.752913 0.0762784 0.695882 0.714093 0.238585 0.612875 0.7533 0.224796 0.682598 0.695361 0.361579 0.656823 0.661698 -0.250034 -0.587796 0.769402 -0.0969529 -0.540243 0.835905 -0.0866148 -0.61253 0.785687 0.0969529 -0.540243 0.835905 0.0866148 -0.61253 0.785687 0.250034 -0.587796 0.769402 -0.436082 -0.436082 0.787189 -0.255728 -0.486799 0.835242 -0.290257 -0.468393 0.834481 -0.286596 -0.480433 0.828883 0.255728 -0.486799 0.835242 0.290257 -0.468393 0.834481 0.286596 -0.480433 0.828883 0.436082 -0.436082 0.787189 -0.587796 -0.250034 0.769402 -0.468393 -0.290257 0.834481 -0.486799 -0.255728 0.835242 -0.480433 -0.286596 0.828883 0.468393 -0.290257 0.834481 0.486799 -0.255728 0.835242 0.480433 -0.286596 0.828883 0.587796 -0.250034 0.769402 -0.540243 -0.0969529 0.835905 -0.61253 -0.0866148 0.785687 0.540243 -0.0969529 0.835905 0.61253 -0.0866148 0.785687 -0.540243 0.0969529 0.835905 -0.61253 0.0866148 0.785687 0.540243 0.0969529 0.835905 0.61253 0.0866148 0.785687 -0.587796 0.250034 0.769402 -0.468393 0.290257 0.834481 -0.486799 0.255728 0.835242 -0.480433 0.286596 0.828883 0.468393 0.290257 0.834481 0.486799 0.255728 0.835242 0.480433 0.286596 0.828883 0.587796 0.250034 0.769402 -0.436082 0.436082 0.787189 -0.255728 0.486799 0.835242 -0.290257 0.468393 0.834481 -0.286596 0.480433 0.828883 0.255728 0.486799 0.835242 0.290257 0.468393 0.834481 0.286596 0.480433 0.828883 0.436082 0.436082 0.787189 -0.250034 0.587796 0.769402 -0.0969529 0.540243 0.835905 -0.0866148 0.61253 0.785687 0.0969529 0.540243 0.835905 0.0866148 0.61253 0.785687 0.250034 0.587796 0.769402 -0.103317 -0.524086 0.845375 0.103317 -0.524086 0.845375 -0.350374 -0.350374 0.868606 -0.171877 -0.256576 0.951119 -0.136371 -0.417015 0.898611 0.171877 -0.256576 0.951119 0.136371 -0.417015 0.898611 0.350374 -0.350374 0.868606 -0.524086 -0.103317 0.845375 -0.256576 -0.171877 0.951119 -0.417015 -0.136371 0.898611 0.256576 -0.171877 0.951119 0.417015 -0.136371 0.898611 0.524086 -0.103317 0.845375 -0.524086 0.103317 0.845375 -0.256576 0.171877 0.951119 -0.417015 0.136371 0.898611 0.256576 0.171877 0.951119 0.417015 0.136371 0.898611 0.524086 0.103317 0.845375 -0.350374 0.350374 0.868606 -0.171877 0.256576 0.951119 -0.136371 0.417015 0.898611 0.171877 0.256576 0.951119 0.136371 0.417015 0.898611 0.350374 0.350374 0.868606 -0.103317 0.524086 0.845375 0.103317 0.524086 0.845375 -0.189481 -0.189481 0.963428 0.189481 -0.189481 0.963428 -0.189481 0.189481 0.963428 0.189481 0.189481 0.963428 -0.189481 -0.189481 -0.963428 0.189481 -0.189481 -0.963428 -0.189481 0.189481 -0.963428 0.189481 0.189481 -0.963428 -0.103317 -0.524086 -0.845375 0.103317 -0.524086 -0.845375 -0.350374 -0.350374 -0.868606 -0.171877 -0.256576 -0.951119 -0.136371 -0.417015 -0.898611 0.171877 -0.256576 -0.951119 0.136371 -0.417015 -0.898611 0.350374 -0.350374 -0.868606 -0.524086 -0.103317 -0.845375 -0.256576 -0.171877 -0.951119 -0.417015 -0.136371 -0.898611 0.256576 -0.171877 -0.951119 0.417015 -0.136371 -0.898611 0.524086 -0.103317 -0.845375 -0.524086 0.103317 -0.845375 -0.256576 0.171877 -0.951119 -0.417015 0.136371 -0.898611 0.256576 0.171877 -0.951119 0.417015 0.136371 -0.898611 0.524086 0.103317 -0.845375 -0.350374 0.350374 -0.868606 -0.171877 0.256576 -0.951119 -0.136371 0.417015 -0.898611 0.171877 0.256576 -0.951119 0.136371 0.417015 -0.898611 0.350374 0.350374 -0.868606 -0.103317 0.524086 -0.845375 0.103317 0.524086 -0.845375 -0.250034 -0.587796 -0.769402 -0.0969529 -0.540243 -0.835905 -0.0866149 -0.61253 -0.785687 0.0969529 -0.540243 -0.835905 0.0866149 -0.61253 -0.785687 0.250034 -0.587796 -0.769402 -0.436082 -0.436082 -0.787188 -0.255728 -0.486799 -0.835242 -0.290257 -0.468393 -0.834481 -0.286596 -0.480433 -0.828883 0.255728 -0.486799 -0.835242 0.290257 -0.468393 -0.834481 0.286596 -0.480433 -0.828883 0.436082 -0.436082 -0.787188 -0.587796 -0.250034 -0.769402 -0.468393 -0.290257 -0.834481 -0.486799 -0.255728 -0.835242 -0.480433 -0.286596 -0.828883 0.468393 -0.290257 -0.834481 0.486799 -0.255728 -0.835242 0.480433 -0.286596 -0.828883 0.587796 -0.250034 -0.769402 -0.540243 -0.0969529 -0.835905 -0.61253 -0.0866149 -0.785687 0.540243 -0.0969529 -0.835905 0.61253 -0.0866149 -0.785687 -0.540243 0.0969529 -0.835905 -0.61253 0.0866149 -0.785687 0.540243 0.0969529 -0.835905 0.61253 0.0866149 -0.785687 -0.587796 0.250034 -0.769402 -0.468393 0.290257 -0.834481 -0.486799 0.255728 -0.835242 -0.480433 0.286596 -0.828883 0.468393 0.290257 -0.834481 0.486799 0.255728 -0.835242 0.480433 0.286596 -0.828883 0.587796 0.250034 -0.769402 -0.436082 0.436082 -0.787188 -0.255728 0.486799 -0.835242 -0.290257 0.468393 -0.834481 -0.286596 0.480433 -0.828883 0.255728 0.486799 -0.835242 0.290257 0.468393 -0.834481 0.286596 0.480433 -0.828883 0.436082 0.436082 -0.787188 -0.250034 0.587796 -0.769402 -0.0969529 0.540243 -0.835905 -0.0866149 0.61253 -0.785687 0.0969529 0.540243 -0.835905 0.0866149 0.61253 -0.785687 0.250034 0.587796 -0.769402 -0.361579 -0.656823 -0.661698 -0.238586 -0.612875 -0.7533 -0.224796 -0.682598 -0.695361 -0.0793852 -0.653315 -0.752913 -0.0762784 -0.695883 -0.714093 0.0793852 -0.653315 -0.752913 0.0762784 -0.695883 -0.714093 0.238586 -0.612875 -0.7533 0.224796 -0.682598 -0.695361 0.361579 -0.656823 -0.661698 -0.518984 -0.518984 -0.679199 -0.347376 -0.559377 -0.752613 -0.398054 -0.524412 -0.752692 -0.391801 -0.550778 -0.736977 0.347376 -0.559377 -0.752613 0.398054 -0.524412 -0.752692 0.391801 -0.550778 -0.736977 0.518984 -0.518984 -0.679199 -0.656823 -0.361579 -0.661698 -0.524412 -0.398054 -0.752692 -0.559377 -0.347376 -0.752613 -0.550778 -0.391801 -0.736977 0.524412 -0.398054 -0.752692 0.559377 -0.347376 -0.752613 0.550778 -0.391801 -0.736977 0.656823 -0.361579 -0.661698 -0.612875 -0.238586 -0.7533 -0.682598 -0.224796 -0.695361 0.612875 -0.238585 -0.7533 0.682598 -0.224796 -0.695361 -0.653315 -0.0793852 -0.752913 -0.695883 -0.0762784 -0.714093 0.653315 -0.0793851 -0.752913 0.695883 -0.0762784 -0.714093 -0.653315 0.0793852 -0.752913 -0.695883 0.0762784 -0.714093 0.653315 0.0793851 -0.752913 0.695883 0.0762784 -0.714093 -0.612875 0.238586 -0.7533 -0.682598 0.224796 -0.695361 0.612875 0.238585 -0.7533 0.682598 0.224796 -0.695361 -0.656823 0.361579 -0.661698 -0.524412 0.398054 -0.752692 -0.559377 0.347376 -0.752613 -0.550778 0.391801 -0.736977 0.524412 0.398054 -0.752692 0.559377 0.347376 -0.752613 0.550778 0.391801 -0.736977 0.656823 0.361579 -0.661698 -0.518984 0.518984 -0.679199 -0.347376 0.559377 -0.752613 -0.398054 0.524412 -0.752692 -0.391801 0.550778 -0.736977 0.347376 0.559377 -0.752613 0.398054 0.524412 -0.752692 0.391801 0.550778 -0.736977 0.518984 0.518984 -0.679199 -0.361579 0.656823 -0.661698 -0.238585 0.612875 -0.7533 -0.224796 0.682598 -0.695361 -0.0793851 0.653315 -0.752913 -0.0762784 0.695883 -0.714093 0.0793851 0.653315 -0.752913 0.0762784 0.695883 -0.714093 0.238585 0.612875 -0.7533 0.224796 0.682598 -0.695361 0.361579 0.656823 -0.661698 -0.361389 -0.657483 -0.661146 -0.217563 -0.71661 -0.662673 -0.210127 -0.78351 -0.584773 -0.0723364 -0.746058 -0.66194 -0.070523 -0.790315 -0.608629 0.0723364 -0.746058 -0.66194 0.070523 -0.790315 -0.608629 0.217563 -0.71661 -0.662673 0.210127 -0.78351 -0.584773 0.361389 -0.657483 -0.661146 -0.363137 -0.656479 -0.661186 -0.510924 -0.546154 -0.663832 -0.495408 -0.640016 -0.587325 0.363137 -0.656479 -0.661186 0.510924 -0.546154 -0.663832 0.495408 -0.640016 -0.587325 -0.546154 -0.510924 -0.663832 -0.656479 -0.363137 -0.661186 -0.640016 -0.495408 -0.587325 0.546154 -0.510924 -0.663832 0.656479 -0.363137 -0.661186 0.640016 -0.495408 -0.587325 -0.657483 -0.361389 -0.661146 0.657483 -0.361389 -0.661146 -0.71661 -0.217563 -0.662673 -0.78351 -0.210127 -0.584773 0.71661 -0.217563 -0.662673 0.78351 -0.210127 -0.584773 -0.746058 -0.0723364 -0.66194 -0.790315 -0.070523 -0.608629 0.746058 -0.0723364 -0.66194 0.790315 -0.070523 -0.608629 -0.746058 0.0723364 -0.66194 -0.790315 0.070523 -0.608629 0.746058 0.0723364 -0.66194 0.790315 0.070523 -0.608629 -0.71661 0.217563 -0.662673 -0.78351 0.210127 -0.584773 0.71661 0.217563 -0.662673 0.78351 0.210127 -0.584773 -0.657483 0.361389 -0.661146 0.657483 0.361389 -0.661146 -0.546154 0.510924 -0.663832 -0.656479 0.363137 -0.661186 -0.640016 0.495408 -0.587325 0.546154 0.510924 -0.663832 0.656479 0.363137 -0.661186 0.640016 0.495408 -0.587325 -0.363137 0.656479 -0.661186 -0.510924 0.546154 -0.663832 -0.495408 0.640016 -0.587325 0.363137 0.656479 -0.661186 0.510924 0.546154 -0.663832 0.495408 0.640016 -0.587325 -0.361389 0.657483 -0.661146 -0.217563 0.71661 -0.662673 -0.210127 0.78351 -0.584773 -0.0723364 0.746058 -0.66194 -0.070523 0.790315 -0.608629 0.0723364 0.746058 -0.66194 0.070523 0.790315 -0.608629 0.217563 0.71661 -0.662673 0.210127 0.78351 -0.584773 0.361389 0.657483 -0.661146 -0.208793 -0.805062 -0.55523 -0.0696126 -0.829001 -0.554897 0.0696126 -0.829001 -0.554897 0.208793 -0.805062 -0.55523 -0.491883 -0.668405 -0.557931 -0.295271 -0.77661 -0.5565 -0.348811 -0.754071 -0.556515 -0.347315 -0.774281 -0.52902 0.295271 -0.77661 -0.5565 0.348811 -0.754071 -0.556515 0.347315 -0.774281 -0.52902 0.491883 -0.668405 -0.557931 -0.533718 -0.635146 -0.558332 -0.635146 -0.533718 -0.558332 -0.628953 -0.628953 -0.456986 0.533718 -0.635146 -0.558332 0.635146 -0.533718 -0.558332 0.628953 -0.628953 -0.456986 -0.668405 -0.491883 -0.557931 0.668405 -0.491883 -0.557931 -0.754071 -0.348811 -0.556515 -0.77661 -0.295271 -0.5565 -0.774281 -0.347315 -0.52902 0.754071 -0.348811 -0.556515 0.77661 -0.295271 -0.5565 0.774281 -0.347315 -0.52902 -0.805062 -0.208793 -0.55523 0.805062 -0.208793 -0.55523 -0.829001 -0.0696126 -0.554897 0.829001 -0.0696126 -0.554897 -0.829001 0.0696126 -0.554897 0.829001 0.0696126 -0.554897 -0.805062 0.208793 -0.55523 0.805062 0.208793 -0.55523 -0.754071 0.348811 -0.556515 -0.77661 0.295271 -0.5565 -0.774281 0.347315 -0.52902 0.754071 0.348811 -0.556515 0.77661 0.295271 -0.5565 0.774281 0.347315 -0.52902 -0.668405 0.491883 -0.557931 0.668405 0.491883 -0.557931 -0.533718 0.635146 -0.558332 -0.635146 0.533718 -0.558332 -0.628953 0.628953 -0.456986 0.533718 0.635146 -0.558332 0.635146 0.533718 -0.558332 0.628953 0.628953 -0.456986 -0.491883 0.668405 -0.557931 -0.295271 0.77661 -0.5565 -0.348811 0.754071 -0.556515 -0.347315 0.774281 -0.52902 0.295271 0.77661 -0.5565 0.348811 0.754071 -0.556515 0.347315 0.774281 -0.52902 0.491883 0.668405 -0.557931 -0.208793 0.805062 -0.55523 -0.0696126 0.829001 -0.554897 0.0696126 0.829001 -0.554897 0.208793 0.805062 -0.55523 -0.347519 -0.834254 -0.428078 -0.207084 -0.880176 -0.427091 -0.207189 -0.913479 -0.350184 -0.0685553 -0.901931 -0.426404 -0.0685786 -0.909189 -0.410699 0.0685553 -0.901931 -0.426404 0.0685786 -0.909189 -0.410699 0.207084 -0.880176 -0.427091 0.207189 -0.913479 -0.350184 0.347519 -0.834254 -0.428078 -0.628914 -0.647816 -0.429885 -0.472505 -0.769672 -0.429354 -0.485751 -0.761433 -0.429262 -0.485926 -0.77005 -0.413399 0.472505 -0.769672 -0.429354 0.485751 -0.761433 -0.429262 0.485926 -0.77005 -0.413399 0.628914 -0.647816 -0.429885 -0.647816 -0.628914 -0.429885 0.647816 -0.628914 -0.429885 -0.761433 -0.485751 -0.429262 -0.769672 -0.472505 -0.429354 -0.77005 -0.485926 -0.413399 0.761433 -0.485751 -0.429262 0.769672 -0.472505 -0.429354 0.77005 -0.485926 -0.413399 -0.834254 -0.347519 -0.428078 0.834255 -0.347519 -0.428077 -0.880176 -0.207084 -0.427091 -0.913479 -0.207189 -0.350184 0.880176 -0.207084 -0.427091 0.913479 -0.207189 -0.350184 -0.901931 -0.0685553 -0.426404 -0.909189 -0.0685786 -0.410699 0.901931 -0.0685554 -0.426404 0.909189 -0.0685786 -0.410699 -0.901931 0.0685553 -0.426404 -0.909189 0.0685786 -0.410699 0.901931 0.0685554 -0.426404 0.909189 0.0685786 -0.410699 -0.880176 0.207084 -0.427091 -0.913479 0.207189 -0.350184 0.880176 0.207084 -0.427091 0.913479 0.207189 -0.350184 -0.834254 0.347519 -0.428078 0.834255 0.347519 -0.428077 -0.761433 0.485751 -0.429262 -0.769672 0.472505 -0.429354 -0.77005 0.485926 -0.413399 0.761433 0.485751 -0.429262 0.769672 0.472505 -0.429354 0.77005 0.485926 -0.413399 -0.647816 0.628914 -0.429885 0.647816 0.628914 -0.429885 -0.628914 0.647816 -0.429885 -0.472505 0.769672 -0.429354 -0.485751 0.761433 -0.429262 -0.485926 0.77005 -0.413399 0.472505 0.769672 -0.429354 0.485751 0.761433 -0.429262 0.485926 0.77005 -0.413399 0.628914 0.647816 -0.429885 -0.347519 0.834255 -0.428077 -0.207084 0.880176 -0.427091 -0.207189 0.913479 -0.350184 -0.0685554 0.901931 -0.426404 -0.0685786 0.909189 -0.410699 0.0685554 0.901931 -0.426404 0.0685786 0.909189 -0.410699 0.207084 0.880176 -0.427091 0.207189 0.913479 -0.350184 0.347519 0.834255 -0.428077 -0.208288 -0.938662 -0.274826 -0.0694744 -0.95923 -0.273955 0.0694744 -0.95923 -0.273955 0.208288 -0.938662 -0.274826 -0.491272 -0.826064 -0.276168 -0.289703 -0.916267 -0.276635 -0.348081 -0.895929 -0.275956 -0.350004 -0.921546 -0.168077 0.289703 -0.916267 -0.276635 0.348081 -0.895929 -0.275956 0.350004 -0.921546 -0.168077 0.491272 -0.826064 -0.276168 -0.565468 -0.776723 -0.277392 -0.633989 -0.721965 -0.277171 0.565468 -0.776723 -0.277392 0.633989 -0.721965 -0.277171 -0.721965 -0.633989 -0.277171 -0.776723 -0.565468 -0.277392 0.721965 -0.633989 -0.277171 0.776723 -0.565468 -0.277392 -0.826064 -0.491272 -0.276168 0.826064 -0.491272 -0.276168 -0.895929 -0.348081 -0.275956 -0.916267 -0.289703 -0.276635 -0.921546 -0.350004 -0.168077 0.895929 -0.348081 -0.275955 0.916267 -0.289703 -0.276635 0.921546 -0.350004 -0.168077 -0.938662 -0.208288 -0.274826 0.938662 -0.208288 -0.274827 -0.95923 -0.0694744 -0.273955 0.95923 -0.0694744 -0.273955 -0.95923 0.0694744 -0.273955 0.95923 0.0694744 -0.273955 -0.938662 0.208288 -0.274826 0.938662 0.208288 -0.274827 -0.895929 0.348081 -0.275956 -0.916267 0.289703 -0.276635 -0.921546 0.350004 -0.168077 0.895929 0.348081 -0.275955 0.916267 0.289703 -0.276635 0.921546 0.350004 -0.168077 -0.826064 0.491272 -0.276168 0.826064 0.491272 -0.276168 -0.721965 0.633989 -0.277171 -0.776723 0.565468 -0.277392 0.721965 0.633989 -0.277171 0.776723 0.565468 -0.277392 -0.565468 0.776723 -0.277392 -0.633989 0.721965 -0.277171 0.565468 0.776723 -0.277392 0.633989 0.721965 -0.277171 -0.491272 0.826064 -0.276168 -0.289703 0.916267 -0.276635 -0.348081 0.895929 -0.275955 -0.350004 0.921546 -0.168077 0.289703 0.916267 -0.276635 0.348081 0.895929 -0.275955 0.350004 0.921546 -0.168077 0.491272 0.826064 -0.276168 -0.208288 0.938662 -0.274827 -0.0694744 0.95923 -0.273955 0.0694744 0.95923 -0.273955 0.208288 0.938662 -0.274827 -0.350579 -0.930838 -0.103128 -0.210745 -0.972299 -0.1011 -0.0701788 -0.992438 -0.100704 0.0701788 -0.992438 -0.100704 0.210745 -0.972299 -0.1011 0.350579 -0.930838 -0.103128 -0.371674 -0.922557 -0.103673 -0.495269 -0.862716 -0.102126 0.371674 -0.922557 -0.103673 0.495269 -0.862716 -0.102126 -0.616292 -0.780637 -0.103875 -0.636769 -0.764045 -0.103734 0.616292 -0.780637 -0.103875 0.636769 -0.764045 -0.103734 -0.764045 -0.636769 -0.103734 -0.780637 -0.616292 -0.103875 0.764045 -0.636769 -0.103734 0.780637 -0.616292 -0.103875 -0.862716 -0.495269 -0.102126 -0.922557 -0.371674 -0.103673 0.862716 -0.495269 -0.102126 0.922557 -0.371674 -0.103673 -0.930838 -0.350579 -0.103128 0.930838 -0.350579 -0.103128 -0.972299 -0.210745 -0.1011 0.972299 -0.210745 -0.1011 -0.992438 -0.0701788 -0.100704 0.992438 -0.0701788 -0.100704 -0.992438 0.0701788 -0.100704 0.992438 0.0701788 -0.100704 -0.972299 0.210745 -0.1011 0.972299 0.210745 -0.1011 -0.930838 0.350579 -0.103128 0.930838 0.350579 -0.103128 -0.862716 0.495269 -0.102126 -0.922557 0.371674 -0.103673 0.862716 0.495269 -0.102126 0.922557 0.371674 -0.103673 -0.764045 0.636769 -0.103734 -0.780637 0.616292 -0.103875 0.764045 0.636769 -0.103734 0.780637 0.616292 -0.103875 -0.616292 0.780637 -0.103875 -0.636769 0.764045 -0.103734 0.616292 0.780637 -0.103875 0.636769 0.764045 -0.103734 -0.371674 0.922557 -0.103673 -0.495269 0.862716 -0.102126 0.371674 0.922557 -0.103673 0.495269 0.862716 -0.102126 -0.350579 0.930838 -0.103128 -0.210745 0.972299 -0.1011 -0.0701788 0.992438 -0.100704 0.0701788 0.992438 -0.100704 0.210745 0.972299 -0.1011 0.350579 0.930838 -0.103128 -0.351775 -0.932355 0.0834835 -0.211432 -0.97363 0.0856793 -0.0704192 -0.993807 0.085959 0.0704192 -0.993807 0.085959 0.211432 -0.97363 0.0856793 0.351775 -0.932355 0.0834835 -0.373058 -0.92408 0.0830913 -0.496356 -0.863904 0.085441 0.373058 -0.92408 0.0830913 0.496356 -0.863904 0.085441 -0.617769 -0.781909 0.0835388 -0.638079 -0.765409 0.0836876 0.617769 -0.781909 0.0835388 0.638079 -0.765409 0.0836876 -0.765409 -0.638079 0.0836876 -0.781909 -0.617769 0.0835388 0.765409 -0.638079 0.0836876 0.781909 -0.617769 0.0835388 -0.863904 -0.496356 0.085441 -0.92408 -0.373058 0.0830913 0.863904 -0.496356 0.085441 0.92408 -0.373058 0.0830913 -0.932355 -0.351775 0.0834835 0.932355 -0.351775 0.0834835 -0.97363 -0.211432 0.0856793 0.97363 -0.211432 0.0856794 -0.993807 -0.0704192 0.085959 0.993807 -0.0704192 0.085959 -0.993807 0.0704192 0.085959 0.993807 0.0704192 0.085959 -0.97363 0.211432 0.0856793 0.97363 0.211432 0.0856794 -0.932355 0.351775 0.0834835 0.932355 0.351775 0.0834835 -0.863904 0.496356 0.085441 -0.92408 0.373058 0.0830913 0.863904 0.496356 0.085441 0.92408 0.373058 0.0830913 -0.765409 0.638079 0.0836876 -0.781909 0.617769 0.0835388 0.765409 0.638079 0.0836876 0.781909 0.617769 0.0835388 -0.617769 0.781909 0.0835388 -0.638079 0.765409 0.0836876 0.617769 0.781909 0.0835388 0.638079 0.765409 0.0836876 -0.373058 0.92408 0.0830913 -0.496356 0.863904 0.085441 0.373058 0.92408 0.0830913 0.496356 0.863904 0.085441 -0.351775 0.932355 0.0834835 -0.211432 0.97363 0.0856794 -0.0704192 0.993807 0.085959 0.0704192 0.993807 0.085959 0.211432 0.97363 0.0856794 0.351775 0.932355 0.0834835 -0.209652 -0.938324 0.274944 -0.0699228 -0.958616 0.275983 0.0699228 -0.958616 0.275983 0.209652 -0.938324 0.274944 -0.492538 -0.825194 0.276516 -0.288597 -0.917423 0.273947 -0.350079 -0.895499 0.274819 -0.351973 -0.923767 0.150897 0.288597 -0.917423 0.273947 0.350079 -0.895499 0.274819 0.351973 -0.923767 0.150897 0.492538 -0.825194 0.276516 -0.565894 -0.777051 0.275602 -0.6348 -0.721619 0.276216 0.565894 -0.777051 0.275602 0.6348 -0.721619 0.276216 -0.721619 -0.6348 0.276216 -0.777051 -0.565894 0.275602 0.721619 -0.6348 0.276216 0.777051 -0.565894 0.275602 -0.825194 -0.492538 0.276516 0.825194 -0.492538 0.276516 -0.895499 -0.350079 0.274819 -0.917423 -0.288597 0.273947 -0.923767 -0.351973 0.150897 0.895499 -0.350079 0.274819 0.917423 -0.288597 0.273947 0.923767 -0.351973 0.150897 -0.938324 -0.209652 0.274944 0.938324 -0.209652 0.274944 -0.958616 -0.0699228 0.275983 0.958616 -0.0699228 0.275983 -0.958616 0.0699228 0.275983 0.958616 0.0699228 0.275983 -0.938324 0.209652 0.274944 0.938324 0.209652 0.274944 -0.895499 0.350079 0.274819 -0.917423 0.288597 0.273947 -0.923767 0.351973 0.150897 0.895499 0.350079 0.274819 0.917423 0.288597 0.273947 0.923767 0.351973 0.150897 -0.825194 0.492538 0.276516 0.825194 0.492538 0.276516 -0.721619 0.6348 0.276216 -0.777051 0.565894 0.275602 0.721619 0.6348 0.276216 0.777051 0.565894 0.275602 -0.565894 0.777051 0.275602 -0.6348 0.721619 0.276216 0.565894 0.777051 0.275602 0.6348 0.721619 0.276216 -0.492538 0.825194 0.276516 -0.288597 0.917423 0.273947 -0.350079 0.895499 0.274819 -0.351973 0.923767 0.150897 0.288597 0.917423 0.273947 0.350079 0.895499 0.274819 0.351973 0.923767 0.150897 0.492538 0.825194 0.276516 -0.209652 0.938324 0.274944 -0.0699228 0.958616 0.275983 0.0699228 0.958616 0.275983 0.209652 0.938324 0.274944 -0.344934 -0.817174 0.461788 -0.206421 -0.863219 0.460699 -0.208541 -0.911763 0.353834 -0.0686012 -0.885872 0.458829 -0.0689158 -0.903863 0.422234 0.0686012 -0.885872 0.458829 0.0689158 -0.903863 0.422234 0.206421 -0.863219 0.460699 0.208541 -0.911763 0.353834 0.344934 -0.817174 0.461788 -0.621752 -0.633883 0.460018 -0.45715 -0.761313 0.459801 -0.482677 -0.745286 0.45997 -0.485048 -0.765114 0.423473 0.45715 -0.761313 0.459801 0.482677 -0.745286 0.45997 0.485048 -0.765114 0.423473 0.621752 -0.633883 0.460018 -0.633883 -0.621752 0.460018 0.633883 -0.621752 0.460019 -0.745286 -0.482677 0.45997 -0.761313 -0.45715 0.459801 -0.765114 -0.485048 0.423473 0.745286 -0.482677 0.45997 0.761313 -0.45715 0.459801 0.765114 -0.485048 0.423473 -0.817174 -0.344934 0.461788 0.817174 -0.344934 0.461788 -0.863219 -0.206421 0.460699 -0.911763 -0.208541 0.353834 0.863219 -0.206421 0.460699 0.911763 -0.208541 0.353834 -0.885872 -0.0686012 0.458829 -0.903863 -0.0689158 0.422234 0.885872 -0.0686012 0.458829 0.903863 -0.0689158 0.422234 -0.885872 0.0686012 0.458829 -0.903863 0.0689158 0.422234 0.885872 0.0686012 0.458829 0.903863 0.0689158 0.422234 -0.863219 0.206421 0.460699 -0.911763 0.208541 0.353834 0.863219 0.206421 0.460699 0.911763 0.208541 0.353834 -0.817174 0.344934 0.461788 0.817174 0.344934 0.461788 -0.745286 0.482677 0.45997 -0.761313 0.45715 0.459801 -0.765114 0.485048 0.423473 0.745286 0.482677 0.45997 0.761313 0.45715 0.459801 0.765114 0.485048 0.423473 -0.633883 0.621752 0.460018 0.633883 0.621752 0.460019 -0.621752 0.633883 0.460019 -0.45715 0.761313 0.459801 -0.482677 0.745286 0.45997 -0.485048 0.765114 0.423473 0.45715 0.761313 0.459801 0.482677 0.745286 0.45997 0.485048 0.765114 0.423473 0.621752 0.633883 0.460019 -0.344934 0.817174 0.461788 -0.206421 0.863219 0.460699 -0.208541 0.911763 0.353834 -0.0686012 0.885872 0.458829 -0.0689158 0.903863 0.422234 0.0686012 0.885872 0.458829 0.0689158 0.903863 0.422234 0.206421 0.863219 0.460699 0.208541 0.911763 0.353834 0.344934 0.817174 0.461788 -0.200686 -0.748861 0.631611 -0.0669632 -0.771223 0.633034 0.0669632 -0.771223 0.633034 0.200686 -0.748861 0.631611 -0.469707 -0.616046 0.632347 -0.230002 -0.740158 0.631874 -0.335605 -0.696991 0.633698 -0.339502 -0.75032 0.567237 0.230002 -0.740158 0.631874 0.335605 -0.696991 0.633698 0.339502 -0.75032 0.567237 0.469707 -0.616046 0.632347 -0.484002 -0.604857 0.632369 -0.604857 -0.484002 0.632369 -0.620198 -0.620198 0.480321 0.484002 -0.604857 0.632369 0.604857 -0.484002 0.632369 0.620198 -0.620198 0.480321 -0.616046 -0.469707 0.632347 0.616046 -0.469707 0.632347 -0.696991 -0.335605 0.633698 -0.740158 -0.230002 0.631874 -0.75032 -0.339502 0.567237 0.696991 -0.335605 0.633698 0.740158 -0.230002 0.631874 0.75032 -0.339502 0.567237 -0.748861 -0.200686 0.631611 0.748861 -0.200686 0.631611 -0.771223 -0.0669632 0.633034 0.771223 -0.0669632 0.633034 -0.771223 0.0669632 0.633034 0.771223 0.0669632 0.633034 -0.748861 0.200686 0.631611 0.748861 0.200686 0.631611 -0.696991 0.335605 0.633698 -0.740158 0.230002 0.631874 -0.75032 0.339502 0.567237 0.696991 0.335605 0.633698 0.740158 0.230002 0.631874 0.75032 0.339502 0.567237 -0.616046 0.469707 0.632347 0.616046 0.469707 0.632347 -0.484002 0.604857 0.632369 -0.604857 0.484002 0.632369 -0.620198 0.620198 0.480321 0.484002 0.604857 0.632369 0.604857 0.484002 0.632369 0.620198 0.620198 0.480321 -0.469707 0.616046 0.632347 -0.230002 0.740158 0.631874 -0.335605 0.696991 0.633698 -0.339502 0.75032 0.567237 0.230002 0.740158 0.631874 0.335605 0.696991 0.633698 0.339502 0.75032 0.567237 0.469707 0.616046 0.632347 -0.200686 0.748861 0.631611 -0.0669632 0.771223 0.633034 0.0669632 0.771223 0.633034 0.200686 0.748861 0.631611 -0.193935 -0.585578 0.787076 -0.200202 -0.737769 0.644683 -0.0647265 -0.611279 0.788764 -0.0664196 -0.734489 0.675363 0.0647265 -0.611279 0.788764 0.0664196 -0.734489 0.675363 0.193935 -0.585578 0.787076 0.200202 -0.737769 0.644683 -0.468523 -0.603249 0.645428 -0.199333 -0.583609 0.787189 -0.324354 -0.520723 0.78971 -0.328793 -0.59322 0.734837 0.199333 -0.583609 0.787189 0.324354 -0.520723 0.78971 0.328793 -0.59322 0.734837 0.468523 -0.603249 0.645428 -0.603249 -0.468523 0.645428 -0.413426 -0.454311 0.789101 -0.454311 -0.413426 0.789101 -0.457218 -0.457218 0.762826 0.413426 -0.454311 0.789101 0.454311 -0.413426 0.789101 0.457218 -0.457218 0.762826 0.603249 -0.468523 0.645428 -0.520723 -0.324354 0.78971 -0.583609 -0.199333 0.787189 -0.59322 -0.328793 0.734837 0.520723 -0.324354 0.78971 0.583609 -0.199333 0.787189 0.59322 -0.328793 0.734837 -0.585578 -0.193935 0.787076 -0.737769 -0.200202 0.644683 0.585578 -0.193935 0.787076 0.737769 -0.200202 0.644683 -0.611279 -0.0647265 0.788764 -0.734489 -0.0664196 0.675363 0.611279 -0.0647265 0.788764 0.734489 -0.0664196 0.675363 -0.611279 0.0647265 0.788764 -0.734489 0.0664196 0.675363 0.611279 0.0647265 0.788764 0.734489 0.0664196 0.675363 -0.585578 0.193935 0.787076 -0.737769 0.200202 0.644683 0.585578 0.193935 0.787076 0.737769 0.200202 0.644683 -0.520723 0.324354 0.78971 -0.583609 0.199333 0.787189 -0.59322 0.328793 0.734837 0.520723 0.324354 0.78971 0.583609 0.199333 0.787189 0.59322 0.328793 0.734837 -0.603249 0.468523 0.645428 -0.413426 0.454311 0.789101 -0.454311 0.413426 0.789101 -0.457218 0.457218 0.762826 0.413426 0.454311 0.789101 0.454311 0.413426 0.789101 0.457218 0.457218 0.762826 0.603249 0.468523 0.645428 -0.468523 0.603249 0.645428 -0.199333 0.583609 0.787189 -0.324354 0.520723 0.78971 -0.328793 0.59322 0.734837 0.199333 0.583609 0.787189 0.324354 0.520723 0.78971 0.328793 0.59322 0.734837 0.468523 0.603249 0.645428 -0.193935 0.585578 0.787076 -0.200202 0.737769 0.644683 -0.0647265 0.611279 0.788764 -0.0664196 0.734489 0.675363 0.0647265 0.611279 0.788764 0.0664196 0.734489 0.675363 0.193935 0.585578 0.787076 0.200202 0.737769 0.644683 -0.193844 -0.583229 0.78884 -0.064345 -0.580961 0.811384 0.064345 -0.580961 0.811384 0.193844 -0.583229 0.78884 -0.320745 -0.449453 0.833735 -0.186668 -0.327483 0.926234 -0.190132 -0.444321 0.875459 -0.0622759 -0.368852 0.9274 -0.0629187 -0.441252 0.895175 0.0622759 -0.368852 0.9274 0.0629187 -0.441252 0.895175 0.186668 -0.327483 0.926234 0.190132 -0.444321 0.875459 0.320745 -0.449453 0.833735 -0.449453 -0.320745 0.833735 -0.211312 -0.311385 0.926491 -0.311385 -0.211312 0.926491 -0.314946 -0.314946 0.895331 0.211312 -0.311385 0.926491 0.311385 -0.211312 0.926491 0.314946 -0.314946 0.895331 0.449453 -0.320745 0.833735 -0.583229 -0.193844 0.78884 -0.327483 -0.186668 0.926234 -0.444321 -0.190132 0.875459 0.327483 -0.186668 0.926234 0.444321 -0.190132 0.875459 0.583229 -0.193844 0.78884 -0.580961 -0.064345 0.811384 -0.368852 -0.0622759 0.9274 -0.441252 -0.0629187 0.895175 0.368852 -0.0622759 0.9274 0.441252 -0.0629187 0.895175 0.580961 -0.064345 0.811384 -0.580961 0.064345 0.811384 -0.368852 0.0622759 0.9274 -0.441252 0.0629187 0.895175 0.368852 0.0622759 0.9274 0.441252 0.0629187 0.895175 0.580961 0.064345 0.811384 -0.583229 0.193844 0.78884 -0.327483 0.186668 0.926234 -0.444321 0.190132 0.875459 0.327483 0.186668 0.926234 0.444321 0.190132 0.875459 0.583229 0.193844 0.78884 -0.449453 0.320745 0.833735 -0.211312 0.311385 0.926491 -0.311385 0.211312 0.926491 -0.314946 0.314946 0.895331 0.211312 0.311385 0.926491 0.311385 0.211312 0.926491 0.314946 0.314946 0.895331 0.449453 0.320745 0.833735 -0.320745 0.449453 0.833735 -0.186668 0.327483 0.926234 -0.190132 0.444321 0.875459 -0.0622759 0.368852 0.9274 -0.0629187 0.441252 0.895175 0.0622759 0.368852 0.9274 0.0629187 0.441252 0.895175 0.186668 0.327483 0.926234 0.190132 0.444321 0.875459 0.320745 0.449453 0.833735 -0.193844 0.583229 0.78884 -0.064345 0.580961 0.811384 0.064345 0.580961 0.811384 0.193844 0.583229 0.78884 -0.186233 -0.310558 0.932133 -0.0618334 -0.309401 0.948919 0.0618334 -0.309401 0.948919 0.186233 -0.310558 0.932133 -0.310558 -0.186233 0.932133 -0.184762 -0.184762 0.96526 -0.0612744 -0.183883 0.981036 0.0612744 -0.183883 0.981036 0.184762 -0.184762 0.96526 0.310558 -0.186233 0.932133 -0.309401 -0.0618334 0.948919 -0.183883 -0.0612744 0.981036 -0.060958 -0.060958 0.996277 0.060958 -0.060958 0.996277 0.183883 -0.0612744 0.981036 0.309401 -0.0618334 0.948919 -0.309401 0.0618334 0.948919 -0.183883 0.0612744 0.981036 -0.060958 0.060958 0.996277 0.060958 0.060958 0.996277 0.183883 0.0612744 0.981036 0.309401 0.0618334 0.948919 -0.310558 0.186233 0.932133 -0.184762 0.184762 0.96526 -0.0612744 0.183883 0.981036 0.0612744 0.183883 0.981036 0.184762 0.184762 0.96526 0.310558 0.186233 0.932133 -0.186233 0.310558 0.932133 -0.0618334 0.309401 0.948919 0.0618334 0.309401 0.948919 0.186233 0.310558 0.932133"/>
    </IndexedTriangleSet>
   </Shape>
  </Transform>
  </Group>
  <Group>
  <Transform rotation="0 0 1 0" translation="0 0 0">
   <Shape>
    <Appearance DEF='ap1'>
     <Material ambientIntensity='1' diffuseColor='0 0.333333 0.498039' specularColor='0.85 0.85 0.85' shininess='0.234375' transparency='0'/>
    </Appearance>
    <IndexedTriangleSet DEF='its1' index="0 2 1 18 0 17 2 0 18 19 2 18 3 2 4 3 1 2 20 4 2 19 20 2 5 4 6 5 3 4 21 6 4 20 21 4 7 6 8 7 5 6 22 8 6 21 22 6 9 8 10 9 7 8 23 10 8 22 23 8 12 10 13 12 9 10 24 13 10 23 24 10 11 12 13 13 25 11 26 25 13 24 26 13 14 16 15 34 14 33 16 14 34 35 16 34 17 16 18 17 15 16 36 18 16 35 36 16 37 19 18 36 37 18 38 20 19 37 38 19 39 21 20 38 39 20 40 22 21 39 40 21 41 23 22 40 41 22 42 24 23 41 42 23 43 26 24 42 43 24 28 26 29 28 25 26 44 29 26 43 44 26 27 28 29 29 45 27 46 45 29 44 46 29 30 32 31 52 30 51 32 30 52 53 32 52 33 32 34 33 31 32 54 34 32 53 54 32 55 35 34 54 55 34 56 36 35 55 56 35 57 37 36 56 57 36 58 38 37 57 58 37 59 39 38 58 59 38 60 40 39 59 60 39 61 41 40 60 61 40 62 42 41 61 62 41 63 43 42 62 63 42 64 44 43 63 64 43 65 46 44 64 65 44 48 46 49 48 45 46 66 49 46 65 66 46 47 48 49 49 68 47 69 68 49 66 69 49 50 52 51 72 50 71 52 50 72 73 52 72 74 53 52 73 74 52 75 54 53 74 75 53 76 55 54 75 76 54 77 56 55 76 77 55 79 57 56 77 79 56 81 58 57 79 81 57 83 59 58 81 83 58 85 60 59 83 85 59 87 61 60 85 87 60 89 62 61 87 89 61 90 63 62 89 90 62 91 64 63 90 91 63 92 65 64 91 92 64 93 66 65 92 93 65 94 69 66 93 94 66 67 68 69 69 96 67 97 96 69 94 97 69 70 72 71 70 99 72 70 98 99 100 73 72 99 100 72 101 74 73 100 101 73 102 75 74 101 102 74 103 76 75 102 103 75 106 77 76 103 106 76 79 104 78 106 104 79 77 106 79 78 81 79 78 80 81 80 83 81 80 82 83 82 85 83 82 84 85 84 87 85 84 86 87 86 89 87 86 88 89 109 88 107 89 88 109 90 89 109 110 91 90 109 110 90 111 92 91 110 111 91 112 93 92 111 112 92 113 94 93 112 113 93 115 97 94 113 115 94 95 96 97 97 114 95 97 115 114 118 98 117 99 98 118 119 99 118 120 100 99 119 120 99 121 101 100 120 121 100 122 102 101 121 122 101 125 103 102 122 125 102 106 123 105 125 123 106 103 125 106 105 104 106 108 109 107 128 108 126 109 108 128 110 109 128 129 111 110 128 129 110 130 112 111 129 130 111 131 113 112 130 131 112 132 115 113 131 132 113 115 134 114 135 134 115 132 135 115 116 118 117 116 137 118 116 136 137 138 119 118 137 138 118 139 120 119 138 139 119 140 121 120 139 140 120 143 122 121 140 143 121 125 141 124 143 141 125 122 143 125 124 123 125 127 128 126 146 127 144 128 127 146 129 128 146 147 130 129 146 147 129 148 131 130 147 148 130 149 132 131 148 149 131 151 135 132 149 151 132 133 134 135 135 150 133 135 151 150 154 136 153 137 136 154 155 137 154 156 138 137 155 156 137 157 139 138 156 157 138 159 140 139 157 159 139 143 158 142 159 158 143 140 159 143 142 141 143 145 146 144 161 145 160 146 145 161 147 146 161 162 148 147 161 162 147 163 149 148 162 163 148 164 151 149 163 164 149 151 166 150 167 166 151 164 167 151 152 154 153 152 169 154 152 168 169 170 155 154 169 170 154 171 156 155 170 171 155 172 157 156 171 172 156 174 159 157 172 174 157 159 173 158 159 174 173 160 176 161 160 175 176 177 162 161 176 177 161 178 163 162 177 178 162 179 164 163 178 179 163 181 167 164 179 181 164 165 166 167 167 180 165 167 181 180 168 183 169 168 182 183 184 170 169 183 184 169 185 171 170 184 185 170 186 172 171 185 186 171 188 174 172 186 188 172 174 187 173 174 188 187 175 190 176 175 189 190 191 177 176 190 191 176 192 178 177 191 192 177 193 179 178 192 193 178 195 181 179 193 195 179 181 194 180 181 195 194 182 197 183 182 196 197 198 184 183 197 198 183 199 185 184 198 199 184 200 186 185 199 200 185 202 188 186 200 202 186 188 201 187 188 202 201 189 204 190 189 203 204 205 191 190 204 205 190 206 192 191 205 206 191 207 193 192 206 207 192 209 195 193 207 209 193 195 208 194 195 209 208 196 211 197 196 210 211 212 198 197 211 212 197 213 199 198 212 213 198 214 200 199 213 214 199 216 202 200 214 216 200 202 215 201 202 216 215 203 218 204 203 217 218 219 205 204 218 219 204 220 206 205 219 220 205 221 207 206 220 221 206 223 209 207 221 223 207 209 222 208 209 223 222 210 226 211 210 224 226 227 212 211 226 227 211 228 213 212 227 228 212 229 214 213 228 229 213 231 216 214 229 231 214 216 230 215 216 231 230 217 233 218 217 232 233 234 219 218 233 234 218 235 220 219 234 235 219 236 221 220 235 236 220 239 223 221 236 239 221 223 237 222 223 239 237 225 226 224 241 225 240 226 225 241 227 226 241 242 228 227 241 242 227 243 229 228 242 243 228 244 231 229 243 244 229 231 246 230 247 246 231 244 247 231 250 232 249 233 232 250 251 233 250 252 234 233 251 252 233 253 235 234 252 253 234 255 236 235 253 255 235 239 254 238 255 254 239 236 255 239 238 237 239 240 258 241 240 256 258 259 242 241 258 259 241 260 243 242 259 260 242 261 244 243 260 261 243 262 247 244 261 262 244 245 246 247 247 264 245 265 264 247 262 265 247 248 250 249 268 248 267 250 248 268 269 250 268 270 251 250 269 270 250 271 252 251 270 271 251 272 253 252 271 272 252 275 255 253 272 275 253 255 273 254 255 275 273 257 258 256 277 257 276 258 257 277 259 258 277 278 260 259 277 278 259 279 261 260 278 279 260 280 262 261 279 280 261 281 265 262 280 281 262 263 264 265 265 283 263 284 283 265 281 284 265 266 268 267 287 266 286 268 266 287 288 268 287 289 269 268 288 289 268 290 270 269 289 290 269 291 271 270 290 291 270 293 272 271 291 293 271 275 292 274 293 292 275 272 293 275 274 273 275 276 296 277 276 294 296 297 278 277 296 297 277 298 279 278 297 298 278 299 280 279 298 299 279 300 281 280 299 300 280 301 284 281 300 301 281 282 283 284 284 302 282 303 302 284 301 303 284 285 287 286 313 285 312 287 285 313 314 287 313 315 288 287 314 315 287 316 289 288 315 316 288 317 290 289 316 317 289 318 291 290 317 318 290 321 293 291 318 321 291 293 319 292 293 321 319 295 296 294 324 295 322 296 295 324 297 296 324 325 298 297 324 325 297 326 299 298 325 326 298 327 300 299 326 327 299 328 301 300 327 328 300 329 303 301 328 329 301 304 303 305 304 302 303 330 305 303 329 330 303 306 305 307 306 304 305 331 307 305 330 331 305 308 307 309 308 306 307 332 309 307 331 332 307 310 309 311 310 308 309 333 311 309 332 333 309 312 311 313 312 310 311 334 313 311 333 334 311 335 314 313 334 335 313 336 315 314 335 336 314 337 316 315 336 337 315 338 317 316 337 338 316 341 318 317 338 341 317 321 339 320 341 339 321 318 341 321 320 319 321 323 324 322 344 323 342 324 323 344 325 324 344 346 326 325 344 346 325 347 327 326 346 347 326 348 328 327 347 348 327 349 329 328 348 349 328 350 330 329 349 350 329 351 331 330 350 351 330 352 332 331 351 352 331 353 333 332 352 353 332 354 334 333 353 354 333 355 335 334 354 355 334 356 336 335 355 356 335 358 337 336 356 358 336 361 338 337 358 361 337 341 359 340 361 359 341 338 361 341 340 339 341 343 344 342 343 346 344 343 345 346 364 345 362 346 345 364 347 346 364 366 348 347 364 366 347 367 349 348 366 367 348 368 350 349 367 368 349 369 351 350 368 369 350 370 352 351 369 370 351 371 353 352 370 371 352 372 354 353 371 372 353 374 355 354 372 374 354 377 356 355 374 377 355 358 375 357 377 375 358 356 377 358 357 361 358 357 360 361 360 359 361 363 364 362 363 366 364 363 365 366 380 365 378 366 365 380 367 366 380 382 368 367 380 382 367 384 369 368 382 384 368 386 370 369 384 386 369 388 371 370 386 388 370 391 372 371 388 391 371 374 389 373 391 389 374 372 391 374 373 377 374 373 376 377 376 375 377 379 380 378 379 382 380 379 381 382 381 384 382 381 383 384 383 386 384 383 385 386 385 388 386 385 387 388 387 391 388 387 390 391 390 389 391 410 392 409 410 394 392 0 394 410 1 394 0 17 0 410 1 3 394 3 396 394 3 5 396 5 398 396 5 7 398 7 400 398 7 9 400 9 402 400 9 12 402 12 405 402 411 11 412 411 12 11 403 12 411 405 12 403 412 11 25 420 406 419 420 408 406 14 408 420 15 408 14 33 14 420 15 17 408 17 410 408 25 28 412 28 415 412 421 27 422 421 28 27 413 28 421 415 28 413 422 27 45 428 416 427 428 418 416 30 418 428 31 418 30 51 30 428 31 33 418 33 420 418 45 48 422 48 425 422 430 47 431 430 48 47 423 48 430 425 48 423 431 47 68 434 426 433 434 428 426 50 428 434 51 428 50 71 50 434 436 67 437 436 68 67 429 68 436 431 68 429 437 67 96 440 432 439 440 434 432 70 434 440 71 434 70 98 70 445 70 440 445 446 78 104 80 78 447 78 446 447 82 80 449 80 447 449 84 82 451 82 449 451 86 84 452 84 451 452 88 86 453 86 452 453 107 88 453 442 95 443 442 96 95 435 96 442 437 96 435 455 443 114 443 95 114 117 98 445 104 105 446 446 105 459 446 459 461 459 105 123 108 107 470 470 107 453 470 453 469 126 108 470 455 114 134 458 444 457 458 445 444 116 445 458 117 445 116 136 116 475 116 458 475 123 124 459 459 124 476 459 476 479 476 124 141 127 126 483 483 126 470 483 470 482 144 127 483 472 133 473 472 134 133 454 134 472 455 134 454 485 473 150 473 133 150 153 136 475 141 142 476 476 142 489 476 489 491 489 142 158 145 144 494 494 144 483 494 483 493 160 145 494 485 150 166 488 474 487 488 475 474 152 475 488 153 475 152 168 152 499 152 488 499 500 489 173 489 158 173 175 160 507 160 494 507 496 165 497 496 166 165 484 166 496 485 166 484 509 497 180 497 165 180 182 168 511 168 499 511 513 500 187 500 173 187 189 175 515 175 507 515 517 509 194 509 180 194 196 182 519 182 511 519 521 513 201 513 187 201 203 189 523 189 515 523 525 517 208 517 194 208 210 196 527 196 519 527 528 521 215 521 201 215 217 203 535 203 523 535 537 525 222 525 208 222 224 210 540 210 527 540 541 528 230 528 215 230 232 217 546 217 535 546 549 537 237 537 222 237 550 551 539 551 225 539 539 225 540 540 225 224 240 225 551 541 230 246 249 232 546 560 238 561 560 237 238 548 237 560 549 237 548 561 238 254 256 240 564 240 551 564 246 245 541 541 245 552 541 552 543 552 245 264 248 249 559 559 249 546 559 546 545 267 248 559 579 561 273 561 254 273 580 581 563 581 257 563 563 257 564 564 257 256 276 257 581 264 263 552 552 263 565 552 565 555 565 263 283 266 267 576 576 267 559 576 559 558 286 266 576 590 274 591 590 273 274 578 273 590 579 273 578 591 274 292 294 276 594 276 581 594 283 282 565 565 282 582 565 582 567 582 282 302 285 286 589 589 286 576 589 576 575 312 285 589 597 591 319 591 292 319 598 600 593 600 295 593 593 295 594 594 295 294 322 295 600 302 304 582 304 583 582 304 306 583 306 585 583 306 308 585 308 587 585 308 310 587 310 588 587 310 312 588 312 589 588 601 320 603 601 319 320 596 319 601 597 319 596 603 320 339 604 606 599 606 323 599 599 323 600 600 323 322 342 323 606 607 340 609 607 339 340 602 339 607 603 339 602 609 340 359 610 612 605 612 343 605 605 343 606 606 343 342 345 343 614 343 612 614 362 345 614 616 357 375 360 357 619 357 616 619 617 360 619 617 359 360 608 359 617 609 359 608 620 622 613 622 363 613 613 363 614 614 363 362 365 363 624 363 622 624 378 365 624 626 373 389 376 373 629 373 626 629 627 376 629 627 375 376 615 375 627 616 375 615 630 632 623 632 379 623 623 379 624 624 379 378 381 379 634 379 632 634 383 381 636 381 634 636 385 383 638 383 636 638 387 385 640 385 638 640 390 387 643 387 640 643 641 390 643 641 389 390 625 389 641 626 389 625 392 394 393 395 394 396 395 393 394 397 396 398 397 395 396 399 398 400 399 397 398 401 400 402 401 399 400 404 402 405 404 401 402 403 404 405 406 408 407 409 408 410 409 407 408 414 412 415 414 411 412 413 414 415 416 418 417 419 418 420 419 417 418 424 422 425 424 421 422 423 424 425 426 428 427 429 430 431 432 434 433 435 436 437 438 440 439 438 445 440 438 444 445 441 442 443 443 454 441 443 455 454 464 447 446 461 464 446 449 462 448 464 462 449 447 464 449 448 451 449 448 450 451 467 450 465 451 450 467 452 451 467 469 453 452 467 469 452 456 458 457 456 475 458 456 474 475 461 477 460 479 477 461 459 479 461 460 464 461 460 463 464 463 462 464 466 467 465 466 469 467 466 468 469 482 468 480 469 468 482 470 469 482 471 472 473 473 484 471 473 485 484 479 490 478 491 490 479 476 491 479 478 477 479 481 482 480 493 481 492 482 481 493 483 482 493 486 488 487 486 499 488 486 498 499 503 491 489 500 503 489 491 501 490 491 503 501 492 506 493 492 504 506 507 494 493 506 507 493 495 496 497 497 508 495 497 509 508 498 511 499 498 510 511 503 512 502 513 512 503 500 513 503 502 501 503 505 506 504 515 505 514 506 505 515 507 506 515 509 516 508 509 517 516 510 519 511 510 518 519 513 520 512 513 521 520 514 523 515 514 522 523 517 524 516 517 525 524 518 527 519 518 526 527 521 530 520 531 530 521 528 531 521 534 522 533 523 522 534 535 523 534 525 536 524 525 537 536 526 540 527 526 538 540 543 531 528 541 543 528 529 530 531 531 542 529 531 543 542 532 534 533 532 545 534 532 544 545 546 535 534 545 546 534 537 547 536 537 549 547 539 540 538 543 554 542 555 554 543 552 555 543 558 544 557 545 544 558 559 545 558 548 547 549 550 564 551 550 562 564 553 554 555 555 566 553 567 566 555 565 567 555 556 558 557 575 556 574 558 556 575 576 558 575 561 577 560 561 579 577 563 564 562 569 567 570 569 566 567 583 570 567 582 583 567 568 569 570 570 584 568 585 584 570 583 585 570 571 573 572 587 571 586 573 571 587 588 573 587 574 573 575 574 572 573 589 575 573 588 589 573 578 577 579 580 594 581 580 592 594 586 585 587 586 584 585 591 595 590 591 597 595 593 594 592 596 595 597 599 600 598 602 601 603 605 606 604 608 607 609 611 612 610 611 614 612 611 613 614 615 619 616 615 618 619 618 617 619 621 622 620 621 624 622 621 623 624 625 629 626 625 628 629 628 627 629 631 632 630 631 634 632 631 633 634 633 636 634 633 635 636 635 638 636 635 637 638 637 640 638 637 639 640 639 643 640 639 642 643 642 641 643 393 646 392 645 646 393 647 645 393 409 392 646 393 395 648 647 393 648 395 397 649 648 395 649 397 399 650 649 397 650 399 401 651 650 399 651 401 404 652 651 401 652 654 403 655 404 403 654 652 404 654 655 403 411 407 658 406 657 658 407 659 657 407 419 406 658 646 644 409 409 644 659 409 659 407 653 655 660 660 655 411 660 411 414 662 413 663 414 413 662 660 414 662 663 413 421 417 666 416 665 666 417 667 665 417 427 416 666 658 656 419 419 656 667 419 667 417 661 663 668 668 663 421 668 421 424 670 423 671 424 423 670 668 424 670 671 423 430 674 664 673 674 666 664 426 666 674 427 666 426 433 426 674 676 429 677 676 430 429 669 430 676 671 430 669 677 429 436 680 672 679 680 674 672 432 674 680 433 674 432 439 432 680 682 435 683 682 436 435 675 436 682 677 436 675 683 435 442 678 439 680 438 439 678 684 438 678 687 688 684 684 688 444 684 444 438 441 683 442 681 683 441 685 681 441 691 690 454 454 690 685 454 685 441 457 444 688 695 448 462 450 448 697 448 695 697 465 450 697 691 454 472 686 457 688 456 457 686 692 456 686 701 702 692 692 702 474 692 474 456 705 460 477 705 703 460 460 703 693 460 693 463 463 695 462 694 695 463 693 694 463 696 465 697 466 465 696 698 466 696 706 708 698 698 708 468 698 468 466 480 468 708 471 691 472 689 691 471 699 689 471 711 710 484 484 710 699 484 699 471 487 474 702 713 478 715 713 477 478 704 477 713 705 477 704 715 478 490 716 718 707 718 481 707 707 481 708 708 481 480 492 481 718 711 484 496 700 487 702 486 487 700 712 486 700 498 486 712 498 712 720 714 715 721 721 715 490 721 490 501 718 717 492 492 717 722 492 722 504 495 711 496 709 711 495 719 709 495 719 495 508 723 719 508 510 498 720 510 720 724 725 502 726 501 502 725 721 501 725 726 502 512 504 728 505 727 728 504 722 727 504 514 505 728 723 508 516 729 723 516 518 510 724 518 724 730 732 726 520 726 512 520 522 514 734 514 728 734 729 516 524 735 729 524 526 518 730 526 730 736 732 520 530 533 522 734 735 524 536 739 735 536 538 526 736 538 736 740 529 732 530 731 732 529 737 731 529 743 742 542 542 742 737 542 737 529 733 533 734 532 533 733 738 532 733 745 746 738 738 746 544 738 544 532 739 536 547 747 739 547 538 750 539 748 750 538 740 748 538 550 539 750 743 542 554 557 544 746 757 548 759 547 548 757 747 547 757 759 548 560 750 749 550 550 749 760 550 760 562 752 553 753 752 554 553 741 554 752 743 554 741 753 553 566 756 744 755 756 746 744 556 746 756 557 746 556 574 556 756 758 759 767 767 759 560 767 560 577 562 770 563 768 770 562 760 768 562 580 563 770 751 753 761 761 753 566 761 566 569 762 568 763 569 568 762 761 569 762 763 568 584 572 765 571 764 765 572 766 764 572 586 571 765 756 754 574 574 754 766 574 766 572 771 578 773 577 578 771 767 577 771 773 578 590 770 769 580 580 769 774 580 774 592 584 586 763 586 765 763 772 773 775 775 773 590 775 590 595 592 778 593 776 778 592 774 776 592 598 593 778 779 596 781 595 596 779 775 595 779 781 596 601 782 784 777 784 599 777 777 599 778 778 599 598 604 599 784 785 602 787 785 601 602 780 601 785 781 601 780 787 602 607 788 790 783 790 605 783 783 605 784 784 605 604 610 605 790 793 608 795 793 607 608 786 607 793 787 607 786 795 608 617 789 610 790 611 610 789 791 611 789 796 798 791 791 798 613 791 613 611 620 613 798 803 615 627 803 801 615 615 801 792 615 792 618 618 795 617 794 795 618 792 794 618 797 620 798 621 620 797 799 621 797 804 806 799 799 806 623 799 623 621 630 623 806 815 625 641 815 813 625 625 813 800 625 800 628 628 803 627 802 803 628 800 802 628 805 630 806 631 630 805 807 631 805 808 633 631 808 631 807 809 635 633 809 633 808 810 637 635 810 635 809 811 639 637 811 637 810 812 642 639 812 639 811 642 815 641 814 815 642 812 814 642 644 646 645 653 654 655 656 658 657 661 662 663 664 666 665 669 670 671 672 674 673 675 676 677 678 680 679 681 682 683 686 688 687 689 690 691 694 697 695 694 696 697 700 702 701 704 703 705 707 708 706 709 710 711 714 713 715 717 718 716 726 731 725 726 732 731 727 734 728 727 733 734 741 742 743 744 746 745 749 750 748 751 752 753 754 756 755 758 757 759 764 763 765 764 762 763 769 770 768 772 771 773 777 778 776 780 779 781 783 784 782 786 785 787 789 790 788 794 793 795 797 798 796 802 801 803 805 806 804 814 813 815 816 645 817 816 644 645 644 816 659 816 831 659 645 647 819 817 645 819 647 648 820 819 647 820 648 649 821 820 648 821 649 650 822 821 649 822 650 651 823 822 650 823 651 652 824 823 651 824 652 654 826 824 652 826 653 826 654 653 825 826 825 653 832 653 660 832 828 657 829 828 656 657 656 828 667 828 839 667 657 659 831 829 657 831 660 662 834 832 660 834 661 834 662 661 833 834 833 661 840 661 668 840 836 665 837 836 664 665 664 836 673 836 845 673 665 667 839 837 665 839 668 670 842 840 668 842 669 842 670 669 841 842 841 669 848 669 676 848 844 673 845 844 672 673 672 844 679 844 851 679 675 848 676 675 847 848 847 675 854 675 682 854 850 679 851 850 678 679 684 678 850 684 850 856 681 854 682 681 853 854 853 681 685 857 853 685 684 856 687 856 859 687 857 685 862 685 690 862 858 687 859 858 686 687 692 686 858 692 858 864 689 862 690 689 861 862 861 689 699 871 861 699 692 864 701 864 873 701 865 693 875 693 703 875 866 694 693 866 693 865 868 696 694 868 694 866 870 698 696 870 696 868 698 870 706 870 878 706 871 699 882 699 710 882 872 701 873 872 700 701 712 700 872 712 872 884 704 875 703 704 876 875 876 704 885 704 713 885 879 706 878 879 707 706 707 879 716 879 888 716 709 882 710 709 881 882 881 709 719 891 881 719 720 712 884 720 884 892 714 885 713 714 886 885 886 714 893 714 721 893 889 716 888 889 717 716 717 889 722 889 894 722 891 719 723 895 891 723 724 720 892 724 892 896 893 721 725 897 893 725 727 722 894 727 894 899 895 723 729 901 895 729 730 724 896 730 896 902 897 725 731 903 897 731 733 727 899 733 899 905 901 729 735 907 901 735 736 730 902 736 902 908 903 731 737 909 903 737 738 733 905 738 905 910 907 735 739 911 907 739 740 736 908 740 908 912 909 737 914 737 742 914 738 910 745 910 917 745 911 739 747 919 911 747 748 740 912 748 912 920 741 914 742 741 913 914 913 741 924 741 752 924 916 745 917 916 744 745 744 916 755 916 927 755 919 747 757 929 919 757 921 748 920 921 749 748 749 921 760 921 932 760 751 924 752 751 923 924 923 751 933 751 761 933 926 755 927 926 754 755 754 926 766 926 938 766 758 929 757 758 930 929 930 758 939 758 767 939 768 760 932 768 932 940 761 762 934 933 761 934 762 764 936 934 762 936 764 766 938 936 764 938 939 767 771 943 939 771 941 768 940 941 769 768 769 941 774 941 946 774 772 943 771 772 944 943 944 772 947 772 775 947 776 774 946 776 946 948 947 775 779 951 947 779 949 776 948 949 777 776 777 949 782 949 954 782 780 951 779 780 952 951 952 780 957 780 785 957 955 782 954 955 783 782 783 955 788 955 960 788 786 957 785 786 958 957 958 786 965 786 793 965 961 788 960 961 789 788 963 791 789 963 789 961 791 963 796 963 968 796 964 792 973 792 801 973 966 794 792 966 792 964 794 965 793 794 966 965 969 796 968 969 797 796 971 799 797 971 797 969 799 971 804 971 976 804 972 800 985 800 813 985 974 802 800 974 800 972 802 973 801 802 974 973 977 804 976 977 805 804 979 807 805 979 805 977 980 808 807 980 807 979 981 809 808 981 808 980 982 810 809 982 809 981 983 811 810 983 810 982 984 812 811 984 811 983 986 814 812 986 812 984 814 985 813 814 986 985 816 817 818 816 818 831 831 818 1005 831 1005 1003 817 988 818 989 988 817 819 989 817 818 988 1005 819 820 991 989 819 991 820 821 993 991 820 993 821 822 995 993 821 995 822 823 997 995 822 997 823 824 1000 997 823 1000 1000 827 999 826 827 1000 824 826 1000 827 826 825 827 825 1007 1007 825 832 1007 832 1010 999 827 1007 828 829 830 828 830 839 839 830 1015 839 1015 1013 829 1002 830 1003 1002 829 831 1003 829 830 1002 1015 1010 835 1009 834 835 1010 832 834 1010 835 834 833 835 833 1017 1017 833 840 1017 840 1020 1009 835 1017 836 837 838 846 845 1022 845 836 1022 1022 836 1023 1023 836 838 837 1012 838 1013 1012 837 839 1013 837 838 1012 1023 1020 843 1019 842 843 1020 840 842 1020 843 842 841 1026 849 1025 1026 848 849 843 848 1026 841 848 843 1019 843 1026 844 845 846 852 851 1028 851 844 1028 1028 844 1029 1029 844 846 846 1022 1029 849 848 847 1032 855 1031 1032 854 855 849 854 1032 847 854 849 1025 849 1032 850 851 852 1034 852 1035 850 852 1034 856 850 1034 852 1028 1035 855 854 853 853 1038 855 1037 1038 853 857 1037 853 1031 855 1038 860 859 1040 1040 859 856 1040 856 1034 862 863 857 857 863 1050 857 1050 1037 858 859 860 1052 860 1053 858 860 1052 864 858 1052 860 1040 1053 863 862 861 861 1068 863 1067 1068 861 871 1067 861 1050 863 1068 874 873 1070 1070 873 864 1070 864 1052 875 877 865 865 877 1056 865 1056 1059 866 1058 867 1059 1058 866 865 1059 866 867 868 866 867 869 868 869 867 1046 867 1044 1046 1044 867 1058 1062 869 1061 868 869 1062 870 868 1062 869 1046 1061 880 878 1064 1064 878 870 1064 870 1062 882 883 871 871 883 1080 871 1080 1067 872 873 874 1082 874 1083 872 874 1082 884 872 1082 874 1070 1083 877 875 876 1074 1073 887 1073 877 887 887 877 885 885 877 876 1056 877 1073 879 878 880 890 888 1077 888 879 1077 1077 879 1076 1076 879 880 880 1064 1076 883 882 881 881 1092 883 1091 1092 881 891 1091 881 1080 883 1092 892 884 1082 892 1082 1094 887 885 886 887 886 1086 1086 886 893 1086 893 1097 1074 887 1086 889 888 890 889 890 894 894 890 1088 894 1088 1100 890 1077 1088 1091 891 895 1104 1091 895 896 892 1094 896 1094 1106 1097 898 1098 897 898 1097 893 897 1097 899 1101 900 1100 1101 899 894 1100 899 1104 895 901 1112 1104 901 902 896 1106 902 1106 1114 904 897 903 904 898 897 898 904 1108 904 1116 1108 1098 898 1108 905 900 906 905 899 900 1110 1118 900 1118 906 900 900 1101 1110 1112 901 907 1120 1112 907 908 902 1114 908 1114 1122 903 1126 904 1125 1126 903 909 1125 903 1116 904 1126 1128 906 1129 905 906 1128 910 905 1128 906 1118 1129 1120 907 911 1132 1120 911 912 908 1122 912 1122 1134 914 915 909 909 915 1138 909 1138 1125 918 917 1140 1140 917 910 1140 910 1128 1132 911 919 1143 1132 919 920 1135 922 1134 1135 920 912 1134 920 915 914 913 1150 925 1149 1150 924 925 915 924 1150 913 924 915 1138 915 1150 916 917 918 928 927 1152 927 916 1152 1152 916 1153 1153 916 918 918 1140 1153 1143 931 1144 929 931 1143 919 929 1143 921 920 922 921 922 932 932 922 1146 932 1146 1158 922 1135 1146 925 924 923 925 923 1162 1162 923 933 1162 933 1165 1149 925 1162 926 927 928 926 928 938 938 928 1170 938 1170 1168 928 1152 1170 931 929 930 931 930 1156 1156 930 939 1156 939 1173 1144 931 1156 940 1159 942 1158 1159 940 932 1158 940 1165 935 1164 934 935 1165 933 934 1165 937 934 936 937 935 934 935 937 1180 937 1182 1180 1164 935 1180 936 1167 937 1168 1167 936 938 1168 936 937 1167 1182 1173 945 1174 943 945 1173 939 943 1173 941 940 942 941 942 946 946 942 1176 946 1176 1188 942 1159 1176 945 943 944 945 944 1186 1186 944 947 1186 947 1191 1174 945 1186 948 1189 950 1188 1189 948 946 1188 948 1191 953 1192 951 953 1191 947 951 1191 949 948 950 956 954 1195 954 949 1195 1195 949 1194 1194 949 950 950 1189 1194 953 951 952 1198 1197 959 1197 953 959 959 953 957 957 953 952 1192 953 1197 955 954 956 962 960 1201 960 955 1201 1201 955 1200 1200 955 956 956 1195 1200 959 957 958 1204 1203 967 1203 959 967 967 959 965 965 959 958 1198 959 1203 961 960 962 1207 962 1206 961 962 1207 963 961 1207 962 1201 1206 970 968 1209 1209 968 963 1209 963 1207 973 975 964 964 975 1211 964 1211 1214 966 1213 967 1214 1213 966 964 1214 966 967 965 966 1204 967 1213 969 968 970 1217 970 1216 969 970 1217 971 969 1217 970 1209 1216 978 976 1219 1219 976 971 1219 971 1217 985 987 972 972 987 1221 972 1221 1224 974 1223 975 1224 1223 974 972 1224 974 975 973 974 1211 975 1223 977 976 978 1227 978 1226 977 978 1227 979 977 1227 978 1219 1226 1229 980 979 1229 979 1227 1231 981 980 1231 980 1229 1233 982 981 1233 981 1231 1235 983 982 1235 982 1233 1238 984 983 1238 983 1235 986 1237 987 1238 1237 986 984 1238 986 987 985 986 1221 987 1237 988 989 990 1006 1005 1240 1005 988 1240 1240 988 1241 1241 988 990 992 989 991 992 990 989 990 992 1241 992 1243 1241 994 991 993 994 992 991 992 994 1243 994 1245 1243 996 993 995 996 994 993 994 996 1245 996 1247 1245 998 995 997 998 996 995 996 998 1247 998 1249 1247 1001 997 1000 1001 998 997 998 1001 1249 1001 1252 1249 1001 1000 999 1252 1008 1251 1252 1007 1008 1001 1007 1252 999 1007 1001 1002 1003 1004 1016 1015 1254 1015 1002 1254 1254 1002 1255 1255 1002 1004 1006 1003 1005 1006 1004 1003 1004 1006 1255 1006 1257 1255 1006 1240 1257 1011 1007 1010 1011 1008 1007 1008 1011 1265 1011 1268 1265 1251 1008 1265 1011 1010 1009 1268 1018 1267 1268 1017 1018 1011 1017 1268 1009 1017 1011 1012 1013 1014 1024 1023 1270 1023 1012 1270 1270 1012 1271 1271 1012 1014 1016 1013 1015 1016 1014 1013 1014 1016 1271 1016 1273 1271 1016 1254 1273 1021 1017 1020 1021 1018 1017 1018 1021 1285 1021 1288 1285 1267 1018 1285 1021 1020 1019 1288 1027 1287 1288 1026 1027 1021 1026 1288 1019 1026 1021 1022 1023 1024 1030 1029 1290 1029 1022 1290 1290 1022 1291 1291 1022 1024 1024 1270 1291 1027 1026 1025 1308 1033 1307 1308 1032 1033 1027 1032 1308 1025 1032 1027 1287 1027 1308 1028 1029 1030 1036 1035 1310 1035 1028 1310 1310 1028 1311 1311 1028 1030 1030 1290 1311 1033 1032 1031 1336 1039 1335 1336 1038 1039 1033 1038 1336 1031 1038 1033 1307 1033 1336 1034 1035 1036 1040 1036 1041 1040 1034 1036 1310 1338 1036 1338 1041 1036 1039 1038 1037 1051 1037 1050 1051 1039 1037 1039 1051 1335 1051 1354 1335 1054 1053 1356 1053 1040 1356 1356 1040 1357 1357 1040 1041 1041 1338 1357 1042 1043 1060 1042 1060 1057 1345 1344 1055 1055 1344 1042 1055 1042 1057 1043 1042 1320 1042 1318 1320 1318 1042 1344 1060 1044 1058 1045 1044 1060 1043 1045 1060 1045 1043 1322 1043 1320 1322 1045 1046 1044 1045 1047 1046 1047 1045 1324 1045 1322 1324 1047 1061 1046 1063 1061 1047 1048 1063 1047 1048 1047 1326 1047 1324 1326 1048 1049 1065 1048 1065 1063 1049 1048 1328 1048 1326 1328 1347 1348 1049 1049 1348 1066 1049 1066 1065 1049 1328 1347 1374 1069 1373 1374 1068 1069 1051 1068 1374 1050 1068 1051 1354 1051 1374 1052 1053 1054 1070 1054 1071 1070 1052 1054 1356 1376 1054 1376 1071 1054 1075 1056 1073 1057 1056 1075 1055 1057 1075 1364 1363 1072 1072 1363 1055 1072 1055 1075 1345 1055 1363 1057 1059 1056 1057 1060 1059 1060 1058 1059 1062 1061 1063 1063 1064 1062 1063 1065 1064 1065 1076 1064 1078 1076 1065 1066 1078 1065 1366 1367 1066 1066 1367 1079 1066 1079 1078 1066 1348 1366 1069 1068 1067 1081 1067 1080 1081 1069 1067 1069 1081 1373 1081 1390 1373 1084 1083 1392 1083 1070 1392 1392 1070 1393 1393 1070 1071 1071 1376 1393 1087 1074 1086 1075 1074 1087 1072 1075 1087 1382 1381 1085 1085 1381 1072 1085 1072 1087 1364 1072 1381 1075 1073 1074 1077 1076 1078 1078 1088 1077 1089 1088 1078 1079 1089 1078 1384 1385 1079 1079 1385 1090 1079 1090 1089 1079 1367 1384 1406 1093 1405 1406 1092 1093 1081 1092 1406 1080 1092 1081 1390 1081 1406 1082 1083 1084 1094 1084 1095 1094 1082 1084 1392 1408 1084 1408 1095 1084 1085 1087 1099 1085 1099 1096 1085 1096 1398 1096 1413 1398 1382 1085 1398 1099 1086 1097 1099 1087 1086 1100 1089 1102 1100 1088 1089 1089 1090 1103 1089 1103 1102 1400 1415 1090 1415 1103 1090 1090 1385 1400 1093 1092 1091 1105 1091 1104 1105 1093 1091 1093 1105 1405 1105 1420 1405 1106 1095 1107 1106 1094 1095 1408 1422 1095 1422 1107 1095 1109 1098 1108 1099 1098 1109 1096 1099 1109 1096 1109 1413 1109 1427 1413 1099 1097 1098 1101 1100 1102 1102 1110 1101 1111 1110 1102 1103 1111 1102 1415 1429 1103 1429 1111 1103 1113 1104 1112 1113 1105 1104 1105 1113 1420 1113 1434 1420 1114 1107 1115 1114 1106 1107 1422 1436 1107 1436 1115 1107 1117 1108 1116 1117 1109 1108 1109 1117 1427 1117 1441 1427 1118 1111 1119 1118 1110 1111 1429 1443 1111 1443 1119 1111 1121 1112 1120 1121 1113 1112 1113 1121 1434 1121 1448 1434 1122 1115 1123 1122 1114 1115 1436 1450 1115 1450 1123 1115 1127 1116 1126 1117 1116 1127 1124 1117 1127 1117 1124 1441 1124 1455 1441 1119 1129 1118 1130 1129 1119 1131 1130 1119 1443 1457 1119 1457 1131 1119 1133 1120 1132 1133 1121 1120 1121 1133 1448 1133 1462 1448 1134 1123 1136 1134 1122 1123 1450 1464 1123 1464 1136 1123 1124 1127 1139 1124 1139 1137 1124 1137 1455 1137 1470 1455 1127 1126 1125 1139 1125 1138 1139 1127 1125 1128 1129 1130 1140 1130 1141 1140 1128 1130 1130 1131 1142 1130 1142 1141 1457 1472 1131 1472 1142 1131 1145 1132 1143 1145 1133 1132 1133 1145 1462 1145 1477 1462 1135 1134 1136 1147 1146 1465 1146 1135 1465 1465 1135 1464 1464 1135 1136 1485 1486 1148 1148 1486 1137 1148 1137 1139 1470 1137 1486 1151 1138 1150 1139 1138 1151 1148 1139 1151 1141 1153 1140 1154 1153 1141 1155 1154 1141 1489 1488 1142 1142 1488 1155 1142 1155 1141 1142 1472 1489 1145 1143 1144 1478 1477 1157 1477 1145 1157 1157 1145 1156 1156 1145 1144 1158 1147 1160 1158 1146 1147 1480 1496 1147 1496 1160 1147 1147 1465 1480 1503 1504 1161 1161 1504 1148 1161 1148 1151 1485 1148 1504 1151 1150 1149 1163 1149 1162 1151 1149 1163 1161 1151 1163 1152 1153 1154 1154 1170 1152 1171 1170 1154 1172 1171 1154 1507 1506 1155 1155 1506 1172 1155 1172 1154 1155 1488 1507 1175 1156 1173 1175 1157 1156 1157 1175 1494 1175 1513 1494 1478 1157 1494 1159 1158 1160 1177 1176 1497 1176 1159 1497 1497 1159 1496 1496 1159 1160 1522 1523 1178 1178 1523 1161 1178 1161 1163 1503 1161 1523 1166 1162 1165 1166 1163 1162 1163 1166 1179 1163 1179 1178 1166 1165 1164 1181 1164 1180 1166 1164 1181 1179 1166 1181 1167 1168 1169 1169 1182 1167 1183 1182 1169 1184 1183 1169 1171 1168 1170 1171 1169 1168 1169 1171 1185 1169 1185 1184 1526 1525 1172 1172 1525 1185 1172 1185 1171 1172 1506 1526 1175 1173 1174 1514 1513 1187 1513 1175 1187 1187 1175 1186 1186 1175 1174 1188 1177 1190 1188 1176 1177 1516 1534 1177 1534 1190 1177 1177 1497 1516 1178 1179 1542 1179 1544 1542 1522 1178 1542 1179 1181 1544 1181 1546 1544 1183 1180 1182 1183 1181 1180 1181 1183 1546 1183 1548 1546 1183 1184 1548 1184 1550 1548 1184 1185 1550 1185 1552 1550 1185 1525 1552 1193 1186 1191 1193 1187 1186 1187 1193 1532 1193 1559 1532 1514 1187 1532 1189 1188 1190 1196 1194 1535 1194 1189 1535 1535 1189 1534 1534 1189 1190 1193 1191 1192 1560 1559 1199 1559 1193 1199 1199 1193 1197 1197 1193 1192 1195 1194 1196 1202 1200 1563 1200 1195 1563 1563 1195 1562 1562 1195 1196 1196 1535 1562 1199 1197 1198 1580 1579 1205 1579 1199 1205 1205 1199 1203 1203 1199 1198 1560 1199 1579 1201 1200 1202 1208 1206 1583 1206 1201 1583 1583 1201 1582 1582 1201 1202 1202 1563 1582 1205 1203 1204 1600 1599 1215 1599 1205 1215 1215 1205 1213 1213 1205 1204 1580 1205 1599 1207 1206 1208 1208 1209 1207 1208 1210 1209 1210 1208 1585 1208 1583 1585 1218 1216 1603 1216 1209 1603 1603 1209 1602 1602 1209 1210 1210 1585 1602 1616 1615 1225 1615 1212 1225 1225 1212 1223 1223 1212 1211 1212 1214 1211 1212 1215 1214 1215 1212 1600 1212 1597 1600 1597 1212 1615 1215 1213 1214 1217 1216 1218 1218 1219 1217 1218 1220 1219 1220 1218 1605 1218 1603 1605 1228 1226 1619 1226 1219 1619 1619 1219 1618 1618 1219 1220 1220 1605 1618 1630 1629 1239 1629 1222 1239 1239 1222 1237 1237 1222 1221 1222 1224 1221 1222 1225 1224 1225 1222 1616 1222 1613 1616 1613 1222 1629 1225 1223 1224 1227 1226 1228 1228 1229 1227 1228 1230 1229 1230 1228 1621 1228 1619 1621 1230 1231 1229 1230 1232 1231 1232 1230 1623 1230 1621 1623 1232 1233 1231 1232 1234 1233 1234 1232 1625 1232 1623 1625 1234 1235 1233 1234 1236 1235 1236 1234 1627 1234 1625 1627 1236 1238 1235 1236 1239 1238 1239 1236 1630 1236 1627 1630 1239 1237 1238 1240 1241 1242 1242 1257 1240 1258 1257 1242 1259 1258 1242 1244 1241 1243 1244 1242 1241 1242 1244 1260 1242 1260 1259 1246 1243 1245 1246 1244 1243 1244 1246 1261 1244 1261 1260 1248 1245 1247 1248 1246 1245 1246 1248 1262 1246 1262 1261 1250 1247 1249 1250 1248 1247 1248 1250 1263 1248 1263 1262 1253 1249 1252 1253 1250 1249 1250 1253 1264 1250 1264 1263 1253 1252 1251 1266 1251 1265 1253 1251 1266 1264 1253 1266 1254 1255 1256 1256 1273 1254 1274 1273 1256 1275 1274 1256 1258 1255 1257 1258 1256 1255 1256 1258 1276 1256 1276 1275 1258 1259 1277 1258 1277 1276 1259 1260 1278 1259 1278 1277 1260 1261 1279 1260 1279 1278 1261 1262 1280 1261 1280 1279 1262 1263 1281 1262 1281 1280 1263 1264 1282 1263 1282 1281 1264 1266 1283 1264 1283 1282 1269 1265 1268 1269 1266 1265 1266 1269 1284 1266 1284 1283 1269 1268 1267 1286 1267 1285 1269 1267 1286 1284 1269 1286 1270 1271 1272 1272 1291 1270 1292 1291 1272 1293 1292 1272 1274 1271 1273 1274 1272 1271 1272 1274 1294 1272 1294 1293 1274 1275 1295 1274 1295 1294 1275 1276 1296 1275 1296 1295 1276 1277 1297 1276 1297 1296 1277 1278 1298 1277 1298 1297 1278 1279 1299 1278 1299 1298 1279 1280 1300 1279 1300 1299 1280 1281 1301 1280 1301 1300 1281 1282 1302 1281 1302 1301 1282 1283 1303 1282 1303 1302 1283 1284 1304 1283 1304 1303 1284 1286 1305 1284 1305 1304 1289 1285 1288 1289 1286 1285 1286 1289 1306 1286 1306 1305 1289 1288 1287 1309 1287 1308 1289 1287 1309 1306 1289 1309 1290 1291 1292 1292 1311 1290 1312 1311 1292 1313 1312 1292 1292 1293 1314 1292 1314 1313 1293 1294 1315 1293 1315 1314 1294 1295 1316 1294 1316 1315 1295 1296 1317 1295 1317 1316 1296 1297 1319 1296 1319 1317 1297 1298 1321 1297 1321 1319 1298 1299 1323 1298 1323 1321 1299 1300 1325 1299 1325 1323 1300 1301 1327 1300 1327 1325 1301 1302 1329 1301 1329 1327 1302 1303 1330 1302 1330 1329 1303 1304 1331 1303 1331 1330 1304 1305 1332 1304 1332 1331 1305 1306 1333 1305 1333 1332 1306 1309 1334 1306 1334 1333 1309 1308 1307 1337 1307 1336 1309 1307 1337 1334 1309 1337 1310 1311 1312 1338 1312 1339 1338 1310 1312 1312 1313 1340 1312 1340 1339 1313 1314 1341 1313 1341 1340 1314 1315 1342 1314 1342 1341 1315 1316 1343 1315 1343 1342 1316 1317 1346 1316 1346 1343 1346 1318 1344 1319 1318 1346 1317 1319 1346 1319 1320 1318 1319 1321 1320 1321 1322 1320 1321 1323 1322 1323 1324 1322 1323 1325 1324 1325 1326 1324 1325 1327 1326 1327 1328 1326 1327 1329 1328 1329 1347 1328 1349 1347 1329 1330 1349 1329 1330 1331 1350 1330 1350 1349 1331 1332 1351 1331 1351 1350 1332 1333 1352 1332 1352 1351 1333 1334 1353 1333 1353 1352 1334 1337 1355 1334 1355 1353 1337 1336 1335 1355 1335 1354 1355 1337 1335 1339 1357 1338 1358 1357 1339 1359 1358 1339 1339 1340 1360 1339 1360 1359 1340 1341 1361 1340 1361 1360 1341 1342 1362 1341 1362 1361 1342 1343 1365 1342 1365 1362 1365 1345 1363 1346 1345 1365 1343 1346 1365 1346 1344 1345 1348 1347 1349 1349 1366 1348 1368 1366 1349 1350 1368 1349 1350 1351 1369 1350 1369 1368 1351 1352 1370 1351 1370 1369 1352 1353 1371 1352 1371 1370 1353 1355 1372 1353 1372 1371 1375 1354 1374 1355 1354 1375 1372 1355 1375 1356 1357 1358 1376 1358 1377 1376 1356 1358 1358 1359 1378 1358 1378 1377 1359 1360 1379 1359 1379 1378 1360 1361 1380 1360 1380 1379 1361 1362 1383 1361 1383 1380 1383 1364 1381 1365 1364 1383 1362 1365 1383 1365 1363 1364 1367 1366 1368 1368 1384 1367 1386 1384 1368 1369 1386 1368 1369 1370 1387 1369 1387 1386 1370 1371 1388 1370 1388 1387 1371 1372 1389 1371 1389 1388 1372 1375 1391 1372 1391 1389 1375 1374 1373 1391 1373 1390 1391 1375 1373 1377 1393 1376 1394 1393 1377 1395 1394 1377 1377 1378 1396 1377 1396 1395 1378 1379 1397 1378 1397 1396 1379 1380 1399 1379 1399 1397 1399 1382 1398 1383 1382 1399 1380 1383 1399 1383 1381 1382 1385 1384 1386 1386 1400 1385 1401 1400 1386 1387 1401 1386 1387 1388 1402 1387 1402 1401 1388 1389 1403 1388 1403 1402 1389 1391 1404 1389 1404 1403 1407 1390 1406 1391 1390 1407 1404 1391 1407 1392 1393 1394 1408 1394 1409 1408 1392 1394 1394 1395 1410 1394 1410 1409 1395 1396 1411 1395 1411 1410 1396 1397 1412 1396 1412 1411 1397 1399 1414 1397 1414 1412 1414 1398 1413 1414 1399 1398 1415 1401 1416 1415 1400 1401 1401 1402 1417 1401 1417 1416 1402 1403 1418 1402 1418 1417 1403 1404 1419 1403 1419 1418 1404 1407 1421 1404 1421 1419 1407 1406 1405 1421 1405 1420 1421 1407 1405 1422 1409 1423 1422 1408 1409 1409 1410 1424 1409 1424 1423 1410 1411 1425 1410 1425 1424 1411 1412 1426 1411 1426 1425 1412 1414 1428 1412 1428 1426 1428 1413 1427 1428 1414 1413 1429 1416 1430 1429 1415 1416 1416 1417 1431 1416 1431 1430 1417 1418 1432 1417 1432 1431 1418 1419 1433 1418 1433 1432 1419 1421 1435 1419 1435 1433 1435 1420 1434 1435 1421 1420 1436 1423 1437 1436 1422 1423 1423 1424 1438 1423 1438 1437 1424 1425 1439 1424 1439 1438 1425 1426 1440 1425 1440 1439 1426 1428 1442 1426 1442 1440 1442 1427 1441 1442 1428 1427 1443 1430 1444 1443 1429 1430 1430 1431 1445 1430 1445 1444 1431 1432 1446 1431 1446 1445 1432 1433 1447 1432 1447 1446 1433 1435 1449 1433 1449 1447 1449 1434 1448 1449 1435 1434 1450 1437 1451 1450 1436 1437 1437 1438 1452 1437 1452 1451 1438 1439 1453 1438 1453 1452 1439 1440 1454 1439 1454 1453 1440 1442 1456 1440 1456 1454 1456 1441 1455 1456 1442 1441 1457 1444 1458 1457 1443 1444 1444 1445 1459 1444 1459 1458 1445 1446 1460 1445 1460 1459 1446 1447 1461 1446 1461 1460 1447 1449 1463 1447 1463 1461 1463 1448 1462 1463 1449 1448 1464 1451 1466 1464 1450 1451 1451 1452 1467 1451 1467 1466 1452 1453 1468 1452 1468 1467 1453 1454 1469 1453 1469 1468 1454 1456 1471 1454 1471 1469 1471 1455 1470 1471 1456 1455 1472 1458 1473 1472 1457 1458 1458 1459 1474 1458 1474 1473 1459 1460 1475 1459 1475 1474 1460 1461 1476 1460 1476 1475 1461 1463 1479 1461 1479 1476 1479 1462 1477 1479 1463 1462 1465 1464 1466 1466 1480 1465 1481 1480 1466 1467 1481 1466 1467 1468 1482 1467 1482 1481 1468 1469 1483 1468 1483 1482 1469 1471 1484 1469 1484 1483 1487 1470 1486 1471 1470 1487 1484 1471 1487 1473 1489 1472 1490 1489 1473 1491 1490 1473 1473 1474 1492 1473 1492 1491 1474 1475 1493 1474 1493 1492 1475 1476 1495 1475 1495 1493 1495 1478 1494 1479 1478 1495 1476 1479 1495 1479 1477 1478 1496 1481 1498 1496 1480 1481 1481 1482 1499 1481 1499 1498 1482 1483 1500 1482 1500 1499 1483 1484 1501 1483 1501 1500 1484 1487 1502 1484 1502 1501 1487 1486 1485 1505 1485 1504 1487 1485 1505 1502 1487 1505 1488 1489 1490 1490 1507 1488 1508 1507 1490 1509 1508 1490 1490 1491 1510 1490 1510 1509 1491 1492 1511 1491 1511 1510 1492 1493 1512 1492 1512 1511 1493 1495 1515 1493 1515 1512 1515 1494 1513 1515 1495 1494 1497 1496 1498 1498 1516 1497 1517 1516 1498 1499 1517 1498 1499 1500 1518 1499 1518 1517 1500 1501 1519 1500 1519 1518 1501 1502 1520 1501 1520 1519 1502 1505 1521 1502 1521 1520 1505 1504 1503 1524 1503 1523 1505 1503 1524 1521 1505 1524 1506 1507 1508 1508 1526 1506 1527 1526 1508 1528 1527 1508 1508 1509 1529 1508 1529 1528 1509 1510 1530 1509 1530 1529 1510 1511 1531 1510 1531 1530 1511 1512 1533 1511 1533 1531 1533 1514 1532 1515 1514 1533 1512 1515 1533 1515 1513 1514 1534 1517 1536 1534 1516 1517 1517 1518 1537 1517 1537 1536 1518 1519 1538 1518 1538 1537 1519 1520 1539 1519 1539 1538 1520 1521 1540 1520 1540 1539 1521 1524 1541 1521 1541 1540 1524 1523 1522 1543 1522 1542 1524 1522 1543 1541 1524 1543 1525 1526 1527 1527 1552 1525 1553 1552 1527 1554 1553 1527 1527 1528 1555 1527 1555 1554 1528 1529 1556 1528 1556 1555 1529 1530 1557 1529 1557 1556 1530 1531 1558 1530 1558 1557 1531 1533 1561 1531 1561 1558 1561 1532 1559 1561 1533 1532 1535 1534 1536 1536 1562 1535 1564 1562 1536 1537 1564 1536 1537 1538 1565 1537 1565 1564 1538 1539 1566 1538 1566 1565 1539 1540 1567 1539 1567 1566 1540 1541 1568 1540 1568 1567 1541 1543 1569 1541 1569 1568 1545 1542 1544 1545 1543 1542 1543 1545 1570 1543 1570 1569 1547 1544 1546 1547 1545 1544 1545 1547 1571 1545 1571 1570 1549 1546 1548 1549 1547 1546 1547 1549 1572 1547 1572 1571 1551 1548 1550 1551 1549 1548 1549 1551 1573 1549 1573 1572 1553 1550 1552 1553 1551 1550 1551 1553 1574 1551 1574 1573 1553 1554 1575 1553 1575 1574 1554 1555 1576 1554 1576 1575 1555 1556 1577 1555 1577 1576 1556 1557 1578 1556 1578 1577 1557 1558 1581 1557 1581 1578 1581 1560 1579 1561 1560 1581 1558 1561 1581 1561 1559 1560 1563 1562 1564 1564 1582 1563 1584 1582 1564 1565 1584 1564 1565 1566 1586 1565 1586 1584 1566 1567 1587 1566 1587 1586 1567 1568 1588 1567 1588 1587 1568 1569 1589 1568 1589 1588 1569 1570 1590 1569 1590 1589 1570 1571 1591 1570 1591 1590 1571 1572 1592 1571 1592 1591 1572 1573 1593 1572 1593 1592 1573 1574 1594 1573 1594 1593 1574 1575 1595 1574 1595 1594 1575 1576 1596 1575 1596 1595 1576 1577 1598 1576 1598 1596 1577 1578 1601 1577 1601 1598 1601 1580 1599 1581 1580 1601 1578 1581 1601 1581 1579 1580 1583 1582 1584 1584 1585 1583 1584 1586 1585 1586 1602 1585 1604 1602 1586 1587 1604 1586 1587 1588 1606 1587 1606 1604 1588 1589 1607 1588 1607 1606 1589 1590 1608 1589 1608 1607 1590 1591 1609 1590 1609 1608 1591 1592 1610 1591 1610 1609 1592 1593 1611 1592 1611 1610 1593 1594 1612 1593 1612 1611 1594 1595 1614 1594 1614 1612 1595 1596 1617 1595 1617 1614 1617 1597 1615 1598 1597 1617 1596 1598 1617 1598 1600 1597 1598 1601 1600 1601 1599 1600 1603 1602 1604 1604 1605 1603 1604 1606 1605 1606 1618 1605 1620 1618 1606 1607 1620 1606 1607 1608 1622 1607 1622 1620 1608 1609 1624 1608 1624 1622 1609 1610 1626 1609 1626 1624 1610 1611 1628 1610 1628 1626 1611 1612 1631 1611 1631 1628 1631 1613 1629 1614 1613 1631 1612 1614 1631 1614 1616 1613 1614 1617 1616 1617 1615 1616 1619 1618 1620 1620 1621 1619 1620 1622 1621 1622 1623 1621 1622 1624 1623 1624 1625 1623 1624 1626 1625 1626 1627 1625 1626 1628 1627 1628 1630 1627 1628 1631 1630 1631 1629 1630" solid="false" colorPerVertex="false">
     <Coordinate point="-0.119522 -0.427413 -0.101766 -0.101766 -0.432274 -0.101766 -0.101766 -0.427413 -0.104622 -0.0610597 -0.439618 -0.101766 -0.0610597 -0.427413 -0.108612 -0.0203538 -0.443271 -0.101766 -0.0203538 -0.427413 -0.110442 0.0203521 -0.443271 -0.101766 0.0203521 -0.427413 -0.110442 0.061058 -0.439618 -0.101766 0.061058 -0.427413 -0.108612 0.11952 -0.427413 -0.101766 0.101764 -0.432274 -0.101766 0.101764 -0.427413 -0.104622 -0.218225 -0.386707 -0.101766 -0.183177 -0.404149 -0.101766 -0.183177 -0.386707 -0.110442 -0.142471 -0.420367 -0.101766 -0.142471 -0.386707 -0.116666 -0.101766 -0.386707 -0.120193 -0.0610597 -0.386707 -0.122001 -0.0203538 -0.386707 -0.122741 0.0203521 -0.386707 -0.122741 0.061058 -0.386707 -0.122001 0.101764 -0.386707 -0.120193 0.14247 -0.420367 -0.101766 0.14247 -0.386707 -0.116666 0.218223 -0.386707 -0.101766 0.183176 -0.404149 -0.101766 0.183176 -0.386707 -0.110442 -0.277978 -0.346001 -0.101766 -0.264589 -0.356421 -0.101766 -0.264589 -0.346001 -0.106672 -0.223883 -0.383507 -0.101766 -0.223883 -0.346001 -0.116666 -0.183177 -0.346001 -0.122001 -0.142471 -0.346001 -0.124306 -0.101766 -0.346001 -0.124871 -0.0610597 -0.346001 -0.12468 -0.0203538 -0.346001 -0.12441 0.0203521 -0.346001 -0.12441 0.061058 -0.346001 -0.12468 0.101764 -0.346001 -0.124871 0.14247 -0.346001 -0.124306 0.183176 -0.346001 -0.122001 0.223882 -0.383507 -0.101766 0.223882 -0.346001 -0.116666 0.277976 -0.346001 -0.101766 0.264587 -0.356421 -0.101766 0.264587 -0.346001 -0.106672 -0.322062 -0.305295 -0.101766 -0.305295 -0.322062 -0.101766 -0.305295 -0.305295 -0.108612 -0.264589 -0.305295 -0.119126 -0.223883 -0.305295 -0.123894 -0.183177 -0.305295 -0.124833 -0.142471 -0.305295 -0.123514 -0.101766 -0.305295 -0.121246 -0.0610597 -0.305295 -0.119087 -0.0203538 -0.305295 -0.117803 0.0203521 -0.305295 -0.117803 0.061058 -0.305295 -0.119087 0.101764 -0.305295 -0.121246 0.14247 -0.305295 -0.123514 0.183176 -0.305295 -0.124833 0.223882 -0.305295 -0.123894 0.264587 -0.305295 -0.119126 0.32206 -0.305295 -0.101766 0.305293 -0.322062 -0.101766 0.305293 -0.305295 -0.108612 -0.356421 -0.264589 -0.101766 -0.346001 -0.277978 -0.101766 -0.346001 -0.264589 -0.106672 -0.305295 -0.264589 -0.119126 -0.264589 -0.264589 -0.124306 -0.223883 -0.264589 -0.12441 -0.183177 -0.264589 -0.121246 -0.142471 -0.264589 -0.116377 -0.101766 -0.240269 -0.101766 -0.101766 -0.264589 -0.111204 -0.0610597 -0.253539 -0.101766 -0.0610597 -0.264589 -0.106952 -0.0203538 -0.25913 -0.101766 -0.0203538 -0.264589 -0.104565 0.0203521 -0.25913 -0.101766 0.0203521 -0.264589 -0.104565 0.061058 -0.253539 -0.101766 0.061058 -0.264589 -0.106952 0.101764 -0.240269 -0.101766 0.101764 -0.264589 -0.111204 0.14247 -0.264589 -0.116377 0.183176 -0.264589 -0.121246 0.223882 -0.264589 -0.12441 0.264587 -0.264589 -0.124306 0.305293 -0.264589 -0.119126 0.35642 -0.264589 -0.101766 0.345999 -0.277978 -0.101766 0.345999 -0.264589 -0.106672 -0.383507 -0.223883 -0.101766 -0.346001 -0.223883 -0.116666 -0.305295 -0.223883 -0.123894 -0.264589 -0.223883 -0.12441 -0.223883 -0.223883 -0.120234 -0.183177 -0.223883 -0.113083 -0.129382 -0.223883 -0.101766 -0.142471 -0.216927 -0.101766 -0.142471 -0.223883 -0.104565 0.129381 -0.223883 -0.101766 0.14247 -0.216927 -0.101766 0.14247 -0.223883 -0.104565 0.183176 -0.223883 -0.113083 0.223882 -0.223883 -0.120234 0.264587 -0.223883 -0.12441 0.305293 -0.223883 -0.123894 0.383505 -0.223883 -0.101766 0.345999 -0.223883 -0.116666 -0.404149 -0.183177 -0.101766 -0.386707 -0.218225 -0.101766 -0.386707 -0.183177 -0.110442 -0.346001 -0.183177 -0.122001 -0.305295 -0.183177 -0.124833 -0.264589 -0.183177 -0.121246 -0.223883 -0.183177 -0.113083 -0.182486 -0.183177 -0.101766 -0.183177 -0.182486 -0.101766 -0.183177 -0.183177 -0.101995 0.182485 -0.183177 -0.101766 0.183176 -0.182486 -0.101766 0.183176 -0.183177 -0.101995 0.223882 -0.183177 -0.113083 0.264587 -0.183177 -0.121246 0.305293 -0.183177 -0.124833 0.345999 -0.183177 -0.122001 0.404147 -0.183177 -0.101766 0.386705 -0.218225 -0.101766 0.386705 -0.183177 -0.110442 -0.420367 -0.142471 -0.101766 -0.386707 -0.142471 -0.116666 -0.346001 -0.142471 -0.124306 -0.305295 -0.142471 -0.123514 -0.264589 -0.142471 -0.116377 -0.216927 -0.142471 -0.101766 -0.223883 -0.129382 -0.101766 -0.223883 -0.142471 -0.104565 0.216926 -0.142471 -0.101766 0.223882 -0.129382 -0.101766 0.223882 -0.142471 -0.104565 0.264587 -0.142471 -0.116377 0.305293 -0.142471 -0.123514 0.345999 -0.142471 -0.124306 0.420365 -0.142471 -0.101766 0.386705 -0.142471 -0.116666 -0.432274 -0.101766 -0.101766 -0.427413 -0.119522 -0.101766 -0.427413 -0.101766 -0.104622 -0.386707 -0.101766 -0.120193 -0.346001 -0.101766 -0.124871 -0.305295 -0.101766 -0.121246 -0.240269 -0.101766 -0.101766 -0.264589 -0.101766 -0.111204 0.240267 -0.101766 -0.101766 0.264587 -0.101766 -0.111204 0.305293 -0.101766 -0.121246 0.345999 -0.101766 -0.124871 0.386705 -0.101766 -0.120193 0.432272 -0.101766 -0.101766 0.427411 -0.119522 -0.101766 0.427411 -0.101766 -0.104622 -0.439618 -0.0610597 -0.101766 -0.427413 -0.0610597 -0.108612 -0.386707 -0.0610597 -0.122001 -0.346001 -0.0610597 -0.12468 -0.305295 -0.0610597 -0.119087 -0.253539 -0.0610597 -0.101766 -0.264589 -0.0610597 -0.106952 0.253538 -0.0610597 -0.101766 0.264587 -0.0610597 -0.106952 0.305293 -0.0610597 -0.119087 0.345999 -0.0610597 -0.12468 0.386705 -0.0610597 -0.122001 0.439616 -0.0610597 -0.101766 0.427411 -0.0610597 -0.108612 -0.443271 -0.0203538 -0.101766 -0.427413 -0.0203538 -0.110442 -0.386707 -0.0203538 -0.122741 -0.346001 -0.0203538 -0.12441 -0.305295 -0.0203538 -0.117803 -0.25913 -0.0203538 -0.101766 -0.264589 -0.0203538 -0.104565 0.259128 -0.0203538 -0.101766 0.264587 -0.0203538 -0.104565 0.305293 -0.0203538 -0.117803 0.345999 -0.0203538 -0.12441 0.386705 -0.0203538 -0.122741 0.44327 -0.0203538 -0.101766 0.427411 -0.0203538 -0.110442 -0.443271 0.0203521 -0.101766 -0.427413 0.0203521 -0.110442 -0.386707 0.0203521 -0.122741 -0.346001 0.0203521 -0.12441 -0.305295 0.0203521 -0.117803 -0.25913 0.0203521 -0.101766 -0.264589 0.0203521 -0.104565 0.259128 0.0203521 -0.101766 0.264587 0.0203521 -0.104565 0.305293 0.0203521 -0.117803 0.345999 0.0203521 -0.12441 0.386705 0.0203521 -0.122741 0.44327 0.0203521 -0.101766 0.427411 0.0203521 -0.110442 -0.439618 0.061058 -0.101766 -0.427413 0.061058 -0.108612 -0.386707 0.061058 -0.122001 -0.346001 0.061058 -0.12468 -0.305295 0.061058 -0.119087 -0.253539 0.061058 -0.101766 -0.264589 0.061058 -0.106952 0.253538 0.061058 -0.101766 0.264587 0.061058 -0.106952 0.305293 0.061058 -0.119087 0.345999 0.061058 -0.12468 0.386705 0.061058 -0.122001 0.439616 0.061058 -0.101766 0.427411 0.061058 -0.108612 -0.432274 0.101764 -0.101766 -0.427413 0.11952 -0.101766 -0.427413 0.101764 -0.104622 -0.386707 0.101764 -0.120193 -0.346001 0.101764 -0.124871 -0.305295 0.101764 -0.121246 -0.240269 0.101764 -0.101766 -0.264589 0.101764 -0.111204 0.240267 0.101764 -0.101766 0.264587 0.101764 -0.111204 0.305293 0.101764 -0.121246 0.345999 0.101764 -0.124871 0.386705 0.101764 -0.120193 0.432272 0.101764 -0.101766 0.427411 0.11952 -0.101766 0.427411 0.101764 -0.104622 -0.420367 0.14247 -0.101766 -0.386707 0.14247 -0.116666 -0.346001 0.14247 -0.124306 -0.305295 0.14247 -0.123514 -0.264589 0.14247 -0.116377 -0.216927 0.14247 -0.101766 -0.223883 0.129381 -0.101766 -0.223883 0.14247 -0.104565 0.216926 0.14247 -0.101766 0.223882 0.129381 -0.101766 0.223882 0.14247 -0.104565 0.264587 0.14247 -0.116377 0.305293 0.14247 -0.123514 0.345999 0.14247 -0.124306 0.420365 0.14247 -0.101766 0.386705 0.14247 -0.116666 -0.404149 0.183176 -0.101766 -0.386707 0.218223 -0.101766 -0.386707 0.183176 -0.110442 -0.346001 0.183176 -0.122001 -0.305295 0.183176 -0.124833 -0.264589 0.183176 -0.121246 -0.223883 0.183176 -0.113083 -0.182486 0.183176 -0.101766 -0.183177 0.182485 -0.101766 -0.183177 0.183176 -0.101995 0.182485 0.183176 -0.101766 0.183176 0.182485 -0.101766 0.183176 0.183176 -0.101995 0.223882 0.183176 -0.113083 0.264587 0.183176 -0.121246 0.305293 0.183176 -0.124833 0.345999 0.183176 -0.122001 0.404147 0.183176 -0.101766 0.386705 0.218223 -0.101766 0.386705 0.183176 -0.110442 -0.383507 0.223882 -0.101766 -0.346001 0.223882 -0.116666 -0.305295 0.223882 -0.123894 -0.264589 0.223882 -0.12441 -0.223883 0.223882 -0.120234 -0.183177 0.223882 -0.113083 -0.129382 0.223882 -0.101766 -0.142471 0.216926 -0.101766 -0.142471 0.223882 -0.104565 0.129381 0.223882 -0.101766 0.14247 0.216926 -0.101766 0.14247 0.223882 -0.104565 0.183176 0.223882 -0.113083 0.223882 0.223882 -0.120234 0.264587 0.223882 -0.12441 0.305293 0.223882 -0.123894 0.383505 0.223882 -0.101766 0.345999 0.223882 -0.116666 -0.356421 0.264587 -0.101766 -0.346001 0.277976 -0.101766 -0.346001 0.264587 -0.106672 -0.305295 0.264587 -0.119126 -0.264589 0.264587 -0.124306 -0.223883 0.264587 -0.12441 -0.183177 0.264587 -0.121246 -0.142471 0.264587 -0.116377 -0.101766 0.240267 -0.101766 -0.101766 0.264587 -0.111204 -0.0610597 0.253538 -0.101766 -0.0610597 0.264587 -0.106952 -0.0203538 0.259128 -0.101766 -0.0203538 0.264587 -0.104565 0.0203521 0.259128 -0.101766 0.0203521 0.264587 -0.104565 0.061058 0.253538 -0.101766 0.061058 0.264587 -0.106952 0.101764 0.240267 -0.101766 0.101764 0.264587 -0.111204 0.14247 0.264587 -0.116377 0.183176 0.264587 -0.121246 0.223882 0.264587 -0.12441 0.264587 0.264587 -0.124306 0.305293 0.264587 -0.119126 0.35642 0.264587 -0.101766 0.345999 0.277976 -0.101766 0.345999 0.264587 -0.106672 -0.322062 0.305293 -0.101766 -0.305295 0.32206 -0.101766 -0.305295 0.305293 -0.108612 -0.264589 0.305293 -0.119126 -0.223883 0.305293 -0.123894 -0.183177 0.305293 -0.124833 -0.142471 0.305293 -0.123514 -0.101766 0.305293 -0.121246 -0.0610597 0.305293 -0.119087 -0.0203538 0.305293 -0.117803 0.0203521 0.305293 -0.117803 0.061058 0.305293 -0.119087 0.101764 0.305293 -0.121246 0.14247 0.305293 -0.123514 0.183176 0.305293 -0.124833 0.223882 0.305293 -0.123894 0.264587 0.305293 -0.119126 0.32206 0.305293 -0.101766 0.305293 0.32206 -0.101766 0.305293 0.305293 -0.108612 -0.277978 0.345999 -0.101766 -0.264589 0.35642 -0.101766 -0.264589 0.345999 -0.106672 -0.223883 0.383505 -0.101766 -0.223883 0.345999 -0.116666 -0.183177 0.345999 -0.122001 -0.142471 0.345999 -0.124306 -0.101766 0.345999 -0.124871 -0.0610597 0.345999 -0.12468 -0.0203538 0.345999 -0.12441 0.0203521 0.345999 -0.12441 0.061058 0.345999 -0.12468 0.101764 0.345999 -0.124871 0.14247 0.345999 -0.124306 0.183176 0.345999 -0.122001 0.223882 0.383505 -0.101766 0.223882 0.345999 -0.116666 0.277976 0.345999 -0.101766 0.264587 0.35642 -0.101766 0.264587 0.345999 -0.106672 -0.218225 0.386705 -0.101766 -0.183177 0.404147 -0.101766 -0.183177 0.386705 -0.110442 -0.142471 0.420365 -0.101766 -0.142471 0.386705 -0.116666 -0.101766 0.386705 -0.120193 -0.0610597 0.386705 -0.122001 -0.0203538 0.386705 -0.122741 0.0203521 0.386705 -0.122741 0.061058 0.386705 -0.122001 0.101764 0.386705 -0.120193 0.14247 0.420365 -0.101766 0.14247 0.386705 -0.116666 0.218223 0.386705 -0.101766 0.183176 0.404147 -0.101766 0.183176 0.386705 -0.110442 -0.119522 0.427411 -0.101766 -0.101766 0.432272 -0.101766 -0.101766 0.427411 -0.104622 -0.0610597 0.439616 -0.101766 -0.0610597 0.427411 -0.108612 -0.0203538 0.44327 -0.101766 -0.0203538 0.427411 -0.110442 0.0203521 0.44327 -0.101766 0.0203521 0.427411 -0.110442 0.061058 0.439616 -0.101766 0.061058 0.427411 -0.108612 0.11952 0.427411 -0.101766 0.101764 0.432272 -0.101766 0.101764 0.427411 -0.104622 -0.11447 -0.468119 -0.0610597 -0.101766 -0.471465 -0.0610597 -0.101766 -0.468119 -0.0653418 -0.0610597 -0.478555 -0.0610597 -0.0610597 -0.468119 -0.0741037 -0.0203538 -0.482035 -0.0610597 -0.0203538 -0.468119 -0.0782378 0.0203521 -0.482035 -0.0610597 0.0203521 -0.468119 -0.0782378 0.061058 -0.478555 -0.0610597 0.061058 -0.468119 -0.0741037 0.114469 -0.468119 -0.0610597 0.101764 -0.471465 -0.0610597 0.101764 -0.468119 -0.0653418 -0.223295 -0.427413 -0.0610597 -0.183177 -0.446239 -0.0610597 -0.183177 -0.427413 -0.0822095 -0.142471 -0.460778 -0.0610597 -0.142471 -0.427413 -0.0964924 0.14247 -0.460778 -0.0610597 0.14247 -0.427413 -0.0964924 0.223294 -0.427413 -0.0610597 0.183176 -0.446239 -0.0610597 0.183176 -0.427413 -0.0822095 -0.287791 -0.386707 -0.0610597 -0.264589 -0.403218 -0.0610597 -0.264589 -0.386707 -0.0782378 -0.223883 -0.427125 -0.0610597 -0.223883 -0.386707 -0.0996681 0.223882 -0.427125 -0.0610597 0.223882 -0.386707 -0.0996681 0.287789 -0.386707 -0.0610597 0.264587 -0.403218 -0.0610597 0.264587 -0.386707 -0.0782378 -0.335766 -0.346001 -0.0610597 -0.305295 -0.373229 -0.0610597 -0.305295 -0.346001 -0.0860195 0.335765 -0.346001 -0.0610597 0.305293 -0.373229 -0.0610597 0.305293 -0.346001 -0.0860195 -0.373229 -0.305295 -0.0610597 -0.346001 -0.335766 -0.0610597 -0.346001 -0.305295 -0.0860195 0.373227 -0.305295 -0.0610597 0.345999 -0.335766 -0.0610597 0.345999 -0.305295 -0.0860195 -0.403218 -0.264589 -0.0610597 -0.386707 -0.287791 -0.0610597 -0.386707 -0.264589 -0.0782378 0.403216 -0.264589 -0.0610597 0.386705 -0.287791 -0.0610597 0.386705 -0.264589 -0.0782378 -0.427125 -0.223883 -0.0610597 -0.386707 -0.223883 -0.0996681 -0.101766 -0.223883 -0.0948861 -0.0610597 -0.223883 -0.0867158 -0.0203538 -0.192672 -0.0610597 -0.0203538 -0.223883 -0.082227 0.0203521 -0.192672 -0.0610597 0.0203521 -0.223883 -0.082227 0.061058 -0.223883 -0.0867158 0.101764 -0.223883 -0.0948861 0.427124 -0.223883 -0.0610597 0.386705 -0.223883 -0.0996681 -0.446239 -0.183177 -0.0610597 -0.427413 -0.223295 -0.0610597 -0.427413 -0.183177 -0.0822095 -0.142471 -0.183177 -0.0867158 -0.101766 -0.164394 -0.0610597 -0.101766 -0.183177 -0.072388 -0.0591946 -0.183177 -0.0610597 -0.0610597 -0.182775 -0.0610597 -0.0610597 -0.183177 -0.0613405 0.0591929 -0.183177 -0.0610597 0.061058 -0.182775 -0.0610597 0.061058 -0.183177 -0.0613405 0.101764 -0.164394 -0.0610597 0.101764 -0.183177 -0.072388 0.14247 -0.183177 -0.0867158 0.446237 -0.183177 -0.0610597 0.427411 -0.223295 -0.0610597 0.427411 -0.183177 -0.0822095 -0.460778 -0.142471 -0.0610597 -0.427413 -0.142471 -0.0964924 -0.183177 -0.142471 -0.0867159 -0.129615 -0.142471 -0.0610597 -0.142471 -0.129615 -0.0610597 -0.142471 -0.142471 -0.0670189 0.129613 -0.142471 -0.0610597 0.14247 -0.129615 -0.0610597 0.14247 -0.142471 -0.0670189 0.183176 -0.142471 -0.0867159 0.460776 -0.142471 -0.0610597 0.427411 -0.142471 -0.0964924 -0.471465 -0.101766 -0.0610597 -0.468119 -0.11447 -0.0610597 -0.468119 -0.101766 -0.0653418 -0.223883 -0.101766 -0.0948861 -0.164394 -0.101766 -0.0610597 -0.183177 -0.101766 -0.072388 0.164392 -0.101766 -0.0610597 0.183176 -0.101766 -0.072388 0.223882 -0.101766 -0.0948861 0.471463 -0.101766 -0.0610597 0.468117 -0.11447 -0.0610597 0.468117 -0.101766 -0.0653418 -0.478555 -0.0610597 -0.0610597 -0.468119 -0.0610597 -0.0741037 -0.223883 -0.0610597 -0.0867159 -0.182775 -0.0610597 -0.0610597 -0.183177 -0.0591946 -0.0610597 -0.183177 -0.0610597 -0.0613405 0.182774 -0.0610597 -0.0610597 0.183176 -0.0591946 -0.0610597 0.183176 -0.0610597 -0.0613405 0.223882 -0.0610597 -0.0867159 0.478553 -0.0610597 -0.0610597 0.468117 -0.0610597 -0.0741037 -0.482035 -0.0203538 -0.0610597 -0.468119 -0.0203538 -0.0782378 -0.192672 -0.0203538 -0.0610597 -0.223883 -0.0203538 -0.082227 0.19267 -0.0203538 -0.0610597 0.223882 -0.0203538 -0.082227 0.482033 -0.0203538 -0.0610597 0.468117 -0.0203538 -0.0782378 -0.482035 0.0203521 -0.0610597 -0.468119 0.0203521 -0.0782378 -0.192672 0.0203521 -0.0610597 -0.223883 0.0203521 -0.082227 0.19267 0.0203521 -0.0610597 0.223882 0.0203521 -0.082227 0.482033 0.0203521 -0.0610597 0.468117 0.0203521 -0.0782378 -0.478555 0.061058 -0.0610597 -0.468119 0.061058 -0.0741037 -0.223883 0.061058 -0.0867159 -0.182775 0.061058 -0.0610597 -0.183177 0.0591929 -0.0610597 -0.183177 0.061058 -0.0613405 0.182774 0.061058 -0.0610597 0.183176 0.0591929 -0.0610597 0.183176 0.061058 -0.0613405 0.223882 0.061058 -0.0867159 0.478553 0.061058 -0.0610597 0.468117 0.061058 -0.0741037 -0.471465 0.101764 -0.0610597 -0.468119 0.114469 -0.0610597 -0.468119 0.101764 -0.0653418 -0.223883 0.101764 -0.0948861 -0.164394 0.101764 -0.0610597 -0.183177 0.101764 -0.072388 0.164392 0.101764 -0.0610597 0.183176 0.101764 -0.072388 0.223882 0.101764 -0.0948861 0.471463 0.101764 -0.0610597 0.468117 0.114469 -0.0610597 0.468117 0.101764 -0.0653418 -0.460778 0.14247 -0.0610597 -0.427413 0.14247 -0.0964924 -0.183177 0.14247 -0.0867159 -0.129615 0.14247 -0.0610597 -0.142471 0.129613 -0.0610597 -0.142471 0.14247 -0.0670189 0.129613 0.14247 -0.0610597 0.14247 0.129613 -0.0610597 0.14247 0.14247 -0.0670189 0.183176 0.14247 -0.0867159 0.460776 0.14247 -0.0610597 0.427411 0.14247 -0.0964924 -0.446239 0.183176 -0.0610597 -0.427413 0.223294 -0.0610597 -0.427413 0.183176 -0.0822095 -0.142471 0.183176 -0.0867158 -0.101766 0.164392 -0.0610597 -0.101766 0.183176 -0.072388 -0.0591946 0.183176 -0.0610597 -0.0610597 0.182774 -0.0610597 -0.0610597 0.183176 -0.0613405 0.0591929 0.183176 -0.0610597 0.061058 0.182774 -0.0610597 0.061058 0.183176 -0.0613405 0.101764 0.164392 -0.0610597 0.101764 0.183176 -0.072388 0.14247 0.183176 -0.0867158 0.446237 0.183176 -0.0610597 0.427411 0.223294 -0.0610597 0.427411 0.183176 -0.0822095 -0.427125 0.223882 -0.0610597 -0.386707 0.223882 -0.0996681 -0.101766 0.223882 -0.0948861 -0.0610597 0.223882 -0.0867158 -0.0203538 0.19267 -0.0610597 -0.0203538 0.223882 -0.082227 0.0203521 0.19267 -0.0610597 0.0203521 0.223882 -0.082227 0.061058 0.223882 -0.0867158 0.101764 0.223882 -0.0948861 0.427124 0.223882 -0.0610597 0.386705 0.223882 -0.0996681 -0.403218 0.264587 -0.0610597 -0.386707 0.287789 -0.0610597 -0.386707 0.264587 -0.0782378 0.403216 0.264587 -0.0610597 0.386705 0.287789 -0.0610597 0.386705 0.264587 -0.0782378 -0.373229 0.305293 -0.0610597 -0.346001 0.335765 -0.0610597 -0.346001 0.305293 -0.0860195 0.373227 0.305293 -0.0610597 0.345999 0.335765 -0.0610597 0.345999 0.305293 -0.0860195 -0.335766 0.345999 -0.0610597 -0.305295 0.373227 -0.0610597 -0.305295 0.345999 -0.0860195 0.335765 0.345999 -0.0610597 0.305293 0.373227 -0.0610597 0.305293 0.345999 -0.0860195 -0.287791 0.386705 -0.0610597 -0.264589 0.403216 -0.0610597 -0.264589 0.386705 -0.0782378 -0.223883 0.427124 -0.0610597 -0.223883 0.386705 -0.0996681 0.223882 0.427124 -0.0610597 0.223882 0.386705 -0.0996681 0.287789 0.386705 -0.0610597 0.264587 0.403216 -0.0610597 0.264587 0.386705 -0.0782378 -0.223295 0.427411 -0.0610597 -0.183177 0.446237 -0.0610597 -0.183177 0.427411 -0.0822095 -0.142471 0.460776 -0.0610597 -0.142471 0.427411 -0.0964924 0.14247 0.460776 -0.0610597 0.14247 0.427411 -0.0964924 0.223294 0.427411 -0.0610597 0.183176 0.446237 -0.0610597 0.183176 0.427411 -0.0822095 -0.11447 0.468117 -0.0610597 -0.101766 0.471463 -0.0610597 -0.101766 0.468117 -0.0653418 -0.0610597 0.478553 -0.0610597 -0.0610597 0.468117 -0.0741037 -0.0203538 0.482033 -0.0610597 -0.0203538 0.468117 -0.0782378 0.0203521 0.482033 -0.0610597 0.0203521 0.468117 -0.0782378 0.061058 0.478553 -0.0610597 0.061058 0.468117 -0.0741037 0.114469 0.468117 -0.0610597 0.101764 0.471463 -0.0610597 0.101764 0.468117 -0.0653418 -0.16524 -0.468119 -0.0203538 -0.142471 -0.476131 -0.0203538 -0.142471 -0.468119 -0.0421144 -0.101766 -0.486605 -0.0203538 -0.0610597 -0.49335 -0.0203538 -0.0203538 -0.496656 -0.0203538 0.0203521 -0.496656 -0.0203538 0.061058 -0.49335 -0.0203538 0.101764 -0.486605 -0.0203538 0.165238 -0.468119 -0.0203538 0.14247 -0.476131 -0.0203538 0.14247 -0.468119 -0.0421144 -0.252789 -0.427413 -0.0203538 -0.223883 -0.443714 -0.0203538 -0.223883 -0.427413 -0.0604075 -0.183177 -0.461886 -0.0203538 0.183176 -0.461886 -0.0203538 0.252787 -0.427413 -0.0203538 0.223882 -0.443714 -0.0203538 0.223882 -0.427413 -0.0604075 -0.311746 -0.386707 -0.0203538 -0.305295 -0.391939 -0.0203538 -0.305295 -0.386707 -0.0324749 -0.264589 -0.420513 -0.0203538 0.264587 -0.420513 -0.0203538 0.311745 -0.386707 -0.0203538 0.305293 -0.391939 -0.0203538 0.305293 -0.386707 -0.0324749 -0.356468 -0.346001 -0.0203538 -0.346001 -0.356468 -0.0203538 -0.346001 -0.346001 -0.0421144 0.356466 -0.346001 -0.0203538 0.345999 -0.356468 -0.0203538 0.345999 -0.346001 -0.0421144 -0.391939 -0.305295 -0.0203538 -0.386707 -0.311746 -0.0203538 -0.386707 -0.305295 -0.0324749 0.391937 -0.305295 -0.0203538 0.386705 -0.311746 -0.0203538 0.386705 -0.305295 -0.0324749 -0.420513 -0.264589 -0.0203538 0.420512 -0.264589 -0.0203538 -0.443714 -0.223883 -0.0203538 -0.427413 -0.252789 -0.0203538 -0.427413 -0.223883 -0.0604075 0.443712 -0.223883 -0.0203538 0.427411 -0.252789 -0.0203538 0.427411 -0.223883 -0.0604075 -0.461886 -0.183177 -0.0203538 -0.0610597 -0.146455 -0.0203538 -0.0203538 -0.157657 -0.0203538 -0.0203538 -0.183177 -0.0509124 0.0203521 -0.157657 -0.0203538 0.0203521 -0.183177 -0.0509124 0.061058 -0.146455 -0.0203538 0.461884 -0.183177 -0.0203538 -0.476131 -0.142471 -0.0203538 -0.468119 -0.16524 -0.0203538 -0.468119 -0.142471 -0.0421144 -0.0683409 -0.142471 -0.0203538 -0.101766 -0.12116 -0.0203538 -0.101766 -0.142471 -0.0397887 0.0683392 -0.142471 -0.0203538 0.101764 -0.12116 -0.0203538 0.101764 -0.142471 -0.0397887 0.47613 -0.142471 -0.0203538 0.468117 -0.16524 -0.0203538 0.468117 -0.142471 -0.0421144 -0.486605 -0.101766 -0.0203538 -0.12116 -0.101766 -0.0203538 -0.142471 -0.0683409 -0.0203538 -0.142471 -0.101766 -0.0397887 0.121159 -0.101766 -0.0203538 0.14247 -0.0683409 -0.0203538 0.14247 -0.101766 -0.0397887 0.486603 -0.101766 -0.0203538 -0.49335 -0.0610597 -0.0203538 -0.146455 -0.0610597 -0.0203538 0.146453 -0.0610597 -0.0203538 0.493348 -0.0610597 -0.0203538 -0.496656 -0.0203538 -0.0203538 -0.157657 -0.0203538 -0.0203538 -0.183177 -0.0203538 -0.0509124 0.157656 -0.0203538 -0.0203538 0.183176 -0.0203538 -0.0509124 0.496655 -0.0203538 -0.0203538 -0.496656 0.0203521 -0.0203538 -0.157657 0.0203521 -0.0203538 -0.183177 0.0203521 -0.0509124 0.157656 0.0203521 -0.0203538 0.183176 0.0203521 -0.0509124 0.496655 0.0203521 -0.0203538 -0.49335 0.061058 -0.0203538 -0.146455 0.061058 -0.0203538 0.146453 0.061058 -0.0203538 0.493348 0.061058 -0.0203538 -0.486605 0.101764 -0.0203538 -0.12116 0.101764 -0.0203538 -0.142471 0.0683392 -0.0203538 -0.142471 0.101764 -0.0397887 0.121159 0.101764 -0.0203538 0.14247 0.0683392 -0.0203538 0.14247 0.101764 -0.0397887 0.486603 0.101764 -0.0203538 -0.476131 0.14247 -0.0203538 -0.468119 0.165238 -0.0203538 -0.468119 0.14247 -0.0421144 -0.0683409 0.14247 -0.0203538 -0.101766 0.121159 -0.0203538 -0.101766 0.14247 -0.0397887 0.0683392 0.14247 -0.0203538 0.101764 0.121159 -0.0203538 0.101764 0.14247 -0.0397887 0.47613 0.14247 -0.0203538 0.468117 0.165238 -0.0203538 0.468117 0.14247 -0.0421144 -0.461886 0.183176 -0.0203538 -0.0610597 0.146453 -0.0203538 -0.0203538 0.157656 -0.0203538 -0.0203538 0.183176 -0.0509124 0.0203521 0.157656 -0.0203538 0.0203521 0.183176 -0.0509124 0.061058 0.146453 -0.0203538 0.461884 0.183176 -0.0203538 -0.443714 0.223882 -0.0203538 -0.427413 0.252787 -0.0203538 -0.427413 0.223882 -0.0604075 0.443712 0.223882 -0.0203538 0.427411 0.252787 -0.0203538 0.427411 0.223882 -0.0604075 -0.420513 0.264587 -0.0203538 0.420512 0.264587 -0.0203538 -0.391939 0.305293 -0.0203538 -0.386707 0.311745 -0.0203538 -0.386707 0.305293 -0.0324749 0.391937 0.305293 -0.0203538 0.386705 0.311745 -0.0203538 0.386705 0.305293 -0.0324749 -0.356468 0.345999 -0.0203538 -0.346001 0.356466 -0.0203538 -0.346001 0.345999 -0.0421144 0.356466 0.345999 -0.0203538 0.345999 0.356466 -0.0203538 0.345999 0.345999 -0.0421144 -0.311746 0.386705 -0.0203538 -0.305295 0.391937 -0.0203538 -0.305295 0.386705 -0.0324749 -0.264589 0.420512 -0.0203538 0.264587 0.420512 -0.0203538 0.311745 0.386705 -0.0203538 0.305293 0.391937 -0.0203538 0.305293 0.386705 -0.0324749 -0.252789 0.427411 -0.0203538 -0.223883 0.443712 -0.0203538 -0.223883 0.427411 -0.0604075 -0.183177 0.461884 -0.0203538 0.183176 0.461884 -0.0203538 0.252787 0.427411 -0.0203538 0.223882 0.443712 -0.0203538 0.223882 0.427411 -0.0604075 -0.16524 0.468117 -0.0203538 -0.142471 0.47613 -0.0203538 -0.142471 0.468117 -0.0421144 -0.101766 0.486603 -0.0203538 -0.0610597 0.493348 -0.0203538 -0.0203538 0.496655 -0.0203538 0.0203521 0.496655 -0.0203538 0.061058 0.493348 -0.0203538 0.101764 0.486603 -0.0203538 0.165238 0.468117 -0.0203538 0.14247 0.47613 -0.0203538 0.14247 0.468117 -0.0421144 -0.16524 -0.468119 0.0203521 -0.142471 -0.476131 0.0203521 -0.142471 -0.468119 0.0421128 -0.101766 -0.486605 0.0203521 -0.0610597 -0.49335 0.0203521 -0.0203538 -0.496656 0.0203521 0.0203521 -0.496656 0.0203521 0.061058 -0.49335 0.0203521 0.101764 -0.486605 0.0203521 0.165238 -0.468119 0.0203521 0.14247 -0.476131 0.0203521 0.14247 -0.468119 0.0421128 -0.252789 -0.427413 0.0203521 -0.223883 -0.443714 0.0203521 -0.223883 -0.427413 0.0604058 -0.183177 -0.461886 0.0203521 0.183176 -0.461886 0.0203521 0.252787 -0.427413 0.0203521 0.223882 -0.443714 0.0203521 0.223882 -0.427413 0.0604058 -0.311746 -0.386707 0.0203521 -0.305295 -0.391939 0.0203521 -0.305295 -0.386707 0.0324731 -0.264589 -0.420513 0.0203521 0.264587 -0.420513 0.0203521 0.311745 -0.386707 0.0203521 0.305293 -0.391939 0.0203521 0.305293 -0.386707 0.0324731 -0.356468 -0.346001 0.0203521 -0.346001 -0.356468 0.0203521 -0.346001 -0.346001 0.0421128 0.356466 -0.346001 0.0203521 0.345999 -0.356468 0.0203521 0.345999 -0.346001 0.0421128 -0.391939 -0.305295 0.0203521 -0.386707 -0.311746 0.0203521 -0.386707 -0.305295 0.0324731 0.391937 -0.305295 0.0203521 0.386705 -0.311746 0.0203521 0.386705 -0.305295 0.0324731 -0.420513 -0.264589 0.0203521 0.420512 -0.264589 0.0203521 -0.443714 -0.223883 0.0203521 -0.427413 -0.252789 0.0203521 -0.427413 -0.223883 0.0604058 0.443712 -0.223883 0.0203521 0.427411 -0.252789 0.0203521 0.427411 -0.223883 0.0604058 -0.461886 -0.183177 0.0203521 -0.0610597 -0.146455 0.0203521 -0.0203538 -0.157657 0.0203521 -0.0203538 -0.183177 0.0509107 0.0203521 -0.157657 0.0203521 0.0203521 -0.183177 0.0509107 0.061058 -0.146455 0.0203521 0.461884 -0.183177 0.0203521 -0.476131 -0.142471 0.0203521 -0.468119 -0.16524 0.0203521 -0.468119 -0.142471 0.0421128 -0.0683409 -0.142471 0.0203521 -0.101766 -0.12116 0.0203521 -0.101766 -0.142471 0.0397871 0.0683392 -0.142471 0.0203521 0.101764 -0.12116 0.0203521 0.101764 -0.142471 0.0397871 0.47613 -0.142471 0.0203521 0.468117 -0.16524 0.0203521 0.468117 -0.142471 0.0421128 -0.486605 -0.101766 0.0203521 -0.12116 -0.101766 0.0203521 -0.142471 -0.0683409 0.0203521 -0.142471 -0.101766 0.0397871 0.121159 -0.101766 0.0203521 0.14247 -0.0683409 0.0203521 0.14247 -0.101766 0.0397871 0.486603 -0.101766 0.0203521 -0.49335 -0.0610597 0.0203521 -0.146455 -0.0610597 0.0203521 0.146453 -0.0610597 0.0203521 0.493348 -0.0610597 0.0203521 -0.496656 -0.0203538 0.0203521 -0.157657 -0.0203538 0.0203521 -0.183177 -0.0203538 0.0509107 0.157656 -0.0203538 0.0203521 0.183176 -0.0203538 0.0509107 0.496655 -0.0203538 0.0203521 -0.496656 0.0203521 0.0203521 -0.157657 0.0203521 0.0203521 -0.183177 0.0203521 0.0509107 0.157656 0.0203521 0.0203521 0.183176 0.0203521 0.0509107 0.496655 0.0203521 0.0203521 -0.49335 0.061058 0.0203521 -0.146455 0.061058 0.0203521 0.146453 0.061058 0.0203521 0.493348 0.061058 0.0203521 -0.486605 0.101764 0.0203521 -0.12116 0.101764 0.0203521 -0.142471 0.0683392 0.0203521 -0.142471 0.101764 0.0397871 0.121159 0.101764 0.0203521 0.14247 0.0683392 0.0203521 0.14247 0.101764 0.0397871 0.486603 0.101764 0.0203521 -0.476131 0.14247 0.0203521 -0.468119 0.165238 0.0203521 -0.468119 0.14247 0.0421128 -0.0683409 0.14247 0.0203521 -0.101766 0.121159 0.0203521 -0.101766 0.14247 0.0397871 0.0683392 0.14247 0.0203521 0.101764 0.121159 0.0203521 0.101764 0.14247 0.0397871 0.47613 0.14247 0.0203521 0.468117 0.165238 0.0203521 0.468117 0.14247 0.0421128 -0.461886 0.183176 0.0203521 -0.0610597 0.146453 0.0203521 -0.0203538 0.157656 0.0203521 -0.0203538 0.183176 0.0509107 0.0203521 0.157656 0.0203521 0.0203521 0.183176 0.0509107 0.061058 0.146453 0.0203521 0.461884 0.183176 0.0203521 -0.443714 0.223882 0.0203521 -0.427413 0.252787 0.0203521 -0.427413 0.223882 0.0604058 0.443712 0.223882 0.0203521 0.427411 0.252787 0.0203521 0.427411 0.223882 0.0604058 -0.420513 0.264587 0.0203521 0.420512 0.264587 0.0203521 -0.391939 0.305293 0.0203521 -0.386707 0.311745 0.0203521 -0.386707 0.305293 0.0324731 0.391937 0.305293 0.0203521 0.386705 0.311745 0.0203521 0.386705 0.305293 0.0324731 -0.356468 0.345999 0.0203521 -0.346001 0.356466 0.0203521 -0.346001 0.345999 0.0421128 0.356466 0.345999 0.0203521 0.345999 0.356466 0.0203521 0.345999 0.345999 0.0421128 -0.311746 0.386705 0.0203521 -0.305295 0.391937 0.0203521 -0.305295 0.386705 0.0324731 -0.264589 0.420512 0.0203521 0.264587 0.420512 0.0203521 0.311745 0.386705 0.0203521 0.305293 0.391937 0.0203521 0.305293 0.386705 0.0324731 -0.252789 0.427411 0.0203521 -0.223883 0.443712 0.0203521 -0.223883 0.427411 0.0604058 -0.183177 0.461884 0.0203521 0.183176 0.461884 0.0203521 0.252787 0.427411 0.0203521 0.223882 0.443712 0.0203521 0.223882 0.427411 0.0604058 -0.16524 0.468117 0.0203521 -0.142471 0.47613 0.0203521 -0.142471 0.468117 0.0421128 -0.101766 0.486603 0.0203521 -0.0610597 0.493348 0.0203521 -0.0203538 0.496655 0.0203521 0.0203521 0.496655 0.0203521 0.061058 0.493348 0.0203521 0.101764 0.486603 0.0203521 0.165238 0.468117 0.0203521 0.14247 0.47613 0.0203521 0.14247 0.468117 0.0421128 -0.11447 -0.468119 0.061058 -0.101766 -0.471465 0.061058 -0.101766 -0.468119 0.0653401 -0.0610597 -0.478555 0.061058 -0.0610597 -0.468119 0.074102 -0.0203538 -0.482035 0.061058 -0.0203538 -0.468119 0.078236 0.0203521 -0.482035 0.061058 0.0203521 -0.468119 0.078236 0.061058 -0.478555 0.061058 0.061058 -0.468119 0.074102 0.114469 -0.468119 0.061058 0.101764 -0.471465 0.061058 0.101764 -0.468119 0.0653401 -0.223295 -0.427413 0.061058 -0.183177 -0.446239 0.061058 -0.183177 -0.427413 0.0822077 -0.142471 -0.460778 0.061058 -0.142471 -0.427413 0.0964907 0.14247 -0.460778 0.061058 0.14247 -0.427413 0.0964907 0.223294 -0.427413 0.061058 0.183176 -0.446239 0.061058 0.183176 -0.427413 0.0822077 -0.287791 -0.386707 0.061058 -0.264589 -0.403218 0.061058 -0.264589 -0.386707 0.078236 -0.223883 -0.427125 0.061058 -0.223883 -0.386707 0.0996664 0.223882 -0.427125 0.061058 0.223882 -0.386707 0.0996664 0.287789 -0.386707 0.061058 0.264587 -0.403218 0.061058 0.264587 -0.386707 0.078236 -0.335766 -0.346001 0.061058 -0.305295 -0.373229 0.061058 -0.305295 -0.346001 0.0860178 0.335765 -0.346001 0.061058 0.305293 -0.373229 0.061058 0.305293 -0.346001 0.0860178 -0.373229 -0.305295 0.061058 -0.346001 -0.335766 0.061058 -0.346001 -0.305295 0.0860178 0.373227 -0.305295 0.061058 0.345999 -0.335766 0.061058 0.345999 -0.305295 0.0860178 -0.403218 -0.264589 0.061058 -0.386707 -0.287791 0.061058 -0.386707 -0.264589 0.078236 0.403216 -0.264589 0.061058 0.386705 -0.287791 0.061058 0.386705 -0.264589 0.078236 -0.427125 -0.223883 0.061058 -0.386707 -0.223883 0.0996664 -0.101766 -0.223883 0.0948844 -0.0610597 -0.223883 0.0867141 -0.0203538 -0.192672 0.061058 -0.0203538 -0.223883 0.0822253 0.0203521 -0.192672 0.061058 0.0203521 -0.223883 0.0822253 0.061058 -0.223883 0.0867141 0.101764 -0.223883 0.0948844 0.427124 -0.223883 0.061058 0.386705 -0.223883 0.0996664 -0.446239 -0.183177 0.061058 -0.427413 -0.223295 0.061058 -0.427413 -0.183177 0.0822077 -0.142471 -0.183177 0.0867141 -0.101766 -0.164394 0.061058 -0.101766 -0.183177 0.0723863 -0.0591946 -0.183177 0.061058 -0.0610597 -0.182775 0.061058 -0.0610597 -0.183177 0.0613388 0.0591929 -0.183177 0.061058 0.061058 -0.182775 0.061058 0.061058 -0.183177 0.0613388 0.101764 -0.164394 0.061058 0.101764 -0.183177 0.0723863 0.14247 -0.183177 0.0867141 0.446237 -0.183177 0.061058 0.427411 -0.223295 0.061058 0.427411 -0.183177 0.0822077 -0.460778 -0.142471 0.061058 -0.427413 -0.142471 0.0964907 -0.183177 -0.142471 0.0867143 -0.129615 -0.142471 0.061058 -0.142471 -0.129615 0.061058 -0.142471 -0.142471 0.0670172 0.129613 -0.142471 0.061058 0.14247 -0.129615 0.061058 0.14247 -0.142471 0.0670172 0.183176 -0.142471 0.0867143 0.460776 -0.142471 0.061058 0.427411 -0.142471 0.0964907 -0.471465 -0.101766 0.061058 -0.468119 -0.11447 0.061058 -0.468119 -0.101766 0.0653401 -0.223883 -0.101766 0.0948844 -0.164394 -0.101766 0.061058 -0.183177 -0.101766 0.0723863 0.164392 -0.101766 0.061058 0.183176 -0.101766 0.0723863 0.223882 -0.101766 0.0948844 0.471463 -0.101766 0.061058 0.468117 -0.11447 0.061058 0.468117 -0.101766 0.0653401 -0.478555 -0.0610597 0.061058 -0.468119 -0.0610597 0.074102 -0.223883 -0.0610597 0.0867143 -0.182775 -0.0610597 0.061058 -0.183177 -0.0591946 0.061058 -0.183177 -0.0610597 0.0613388 0.182774 -0.0610597 0.061058 0.183176 -0.0591946 0.061058 0.183176 -0.0610597 0.0613388 0.223882 -0.0610597 0.0867143 0.478553 -0.0610597 0.061058 0.468117 -0.0610597 0.074102 -0.482035 -0.0203538 0.061058 -0.468119 -0.0203538 0.078236 -0.192672 -0.0203538 0.061058 -0.223883 -0.0203538 0.0822253 0.19267 -0.0203538 0.061058 0.223882 -0.0203538 0.0822253 0.482033 -0.0203538 0.061058 0.468117 -0.0203538 0.078236 -0.482035 0.0203521 0.061058 -0.468119 0.0203521 0.078236 -0.192672 0.0203521 0.061058 -0.223883 0.0203521 0.0822253 0.19267 0.0203521 0.061058 0.223882 0.0203521 0.0822253 0.482033 0.0203521 0.061058 0.468117 0.0203521 0.078236 -0.478555 0.061058 0.061058 -0.468119 0.061058 0.074102 -0.223883 0.061058 0.0867143 -0.182775 0.061058 0.061058 -0.183177 0.0591929 0.061058 -0.183177 0.061058 0.0613388 0.182774 0.061058 0.061058 0.183176 0.0591929 0.061058 0.183176 0.061058 0.0613388 0.223882 0.061058 0.0867143 0.478553 0.061058 0.061058 0.468117 0.061058 0.074102 -0.471465 0.101764 0.061058 -0.468119 0.114469 0.061058 -0.468119 0.101764 0.0653401 -0.223883 0.101764 0.0948844 -0.164394 0.101764 0.061058 -0.183177 0.101764 0.0723863 0.164392 0.101764 0.061058 0.183176 0.101764 0.0723863 0.223882 0.101764 0.0948844 0.471463 0.101764 0.061058 0.468117 0.114469 0.061058 0.468117 0.101764 0.0653401 -0.460778 0.14247 0.061058 -0.427413 0.14247 0.0964907 -0.183177 0.14247 0.0867143 -0.129615 0.14247 0.061058 -0.142471 0.129613 0.061058 -0.142471 0.14247 0.0670172 0.129613 0.14247 0.061058 0.14247 0.129613 0.061058 0.14247 0.14247 0.0670172 0.183176 0.14247 0.0867143 0.460776 0.14247 0.061058 0.427411 0.14247 0.0964907 -0.446239 0.183176 0.061058 -0.427413 0.223294 0.061058 -0.427413 0.183176 0.0822077 -0.142471 0.183176 0.0867141 -0.101766 0.164392 0.061058 -0.101766 0.183176 0.0723863 -0.0591946 0.183176 0.061058 -0.0610597 0.182774 0.061058 -0.0610597 0.183176 0.0613388 0.0591929 0.183176 0.061058 0.061058 0.182774 0.061058 0.061058 0.183176 0.0613388 0.101764 0.164392 0.061058 0.101764 0.183176 0.0723863 0.14247 0.183176 0.0867141 0.446237 0.183176 0.061058 0.427411 0.223294 0.061058 0.427411 0.183176 0.0822077 -0.427125 0.223882 0.061058 -0.386707 0.223882 0.0996664 -0.101766 0.223882 0.0948844 -0.0610597 0.223882 0.0867141 -0.0203538 0.19267 0.061058 -0.0203538 0.223882 0.0822253 0.0203521 0.19267 0.061058 0.0203521 0.223882 0.0822253 0.061058 0.223882 0.0867141 0.101764 0.223882 0.0948844 0.427124 0.223882 0.061058 0.386705 0.223882 0.0996664 -0.403218 0.264587 0.061058 -0.386707 0.287789 0.061058 -0.386707 0.264587 0.078236 0.403216 0.264587 0.061058 0.386705 0.287789 0.061058 0.386705 0.264587 0.078236 -0.373229 0.305293 0.061058 -0.346001 0.335765 0.061058 -0.346001 0.305293 0.0860178 0.373227 0.305293 0.061058 0.345999 0.335765 0.061058 0.345999 0.305293 0.0860178 -0.335766 0.345999 0.061058 -0.305295 0.373227 0.061058 -0.305295 0.345999 0.0860178 0.335765 0.345999 0.061058 0.305293 0.373227 0.061058 0.305293 0.345999 0.0860178 -0.287791 0.386705 0.061058 -0.264589 0.403216 0.061058 -0.264589 0.386705 0.078236 -0.223883 0.427124 0.061058 -0.223883 0.386705 0.0996664 0.223882 0.427124 0.061058 0.223882 0.386705 0.0996664 0.287789 0.386705 0.061058 0.264587 0.403216 0.061058 0.264587 0.386705 0.078236 -0.223295 0.427411 0.061058 -0.183177 0.446237 0.061058 -0.183177 0.427411 0.0822077 -0.142471 0.460776 0.061058 -0.142471 0.427411 0.0964907 0.14247 0.460776 0.061058 0.14247 0.427411 0.0964907 0.223294 0.427411 0.061058 0.183176 0.446237 0.061058 0.183176 0.427411 0.0822077 -0.11447 0.468117 0.061058 -0.101766 0.471463 0.061058 -0.101766 0.468117 0.0653401 -0.0610597 0.478553 0.061058 -0.0610597 0.468117 0.074102 -0.0203538 0.482033 0.061058 -0.0203538 0.468117 0.078236 0.0203521 0.482033 0.061058 0.0203521 0.468117 0.078236 0.061058 0.478553 0.061058 0.061058 0.468117 0.074102 0.114469 0.468117 0.061058 0.101764 0.471463 0.061058 0.101764 0.468117 0.0653401 -0.119522 -0.427413 0.101764 -0.101766 -0.432274 0.101764 -0.101766 -0.427413 0.10462 -0.0610597 -0.439618 0.101764 -0.0610597 -0.427413 0.10861 -0.0203538 -0.443271 0.101764 -0.0203538 -0.427413 0.11044 0.0203521 -0.443271 0.101764 0.0203521 -0.427413 0.11044 0.061058 -0.439618 0.101764 0.061058 -0.427413 0.10861 0.11952 -0.427413 0.101764 0.101764 -0.432274 0.101764 0.101764 -0.427413 0.10462 -0.218225 -0.386707 0.101764 -0.183177 -0.404149 0.101764 -0.183177 -0.386707 0.11044 -0.142471 -0.420367 0.101764 -0.142471 -0.386707 0.116664 -0.101766 -0.386707 0.120191 -0.0610597 -0.386707 0.121999 -0.0203538 -0.386707 0.12274 0.0203521 -0.386707 0.12274 0.061058 -0.386707 0.121999 0.101764 -0.386707 0.120191 0.14247 -0.420367 0.101764 0.14247 -0.386707 0.116664 0.218223 -0.386707 0.101764 0.183176 -0.404149 0.101764 0.183176 -0.386707 0.11044 -0.277978 -0.346001 0.101764 -0.264589 -0.356421 0.101764 -0.264589 -0.346001 0.10667 -0.223883 -0.383507 0.101764 -0.223883 -0.346001 0.116664 -0.183177 -0.346001 0.121999 -0.142471 -0.346001 0.124304 -0.101766 -0.346001 0.124869 -0.0610597 -0.346001 0.124678 -0.0203538 -0.346001 0.124409 0.0203521 -0.346001 0.124409 0.061058 -0.346001 0.124678 0.101764 -0.346001 0.124869 0.14247 -0.346001 0.124304 0.183176 -0.346001 0.121999 0.223882 -0.383507 0.101764 0.223882 -0.346001 0.116664 0.277976 -0.346001 0.101764 0.264587 -0.356421 0.101764 0.264587 -0.346001 0.10667 -0.322062 -0.305295 0.101764 -0.305295 -0.322062 0.101764 -0.305295 -0.305295 0.10861 -0.264589 -0.305295 0.119124 -0.223883 -0.305295 0.123893 -0.183177 -0.305295 0.124831 -0.142471 -0.305295 0.123513 -0.101766 -0.305295 0.121245 -0.0610597 -0.305295 0.119085 -0.0203538 -0.305295 0.117801 0.0203521 -0.305295 0.117801 0.061058 -0.305295 0.119085 0.101764 -0.305295 0.121245 0.14247 -0.305295 0.123513 0.183176 -0.305295 0.124831 0.223882 -0.305295 0.123893 0.264587 -0.305295 0.119124 0.32206 -0.305295 0.101764 0.305293 -0.322062 0.101764 0.305293 -0.305295 0.10861 -0.356421 -0.264589 0.101764 -0.346001 -0.277978 0.101764 -0.346001 -0.264589 0.10667 -0.305295 -0.264589 0.119124 -0.264589 -0.264589 0.124304 -0.223883 -0.264589 0.124409 -0.183177 -0.264589 0.121245 -0.142471 -0.264589 0.116376 -0.101766 -0.240269 0.101764 -0.101766 -0.264589 0.111202 -0.0610597 -0.253539 0.101764 -0.0610597 -0.264589 0.10695 -0.0203538 -0.25913 0.101764 -0.0203538 -0.264589 0.104564 0.0203521 -0.25913 0.101764 0.0203521 -0.264589 0.104564 0.061058 -0.253539 0.101764 0.061058 -0.264589 0.10695 0.101764 -0.240269 0.101764 0.101764 -0.264589 0.111202 0.14247 -0.264589 0.116376 0.183176 -0.264589 0.121245 0.223882 -0.264589 0.124409 0.264587 -0.264589 0.124304 0.305293 -0.264589 0.119124 0.35642 -0.264589 0.101764 0.345999 -0.277978 0.101764 0.345999 -0.264589 0.10667 -0.383507 -0.223883 0.101764 -0.346001 -0.223883 0.116664 -0.305295 -0.223883 0.123893 -0.264589 -0.223883 0.124409 -0.223883 -0.223883 0.120232 -0.183177 -0.223883 0.113081 -0.129382 -0.223883 0.101764 -0.142471 -0.216927 0.101764 -0.142471 -0.223883 0.104564 0.129381 -0.223883 0.101764 0.14247 -0.216927 0.101764 0.14247 -0.223883 0.104564 0.183176 -0.223883 0.113081 0.223882 -0.223883 0.120232 0.264587 -0.223883 0.124409 0.305293 -0.223883 0.123893 0.383505 -0.223883 0.101764 0.345999 -0.223883 0.116664 -0.404149 -0.183177 0.101764 -0.386707 -0.218225 0.101764 -0.386707 -0.183177 0.11044 -0.346001 -0.183177 0.121999 -0.305295 -0.183177 0.124831 -0.264589 -0.183177 0.121245 -0.223883 -0.183177 0.113081 -0.182486 -0.183177 0.101764 -0.183177 -0.182486 0.101764 -0.183177 -0.183177 0.101993 0.182485 -0.183177 0.101764 0.183176 -0.182486 0.101764 0.183176 -0.183177 0.101993 0.223882 -0.183177 0.113081 0.264587 -0.183177 0.121245 0.305293 -0.183177 0.124831 0.345999 -0.183177 0.121999 0.404147 -0.183177 0.101764 0.386705 -0.218225 0.101764 0.386705 -0.183177 0.11044 -0.420367 -0.142471 0.101764 -0.386707 -0.142471 0.116664 -0.346001 -0.142471 0.124304 -0.305295 -0.142471 0.123513 -0.264589 -0.142471 0.116376 -0.216927 -0.142471 0.101764 -0.223883 -0.129382 0.101764 -0.223883 -0.142471 0.104564 0.216926 -0.142471 0.101764 0.223882 -0.129382 0.101764 0.223882 -0.142471 0.104564 0.264587 -0.142471 0.116376 0.305293 -0.142471 0.123513 0.345999 -0.142471 0.124304 0.420365 -0.142471 0.101764 0.386705 -0.142471 0.116664 -0.432274 -0.101766 0.101764 -0.427413 -0.119522 0.101764 -0.427413 -0.101766 0.10462 -0.386707 -0.101766 0.120191 -0.346001 -0.101766 0.124869 -0.305295 -0.101766 0.121245 -0.240269 -0.101766 0.101764 -0.264589 -0.101766 0.111202 0.240267 -0.101766 0.101764 0.264587 -0.101766 0.111202 0.305293 -0.101766 0.121245 0.345999 -0.101766 0.124869 0.386705 -0.101766 0.120191 0.432272 -0.101766 0.101764 0.427411 -0.119522 0.101764 0.427411 -0.101766 0.10462 -0.439618 -0.0610597 0.101764 -0.427413 -0.0610597 0.10861 -0.386707 -0.0610597 0.121999 -0.346001 -0.0610597 0.124678 -0.305295 -0.0610597 0.119085 -0.253539 -0.0610597 0.101764 -0.264589 -0.0610597 0.10695 0.253538 -0.0610597 0.101764 0.264587 -0.0610597 0.10695 0.305293 -0.0610597 0.119085 0.345999 -0.0610597 0.124678 0.386705 -0.0610597 0.121999 0.439616 -0.0610597 0.101764 0.427411 -0.0610597 0.10861 -0.443271 -0.0203538 0.101764 -0.427413 -0.0203538 0.11044 -0.386707 -0.0203538 0.12274 -0.346001 -0.0203538 0.124409 -0.305295 -0.0203538 0.117801 -0.25913 -0.0203538 0.101764 -0.264589 -0.0203538 0.104564 0.259128 -0.0203538 0.101764 0.264587 -0.0203538 0.104564 0.305293 -0.0203538 0.117801 0.345999 -0.0203538 0.124409 0.386705 -0.0203538 0.12274 0.44327 -0.0203538 0.101764 0.427411 -0.0203538 0.11044 -0.443271 0.0203521 0.101764 -0.427413 0.0203521 0.11044 -0.386707 0.0203521 0.12274 -0.346001 0.0203521 0.124409 -0.305295 0.0203521 0.117801 -0.25913 0.0203521 0.101764 -0.264589 0.0203521 0.104564 0.259128 0.0203521 0.101764 0.264587 0.0203521 0.104564 0.305293 0.0203521 0.117801 0.345999 0.0203521 0.124409 0.386705 0.0203521 0.12274 0.44327 0.0203521 0.101764 0.427411 0.0203521 0.11044 -0.439618 0.061058 0.101764 -0.427413 0.061058 0.10861 -0.386707 0.061058 0.121999 -0.346001 0.061058 0.124678 -0.305295 0.061058 0.119085 -0.253539 0.061058 0.101764 -0.264589 0.061058 0.10695 0.253538 0.061058 0.101764 0.264587 0.061058 0.10695 0.305293 0.061058 0.119085 0.345999 0.061058 0.124678 0.386705 0.061058 0.121999 0.439616 0.061058 0.101764 0.427411 0.061058 0.10861 -0.432274 0.101764 0.101764 -0.427413 0.11952 0.101764 -0.427413 0.101764 0.10462 -0.386707 0.101764 0.120191 -0.346001 0.101764 0.124869 -0.305295 0.101764 0.121245 -0.240269 0.101764 0.101764 -0.264589 0.101764 0.111202 0.240267 0.101764 0.101764 0.264587 0.101764 0.111202 0.305293 0.101764 0.121245 0.345999 0.101764 0.124869 0.386705 0.101764 0.120191 0.432272 0.101764 0.101764 0.427411 0.11952 0.101764 0.427411 0.101764 0.10462 -0.420367 0.14247 0.101764 -0.386707 0.14247 0.116664 -0.346001 0.14247 0.124304 -0.305295 0.14247 0.123513 -0.264589 0.14247 0.116376 -0.216927 0.14247 0.101764 -0.223883 0.129381 0.101764 -0.223883 0.14247 0.104564 0.216926 0.14247 0.101764 0.223882 0.129381 0.101764 0.223882 0.14247 0.104564 0.264587 0.14247 0.116376 0.305293 0.14247 0.123513 0.345999 0.14247 0.124304 0.420365 0.14247 0.101764 0.386705 0.14247 0.116664 -0.404149 0.183176 0.101764 -0.386707 0.218223 0.101764 -0.386707 0.183176 0.11044 -0.346001 0.183176 0.121999 -0.305295 0.183176 0.124831 -0.264589 0.183176 0.121245 -0.223883 0.183176 0.113081 -0.182486 0.183176 0.101764 -0.183177 0.182485 0.101764 -0.183177 0.183176 0.101993 0.182485 0.183176 0.101764 0.183176 0.182485 0.101764 0.183176 0.183176 0.101993 0.223882 0.183176 0.113081 0.264587 0.183176 0.121245 0.305293 0.183176 0.124831 0.345999 0.183176 0.121999 0.404147 0.183176 0.101764 0.386705 0.218223 0.101764 0.386705 0.183176 0.11044 -0.383507 0.223882 0.101764 -0.346001 0.223882 0.116664 -0.305295 0.223882 0.123893 -0.264589 0.223882 0.124409 -0.223883 0.223882 0.120232 -0.183177 0.223882 0.113081 -0.129382 0.223882 0.101764 -0.142471 0.216926 0.101764 -0.142471 0.223882 0.104564 0.129381 0.223882 0.101764 0.14247 0.216926 0.101764 0.14247 0.223882 0.104564 0.183176 0.223882 0.113081 0.223882 0.223882 0.120232 0.264587 0.223882 0.124409 0.305293 0.223882 0.123893 0.383505 0.223882 0.101764 0.345999 0.223882 0.116664 -0.356421 0.264587 0.101764 -0.346001 0.277976 0.101764 -0.346001 0.264587 0.10667 -0.305295 0.264587 0.119124 -0.264589 0.264587 0.124304 -0.223883 0.264587 0.124409 -0.183177 0.264587 0.121245 -0.142471 0.264587 0.116376 -0.101766 0.240267 0.101764 -0.101766 0.264587 0.111202 -0.0610597 0.253538 0.101764 -0.0610597 0.264587 0.10695 -0.0203538 0.259128 0.101764 -0.0203538 0.264587 0.104564 0.0203521 0.259128 0.101764 0.0203521 0.264587 0.104564 0.061058 0.253538 0.101764 0.061058 0.264587 0.10695 0.101764 0.240267 0.101764 0.101764 0.264587 0.111202 0.14247 0.264587 0.116376 0.183176 0.264587 0.121245 0.223882 0.264587 0.124409 0.264587 0.264587 0.124304 0.305293 0.264587 0.119124 0.35642 0.264587 0.101764 0.345999 0.277976 0.101764 0.345999 0.264587 0.10667 -0.322062 0.305293 0.101764 -0.305295 0.32206 0.101764 -0.305295 0.305293 0.10861 -0.264589 0.305293 0.119124 -0.223883 0.305293 0.123893 -0.183177 0.305293 0.124831 -0.142471 0.305293 0.123513 -0.101766 0.305293 0.121245 -0.0610597 0.305293 0.119085 -0.0203538 0.305293 0.117801 0.0203521 0.305293 0.117801 0.061058 0.305293 0.119085 0.101764 0.305293 0.121245 0.14247 0.305293 0.123513 0.183176 0.305293 0.124831 0.223882 0.305293 0.123893 0.264587 0.305293 0.119124 0.32206 0.305293 0.101764 0.305293 0.32206 0.101764 0.305293 0.305293 0.10861 -0.277978 0.345999 0.101764 -0.264589 0.35642 0.101764 -0.264589 0.345999 0.10667 -0.223883 0.383505 0.101764 -0.223883 0.345999 0.116664 -0.183177 0.345999 0.121999 -0.142471 0.345999 0.124304 -0.101766 0.345999 0.124869 -0.0610597 0.345999 0.124678 -0.0203538 0.345999 0.124409 0.0203521 0.345999 0.124409 0.061058 0.345999 0.124678 0.101764 0.345999 0.124869 0.14247 0.345999 0.124304 0.183176 0.345999 0.121999 0.223882 0.383505 0.101764 0.223882 0.345999 0.116664 0.277976 0.345999 0.101764 0.264587 0.35642 0.101764 0.264587 0.345999 0.10667 -0.218225 0.386705 0.101764 -0.183177 0.404147 0.101764 -0.183177 0.386705 0.11044 -0.142471 0.420365 0.101764 -0.142471 0.386705 0.116664 -0.101766 0.386705 0.120191 -0.0610597 0.386705 0.121999 -0.0203538 0.386705 0.12274 0.0203521 0.386705 0.12274 0.061058 0.386705 0.121999 0.101764 0.386705 0.120191 0.14247 0.420365 0.101764 0.14247 0.386705 0.116664 0.218223 0.386705 0.101764 0.183176 0.404147 0.101764 0.183176 0.386705 0.11044 -0.119522 0.427411 0.101764 -0.101766 0.432272 0.101764 -0.101766 0.427411 0.10462 -0.0610597 0.439616 0.101764 -0.0610597 0.427411 0.10861 -0.0203538 0.44327 0.101764 -0.0203538 0.427411 0.11044 0.0203521 0.44327 0.101764 0.0203521 0.427411 0.11044 0.061058 0.439616 0.101764 0.061058 0.427411 0.10861 0.11952 0.427411 0.101764 0.101764 0.432272 0.101764 0.101764 0.427411 0.10462"/>
     <Normal vector="-0.153403 -0.536617 -0.829765 -0.129939 -0.539308 -0.832023 -0.124025 -0.507539 -0.852656 -0.0774243 -0.543446 -0.835866 -0.0679907 -0.459575 -0.885533 -0.0257506 -0.546194 -0.837263 -0.0215516 -0.434545 -0.900392 0.0257506 -0.546194 -0.837263 0.0215516 -0.434545 -0.900392 0.0774243 -0.543446 -0.835866 0.0679907 -0.459575 -0.885533 0.153403 -0.536617 -0.829765 0.129939 -0.539308 -0.832023 0.124025 -0.507539 -0.852656 -0.278206 -0.486245 -0.828352 -0.230695 -0.500575 -0.834389 -0.192119 -0.395262 -0.898253 -0.180646 -0.52271 -0.833151 -0.11632 -0.300537 -0.946651 -0.0644549 -0.225187 -0.972181 -0.0310382 -0.173328 -0.984375 -0.00905863 -0.146962 -0.989101 0.00905863 -0.146962 -0.989101 0.0310382 -0.173328 -0.984375 0.0644549 -0.225187 -0.972181 0.180646 -0.52271 -0.833151 0.11632 -0.300537 -0.946651 0.278206 -0.486245 -0.828352 0.230695 -0.500575 -0.834389 0.192119 -0.395262 -0.898253 -0.351076 -0.434277 -0.829548 -0.333469 -0.446032 -0.830574 -0.304539 -0.394863 -0.866798 -0.284299 -0.481269 -0.829189 -0.180539 -0.27171 -0.945293 -0.0907918 -0.159218 -0.98306 -0.0338867 -0.0646074 -0.997335 -0.00406505 0.00899011 -0.999951 0.00576778 0.0595111 -0.998211 0.00330826 0.0852792 -0.996352 -0.00330826 0.0852792 -0.996352 -0.00576778 0.0595111 -0.998211 0.00406505 0.00899011 -0.999951 0.0338867 -0.0646074 -0.997335 0.0907918 -0.159218 -0.98306 0.284299 -0.481269 -0.829189 0.180539 -0.27171 -0.945293 0.351076 -0.434277 -0.829548 0.333469 -0.446032 -0.830574 0.304539 -0.394863 -0.866798 -0.404003 -0.383129 -0.830659 -0.383129 -0.404003 -0.830659 -0.332954 -0.332954 -0.882204 -0.178467 -0.203484 -0.962675 -0.0649413 -0.0821514 -0.994502 0.00798235 0.0248702 -0.999659 0.0458243 0.115522 -0.992247 0.0549387 0.187679 -0.980693 0.0422293 0.23837 -0.970256 0.0156674 0.264625 -0.964224 -0.0156674 0.264625 -0.964224 -0.0422293 0.23837 -0.970256 -0.0549387 0.187679 -0.980693 -0.0458243 0.115522 -0.992247 -0.00798235 0.0248702 -0.999659 0.0649413 -0.0821514 -0.994502 0.178467 -0.203484 -0.962675 0.404003 -0.383129 -0.830659 0.383129 -0.404003 -0.830659 0.332954 -0.332954 -0.882204 -0.446032 -0.333469 -0.830574 -0.434277 -0.351076 -0.829548 -0.394863 -0.304539 -0.866798 -0.203484 -0.178467 -0.962675 -0.0562051 -0.0562051 -0.996836 0.0441805 0.0559144 -0.997458 0.102851 0.157295 -0.982181 0.125067 0.246738 -0.960978 0.157468 0.377877 -0.912366 0.115665 0.3207 -0.940092 0.0937657 0.40179 -0.910919 0.080743 0.374125 -0.923857 0.0311859 0.416357 -0.908666 0.0289003 0.402256 -0.915071 -0.0311859 0.416357 -0.908666 -0.0289003 0.402256 -0.915071 -0.0937657 0.40179 -0.910919 -0.080743 0.374125 -0.923857 -0.157468 0.377877 -0.912366 -0.115665 0.3207 -0.940092 -0.125067 0.246738 -0.960978 -0.102851 0.157295 -0.982181 -0.0441805 0.0559144 -0.997458 0.0562051 -0.0562051 -0.996836 0.203484 -0.178467 -0.962675 0.446032 -0.333469 -0.830574 0.434277 -0.351076 -0.829548 0.394863 -0.304539 -0.866798 -0.481269 -0.284299 -0.829189 -0.27171 -0.180539 -0.945293 -0.0821514 -0.0649413 -0.994502 0.0559144 0.0441805 -0.997458 0.147146 0.147146 -0.978108 0.196719 0.244928 -0.949375 0.197504 0.361954 -0.911033 0.223687 0.343027 -0.912303 0.207265 0.33537 -0.919004 -0.197504 0.361954 -0.911033 -0.223687 0.343027 -0.912303 -0.207265 0.33537 -0.919004 -0.196719 0.244928 -0.949375 -0.147146 0.147146 -0.978108 -0.0559144 0.0441805 -0.997458 0.0821514 -0.0649413 -0.994502 0.481269 -0.284299 -0.829189 0.27171 -0.180539 -0.945293 -0.500575 -0.230695 -0.834389 -0.486245 -0.278206 -0.828352 -0.395262 -0.192119 -0.898253 -0.159218 -0.0907918 -0.98306 0.0248702 0.00798235 -0.999659 0.157295 0.102851 -0.982181 0.244928 0.196719 -0.949375 0.290447 0.292218 -0.91118 0.292218 0.290447 -0.91118 0.290499 0.290499 -0.911713 -0.290447 0.292218 -0.91118 -0.292218 0.290447 -0.91118 -0.290499 0.290499 -0.911713 -0.244928 0.196719 -0.949375 -0.157295 0.102851 -0.982181 -0.0248702 0.00798235 -0.999659 0.159218 -0.0907918 -0.98306 0.500575 -0.230695 -0.834389 0.486245 -0.278206 -0.828352 0.395262 -0.192119 -0.898253 -0.52271 -0.180646 -0.833151 -0.300537 -0.11632 -0.946651 -0.0646074 -0.0338867 -0.997335 0.115522 0.0458243 -0.992247 0.246738 0.125067 -0.960978 0.343027 0.223687 -0.912303 0.361954 0.197504 -0.911033 0.33537 0.207265 -0.919004 -0.343027 0.223687 -0.912303 -0.361954 0.197504 -0.911033 -0.33537 0.207265 -0.919004 -0.246738 0.125067 -0.960978 -0.115522 0.0458243 -0.992247 0.0646074 -0.0338867 -0.997335 0.52271 -0.180646 -0.833151 0.300537 -0.11632 -0.946651 -0.539308 -0.129939 -0.832023 -0.536617 -0.153403 -0.829765 -0.507539 -0.124025 -0.852656 -0.225187 -0.0644549 -0.972181 0.00899011 -0.00406505 -0.999951 0.187679 0.0549387 -0.980693 0.377877 0.157468 -0.912366 0.3207 0.115665 -0.940092 -0.377877 0.157468 -0.912366 -0.3207 0.115665 -0.940092 -0.187679 0.0549387 -0.980693 -0.00899011 -0.00406505 -0.999951 0.225187 -0.0644549 -0.972181 0.539308 -0.129939 -0.832023 0.536617 -0.153403 -0.829765 0.507539 -0.124025 -0.852656 -0.543446 -0.0774243 -0.835866 -0.459575 -0.0679907 -0.885533 -0.173328 -0.0310382 -0.984375 0.0595111 0.00576778 -0.998211 0.23837 0.0422293 -0.970256 0.40179 0.0937657 -0.910919 0.374125 0.080743 -0.923857 -0.40179 0.0937657 -0.910919 -0.374125 0.080743 -0.923857 -0.23837 0.0422293 -0.970256 -0.0595111 0.00576778 -0.998211 0.173328 -0.0310382 -0.984375 0.543446 -0.0774243 -0.835866 0.459575 -0.0679907 -0.885533 -0.546194 -0.0257506 -0.837263 -0.434545 -0.0215516 -0.900392 -0.146962 -0.00905863 -0.989101 0.0852792 0.00330826 -0.996352 0.264625 0.0156674 -0.964224 0.416357 0.0311859 -0.908666 0.402256 0.0289003 -0.915071 -0.416357 0.0311859 -0.908666 -0.402256 0.0289003 -0.915071 -0.264625 0.0156674 -0.964224 -0.0852792 0.00330826 -0.996352 0.146962 -0.00905863 -0.989101 0.546194 -0.0257506 -0.837263 0.434545 -0.0215516 -0.900392 -0.546194 0.0257506 -0.837263 -0.434545 0.0215516 -0.900392 -0.146962 0.00905863 -0.989101 0.0852792 -0.00330826 -0.996352 0.264625 -0.0156674 -0.964224 0.416357 -0.0311859 -0.908666 0.402256 -0.0289003 -0.915071 -0.416357 -0.0311859 -0.908666 -0.402256 -0.0289003 -0.915071 -0.264625 -0.0156674 -0.964224 -0.0852792 -0.00330826 -0.996352 0.146962 0.00905863 -0.989101 0.546194 0.0257506 -0.837263 0.434545 0.0215516 -0.900392 -0.543446 0.0774243 -0.835866 -0.459575 0.0679907 -0.885533 -0.173328 0.0310382 -0.984375 0.0595111 -0.00576778 -0.998211 0.23837 -0.0422293 -0.970256 0.40179 -0.0937657 -0.910919 0.374125 -0.080743 -0.923857 -0.40179 -0.0937657 -0.910919 -0.374125 -0.080743 -0.923857 -0.23837 -0.0422293 -0.970256 -0.0595111 -0.00576778 -0.998211 0.173328 0.0310382 -0.984375 0.543446 0.0774243 -0.835866 0.459575 0.0679907 -0.885533 -0.539308 0.129939 -0.832023 -0.536617 0.153403 -0.829765 -0.507539 0.124025 -0.852656 -0.225187 0.0644549 -0.972181 0.00899011 0.00406505 -0.999951 0.187679 -0.0549387 -0.980693 0.377877 -0.157468 -0.912366 0.3207 -0.115665 -0.940092 -0.377877 -0.157468 -0.912366 -0.3207 -0.115665 -0.940092 -0.187679 -0.0549387 -0.980693 -0.00899011 0.00406505 -0.999951 0.225187 0.0644549 -0.972181 0.539308 0.129939 -0.832023 0.536617 0.153403 -0.829765 0.507539 0.124025 -0.852656 -0.52271 0.180646 -0.833151 -0.300537 0.11632 -0.946651 -0.0646074 0.0338867 -0.997335 0.115522 -0.0458243 -0.992247 0.246738 -0.125067 -0.960978 0.343027 -0.223687 -0.912303 0.361954 -0.197504 -0.911033 0.33537 -0.207265 -0.919004 -0.343027 -0.223687 -0.912303 -0.361954 -0.197504 -0.911033 -0.33537 -0.207265 -0.919004 -0.246738 -0.125067 -0.960978 -0.115522 -0.0458243 -0.992247 0.0646074 0.0338867 -0.997335 0.52271 0.180646 -0.833151 0.300537 0.11632 -0.946651 -0.500575 0.230695 -0.834389 -0.486245 0.278206 -0.828352 -0.395262 0.192119 -0.898253 -0.159218 0.0907918 -0.98306 0.0248702 -0.00798235 -0.999659 0.157295 -0.102851 -0.982181 0.244928 -0.196719 -0.949375 0.290447 -0.292218 -0.91118 0.292218 -0.290447 -0.91118 0.290499 -0.290499 -0.911713 -0.290447 -0.292218 -0.91118 -0.292218 -0.290447 -0.91118 -0.290499 -0.290499 -0.911713 -0.244928 -0.196719 -0.949375 -0.157295 -0.102851 -0.982181 -0.0248702 -0.00798235 -0.999659 0.159218 0.0907918 -0.98306 0.500575 0.230695 -0.834389 0.486245 0.278206 -0.828352 0.395262 0.192119 -0.898253 -0.481269 0.284299 -0.829189 -0.27171 0.180539 -0.945293 -0.0821514 0.0649413 -0.994502 0.0559144 -0.0441805 -0.997458 0.147146 -0.147146 -0.978108 0.196719 -0.244928 -0.949375 0.197504 -0.361954 -0.911033 0.223687 -0.343027 -0.912303 0.207265 -0.33537 -0.919004 -0.197504 -0.361954 -0.911033 -0.223687 -0.343027 -0.912303 -0.207265 -0.33537 -0.919004 -0.196719 -0.244928 -0.949375 -0.147146 -0.147146 -0.978108 -0.0559144 -0.0441805 -0.997458 0.0821514 0.0649413 -0.994502 0.481269 0.284299 -0.829189 0.27171 0.180539 -0.945293 -0.446032 0.333469 -0.830574 -0.434277 0.351076 -0.829548 -0.394863 0.304539 -0.866798 -0.203484 0.178467 -0.962675 -0.0562051 0.0562051 -0.996836 0.0441805 -0.0559144 -0.997458 0.102851 -0.157295 -0.982181 0.125067 -0.246738 -0.960978 0.157468 -0.377877 -0.912366 0.115665 -0.3207 -0.940092 0.0937657 -0.40179 -0.910919 0.080743 -0.374125 -0.923857 0.0311859 -0.416357 -0.908666 0.0289003 -0.402256 -0.915071 -0.0311859 -0.416357 -0.908666 -0.0289003 -0.402256 -0.915071 -0.0937657 -0.40179 -0.910919 -0.080743 -0.374125 -0.923857 -0.157468 -0.377877 -0.912366 -0.115665 -0.3207 -0.940092 -0.125067 -0.246738 -0.960978 -0.102851 -0.157295 -0.982181 -0.0441805 -0.0559144 -0.997458 0.0562051 0.0562051 -0.996836 0.203484 0.178467 -0.962675 0.446032 0.333469 -0.830574 0.434277 0.351076 -0.829548 0.394863 0.304539 -0.866798 -0.404003 0.383129 -0.830659 -0.383129 0.404003 -0.830659 -0.332954 0.332954 -0.882204 -0.178467 0.203484 -0.962675 -0.0649413 0.0821514 -0.994502 0.00798235 -0.0248702 -0.999659 0.0458243 -0.115522 -0.992247 0.0549387 -0.187679 -0.980693 0.0422293 -0.23837 -0.970256 0.0156674 -0.264625 -0.964224 -0.0156674 -0.264625 -0.964224 -0.0422293 -0.23837 -0.970256 -0.0549387 -0.187679 -0.980693 -0.0458243 -0.115522 -0.992247 -0.00798235 -0.0248702 -0.999659 0.0649413 0.0821514 -0.994502 0.178467 0.203484 -0.962675 0.404003 0.383129 -0.830659 0.383129 0.404003 -0.830659 0.332954 0.332954 -0.882204 -0.351076 0.434277 -0.829548 -0.333469 0.446032 -0.830574 -0.304539 0.394863 -0.866798 -0.284299 0.481269 -0.829189 -0.180539 0.27171 -0.945293 -0.0907918 0.159218 -0.98306 -0.0338867 0.0646074 -0.997335 -0.00406505 -0.00899011 -0.999951 0.00576778 -0.0595111 -0.998211 0.00330826 -0.0852792 -0.996352 -0.00330826 -0.0852792 -0.996352 -0.00576778 -0.0595111 -0.998211 0.00406505 -0.00899011 -0.999951 0.0338867 0.0646074 -0.997335 0.0907918 0.159218 -0.98306 0.284299 0.481269 -0.829189 0.180539 0.27171 -0.945293 0.351076 0.434277 -0.829548 0.333469 0.446032 -0.830574 0.304539 0.394863 -0.866798 -0.278206 0.486245 -0.828352 -0.230695 0.500575 -0.834389 -0.192119 0.395262 -0.898253 -0.180646 0.52271 -0.833151 -0.11632 0.300537 -0.946651 -0.0644549 0.225187 -0.972181 -0.0310382 0.173328 -0.984375 -0.00905863 0.146962 -0.989101 0.00905863 0.146962 -0.989101 0.0310382 0.173328 -0.984375 0.0644549 0.225187 -0.972181 0.180646 0.52271 -0.833151 0.11632 0.300537 -0.946651 0.278206 0.486245 -0.828352 0.230695 0.500575 -0.834389 0.192119 0.395262 -0.898253 -0.153403 0.536617 -0.829765 -0.129939 0.539308 -0.832023 -0.124025 0.507539 -0.852656 -0.0774243 0.543446 -0.835866 -0.0679907 0.459575 -0.885533 -0.0257506 0.546194 -0.837263 -0.0215516 0.434545 -0.900392 0.0257506 0.546194 -0.837263 0.0215516 0.434545 -0.900392 0.0774243 0.543446 -0.835866 0.0679907 0.459575 -0.885533 0.153403 0.536617 -0.829765 0.129939 0.539308 -0.832023 0.124025 0.507539 -0.852656 -0.20695 -0.844974 -0.493144 -0.184347 -0.849671 -0.494039 -0.181255 -0.829409 -0.528419 -0.110599 -0.86087 -0.49666 -0.104034 -0.79098 -0.602932 -0.0368681 -0.866598 -0.497642 -0.0337794 -0.769046 -0.638301 0.0368681 -0.866598 -0.497642 0.0337794 -0.769046 -0.638301 0.110599 -0.86087 -0.49666 0.104034 -0.79098 -0.602932 0.20695 -0.844974 -0.493144 0.184347 -0.849671 -0.494039 0.181255 -0.829409 -0.528419 -0.403855 -0.771112 -0.492227 -0.331226 -0.801957 -0.497147 -0.29417 -0.680747 -0.670856 -0.257782 -0.829234 -0.495903 -0.197494 -0.582826 -0.788232 0.257782 -0.829234 -0.495903 0.197494 -0.582826 -0.788232 0.403855 -0.771112 -0.492227 0.331226 -0.801957 -0.497147 0.29417 -0.680747 -0.670856 -0.518693 -0.697695 -0.494145 -0.477912 -0.725097 -0.495816 -0.436595 -0.635738 -0.636571 -0.404942 -0.770503 -0.492287 -0.295323 -0.504238 -0.811498 0.404942 -0.770503 -0.492287 0.295323 -0.504238 -0.811498 0.518693 -0.697695 -0.494145 0.477912 -0.725097 -0.495816 0.436595 -0.635738 -0.636571 -0.604974 -0.624379 -0.494123 -0.551087 -0.671692 -0.495109 -0.471896 -0.533891 -0.701622 0.604974 -0.624379 -0.494123 0.551087 -0.671692 -0.495109 0.471896 -0.533891 -0.701622 -0.671692 -0.551087 -0.495109 -0.624379 -0.604974 -0.494123 -0.533891 -0.471896 -0.701622 0.671692 -0.551087 -0.495109 0.624379 -0.604974 -0.494123 0.533891 -0.471896 -0.701622 -0.725097 -0.477912 -0.495816 -0.697695 -0.518693 -0.494145 -0.635738 -0.436595 -0.636571 0.725097 -0.477912 -0.495816 0.697695 -0.518693 -0.494145 0.635738 -0.436595 -0.636571 -0.770503 -0.404942 -0.492287 -0.504238 -0.295323 -0.811498 0.185937 0.423917 -0.886409 0.130774 0.498433 -0.857008 0.0668663 0.636863 -0.768072 0.0472057 0.540301 -0.840147 -0.0668663 0.636863 -0.768072 -0.0472057 0.540301 -0.840147 -0.130774 0.498433 -0.857008 -0.185937 0.423917 -0.886409 0.770503 -0.404942 -0.492287 0.504238 -0.295323 -0.811498 -0.801957 -0.331226 -0.497147 -0.771112 -0.403855 -0.492227 -0.680747 -0.29417 -0.670856 0.310685 0.403895 -0.860432 0.338012 0.538289 -0.772006 0.282665 0.517325 -0.80776 0.194272 0.614515 -0.764611 0.200995 0.612388 -0.76458 0.200126 0.611742 -0.765324 -0.194272 0.614515 -0.764611 -0.200995 0.612388 -0.76458 -0.200126 0.611742 -0.765324 -0.338012 0.538289 -0.772006 -0.282665 0.517325 -0.80776 -0.310685 0.403895 -0.860432 0.801957 -0.331226 -0.497147 0.771112 -0.403855 -0.492227 0.680747 -0.29417 -0.670856 -0.829234 -0.257782 -0.495903 -0.582826 -0.197494 -0.788232 0.403894 0.310685 -0.860433 0.423375 0.476512 -0.770513 0.476514 0.423373 -0.770513 0.43445 0.434447 -0.788992 -0.423375 0.476512 -0.770513 -0.476514 0.423373 -0.770513 -0.43445 0.434447 -0.788992 -0.403894 0.310685 -0.860433 0.829234 -0.257782 -0.495903 0.582826 -0.197494 -0.788232 -0.849671 -0.184347 -0.494039 -0.844974 -0.20695 -0.493144 -0.829409 -0.181255 -0.528419 0.423917 0.185937 -0.88641 0.538288 0.338013 -0.772006 0.517324 0.282667 -0.807759 -0.538288 0.338013 -0.772006 -0.517324 0.282667 -0.807759 -0.423917 0.185937 -0.88641 0.849671 -0.184347 -0.494039 0.844974 -0.20695 -0.493144 0.829409 -0.181255 -0.528419 -0.86087 -0.110599 -0.49666 -0.79098 -0.104034 -0.602932 0.498432 0.130774 -0.857009 0.61239 0.200994 -0.764578 0.614516 0.194272 -0.76461 0.611744 0.200126 -0.765323 -0.61239 0.200994 -0.764578 -0.614516 0.194272 -0.76461 -0.611744 0.200126 -0.765323 -0.498432 0.130774 -0.857009 0.86087 -0.110599 -0.49666 0.79098 -0.104034 -0.602932 -0.866598 -0.0368681 -0.497642 -0.769046 -0.0337794 -0.638301 0.636863 0.0668669 -0.768072 0.540301 0.047207 -0.840147 -0.636863 0.0668669 -0.768072 -0.540301 0.047207 -0.840147 0.866598 -0.0368681 -0.497643 0.769046 -0.0337794 -0.638301 -0.866598 0.0368681 -0.497642 -0.769046 0.0337794 -0.638301 0.636863 -0.0668669 -0.768072 0.540301 -0.047207 -0.840147 -0.636863 -0.0668669 -0.768072 -0.540301 -0.047207 -0.840147 0.866598 0.0368681 -0.497643 0.769046 0.0337794 -0.638301 -0.86087 0.110599 -0.49666 -0.79098 0.104034 -0.602932 0.498432 -0.130774 -0.857009 0.61239 -0.200994 -0.764578 0.614516 -0.194272 -0.76461 0.611744 -0.200126 -0.765323 -0.61239 -0.200994 -0.764578 -0.614516 -0.194272 -0.76461 -0.611744 -0.200126 -0.765323 -0.498432 -0.130774 -0.857009 0.86087 0.110599 -0.49666 0.79098 0.104034 -0.602932 -0.849671 0.184347 -0.494039 -0.844974 0.20695 -0.493144 -0.829409 0.181255 -0.528419 0.423917 -0.185937 -0.88641 0.538288 -0.338013 -0.772006 0.517324 -0.282667 -0.807759 -0.538288 -0.338013 -0.772006 -0.517324 -0.282667 -0.807759 -0.423917 -0.185937 -0.88641 0.849671 0.184347 -0.494039 0.844974 0.20695 -0.493144 0.829409 0.181255 -0.528419 -0.829234 0.257782 -0.495903 -0.582826 0.197494 -0.788232 0.403894 -0.310685 -0.860433 0.423375 -0.476512 -0.770513 0.476514 -0.423373 -0.770513 0.43445 -0.434447 -0.788992 -0.423375 -0.476512 -0.770513 -0.476514 -0.423373 -0.770513 -0.43445 -0.434447 -0.788992 -0.403894 -0.310685 -0.860433 0.829234 0.257782 -0.495903 0.582826 0.197494 -0.788232 -0.801957 0.331226 -0.497147 -0.771112 0.403855 -0.492227 -0.680747 0.29417 -0.670856 0.310685 -0.403895 -0.860432 0.338012 -0.538289 -0.772006 0.282665 -0.517325 -0.80776 0.194272 -0.614515 -0.764611 0.200995 -0.612388 -0.76458 0.200126 -0.611742 -0.765324 -0.194272 -0.614515 -0.764611 -0.200995 -0.612388 -0.76458 -0.200126 -0.611742 -0.765324 -0.338012 -0.538289 -0.772006 -0.282665 -0.517325 -0.80776 -0.310685 -0.403895 -0.860432 0.801957 0.331226 -0.497147 0.771112 0.403855 -0.492227 0.680747 0.29417 -0.670856 -0.770503 0.404942 -0.492287 -0.504238 0.295323 -0.811498 0.185937 -0.423917 -0.886409 0.130774 -0.498433 -0.857008 0.0668662 -0.636863 -0.768072 0.0472057 -0.540301 -0.840147 -0.0668662 -0.636863 -0.768072 -0.0472057 -0.540301 -0.840147 -0.130774 -0.498433 -0.857008 -0.185937 -0.423917 -0.886409 0.770503 0.404942 -0.492287 0.504238 0.295323 -0.811498 -0.725097 0.477912 -0.495816 -0.697695 0.518693 -0.494145 -0.635738 0.436595 -0.636571 0.725097 0.477912 -0.495816 0.697695 0.518693 -0.494145 0.635738 0.436595 -0.636571 -0.671692 0.551087 -0.495109 -0.624379 0.604974 -0.494123 -0.533891 0.471896 -0.701622 0.671692 0.551087 -0.495109 0.624379 0.604974 -0.494123 0.533891 0.471896 -0.701622 -0.604974 0.624379 -0.494123 -0.551087 0.671692 -0.495109 -0.471896 0.533891 -0.701622 0.604974 0.624379 -0.494123 0.551087 0.671692 -0.495109 0.471896 0.533891 -0.701622 -0.518693 0.697695 -0.494145 -0.477912 0.725097 -0.495816 -0.436595 0.635738 -0.636571 -0.404942 0.770503 -0.492287 -0.295323 0.504238 -0.811498 0.404942 0.770503 -0.492287 0.295323 0.504238 -0.811498 0.518693 0.697695 -0.494145 0.477912 0.725097 -0.495816 0.436595 0.635738 -0.636571 -0.403855 0.771112 -0.492227 -0.331226 0.801957 -0.497147 -0.29417 0.680747 -0.670856 -0.257782 0.829234 -0.495903 -0.197494 0.582826 -0.788232 0.257782 0.829234 -0.495903 0.197494 0.582826 -0.788232 0.403855 0.771112 -0.492227 0.331226 0.801957 -0.497147 0.29417 0.680747 -0.670856 -0.20695 0.844974 -0.493144 -0.184347 0.849671 -0.494039 -0.181255 0.829409 -0.528419 -0.110599 0.86087 -0.49666 -0.104034 0.79098 -0.602932 -0.0368681 0.866598 -0.497643 -0.0337794 0.769046 -0.638301 0.0368681 0.866598 -0.497643 0.0337794 0.769046 -0.638301 0.110599 0.86087 -0.49666 0.104034 0.79098 -0.602932 0.20695 0.844974 -0.493144 0.184347 0.849671 -0.494039 0.181255 0.829409 -0.528419 -0.327421 -0.930799 -0.16251 -0.28334 -0.94503 -0.163208 -0.274335 -0.899887 -0.339032 -0.202574 -0.965434 -0.164017 -0.121535 -0.97893 -0.164086 -0.0405049 -0.985637 -0.163949 0.0405049 -0.985637 -0.163949 0.121535 -0.97893 -0.164086 0.202574 -0.965434 -0.164017 0.327421 -0.930799 -0.16251 0.28334 -0.94503 -0.163208 0.274335 -0.899887 -0.339032 -0.501275 -0.849858 -0.16268 -0.445503 -0.880197 -0.163648 -0.406066 -0.773253 -0.487022 -0.364185 -0.916923 -0.163164 0.364185 -0.916923 -0.163164 0.501275 -0.849858 -0.16268 0.445503 -0.880197 -0.163648 0.406066 -0.773253 -0.487022 -0.618563 -0.768723 -0.162619 -0.606854 -0.777983 -0.162699 -0.598454 -0.757892 -0.259716 -0.526049 -0.834677 -0.163057 0.526049 -0.834677 -0.163057 0.618563 -0.768723 -0.162619 0.606854 -0.777983 -0.162699 0.598454 -0.757892 -0.259716 -0.707107 -0.68807 -0.162969 -0.68807 -0.707107 -0.162969 -0.665286 -0.665286 -0.338807 0.707107 -0.68807 -0.162969 0.68807 -0.707107 -0.162969 0.665286 -0.665286 -0.338807 -0.777983 -0.606854 -0.162699 -0.768723 -0.618563 -0.162619 -0.757892 -0.598454 -0.259716 0.777983 -0.606854 -0.162699 0.768723 -0.618563 -0.162619 0.757892 -0.598454 -0.259716 -0.834677 -0.526049 -0.163057 0.834677 -0.526049 -0.163057 -0.880197 -0.445503 -0.163648 -0.849858 -0.501275 -0.16268 -0.773253 -0.406066 -0.487022 0.880197 -0.445503 -0.163648 0.849858 -0.501275 -0.16268 0.773253 -0.406066 -0.487022 -0.916923 -0.364185 -0.163164 0.350091 0.838796 -0.416961 0.117168 0.899016 -0.42195 0.0769135 0.70519 -0.704834 -0.117168 0.899016 -0.42195 -0.0769135 0.70519 -0.704834 -0.350091 0.838796 -0.416961 0.916923 -0.364185 -0.163164 -0.94503 -0.28334 -0.163208 -0.930799 -0.327421 -0.16251 -0.899887 -0.274335 -0.339032 0.386491 0.822809 -0.416667 0.590212 0.688267 -0.421827 0.452235 0.636181 -0.625106 -0.386491 0.822809 -0.416667 -0.590212 0.688267 -0.421827 -0.452235 0.636181 -0.625106 0.94503 -0.28334 -0.163208 0.930799 -0.327421 -0.16251 0.899887 -0.274335 -0.339032 -0.965434 -0.202574 -0.164017 0.688267 0.590212 -0.421827 0.822809 0.386491 -0.416667 0.636181 0.452235 -0.625106 -0.688267 0.590212 -0.421827 -0.822809 0.386491 -0.416667 -0.636181 0.452235 -0.625106 0.965434 -0.202574 -0.164017 -0.97893 -0.121535 -0.164086 0.838796 0.350091 -0.416961 -0.838796 0.350091 -0.416961 0.97893 -0.121535 -0.164086 -0.985637 -0.0405049 -0.163949 0.899016 0.117168 -0.42195 0.70519 0.0769135 -0.704834 -0.899016 0.117168 -0.42195 -0.70519 0.0769135 -0.704834 0.985637 -0.0405049 -0.163949 -0.985637 0.0405049 -0.163949 0.899016 -0.117168 -0.42195 0.70519 -0.0769135 -0.704834 -0.899016 -0.117168 -0.42195 -0.70519 -0.0769135 -0.704834 0.985637 0.0405049 -0.163949 -0.97893 0.121535 -0.164086 0.838796 -0.350091 -0.416961 -0.838796 -0.350091 -0.416961 0.97893 0.121535 -0.164086 -0.965434 0.202574 -0.164017 0.688267 -0.590212 -0.421827 0.822809 -0.386491 -0.416667 0.636181 -0.452235 -0.625106 -0.688267 -0.590212 -0.421827 -0.822809 -0.386491 -0.416667 -0.636181 -0.452235 -0.625106 0.965434 0.202574 -0.164017 -0.94503 0.28334 -0.163208 -0.930799 0.327421 -0.16251 -0.899887 0.274335 -0.339032 0.386491 -0.822809 -0.416667 0.590212 -0.688267 -0.421827 0.452235 -0.636181 -0.625106 -0.386491 -0.822809 -0.416667 -0.590212 -0.688267 -0.421827 -0.452235 -0.636181 -0.625106 0.94503 0.28334 -0.163208 0.930799 0.327421 -0.16251 0.899887 0.274335 -0.339032 -0.916923 0.364185 -0.163164 0.350091 -0.838796 -0.416961 0.117168 -0.899016 -0.42195 0.0769135 -0.70519 -0.704834 -0.117168 -0.899016 -0.42195 -0.0769135 -0.70519 -0.704834 -0.350091 -0.838796 -0.416961 0.916923 0.364185 -0.163164 -0.880197 0.445503 -0.163648 -0.849858 0.501275 -0.16268 -0.773253 0.406066 -0.487022 0.880197 0.445503 -0.163648 0.849858 0.501275 -0.16268 0.773253 0.406066 -0.487022 -0.834677 0.526049 -0.163057 0.834677 0.526049 -0.163057 -0.777983 0.606854 -0.162699 -0.768723 0.618563 -0.162619 -0.757892 0.598454 -0.259716 0.777983 0.606854 -0.162699 0.768723 0.618563 -0.162619 0.757892 0.598454 -0.259716 -0.707107 0.68807 -0.162969 -0.68807 0.707107 -0.162969 -0.665286 0.665286 -0.338807 0.707107 0.68807 -0.162969 0.68807 0.707107 -0.162969 0.665286 0.665286 -0.338807 -0.618563 0.768723 -0.162619 -0.606854 0.777983 -0.162699 -0.598454 0.757892 -0.259716 -0.526049 0.834677 -0.163057 0.526049 0.834677 -0.163057 0.618563 0.768723 -0.162619 0.606854 0.777983 -0.162699 0.598454 0.757892 -0.259716 -0.501275 0.849858 -0.16268 -0.445503 0.880197 -0.163648 -0.406066 0.773253 -0.487022 -0.364185 0.916923 -0.163164 0.364185 0.916923 -0.163164 0.501275 0.849858 -0.16268 0.445503 0.880197 -0.163648 0.406066 0.773253 -0.487022 -0.327421 0.930799 -0.16251 -0.28334 0.94503 -0.163208 -0.274335 0.899887 -0.339032 -0.202574 0.965434 -0.164017 -0.121535 0.97893 -0.164086 -0.0405049 0.985637 -0.163949 0.0405049 0.985637 -0.163949 0.121535 0.97893 -0.164086 0.202574 0.965434 -0.164017 0.327421 0.930799 -0.16251 0.28334 0.94503 -0.163208 0.274335 0.899887 -0.339032 -0.327421 -0.930799 0.16251 -0.28334 -0.94503 0.163208 -0.274335 -0.899887 0.339032 -0.202574 -0.965434 0.164017 -0.121535 -0.97893 0.164086 -0.0405049 -0.985637 0.163949 0.0405049 -0.985637 0.163949 0.121535 -0.97893 0.164086 0.202574 -0.965434 0.164017 0.327421 -0.930799 0.16251 0.28334 -0.94503 0.163208 0.274335 -0.899887 0.339032 -0.501275 -0.849858 0.16268 -0.445503 -0.880197 0.163648 -0.406066 -0.773253 0.487022 -0.364185 -0.916923 0.163164 0.364185 -0.916923 0.163164 0.501275 -0.849858 0.16268 0.445503 -0.880197 0.163648 0.406066 -0.773253 0.487022 -0.618563 -0.768723 0.162619 -0.606854 -0.777983 0.162699 -0.598454 -0.757892 0.259716 -0.526049 -0.834677 0.163057 0.526049 -0.834677 0.163057 0.618563 -0.768723 0.162619 0.606854 -0.777983 0.162699 0.598454 -0.757892 0.259716 -0.707107 -0.68807 0.162969 -0.68807 -0.707107 0.162969 -0.665286 -0.665286 0.338807 0.707107 -0.68807 0.162969 0.68807 -0.707107 0.162969 0.665286 -0.665286 0.338807 -0.777983 -0.606854 0.162699 -0.768723 -0.618563 0.162619 -0.757892 -0.598454 0.259716 0.777983 -0.606854 0.162699 0.768723 -0.618563 0.162619 0.757892 -0.598454 0.259716 -0.834677 -0.526049 0.163057 0.834677 -0.526049 0.163057 -0.880197 -0.445503 0.163648 -0.849858 -0.501275 0.16268 -0.773253 -0.406066 0.487022 0.880197 -0.445503 0.163648 0.849858 -0.501275 0.16268 0.773253 -0.406066 0.487022 -0.916923 -0.364185 0.163164 0.350091 0.838796 0.416961 0.117168 0.899016 0.42195 0.0769135 0.70519 0.704834 -0.117168 0.899016 0.42195 -0.0769135 0.70519 0.704834 -0.350091 0.838796 0.416961 0.916923 -0.364185 0.163164 -0.94503 -0.28334 0.163208 -0.930799 -0.327421 0.16251 -0.899887 -0.274335 0.339032 0.386491 0.822809 0.416667 0.590212 0.688267 0.421827 0.452235 0.636181 0.625106 -0.386491 0.822809 0.416667 -0.590212 0.688267 0.421827 -0.452235 0.636181 0.625106 0.94503 -0.28334 0.163208 0.930799 -0.327421 0.16251 0.899887 -0.274335 0.339032 -0.965434 -0.202574 0.164017 0.688267 0.590212 0.421827 0.822809 0.386491 0.416667 0.636181 0.452235 0.625106 -0.688267 0.590212 0.421827 -0.822809 0.386491 0.416667 -0.636181 0.452235 0.625106 0.965434 -0.202574 0.164017 -0.97893 -0.121535 0.164086 0.838796 0.350091 0.416961 -0.838796 0.350091 0.416961 0.97893 -0.121535 0.164086 -0.985637 -0.0405049 0.163949 0.899016 0.117168 0.42195 0.70519 0.0769135 0.704834 -0.899016 0.117168 0.42195 -0.70519 0.0769135 0.704834 0.985637 -0.0405049 0.163949 -0.985637 0.0405049 0.163949 0.899016 -0.117168 0.42195 0.70519 -0.0769135 0.704834 -0.899016 -0.117168 0.42195 -0.70519 -0.0769135 0.704834 0.985637 0.0405049 0.163949 -0.97893 0.121535 0.164086 0.838796 -0.350091 0.416961 -0.838796 -0.350091 0.416961 0.97893 0.121535 0.164086 -0.965434 0.202574 0.164017 0.688267 -0.590212 0.421827 0.822809 -0.386491 0.416667 0.636181 -0.452235 0.625106 -0.688267 -0.590212 0.421827 -0.822809 -0.386491 0.416667 -0.636181 -0.452235 0.625106 0.965434 0.202574 0.164017 -0.94503 0.28334 0.163208 -0.930799 0.327421 0.16251 -0.899887 0.274335 0.339032 0.386491 -0.822809 0.416667 0.590212 -0.688267 0.421827 0.452235 -0.636181 0.625106 -0.386491 -0.822809 0.416667 -0.590212 -0.688267 0.421827 -0.452235 -0.636181 0.625106 0.94503 0.28334 0.163208 0.930799 0.327421 0.16251 0.899887 0.274335 0.339032 -0.916923 0.364185 0.163164 0.350091 -0.838796 0.416961 0.117168 -0.899016 0.42195 0.0769135 -0.70519 0.704834 -0.117168 -0.899016 0.42195 -0.0769135 -0.70519 0.704834 -0.350091 -0.838796 0.416961 0.916923 0.364185 0.163164 -0.880197 0.445503 0.163648 -0.849858 0.501275 0.16268 -0.773253 0.406066 0.487022 0.880197 0.445503 0.163648 0.849858 0.501275 0.16268 0.773253 0.406066 0.487022 -0.834677 0.526049 0.163057 0.834677 0.526049 0.163057 -0.777983 0.606854 0.162699 -0.768723 0.618563 0.162619 -0.757892 0.598454 0.259716 0.777983 0.606854 0.162699 0.768723 0.618563 0.162619 0.757892 0.598454 0.259716 -0.707107 0.68807 0.162969 -0.68807 0.707107 0.162969 -0.665286 0.665286 0.338807 0.707107 0.68807 0.162969 0.68807 0.707107 0.162969 0.665286 0.665286 0.338807 -0.618563 0.768723 0.162619 -0.606854 0.777983 0.162699 -0.598454 0.757892 0.259716 -0.526049 0.834677 0.163057 0.526049 0.834677 0.163057 0.618563 0.768723 0.162619 0.606854 0.777983 0.162699 0.598454 0.757892 0.259716 -0.501275 0.849858 0.16268 -0.445503 0.880197 0.163648 -0.406066 0.773253 0.487022 -0.364185 0.916923 0.163164 0.364185 0.916923 0.163164 0.501275 0.849858 0.16268 0.445503 0.880197 0.163648 0.406066 0.773253 0.487022 -0.327421 0.930799 0.16251 -0.28334 0.94503 0.163208 -0.274335 0.899887 0.339032 -0.202574 0.965434 0.164017 -0.121535 0.97893 0.164086 -0.0405049 0.985637 0.163949 0.0405049 0.985637 0.163949 0.121535 0.97893 0.164086 0.202574 0.965434 0.164017 0.327421 0.930799 0.16251 0.28334 0.94503 0.163208 0.274335 0.899887 0.339032 -0.20695 -0.844974 0.493144 -0.184347 -0.849671 0.494039 -0.181255 -0.829409 0.528419 -0.110599 -0.86087 0.49666 -0.104034 -0.79098 0.602932 -0.0368681 -0.866598 0.497642 -0.0337794 -0.769046 0.638301 0.0368681 -0.866598 0.497642 0.0337794 -0.769046 0.638301 0.110599 -0.86087 0.49666 0.104034 -0.79098 0.602932 0.20695 -0.844974 0.493144 0.184347 -0.849671 0.494039 0.181255 -0.829409 0.528419 -0.403855 -0.771112 0.492227 -0.331226 -0.801957 0.497147 -0.29417 -0.680747 0.670856 -0.257782 -0.829234 0.495903 -0.197494 -0.582826 0.788232 0.257782 -0.829234 0.495903 0.197494 -0.582826 0.788232 0.403855 -0.771112 0.492227 0.331226 -0.801957 0.497147 0.29417 -0.680747 0.670856 -0.518693 -0.697695 0.494145 -0.477912 -0.725097 0.495816 -0.436595 -0.635738 0.636571 -0.404942 -0.770503 0.492287 -0.295323 -0.504238 0.811498 0.404942 -0.770503 0.492287 0.295323 -0.504238 0.811498 0.518693 -0.697695 0.494145 0.477912 -0.725097 0.495816 0.436595 -0.635738 0.636571 -0.604974 -0.624379 0.494123 -0.551087 -0.671692 0.495109 -0.471896 -0.533891 0.701622 0.604974 -0.624379 0.494123 0.551087 -0.671692 0.495109 0.471896 -0.533891 0.701622 -0.671692 -0.551087 0.495109 -0.624379 -0.604974 0.494123 -0.533891 -0.471896 0.701622 0.671692 -0.551087 0.495109 0.624379 -0.604974 0.494123 0.533891 -0.471896 0.701622 -0.725097 -0.477912 0.495816 -0.697695 -0.518693 0.494145 -0.635738 -0.436595 0.636571 0.725097 -0.477912 0.495816 0.697695 -0.518693 0.494145 0.635738 -0.436595 0.636571 -0.770503 -0.404942 0.492287 -0.504238 -0.295323 0.811498 0.185937 0.423917 0.886409 0.130774 0.498433 0.857008 0.0668663 0.636863 0.768072 0.0472057 0.540301 0.840147 -0.0668663 0.636863 0.768072 -0.0472057 0.540301 0.840147 -0.130774 0.498433 0.857008 -0.185937 0.423917 0.886409 0.770503 -0.404942 0.492287 0.504238 -0.295323 0.811498 -0.801957 -0.331226 0.497147 -0.771112 -0.403855 0.492227 -0.680747 -0.29417 0.670856 0.310685 0.403895 0.860432 0.338012 0.538289 0.772006 0.282665 0.517325 0.80776 0.194272 0.614515 0.764611 0.200995 0.612388 0.76458 0.200126 0.611742 0.765324 -0.194272 0.614515 0.764611 -0.200995 0.612388 0.76458 -0.200126 0.611742 0.765324 -0.338012 0.538289 0.772006 -0.282665 0.517325 0.80776 -0.310685 0.403895 0.860432 0.801957 -0.331226 0.497147 0.771112 -0.403855 0.492227 0.680747 -0.29417 0.670856 -0.829234 -0.257782 0.495903 -0.582826 -0.197494 0.788232 0.403894 0.310685 0.860433 0.423375 0.476512 0.770513 0.476514 0.423373 0.770513 0.43445 0.434447 0.788992 -0.423375 0.476512 0.770513 -0.476514 0.423373 0.770513 -0.43445 0.434447 0.788992 -0.403894 0.310685 0.860433 0.829234 -0.257782 0.495903 0.582826 -0.197494 0.788232 -0.849671 -0.184347 0.494039 -0.844974 -0.20695 0.493144 -0.829409 -0.181255 0.528419 0.423917 0.185937 0.88641 0.538288 0.338013 0.772006 0.517324 0.282667 0.807759 -0.538288 0.338013 0.772006 -0.517324 0.282667 0.807759 -0.423917 0.185937 0.88641 0.849671 -0.184347 0.494039 0.844974 -0.20695 0.493144 0.829409 -0.181255 0.528419 -0.86087 -0.110599 0.49666 -0.79098 -0.104034 0.602932 0.498432 0.130774 0.857009 0.61239 0.200994 0.764578 0.614516 0.194272 0.76461 0.611744 0.200126 0.765323 -0.61239 0.200994 0.764578 -0.614516 0.194272 0.76461 -0.611744 0.200126 0.765323 -0.498432 0.130774 0.857009 0.86087 -0.110599 0.49666 0.79098 -0.104034 0.602932 -0.866598 -0.0368681 0.497642 -0.769046 -0.0337794 0.638301 0.636863 0.0668669 0.768072 0.540301 0.047207 0.840147 -0.636863 0.0668669 0.768072 -0.540301 0.047207 0.840147 0.866598 -0.0368681 0.497643 0.769046 -0.0337794 0.638301 -0.866598 0.0368681 0.497642 -0.769046 0.0337794 0.638301 0.636863 -0.0668669 0.768072 0.540301 -0.047207 0.840147 -0.636863 -0.0668669 0.768072 -0.540301 -0.047207 0.840147 0.866598 0.0368681 0.497643 0.769046 0.0337794 0.638301 -0.86087 0.110599 0.49666 -0.79098 0.104034 0.602932 0.498432 -0.130774 0.857009 0.61239 -0.200994 0.764578 0.614516 -0.194272 0.76461 0.611744 -0.200126 0.765323 -0.61239 -0.200994 0.764578 -0.614516 -0.194272 0.76461 -0.611744 -0.200126 0.765323 -0.498432 -0.130774 0.857009 0.86087 0.110599 0.49666 0.79098 0.104034 0.602932 -0.849671 0.184347 0.494039 -0.844974 0.20695 0.493144 -0.829409 0.181255 0.528419 0.423917 -0.185937 0.88641 0.538288 -0.338013 0.772006 0.517324 -0.282667 0.807759 -0.538288 -0.338013 0.772006 -0.517324 -0.282667 0.807759 -0.423917 -0.185937 0.88641 0.849671 0.184347 0.494039 0.844974 0.20695 0.493144 0.829409 0.181255 0.528419 -0.829234 0.257782 0.495903 -0.582826 0.197494 0.788232 0.403894 -0.310685 0.860433 0.423375 -0.476512 0.770513 0.476514 -0.423373 0.770513 0.43445 -0.434447 0.788992 -0.423375 -0.476512 0.770513 -0.476514 -0.423373 0.770513 -0.43445 -0.434447 0.788992 -0.403894 -0.310685 0.860433 0.829234 0.257782 0.495903 0.582826 0.197494 0.788232 -0.801957 0.331226 0.497147 -0.771112 0.403855 0.492227 -0.680747 0.29417 0.670856 0.310685 -0.403895 0.860432 0.338012 -0.538289 0.772006 0.282665 -0.517325 0.80776 0.194272 -0.614515 0.764611 0.200995 -0.612388 0.76458 0.200126 -0.611742 0.765324 -0.194272 -0.614515 0.764611 -0.200995 -0.612388 0.76458 -0.200126 -0.611742 0.765324 -0.338012 -0.538289 0.772006 -0.282665 -0.517325 0.80776 -0.310685 -0.403895 0.860432 0.801957 0.331226 0.497147 0.771112 0.403855 0.492227 0.680747 0.29417 0.670856 -0.770503 0.404942 0.492287 -0.504238 0.295323 0.811498 0.185937 -0.423917 0.886409 0.130774 -0.498433 0.857008 0.0668662 -0.636863 0.768072 0.0472057 -0.540301 0.840147 -0.0668662 -0.636863 0.768072 -0.0472057 -0.540301 0.840147 -0.130774 -0.498433 0.857008 -0.185937 -0.423917 0.886409 0.770503 0.404942 0.492287 0.504238 0.295323 0.811498 -0.725097 0.477912 0.495816 -0.697695 0.518693 0.494145 -0.635738 0.436595 0.636571 0.725097 0.477912 0.495816 0.697695 0.518693 0.494145 0.635738 0.436595 0.636571 -0.671692 0.551087 0.495109 -0.624379 0.604974 0.494123 -0.533891 0.471896 0.701622 0.671692 0.551087 0.495109 0.624379 0.604974 0.494123 0.533891 0.471896 0.701622 -0.604974 0.624379 0.494123 -0.551087 0.671692 0.495109 -0.471896 0.533891 0.701622 0.604974 0.624379 0.494123 0.551087 0.671692 0.495109 0.471896 0.533891 0.701622 -0.518693 0.697695 0.494145 -0.477912 0.725097 0.495816 -0.436595 0.635738 0.636571 -0.404942 0.770503 0.492287 -0.295323 0.504238 0.811498 0.404942 0.770503 0.492287 0.295323 0.504238 0.811498 0.518693 0.697695 0.494145 0.477912 0.725097 0.495816 0.436595 0.635738 0.636571 -0.403855 0.771112 0.492227 -0.331226 0.801957 0.497147 -0.29417 0.680747 0.670856 -0.257782 0.829234 0.495903 -0.197494 0.582826 0.788232 0.257782 0.829234 0.495903 0.197494 0.582826 0.788232 0.403855 0.771112 0.492227 0.331226 0.801957 0.497147 0.29417 0.680747 0.670856 -0.20695 0.844974 0.493144 -0.184347 0.849671 0.494039 -0.181255 0.829409 0.528419 -0.110599 0.86087 0.49666 -0.104034 0.79098 0.602932 -0.0368681 0.866598 0.497643 -0.0337794 0.769046 0.638301 0.0368681 0.866598 0.497643 0.0337794 0.769046 0.638301 0.110599 0.86087 0.49666 0.104034 0.79098 0.602932 0.20695 0.844974 0.493144 0.184347 0.849671 0.494039 0.181255 0.829409 0.528419 -0.153403 -0.536617 0.829765 -0.129939 -0.539308 0.832023 -0.124025 -0.507539 0.852656 -0.0774243 -0.543446 0.835866 -0.0679907 -0.459575 0.885533 -0.0257506 -0.546194 0.837263 -0.0215516 -0.434545 0.900392 0.0257506 -0.546194 0.837263 0.0215516 -0.434545 0.900392 0.0774243 -0.543446 0.835866 0.0679907 -0.459575 0.885533 0.153403 -0.536617 0.829765 0.129939 -0.539308 0.832023 0.124025 -0.507539 0.852656 -0.278206 -0.486245 0.828352 -0.230695 -0.500575 0.834389 -0.192119 -0.395262 0.898253 -0.180646 -0.52271 0.833151 -0.11632 -0.300537 0.946651 -0.0644549 -0.225187 0.972181 -0.0310382 -0.173328 0.984375 -0.00905863 -0.146962 0.989101 0.00905863 -0.146962 0.989101 0.0310382 -0.173328 0.984375 0.0644549 -0.225187 0.972181 0.180646 -0.52271 0.833151 0.11632 -0.300537 0.946651 0.278206 -0.486245 0.828352 0.230695 -0.500575 0.834389 0.192119 -0.395262 0.898253 -0.351076 -0.434277 0.829548 -0.333469 -0.446032 0.830574 -0.304539 -0.394863 0.866798 -0.284299 -0.481269 0.829189 -0.180539 -0.27171 0.945293 -0.0907918 -0.159218 0.98306 -0.0338867 -0.0646074 0.997335 -0.00406505 0.00899011 0.999951 0.00576778 0.0595111 0.998211 0.00330826 0.0852792 0.996352 -0.00330826 0.0852792 0.996352 -0.00576778 0.0595111 0.998211 0.00406505 0.00899011 0.999951 0.0338867 -0.0646074 0.997335 0.0907918 -0.159218 0.98306 0.284299 -0.481269 0.829189 0.180539 -0.27171 0.945293 0.351076 -0.434277 0.829548 0.333469 -0.446032 0.830574 0.304539 -0.394863 0.866798 -0.404003 -0.383129 0.830659 -0.383129 -0.404003 0.830659 -0.332954 -0.332954 0.882204 -0.178467 -0.203484 0.962675 -0.0649413 -0.0821514 0.994502 0.00798235 0.0248702 0.999659 0.0458243 0.115522 0.992247 0.0549387 0.187679 0.980693 0.0422293 0.23837 0.970256 0.0156674 0.264625 0.964224 -0.0156674 0.264625 0.964224 -0.0422293 0.23837 0.970256 -0.0549387 0.187679 0.980693 -0.0458243 0.115522 0.992247 -0.00798235 0.0248702 0.999659 0.0649413 -0.0821514 0.994502 0.178467 -0.203484 0.962675 0.404003 -0.383129 0.830659 0.383129 -0.404003 0.830659 0.332954 -0.332954 0.882204 -0.446032 -0.333469 0.830574 -0.434277 -0.351076 0.829548 -0.394863 -0.304539 0.866798 -0.203484 -0.178467 0.962675 -0.0562051 -0.0562051 0.996836 0.0441805 0.0559144 0.997458 0.102851 0.157295 0.982181 0.125067 0.246738 0.960978 0.157468 0.377877 0.912366 0.115665 0.3207 0.940092 0.0937657 0.40179 0.910919 0.080743 0.374125 0.923857 0.0311859 0.416357 0.908666 0.0289003 0.402256 0.915071 -0.0311859 0.416357 0.908666 -0.0289003 0.402256 0.915071 -0.0937657 0.40179 0.910919 -0.080743 0.374125 0.923857 -0.157468 0.377877 0.912366 -0.115665 0.3207 0.940092 -0.125067 0.246738 0.960978 -0.102851 0.157295 0.982181 -0.0441805 0.0559144 0.997458 0.0562051 -0.0562051 0.996836 0.203484 -0.178467 0.962675 0.446032 -0.333469 0.830574 0.434277 -0.351076 0.829548 0.394863 -0.304539 0.866798 -0.481269 -0.284299 0.829189 -0.27171 -0.180539 0.945293 -0.0821514 -0.0649413 0.994502 0.0559144 0.0441805 0.997458 0.147146 0.147146 0.978108 0.196719 0.244928 0.949375 0.197504 0.361954 0.911033 0.223687 0.343027 0.912303 0.207265 0.33537 0.919004 -0.197504 0.361954 0.911033 -0.223687 0.343027 0.912303 -0.207265 0.33537 0.919004 -0.196719 0.244928 0.949375 -0.147146 0.147146 0.978108 -0.0559144 0.0441805 0.997458 0.0821514 -0.0649413 0.994502 0.481269 -0.284299 0.829189 0.27171 -0.180539 0.945293 -0.500575 -0.230695 0.834389 -0.486245 -0.278206 0.828352 -0.395262 -0.192119 0.898253 -0.159218 -0.0907918 0.98306 0.0248702 0.00798235 0.999659 0.157295 0.102851 0.982181 0.244928 0.196719 0.949375 0.290447 0.292218 0.91118 0.292218 0.290447 0.91118 0.290499 0.290499 0.911713 -0.290447 0.292218 0.91118 -0.292218 0.290447 0.91118 -0.290499 0.290499 0.911713 -0.244928 0.196719 0.949375 -0.157295 0.102851 0.982181 -0.0248702 0.00798235 0.999659 0.159218 -0.0907918 0.98306 0.500575 -0.230695 0.834389 0.486245 -0.278206 0.828352 0.395262 -0.192119 0.898253 -0.52271 -0.180646 0.833151 -0.300537 -0.11632 0.946651 -0.0646074 -0.0338867 0.997335 0.115522 0.0458243 0.992247 0.246738 0.125067 0.960978 0.343027 0.223687 0.912303 0.361954 0.197504 0.911033 0.33537 0.207265 0.919004 -0.343027 0.223687 0.912303 -0.361954 0.197504 0.911033 -0.33537 0.207265 0.919004 -0.246738 0.125067 0.960978 -0.115522 0.0458243 0.992247 0.0646074 -0.0338867 0.997335 0.52271 -0.180646 0.833151 0.300537 -0.11632 0.946651 -0.539308 -0.129939 0.832023 -0.536617 -0.153403 0.829765 -0.507539 -0.124025 0.852656 -0.225187 -0.0644549 0.972181 0.00899011 -0.00406505 0.999951 0.187679 0.0549387 0.980693 0.377877 0.157468 0.912366 0.3207 0.115665 0.940092 -0.377877 0.157468 0.912366 -0.3207 0.115665 0.940092 -0.187679 0.0549387 0.980693 -0.00899011 -0.00406505 0.999951 0.225187 -0.0644549 0.972181 0.539308 -0.129939 0.832023 0.536617 -0.153403 0.829765 0.507539 -0.124025 0.852656 -0.543446 -0.0774243 0.835866 -0.459575 -0.0679907 0.885533 -0.173328 -0.0310382 0.984375 0.0595111 0.00576778 0.998211 0.23837 0.0422293 0.970256 0.40179 0.0937657 0.910919 0.374125 0.080743 0.923857 -0.40179 0.0937657 0.910919 -0.374125 0.080743 0.923857 -0.23837 0.0422293 0.970256 -0.0595111 0.00576778 0.998211 0.173328 -0.0310382 0.984375 0.543446 -0.0774243 0.835866 0.459575 -0.0679907 0.885533 -0.546194 -0.0257506 0.837263 -0.434545 -0.0215516 0.900392 -0.146962 -0.00905863 0.989101 0.0852792 0.00330826 0.996352 0.264625 0.0156674 0.964224 0.416357 0.0311859 0.908666 0.402256 0.0289003 0.915071 -0.416357 0.0311859 0.908666 -0.402256 0.0289003 0.915071 -0.264625 0.0156674 0.964224 -0.0852792 0.00330826 0.996352 0.146962 -0.00905863 0.989101 0.546194 -0.0257506 0.837263 0.434545 -0.0215516 0.900392 -0.546194 0.0257506 0.837263 -0.434545 0.0215516 0.900392 -0.146962 0.00905863 0.989101 0.0852792 -0.00330826 0.996352 0.264625 -0.0156674 0.964224 0.416357 -0.0311859 0.908666 0.402256 -0.0289003 0.915071 -0.416357 -0.0311859 0.908666 -0.402256 -0.0289003 0.915071 -0.264625 -0.0156674 0.964224 -0.0852792 -0.00330826 0.996352 0.146962 0.00905863 0.989101 0.546194 0.0257506 0.837263 0.434545 0.0215516 0.900392 -0.543446 0.0774243 0.835866 -0.459575 0.0679907 0.885533 -0.173328 0.0310382 0.984375 0.0595111 -0.00576778 0.998211 0.23837 -0.0422293 0.970256 0.40179 -0.0937657 0.910919 0.374125 -0.080743 0.923857 -0.40179 -0.0937657 0.910919 -0.374125 -0.080743 0.923857 -0.23837 -0.0422293 0.970256 -0.0595111 -0.00576778 0.998211 0.173328 0.0310382 0.984375 0.543446 0.0774243 0.835866 0.459575 0.0679907 0.885533 -0.539308 0.129939 0.832023 -0.536617 0.153403 0.829765 -0.507539 0.124025 0.852656 -0.225187 0.0644549 0.972181 0.00899011 0.00406505 0.999951 0.187679 -0.0549387 0.980693 0.377877 -0.157468 0.912366 0.3207 -0.115665 0.940092 -0.377877 -0.157468 0.912366 -0.3207 -0.115665 0.940092 -0.187679 -0.0549387 0.980693 -0.00899011 0.00406505 0.999951 0.225187 0.0644549 0.972181 0.539308 0.129939 0.832023 0.536617 0.153403 0.829765 0.507539 0.124025 0.852656 -0.52271 0.180646 0.833151 -0.300537 0.11632 0.946651 -0.0646074 0.0338867 0.997335 0.115522 -0.0458243 0.992247 0.246738 -0.125067 0.960978 0.343027 -0.223687 0.912303 0.361954 -0.197504 0.911033 0.33537 -0.207265 0.919004 -0.343027 -0.223687 0.912303 -0.361954 -0.197504 0.911033 -0.33537 -0.207265 0.919004 -0.246738 -0.125067 0.960978 -0.115522 -0.0458243 0.992247 0.0646074 0.0338867 0.997335 0.52271 0.180646 0.833151 0.300537 0.11632 0.946651 -0.500575 0.230695 0.834389 -0.486245 0.278206 0.828352 -0.395262 0.192119 0.898253 -0.159218 0.0907918 0.98306 0.0248702 -0.00798235 0.999659 0.157295 -0.102851 0.982181 0.244928 -0.196719 0.949375 0.290447 -0.292218 0.91118 0.292218 -0.290447 0.91118 0.290499 -0.290499 0.911713 -0.290447 -0.292218 0.91118 -0.292218 -0.290447 0.91118 -0.290499 -0.290499 0.911713 -0.244928 -0.196719 0.949375 -0.157295 -0.102851 0.982181 -0.0248702 -0.00798235 0.999659 0.159218 0.0907918 0.98306 0.500575 0.230695 0.834389 0.486245 0.278206 0.828352 0.395262 0.192119 0.898253 -0.481269 0.284299 0.829189 -0.27171 0.180539 0.945293 -0.0821514 0.0649413 0.994502 0.0559144 -0.0441805 0.997458 0.147146 -0.147146 0.978108 0.196719 -0.244928 0.949375 0.197504 -0.361954 0.911033 0.223687 -0.343027 0.912303 0.207265 -0.33537 0.919004 -0.197504 -0.361954 0.911033 -0.223687 -0.343027 0.912303 -0.207265 -0.33537 0.919004 -0.196719 -0.244928 0.949375 -0.147146 -0.147146 0.978108 -0.0559144 -0.0441805 0.997458 0.0821514 0.0649413 0.994502 0.481269 0.284299 0.829189 0.27171 0.180539 0.945293 -0.446032 0.333469 0.830574 -0.434277 0.351076 0.829548 -0.394863 0.304539 0.866798 -0.203484 0.178467 0.962675 -0.0562051 0.0562051 0.996836 0.0441805 -0.0559144 0.997458 0.102851 -0.157295 0.982181 0.125067 -0.246738 0.960978 0.157468 -0.377877 0.912366 0.115665 -0.3207 0.940092 0.0937657 -0.40179 0.910919 0.080743 -0.374125 0.923857 0.0311859 -0.416357 0.908666 0.0289003 -0.402256 0.915071 -0.0311859 -0.416357 0.908666 -0.0289003 -0.402256 0.915071 -0.0937657 -0.40179 0.910919 -0.080743 -0.374125 0.923857 -0.157468 -0.377877 0.912366 -0.115665 -0.3207 0.940092 -0.125067 -0.246738 0.960978 -0.102851 -0.157295 0.982181 -0.0441805 -0.0559144 0.997458 0.0562051 0.0562051 0.996836 0.203484 0.178467 0.962675 0.446032 0.333469 0.830574 0.434277 0.351076 0.829548 0.394863 0.304539 0.866798 -0.404003 0.383129 0.830659 -0.383129 0.404003 0.830659 -0.332954 0.332954 0.882204 -0.178467 0.203484 0.962675 -0.0649413 0.0821514 0.994502 0.00798235 -0.0248702 0.999659 0.0458243 -0.115522 0.992247 0.0549387 -0.187679 0.980693 0.0422293 -0.23837 0.970256 0.0156674 -0.264625 0.964224 -0.0156674 -0.264625 0.964224 -0.0422293 -0.23837 0.970256 -0.0549387 -0.187679 0.980693 -0.0458243 -0.115522 0.992247 -0.00798235 -0.0248702 0.999659 0.0649413 0.0821514 0.994502 0.178467 0.203484 0.962675 0.404003 0.383129 0.830659 0.383129 0.404003 0.830659 0.332954 0.332954 0.882204 -0.351076 0.434277 0.829548 -0.333469 0.446032 0.830574 -0.304539 0.394863 0.866798 -0.284299 0.481269 0.829189 -0.180539 0.27171 0.945293 -0.0907918 0.159218 0.98306 -0.0338867 0.0646074 0.997335 -0.00406505 -0.00899011 0.999951 0.00576778 -0.0595111 0.998211 0.00330826 -0.0852792 0.996352 -0.00330826 -0.0852792 0.996352 -0.00576778 -0.0595111 0.998211 0.00406505 -0.00899011 0.999951 0.0338867 0.0646074 0.997335 0.0907918 0.159218 0.98306 0.284299 0.481269 0.829189 0.180539 0.27171 0.945293 0.351076 0.434277 0.829548 0.333469 0.446032 0.830574 0.304539 0.394863 0.866798 -0.278206 0.486245 0.828352 -0.230695 0.500575 0.834389 -0.192119 0.395262 0.898253 -0.180646 0.52271 0.833151 -0.11632 0.300537 0.946651 -0.0644549 0.225187 0.972181 -0.0310382 0.173328 0.984375 -0.00905863 0.146962 0.989101 0.00905863 0.146962 0.989101 0.0310382 0.173328 0.984375 0.0644549 0.225187 0.972181 0.180646 0.52271 0.833151 0.11632 0.300537 0.946651 0.278206 0.486245 0.828352 0.230695 0.500575 0.834389 0.192119 0.395262 0.898253 -0.153403 0.536617 0.829765 -0.129939 0.539308 0.832023 -0.124025 0.507539 0.852656 -0.0774243 0.543446 0.835866 -0.0679907 0.459575 0.885533 -0.0257506 0.546194 0.837263 -0.0215516 0.434545 0.900392 0.0257506 0.546194 0.837263 0.0215516 0.434545 0.900392 0.0774243 0.543446 0.835866 0.0679907 0.459575 0.885533 0.153403 0.536617 0.829765 0.129939 0.539308 0.832023 0.124025 0.507539 0.852656"/>
    </IndexedTriangleSet>
   </Shape>
  </Transform>
  </Group>
  <Group>
  <Transform rotation="0 0 1 0" translation="0 0 0">
   <Shape>
    <Appearance USE='ap0'/>
    <IndexedTriangleSet USE='its0'/>
   </Shape>
  </Transform>
  </Group>
  <Group>
  <Transform rotation="0 0 1 0" translation="0 0 0">
   <Shape>
    <Appearance USE='ap1'/>
    <IndexedTriangleSet USE='its1'/>
   </Shape>
  </Transform>
  </Group>
  <Group>
  <Transform rotation="0 0 1 0" translation="0 0 0">
   <Shape>
    <Appearance DEF='ap2'>
     <Material ambientIntensity='1' diffuseColor='0.835294 0.368627 0' specularColor='0.85 0.85 0.85' shininess='0.234375' transparency='0'/>
    </Appearance>
    <IndexedTriangleSet DEF='its2' index="0 1 6 1 7 6 1 2 7 2 8 7 2 3 8 3 9 8 3 4 9 4 10 9 4 5 10 5 11 10 5 0 11 0 6 11 6 7 13 6 13 12 7 8 14 7 14 13 8 9 15 8 15 14 9 10 16 9 16 15 10 11 17 10 17 16 11 6 12 11 12 17 12 13 18 13 19 18 13 14 19 14 20 19 14 15 20 15 21 20 15 16 21 16 22 21 16 17 22 17 23 22 17 12 23 12 18 23 18 19 25 18 25 24 19 20 26 19 26 25 20 21 27 20 27 26 21 22 28 21 28 27 22 23 29 22 29 28 23 18 24 23 24 29 24 25 30 25 31 30 25 26 31 26 32 31 26 27 32 27 33 32 27 28 33 28 34 33 28 29 34 29 35 34 29 24 35 24 30 35 30 31 37 30 37 36 31 32 38 31 38 37 32 33 39 32 39 38 33 34 40 33 40 39 34 35 41 34 41 40 35 30 36 35 36 41 36 37 42 37 43 42 37 38 43 38 44 43 38 39 44 39 45 44 39 40 45 40 46 45 40 41 46 41 47 46 41 36 47 36 42 47 42 43 49 42 49 48 43 44 50 43 50 49 44 45 51 44 51 50 45 46 52 45 52 51 46 47 53 46 53 52 47 42 48 47 48 53 48 49 54 49 55 54 49 50 55 50 56 55 50 51 56 51 57 56 51 52 57 52 58 57 52 53 58 53 59 58 53 48 59 48 54 59 54 55 61 54 61 60 55 56 62 55 62 61 56 57 63 56 63 62 57 58 64 57 64 63 58 59 65 58 65 64 59 54 60 59 60 65 60 61 66 61 67 66 61 62 67 62 68 67 62 63 68 63 69 68 63 64 69 64 70 69 64 65 70 65 71 70 65 60 71 60 66 71 66 67 73 66 73 72 67 68 74 67 74 73 68 69 75 68 75 74 69 70 76 69 76 75 70 71 77 70 77 76 71 66 72 71 72 77 72 73 78 73 79 78 73 74 79 74 80 79 74 75 80 75 81 80 75 76 81 76 82 81 76 77 82 77 83 82 77 72 83 72 78 83 78 79 85 78 85 84 79 80 86 79 86 85 80 81 87 80 87 86 81 82 88 81 88 87 82 83 89 82 89 88 83 78 84 83 84 89 84 85 90 85 91 90 85 86 91 86 92 91 86 87 92 87 93 92 87 88 93 88 94 93 88 89 94 89 95 94 89 84 95 84 90 95 90 91 97 90 97 96 91 92 98 91 98 97 92 93 99 92 99 98 93 94 100 93 100 99 94 95 101 94 101 100 95 90 96 95 96 101 96 97 102 97 103 102 97 98 103 98 104 103 98 99 104 99 105 104 99 100 105 100 106 105 100 101 106 101 107 106 101 96 107 96 102 107 102 103 109 102 109 108 103 104 110 103 110 109 104 105 111 104 111 110 105 106 112 105 112 111 106 107 113 106 113 112 107 102 108 107 108 113 108 109 114 109 115 114 109 110 115 110 116 115 110 111 116 111 117 116 111 112 117 112 118 117 112 113 118 113 119 118 113 108 119 108 114 119 114 115 121 114 121 120 115 116 122 115 122 121 116 117 123 116 123 122 117 118 124 117 124 123 118 119 125 118 125 124 119 114 120 119 120 125 120 121 126 121 127 126 121 122 127 122 128 127 122 123 128 123 129 128 123 124 129 124 130 129 124 125 130 125 131 130 125 120 131 120 126 131 126 127 133 126 133 132 127 128 134 127 134 133 128 129 135 128 135 134 129 130 136 129 136 135 130 131 137 130 137 136 131 126 132 131 132 137 132 133 138 133 139 138 133 134 139 134 140 139 134 135 140 135 141 140 135 136 141 136 142 141 136 137 142 137 143 142 137 132 143 132 138 143 138 139 145 138 145 144 139 140 146 139 146 145 140 141 147 140 147 146 141 142 148 141 148 147 142 143 149 142 149 148 143 138 144 143 144 149 144 145 150 145 151 150 145 146 151 146 152 151 146 147 152 147 153 152 147 148 153 148 154 153 148 149 154 149 155 154 149 144 155 144 150 155 150 151 157 150 157 156 151 152 158 151 158 157 152 153 159 152 159 158 153 154 160 153 160 159 154 155 161 154 161 160 155 150 156 155 156 161 156 157 162 157 163 162 157 158 163 158 164 163 158 159 164 159 165 164 159 160 165 160 166 165 160 161 166 161 167 166 161 156 167 156 162 167 162 163 169 162 169 168 163 164 170 163 170 169 164 165 171 164 171 170 165 166 172 165 172 171 166 167 173 166 173 172 167 162 168 167 168 173 168 169 174 169 175 174 169 170 175 170 176 175 170 171 176 171 177 176 171 172 177 172 178 177 172 173 178 173 179 178 173 168 179 168 174 179 174 175 181 174 181 180 175 176 182 175 182 181 176 177 183 176 183 182 177 178 184 177 184 183 178 179 185 178 185 184 179 174 180 179 180 185 180 181 186 181 187 186 181 182 187 182 188 187 182 183 188 183 189 188 183 184 189 184 190 189 184 185 190 185 191 190 185 180 191 180 186 191 186 187 193 186 193 192 187 188 194 187 194 193 188 189 195 188 195 194 189 190 196 189 196 195 190 191 197 190 197 196 191 186 192 191 192 197 192 193 198 193 199 198 193 194 199 194 200 199 194 195 200 195 201 200 195 196 201 196 202 201 196 197 202 197 203 202 197 192 203 192 198 203 198 199 205 198 205 204 199 200 206 199 206 205 200 201 207 200 207 206 201 202 208 201 208 207 202 203 209 202 209 208 203 198 204 203 204 209 204 205 210 205 211 210 205 206 211 206 212 211 206 207 212 207 213 212 207 208 213 208 214 213 208 209 214 209 215 214 209 204 215 204 210 215 210 211 217 210 217 216 211 212 218 211 218 217 212 213 219 212 219 218 213 214 220 213 220 219 214 215 221 214 221 220 215 210 216 215 216 221 216 217 222 217 223 222 217 218 223 218 224 223 218 219 224 219 225 224 219 220 225 220 226 225 220 221 226 221 227 226 221 216 227 216 222 227 222 223 229 222 229 228 223 224 230 223 230 229 224 225 231 224 231 230 225 226 232 225 232 231 226 227 233 226 233 232 227 222 228 227 228 233 228 229 234 229 235 234 229 230 235 230 236 235 230 231 236 231 237 236 231 232 237 232 238 237 232 233 238 233 239 238 233 228 239 228 234 239 234 235 241 234 241 240 235 236 242 235 242 241 236 237 243 236 243 242 237 238 244 237 244 243 238 239 245 238 245 244 239 234 240 239 240 245 240 241 246 241 247 246 241 242 247 242 248 247 242 243 248 243 249 248 243 244 249 244 250 249 244 245 250 245 251 250 245 240 251 240 246 251 246 247 253 246 253 252 247 248 254 247 254 253 248 249 255 248 255 254 249 250 256 249 256 255 250 251 257 250 257 256 251 246 252 251 252 257 252 253 258 253 259 258 253 254 259 254 260 259 254 255 260 255 261 260 255 256 261 256 262 261 256 257 262 257 263 262 257 252 263 252 258 263 258 259 265 258 265 264 259 260 266 259 266 265 260 261 267 260 267 266 261 262 268 261 268 267 262 263 269 262 269 268 263 258 264 263 264 269 264 265 270 265 271 270 265 266 271 266 272 271 266 267 272 267 273 272 267 268 273 268 274 273 268 269 274 269 275 274 269 264 275 264 270 275 270 271 277 270 277 276 271 272 278 271 278 277 272 273 279 272 279 278 273 274 280 273 280 279 274 275 281 274 281 280 275 270 276 275 276 281 276 277 282 277 283 282 277 278 283 278 284 283 278 279 284 279 285 284 279 280 285 280 286 285 280 281 286 281 287 286 281 276 287 276 282 287 282 283 289 282 289 288 283 284 290 283 290 289 284 285 291 284 291 290 285 286 292 285 292 291 286 287 293 286 293 292 287 282 288 287 288 293 288 289 294 289 295 294 289 290 295 290 296 295 290 291 296 291 297 296 291 292 297 292 298 297 292 293 298 293 299 298 293 288 299 288 294 299 294 295 301 294 301 300 295 296 302 295 302 301 296 297 303 296 303 302 297 298 304 297 304 303 298 299 305 298 305 304 299 294 300 299 300 305 300 301 306 301 307 306 301 302 307 302 308 307 302 303 308 303 309 308 303 304 309 304 310 309 304 305 310 305 311 310 305 300 311 300 306 311 306 307 313 306 313 312 307 308 314 307 314 313 308 309 315 308 315 314 309 310 316 309 316 315 310 311 317 310 317 316 311 306 312 311 312 317 312 313 318 313 319 318 313 314 319 314 320 319 314 315 320 315 321 320 315 316 321 316 322 321 316 317 322 317 323 322 317 312 323 312 318 323 318 319 325 318 325 324 319 320 326 319 326 325 320 321 327 320 327 326 321 322 328 321 328 327 322 323 329 322 329 328 323 318 324 323 324 329 324 325 330 325 331 330 325 326 331 326 332 331 326 327 332 327 333 332 327 328 333 328 334 333 328 329 334 329 335 334 329 324 335 324 330 335 330 331 337 330 337 336 331 332 338 331 338 337 332 333 339 332 339 338 333 334 340 333 340 339 334 335 341 334 341 340 335 330 336 335 336 341 336 337 342 337 343 342 337 338 343 338 344 343 338 339 344 339 345 344 339 340 345 340 346 345 340 341 346 341 347 346 341 336 347 336 342 347 342 343 349 342 349 348 343 344 350 343 350 349 344 345 351 344 351 350 345 346 352 345 352 351 346 347 353 346 353 352 347 342 348 347 348 353 348 349 354 349 355 354 349 350 355 350 356 355 350 351 356 351 357 356 351 352 357 352 358 357 352 353 358 353 359 358 353 348 359 348 354 359 354 355 361 354 361 360 355 356 362 355 362 361 356 357 363 356 363 362 357 358 364 357 364 363 358 359 365 358 365 364 359 354 360 359 360 365 360 361 366 361 367 366 361 362 367 362 368 367 362 363 368 363 369 368 363 364 369 364 370 369 364 365 370 365 371 370 365 360 371 360 366 371 366 367 373 366 373 372 367 368 374 367 374 373 368 369 375 368 375 374 369 370 376 369 376 375 370 371 377 370 377 376 371 366 372 371 372 377 372 373 378 373 379 378 373 374 379 374 380 379 374 375 380 375 381 380 375 376 381 376 382 381 376 377 382 377 383 382 377 372 383 372 378 383 378 379 385 378 385 384 379 380 386 379 386 385 380 381 387 380 387 386 381 382 388 381 388 387 382 383 389 382 389 388 383 378 384 383 384 389 384 385 390 385 391 390 385 386 391 386 392 391 386 387 392 387 393 392 387 388 393 388 394 393 388 389 394 389 395 394 389 384 395 384 390 395 390 391 397 390 397 396 391 392 398 391 398 397 392 393 399 392 399 398 393 394 400 393 400 399 394 395 401 394 401 400 395 390 396 395 396 401 396 397 402 397 403 402 397 398 403 398 404 403 398 399 404 399 405 404 399 400 405 400 406 405 400 401 406 401 407 406 401 396 407 396 402 407 402 403 409 402 409 408 403 404 410 403 410 409 404 405 411 404 411 410 405 406 412 405 412 411 406 407 413 406 413 412 407 402 408 407 408 413 408 409 414 409 415 414 409 410 415 410 416 415 410 411 416 411 417 416 411 412 417 412 418 417 412 413 418 413 419 418 413 408 419 408 414 419 414 415 421 414 421 420 415 416 422 415 422 421 416 417 423 416 423 422 417 418 424 417 424 423 418 419 425 418 425 424 419 414 420 419 420 425 420 421 426 421 427 426 421 422 427 422 428 427 422 423 428 423 429 428 423 424 429 424 430 429 424 425 430 425 431 430 425 420 431 420 426 431 426 427 433 426 433 432 427 428 434 427 434 433 428 429 435 428 435 434 429 430 436 429 436 435 430 431 437 430 437 436 431 426 432 431 432 437 432 433 438 433 439 438 433 434 439 434 440 439 434 435 440 435 441 440 435 436 441 436 442 441 436 437 442 437 443 442 437 432 443 432 438 443 438 439 445 438 445 444 439 440 446 439 446 445 440 441 447 440 447 446 441 442 448 441 448 447 442 443 449 442 449 448 443 438 444 443 444 449 444 445 450 445 451 450 445 446 451 446 452 451 446 447 452 447 453 452 447 448 453 448 454 453 448 449 454 449 455 454 449 444 455 444 450 455 450 451 457 450 457 456 451 452 458 451 458 457 452 453 459 452 459 458 453 454 460 453 460 459 454 455 461 454 461 460 455 450 456 455 456 461 456 457 462 457 463 462 457 458 463 458 464 463 458 459 464 459 465 464 459 460 465 460 466 465 460 461 466 461 467 466 461 456 467 456 462 467 462 463 469 462 469 468 463 464 470 463 470 469 464 465 471 464 471 470 465 466 472 465 472 471 466 467 473 466 473 472 467 462 468 467 468 473 468 469 474 469 475 474 469 470 475 470 476 475 470 471 476 471 477 476 471 472 477 472 478 477 472 473 478 473 479 478 473 468 479 468 474 479 474 475 481 474 481 480 475 476 482 475 482 481 476 477 483 476 483 482 477 478 484 477 484 483 478 479 485 478 485 484 479 474 480 479 480 485 480 481 486 481 487 486 481 482 487 482 488 487 482 483 488 483 489 488 483 484 489 484 490 489 484 485 490 485 491 490 485 480 491 480 486 491 486 487 493 486 493 492 487 488 494 487 494 493 488 489 495 488 495 494 489 490 496 489 496 495 490 491 497 490 497 496 491 486 492 491 492 497 492 493 498 493 499 498 493 494 499 494 500 499 494 495 500 495 501 500 495 496 501 496 502 501 496 497 502 497 503 502 497 492 503 492 498 503 498 499 505 498 505 504 499 500 506 499 506 505 500 501 507 500 507 506 501 502 508 501 508 507 502 503 509 502 509 508 503 498 504 503 504 509 504 505 510 505 511 510 505 506 511 506 512 511 506 507 512 507 513 512 507 508 513 508 514 513 508 509 514 509 515 514 509 504 515 504 510 515 510 511 517 510 517 516 511 512 518 511 518 517 512 513 519 512 519 518 513 514 520 513 520 519 514 515 521 514 521 520 515 510 516 515 516 521 516 517 522 517 523 522 517 518 523 518 524 523 518 519 524 519 525 524 519 520 525 520 526 525 520 521 526 521 527 526 521 516 527 516 522 527 522 523 529 522 529 528 523 524 530 523 530 529 524 525 531 524 531 530 525 526 532 525 532 531 526 527 533 526 533 532 527 522 528 527 528 533 528 529 534 529 535 534 529 530 535 530 536 535 530 531 536 531 537 536 531 532 537 532 538 537 532 533 538 533 539 538 533 528 539 528 534 539 534 535 541 534 541 540 535 536 542 535 542 541 536 537 543 536 543 542 537 538 544 537 544 543 538 539 545 538 545 544 539 534 540 539 540 545 540 541 546 541 547 546 541 542 547 542 548 547 542 543 548 543 549 548 543 544 549 544 550 549 544 545 550 545 551 550 545 540 551 540 546 551 546 547 553 546 553 552 547 548 554 547 554 553 548 549 555 548 555 554 549 550 556 549 556 555 550 551 557 550 557 556 551 546 552 551 552 557 552 553 558 553 559 558 553 554 559 554 560 559 554 555 560 555 561 560 555 556 561 556 562 561 556 557 562 557 563 562 557 552 563 552 558 563 558 559 565 558 565 564 559 560 566 559 566 565 560 561 567 560 567 566 561 562 568 561 568 567 562 563 569 562 569 568 563 558 564 563 564 569 564 565 570 565 571 570 565 566 571 566 572 571 566 567 572 567 573 572 567 568 573 568 574 573 568 569 574 569 575 574 569 564 575 564 570 575 570 571 577 570 577 576 571 572 578 571 578 577 572 573 579 572 579 578 573 574 580 573 580 579 574 575 581 574 581 580 575 570 576 575 576 581 576 577 582 577 583 582 577 578 583 578 584 583 578 579 584 579 585 584 579 580 585 580 586 585 580 581 586 581 587 586 581 576 587 576 582 587 582 583 589 582 589 588 583 584 590 583 590 589 584 585 591 584 591 590 585 586 592 585 592 591 586 587 593 586 593 592 587 582 588 587 588 593 588 589 594 589 595 594 589 590 595 590 596 595 590 591 596 591 597 596 591 592 597 592 598 597 592 593 598 593 599 598 593 588 599 588 594 599 594 595 601 594 601 600 595 596 602 595 602 601 596 597 603 596 603 602 597 598 604 597 604 603 598 599 605 598 605 604 599 594 600 599 600 605 600 601 606 601 607 606 601 602 607 602 608 607 602 603 608 603 609 608 603 604 609 604 610 609 604 605 610 605 611 610 605 600 611 600 606 611 606 607 613 606 613 612 607 608 614 607 614 613 608 609 615 608 615 614 609 610 616 609 616 615 610 611 617 610 617 616 611 606 612 611 612 617 612 613 618 613 619 618 613 614 619 614 620 619 614 615 620 615 621 620 615 616 621 616 622 621 616 617 622 617 623 622 617 612 623 612 618 623 618 619 625 618 625 624 619 620 626 619 626 625 620 621 627 620 627 626 621 622 628 621 628 627 622 623 629 622 629 628 623 618 624 623 624 629 624 625 630 625 631 630 625 626 631 626 632 631 626 627 632 627 633 632 627 628 633 628 634 633 628 629 634 629 635 634 629 624 635 624 630 635 630 631 637 630 637 636 631 632 638 631 638 637 632 633 639 632 639 638 633 634 640 633 640 639 634 635 641 634 641 640 635 630 636 635 636 641 636 637 642 637 643 642 637 638 643 638 644 643 638 639 644 639 645 644 639 640 645 640 646 645 640 641 646 641 647 646 641 636 647 636 642 647 642 643 649 642 649 648 643 644 650 643 650 649 644 645 651 644 651 650 645 646 652 645 652 651 646 647 653 646 653 652 647 642 648 647 648 653 648 649 654 649 655 654 649 650 655 650 656 655 650 651 656 651 657 656 651 652 657 652 658 657 652 653 658 653 659 658 653 648 659 648 654 659 654 655 661 654 661 660 655 656 662 655 662 661 656 657 663 656 663 662 657 658 664 657 664 663 658 659 665 658 665 664 659 654 660 659 660 665 660 661 666 661 667 666 661 662 667 662 668 667 662 663 668 663 669 668 663 664 669 664 670 669 664 665 670 665 671 670 665 660 671 660 666 671 666 667 673 666 673 672 667 668 674 667 674 673 668 669 675 668 675 674 669 670 676 669 676 675 670 671 677 670 677 676 671 666 672 671 672 677 672 673 678 673 679 678 673 674 679 674 680 679 674 675 680 675 681 680 675 676 681 676 682 681 676 677 682 677 683 682 677 672 683 672 678 683 678 679 685 678 685 684 679 680 686 679 686 685 680 681 687 680 687 686 681 682 688 681 688 687 682 683 689 682 689 688 683 678 684 683 684 689 684 685 690 685 691 690 685 686 691 686 692 691 686 687 692 687 693 692 687 688 693 688 694 693 688 689 694 689 695 694 689 684 695 684 690 695 690 691 697 690 697 696 691 692 698 691 698 697 692 693 699 692 699 698 693 694 700 693 700 699 694 695 701 694 701 700 695 690 696 695 696 701 696 697 702 697 703 702 697 698 703 698 704 703 698 699 704 699 705 704 699 700 705 700 706 705 700 701 706 701 707 706 701 696 707 696 702 707 702 703 709 702 709 708 703 704 710 703 710 709 704 705 711 704 711 710 705 706 712 705 712 711 706 707 713 706 713 712 707 702 708 707 708 713 708 709 714 709 715 714 709 710 715 710 716 715 710 711 716 711 717 716 711 712 717 712 718 717 712 713 718 713 719 718 713 708 719 708 714 719 714 715 721 714 721 720 715 716 722 715 722 721 716 717 723 716 723 722 717 718 724 717 724 723 718 719 725 718 725 724 719 714 720 719 720 725 720 721 726 721 727 726 721 722 727 722 728 727 722 723 728 723 729 728 723 724 729 724 730 729 724 725 730 725 731 730 725 720 731 720 726 731 726 727 733 726 733 732 727 728 734 727 734 733 728 729 735 728 735 734 729 730 736 729 736 735 730 731 737 730 737 736 731 726 732 731 732 737 732 733 738 733 739 738 733 734 739 734 740 739 734 735 740 735 741 740 735 736 741 736 742 741 736 737 742 737 743 742 737 732 743 732 738 743 738 739 745 738 745 744 739 740 746 739 746 745 740 741 747 740 747 746 741 742 748 741 748 747 742 743 749 742 749 748 743 738 744 743 744 749 744 745 750 745 751 750 745 746 751 746 752 751 746 747 752 747 753 752 747 748 753 748 754 753 748 749 754 749 755 754 749 744 755 744 750 755 750 751 757 750 757 756 751 752 758 751 758 757 752 753 759 752 759 758 753 754 760 753 760 759 754 755 761 754 761 760 755 750 756 755 756 761 756 757 762 757 763 762 757 758 763 758 764 763 758 759 764 759 765 764 759 760 765 760 766 765 760 761 766 761 767 766 761 756 767 756 762 767 762 763 769 762 769 768 763 764 770 763 770 769 764 765 771 764 771 770 765 766 772 765 772 771 766 767 773 766 773 772 767 762 768 767 768 773 768 769 774 769 775 774 769 770 775 770 776 775 770 771 776 771 777 776 771 772 777 772 778 777 772 773 778 773 779 778 773 768 779 768 774 779 774 775 781 774 781 780 775 776 782 775 782 781 776 777 783 776 783 782 777 778 784 777 784 783 778 779 785 778 785 784 779 774 780 779 780 785 780 781 786 781 787 786 781 782 787 782 788 787 782 783 788 783 789 788 783 784 789 784 790 789 784 785 790 785 791 790 785 780 791 780 786 791 786 787 793 786 793 792 787 788 794 787 794 793 788 789 795 788 795 794 789 790 796 789 796 795 790 791 797 790 797 796 791 786 792 791 792 797 792 793 798 793 799 798 793 794 799 794 800 799 794 795 800 795 801 800 795 796 801 796 802 801 796 797 802 797 803 802 797 792 803 792 798 803 798 799 805 798 805 804 799 800 806 799 806 805 800 801 807 800 807 806 801 802 808 801 808 807 802 803 809 802 809 808 803 798 804 803 804 809 804 805 810 805 811 810 805 806 811 806 812 811 806 807 812 807 813 812 807 808 813 808 814 813 808 809 814 809 815 814 809 804 815 804 810 815 810 811 817 810 817 816 811 812 818 811 818 817 812 813 819 812 819 818 813 814 820 813 820 819 814 815 821 814 821 820 815 810 816 815 816 821 816 817 822 817 823 822 817 818 823 818 824 823 818 819 824 819 825 824 819 820 825 820 826 825 820 821 826 821 827 826 821 816 827 816 822 827 822 823 829 822 829 828 823 824 830 823 830 829 824 825 831 824 831 830 825 826 832 825 832 831 826 827 833 826 833 832 827 822 828 827 828 833 828 829 834 829 835 834 829 830 835 830 836 835 830 831 836 831 837 836 831 832 837 832 838 837 832 833 838 833 839 838 833 828 839 828 834 839 834 835 841 834 841 840 835 836 842 835 842 841 836 837 843 836 843 842 837 838 844 837 844 843 838 839 845 838 845 844 839 834 840 839 840 845 840 841 846 841 847 846 841 842 847 842 848 847 842 843 848 843 849 848 843 844 849 844 850 849 844 845 850 845 851 850 845 840 851 840 846 851 846 847 853 846 853 852 847 848 854 847 854 853 848 849 855 848 855 854 849 850 856 849 856 855 850 851 857 850 857 856 851 846 852 851 852 857 852 853 858 853 859 858 853 854 859 854 860 859 854 855 860 855 861 860 855 856 861 856 862 861 856 857 862 857 863 862 857 852 863 852 858 863 858 859 865 858 865 864 859 860 866 859 866 865 860 861 867 860 867 866 861 862 868 861 868 867 862 863 869 862 869 868 863 858 864 863 864 869 864 865 870 865 871 870 865 866 871 866 872 871 866 867 872 867 873 872 867 868 873 868 874 873 868 869 874 869 875 874 869 864 875 864 870 875 870 871 877 870 877 876 871 872 878 871 878 877 872 873 879 872 879 878 873 874 880 873 880 879 874 875 881 874 881 880 875 870 876 875 876 881 876 877 882 877 883 882 877 878 883 878 884 883 878 879 884 879 885 884 879 880 885 880 886 885 880 881 886 881 887 886 881 876 887 876 882 887 882 883 889 882 889 888 883 884 890 883 890 889 884 885 891 884 891 890 885 886 892 885 892 891 886 887 893 886 893 892 887 882 888 887 888 893 888 889 894 889 895 894 889 890 895 890 896 895 890 891 896 891 897 896 891 892 897 892 898 897 892 893 898 893 899 898 893 888 899 888 894 899 894 895 901 894 901 900 895 896 902 895 902 901 896 897 903 896 903 902 897 898 904 897 904 903 898 899 905 898 905 904 899 894 900 899 900 905 900 901 906 901 907 906 901 902 907 902 908 907 902 903 908 903 909 908 903 904 909 904 910 909 904 905 910 905 911 910 905 900 911 900 906 911 906 907 913 906 913 912 907 908 914 907 914 913 908 909 915 908 915 914 909 910 916 909 916 915 910 911 917 910 917 916 911 906 912 911 912 917 912 913 918 913 919 918 913 914 919 914 920 919 914 915 920 915 921 920 915 916 921 916 922 921 916 917 922 917 923 922 917 912 923 912 918 923 918 919 925 918 925 924 919 920 926 919 926 925 920 921 927 920 927 926 921 922 928 921 928 927 922 923 929 922 929 928 923 918 924 923 924 929 924 925 930 925 931 930 925 926 931 926 932 931 926 927 932 927 933 932 927 928 933 928 934 933 928 929 934 929 935 934 929 924 935 924 930 935 930 931 937 930 937 936 931 932 938 931 938 937 932 933 939 932 939 938 933 934 940 933 940 939 934 935 941 934 941 940 935 930 936 935 936 941 936 937 942 937 943 942 937 938 943 938 944 943 938 939 944 939 945 944 939 940 945 940 946 945 940 941 946 941 947 946 941 936 947 936 942 947 942 943 949 942 949 948 943 944 950 943 950 949 944 945 951 944 951 950 945 946 952 945 952 951 946 947 953 946 953 952 947 942 948 947 948 953 948 949 954 949 955 954 949 950 955 950 956 955 950 951 956 951 957 956 951 952 957 952 958 957 952 953 958 953 959 958 953 948 959 948 954 959 954 955 961 954 961 960 955 956 962 955 962 961 956 957 963 956 963 962 957 958 964 957 964 963 958 959 965 958 965 964 959 954 960 959 960 965 960 961 966 961 967 966 961 962 967 962 968 967 962 963 968 963 969 968 963 964 969 964 970 969 964 965 970 965 971 970 965 960 971 960 966 971 966 967 973 966 973 972 967 968 974 967 974 973 968 969 975 968 975 974 969 970 976 969 976 975 970 971 977 970 977 976 971 966 972 971 972 977 972 973 978 973 979 978 973 974 979 974 980 979 974 975 980 975 981 980 975 976 981 976 982 981 976 977 982 977 983 982 977 972 983 972 978 983 978 979 985 978 985 984 979 980 986 979 986 985 980 981 987 980 987 986 981 982 988 981 988 987 982 983 989 982 989 988 983 978 984 983 984 989 984 985 990 985 991 990 985 986 991 986 992 991 986 987 992 987 993 992 987 988 993 988 994 993 988 989 994 989 995 994 989 984 995 984 990 995 990 991 997 990 997 996 991 992 998 991 998 997 992 993 999 992 999 998 993 994 1000 993 1000 999 994 995 1001 994 1001 1000 995 990 996 995 996 1001 996 997 1002 997 1003 1002 997 998 1003 998 1004 1003 998 999 1004 999 1005 1004 999 1000 1005 1000 1006 1005 1000 1001 1006 1001 1007 1006 1001 996 1007 996 1002 1007 1002 1003 1009 1002 1009 1008 1003 1004 1010 1003 1010 1009 1004 1005 1011 1004 1011 1010 1005 1006 1012 1005 1012 1011 1006 1007 1013 1006 1013 1012 1007 1002 1008 1007 1008 1013 1008 1009 1014 1009 1015 1014 1009 1010 1015 1010 1016 1015 1010 1011 1016 1011 1017 1016 1011 1012 1017 1012 1018 1017 1012 1013 1018 1013 1019 1018 1013 1008 1019 1008 1014 1019 1014 1015 1021 1014 1021 1020 1015 1016 1022 1015 1022 1021 1016 1017 1023 1016 1023 1022 1017 1018 1024 1017 1024 1023 1018 1019 1025 1018 1025 1024 1019 1014 1020 1019 1020 1025 1020 1021 1026 1021 1027 1026 1021 1022 1027 1022 1028 1027 1022 1023 1028 1023 1029 1028 1023 1024 1029 1024 1030 1029 1024 1025 1030 1025 1031 1030 1025 1020 1031 1020 1026 1031 1026 1027 1033 1026 1033 1032 1027 1028 1034 1027 1034 1033 1028 1029 1035 1028 1035 1034 1029 1030 1036 1029 1036 1035 1030 1031 1037 1030 1037 1036 1031 1026 1032 1031 1032 1037 1032 1033 1038 1033 1039 1038 1033 1034 1039 1034 1040 1039 1034 1035 1040 1035 1041 1040 1035 1036 1041 1036 1042 1041 1036 1037 1042 1037 1043 1042 1037 1032 1043 1032 1038 1043 1038 1039 1045 1038 1045 1044 1039 1040 1046 1039 1046 1045 1040 1041 1047 1040 1047 1046 1041 1042 1048 1041 1048 1047 1042 1043 1049 1042 1049 1048 1043 1038 1044 1043 1044 1049 1044 1045 1050 1045 1051 1050 1045 1046 1051 1046 1052 1051 1046 1047 1052 1047 1053 1052 1047 1048 1053 1048 1054 1053 1048 1049 1054 1049 1055 1054 1049 1044 1055 1044 1050 1055 1050 1051 1057 1050 1057 1056 1051 1052 1058 1051 1058 1057 1052 1053 1059 1052 1059 1058 1053 1054 1060 1053 1060 1059 1054 1055 1061 1054 1061 1060 1055 1050 1056 1055 1056 1061 1056 1057 1062 1057 1063 1062 1057 1058 1063 1058 1064 1063 1058 1059 1064 1059 1065 1064 1059 1060 1065 1060 1066 1065 1060 1061 1066 1061 1067 1066 1061 1056 1067 1056 1062 1067 1062 1063 1069 1062 1069 1068 1063 1064 1070 1063 1070 1069 1064 1065 1071 1064 1071 1070 1065 1066 1072 1065 1072 1071 1066 1067 1073 1066 1073 1072 1067 1062 1068 1067 1068 1073 1068 1069 1074 1069 1075 1074 1069 1070 1075 1070 1076 1075 1070 1071 1076 1071 1077 1076 1071 1072 1077 1072 1078 1077 1072 1073 1078 1073 1079 1078 1073 1068 1079 1068 1074 1079 1074 1075 1081 1074 1081 1080 1075 1076 1082 1075 1082 1081 1076 1077 1083 1076 1083 1082 1077 1078 1084 1077 1084 1083 1078 1079 1085 1078 1085 1084 1079 1074 1080 1079 1080 1085 1080 1081 1086 1081 1087 1086 1081 1082 1087 1082 1088 1087 1082 1083 1088 1083 1089 1088 1083 1084 1089 1084 1090 1089 1084 1085 1090 1085 1091 1090 1085 1080 1091 1080 1086 1091 1086 1087 1093 1086 1093 1092 1087 1088 1094 1087 1094 1093 1088 1089 1095 1088 1095 1094 1089 1090 1096 1089 1096 1095 1090 1091 1097 1090 1097 1096 1091 1086 1092 1091 1092 1097 1092 1093 1098 1093 1099 1098 1093 1094 1099 1094 1100 1099 1094 1095 1100 1095 1101 1100 1095 1096 1101 1096 1102 1101 1096 1097 1102 1097 1103 1102 1097 1092 1103 1092 1098 1103 1098 1099 1105 1098 1105 1104 1099 1100 1106 1099 1106 1105 1100 1101 1107 1100 1107 1106 1101 1102 1108 1101 1108 1107 1102 1103 1109 1102 1109 1108 1103 1098 1104 1103 1104 1109 1104 1105 1110 1105 1111 1110 1105 1106 1111 1106 1112 1111 1106 1107 1112 1107 1113 1112 1107 1108 1113 1108 1114 1113 1108 1109 1114 1109 1115 1114 1109 1104 1115 1104 1110 1115 1110 1111 1117 1110 1117 1116 1111 1112 1118 1111 1118 1117 1112 1113 1119 1112 1119 1118 1113 1114 1120 1113 1120 1119 1114 1115 1121 1114 1121 1120 1115 1110 1116 1115 1116 1121 1116 1117 1122 1117 1123 1122 1117 1118 1123 1118 1124 1123 1118 1119 1124 1119 1125 1124 1119 1120 1125 1120 1126 1125 1120 1121 1126 1121 1127 1126 1121 1116 1127 1116 1122 1127 1122 1123 1129 1122 1129 1128 1123 1124 1130 1123 1130 1129 1124 1125 1131 1124 1131 1130 1125 1126 1132 1125 1132 1131 1126 1127 1133 1126 1133 1132 1127 1122 1128 1127 1128 1133 1128 1129 1134 1129 1135 1134 1129 1130 1135 1130 1136 1135 1130 1131 1136 1131 1137 1136 1131 1132 1137 1132 1138 1137 1132 1133 1138 1133 1139 1138 1133 1128 1139 1128 1134 1139 1134 1135 1141 1134 1141 1140 1135 1136 1142 1135 1142 1141 1136 1137 1143 1136 1143 1142 1137 1138 1144 1137 1144 1143 1138 1139 1145 1138 1145 1144 1139 1134 1140 1139 1140 1145 1140 1141 1146 1141 1147 1146 1141 1142 1147 1142 1148 1147 1142 1143 1148 1143 1149 1148 1143 1144 1149 1144 1150 1149 1144 1145 1150 1145 1151 1150 1145 1140 1151 1140 1146 1151 1146 1147 1153 1146 1153 1152 1147 1148 1154 1147 1154 1153 1148 1149 1155 1148 1155 1154 1149 1150 1156 1149 1156 1155 1150 1151 1157 1150 1157 1156 1151 1146 1152 1151 1152 1157 1152 1153 1158 1153 1159 1158 1153 1154 1159 1154 1160 1159 1154 1155 1160 1155 1161 1160 1155 1156 1161 1156 1162 1161 1156 1157 1162 1157 1163 1162 1157 1152 1163 1152 1158 1163 1158 1159 1165 1158 1165 1164 1159 1160 1166 1159 1166 1165 1160 1161 1167 1160 1167 1166 1161 1162 1168 1161 1168 1167 1162 1163 1169 1162 1169 1168 1163 1158 1164 1163 1164 1169 1164 1165 1170 1165 1171 1170 1165 1166 1171 1166 1172 1171 1166 1167 1172 1167 1173 1172 1167 1168 1173 1168 1174 1173 1168 1169 1174 1169 1175 1174 1169 1164 1175 1164 1170 1175 1170 1171 1177 1170 1177 1176 1171 1172 1178 1171 1178 1177 1172 1173 1179 1172 1179 1178 1173 1174 1180 1173 1180 1179 1174 1175 1181 1174 1181 1180 1175 1170 1176 1175 1176 1181 1176 1177 1182 1177 1183 1182 1177 1178 1183 1178 1184 1183 1178 1179 1184 1179 1185 1184 1179 1180 1185 1180 1186 1185 1180 1181 1186 1181 1187 1186 1181 1176 1187 1176 1182 1187 1182 1183 1189 1182 1189 1188 1183 1184 1190 1183 1190 1189 1184 1185 1191 1184 1191 1190 1185 1186 1192 1185 1192 1191 1186 1187 1193 1186 1193 1192 1187 1182 1188 1187 1188 1193 1188 1189 1194 1189 1195 1194 1189 1190 1195 1190 1196 1195 1190 1191 1196 1191 1197 1196 1191 1192 1197 1192 1198 1197 1192 1193 1198 1193 1199 1198 1193 1188 1199 1188 1194 1199 1194 1195 1201 1194 1201 1200 1195 1196 1202 1195 1202 1201 1196 1197 1203 1196 1203 1202 1197 1198 1204 1197 1204 1203 1198 1199 1205 1198 1205 1204 1199 1194 1200 1199 1200 1205 1200 1201 1206 1201 1207 1206 1201 1202 1207 1202 1208 1207 1202 1203 1208 1203 1209 1208 1203 1204 1209 1204 1210 1209 1204 1205 1210 1205 1211 1210 1205 1200 1211 1200 1206 1211 1206 1207 1213 1206 1213 1212 1207 1208 1214 1207 1214 1213 1208 1209 1215 1208 1215 1214 1209 1210 1216 1209 1216 1215 1210 1211 1217 1210 1217 1216 1211 1206 1212 1211 1212 1217 1212 1213 1218 1213 1219 1218 1213 1214 1219 1214 1220 1219 1214 1215 1220 1215 1221 1220 1215 1216 1221 1216 1222 1221 1216 1217 1222 1217 1223 1222 1217 1212 1223 1212 1218 1223 1218 1219 1225 1218 1225 1224 1219 1220 1226 1219 1226 1225 1220 1221 1227 1220 1227 1226 1221 1222 1228 1221 1228 1227 1222 1223 1229 1222 1229 1228 1223 1218 1224 1223 1224 1229 1224 1225 1230 1225 1231 1230 1225 1226 1231 1226 1232 1231 1226 1227 1232 1227 1233 1232 1227 1228 1233 1228 1234 1233 1228 1229 1234 1229 1235 1234 1229 1224 1235 1224 1230 1235 1230 1231 1237 1230 1237 1236 1231 1232 1238 1231 1238 1237 1232 1233 1239 1232 1239 1238 1233 1234 1240 1233 1240 1239 1234 1235 1241 1234 1241 1240 1235 1230 1236 1235 1236 1241 1236 1237 1242 1237 1243 1242 1237 1238 1243 1238 1244 1243 1238 1239 1244 1239 1245 1244 1239 1240 1245 1240 1246 1245 1240 1241 1246 1241 1247 1246 1241 1236 1247 1236 1242 1247 1242 1243 1249 1242 1249 1248 1243 1244 1250 1243 1250 1249 1244 1245 1251 1244 1251 1250 1245 1246 1252 1245 1252 1251 1246 1247 1253 1246 1253 1252 1247 1242 1248 1247 1248 1253 1248 1249 1254 1249 1255 1254 1249 1250 1255 1250 1256 1255 1250 1251 1256 1251 1257 1256 1251 1252 1257 1252 1258 1257 1252 1253 1258 1253 1259 1258 1253 1248 1259 1248 1254 1259 1254 1255 1261 1254 1261 1260 1255 1256 1262 1255 1262 1261 1256 1257 1263 1256 1263 1262 1257 1258 1264 1257 1264 1263 1258 1259 1265 1258 1265 1264 1259 1254 1260 1259 1260 1265 1260 1261 1266 1261 1267 1266 1261 1262 1267 1262 1268 1267 1262 1263 1268 1263 1269 1268 1263 1264 1269 1264 1270 1269 1264 1265 1270 1265 1271 1270 1265 1260 1271 1260 1266 1271 1266 1267 1273 1266 1273 1272 1267 1268 1274 1267 1274 1273 1268 1269 1275 1268 1275 1274 1269 1270 1276 1269 1276 1275 1270 1271 1277 1270 1277 1276 1271 1266 1272 1271 1272 1277 1272 1273 1278 1273 1279 1278 1273 1274 1279 1274 1280 1279 1274 1275 1280 1275 1281 1280 1275 1276 1281 1276 1282 1281 1276 1277 1282 1277 1283 1282 1277 1272 1283 1272 1278 1283 1278 1279 1285 1278 1285 1284 1279 1280 1286 1279 1286 1285 1280 1281 1287 1280 1287 1286 1281 1282 1288 1281 1288 1287 1282 1283 1289 1282 1289 1288 1283 1278 1284 1283 1284 1289 1284 1285 1290 1285 1291 1290 1285 1286 1291 1286 1292 1291 1286 1287 1292 1287 1293 1292 1287 1288 1293 1288 1294 1293 1288 1289 1294 1289 1295 1294 1289 1284 1295 1284 1290 1295 1290 1291 1297 1290 1297 1296 1291 1292 1298 1291 1298 1297 1292 1293 1299 1292 1299 1298 1293 1294 1300 1293 1300 1299 1294 1295 1301 1294 1301 1300 1295 1290 1296 1295 1296 1301 1296 1297 1302 1297 1303 1302 1297 1298 1303 1298 1304 1303 1298 1299 1304 1299 1305 1304 1299 1300 1305 1300 1306 1305 1300 1301 1306 1301 1307 1306 1301 1296 1307 1296 1302 1307 1302 1303 1309 1302 1309 1308 1303 1304 1310 1303 1310 1309 1304 1305 1311 1304 1311 1310 1305 1306 1312 1305 1312 1311 1306 1307 1313 1306 1313 1312 1307 1302 1308 1307 1308 1313 1308 1309 1314 1309 1315 1314 1309 1310 1315 1310 1316 1315 1310 1311 1316 1311 1317 1316 1311 1312 1317 1312 1318 1317 1312 1313 1318 1313 1319 1318 1313 1308 1319 1308 1314 1319 1314 1315 1321 1314 1321 1320 1315 1316 1322 1315 1322 1321 1316 1317 1323 1316 1323 1322 1317 1318 1324 1317 1324 1323 1318 1319 1325 1318 1325 1324 1319 1314 1320 1319 1320 1325 1326 1328 1327 1326 1329 1328 1326 1330 1329 1326 1331 1330 1326 1332 1331 1326 1327 1332 1333 1334 1335 1333 1335 1336 1333 1336 1337 1333 1337 1338 1333 1338 1339 1333 1339 1334" solid="false" colorPerVertex="false">
     <Coordinate point="-1 0 -0.01 -1 0.00866025 -0.005 -1 0.00866025 0.005 -1 1.22465e-18 0.01 -1 -0.00866025 0.005 -1 -0.00866025 -0.005 -0.990909 0.005 -0.00866025 -0.990909 0.01 -6.12323e-19 -0.990909 0.005 0.00866025 -0.990909 -0.005 0.00866025 -0.990909 -0.01 1.83697e-18 -0.990909 -0.005 -0.00866025 -0.981818 0 -0.01 -0.981818 0.00866025 -0.005 -0.981818 0.00866025 0.005 -0.981818 1.22465e-18 0.01 -0.981818 -0.00866025 0.005 -0.981818 -0.00866025 -0.005 -0.972727 0.005 -0.00866025 -0.972727 0.01 -6.12323e-19 -0.972727 0.005 0.00866025 -0.972727 -0.005 0.00866025 -0.972727 -0.01 1.83697e-18 -0.972727 -0.005 -0.00866025 -0.963636 0 -0.01 -0.963636 0.00866025 -0.005 -0.963636 0.00866025 0.005 -0.963636 1.22465e-18 0.01 -0.963636 -0.00866025 0.005 -0.963636 -0.00866025 -0.005 -0.954545 0.005 -0.00866025 -0.954545 0.01 -6.12323e-19 -0.954545 0.005 0.00866025 -0.954545 -0.005 0.00866025 -0.954545 -0.01 1.83697e-18 -0.954545 -0.005 -0.00866025 -0.945455 0 -0.01 -0.945455 0.00866025 -0.005 -0.945455 0.00866025 0.005 -0.945455 1.22465e-18 0.01 -0.945455 -0.00866025 0.005 -0.945455 -0.00866025 -0.005 -0.936364 0.005 -0.00866025 -0.936364 0.01 -6.12323e-19 -0.936364 0.005 0.00866025 -0.936364 -0.005 0.00866025 -0.936364 -0.01 1.83697e-18 -0.936364 -0.005 -0.00866025 -0.927273 0 -0.01 -0.927273 0.00866025 -0.005 -0.927273 0.00866025 0.005 -0.927273 1.22465e-18 0.01 -0.927273 -0.00866025 0.005 -0.927273 -0.00866025 -0.005 -0.918182 0.005 -0.00866025 -0.918182 0.01 -6.12323e-19 -0.918182 0.005 0.00866025 -0.918182 -0.005 0.00866025 -0.918182 -0.01 1.83697e-18 -0.918182 -0.005 -0.00866025 -0.909091 0 -0.01 -0.909091 0.00866025 -0.005 -0.909091 0.00866025 0.005 -0.909091 1.22465e-18 0.01 -0.909091 -0.00866025 0.005 -0.909091 -0.00866025 -0.005 -0.9 0.005 -0.00866025 -0.9 0.01 -6.12323e-19 -0.9 0.005 0.00866025 -0.9 -0.005 0.00866025 -0.9 -0.01 1.83697e-18 -0.9 -0.005 -0.00866025 -0.890909 0 -0.01 -0.890909 0.00866025 -0.005 -0.890909 0.00866025 0.005 -0.890909 1.22465e-18 0.01 -0.890909 -0.00866025 0.005 -0.890909 -0.00866025 -0.005 -0.881818 0.005 -0.00866025 -0.881818 0.01 -6.12323e-19 -0.881818 0.005 0.00866025 -0.881818 -0.005 0.00866025 -0.881818 -0.01 1.83697e-18 -0.881818 -0.005 -0.00866025 -0.872727 0 -0.01 -0.872727 0.00866025 -0.005 -0.872727 0.00866025 0.005 -0.872727 1.22465e-18 0.01 -0.872727 -0.00866025 0.005 -0.872727 -0.00866025 -0.005 -0.863636 0.005 -0.00866025 -0.863636 0.01 -6.12323e-19 -0.863636 0.005 0.00866025 -0.863636 -0.005 0.00866025 -0.863636 -0.01 1.83697e-18 -0.863636 -0.005 -0.00866025 -0.854545 0 -0.01 -0.854545 0.00866025 -0.005 -0.854545 0.00866025 0.005 -0.854545 1.22465e-18 0.01 -0.854545 -0.00866025 0.005 -0.854545 -0.00866025 -0.005 -0.845455 0.005 -0.00866025 -0.845455 0.01 -6.12323e-19 -0.845455 0.005 0.00866025 -0.845455 -0.005 0.00866025 -0.845455 -0.01 1.83697e-18 -0.845455 -0.005 -0.00866025 -0.836364 0 -0.01 -0.836364 0.00866025 -0.005 -0.836364 0.00866025 0.005 -0.836364 1.22465e-18 0.01 -0.836364 -0.00866025 0.005 -0.836364 -0.00866025 -0.005 -0.827273 0.005 -0.00866025 -0.827273 0.01 -6.12323e-19 -0.827273 0.005 0.00866025 -0.827273 -0.005 0.00866025 -0.827273 -0.01 1.83697e-18 -0.827273 -0.005 -0.00866025 -0.818182 0 -0.01 -0.818182 0.00866025 -0.005 -0.818182 0.00866025 0.005 -0.818182 1.22465e-18 0.01 -0.818182 -0.00866025 0.005 -0.818182 -0.00866025 -0.005 -0.809091 0.005 -0.00866025 -0.809091 0.01 -6.12323e-19 -0.809091 0.005 0.00866025 -0.809091 -0.005 0.00866025 -0.809091 -0.01 1.83697e-18 -0.809091 -0.005 -0.00866025 -0.8 0 -0.01 -0.8 0.00866025 -0.005 -0.8 0.00866025 0.005 -0.8 1.22465e-18 0.01 -0.8 -0.00866025 0.005 -0.8 -0.00866025 -0.005 -0.790909 0.005 -0.00866025 -0.790909 0.01 -6.12323e-19 -0.790909 0.005 0.00866025 -0.790909 -0.005 0.00866025 -0.790909 -0.01 1.83697e-18 -0.790909 -0.005 -0.00866025 -0.781818 0 -0.01 -0.781818 0.00866025 -0.005 -0.781818 0.00866025 0.005 -0.781818 1.22465e-18 0.01 -0.781818 -0.00866025 0.005 -0.781818 -0.00866025 -0.005 -0.772727 0.005 -0.00866025 -0.772727 0.01 -6.12323e-19 -0.772727 0.005 0.00866025 -0.772727 -0.005 0.00866025 -0.772727 -0.01 1.83697e-18 -0.772727 -0.005 -0.00866025 -0.763636 0 -0.01 -0.763636 0.00866025 -0.005 -0.763636 0.00866025 0.005 -0.763636 1.22465e-18 0.01 -0.763636 -0.00866025 0.005 -0.763636 -0.00866025 -0.005 -0.754545 0.005 -0.00866025 -0.754545 0.01 -6.12323e-19 -0.754545 0.005 0.00866025 -0.754545 -0.005 0.00866025 -0.754545 -0.01 1.83697e-18 -0.754545 -0.005 -0.00866025 -0.745455 0 -0.01 -0.745455 0.00866025 -0.005 -0.745455 0.00866025 0.005 -0.745455 1.22465e-18 0.01 -0.745455 -0.00866025 0.005 -0.745455 -0.00866025 -0.005 -0.736364 0.005 -0.00866025 -0.736364 0.01 -6.12323e-19 -0.736364 0.005 0.00866025 -0.736364 -0.005 0.00866025 -0.736364 -0.01 1.83697e-18 -0.736364 -0.005 -0.00866025 -0.727273 0 -0.01 -0.727273 0.00866025 -0.005 -0.727273 0.00866025 0.005 -0.727273 1.22465e-18 0.01 -0.727273 -0.00866025 0.005 -0.727273 -0.00866025 -0.005 -0.718182 0.005 -0.00866025 -0.718182 0.01 -6.12323e-19 -0.718182 0.005 0.00866025 -0.718182 -0.005 0.00866025 -0.718182 -0.01 1.83697e-18 -0.718182 -0.005 -0.00866025 -0.709091 0 -0.01 -0.709091 0.00866025 -0.005 -0.709091 0.00866025 0.005 -0.709091 1.22465e-18 0.01 -0.709091 -0.00866025 0.005 -0.709091 -0.00866025 -0.005 -0.7 0.005 -0.00866025 -0.7 0.01 -6.12323e-19 -0.7 0.005 0.00866025 -0.7 -0.005 0.00866025 -0.7 -0.01 1.83697e-18 -0.7 -0.005 -0.00866025 -0.690909 0 -0.01 -0.690909 0.00866025 -0.005 -0.690909 0.00866025 0.005 -0.690909 1.22465e-18 0.01 -0.690909 -0.00866025 0.005 -0.690909 -0.00866025 -0.005 -0.681818 0.005 -0.00866025 -0.681818 0.01 -6.12323e-19 -0.681818 0.005 0.00866025 -0.681818 -0.005 0.00866025 -0.681818 -0.01 1.83697e-18 -0.681818 -0.005 -0.00866025 -0.672727 0 -0.01 -0.672727 0.00866025 -0.005 -0.672727 0.00866025 0.005 -0.672727 1.22465e-18 0.01 -0.672727 -0.00866025 0.005 -0.672727 -0.00866025 -0.005 -0.663636 0.005 -0.00866025 -0.663636 0.01 -6.12323e-19 -0.663636 0.005 0.00866025 -0.663636 -0.005 0.00866025 -0.663636 -0.01 1.83697e-18 -0.663636 -0.005 -0.00866025 -0.654545 0 -0.01 -0.654545 0.00866025 -0.005 -0.654545 0.00866025 0.005 -0.654545 1.22465e-18 0.01 -0.654545 -0.00866025 0.005 -0.654545 -0.00866025 -0.005 -0.645455 0.005 -0.00866025 -0.645455 0.01 -6.12323e-19 -0.645455 0.005 0.00866025 -0.645455 -0.005 0.00866025 -0.645455 -0.01 1.83697e-18 -0.645455 -0.005 -0.00866025 -0.636364 0 -0.01 -0.636364 0.00866025 -0.005 -0.636364 0.00866025 0.005 -0.636364 1.22465e-18 0.01 -0.636364 -0.00866025 0.005 -0.636364 -0.00866025 -0.005 -0.627273 0.005 -0.00866025 -0.627273 0.01 -6.12323e-19 -0.627273 0.005 0.00866025 -0.627273 -0.005 0.00866025 -0.627273 -0.01 1.83697e-18 -0.627273 -0.005 -0.00866025 -0.618182 0 -0.01 -0.618182 0.00866025 -0.005 -0.618182 0.00866025 0.005 -0.618182 1.22465e-18 0.01 -0.618182 -0.00866025 0.005 -0.618182 -0.00866025 -0.005 -0.609091 0.005 -0.00866025 -0.609091 0.01 -6.12323e-19 -0.609091 0.005 0.00866025 -0.609091 -0.005 0.00866025 -0.609091 -0.01 1.83697e-18 -0.609091 -0.005 -0.00866025 -0.6 0 -0.01 -0.6 0.00866025 -0.005 -0.6 0.00866025 0.005 -0.6 1.22465e-18 0.01 -0.6 -0.00866025 0.005 -0.6 -0.00866025 -0.005 -0.590909 0.005 -0.00866025 -0.590909 0.01 -6.12323e-19 -0.590909 0.005 0.00866025 -0.590909 -0.005 0.00866025 -0.590909 -0.01 1.83697e-18 -0.590909 -0.005 -0.00866025 -0.581818 0 -0.01 -0.581818 0.00866025 -0.005 -0.581818 0.00866025 0.005 -0.581818 1.22465e-18 0.01 -0.581818 -0.00866025 0.005 -0.581818 -0.00866025 -0.005 -0.572727 0.005 -0.00866025 -0.572727 0.01 -6.12323e-19 -0.572727 0.005 0.00866025 -0.572727 -0.005 0.00866025 -0.572727 -0.01 1.83697e-18 -0.572727 -0.005 -0.00866025 -0.563636 0 -0.01 -0.563636 0.00866025 -0.005 -0.563636 0.00866025 0.005 -0.563636 1.22465e-18 0.01 -0.563636 -0.00866025 0.005 -0.563636 -0.00866025 -0.005 -0.554545 0.005 -0.00866025 -0.554545 0.01 -6.12323e-19 -0.554545 0.005 0.00866025 -0.554545 -0.005 0.00866025 -0.554545 -0.01 1.83697e-18 -0.554545 -0.005 -0.00866025 -0.545455 0 -0.01 -0.545455 0.00866025 -0.005 -0.545455 0.00866025 0.005 -0.545455 1.22465e-18 0.01 -0.545455 -0.00866025 0.005 -0.545455 -0.00866025 -0.005 -0.536364 0.005 -0.00866025 -0.536364 0.01 -6.12323e-19 -0.536364 0.005 0.00866025 -0.536364 -0.005 0.00866025 -0.536364 -0.01 1.83697e-18 -0.536364 -0.005 -0.00866025 -0.527273 0 -0.01 -0.527273 0.00866025 -0.005 -0.527273 0.00866025 0.005 -0.527273 1.22465e-18 0.01 -0.527273 -0.00866025 0.005 -0.527273 -0.00866025 -0.005 -0.518182 0.005 -0.00866025 -0.518182 0.01 -6.12323e-19 -0.518182 0.005 0.00866025 -0.518182 -0.005 0.00866025 -0.518182 -0.01 1.83697e-18 -0.518182 -0.005 -0.00866025 -0.509091 0 -0.01 -0.509091 0.00866025 -0.005 -0.509091 0.00866025 0.005 -0.509091 1.22465e-18 0.01 -0.509091 -0.00866025 0.005 -0.509091 -0.00866025 -0.005 -0.5 0.005 -0.00866025 -0.5 0.01 -6.12323e-19 -0.5 0.005 0.00866025 -0.5 -0.005 0.00866025 -0.5 -0.01 1.83697e-18 -0.5 -0.005 -0.00866025 -0.490909 0 -0.01 -0.490909 0.00866025 -0.005 -0.490909 0.00866025 0.005 -0.490909 1.22465e-18 0.01 -0.490909 -0.00866025 0.005 -0.490909 -0.00866025 -0.005 -0.481818 0.005 -0.00866025 -0.481818 0.01 -6.12323e-19 -0.481818 0.005 0.00866025 -0.481818 -0.005 0.00866025 -0.481818 -0.01 1.83697e-18 -0.481818 -0.005 -0.00866025 -0.472727 0 -0.01 -0.472727 0.00866025 -0.005 -0.472727 0.00866025 0.005 -0.472727 1.22465e-18 0.01 -0.472727 -0.00866025 0.005 -0.472727 -0.00866025 -0.005 -0.463636 0.005 -0.00866025 -0.463636 0.01 -6.12323e-19 -0.463636 0.005 0.00866025 -0.463636 -0.005 0.00866025 -0.463636 -0.01 1.83697e-18 -0.463636 -0.005 -0.00866025 -0.454545 0 -0.01 -0.454545 0.00866025 -0.005 -0.454545 0.00866025 0.005 -0.454545 1.22465e-18 0.01 -0.454545 -0.00866025 0.005 -0.454545 -0.00866025 -0.005 -0.445455 0.005 -0.00866025 -0.445455 0.01 -6.12323e-19 -0.445455 0.005 0.00866025 -0.445455 -0.005 0.00866025 -0.445455 -0.01 1.83697e-18 -0.445455 -0.005 -0.00866025 -0.436364 0 -0.01 -0.436364 0.00866025 -0.005 -0.436364 0.00866025 0.005 -0.436364 1.22465e-18 0.01 -0.436364 -0.00866025 0.005 -0.436364 -0.00866025 -0.005 -0.427273 0.005 -0.00866025 -0.427273 0.01 -6.12323e-19 -0.427273 0.005 0.00866025 -0.427273 -0.005 0.00866025 -0.427273 -0.01 1.83697e-18 -0.427273 -0.005 -0.00866025 -0.418182 0 -0.01 -0.418182 0.00866025 -0.005 -0.418182 0.00866025 0.005 -0.418182 1.22465e-18 0.01 -0.418182 -0.00866025 0.005 -0.418182 -0.00866025 -0.005 -0.409091 0.005 -0.00866025 -0.409091 0.01 -6.12323e-19 -0.409091 0.005 0.00866025 -0.409091 -0.005 0.00866025 -0.409091 -0.01 1.83697e-18 -0.409091 -0.005 -0.00866025 -0.4 0 -0.01 -0.4 0.00866025 -0.005 -0.4 0.00866025 0.005 -0.4 1.22465e-18 0.01 -0.4 -0.00866025 0.005 -0.4 -0.00866025 -0.005 -0.390909 0.005 -0.00866025 -0.390909 0.01 -6.12323e-19 -0.390909 0.005 0.00866025 -0.390909 -0.005 0.00866025 -0.390909 -0.01 1.83697e-18 -0.390909 -0.005 -0.00866025 -0.381818 0 -0.01 -0.381818 0.00866025 -0.005 -0.381818 0.00866025 0.005 -0.381818 1.22465e-18 0.01 -0.381818 -0.00866025 0.005 -0.381818 -0.00866025 -0.005 -0.372727 0.005 -0.00866025 -0.372727 0.01 -6.12323e-19 -0.372727 0.005 0.00866025 -0.372727 -0.005 0.00866025 -0.372727 -0.01 1.83697e-18 -0.372727 -0.005 -0.00866025 -0.363636 0 -0.01 -0.363636 0.00866025 -0.005 -0.363636 0.00866025 0.005 -0.363636 1.22465e-18 0.01 -0.363636 -0.00866025 0.005 -0.363636 -0.00866025 -0.005 -0.354545 0.005 -0.00866025 -0.354545 0.01 -6.12323e-19 -0.354545 0.005 0.00866025 -0.354545 -0.005 0.00866025 -0.354545 -0.01 1.83697e-18 -0.354545 -0.005 -0.00866025 -0.345455 0 -0.01 -0.345455 0.00866025 -0.005 -0.345455 0.00866025 0.005 -0.345455 1.22465e-18 0.01 -0.345455 -0.00866025 0.005 -0.345455 -0.00866025 -0.005 -0.336364 0.005 -0.00866025 -0.336364 0.01 -6.12323e-19 -0.336364 0.005 0.00866025 -0.336364 -0.005 0.00866025 -0.336364 -0.01 1.83697e-18 -0.336364 -0.005 -0.00866025 -0.327273 0 -0.01 -0.327273 0.00866025 -0.005 -0.327273 0.00866025 0.005 -0.327273 1.22465e-18 0.01 -0.327273 -0.00866025 0.005 -0.327273 -0.00866025 -0.005 -0.318182 0.005 -0.00866025 -0.318182 0.01 -6.12323e-19 -0.318182 0.005 0.00866025 -0.318182 -0.005 0.00866025 -0.318182 -0.01 1.83697e-18 -0.318182 -0.005 -0.00866025 -0.309091 0 -0.01 -0.309091 0.00866025 -0.005 -0.309091 0.00866025 0.005 -0.309091 1.22465e-18 0.01 -0.309091 -0.00866025 0.005 -0.309091 -0.00866025 -0.005 -0.3 0.005 -0.00866025 -0.3 0.01 -6.12323e-19 -0.3 0.005 0.00866025 -0.3 -0.005 0.00866025 -0.3 -0.01 1.83697e-18 -0.3 -0.005 -0.00866025 -0.290909 0 -0.01 -0.290909 0.00866025 -0.005 -0.290909 0.00866025 0.005 -0.290909 1.22465e-18 0.01 -0.290909 -0.00866025 0.005 -0.290909 -0.00866025 -0.005 -0.281818 0.005 -0.00866025 -0.281818 0.01 -6.12323e-19 -0.281818 0.005 0.00866025 -0.281818 -0.005 0.00866025 -0.281818 -0.01 1.83697e-18 -0.281818 -0.005 -0.00866025 -0.272727 0 -0.01 -0.272727 0.00866025 -0.005 -0.272727 0.00866025 0.005 -0.272727 1.22465e-18 0.01 -0.272727 -0.00866025 0.005 -0.272727 -0.00866025 -0.005 -0.263636 0.005 -0.00866025 -0.263636 0.01 -6.12323e-19 -0.263636 0.005 0.00866025 -0.263636 -0.005 0.00866025 -0.263636 -0.01 1.83697e-18 -0.263636 -0.005 -0.00866025 -0.254545 0 -0.01 -0.254545 0.00866025 -0.005 -0.254545 0.00866025 0.005 -0.254545 1.22465e-18 0.01 -0.254545 -0.00866025 0.005 -0.254545 -0.00866025 -0.005 -0.245455 0.005 -0.00866025 -0.245455 0.01 -6.12323e-19 -0.245455 0.005 0.00866025 -0.245455 -0.005 0.00866025 -0.245455 -0.01 1.83697e-18 -0.245455 -0.005 -0.00866025 -0.236364 0 -0.01 -0.236364 0.00866025 -0.005 -0.236364 0.00866025 0.005 -0.236364 1.22465e-18 0.01 -0.236364 -0.00866025 0.005 -0.236364 -0.00866025 -0.005 -0.227273 0.005 -0.00866025 -0.227273 0.01 -6.12323e-19 -0.227273 0.005 0.00866025 -0.227273 -0.005 0.00866025 -0.227273 -0.01 1.83697e-18 -0.227273 -0.005 -0.00866025 -0.218182 0 -0.01 -0.218182 0.00866025 -0.005 -0.218182 0.00866025 0.005 -0.218182 1.22465e-18 0.01 -0.218182 -0.00866025 0.005 -0.218182 -0.00866025 -0.005 -0.209091 0.005 -0.00866025 -0.209091 0.01 -6.12323e-19 -0.209091 0.005 0.00866025 -0.209091 -0.005 0.00866025 -0.209091 -0.01 1.83697e-18 -0.209091 -0.005 -0.00866025 -0.2 0 -0.01 -0.2 0.00866025 -0.005 -0.2 0.00866025 0.005 -0.2 1.22465e-18 0.01 -0.2 -0.00866025 0.005 -0.2 -0.00866025 -0.005 -0.190909 0.005 -0.00866025 -0.190909 0.01 -6.12323e-19 -0.190909 0.005 0.00866025 -0.190909 -0.005 0.00866025 -0.190909 -0.01 1.83697e-18 -0.190909 -0.005 -0.00866025 -0.181818 0 -0.01 -0.181818 0.00866025 -0.005 -0.181818 0.00866025 0.005 -0.181818 1.22465e-18 0.01 -0.181818 -0.00866025 0.005 -0.181818 -0.00866025 -0.005 -0.172727 0.005 -0.00866025 -0.172727 0.01 -6.12323e-19 -0.172727 0.005 0.00866025 -0.172727 -0.005 0.00866025 -0.172727 -0.01 1.83697e-18 -0.172727 -0.005 -0.00866025 -0.163636 0 -0.01 -0.163636 0.00866025 -0.005 -0.163636 0.00866025 0.005 -0.163636 1.22465e-18 0.01 -0.163636 -0.00866025 0.005 -0.163636 -0.00866025 -0.005 -0.154545 0.005 -0.00866025 -0.154545 0.01 -6.12323e-19 -0.154545 0.005 0.00866025 -0.154545 -0.005 0.00866025 -0.154545 -0.01 1.83697e-18 -0.154545 -0.005 -0.00866025 -0.145455 0 -0.01 -0.145455 0.00866025 -0.005 -0.145455 0.00866025 0.005 -0.145455 1.22465e-18 0.01 -0.145455 -0.00866025 0.005 -0.145455 -0.00866025 -0.005 -0.136364 0.005 -0.00866025 -0.136364 0.01 -6.12323e-19 -0.136364 0.005 0.00866025 -0.136364 -0.005 0.00866025 -0.136364 -0.01 1.83697e-18 -0.136364 -0.005 -0.00866025 -0.127273 0 -0.01 -0.127273 0.00866025 -0.005 -0.127273 0.00866025 0.005 -0.127273 1.22465e-18 0.01 -0.127273 -0.00866025 0.005 -0.127273 -0.00866025 -0.005 -0.118182 0.005 -0.00866025 -0.118182 0.01 -6.12323e-19 -0.118182 0.005 0.00866025 -0.118182 -0.005 0.00866025 -0.118182 -0.01 1.83697e-18 -0.118182 -0.005 -0.00866025 -0.109091 0 -0.01 -0.109091 0.00866025 -0.005 -0.109091 0.00866025 0.005 -0.109091 1.22465e-18 0.01 -0.109091 -0.00866025 0.005 -0.109091 -0.00866025 -0.005 -0.1 0.005 -0.00866025 -0.1 0.01 -6.12323e-19 -0.1 0.005 0.00866025 -0.1 -0.005 0.00866025 -0.1 -0.01 1.83697e-18 -0.1 -0.005 -0.00866025 -0.0909091 0 -0.01 -0.0909091 0.00866025 -0.005 -0.0909091 0.00866025 0.005 -0.0909091 1.22465e-18 0.01 -0.0909091 -0.00866025 0.005 -0.0909091 -0.00866025 -0.005 -0.0818182 0.005 -0.00866025 -0.0818182 0.01 -6.12323e-19 -0.0818182 0.005 0.00866025 -0.0818182 -0.005 0.00866025 -0.0818182 -0.01 1.83697e-18 -0.0818182 -0.005 -0.00866025 -0.0727273 0 -0.01 -0.0727273 0.00866025 -0.005 -0.0727273 0.00866025 0.005 -0.0727273 1.22465e-18 0.01 -0.0727273 -0.00866025 0.005 -0.0727273 -0.00866025 -0.005 -0.0636364 0.005 -0.00866025 -0.0636364 0.01 -6.12323e-19 -0.0636364 0.005 0.00866025 -0.0636364 -0.005 0.00866025 -0.0636364 -0.01 1.83697e-18 -0.0636364 -0.005 -0.00866025 -0.0545455 0 -0.01 -0.0545455 0.00866025 -0.005 -0.0545455 0.00866025 0.005 -0.0545455 1.22465e-18 0.01 -0.0545455 -0.00866025 0.005 -0.0545455 -0.00866025 -0.005 -0.0454545 0.005 -0.00866025 -0.0454545 0.01 -6.12323e-19 -0.0454545 0.005 0.00866025 -0.0454545 -0.005 0.00866025 -0.0454545 -0.01 1.83697e-18 -0.0454545 -0.005 -0.00866025 -0.0363636 0 -0.01 -0.0363636 0.00866025 -0.005 -0.0363636 0.00866025 0.005 -0.0363636 1.22465e-18 0.01 -0.0363636 -0.00866025 0.005 -0.0363636 -0.00866025 -0.005 -0.0272727 0.005 -0.00866025 -0.0272727 0.01 -6.12323e-19 -0.0272727 0.005 0.00866025 -0.0272727 -0.005 0.00866025 -0.0272727 -0.01 1.83697e-18 -0.0272727 -0.005 -0.00866025 -0.0181818 0 -0.01 -0.0181818 0.00866025 -0.005 -0.0181818 0.00866025 0.005 -0.0181818 1.22465e-18 0.01 -0.0181818 -0.00866025 0.005 -0.0181818 -0.00866025 -0.005 -0.00909091 0.005 -0.00866025 -0.00909091 0.01 -6.12323e-19 -0.00909091 0.005 0.00866025 -0.00909091 -0.005 0.00866025 -0.00909091 -0.01 1.83697e-18 -0.00909091 -0.005 -0.00866025 0 0 -0.01 0 0.00866025 -0.005 0 0.00866025 0.005 0 1.22465e-18 0.01 0 -0.00866025 0.005 0 -0.00866025 -0.005 0.00909091 0.005 -0.00866025 0.00909091 0.01 -6.12323e-19 0.00909091 0.005 0.00866025 0.00909091 -0.005 0.00866025 0.00909091 -0.01 1.83697e-18 0.00909091 -0.005 -0.00866025 0.0181818 0 -0.01 0.0181818 0.00866025 -0.005 0.0181818 0.00866025 0.005 0.0181818 1.22465e-18 0.01 0.0181818 -0.00866025 0.005 0.0181818 -0.00866025 -0.005 0.0272727 0.005 -0.00866025 0.0272727 0.01 -6.12323e-19 0.0272727 0.005 0.00866025 0.0272727 -0.005 0.00866025 0.0272727 -0.01 1.83697e-18 0.0272727 -0.005 -0.00866025 0.0363636 0 -0.01 0.0363636 0.00866025 -0.005 0.0363636 0.00866025 0.005 0.0363636 1.22465e-18 0.01 0.0363636 -0.00866025 0.005 0.0363636 -0.00866025 -0.005 0.0454545 0.005 -0.00866025 0.0454545 0.01 -6.12323e-19 0.0454545 0.005 0.00866025 0.0454545 -0.005 0.00866025 0.0454545 -0.01 1.83697e-18 0.0454545 -0.005 -0.00866025 0.0545455 0 -0.01 0.0545455 0.00866025 -0.005 0.0545455 0.00866025 0.005 0.0545455 1.22465e-18 0.01 0.0545455 -0.00866025 0.005 0.0545455 -0.00866025 -0.005 0.0636364 0.005 -0.00866025 0.0636364 0.01 -6.12323e-19 0.0636364 0.005 0.00866025 0.0636364 -0.005 0.00866025 0.0636364 -0.01 1.83697e-18 0.0636364 -0.005 -0.00866025 0.0727273 0 -0.01 0.0727273 0.00866025 -0.005 0.0727273 0.00866025 0.005 0.0727273 1.22465e-18 0.01 0.0727273 -0.00866025 0.005 0.0727273 -0.00866025 -0.005 0.0818182 0.005 -0.00866025 0.0818182 0.01 -6.12323e-19 0.0818182 0.005 0.00866025 0.0818182 -0.005 0.00866025 0.0818182 -0.01 1.83697e-18 0.0818182 -0.005 -0.00866025 0.0909091 0 -0.01 0.0909091 0.00866025 -0.005 0.0909091 0.00866025 0.005 0.0909091 1.22465e-18 0.01 0.0909091 -0.00866025 0.005 0.0909091 -0.00866025 -0.005 0.1 0.005 -0.00866025 0.1 0.01 -6.12323e-19 0.1 0.005 0.00866025 0.1 -0.005 0.00866025 0.1 -0.01 1.83697e-18 0.1 -0.005 -0.00866025 0.109091 0 -0.01 0.109091 0.00866025 -0.005 0.109091 0.00866025 0.005 0.109091 1.22465e-18 0.01 0.109091 -0.00866025 0.005 0.109091 -0.00866025 -0.005 0.118182 0.005 -0.00866025 0.118182 0.01 -6.12323e-19 0.118182 0.005 0.00866025 0.118182 -0.005 0.00866025 0.118182 -0.01 1.83697e-18 0.118182 -0.005 -0.00866025 0.127273 0 -0.01 0.127273 0.00866025 -0.005 0.127273 0.00866025 0.005 0.127273 1.22465e-18 0.01 0.127273 -0.00866025 0.005 0.127273 -0.00866025 -0.005 0.136364 0.005 -0.00866025 0.136364 0.01 -6.12323e-19 0.136364 0.005 0.00866025 0.136364 -0.005 0.00866025 0.136364 -0.01 1.83697e-18 0.136364 -0.005 -0.00866025 0.145455 0 -0.01 0.145455 0.00866025 -0.005 0.145455 0.00866025 0.005 0.145455 1.22465e-18 0.01 0.145455 -0.00866025 0.005 0.145455 -0.00866025 -0.005 0.154545 0.005 -0.00866025 0.154545 0.01 -6.12323e-19 0.154545 0.005 0.00866025 0.154545 -0.005 0.00866025 0.154545 -0.01 1.83697e-18 0.154545 -0.005 -0.00866025 0.163636 0 -0.01 0.163636 0.00866025 -0.005 0.163636 0.00866025 0.005 0.163636 1.22465e-18 0.01 0.163636 -0.00866025 0.005 0.163636 -0.00866025 -0.005 0.172727 0.005 -0.00866025 0.172727 0.01 -6.12323e-19 0.172727 0.005 0.00866025 0.172727 -0.005 0.00866025 0.172727 -0.01 1.83697e-18 0.172727 -0.005 -0.00866025 0.181818 0 -0.01 0.181818 0.00866025 -0.005 0.181818 0.00866025 0.005 0.181818 1.22465e-18 0.01 0.181818 -0.00866025 0.005 0.181818 -0.00866025 -0.005 0.190909 0.005 -0.00866025 0.190909 0.01 -6.12323e-19 0.190909 0.005 0.00866025 0.190909 -0.005 0.00866025 0.190909 -0.01 1.83697e-18 0.190909 -0.005 -0.00866025 0.2 0 -0.01 0.2 0.00866025 -0.005 0.2 0.00866025 0.005 0.2 1.22465e-18 0.01 0.2 -0.00866025 0.005 0.2 -0.00866025 -0.005 0.209091 0.005 -0.00866025 0.209091 0.01 -6.12323e-19 0.209091 0.005 0.00866025 0.209091 -0.005 0.00866025 0.209091 -0.01 1.83697e-18 0.209091 -0.005 -0.00866025 0.218182 0 -0.01 0.218182 0.00866025 -0.005 0.218182 0.00866025 0.005 0.218182 1.22465e-18 0.01 0.218182 -0.00866025 0.005 0.218182 -0.00866025 -0.005 0.227273 0.005 -0.00866025 0.227273 0.01 -6.12323e-19 0.227273 0.005 0.00866025 0.227273 -0.005 0.00866025 0.227273 -0.01 1.83697e-18 0.227273 -0.005 -0.00866025 0.236364 0 -0.01 0.236364 0.00866025 -0.005 0.236364 0.00866025 0.005 0.236364 1.22465e-18 0.01 0.236364 -0.00866025 0.005 0.236364 -0.00866025 -0.005 0.245455 0.005 -0.00866025 0.245455 0.01 -6.12323e-19 0.245455 0.005 0.00866025 0.245455 -0.005 0.00866025 0.245455 -0.01 1.83697e-18 0.245455 -0.005 -0.00866025 0.254545 0 -0.01 0.254545 0.00866025 -0.005 0.254545 0.00866025 0.005 0.254545 1.22465e-18 0.01 0.254545 -0.00866025 0.005 0.254545 -0.00866025 -0.005 0.263636 0.005 -0.00866025 0.263636 0.01 -6.12323e-19 0.263636 0.005 0.00866025 0.263636 -0.005 0.00866025 0.263636 -0.01 1.83697e-18 0.263636 -0.005 -0.00866025 0.272727 0 -0.01 0.272727 0.00866025 -0.005 0.272727 0.00866025 0.005 0.272727 1.22465e-18 0.01 0.272727 -0.00866025 0.005 0.272727 -0.00866025 -0.005 0.281818 0.005 -0.00866025 0.281818 0.01 -6.12323e-19 0.281818 0.005 0.00866025 0.281818 -0.005 0.00866025 0.281818 -0.01 1.83697e-18 0.281818 -0.005 -0.00866025 0.290909 0 -0.01 0.290909 0.00866025 -0.005 0.290909 0.00866025 0.005 0.290909 1.22465e-18 0.01 0.290909 -0.00866025 0.005 0.290909 -0.00866025 -0.005 0.3 0.005 -0.00866025 0.3 0.01 -6.12323e-19 0.3 0.005 0.00866025 0.3 -0.005 0.00866025 0.3 -0.01 1.83697e-18 0.3 -0.005 -0.00866025 0.309091 0 -0.01 0.309091 0.00866025 -0.005 0.309091 0.00866025 0.005 0.309091 1.22465e-18 0.01 0.309091 -0.00866025 0.005 0.309091 -0.00866025 -0.005 0.318182 0.005 -0.00866025 0.318182 0.01 -6.12323e-19 0.318182 0.005 0.00866025 0.318182 -0.005 0.00866025 0.318182 -0.01 1.83697e-18 0.318182 -0.005 -0.00866025 0.327273 0 -0.01 0.327273 0.00866025 -0.005 0.327273 0.00866025 0.005 0.327273 1.22465e-18 0.01 0.327273 -0.00866025 0.005 0.327273 -0.00866025 -0.005 0.336364 0.005 -0.00866025 0.336364 0.01 -6.12323e-19 0.336364 0.005 0.00866025 0.336364 -0.005 0.00866025 0.336364 -0.01 1.83697e-18 0.336364 -0.005 -0.00866025 0.345455 0 -0.01 0.345455 0.00866025 -0.005 0.345455 0.00866025 0.005 0.345455 1.22465e-18 0.01 0.345455 -0.00866025 0.005 0.345455 -0.00866025 -0.005 0.354545 0.005 -0.00866025 0.354545 0.01 -6.12323e-19 0.354545 0.005 0.00866025 0.354545 -0.005 0.00866025 0.354545 -0.01 1.83697e-18 0.354545 -0.005 -0.00866025 0.363636 0 -0.01 0.363636 0.00866025 -0.005 0.363636 0.00866025 0.005 0.363636 1.22465e-18 0.01 0.363636 -0.00866025 0.005 0.363636 -0.00866025 -0.005 0.372727 0.005 -0.00866025 0.372727 0.01 -6.12323e-19 0.372727 0.005 0.00866025 0.372727 -0.005 0.00866025 0.372727 -0.01 1.83697e-18 0.372727 -0.005 -0.00866025 0.381818 0 -0.01 0.381818 0.00866025 -0.005 0.381818 0.00866025 0.005 0.381818 1.22465e-18 0.01 0.381818 -0.00866025 0.005 0.381818 -0.00866025 -0.005 0.390909 0.005 -0.00866025 0.390909 0.01 -6.12323e-19 0.390909 0.005 0.00866025 0.390909 -0.005 0.00866025 0.390909 -0.01 1.83697e-18 0.390909 -0.005 -0.00866025 0.4 0 -0.01 0.4 0.00866025 -0.005 0.4 0.00866025 0.005 0.4 1.22465e-18 0.01 0.4 -0.00866025 0.005 0.4 -0.00866025 -0.005 0.409091 0.005 -0.00866025 0.409091 0.01 -6.12323e-19 0.409091 0.005 0.00866025 0.409091 -0.005 0.00866025 0.409091 -0.01 1.83697e-18 0.409091 -0.005 -0.00866025 0.418182 0 -0.01 0.418182 0.00866025 -0.005 0.418182 0.00866025 0.005 0.418182 1.22465e-18 0.01 0.418182 -0.00866025 0.005 0.418182 -0.00866025 -0.005 0.427273 0.005 -0.00866025 0.427273 0.01 -6.12323e-19 0.427273 0.005 0.00866025 0.427273 -0.005 0.00866025 0.427273 -0.01 1.83697e-18 0.427273 -0.005 -0.00866025 0.436364 0 -0.01 0.436364 0.00866025 -0.005 0.436364 0.00866025 0.005 0.436364 1.22465e-18 0.01 0.436364 -0.00866025 0.005 0.436364 -0.00866025 -0.005 0.445455 0.005 -0.00866025 0.445455 0.01 -6.12323e-19 0.445455 0.005 0.00866025 0.445455 -0.005 0.00866025 0.445455 -0.01 1.83697e-18 0.445455 -0.005 -0.00866025 0.454545 0 -0.01 0.454545 0.00866025 -0.005 0.454545 0.00866025 0.005 0.454545 1.22465e-18 0.01 0.454545 -0.00866025 0.005 0.454545 -0.00866025 -0.005 0.463636 0.005 -0.00866025 0.463636 0.01 -6.12323e-19 0.463636 0.005 0.00866025 0.463636 -0.005 0.00866025 0.463636 -0.01 1.83697e-18 0.463636 -0.005 -0.00866025 0.472727 0 -0.01 0.472727 0.00866025 -0.005 0.472727 0.00866025 0.005 0.472727 1.22465e-18 0.01 0.472727 -0.00866025 0.005 0.472727 -0.00866025 -0.005 0.481818 0.005 -0.00866025 0.481818 0.01 -6.12323e-19 0.481818 0.005 0.00866025 0.481818 -0.005 0.00866025 0.481818 -0.01 1.83697e-18 0.481818 -0.005 -0.00866025 0.490909 0 -0.01 0.490909 0.00866025 -0.005 0.490909 0.00866025 0.005 0.490909 1.22465e-18 0.01 0.490909 -0.00866025 0.005 0.490909 -0.00866025 -0.005 0.5 0.005 -0.00866025 0.5 0.01 -6.12323e-19 0.5 0.005 0.00866025 0.5 -0.005 0.00866025 0.5 -0.01 1.83697e-18 0.5 -0.005 -0.00866025 0.509091 0 -0.01 0.509091 0.00866025 -0.005 0.509091 0.00866025 0.005 0.509091 1.22465e-18 0.01 0.509091 -0.00866025 0.005 0.509091 -0.00866025 -0.005 0.518182 0.005 -0.00866025 0.518182 0.01 -6.12323e-19 0.518182 0.005 0.00866025 0.518182 -0.005 0.00866025 0.518182 -0.01 1.83697e-18 0.518182 -0.005 -0.00866025 0.527273 0 -0.01 0.527273 0.00866025 -0.005 0.527273 0.00866025 0.005 0.527273 1.22465e-18 0.01 0.527273 -0.00866025 0.005 0.527273 -0.00866025 -0.005 0.536364 0.005 -0.00866025 0.536364 0.01 -6.12323e-19 0.536364 0.005 0.00866025 0.536364 -0.005 0.00866025 0.536364 -0.01 1.83697e-18 0.536364 -0.005 -0.00866025 0.545455 0 -0.01 0.545455 0.00866025 -0.005 0.545455 0.00866025 0.005 0.545455 1.22465e-18 0.01 0.545455 -0.00866025 0.005 0.545455 -0.00866025 -0.005 0.554545 0.005 -0.00866025 0.554545 0.01 -6.12323e-19 0.554545 0.005 0.00866025 0.554545 -0.005 0.00866025 0.554545 -0.01 1.83697e-18 0.554545 -0.005 -0.00866025 0.563636 0 -0.01 0.563636 0.00866025 -0.005 0.563636 0.00866025 0.005 0.563636 1.22465e-18 0.01 0.563636 -0.00866025 0.005 0.563636 -0.00866025 -0.005 0.572727 0.005 -0.00866025 0.572727 0.01 -6.12323e-19 0.572727 0.005 0.00866025 0.572727 -0.005 0.00866025 0.572727 -0.01 1.83697e-18 0.572727 -0.005 -0.00866025 0.581818 0 -0.01 0.581818 0.00866025 -0.005 0.581818 0.00866025 0.005 0.581818 1.22465e-18 0.01 0.581818 -0.00866025 0.005 0.581818 -0.00866025 -0.005 0.590909 0.005 -0.00866025 0.590909 0.01 -6.12323e-19 0.590909 0.005 0.00866025 0.590909 -0.005 0.00866025 0.590909 -0.01 1.83697e-18 0.590909 -0.005 -0.00866025 0.6 0 -0.01 0.6 0.00866025 -0.005 0.6 0.00866025 0.005 0.6 1.22465e-18 0.01 0.6 -0.00866025 0.005 0.6 -0.00866025 -0.005 0.609091 0.005 -0.00866025 0.609091 0.01 -6.12323e-19 0.609091 0.005 0.00866025 0.609091 -0.005 0.00866025 0.609091 -0.01 1.83697e-18 0.609091 -0.005 -0.00866025 0.618182 0 -0.01 0.618182 0.00866025 -0.005 0.618182 0.00866025 0.005 0.618182 1.22465e-18 0.01 0.618182 -0.00866025 0.005 0.618182 -0.00866025 -0.005 0.627273 0.005 -0.00866025 0.627273 0.01 -6.12323e-19 0.627273 0.005 0.00866025 0.627273 -0.005 0.00866025 0.627273 -0.01 1.83697e-18 0.627273 -0.005 -0.00866025 0.636364 0 -0.01 0.636364 0.00866025 -0.005 0.636364 0.00866025 0.005 0.636364 1.22465e-18 0.01 0.636364 -0.00866025 0.005 0.636364 -0.00866025 -0.005 0.645455 0.005 -0.00866025 0.645455 0.01 -6.12323e-19 0.645455 0.005 0.00866025 0.645455 -0.005 0.00866025 0.645455 -0.01 1.83697e-18 0.645455 -0.005 -0.00866025 0.654545 0 -0.01 0.654545 0.00866025 -0.005 0.654545 0.00866025 0.005 0.654545 1.22465e-18 0.01 0.654545 -0.00866025 0.005 0.654545 -0.00866025 -0.005 0.663636 0.005 -0.00866025 0.663636 0.01 -6.12323e-19 0.663636 0.005 0.00866025 0.663636 -0.005 0.00866025 0.663636 -0.01 1.83697e-18 0.663636 -0.005 -0.00866025 0.672727 0 -0.01 0.672727 0.00866025 -0.005 0.672727 0.00866025 0.005 0.672727 1.22465e-18 0.01 0.672727 -0.00866025 0.005 0.672727 -0.00866025 -0.005 0.681818 0.005 -0.00866025 0.681818 0.01 -6.12323e-19 0.681818 0.005 0.00866025 0.681818 -0.005 0.00866025 0.681818 -0.01 1.83697e-18 0.681818 -0.005 -0.00866025 0.690909 0 -0.01 0.690909 0.00866025 -0.005 0.690909 0.00866025 0.005 0.690909 1.22465e-18 0.01 0.690909 -0.00866025 0.005 0.690909 -0.00866025 -0.005 0.7 0.005 -0.00866025 0.7 0.01 -6.12323e-19 0.7 0.005 0.00866025 0.7 -0.005 0.00866025 0.7 -0.01 1.83697e-18 0.7 -0.005 -0.00866025 0.709091 0 -0.01 0.709091 0.00866025 -0.005 0.709091 0.00866025 0.005 0.709091 1.22465e-18 0.01 0.709091 -0.00866025 0.005 0.709091 -0.00866025 -0.005 0.718182 0.005 -0.00866025 0.718182 0.01 -6.12323e-19 0.718182 0.005 0.00866025 0.718182 -0.005 0.00866025 0.718182 -0.01 1.83697e-18 0.718182 -0.005 -0.00866025 0.727273 0 -0.01 0.727273 0.00866025 -0.005 0.727273 0.00866025 0.005 0.727273 1.22465e-18 0.01 0.727273 -0.00866025 0.005 0.727273 -0.00866025 -0.005 0.736364 0.005 -0.00866025 0.736364 0.01 -6.12323e-19 0.736364 0.005 0.00866025 0.736364 -0.005 0.00866025 0.736364 -0.01 1.83697e-18 0.736364 -0.005 -0.00866025 0.745455 0 -0.01 0.745455 0.00866025 -0.005 0.745455 0.00866025 0.005 0.745455 1.22465e-18 0.01 0.745455 -0.00866025 0.005 0.745455 -0.00866025 -0.005 0.754545 0.005 -0.00866025 0.754545 0.01 -6.12323e-19 0.754545 0.005 0.00866025 0.754545 -0.005 0.00866025 0.754545 -0.01 1.83697e-18 0.754545 -0.005 -0.00866025 0.763636 0 -0.01 0.763636 0.00866025 -0.005 0.763636 0.00866025 0.005 0.763636 1.22465e-18 0.01 0.763636 -0.00866025 0.005 0.763636 -0.00866025 -0.005 0.772727 0.005 -0.00866025 0.772727 0.01 -6.12323e-19 0.772727 0.005 0.00866025 0.772727 -0.005 0.00866025 0.772727 -0.01 1.83697e-18 0.772727 -0.005 -0.00866025 0.781818 0 -0.01 0.781818 0.00866025 -0.005 0.781818 0.00866025 0.005 0.781818 1.22465e-18 0.01 0.781818 -0.00866025 0.005 0.781818 -0.00866025 -0.005 0.790909 0.005 -0.00866025 0.790909 0.01 -6.12323e-19 0.790909 0.005 0.00866025 0.790909 -0.005 0.00866025 0.790909 -0.01 1.83697e-18 0.790909 -0.005 -0.00866025 0.8 0 -0.01 0.8 0.00866025 -0.005 0.8 0.00866025 0.005 0.8 1.22465e-18 0.01 0.8 -0.00866025 0.005 0.8 -0.00866025 -0.005 0.809091 0.005 -0.00866025 0.809091 0.01 -6.12323e-19 0.809091 0.005 0.00866025 0.809091 -0.005 0.00866025 0.809091 -0.01 1.83697e-18 0.809091 -0.005 -0.00866025 0.818182 0 -0.01 0.818182 0.00866025 -0.005 0.818182 0.00866025 0.005 0.818182 1.22465e-18 0.01 0.818182 -0.00866025 0.005 0.818182 -0.00866025 -0.005 0.827273 0.005 -0.00866025 0.827273 0.01 -6.12323e-19 0.827273 0.005 0.00866025 0.827273 -0.005 0.00866025 0.827273 -0.01 1.83697e-18 0.827273 -0.005 -0.00866025 0.836364 0 -0.01 0.836364 0.00866025 -0.005 0.836364 0.00866025 0.005 0.836364 1.22465e-18 0.01 0.836364 -0.00866025 0.005 0.836364 -0.00866025 -0.005 0.845455 0.005 -0.00866025 0.845455 0.01 -6.12323e-19 0.845455 0.005 0.00866025 0.845455 -0.005 0.00866025 0.845455 -0.01 1.83697e-18 0.845455 -0.005 -0.00866025 0.854545 0 -0.01 0.854545 0.00866025 -0.005 0.854545 0.00866025 0.005 0.854545 1.22465e-18 0.01 0.854545 -0.00866025 0.005 0.854545 -0.00866025 -0.005 0.863636 0.005 -0.00866025 0.863636 0.01 -6.12323e-19 0.863636 0.005 0.00866025 0.863636 -0.005 0.00866025 0.863636 -0.01 1.83697e-18 0.863636 -0.005 -0.00866025 0.872727 0 -0.01 0.872727 0.00866025 -0.005 0.872727 0.00866025 0.005 0.872727 1.22465e-18 0.01 0.872727 -0.00866025 0.005 0.872727 -0.00866025 -0.005 0.881818 0.005 -0.00866025 0.881818 0.01 -6.12323e-19 0.881818 0.005 0.00866025 0.881818 -0.005 0.00866025 0.881818 -0.01 1.83697e-18 0.881818 -0.005 -0.00866025 0.890909 0 -0.01 0.890909 0.00866025 -0.005 0.890909 0.00866025 0.005 0.890909 1.22465e-18 0.01 0.890909 -0.00866025 0.005 0.890909 -0.00866025 -0.005 0.9 0.005 -0.00866025 0.9 0.01 -6.12323e-19 0.9 0.005 0.00866025 0.9 -0.005 0.00866025 0.9 -0.01 1.83697e-18 0.9 -0.005 -0.00866025 0.909091 0 -0.01 0.909091 0.00866025 -0.005 0.909091 0.00866025 0.005 0.909091 1.22465e-18 0.01 0.909091 -0.00866025 0.005 0.909091 -0.00866025 -0.005 0.918182 0.005 -0.00866025 0.918182 0.01 -6.12323e-19 0.918182 0.005 0.00866025 0.918182 -0.005 0.00866025 0.918182 -0.01 1.83697e-18 0.918182 -0.005 -0.00866025 0.927273 0 -0.01 0.927273 0.00866025 -0.005 0.927273 0.00866025 0.005 0.927273 1.22465e-18 0.01 0.927273 -0.00866025 0.005 0.927273 -0.00866025 -0.005 0.936364 0.005 -0.00866025 0.936364 0.01 -6.12323e-19 0.936364 0.005 0.00866025 0.936364 -0.005 0.00866025 0.936364 -0.01 1.83697e-18 0.936364 -0.005 -0.00866025 0.945455 0 -0.01 0.945455 0.00866025 -0.005 0.945455 0.00866025 0.005 0.945455 1.22465e-18 0.01 0.945455 -0.00866025 0.005 0.945455 -0.00866025 -0.005 0.954545 0.005 -0.00866025 0.954545 0.01 -6.12323e-19 0.954545 0.005 0.00866025 0.954545 -0.005 0.00866025 0.954545 -0.01 1.83697e-18 0.954545 -0.005 -0.00866025 0.963636 0 -0.01 0.963636 0.00866025 -0.005 0.963636 0.00866025 0.005 0.963636 1.22465e-18 0.01 0.963636 -0.00866025 0.005 0.963636 -0.00866025 -0.005 0.972727 0.005 -0.00866025 0.972727 0.01 -6.12323e-19 0.972727 0.005 0.00866025 0.972727 -0.005 0.00866025 0.972727 -0.01 1.83697e-18 0.972727 -0.005 -0.00866025 0.981818 0 -0.01 0.981818 0.00866025 -0.005 0.981818 0.00866025 0.005 0.981818 1.22465e-18 0.01 0.981818 -0.00866025 0.005 0.981818 -0.00866025 -0.005 0.990909 0.005 -0.00866025 0.990909 0.01 -6.12323e-19 0.990909 0.005 0.00866025 0.990909 -0.005 0.00866025 0.990909 -0.01 1.83697e-18 0.990909 -0.005 -0.00866025 1 0 -0.01 1 0.00866025 -0.005 1 0.00866025 0.005 1 1.22465e-18 0.01 1 -0.00866025 0.005 1 -0.00866025 -0.005 -1 0 0 -1 0 -0.01 -1 0.00866025 -0.005 -1 0.00866025 0.005 -1 1.22465e-18 0.01 -1 -0.00866025 0.005 -1 -0.00866025 -0.005 1 0 0 1 0 -0.01 1 0.00866025 -0.005 1 0.00866025 0.005 1 1.22465e-18 0.01 1 -0.00866025 0.005 1 -0.00866025 -0.005"/>
     <Normal vector="-0.0538637 0 -0.998548 -0.0538636 0.864768 -0.499274 -0.0538636 0.864768 0.499274 -0.0538637 0 0.998548 -0.0538636 -0.864768 0.499274 -0.0538636 -0.864768 -0.499274 0 0.5 -0.866025 0 1 0 0 0.5 0.866025 0 -0.5 0.866025 0 -1 0 0 -0.5 -0.866025 0 0 -1 0 0.866025 -0.5 0 0.866025 0.5 0 0 1 0 -0.866025 0.5 0 -0.866025 -0.5 1.70907e-07 0.5 -0.866025 1.7642e-07 1 0 1.70907e-07 0.5 0.866025 1.70907e-07 -0.5 0.866025 1.7642e-07 -1 0 1.70907e-07 -0.5 -0.866025 -1.7642e-07 0 -1 -1.70907e-07 0.866025 -0.5 -1.70907e-07 0.866025 0.5 -1.7642e-07 0 1 -1.70907e-07 -0.866025 0.5 -1.70907e-07 -0.866025 -0.5 0 0.5 -0.866025 0 1 0 0 0.5 0.866025 0 -0.5 0.866025 0 -1 0 0 -0.5 -0.866025 0 0 -1 0 0.866025 -0.5 0 0.866025 0.5 0 0 1 0 -0.866025 0.5 0 -0.866025 -0.5 0 0.5 -0.866025 0 1 0 0 0.5 0.866025 0 -0.5 0.866025 0 -1 0 0 -0.5 -0.866025 0 0 -1 0 0.866025 -0.5 0 0.866025 0.5 0 0 1 0 -0.866025 0.5 0 -0.866025 -0.5 0 0.5 -0.866025 0 1 0 0 0.5 0.866025 0 -0.5 0.866025 0 -1 0 0 -0.5 -0.866025 1.7642e-07 0 -1 1.70907e-07 0.866025 -0.5 1.70907e-07 0.866025 0.5 1.7642e-07 0 1 1.70907e-07 -0.866025 0.5 1.70907e-07 -0.866025 -0.5 -1.70907e-07 0.5 -0.866025 -1.7642e-07 1 0 -1.70907e-07 0.5 0.866025 -1.70907e-07 -0.5 0.866025 -1.7642e-07 -1 0 -1.70907e-07 -0.5 -0.866025 0 0 -1 0 0.866025 -0.5 0 0.866025 0.5 0 0 1 0 -0.866025 0.5 0 -0.866025 -0.5 0 0.5 -0.866025 0 1 0 0 0.5 0.866025 0 -0.5 0.866025 0 -1 0 0 -0.5 -0.866025 0 0 -1 0 0.866025 -0.5 0 0.866025 0.5 0 0 1 0 -0.866025 0.5 0 -0.866025 -0.5 0 0.5 -0.866025 0 1 0 0 0.5 0.866025 0 -0.5 0.866025 0 -1 0 0 -0.5 -0.866025 0 0 -1 0 0.866025 -0.5 0 0.866025 0.5 0 0 1 0 -0.866025 0.5 0 -0.866025 -0.5 1.70907e-07 0.5 -0.866025 1.7642e-07 1 0 1.70907e-07 0.5 0.866025 1.70907e-07 -0.5 0.866025 1.7642e-07 -1 0 1.70907e-07 -0.5 -0.866025 -1.7642e-07 0 -1 -1.70907e-07 0.866025 -0.5 -1.70907e-07 0.866025 0.5 -1.7642e-07 0 1 -1.70907e-07 -0.866025 0.5 -1.70907e-07 -0.866025 -0.5 0 0.5 -0.866025 0 1 0 0 0.5 0.866025 0 -0.5 0.866025 0 -1 0 0 -0.5 -0.866025 0 0 -1 0 0.866025 -0.5 0 0.866025 0.5 0 0 1 0 -0.866025 0.5 0 -0.866025 -0.5 0 0.5 -0.866025 0 1 0 0 0.5 0.866025 0 -0.5 0.866025 0 -1 0 0 -0.5 -0.866025 0 0 -1 0 0.866025 -0.5 0 0.866025 0.5 0 0 1 0 -0.866025 0.5 0 -0.866025 -0.5 0 0.5 -0.866025 0 1 0 0 0.5 0.866025 0 -0.5 0.866025 0 -1 0 0 -0.5 -0.866025 1.7642e-07 0 -1 1.70907e-07 0.866025 -0.5 1.70907e-07 0.866025 0.5 1.7642e-07 0 1 1.70907e-07 -0.866025 0.5 1.70907e-07 -0.866025 -0.5 -1.70907e-07 0.5 -0.866025 -1.7642e-07 1 0 -1.70907e-07 0.5 0.866025 -1.70907e-07 -0.5 0.866025 -1.7642e-07 -1 0 -1.70907e-07 -0.5 -0.866025 0 0 -1 0 0.866025 -0.5 0 0.866025 0.5 0 0 1 0 -0.866025 0.5 0 -0.866025 -0.5 0 0.5 -0.866025 0 1 0 0 0.5 0.866025 0 -0.5 0.866025 0 -1 0 0 -0.5 -0.866025 0 0 -1 0 0.866025 -0.5 0 0.866025 0.5 0 0 1 0 -0.866025 0.5 0 -0.866025 -0.5 0 0.5 -0.866025 0 1 0 0 0.5 0.866025 0 -0.5 0.866025 0 -1 0 0 -0.5 -0.866025 1.7642e-07 0 -1 1.70907e-07 0.866025 -0.5 1.70907e-07 0.866025 0.5 1.7642e-07 0 1 1.70907e-07 -0.866025 0.5 1.70907e-07 -0.866025 -0.5 -1.70907e-07 0.5 -0.866025 -1.7642e-07 1 0 -1.70907e-07 0.5 0.866025 -1.70907e-07 -0.5 0.866025 -1.7642e-07 -1 0 -1.70907e-07 -0.5 -0.866025 0 0 -1 0 0.866025 -0.5 0 0.866025 0.5 0 0 1 0 -0.866025 0.5 0 -0.866025 -0.5 0 0.5 -0.866025 0 1 0 0 0.5 0.866025 0 -0.5 0.866025 0 -1 0 0 -0.5 -0.866025 0 0 -1 0 0.866025 -0.5 0 0.866025 0.5 0 0 1 0 -0.866025 0.5 0 -0.866025 -0.5 0 0.5 -0.866025 0 1 0 0 0.5 0.866025 0 -0.5 0.866025 0 -1 0 0 -0.5 -0.866025 0 0 -1 0 0.866025 -0.5 0 0.866025 0.5 0 0 1 0 -0.866025 0.5 0 -0.866025 -0.5 1.70907e-07 0.5 -0.866025 1.7642e-07 1 0 1.70907e-07 0.5 0.866025 1.70907e-07 -0.5 0.866025 1.7642e-07 -1 0 1.70907e-07 -0.5 -0.866025 -1.7642e-07 0 -1 -1.70907e-07 0.866025 -0.5 -1.70907e-07 0.866025 0.5 -1.7642e-07 0 1 -1.70907e-07 -0.866025 0.5 -1.70907e-07 -0.866025 -0.5 0 0.5 -0.866025 0 1 0 0 0.5 0.866025 0 -0.5 0.866025 0 -1 0 0 -0.5 -0.866025 0 0 -1 0 0.866025 -0.5 0 0.866025 0.5 0 0 1 0 -0.866025 0.5 0 -0.866025 -0.5 0 0.5 -0.866025 0 1 0 0 0.5 0.866025 0 -0.5 0.866025 0 -1 0 0 -0.5 -0.866025 0 0 -1 0 0.866025 -0.5 0 0.866025 0.5 0 0 1 0 -0.866025 0.5 0 -0.866025 -0.5 0 0.5 -0.866025 0 1 0 0 0.5 0.866025 0 -0.5 0.866025 0 -1 0 0 -0.5 -0.866025 1.7642e-07 0 -1 1.70907e-07 0.866025 -0.5 1.70907e-07 0.866025 0.5 1.7642e-07 0 1 1.70907e-07 -0.866025 0.5 1.70907e-07 -0.866025 -0.5 -1.70907e-07 0.5 -0.866025 -1.7642e-07 1 0 -1.70907e-07 0.5 0.866025 -1.70907e-07 -0.5 0.866025 -1.7642e-07 -1 0 -1.70907e-07 -0.5 -0.866025 0 0 -1 0 0.866025 -0.5 0 0.866025 0.5 0 0 1 0 -0.866025 0.5 0 -0.866025 -0.5 0 0.5 -0.866025 0 1 0 0 0.5 0.866025 0 -0.5 0.866025 0 -1 0 0 -0.5 -0.866025 0 0 -1 0 0.866025 -0.5 0 0.866025 0.5 0 0 1 0 -0.866025 0.5 0 -0.866025 -0.5 0 0.5 -0.866025 0 1 0 0 0.5 0.866025 0 -0.5 0.866025 0 -1 0 0 -0.5 -0.866025 0 0 -1 0 0.866025 -0.5 0 0.866025 0.5 0 0 1 0 -0.866025 0.5 0 -0.866025 -0.5 1.70907e-07 0.5 -0.866025 1.7642e-07 1 0 1.70907e-07 0.5 0.866025 1.70907e-07 -0.5 0.866025 1.7642e-07 -1 0 1.70907e-07 -0.5 -0.866025 -1.7642e-07 0 -1 -1.70907e-07 0.866025 -0.5 -1.70907e-07 0.866025 0.5 -1.7642e-07 0 1 -1.70907e-07 -0.866025 0.5 -1.70907e-07 -0.866025 -0.5 0 0.5 -0.866025 0 1 0 0 0.5 0.866025 0 -0.5 0.866025 0 -1 0 0 -0.5 -0.866025 0 0 -1 0 0.866025 -0.5 0 0.866025 0.5 0 0 1 0 -0.866025 0.5 0 -0.866025 -0.5 0 0.5 -0.866025 0 1 0 0 0.5 0.866025 0 -0.5 0.866025 0 -1 0 0 -0.5 -0.866025 9.09664e-08 0 -1 8.82098e-08 0.866025 -0.5 8.82098e-08 0.866025 0.5 9.09664e-08 0 1 8.82098e-08 -0.866025 0.5 8.82098e-08 -0.866025 -0.5 -8.26967e-08 0.5 -0.866025 -8.54533e-08 1 0 -8.26967e-08 0.5 0.866025 -8.26967e-08 -0.5 0.866025 -8.54533e-08 -1 0 -8.26967e-08 -0.5 -0.866025 0 0 -1 0 0.866025 -0.5 0 0.866025 0.5 0 0 1 0 -0.866025 0.5 0 -0.866025 -0.5 0 0.5 -0.866025 0 1 0 0 0.5 0.866025 0 -0.5 0.866025 0 -1 0 0 -0.5 -0.866025 9.09664e-08 0 -1 8.82098e-08 0.866025 -0.5 8.82098e-08 0.866025 0.5 9.09664e-08 0 1 8.82098e-08 -0.866025 0.5 8.82098e-08 -0.866025 -0.5 -8.26967e-08 0.5 -0.866025 -8.54533e-08 1 0 -8.26967e-08 0.5 0.866025 -8.26967e-08 -0.5 0.866025 -8.54533e-08 -1 0 -8.26967e-08 -0.5 -0.866025 0 0 -1 0 0.866025 -0.5 0 0.866025 0.5 0 0 1 0 -0.866025 0.5 0 -0.866025 -0.5 8.82098e-08 0.5 -0.866025 9.09664e-08 1 0 8.82098e-08 0.5 0.866025 8.82098e-08 -0.5 0.866025 9.09664e-08 -1 0 8.82098e-08 -0.5 -0.866025 -8.54533e-08 0 -1 -8.26967e-08 0.866025 -0.5 -8.26967e-08 0.866025 0.5 -8.54533e-08 0 1 -8.26967e-08 -0.866025 0.5 -8.26967e-08 -0.866025 -0.5 0 0.5 -0.866025 0 1 0 0 0.5 0.866025 0 -0.5 0.866025 0 -1 0 0 -0.5 -0.866025 0 0 -1 0 0.866025 -0.5 0 0.866025 0.5 0 0 1 0 -0.866025 0.5 0 -0.866025 -0.5 8.82098e-08 0.5 -0.866025 9.09664e-08 1 0 8.82098e-08 0.5 0.866025 8.82098e-08 -0.5 0.866025 9.09664e-08 -1 0 8.82098e-08 -0.5 -0.866025 -8.54533e-08 0 -1 -8.26967e-08 0.866025 -0.5 -8.26967e-08 0.866025 0.5 -8.54533e-08 0 1 -8.26967e-08 -0.866025 0.5 -8.26967e-08 -0.866025 -0.5 0 0.5 -0.866025 0 1 0 0 0.5 0.866025 0 -0.5 0.866025 0 -1 0 0 -0.5 -0.866025 9.09664e-08 0 -1 8.82098e-08 0.866025 -0.5 8.82098e-08 0.866025 0.5 9.09664e-08 0 1 8.82098e-08 -0.866025 0.5 8.82098e-08 -0.866025 -0.5 -8.26967e-08 0.5 -0.866025 -8.54533e-08 1 0 -8.26967e-08 0.5 0.866025 -8.26967e-08 -0.5 0.866025 -8.54533e-08 -1 0 -8.26967e-08 -0.5 -0.866025 0 0 -1 0 0.866025 -0.5 0 0.866025 0.5 0 0 1 0 -0.866025 0.5 0 -0.866025 -0.5 8.82098e-08 0.5 -0.866025 9.09664e-08 1 0 8.82098e-08 0.5 0.866025 8.82098e-08 -0.5 0.866025 9.09664e-08 -1 0 8.82098e-08 -0.5 -0.866025 -8.54533e-08 0 -1 -8.26967e-08 0.866025 -0.5 -8.26967e-08 0.866025 0.5 -8.54533e-08 0 1 -8.26967e-08 -0.866025 0.5 -8.26967e-08 -0.866025 -0.5 0 0.5 -0.866025 0 1 0 0 0.5 0.866025 0 -0.5 0.866025 0 -1 0 0 -0.5 -0.866025 0 0 -1 0 0.866025 -0.5 0 0.866025 0.5 0 0 1 0 -0.866025 0.5 0 -0.866025 -0.5 8.82098e-08 0.5 -0.866025 9.09664e-08 1 0 8.82098e-08 0.5 0.866025 8.82098e-08 -0.5 0.866025 9.09664e-08 -1 0 8.82098e-08 -0.5 -0.866025 -8.54533e-08 0 -1 -8.26967e-08 0.866025 -0.5 -8.26967e-08 0.866025 0.5 -8.54533e-08 0 1 -8.26967e-08 -0.866025 0.5 -8.26967e-08 -0.866025 -0.5 0 0.5 -0.866025 0 1 0 0 0.5 0.866025 0 -0.5 0.866025 0 -1 0 0 -0.5 -0.866025 9.09664e-08 0 -1 8.82098e-08 0.866025 -0.5 8.82098e-08 0.866025 0.5 9.09664e-08 0 1 8.82098e-08 -0.866025 0.5 8.82098e-08 -0.866025 -0.5 -8.26967e-08 0.5 -0.866025 -8.54533e-08 1 0 -8.26967e-08 0.5 0.866025 -8.26967e-08 -0.5 0.866025 -8.54533e-08 -1 0 -8.26967e-08 -0.5 -0.866025 0 0 -1 0 0.866025 -0.5 0 0.866025 0.5 0 0 1 0 -0.866025 0.5 0 -0.866025 -0.5 4.41049e-08 0.5 -0.866025 4.41049e-08 1 0 4.41049e-08 0.5 0.866025 4.41049e-08 -0.5 0.866025 4.41049e-08 -1 0 4.41049e-08 -0.5 -0.866025 -4.41049e-08 0 -1 -4.41049e-08 0.866025 -0.5 -4.41049e-08 0.866025 0.5 -4.41049e-08 0 1 -4.41049e-08 -0.866025 0.5 -4.41049e-08 -0.866025 -0.5 4.41049e-08 0.5 -0.866025 4.41049e-08 1 0 4.41049e-08 0.5 0.866025 4.41049e-08 -0.5 0.866025 4.41049e-08 -1 0 4.41049e-08 -0.5 -0.866025 0 0 -1 0 0.866025 -0.5 0 0.866025 0.5 0 0 1 0 -0.866025 0.5 0 -0.866025 -0.5 -4.41049e-08 0.5 -0.866025 -4.41049e-08 1 0 -4.41049e-08 0.5 0.866025 -4.41049e-08 -0.5 0.866025 -4.41049e-08 -1 0 -4.41049e-08 -0.5 -0.866025 4.41049e-08 0 -1 4.41049e-08 0.866025 -0.5 4.41049e-08 0.866025 0.5 4.41049e-08 0 1 4.41049e-08 -0.866025 0.5 4.41049e-08 -0.866025 -0.5 -4.41049e-08 0.5 -0.866025 -4.41049e-08 1 0 -4.41049e-08 0.5 0.866025 -4.41049e-08 -0.5 0.866025 -4.41049e-08 -1 0 -4.41049e-08 -0.5 -0.866025 4.41049e-08 0 -1 4.41049e-08 0.866025 -0.5 4.41049e-08 0.866025 0.5 4.41049e-08 0 1 4.41049e-08 -0.866025 0.5 4.41049e-08 -0.866025 -0.5 0 0.5 -0.866025 0 1 0 0 0.5 0.866025 0 -0.5 0.866025 0 -1 0 0 -0.5 -0.866025 -4.41049e-08 0 -1 -4.41049e-08 0.866025 -0.5 -4.41049e-08 0.866025 0.5 -4.41049e-08 0 1 -4.41049e-08 -0.866025 0.5 -4.41049e-08 -0.866025 -0.5 4.41049e-08 0.5 -0.866025 4.41049e-08 1 0 4.41049e-08 0.5 0.866025 4.41049e-08 -0.5 0.866025 4.41049e-08 -1 0 4.41049e-08 -0.5 -0.866025 -4.41049e-08 0 -1 -4.41049e-08 0.866025 -0.5 -4.41049e-08 0.866025 0.5 -4.41049e-08 0 1 -4.41049e-08 -0.866025 0.5 -4.41049e-08 -0.866025 -0.5 4.41049e-08 0.5 -0.866025 4.41049e-08 1 0 4.41049e-08 0.5 0.866025 4.41049e-08 -0.5 0.866025 4.41049e-08 -1 0 4.41049e-08 -0.5 -0.866025 -1.92959e-08 0 -1 -2.75656e-08 0.866025 -0.5 -2.75656e-08 0.866025 0.5 -1.92959e-08 0 1 -2.75656e-08 -0.866025 0.5 -2.75656e-08 -0.866025 -0.5 -5.51311e-09 0.5 -0.866025 -5.51311e-09 1 0 -5.51311e-09 0.5 0.866025 -5.51311e-09 -0.5 0.866025 -5.51311e-09 -1 0 -5.51311e-09 -0.5 -0.866025 -5.51311e-09 0 -1 -5.51311e-09 0.866025 -0.5 -5.51311e-09 0.866025 0.5 -5.51311e-09 0 1 -5.51311e-09 -0.866025 0.5 -5.51311e-09 -0.866025 -0.5 -5.51311e-09 0.5 -0.866025 -5.51311e-09 1 0 -5.51311e-09 0.5 0.866025 -5.51311e-09 -0.5 0.866025 -5.51311e-09 -1 0 -5.51311e-09 -0.5 -0.866025 1.37828e-08 0 -1 2.20525e-08 0.866025 -0.5 2.20525e-08 0.866025 0.5 1.37828e-08 0 1 2.20525e-08 -0.866025 0.5 2.20525e-08 -0.866025 -0.5 -2.75656e-08 0.5 -0.866025 -1.92959e-08 1 0 -2.75656e-08 0.5 0.866025 -2.75656e-08 -0.5 0.866025 -1.92959e-08 -1 0 -2.75656e-08 -0.5 -0.866025 -5.51311e-09 0 -1 -5.51311e-09 0.866025 -0.5 -5.51311e-09 0.866025 0.5 -5.51311e-09 0 1 -5.51311e-09 -0.866025 0.5 -5.51311e-09 -0.866025 -0.5 -5.51311e-09 0.5 -0.866025 -5.51311e-09 1 0 -5.51311e-09 0.5 0.866025 -5.51311e-09 -0.5 0.866025 -5.51311e-09 -1 0 -5.51311e-09 -0.5 -0.866025 -5.51311e-09 0 -1 -5.51311e-09 0.866025 -0.5 -5.51311e-09 0.866025 0.5 -5.51311e-09 0 1 -5.51311e-09 -0.866025 0.5 -5.51311e-09 -0.866025 -0.5 8.26967e-09 0.5 -0.866025 5.51311e-09 1 0 8.26967e-09 0.5 0.866025 8.26967e-09 -0.5 0.866025 5.51311e-09 -1 0 8.26967e-09 -0.5 -0.866025 -1.10262e-08 0 -1 -1.37828e-08 0.866025 -0.5 -1.37828e-08 0.866025 0.5 -1.10262e-08 0 1 -1.37828e-08 -0.866025 0.5 -1.37828e-08 -0.866025 -0.5 8.26967e-09 0.5 -0.866025 -2.75656e-09 1 0 8.26967e-09 0.5 0.866025 8.26967e-09 -0.5 0.866025 -2.75656e-09 -1 0 8.26967e-09 -0.5 -0.866025 5.51311e-09 0 -1 -2.75656e-09 0.866025 -0.5 -2.75656e-09 0.866025 0.5 5.51311e-09 0 1 -2.75656e-09 -0.866025 0.5 -2.75656e-09 -0.866025 -0.5 0 0.5 -0.866025 0 1 0 0 0.5 0.866025 0 -0.5 0.866025 0 -1 0 0 -0.5 -0.866025 0 0 -1 0 0.866025 -0.5 0 0.866025 0.5 0 0 1 0 -0.866025 0.5 0 -0.866025 -0.5 0 0.5 -0.866025 0 1 0 0 0.5 0.866025 0 -0.5 0.866025 0 -1 0 0 -0.5 -0.866025 0 0 -1 8.26967e-09 0.866025 -0.5 8.26967e-09 0.866025 0.5 0 0 1 8.26967e-09 -0.866025 0.5 8.26967e-09 -0.866025 -0.5 -8.26967e-09 0.5 -0.866025 2.75656e-09 1 0 -8.26967e-09 0.5 0.866025 -8.26967e-09 -0.5 0.866025 2.75656e-09 -1 0 -8.26967e-09 -0.5 -0.866025 5.51311e-09 0 -1 8.26967e-09 0.866025 -0.5 8.26967e-09 0.866025 0.5 5.51311e-09 0 1 8.26967e-09 -0.866025 0.5 8.26967e-09 -0.866025 -0.5 -1.37828e-08 0.5 -0.866025 -1.10262e-08 1 0 -1.37828e-08 0.5 0.866025 -1.37828e-08 -0.5 0.866025 -1.10262e-08 -1 0 -1.37828e-08 -0.5 -0.866025 -5.51311e-09 0 -1 -5.51311e-09 0.866025 -0.5 -5.51311e-09 0.866025 0.5 -5.51311e-09 0 1 -5.51311e-09 -0.866025 0.5 -5.51311e-09 -0.866025 -0.5 -5.51311e-09 0.5 -0.866025 -5.51311e-09 1 0 -5.51311e-09 0.5 0.866025 -5.51311e-09 -0.5 0.866025 -5.51311e-09 -1 0 -5.51311e-09 -0.5 -0.866025 -5.51311e-09 0 -1 -5.51311e-09 0.866025 -0.5 -5.51311e-09 0.866025 0.5 -5.51311e-09 0 1 -5.51311e-09 -0.866025 0.5 -5.51311e-09 -0.866025 -0.5 2.20525e-08 0.5 -0.866025 1.37828e-08 1 0 2.20525e-08 0.5 0.866025 2.20525e-08 -0.5 0.866025 1.37828e-08 -1 0 2.20525e-08 -0.5 -0.866025 -1.92959e-08 0 -1 -2.75656e-08 0.866025 -0.5 -2.75656e-08 0.866025 0.5 -1.92959e-08 0 1 -2.75656e-08 -0.866025 0.5 -2.75656e-08 -0.866025 -0.5 -5.51311e-09 0.5 -0.866025 -5.51311e-09 1 0 -5.51311e-09 0.5 0.866025 -5.51311e-09 -0.5 0.866025 -5.51311e-09 -1 0 -5.51311e-09 -0.5 -0.866025 -5.51311e-09 0 -1 -5.51311e-09 0.866025 -0.5 -5.51311e-09 0.866025 0.5 -5.51311e-09 0 1 -5.51311e-09 -0.866025 0.5 -5.51311e-09 -0.866025 -0.5 -5.51311e-09 0.5 -0.866025 -5.51311e-09 1 0 -5.51311e-09 0.5 0.866025 -5.51311e-09 -0.5 0.866025 -5.51311e-09 -1 0 -5.51311e-09 -0.5 -0.866025 1.37828e-08 0 -1 2.20525e-08 0.866025 -0.5 2.20525e-08 0.866025 0.5 1.37828e-08 0 1 2.20525e-08 -0.866025 0.5 2.20525e-08 -0.866025 -0.5 -4.41049e-08 0.5 -0.866025 -4.41049e-08 1 0 -4.41049e-08 0.5 0.866025 -4.41049e-08 -0.5 0.866025 -4.41049e-08 -1 0 -4.41049e-08 -0.5 -0.866025 4.41049e-08 0 -1 4.41049e-08 0.866025 -0.5 4.41049e-08 0.866025 0.5 4.41049e-08 0 1 4.41049e-08 -0.866025 0.5 4.41049e-08 -0.866025 -0.5 -4.41049e-08 0.5 -0.866025 -4.41049e-08 1 0 -4.41049e-08 0.5 0.866025 -4.41049e-08 -0.5 0.866025 -4.41049e-08 -1 0 -4.41049e-08 -0.5 -0.866025 4.41049e-08 0 -1 4.41049e-08 0.866025 -0.5 4.41049e-08 0.866025 0.5 4.41049e-08 0 1 4.41049e-08 -0.866025 0.5 4.41049e-08 -0.866025 -0.5 0 0.5 -0.866025 0 1 0 0 0.5 0.866025 0 -0.5 0.866025 0 -1 0 0 -0.5 -0.866025 -4.41049e-08 0 -1 -4.41049e-08 0.866025 -0.5 -4.41049e-08 0.866025 0.5 -4.41049e-08 0 1 -4.41049e-08 -0.866025 0.5 -4.41049e-08 -0.866025 -0.5 4.41049e-08 0.5 -0.866025 4.41049e-08 1 0 4.41049e-08 0.5 0.866025 4.41049e-08 -0.5 0.866025 4.41049e-08 -1 0 4.41049e-08 -0.5 -0.866025 -4.41049e-08 0 -1 -4.41049e-08 0.866025 -0.5 -4.41049e-08 0.866025 0.5 -4.41049e-08 0 1 -4.41049e-08 -0.866025 0.5 -4.41049e-08 -0.866025 -0.5 4.41049e-08 0.5 -0.866025 4.41049e-08 1 0 4.41049e-08 0.5 0.866025 4.41049e-08 -0.5 0.866025 4.41049e-08 -1 0 4.41049e-08 -0.5 -0.866025 0 0 -1 0 0.866025 -0.5 0 0.866025 0.5 0 0 1 0 -0.866025 0.5 0 -0.866025 -0.5 -4.41049e-08 0.5 -0.866025 -4.41049e-08 1 0 -4.41049e-08 0.5 0.866025 -4.41049e-08 -0.5 0.866025 -4.41049e-08 -1 0 -4.41049e-08 -0.5 -0.866025 4.41049e-08 0 -1 4.41049e-08 0.866025 -0.5 4.41049e-08 0.866025 0.5 4.41049e-08 0 1 4.41049e-08 -0.866025 0.5 4.41049e-08 -0.866025 -0.5 -4.41049e-08 0.5 -0.866025 -4.41049e-08 1 0 -4.41049e-08 0.5 0.866025 -4.41049e-08 -0.5 0.866025 -4.41049e-08 -1 0 -4.41049e-08 -0.5 -0.866025 0 0 -1 0 0.866025 -0.5 0 0.866025 0.5 0 0 1 0 -0.866025 0.5 0 -0.866025 -0.5 8.82098e-08 0.5 -0.866025 9.09664e-08 1 0 8.82098e-08 0.5 0.866025 8.82098e-08 -0.5 0.866025 9.09664e-08 -1 0 8.82098e-08 -0.5 -0.866025 -8.54533e-08 0 -1 -8.26967e-08 0.866025 -0.5 -8.26967e-08 0.866025 0.5 -8.54533e-08 0 1 -8.26967e-08 -0.866025 0.5 -8.26967e-08 -0.866025 -0.5 0 0.5 -0.866025 0 1 0 0 0.5 0.866025 0 -0.5 0.866025 0 -1 0 0 -0.5 -0.866025 9.09664e-08 0 -1 8.82098e-08 0.866025 -0.5 8.82098e-08 0.866025 0.5 9.09664e-08 0 1 8.82098e-08 -0.866025 0.5 8.82098e-08 -0.866025 -0.5 -8.26967e-08 0.5 -0.866025 -8.54533e-08 1 0 -8.26967e-08 0.5 0.866025 -8.26967e-08 -0.5 0.866025 -8.54533e-08 -1 0 -8.26967e-08 -0.5 -0.866025 0 0 -1 0 0.866025 -0.5 0 0.866025 0.5 0 0 1 0 -0.866025 0.5 0 -0.866025 -0.5 0 0.5 -0.866025 0 1 0 0 0.5 0.866025 0 -0.5 0.866025 0 -1 0 0 -0.5 -0.866025 9.09664e-08 0 -1 8.82098e-08 0.866025 -0.5 8.82098e-08 0.866025 0.5 9.09664e-08 0 1 8.82098e-08 -0.866025 0.5 8.82098e-08 -0.866025 -0.5 -8.26967e-08 0.5 -0.866025 -8.54533e-08 1 0 -8.26967e-08 0.5 0.866025 -8.26967e-08 -0.5 0.866025 -8.54533e-08 -1 0 -8.26967e-08 -0.5 -0.866025 0 0 -1 0 0.866025 -0.5 0 0.866025 0.5 0 0 1 0 -0.866025 0.5 0 -0.866025 -0.5 8.82098e-08 0.5 -0.866025 9.09664e-08 1 0 8.82098e-08 0.5 0.866025 8.82098e-08 -0.5 0.866025 9.09664e-08 -1 0 8.82098e-08 -0.5 -0.866025 -8.54533e-08 0 -1 -8.26967e-08 0.866025 -0.5 -8.26967e-08 0.866025 0.5 -8.54533e-08 0 1 -8.26967e-08 -0.866025 0.5 -8.26967e-08 -0.866025 -0.5 0 0.5 -0.866025 0 1 0 0 0.5 0.866025 0 -0.5 0.866025 0 -1 0 0 -0.5 -0.866025 9.09664e-08 0 -1 8.82098e-08 0.866025 -0.5 8.82098e-08 0.866025 0.5 9.09664e-08 0 1 8.82098e-08 -0.866025 0.5 8.82098e-08 -0.866025 -0.5 -8.26967e-08 0.5 -0.866025 -8.54533e-08 1 0 -8.26967e-08 0.5 0.866025 -8.26967e-08 -0.5 0.866025 -8.54533e-08 -1 0 -8.26967e-08 -0.5 -0.866025 0 0 -1 0 0.866025 -0.5 0 0.866025 0.5 0 0 1 0 -0.866025 0.5 0 -0.866025 -0.5 0 0.5 -0.866025 0 1 0 0 0.5 0.866025 0 -0.5 0.866025 0 -1 0 0 -0.5 -0.866025 9.09664e-08 0 -1 8.82098e-08 0.866025 -0.5 8.82098e-08 0.866025 0.5 9.09664e-08 0 1 8.82098e-08 -0.866025 0.5 8.82098e-08 -0.866025 -0.5 -8.26967e-08 0.5 -0.866025 -8.54533e-08 1 0 -8.26967e-08 0.5 0.866025 -8.26967e-08 -0.5 0.866025 -8.54533e-08 -1 0 -8.26967e-08 -0.5 -0.866025 0 0 -1 0 0.866025 -0.5 0 0.866025 0.5 0 0 1 0 -0.866025 0.5 0 -0.866025 -0.5 8.82098e-08 0.5 -0.866025 9.09664e-08 1 0 8.82098e-08 0.5 0.866025 8.82098e-08 -0.5 0.866025 9.09664e-08 -1 0 8.82098e-08 -0.5 -0.866025 -8.54533e-08 0 -1 -8.26967e-08 0.866025 -0.5 -8.26967e-08 0.866025 0.5 -8.54533e-08 0 1 -8.26967e-08 -0.866025 0.5 -8.26967e-08 -0.866025 -0.5 0 0.5 -0.866025 0 1 0 0 0.5 0.866025 0 -0.5 0.866025 0 -1 0 0 -0.5 -0.866025 0 0 -1 0 0.866025 -0.5 0 0.866025 0.5 0 0 1 0 -0.866025 0.5 0 -0.866025 -0.5 8.82098e-08 0.5 -0.866025 9.09664e-08 1 0 8.82098e-08 0.5 0.866025 8.82098e-08 -0.5 0.866025 9.09664e-08 -1 0 8.82098e-08 -0.5 -0.866025 -8.54533e-08 0 -1 -8.26967e-08 0.866025 -0.5 -8.26967e-08 0.866025 0.5 -8.54533e-08 0 1 -8.26967e-08 -0.866025 0.5 -8.26967e-08 -0.866025 -0.5 0 0.5 -0.866025 0 1 0 0 0.5 0.866025 0 -0.5 0.866025 0 -1 0 0 -0.5 -0.866025 0 0 -1 0 0.866025 -0.5 0 0.866025 0.5 0 0 1 0 -0.866025 0.5 0 -0.866025 -0.5 0 0.5 -0.866025 0 1 0 0 0.5 0.866025 0 -0.5 0.866025 0 -1 0 0 -0.5 -0.866025 1.7642e-07 0 -1 1.70907e-07 0.866025 -0.5 1.70907e-07 0.866025 0.5 1.7642e-07 0 1 1.70907e-07 -0.866025 0.5 1.70907e-07 -0.866025 -0.5 -1.70907e-07 0.5 -0.866025 -1.7642e-07 1 0 -1.70907e-07 0.5 0.866025 -1.70907e-07 -0.5 0.866025 -1.7642e-07 -1 0 -1.70907e-07 -0.5 -0.866025 0 0 -1 0 0.866025 -0.5 0 0.866025 0.5 0 0 1 0 -0.866025 0.5 0 -0.866025 -0.5 0 0.5 -0.866025 0 1 0 0 0.5 0.866025 0 -0.5 0.866025 0 -1 0 0 -0.5 -0.866025 0 0 -1 0 0.866025 -0.5 0 0.866025 0.5 0 0 1 0 -0.866025 0.5 0 -0.866025 -0.5 0 0.5 -0.866025 0 1 0 0 0.5 0.866025 0 -0.5 0.866025 0 -1 0 0 -0.5 -0.866025 0 0 -1 0 0.866025 -0.5 0 0.866025 0.5 0 0 1 0 -0.866025 0.5 0 -0.866025 -0.5 1.70907e-07 0.5 -0.866025 1.7642e-07 1 0 1.70907e-07 0.5 0.866025 1.70907e-07 -0.5 0.866025 1.7642e-07 -1 0 1.70907e-07 -0.5 -0.866025 -1.7642e-07 0 -1 -1.70907e-07 0.866025 -0.5 -1.70907e-07 0.866025 0.5 -1.7642e-07 0 1 -1.70907e-07 -0.866025 0.5 -1.70907e-07 -0.866025 -0.5 0 0.5 -0.866025 0 1 0 0 0.5 0.866025 0 -0.5 0.866025 0 -1 0 0 -0.5 -0.866025 0 0 -1 0 0.866025 -0.5 0 0.866025 0.5 0 0 1 0 -0.866025 0.5 0 -0.866025 -0.5 0 0.5 -0.866025 0 1 0 0 0.5 0.866025 0 -0.5 0.866025 0 -1 0 0 -0.5 -0.866025 0 0 -1 0 0.866025 -0.5 0 0.866025 0.5 0 0 1 0 -0.866025 0.5 0 -0.866025 -0.5 0 0.5 -0.866025 0 1 0 0 0.5 0.866025 0 -0.5 0.866025 0 -1 0 0 -0.5 -0.866025 1.7642e-07 0 -1 1.70907e-07 0.866025 -0.5 1.70907e-07 0.866025 0.5 1.7642e-07 0 1 1.70907e-07 -0.866025 0.5 1.70907e-07 -0.866025 -0.5 -1.70907e-07 0.5 -0.866025 -1.7642e-07 1 0 -1.70907e-07 0.5 0.866025 -1.70907e-07 -0.5 0.866025 -1.7642e-07 -1 0 -1.70907e-07 -0.5 -0.866025 0 0 -1 0 0.866025 -0.5 0 0.866025 0.5 0 0 1 0 -0.866025 0.5 0 -0.866025 -0.5 0 0.5 -0.866025 0 1 0 0 0.5 0.866025 0 -0.5 0.866025 0 -1 0 0 -0.5 -0.866025 0 0 -1 0 0.866025 -0.5 0 0.866025 0.5 0 0 1 0 -0.866025 0.5 0 -0.866025 -0.5 0 0.5 -0.866025 0 1 0 0 0.5 0.866025 0 -0.5 0.866025 0 -1 0 0 -0.5 -0.866025 0 0 -1 0 0.866025 -0.5 0 0.866025 0.5 0 0 1 0 -0.866025 0.5 0 -0.866025 -0.5 1.70907e-07 0.5 -0.866025 1.7642e-07 1 0 1.70907e-07 0.5 0.866025 1.70907e-07 -0.5 0.866025 1.7642e-07 -1 0 1.70907e-07 -0.5 -0.866025 -1.7642e-07 0 -1 -1.70907e-07 0.866025 -0.5 -1.70907e-07 0.866025 0.5 -1.7642e-07 0 1 -1.70907e-07 -0.866025 0.5 -1.70907e-07 -0.866025 -0.5 0 0.5 -0.866025 0 1 0 0 0.5 0.866025 0 -0.5 0.866025 0 -1 0 0 -0.5 -0.866025 0 0 -1 0 0.866025 -0.5 0 0.866025 0.5 0 0 1 0 -0.866025 0.5 0 -0.866025 -0.5 0 0.5 -0.866025 0 1 0 0 0.5 0.866025 0 -0.5 0.866025 0 -1 0 0 -0.5 -0.866025 0 0 -1 0 0.866025 -0.5 0 0.866025 0.5 0 0 1 0 -0.866025 0.5 0 -0.866025 -0.5 1.70907e-07 0.5 -0.866025 1.7642e-07 1 0 1.70907e-07 0.5 0.866025 1.70907e-07 -0.5 0.866025 1.7642e-07 -1 0 1.70907e-07 -0.5 -0.866025 -1.7642e-07 0 -1 -1.70907e-07 0.866025 -0.5 -1.70907e-07 0.866025 0.5 -1.7642e-07 0 1 -1.70907e-07 -0.866025 0.5 -1.70907e-07 -0.866025 -0.5 0 0.5 -0.866025 0 1 0 0 0.5 0.866025 0 -0.5 0.866025 0 -1 0 0 -0.5 -0.866025 0 0 -1 0 0.866025 -0.5 0 0.866025 0.5 0 0 1 0 -0.866025 0.5 0 -0.866025 -0.5 0 0.5 -0.866025 0 1 0 0 0.5 0.866025 0 -0.5 0.866025 0 -1 0 0 -0.5 -0.866025 0 0 -1 0 0.866025 -0.5 0 0.866025 0.5 0 0 1 0 -0.866025 0.5 0 -0.866025 -0.5 0 0.5 -0.866025 0 1 0 0 0.5 0.866025 0 -0.5 0.866025 0 -1 0 0 -0.5 -0.866025 1.7642e-07 0 -1 1.70907e-07 0.866025 -0.5 1.70907e-07 0.866025 0.5 1.7642e-07 0 1 1.70907e-07 -0.866025 0.5 1.70907e-07 -0.866025 -0.5 -1.70907e-07 0.5 -0.866025 -1.7642e-07 1 0 -1.70907e-07 0.5 0.866025 -1.70907e-07 -0.5 0.866025 -1.7642e-07 -1 0 -1.70907e-07 -0.5 -0.866025 0 0 -1 0 0.866025 -0.5 0 0.866025 0.5 0 0 1 0 -0.866025 0.5 0 -0.866025 -0.5 0 0.5 -0.866025 0 1 0 0 0.5 0.866025 0 -0.5 0.866025 0 -1 0 0 -0.5 -0.866025 0 0 -1 0 0.866025 -0.5 0 0.866025 0.5 0 0 1 0 -0.866025 0.5 0 -0.866025 -0.5 0 0.5 -0.866025 0 1 0 0 0.5 0.866025 0 -0.5 0.866025 0 -1 0 0 -0.5 -0.866025 0 0 -1 0 0.866025 -0.5 0 0.866025 0.5 0 0 1 0 -0.866025 0.5 0 -0.866025 -0.5 1.70907e-07 0.5 -0.866025 1.7642e-07 1 0 1.70907e-07 0.5 0.866025 1.70907e-07 -0.5 0.866025 1.7642e-07 -1 0 1.70907e-07 -0.5 -0.866025 -1.7642e-07 0 -1 -1.70907e-07 0.866025 -0.5 -1.70907e-07 0.866025 0.5 -1.7642e-07 0 1 -1.70907e-07 -0.866025 0.5 -1.70907e-07 -0.866025 -0.5 0 0.5 -0.866025 0 1 0 0 0.5 0.866025 0 -0.5 0.866025 0 -1 0 0 -0.5 -0.866025 0 0 -1 0 0.866025 -0.5 0 0.866025 0.5 0 0 1 0 -0.866025 0.5 0 -0.866025 -0.5 0 0.5 -0.866025 0 1 0 0 0.5 0.866025 0 -0.5 0.866025 0 -1 0 0 -0.5 -0.866025 0 0 -1 0 0.866025 -0.5 0 0.866025 0.5 0 0 1 0 -0.866025 0.5 0 -0.866025 -0.5 0 0.5 -0.866025 0 1 0 0 0.5 0.866025 0 -0.5 0.866025 0 -1 0 0 -0.5 -0.866025 1.7642e-07 0 -1 1.70907e-07 0.866025 -0.5 1.70907e-07 0.866025 0.5 1.7642e-07 0 1 1.70907e-07 -0.866025 0.5 1.70907e-07 -0.866025 -0.5 -1.70907e-07 0.5 -0.866025 -1.7642e-07 1 0 -1.70907e-07 0.5 0.866025 -1.70907e-07 -0.5 0.866025 -1.7642e-07 -1 0 -1.70907e-07 -0.5 -0.866025 0 0 -1 0 0.866025 -0.5 0 0.866025 0.5 0 0 1 0 -0.866025 0.5 0 -0.866025 -0.5 0 0.5 -0.866025 0 1 0 0 0.5 0.866025 0 -0.5 0.866025 0 -1 0 0 -0.5 -0.866025 0.0538637 0 -0.998548 0.0538636 0.864768 -0.499274 0.0538636 0.864768 0.499274 0.0538637 0 0.998548 0.0538636 -0.864768 0.499274 0.0538636 -0.864768 -0.499274 -1 0 0 -1 0 0 -1 0 0 -1 0 0 -1 0 0 -1 0 0 -1 0 0 1 0 0 1 0 0 1 0 0 1 0 0 1 0 0 1 0 0 1 0 0"/>
    </IndexedTriangleSet>
   </Shape>
  </Transform>
  </Group>
  <Group>
  <Transform rotation="0 0 1 0" translation="0 0 0">
   <Shape>
    <Appearance DEF='ap3'>
     <Material ambientIntensity='1' diffuseColor='0 0.619608 0.45098' specularColor='0.85 0.85 0.85' shininess='0.234375' transparency='0'/>
    </Appearance>
    <IndexedTriangleSet DEF='its3' index="0 1 6 1 7 6 1 2 7 2 8 7 2 3 8 3 9 8 3 4 9 4 10 9 4 5 10 5 11 10 5 0 11 0 6 11 6 7 13 6 13 12 7 8 14 7 14 13 8 9 15 8 15 14 9 10 16 9 16 15 10 11 17 10 17 16 11 6 12 11 12 17 12 13 18 13 19 18 13 14 19 14 20 19 14 15 20 15 21 20 15 16 21 16 22 21 16 17 22 17 23 22 17 12 23 12 18 23 18 19 25 18 25 24 19 20 26 19 26 25 20 21 27 20 27 26 21 22 28 21 28 27 22 23 29 22 29 28 23 18 24 23 24 29 24 25 30 25 31 30 25 26 31 26 32 31 26 27 32 27 33 32 27 28 33 28 34 33 28 29 34 29 35 34 29 24 35 24 30 35 30 31 37 30 37 36 31 32 38 31 38 37 32 33 39 32 39 38 33 34 40 33 40 39 34 35 41 34 41 40 35 30 36 35 36 41 36 37 42 37 43 42 37 38 43 38 44 43 38 39 44 39 45 44 39 40 45 40 46 45 40 41 46 41 47 46 41 36 47 36 42 47 42 43 49 42 49 48 43 44 50 43 50 49 44 45 51 44 51 50 45 46 52 45 52 51 46 47 53 46 53 52 47 42 48 47 48 53 48 49 54 49 55 54 49 50 55 50 56 55 50 51 56 51 57 56 51 52 57 52 58 57 52 53 58 53 59 58 53 48 59 48 54 59 54 55 61 54 61 60 55 56 62 55 62 61 56 57 63 56 63 62 57 58 64 57 64 63 58 59 65 58 65 64 59 54 60 59 60 65 60 61 66 61 67 66 61 62 67 62 68 67 62 63 68 63 69 68 63 64 69 64 70 69 64 65 70 65 71 70 65 60 71 60 66 71 66 67 73 66 73 72 67 68 74 67 74 73 68 69 75 68 75 74 69 70 76 69 76 75 70 71 77 70 77 76 71 66 72 71 72 77 72 73 78 73 79 78 73 74 79 74 80 79 74 75 80 75 81 80 75 76 81 76 82 81 76 77 82 77 83 82 77 72 83 72 78 83 78 79 85 78 85 84 79 80 86 79 86 85 80 81 87 80 87 86 81 82 88 81 88 87 82 83 89 82 89 88 83 78 84 83 84 89 84 85 90 85 91 90 85 86 91 86 92 91 86 87 92 87 93 92 87 88 93 88 94 93 88 89 94 89 95 94 89 84 95 84 90 95 90 91 97 90 97 96 91 92 98 91 98 97 92 93 99 92 99 98 93 94 100 93 100 99 94 95 101 94 101 100 95 90 96 95 96 101 96 97 102 97 103 102 97 98 103 98 104 103 98 99 104 99 105 104 99 100 105 100 106 105 100 101 106 101 107 106 101 96 107 96 102 107 102 103 109 102 109 108 103 104 110 103 110 109 104 105 111 104 111 110 105 106 112 105 112 111 106 107 113 106 113 112 107 102 108 107 108 113 108 109 114 109 115 114 109 110 115 110 116 115 110 111 116 111 117 116 111 112 117 112 118 117 112 113 118 113 119 118 113 108 119 108 114 119 114 115 121 114 121 120 115 116 122 115 122 121 116 117 123 116 123 122 117 118 124 117 124 123 118 119 125 118 125 124 119 114 120 119 120 125 120 121 126 121 127 126 121 122 127 122 128 127 122 123 128 123 129 128 123 124 129 124 130 129 124 125 130 125 131 130 125 120 131 120 126 131 126 127 133 126 133 132 127 128 134 127 134 133 128 129 135 128 135 134 129 130 136 129 136 135 130 131 137 130 137 136 131 126 132 131 132 137 132 133 138 133 139 138 133 134 139 134 140 139 134 135 140 135 141 140 135 136 141 136 142 141 136 137 142 137 143 142 137 132 143 132 138 143 138 139 145 138 145 144 139 140 146 139 146 145 140 141 147 140 147 146 141 142 148 141 148 147 142 143 149 142 149 148 143 138 144 143 144 149 144 145 150 145 151 150 145 146 151 146 152 151 146 147 152 147 153 152 147 148 153 148 154 153 148 149 154 149 155 154 149 144 155 144 150 155 150 151 157 150 157 156 151 152 158 151 158 157 152 153 159 152 159 158 153 154 160 153 160 159 154 155 161 154 161 160 155 150 156 155 156 161 156 157 162 157 163 162 157 158 163 158 164 163 158 159 164 159 165 164 159 160 165 160 166 165 160 161 166 161 167 166 161 156 167 156 162 167 162 163 169 162 169 168 163 164 170 163 170 169 164 165 171 164 171 170 165 166 172 165 172 171 166 167 173 166 173 172 167 162 168 167 168 173 168 169 174 169 175 174 169 170 175 170 176 175 170 171 176 171 177 176 171 172 177 172 178 177 172 173 178 173 179 178 173 168 179 168 174 179 174 175 181 174 181 180 175 176 182 175 182 181 176 177 183 176 183 182 177 178 184 177 184 183 178 179 185 178 185 184 179 174 180 179 180 185 180 181 186 181 187 186 181 182 187 182 188 187 182 183 188 183 189 188 183 184 189 184 190 189 184 185 190 185 191 190 185 180 191 180 186 191 186 187 193 186 193 192 187 188 194 187 194 193 188 189 195 188 195 194 189 190 196 189 196 195 190 191 197 190 197 196 191 186 192 191 192 197 192 193 198 193 199 198 193 194 199 194 200 199 194 195 200 195 201 200 195 196 201 196 202 201 196 197 202 197 203 202 197 192 203 192 198 203 198 199 205 198 205 204 199 200 206 199 206 205 200 201 207 200 207 206 201 202 208 201 208 207 202 203 209 202 209 208 203 198 204 203 204 209 204 205 210 205 211 210 205 206 211 206 212 211 206 207 212 207 213 212 207 208 213 208 214 213 208 209 214 209 215 214 209 204 215 204 210 215 210 211 217 210 217 216 211 212 218 211 218 217 212 213 219 212 219 218 213 214 220 213 220 219 214 215 221 214 221 220 215 210 216 215 216 221 216 217 222 217 223 222 217 218 223 218 224 223 218 219 224 219 225 224 219 220 225 220 226 225 220 221 226 221 227 226 221 216 227 216 222 227 222 223 229 222 229 228 223 224 230 223 230 229 224 225 231 224 231 230 225 226 232 225 232 231 226 227 233 226 233 232 227 222 228 227 228 233 228 229 234 229 235 234 229 230 235 230 236 235 230 231 236 231 237 236 231 232 237 232 238 237 232 233 238 233 239 238 233 228 239 228 234 239 234 235 241 234 241 240 235 236 242 235 242 241 236 237 243 236 243 242 237 238 244 237 244 243 238 239 245 238 245 244 239 234 240 239 240 245 240 241 246 241 247 246 241 242 247 242 248 247 242 243 248 243 249 248 243 244 249 244 250 249 244 245 250 245 251 250 245 240 251 240 246 251 246 247 253 246 253 252 247 248 254 247 254 253 248 249 255 248 255 254 249 250 256 249 256 255 250 251 257 250 257 256 251 246 252 251 252 257 252 253 258 253 259 258 253 254 259 254 260 259 254 255 260 255 261 260 255 256 261 256 262 261 256 257 262 257 263 262 257 252 263 252 258 263 258 259 265 258 265 264 259 260 266 259 266 265 260 261 267 260 267 266 261 262 268 261 268 267 262 263 269 262 269 268 263 258 264 263 264 269 264 265 270 265 271 270 265 266 271 266 272 271 266 267 272 267 273 272 267 268 273 268 274 273 268 269 274 269 275 274 269 264 275 264 270 275 270 271 277 270 277 276 271 272 278 271 278 277 272 273 279 272 279 278 273 274 280 273 280 279 274 275 281 274 281 280 275 270 276 275 276 281 276 277 282 277 283 282 277 278 283 278 284 283 278 279 284 279 285 284 279 280 285 280 286 285 280 281 286 281 287 286 281 276 287 276 282 287 282 283 289 282 289 288 283 284 290 283 290 289 284 285 291 284 291 290 285 286 292 285 292 291 286 287 293 286 293 292 287 282 288 287 288 293 288 289 294 289 295 294 289 290 295 290 296 295 290 291 296 291 297 296 291 292 297 292 298 297 292 293 298 293 299 298 293 288 299 288 294 299 294 295 301 294 301 300 295 296 302 295 302 301 296 297 303 296 303 302 297 298 304 297 304 303 298 299 305 298 305 304 299 294 300 299 300 305 300 301 306 301 307 306 301 302 307 302 308 307 302 303 308 303 309 308 303 304 309 304 310 309 304 305 310 305 311 310 305 300 311 300 306 311 306 307 313 306 313 312 307 308 314 307 314 313 308 309 315 308 315 314 309 310 316 309 316 315 310 311 317 310 317 316 311 306 312 311 312 317 312 313 318 313 319 318 313 314 319 314 320 319 314 315 320 315 321 320 315 316 321 316 322 321 316 317 322 317 323 322 317 312 323 312 318 323 318 319 325 318 325 324 319 320 326 319 326 325 320 321 327 320 327 326 321 322 328 321 328 327 322 323 329 322 329 328 323 318 324 323 324 329 324 325 330 325 331 330 325 326 331 326 332 331 326 327 332 327 333 332 327 328 333 328 334 333 328 329 334 329 335 334 329 324 335 324 330 335 330 331 337 330 337 336 331 332 338 331 338 337 332 333 339 332 339 338 333 334 340 333 340 339 334 335 341 334 341 340 335 330 336 335 336 341 336 337 342 337 343 342 337 338 343 338 344 343 338 339 344 339 345 344 339 340 345 340 346 345 340 341 346 341 347 346 341 336 347 336 342 347 342 343 349 342 349 348 343 344 350 343 350 349 344 345 351 344 351 350 345 346 352 345 352 351 346 347 353 346 353 352 347 342 348 347 348 353 348 349 354 349 355 354 349 350 355 350 356 355 350 351 356 351 357 356 351 352 357 352 358 357 352 353 358 353 359 358 353 348 359 348 354 359 354 355 361 354 361 360 355 356 362 355 362 361 356 357 363 356 363 362 357 358 364 357 364 363 358 359 365 358 365 364 359 354 360 359 360 365 360 361 366 361 367 366 361 362 367 362 368 367 362 363 368 363 369 368 363 364 369 364 370 369 364 365 370 365 371 370 365 360 371 360 366 371 366 367 373 366 373 372 367 368 374 367 374 373 368 369 375 368 375 374 369 370 376 369 376 375 370 371 377 370 377 376 371 366 372 371 372 377 372 373 378 373 379 378 373 374 379 374 380 379 374 375 380 375 381 380 375 376 381 376 382 381 376 377 382 377 383 382 377 372 383 372 378 383 378 379 385 378 385 384 379 380 386 379 386 385 380 381 387 380 387 386 381 382 388 381 388 387 382 383 389 382 389 388 383 378 384 383 384 389 384 385 390 385 391 390 385 386 391 386 392 391 386 387 392 387 393 392 387 388 393 388 394 393 388 389 394 389 395 394 389 384 395 384 390 395 390 391 397 390 397 396 391 392 398 391 398 397 392 393 399 392 399 398 393 394 400 393 400 399 394 395 401 394 401 400 395 390 396 395 396 401 396 397 402 397 403 402 397 398 403 398 404 403 398 399 404 399 405 404 399 400 405 400 406 405 400 401 406 401 407 406 401 396 407 396 402 407 402 403 409 402 409 408 403 404 410 403 410 409 404 405 411 404 411 410 405 406 412 405 412 411 406 407 413 406 413 412 407 402 408 407 408 413 408 409 414 409 415 414 409 410 415 410 416 415 410 411 416 411 417 416 411 412 417 412 418 417 412 413 418 413 419 418 413 408 419 408 414 419 414 415 421 414 421 420 415 416 422 415 422 421 416 417 423 416 423 422 417 418 424 417 424 423 418 419 425 418 425 424 419 414 420 419 420 425 420 421 426 421 427 426 421 422 427 422 428 427 422 423 428 423 429 428 423 424 429 424 430 429 424 425 430 425 431 430 425 420 431 420 426 431 426 427 433 426 433 432 427 428 434 427 434 433 428 429 435 428 435 434 429 430 436 429 436 435 430 431 437 430 437 436 431 426 432 431 432 437 432 433 438 433 439 438 433 434 439 434 440 439 434 435 440 435 441 440 435 436 441 436 442 441 436 437 442 437 443 442 437 432 443 432 438 443 438 439 445 438 445 444 439 440 446 439 446 445 440 441 447 440 447 446 441 442 448 441 448 447 442 443 449 442 449 448 443 438 444 443 444 449 444 445 450 445 451 450 445 446 451 446 452 451 446 447 452 447 453 452 447 448 453 448 454 453 448 449 454 449 455 454 449 444 455 444 450 455 450 451 457 450 457 456 451 452 458 451 458 457 452 453 459 452 459 458 453 454 460 453 460 459 454 455 461 454 461 460 455 450 456 455 456 461 456 457 462 457 463 462 457 458 463 458 464 463 458 459 464 459 465 464 459 460 465 460 466 465 460 461 466 461 467 466 461 456 467 456 462 467 462 463 469 462 469 468 463 464 470 463 470 469 464 465 471 464 471 470 465 466 472 465 472 471 466 467 473 466 473 472 467 462 468 467 468 473 468 469 474 469 475 474 469 470 475 470 476 475 470 471 476 471 477 476 471 472 477 472 478 477 472 473 478 473 479 478 473 468 479 468 474 479 474 475 481 474 481 480 475 476 482 475 482 481 476 477 483 476 483 482 477 478 484 477 484 483 478 479 485 478 485 484 479 474 480 479 480 485 480 481 486 481 487 486 481 482 487 482 488 487 482 483 488 483 489 488 483 484 489 484 490 489 484 485 490 485 491 490 485 480 491 480 486 491 486 487 493 486 493 492 487 488 494 487 494 493 488 489 495 488 495 494 489 490 496 489 496 495 490 491 497 490 497 496 491 486 492 491 492 497 492 493 498 493 499 498 493 494 499 494 500 499 494 495 500 495 501 500 495 496 501 496 502 501 496 497 502 497 503 502 497 492 503 492 498 503 498 499 505 498 505 504 499 500 506 499 506 505 500 501 507 500 507 506 501 502 508 501 508 507 502 503 509 502 509 508 503 498 504 503 504 509 504 505 510 505 511 510 505 506 511 506 512 511 506 507 512 507 513 512 507 508 513 508 514 513 508 509 514 509 515 514 509 504 515 504 510 515 510 511 517 510 517 516 511 512 518 511 518 517 512 513 519 512 519 518 513 514 520 513 520 519 514 515 521 514 521 520 515 510 516 515 516 521 516 517 522 517 523 522 517 518 523 518 524 523 518 519 524 519 525 524 519 520 525 520 526 525 520 521 526 521 527 526 521 516 527 516 522 527 522 523 529 522 529 528 523 524 530 523 530 529 524 525 531 524 531 530 525 526 532 525 532 531 526 527 533 526 533 532 527 522 528 527 528 533 528 529 534 529 535 534 529 530 535 530 536 535 530 531 536 531 537 536 531 532 537 532 538 537 532 533 538 533 539 538 533 528 539 528 534 539 534 535 541 534 541 540 535 536 542 535 542 541 536 537 543 536 543 542 537 538 544 537 544 543 538 539 545 538 545 544 539 534 540 539 540 545 540 541 546 541 547 546 541 542 547 542 548 547 542 543 548 543 549 548 543 544 549 544 550 549 544 545 550 545 551 550 545 540 551 540 546 551 546 547 553 546 553 552 547 548 554 547 554 553 548 549 555 548 555 554 549 550 556 549 556 555 550 551 557 550 557 556 551 546 552 551 552 557 552 553 558 553 559 558 553 554 559 554 560 559 554 555 560 555 561 560 555 556 561 556 562 561 556 557 562 557 563 562 557 552 563 552 558 563 558 559 565 558 565 564 559 560 566 559 566 565 560 561 567 560 567 566 561 562 568 561 568 567 562 563 569 562 569 568 563 558 564 563 564 569 564 565 570 565 571 570 565 566 571 566 572 571 566 567 572 567 573 572 567 568 573 568 574 573 568 569 574 569 575 574 569 564 575 564 570 575 570 571 577 570 577 576 571 572 578 571 578 577 572 573 579 572 579 578 573 574 580 573 580 579 574 575 581 574 581 580 575 570 576 575 576 581 576 577 582 577 583 582 577 578 583 578 584 583 578 579 584 579 585 584 579 580 585 580 586 585 580 581 586 581 587 586 581 576 587 576 582 587 582 583 589 582 589 588 583 584 590 583 590 589 584 585 591 584 591 590 585 586 592 585 592 591 586 587 593 586 593 592 587 582 588 587 588 593 588 589 594 589 595 594 589 590 595 590 596 595 590 591 596 591 597 596 591 592 597 592 598 597 592 593 598 593 599 598 593 588 599 588 594 599 594 595 601 594 601 600 595 596 602 595 602 601 596 597 603 596 603 602 597 598 604 597 604 603 598 599 605 598 605 604 599 594 600 599 600 605 600 601 606 601 607 606 601 602 607 602 608 607 602 603 608 603 609 608 603 604 609 604 610 609 604 605 610 605 611 610 605 600 611 600 606 611 606 607 613 606 613 612 607 608 614 607 614 613 608 609 615 608 615 614 609 610 616 609 616 615 610 611 617 610 617 616 611 606 612 611 612 617 612 613 618 613 619 618 613 614 619 614 620 619 614 615 620 615 621 620 615 616 621 616 622 621 616 617 622 617 623 622 617 612 623 612 618 623 618 619 625 618 625 624 619 620 626 619 626 625 620 621 627 620 627 626 621 622 628 621 628 627 622 623 629 622 629 628 623 618 624 623 624 629 624 625 630 625 631 630 625 626 631 626 632 631 626 627 632 627 633 632 627 628 633 628 634 633 628 629 634 629 635 634 629 624 635 624 630 635 630 631 637 630 637 636 631 632 638 631 638 637 632 633 639 632 639 638 633 634 640 633 640 639 634 635 641 634 641 640 635 630 636 635 636 641 636 637 642 637 643 642 637 638 643 638 644 643 638 639 644 639 645 644 639 640 645 640 646 645 640 641 646 641 647 646 641 636 647 636 642 647 642 643 649 642 649 648 643 644 650 643 650 649 644 645 651 644 651 650 645 646 652 645 652 651 646 647 653 646 653 652 647 642 648 647 648 653 648 649 654 649 655 654 649 650 655 650 656 655 650 651 656 651 657 656 651 652 657 652 658 657 652 653 658 653 659 658 653 648 659 648 654 659 654 655 661 654 661 660 655 656 662 655 662 661 656 657 663 656 663 662 657 658 664 657 664 663 658 659 665 658 665 664 659 654 660 659 660 665 660 661 666 661 667 666 661 662 667 662 668 667 662 663 668 663 669 668 663 664 669 664 670 669 664 665 670 665 671 670 665 660 671 660 666 671 666 667 673 666 673 672 667 668 674 667 674 673 668 669 675 668 675 674 669 670 676 669 676 675 670 671 677 670 677 676 671 666 672 671 672 677 672 673 678 673 679 678 673 674 679 674 680 679 674 675 680 675 681 680 675 676 681 676 682 681 676 677 682 677 683 682 677 672 683 672 678 683 678 679 685 678 685 684 679 680 686 679 686 685 680 681 687 680 687 686 681 682 688 681 688 687 682 683 689 682 689 688 683 678 684 683 684 689 684 685 690 685 691 690 685 686 691 686 692 691 686 687 692 687 693 692 687 688 693 688 694 693 688 689 694 689 695 694 689 684 695 684 690 695 690 691 697 690 697 696 691 692 698 691 698 697 692 693 699 692 699 698 693 694 700 693 700 699 694 695 701 694 701 700 695 690 696 695 696 701 696 697 702 697 703 702 697 698 703 698 704 703 698 699 704 699 705 704 699 700 705 700 706 705 700 701 706 701 707 706 701 696 707 696 702 707 702 703 709 702 709 708 703 704 710 703 710 709 704 705 711 704 711 710 705 706 712 705 712 711 706 707 713 706 713 712 707 702 708 707 708 713 708 709 714 709 715 714 709 710 715 710 716 715 710 711 716 711 717 716 711 712 717 712 718 717 712 713 718 713 719 718 713 708 719 708 714 719 714 715 721 714 721 720 715 716 722 715 722 721 716 717 723 716 723 722 717 718 724 717 724 723 718 719 725 718 725 724 719 714 720 719 720 725 720 721 726 721 727 726 721 722 727 722 728 727 722 723 728 723 729 728 723 724 729 724 730 729 724 725 730 725 731 730 725 720 731 720 726 731 726 727 733 726 733 732 727 728 734 727 734 733 728 729 735 728 735 734 729 730 736 729 736 735 730 731 737 730 737 736 731 726 732 731 732 737 732 733 738 733 739 738 733 734 739 734 740 739 734 735 740 735 741 740 735 736 741 736 742 741 736 737 742 737 743 742 737 732 743 732 738 743 738 739 745 738 745 744 739 740 746 739 746 745 740 741 747 740 747 746 741 742 748 741 748 747 742 743 749 742 749 748 743 738 744 743 744 749 744 745 750 745 751 750 745 746 751 746 752 751 746 747 752 747 753 752 747 748 753 748 754 753 748 749 754 749 755 754 749 744 755 744 750 755 750 751 757 750 757 756 751 752 758 751 758 757 752 753 759 752 759 758 753 754 760 753 760 759 754 755 761 754 761 760 755 750 756 755 756 761 756 757 762 757 763 762 757 758 763 758 764 763 758 759 764 759 765 764 759 760 765 760 766 765 760 761 766 761 767 766 761 756 767 756 762 767 762 763 769 762 769 768 763 764 770 763 770 769 764 765 771 764 771 770 765 766 772 765 772 771 766 767 773 766 773 772 767 762 768 767 768 773 768 769 774 769 775 774 769 770 775 770 776 775 770 771 776 771 777 776 771 772 777 772 778 777 772 773 778 773 779 778 773 768 779 768 774 779 774 775 781 774 781 780 775 776 782 775 782 781 776 777 783 776 783 782 777 778 784 777 784 783 778 779 785 778 785 784 779 774 780 779 780 785 780 781 786 781 787 786 781 782 787 782 788 787 782 783 788 783 789 788 783 784 789 784 790 789 784 785 790 785 791 790 785 780 791 780 786 791 786 787 793 786 793 792 787 788 794 787 794 793 788 789 795 788 795 794 789 790 796 789 796 795 790 791 797 790 797 796 791 786 792 791 792 797 792 793 798 793 799 798 793 794 799 794 800 799 794 795 800 795 801 800 795 796 801 796 802 801 796 797 802 797 803 802 797 792 803 792 798 803 798 799 805 798 805 804 799 800 806 799 806 805 800 801 807 800 807 806 801 802 808 801 808 807 802 803 809 802 809 808 803 798 804 803 804 809 804 805 810 805 811 810 805 806 811 806 812 811 806 807 812 807 813 812 807 808 813 808 814 813 808 809 814 809 815 814 809 804 815 804 810 815 810 811 817 810 817 816 811 812 818 811 818 817 812 813 819 812 819 818 813 814 820 813 820 819 814 815 821 814 821 820 815 810 816 815 816 821 816 817 822 817 823 822 817 818 823 818 824 823 818 819 824 819 825 824 819 820 825 820 826 825 820 821 826 821 827 826 821 816 827 816 822 827 822 823 829 822 829 828 823 824 830 823 830 829 824 825 831 824 831 830 825 826 832 825 832 831 826 827 833 826 833 832 827 822 828 827 828 833 828 829 834 829 835 834 829 830 835 830 836 835 830 831 836 831 837 836 831 832 837 832 838 837 832 833 838 833 839 838 833 828 839 828 834 839 834 835 841 834 841 840 835 836 842 835 842 841 836 837 843 836 843 842 837 838 844 837 844 843 838 839 845 838 845 844 839 834 840 839 840 845 840 841 846 841 847 846 841 842 847 842 848 847 842 843 848 843 849 848 843 844 849 844 850 849 844 845 850 845 851 850 845 840 851 840 846 851 846 847 853 846 853 852 847 848 854 847 854 853 848 849 855 848 855 854 849 850 856 849 856 855 850 851 857 850 857 856 851 846 852 851 852 857 852 853 858 853 859 858 853 854 859 854 860 859 854 855 860 855 861 860 855 856 861 856 862 861 856 857 862 857 863 862 857 852 863 852 858 863 858 859 865 858 865 864 859 860 866 859 866 865 860 861 867 860 867 866 861 862 868 861 868 867 862 863 869 862 869 868 863 858 864 863 864 869 864 865 870 865 871 870 865 866 871 866 872 871 866 867 872 867 873 872 867 868 873 868 874 873 868 869 874 869 875 874 869 864 875 864 870 875 870 871 877 870 877 876 871 872 878 871 878 877 872 873 879 872 879 878 873 874 880 873 880 879 874 875 881 874 881 880 875 870 876 875 876 881 876 877 882 877 883 882 877 878 883 878 884 883 878 879 884 879 885 884 879 880 885 880 886 885 880 881 886 881 887 886 881 876 887 876 882 887 882 883 889 882 889 888 883 884 890 883 890 889 884 885 891 884 891 890 885 886 892 885 892 891 886 887 893 886 893 892 887 882 888 887 888 893 888 889 894 889 895 894 889 890 895 890 896 895 890 891 896 891 897 896 891 892 897 892 898 897 892 893 898 893 899 898 893 888 899 888 894 899 894 895 901 894 901 900 895 896 902 895 902 901 896 897 903 896 903 902 897 898 904 897 904 903 898 899 905 898 905 904 899 894 900 899 900 905 900 901 906 901 907 906 901 902 907 902 908 907 902 903 908 903 909 908 903 904 909 904 910 909 904 905 910 905 911 910 905 900 911 900 906 911 906 907 913 906 913 912 907 908 914 907 914 913 908 909 915 908 915 914 909 910 916 909 916 915 910 911 917 910 917 916 911 906 912 911 912 917 912 913 918 913 919 918 913 914 919 914 920 919 914 915 920 915 921 920 915 916 921 916 922 921 916 917 922 917 923 922 917 912 923 912 918 923 918 919 925 918 925 924 919 920 926 919 926 925 920 921 927 920 927 926 921 922 928 921 928 927 922 923 929 922 929 928 923 918 924 923 924 929 924 925 930 925 931 930 925 926 931 926 932 931 926 927 932 927 933 932 927 928 933 928 934 933 928 929 934 929 935 934 929 924 935 924 930 935 930 931 937 930 937 936 931 932 938 931 938 937 932 933 939 932 939 938 933 934 940 933 940 939 934 935 941 934 941 940 935 930 936 935 936 941 936 937 942 937 943 942 937 938 943 938 944 943 938 939 944 939 945 944 939 940 945 940 946 945 940 941 946 941 947 946 941 936 947 936 942 947 942 943 949 942 949 948 943 944 950 943 950 949 944 945 951 944 951 950 945 946 952 945 952 951 946 947 953 946 953 952 947 942 948 947 948 953 948 949 954 949 955 954 949 950 955 950 956 955 950 951 956 951 957 956 951 952 957 952 958 957 952 953 958 953 959 958 953 948 959 948 954 959 954 955 961 954 961 960 955 956 962 955 962 961 956 957 963 956 963 962 957 958 964 957 964 963 958 959 965 958 965 964 959 954 960 959 960 965 960 961 966 961 967 966 961 962 967 962 968 967 962 963 968 963 969 968 963 964 969 964 970 969 964 965 970 965 971 970 965 960 971 960 966 971 966 967 973 966 973 972 967 968 974 967 974 973 968 969 975 968 975 974 969 970 976 969 976 975 970 971 977 970 977 976 971 966 972 971 972 977 972 973 978 973 979 978 973 974 979 974 980 979 974 975 980 975 981 980 975 976 981 976 982 981 976 977 982 977 983 982 977 972 983 972 978 983 978 979 985 978 985 984 979 980 986 979 986 985 980 981 987 980 987 986 981 982 988 981 988 987 982 983 989 982 989 988 983 978 984 983 984 989 984 985 990 985 991 990 985 986 991 986 992 991 986 987 992 987 993 992 987 988 993 988 994 993 988 989 994 989 995 994 989 984 995 984 990 995 990 991 997 990 997 996 991 992 998 991 998 997 992 993 999 992 999 998 993 994 1000 993 1000 999 994 995 1001 994 1001 1000 995 990 996 995 996 1001 996 997 1002 997 1003 1002 997 998 1003 998 1004 1003 998 999 1004 999 1005 1004 999 1000 1005 1000 1006 1005 1000 1001 1006 1001 1007 1006 1001 996 1007 996 1002 1007 1002 1003 1009 1002 1009 1008 1003 1004 1010 1003 1010 1009 1004 1005 1011 1004 1011 1010 1005 1006 1012 1005 1012 1011 1006 1007 1013 1006 1013 1012 1007 1002 1008 1007 1008 1013 1008 1009 1014 1009 1015 1014 1009 1010 1015 1010 1016 1015 1010 1011 1016 1011 1017 1016 1011 1012 1017 1012 1018 1017 1012 1013 1018 1013 1019 1018 1013 1008 1019 1008 1014 1019 1014 1015 1021 1014 1021 1020 1015 1016 1022 1015 1022 1021 1016 1017 1023 1016 1023 1022 1017 1018 1024 1017 1024 1023 1018 1019 1025 1018 1025 1024 1019 1014 1020 1019 1020 1025 1020 1021 1026 1021 1027 1026 1021 1022 1027 1022 1028 1027 1022 1023 1028 1023 1029 1028 1023 1024 1029 1024 1030 1029 1024 1025 1030 1025 1031 1030 1025 1020 1031 1020 1026 1031 1026 1027 1033 1026 1033 1032 1027 1028 1034 1027 1034 1033 1028 1029 1035 1028 1035 1034 1029 1030 1036 1029 1036 1035 1030 1031 1037 1030 1037 1036 1031 1026 1032 1031 1032 1037 1032 1033 1038 1033 1039 1038 1033 1034 1039 1034 1040 1039 1034 1035 1040 1035 1041 1040 1035 1036 1041 1036 1042 1041 1036 1037 1042 1037 1043 1042 1037 1032 1043 1032 1038 1043 1038 1039 1045 1038 1045 1044 1039 1040 1046 1039 1046 1045 1040 1041 1047 1040 1047 1046 1041 1042 1048 1041 1048 1047 1042 1043 1049 1042 1049 1048 1043 1038 1044 1043 1044 1049 1044 1045 1050 1045 1051 1050 1045 1046 1051 1046 1052 1051 1046 1047 1052 1047 1053 1052 1047 1048 1053 1048 1054 1053 1048 1049 1054 1049 1055 1054 1049 1044 1055 1044 1050 1055 1050 1051 1057 1050 1057 1056 1051 1052 1058 1051 1058 1057 1052 1053 1059 1052 1059 1058 1053 1054 1060 1053 1060 1059 1054 1055 1061 1054 1061 1060 1055 1050 1056 1055 1056 1061 1056 1057 1062 1057 1063 1062 1057 1058 1063 1058 1064 1063 1058 1059 1064 1059 1065 1064 1059 1060 1065 1060 1066 1065 1060 1061 1066 1061 1067 1066 1061 1056 1067 1056 1062 1067 1062 1063 1069 1062 1069 1068 1063 1064 1070 1063 1070 1069 1064 1065 1071 1064 1071 1070 1065 1066 1072 1065 1072 1071 1066 1067 1073 1066 1073 1072 1067 1062 1068 1067 1068 1073 1068 1069 1074 1069 1075 1074 1069 1070 1075 1070 1076 1075 1070 1071 1076 1071 1077 1076 1071 1072 1077 1072 1078 1077 1072 1073 1078 1073 1079 1078 1073 1068 1079 1068 1074 1079 1074 1075 1081 1074 1081 1080 1075 1076 1082 1075 1082 1081 1076 1077 1083 1076 1083 1082 1077 1078 1084 1077 1084 1083 1078 1079 1085 1078 1085 1084 1079 1074 1080 1079 1080 1085 1080 1081 1086 1081 1087 1086 1081 1082 1087 1082 1088 1087 1082 1083 1088 1083 1089 1088 1083 1084 1089 1084 1090 1089 1084 1085 1090 1085 1091 1090 1085 1080 1091 1080 1086 1091 1086 1087 1093 1086 1093 1092 1087 1088 1094 1087 1094 1093 1088 1089 1095 1088 1095 1094 1089 1090 1096 1089 1096 1095 1090 1091 1097 1090 1097 1096 1091 1086 1092 1091 1092 1097 1092 1093 1098 1093 1099 1098 1093 1094 1099 1094 1100 1099 1094 1095 1100 1095 1101 1100 1095 1096 1101 1096 1102 1101 1096 1097 1102 1097 1103 1102 1097 1092 1103 1092 1098 1103 1098 1099 1105 1098 1105 1104 1099 1100 1106 1099 1106 1105 1100 1101 1107 1100 1107 1106 1101 1102 1108 1101 1108 1107 1102 1103 1109 1102 1109 1108 1103 1098 1104 1103 1104 1109 1104 1105 1110 1105 1111 1110 1105 1106 1111 1106 1112 1111 1106 1107 1112 1107 1113 1112 1107 1108 1113 1108 1114 1113 1108 1109 1114 1109 1115 1114 1109 1104 1115 1104 1110 1115 1110 1111 1117 1110 1117 1116 1111 1112 1118 1111 1118 1117 1112 1113 1119 1112 1119 1118 1113 1114 1120 1113 1120 1119 1114 1115 1121 1114 1121 1120 1115 1110 1116 1115 1116 1121 1116 1117 1122 1117 1123 1122 1117 1118 1123 1118 1124 1123 1118 1119 1124 1119 1125 1124 1119 1120 1125 1120 1126 1125 1120 1121 1126 1121 1127 1126 1121 1116 1127 1116 1122 1127 1122 1123 1129 1122 1129 1128 1123 1124 1130 1123 1130 1129 1124 1125 1131 1124 1131 1130 1125 1126 1132 1125 1132 1131 1126 1127 1133 1126 1133 1132 1127 1122 1128 1127 1128 1133 1128 1129 1134 1129 1135 1134 1129 1130 1135 1130 1136 1135 1130 1131 1136 1131 1137 1136 1131 1132 1137 1132 1138 1137 1132 1133 1138 1133 1139 1138 1133 1128 1139 1128 1134 1139 1134 1135 1141 1134 1141 1140 1135 1136 1142 1135 1142 1141 1136 1137 1143 1136 1143 1142 1137 1138 1144 1137 1144 1143 1138 1139 1145 1138 1145 1144 1139 1134 1140 1139 1140 1145 1140 1141 1146 1141 1147 1146 1141 1142 1147 1142 1148 1147 1142 1143 1148 1143 1149 1148 1143 1144 1149 1144 1150 1149 1144 1145 1150 1145 1151 1150 1145 1140 1151 1140 1146 1151 1146 1147 1153 1146 1153 1152 1147 1148 1154 1147 1154 1153 1148 1149 1155 1148 1155 1154 1149 1150 1156 1149 1156 1155 1150 1151 1157 1150 1157 1156 1151 1146 1152 1151 1152 1157 1152 1153 1158 1153 1159 1158 1153 1154 1159 1154 1160 1159 1154 1155 1160 1155 1161 1160 1155 1156 1161 1156 1162 1161 1156 1157 1162 1157 1163 1162 1157 1152 1163 1152 1158 1163 1158 1159 1165 1158 1165 1164 1159 1160 1166 1159 1166 1165 1160 1161 1167 1160 1167 1166 1161 1162 1168 1161 1168 1167 1162 1163 1169 1162 1169 1168 1163 1158 1164 1163 1164 1169 1164 1165 1170 1165 1171 1170 1165 1166 1171 1166 1172 1171 1166 1167 1172 1167 1173 1172 1167 1168 1173 1168 1174 1173 1168 1169 1174 1169 1175 1174 1169 1164 1175 1164 1170 1175 1170 1171 1177 1170 1177 1176 1171 1172 1178 1171 1178 1177 1172 1173 1179 1172 1179 1178 1173 1174 1180 1173 1180 1179 1174 1175 1181 1174 1181 1180 1175 1170 1176 1175 1176 1181 1176 1177 1182 1177 1183 1182 1177 1178 1183 1178 1184 1183 1178 1179 1184 1179 1185 1184 1179 1180 1185 1180 1186 1185 1180 1181 1186 1181 1187 1186 1181 1176 1187 1176 1182 1187 1182 1183 1189 1182 1189 1188 1183 1184 1190 1183 1190 1189 1184 1185 1191 1184 1191 1190 1185 1186 1192 1185 1192 1191 1186 1187 1193 1186 1193 1192 1187 1182 1188 1187 1188 1193 1188 1189 1194 1189 1195 1194 1189 1190 1195 1190 1196 1195 1190 1191 1196 1191 1197 1196 1191 1192 1197 1192 1198 1197 1192 1193 1198 1193 1199 1198 1193 1188 1199 1188 1194 1199 1194 1195 1201 1194 1201 1200 1195 1196 1202 1195 1202 1201 1196 1197 1203 1196 1203 1202 1197 1198 1204 1197 1204 1203 1198 1199 1205 1198 1205 1204 1199 1194 1200 1199 1200 1205 1200 1201 1206 1201 1207 1206 1201 1202 1207 1202 1208 1207 1202 1203 1208 1203 1209 1208 1203 1204 1209 1204 1210 1209 1204 1205 1210 1205 1211 1210 1205 1200 1211 1200 1206 1211 1206 1207 1213 1206 1213 1212 1207 1208 1214 1207 1214 1213 1208 1209 1215 1208 1215 1214 1209 1210 1216 1209 1216 1215 1210 1211 1217 1210 1217 1216 1211 1206 1212 1211 1212 1217 1212 1213 1218 1213 1219 1218 1213 1214 1219 1214 1220 1219 1214 1215 1220 1215 1221 1220 1215 1216 1221 1216 1222 1221 1216 1217 1222 1217 1223 1222 1217 1212 1223 1212 1218 1223 1218 1219 1225 1218 1225 1224 1219 1220 1226 1219 1226 1225 1220 1221 1227 1220 1227 1226 1221 1222 1228 1221 1228 1227 1222 1223 1229 1222 1229 1228 1223 1218 1224 1223 1224 1229 1224 1225 1230 1225 1231 1230 1225 1226 1231 1226 1232 1231 1226 1227 1232 1227 1233 1232 1227 1228 1233 1228 1234 1233 1228 1229 1234 1229 1235 1234 1229 1224 1235 1224 1230 1235 1230 1231 1237 1230 1237 1236 1231 1232 1238 1231 1238 1237 1232 1233 1239 1232 1239 1238 1233 1234 1240 1233 1240 1239 1234 1235 1241 1234 1241 1240 1235 1230 1236 1235 1236 1241 1236 1237 1242 1237 1243 1242 1237 1238 1243 1238 1244 1243 1238 1239 1244 1239 1245 1244 1239 1240 1245 1240 1246 1245 1240 1241 1246 1241 1247 1246 1241 1236 1247 1236 1242 1247 1242 1243 1249 1242 1249 1248 1243 1244 1250 1243 1250 1249 1244 1245 1251 1244 1251 1250 1245 1246 1252 1245 1252 1251 1246 1247 1253 1246 1253 1252 1247 1242 1248 1247 1248 1253 1248 1249 1254 1249 1255 1254 1249 1250 1255 1250 1256 1255 1250 1251 1256 1251 1257 1256 1251 1252 1257 1252 1258 1257 1252 1253 1258 1253 1259 1258 1253 1248 1259 1248 1254 1259 1254 1255 1261 1254 1261 1260 1255 1256 1262 1255 1262 1261 1256 1257 1263 1256 1263 1262 1257 1258 1264 1257 1264 1263 1258 1259 1265 1258 1265 1264 1259 1254 1260 1259 1260 1265 1260 1261 1266 1261 1267 1266 1261 1262 1267 1262 1268 1267 1262 1263 1268 1263 1269 1268 1263 1264 1269 1264 1270 1269 1264 1265 1270 1265 1271 1270 1265 1260 1271 1260 1266 1271 1266 1267 1273 1266 1273 1272 1267 1268 1274 1267 1274 1273 1268 1269 1275 1268 1275 1274 1269 1270 1276 1269 1276 1275 1270 1271 1277 1270 1277 1276 1271 1266 1272 1271 1272 1277 1272 1273 1278 1273 1279 1278 1273 1274 1279 1274 1280 1279 1274 1275 1280 1275 1281 1280 1275 1276 1281 1276 1282 1281 1276 1277 1282 1277 1283 1282 1277 1272 1283 1272 1278 1283 1278 1279 1285 1278 1285 1284 1279 1280 1286 1279 1286 1285 1280 1281 1287 1280 1287 1286 1281 1282 1288 1281 1288 1287 1282 1283 1289 1282 1289 1288 1283 1278 1284 1283 1284 1289 1284 1285 1290 1285 1291 1290 1285 1286 1291 1286 1292 1291 1286 1287 1292 1287 1293 1292 1287 1288 1293 1288 1294 1293 1288 1289 1294 1289 1295 1294 1289 1284 1295 1284 1290 1295 1290 1291 1297 1290 1297 1296 1291 1292 1298 1291 1298 1297 1292 1293 1299 1292 1299 1298 1293 1294 1300 1293 1300 1299 1294 1295 1301 1294 1301 1300 1295 1290 1296 1295 1296 1301 1296 1297 1302 1297 1303 1302 1297 1298 1303 1298 1304 1303 1298 1299 1304 1299 1305 1304 1299 1300 1305 1300 1306 1305 1300 1301 1306 1301 1307 1306 1301 1296 1307 1296 1302 1307 1302 1303 1309 1302 1309 1308 1303 1304 1310 1303 1310 1309 1304 1305 1311 1304 1311 1310 1305 1306 1312 1305 1312 1311 1306 1307 1313 1306 1313 1312 1307 1302 1308 1307 1308 1313 1308 1309 1314 1309 1315 1314 1309 1310 1315 1310 1316 1315 1310 1311 1316 1311 1317 1316 1311 1312 1317 1312 1318 1317 1312 1313 1318 1313 1319 1318 1313 1308 1319 1308 1314 1319 1314 1315 1321 1314 1321 1320 1315 1316 1322 1315 1322 1321 1316 1317 1323 1316 1323 1322 1317 1318 1324 1317 1324 1323 1318 1319 1325 1318 1325 1324 1319 1314 1320 1319 1320 1325 1326 1328 1327 1326 1329 1328 1326 1330 1329 1326 1331 1330 1326 1332 1331 1326 1327 1332 1333 1334 1335 1333 1335 1336 1333 1336 1337 1333 1337 1338 1333 1338 1339 1333 1339 1334" solid="false" colorPerVertex="false">
     <Coordinate point="0.01 -1 0 0.005 -1 -0.00866025 -0.005 -1 -0.00866025 -0.01 -1 -1.22465e-18 -0.005 -1 0.00866025 0.005 -1 0.00866025 0.00866025 -0.990909 -0.005 6.12323e-19 -0.990909 -0.01 -0.00866025 -0.990909 -0.005 -0.00866025 -0.990909 0.005 -1.83697e-18 -0.990909 0.01 0.00866025 -0.990909 0.005 0.01 -0.981818 0 0.005 -0.981818 -0.00866025 -0.005 -0.981818 -0.00866025 -0.01 -0.981818 -1.22465e-18 -0.005 -0.981818 0.00866025 0.005 -0.981818 0.00866025 0.00866025 -0.972727 -0.005 6.12323e-19 -0.972727 -0.01 -0.00866025 -0.972727 -0.005 -0.00866025 -0.972727 0.005 -1.83697e-18 -0.972727 0.01 0.00866025 -0.972727 0.005 0.01 -0.963636 0 0.005 -0.963636 -0.00866025 -0.005 -0.963636 -0.00866025 -0.01 -0.963636 -1.22465e-18 -0.005 -0.963636 0.00866025 0.005 -0.963636 0.00866025 0.00866025 -0.954545 -0.005 6.12323e-19 -0.954545 -0.01 -0.00866025 -0.954545 -0.005 -0.00866025 -0.954545 0.005 -1.83697e-18 -0.954545 0.01 0.00866025 -0.954545 0.005 0.01 -0.945455 0 0.005 -0.945455 -0.00866025 -0.005 -0.945455 -0.00866025 -0.01 -0.945455 -1.22465e-18 -0.005 -0.945455 0.00866025 0.005 -0.945455 0.00866025 0.00866025 -0.936364 -0.005 6.12323e-19 -0.936364 -0.01 -0.00866025 -0.936364 -0.005 -0.00866025 -0.936364 0.005 -1.83697e-18 -0.936364 0.01 0.00866025 -0.936364 0.005 0.01 -0.927273 0 0.005 -0.927273 -0.00866025 -0.005 -0.927273 -0.00866025 -0.01 -0.927273 -1.22465e-18 -0.005 -0.927273 0.00866025 0.005 -0.927273 0.00866025 0.00866025 -0.918182 -0.005 6.12323e-19 -0.918182 -0.01 -0.00866025 -0.918182 -0.005 -0.00866025 -0.918182 0.005 -1.83697e-18 -0.918182 0.01 0.00866025 -0.918182 0.005 0.01 -0.909091 0 0.005 -0.909091 -0.00866025 -0.005 -0.909091 -0.00866025 -0.01 -0.909091 -1.22465e-18 -0.005 -0.909091 0.00866025 0.005 -0.909091 0.00866025 0.00866025 -0.9 -0.005 6.12323e-19 -0.9 -0.01 -0.00866025 -0.9 -0.005 -0.00866025 -0.9 0.005 -1.83697e-18 -0.9 0.01 0.00866025 -0.9 0.005 0.01 -0.890909 0 0.005 -0.890909 -0.00866025 -0.005 -0.890909 -0.00866025 -0.01 -0.890909 -1.22465e-18 -0.005 -0.890909 0.00866025 0.005 -0.890909 0.00866025 0.00866025 -0.881818 -0.005 6.12323e-19 -0.881818 -0.01 -0.00866025 -0.881818 -0.005 -0.00866025 -0.881818 0.005 -1.83697e-18 -0.881818 0.01 0.00866025 -0.881818 0.005 0.01 -0.872727 0 0.005 -0.872727 -0.00866025 -0.005 -0.872727 -0.00866025 -0.01 -0.872727 -1.22465e-18 -0.005 -0.872727 0.00866025 0.005 -0.872727 0.00866025 0.00866025 -0.863636 -0.005 6.12323e-19 -0.863636 -0.01 -0.00866025 -0.863636 -0.005 -0.00866025 -0.863636 0.005 -1.83697e-18 -0.863636 0.01 0.00866025 -0.863636 0.005 0.01 -0.854545 0 0.005 -0.854545 -0.00866025 -0.005 -0.854545 -0.00866025 -0.01 -0.854545 -1.22465e-18 -0.005 -0.854545 0.00866025 0.005 -0.854545 0.00866025 0.00866025 -0.845455 -0.005 6.12323e-19 -0.845455 -0.01 -0.00866025 -0.845455 -0.005 -0.00866025 -0.845455 0.005 -1.83697e-18 -0.845455 0.01 0.00866025 -0.845455 0.005 0.01 -0.836364 0 0.005 -0.836364 -0.00866025 -0.005 -0.836364 -0.00866025 -0.01 -0.836364 -1.22465e-18 -0.005 -0.836364 0.00866025 0.005 -0.836364 0.00866025 0.00866025 -0.827273 -0.005 6.12323e-19 -0.827273 -0.01 -0.00866025 -0.827273 -0.005 -0.00866025 -0.827273 0.005 -1.83697e-18 -0.827273 0.01 0.00866025 -0.827273 0.005 0.01 -0.818182 0 0.005 -0.818182 -0.00866025 -0.005 -0.818182 -0.00866025 -0.01 -0.818182 -1.22465e-18 -0.005 -0.818182 0.00866025 0.005 -0.818182 0.00866025 0.00866025 -0.809091 -0.005 6.12323e-19 -0.809091 -0.01 -0.00866025 -0.809091 -0.005 -0.00866025 -0.809091 0.005 -1.83697e-18 -0.809091 0.01 0.00866025 -0.809091 0.005 0.01 -0.8 0 0.005 -0.8 -0.00866025 -0.005 -0.8 -0.00866025 -0.01 -0.8 -1.22465e-18 -0.005 -0.8 0.00866025 0.005 -0.8 0.00866025 0.00866025 -0.790909 -0.005 6.12323e-19 -0.790909 -0.01 -0.00866025 -0.790909 -0.005 -0.00866025 -0.790909 0.005 -1.83697e-18 -0.790909 0.01 0.00866025 -0.790909 0.005 0.01 -0.781818 0 0.005 -0.781818 -0.00866025 -0.005 -0.781818 -0.00866025 -0.01 -0.781818 -1.22465e-18 -0.005 -0.781818 0.00866025 0.005 -0.781818 0.00866025 0.00866025 -0.772727 -0.005 6.12323e-19 -0.772727 -0.01 -0.00866025 -0.772727 -0.005 -0.00866025 -0.772727 0.005 -1.83697e-18 -0.772727 0.01 0.00866025 -0.772727 0.005 0.01 -0.763636 0 0.005 -0.763636 -0.00866025 -0.005 -0.763636 -0.00866025 -0.01 -0.763636 -1.22465e-18 -0.005 -0.763636 0.00866025 0.005 -0.763636 0.00866025 0.00866025 -0.754545 -0.005 6.12323e-19 -0.754545 -0.01 -0.00866025 -0.754545 -0.005 -0.00866025 -0.754545 0.005 -1.83697e-18 -0.754545 0.01 0.00866025 -0.754545 0.005 0.01 -0.745455 0 0.005 -0.745455 -0.00866025 -0.005 -0.745455 -0.00866025 -0.01 -0.745455 -1.22465e-18 -0.005 -0.745455 0.00866025 0.005 -0.745455 0.00866025 0.00866025 -0.736364 -0.005 6.12323e-19 -0.736364 -0.01 -0.00866025 -0.736364 -0.005 -0.00866025 -0.736364 0.005 -1.83697e-18 -0.736364 0.01 0.00866025 -0.736364 0.005 0.01 -0.727273 0 0.005 -0.727273 -0.00866025 -0.005 -0.727273 -0.00866025 -0.01 -0.727273 -1.22465e-18 -0.005 -0.727273 0.00866025 0.005 -0.727273 0.00866025 0.00866025 -0.718182 -0.005 6.12323e-19 -0.718182 -0.01 -0.00866025 -0.718182 -0.005 -0.00866025 -0.718182 0.005 -1.83697e-18 -0.718182 0.01 0.00866025 -0.718182 0.005 0.01 -0.709091 0 0.005 -0.709091 -0.00866025 -0.005 -0.709091 -0.00866025 -0.01 -0.709091 -1.22465e-18 -0.005 -0.709091 0.00866025 0.005 -0.709091 0.00866025 0.00866025 -0.7 -0.005 6.12323e-19 -0.7 -0.01 -0.00866025 -0.7 -0.005 -0.00866025 -0.7 0.005 -1.83697e-18 -0.7 0.01 0.00866025 -0.7 0.005 0.01 -0.690909 0 0.005 -0.690909 -0.00866025 -0.005 -0.690909 -0.00866025 -0.01 -0.690909 -1.22465e-18 -0.005 -0.690909 0.00866025 0.005 -0.690909 0.00866025 0.00866025 -0.681818 -0.005 6.12323e-19 -0.681818 -0.01 -0.00866025 -0.681818 -0.005 -0.00866025 -0.681818 0.005 -1.83697e-18 -0.681818 0.01 0.00866025 -0.681818 0.005 0.01 -0.672727 0 0.005 -0.672727 -0.00866025 -0.005 -0.672727 -0.00866025 -0.01 -0.672727 -1.22465e-18 -0.005 -0.672727 0.00866025 0.005 -0.672727 0.00866025 0.00866025 -0.663636 -0.005 6.12323e-19 -0.663636 -0.01 -0.00866025 -0.663636 -0.005 -0.00866025 -0.663636 0.005 -1.83697e-18 -0.663636 0.01 0.00866025 -0.663636 0.005 0.01 -0.654545 0 0.005 -0.654545 -0.00866025 -0.005 -0.654545 -0.00866025 -0.01 -0.654545 -1.22465e-18 -0.005 -0.654545 0.00866025 0.005 -0.654545 0.00866025 0.00866025 -0.645455 -0.005 6.12323e-19 -0.645455 -0.01 -0.00866025 -0.645455 -0.005 -0.00866025 -0.645455 0.005 -1.83697e-18 -0.645455 0.01 0.00866025 -0.645455 0.005 0.01 -0.636364 0 0.005 -0.636364 -0.00866025 -0.005 -0.636364 -0.00866025 -0.01 -0.636364 -1.22465e-18 -0.005 -0.636364 0.00866025 0.005 -0.636364 0.00866025 0.00866025 -0.627273 -0.005 6.12323e-19 -0.627273 -0.01 -0.00866025 -0.627273 -0.005 -0.00866025 -0.627273 0.005 -1.83697e-18 -0.627273 0.01 0.00866025 -0.627273 0.005 0.01 -0.618182 0 0.005 -0.618182 -0.00866025 -0.005 -0.618182 -0.00866025 -0.01 -0.618182 -1.22465e-18 -0.005 -0.618182 0.00866025 0.005 -0.618182 0.00866025 0.00866025 -0.609091 -0.005 6.12323e-19 -0.609091 -0.01 -0.00866025 -0.609091 -0.005 -0.00866025 -0.609091 0.005 -1.83697e-18 -0.609091 0.01 0.00866025 -0.609091 0.005 0.01 -0.6 0 0.005 -0.6 -0.00866025 -0.005 -0.6 -0.00866025 -0.01 -0.6 -1.22465e-18 -0.005 -0.6 0.00866025 0.005 -0.6 0.00866025 0.00866025 -0.590909 -0.005 6.12323e-19 -0.590909 -0.01 -0.00866025 -0.590909 -0.005 -0.00866025 -0.590909 0.005 -1.83697e-18 -0.590909 0.01 0.00866025 -0.590909 0.005 0.01 -0.581818 0 0.005 -0.581818 -0.00866025 -0.005 -0.581818 -0.00866025 -0.01 -0.581818 -1.22465e-18 -0.005 -0.581818 0.00866025 0.005 -0.581818 0.00866025 0.00866025 -0.572727 -0.005 6.12323e-19 -0.572727 -0.01 -0.00866025 -0.572727 -0.005 -0.00866025 -0.572727 0.005 -1.83697e-18 -0.572727 0.01 0.00866025 -0.572727 0.005 0.01 -0.563636 0 0.005 -0.563636 -0.00866025 -0.005 -0.563636 -0.00866025 -0.01 -0.563636 -1.22465e-18 -0.005 -0.563636 0.00866025 0.005 -0.563636 0.00866025 0.00866025 -0.554545 -0.005 6.12323e-19 -0.554545 -0.01 -0.00866025 -0.554545 -0.005 -0.00866025 -0.554545 0.005 -1.83697e-18 -0.554545 0.01 0.00866025 -0.554545 0.005 0.01 -0.545455 0 0.005 -0.545455 -0.00866025 -0.005 -0.545455 -0.00866025 -0.01 -0.545455 -1.22465e-18 -0.005 -0.545455 0.00866025 0.005 -0.545455 0.00866025 0.00866025 -0.536364 -0.005 6.12323e-19 -0.536364 -0.01 -0.00866025 -0.536364 -0.005 -0.00866025 -0.536364 0.005 -1.83697e-18 -0.536364 0.01 0.00866025 -0.536364 0.005 0.01 -0.527273 0 0.005 -0.527273 -0.00866025 -0.005 -0.527273 -0.00866025 -0.01 -0.527273 -1.22465e-18 -0.005 -0.527273 0.00866025 0.005 -0.527273 0.00866025 0.00866025 -0.518182 -0.005 6.12323e-19 -0.518182 -0.01 -0.00866025 -0.518182 -0.005 -0.00866025 -0.518182 0.005 -1.83697e-18 -0.518182 0.01 0.00866025 -0.518182 0.005 0.01 -0.509091 0 0.005 -0.509091 -0.00866025 -0.005 -0.509091 -0.00866025 -0.01 -0.509091 -1.22465e-18 -0.005 -0.509091 0.00866025 0.005 -0.509091 0.00866025 0.00866025 -0.5 -0.005 6.12323e-19 -0.5 -0.01 -0.00866025 -0.5 -0.005 -0.00866025 -0.5 0.005 -1.83697e-18 -0.5 0.01 0.00866025 -0.5 0.005 0.01 -0.490909 0 0.005 -0.490909 -0.00866025 -0.005 -0.490909 -0.00866025 -0.01 -0.490909 -1.22465e-18 -0.005 -0.490909 0.00866025 0.005 -0.490909 0.00866025 0.00866025 -0.481818 -0.005 6.12323e-19 -0.481818 -0.01 -0.00866025 -0.481818 -0.005 -0.00866025 -0.481818 0.005 -1.83697e-18 -0.481818 0.01 0.00866025 -0.481818 0.005 0.01 -0.472727 0 0.005 -0.472727 -0.00866025 -0.005 -0.472727 -0.00866025 -0.01 -0.472727 -1.22465e-18 -0.005 -0.472727 0.00866025 0.005 -0.472727 0.00866025 0.00866025 -0.463636 -0.005 6.12323e-19 -0.463636 -0.01 -0.00866025 -0.463636 -0.005 -0.00866025 -0.463636 0.005 -1.83697e-18 -0.463636 0.01 0.00866025 -0.463636 0.005 0.01 -0.454545 0 0.005 -0.454545 -0.00866025 -0.005 -0.454545 -0.00866025 -0.01 -0.454545 -1.22465e-18 -0.005 -0.454545 0.00866025 0.005 -0.454545 0.00866025 0.00866025 -0.445455 -0.005 6.12323e-19 -0.445455 -0.01 -0.00866025 -0.445455 -0.005 -0.00866025 -0.445455 0.005 -1.83697e-18 -0.445455 0.01 0.00866025 -0.445455 0.005 0.01 -0.436364 0 0.005 -0.436364 -0.00866025 -0.005 -0.436364 -0.00866025 -0.01 -0.436364 -1.22465e-18 -0.005 -0.436364 0.00866025 0.005 -0.436364 0.00866025 0.00866025 -0.427273 -0.005 6.12323e-19 -0.427273 -0.01 -0.00866025 -0.427273 -0.005 -0.00866025 -0.427273 0.005 -1.83697e-18 -0.427273 0.01 0.00866025 -0.427273 0.005 0.01 -0.418182 0 0.005 -0.418182 -0.00866025 -0.005 -0.418182 -0.00866025 -0.01 -0.418182 -1.22465e-18 -0.005 -0.418182 0.00866025 0.005 -0.418182 0.00866025 0.00866025 -0.409091 -0.005 6.12323e-19 -0.409091 -0.01 -0.00866025 -0.409091 -0.005 -0.00866025 -0.409091 0.005 -1.83697e-18 -0.409091 0.01 0.00866025 -0.409091 0.005 0.01 -0.4 0 0.005 -0.4 -0.00866025 -0.005 -0.4 -0.00866025 -0.01 -0.4 -1.22465e-18 -0.005 -0.4 0.00866025 0.005 -0.4 0.00866025 0.00866025 -0.390909 -0.005 6.12323e-19 -0.390909 -0.01 -0.00866025 -0.390909 -0.005 -0.00866025 -0.390909 0.005 -1.83697e-18 -0.390909 0.01 0.00866025 -0.390909 0.005 0.01 -0.381818 0 0.005 -0.381818 -0.00866025 -0.005 -0.381818 -0.00866025 -0.01 -0.381818 -1.22465e-18 -0.005 -0.381818 0.00866025 0.005 -0.381818 0.00866025 0.00866025 -0.372727 -0.005 6.12323e-19 -0.372727 -0.01 -0.00866025 -0.372727 -0.005 -0.00866025 -0.372727 0.005 -1.83697e-18 -0.372727 0.01 0.00866025 -0.372727 0.005 0.01 -0.363636 0 0.005 -0.363636 -0.00866025 -0.005 -0.363636 -0.00866025 -0.01 -0.363636 -1.22465e-18 -0.005 -0.363636 0.00866025 0.005 -0.363636 0.00866025 0.00866025 -0.354545 -0.005 6.12323e-19 -0.354545 -0.01 -0.00866025 -0.354545 -0.005 -0.00866025 -0.354545 0.005 -1.83697e-18 -0.354545 0.01 0.00866025 -0.354545 0.005 0.01 -0.345455 0 0.005 -0.345455 -0.00866025 -0.005 -0.345455 -0.00866025 -0.01 -0.345455 -1.22465e-18 -0.005 -0.345455 0.00866025 0.005 -0.345455 0.00866025 0.00866025 -0.336364 -0.005 6.12323e-19 -0.336364 -0.01 -0.00866025 -0.336364 -0.005 -0.00866025 -0.336364 0.005 -1.83697e-18 -0.336364 0.01 0.00866025 -0.336364 0.005 0.01 -0.327273 0 0.005 -0.327273 -0.00866025 -0.005 -0.327273 -0.00866025 -0.01 -0.327273 -1.22465e-18 -0.005 -0.327273 0.00866025 0.005 -0.327273 0.00866025 0.00866025 -0.318182 -0.005 6.12323e-19 -0.318182 -0.01 -0.00866025 -0.318182 -0.005 -0.00866025 -0.318182 0.005 -1.83697e-18 -0.318182 0.01 0.00866025 -0.318182 0.005 0.01 -0.309091 0 0.005 -0.309091 -0.00866025 -0.005 -0.309091 -0.00866025 -0.01 -0.309091 -1.22465e-18 -0.005 -0.309091 0.00866025 0.005 -0.309091 0.00866025 0.00866025 -0.3 -0.005 6.12323e-19 -0.3 -0.01 -0.00866025 -0.3 -0.005 -0.00866025 -0.3 0.005 -1.83697e-18 -0.3 0.01 0.00866025 -0.3 0.005 0.01 -0.290909 0 0.005 -0.290909 -0.00866025 -0.005 -0.290909 -0.00866025 -0.01 -0.290909 -1.22465e-18 -0.005 -0.290909 0.00866025 0.005 -0.290909 0.00866025 0.00866025 -0.281818 -0.005 6.12323e-19 -0.281818 -0.01 -0.00866025 -0.281818 -0.005 -0.00866025 -0.281818 0.005 -1.83697e-18 -0.281818 0.01 0.00866025 -0.281818 0.005 0.01 -0.272727 0 0.005 -0.272727 -0.00866025 -0.005 -0.272727 -0.00866025 -0.01 -0.272727 -1.22465e-18 -0.005 -0.272727 0.00866025 0.005 -0.272727 0.00866025 0.00866025 -0.263636 -0.005 6.12323e-19 -0.263636 -0.01 -0.00866025 -0.263636 -0.005 -0.00866025 -0.263636 0.005 -1.83697e-18 -0.263636 0.01 0.00866025 -0.263636 0.005 0.01 -0.254545 0 0.005 -0.254545 -0.00866025 -0.005 -0.254545 -0.00866025 -0.01 -0.254545 -1.22465e-18 -0.005 -0.254545 0.00866025 0.005 -0.254545 0.00866025 0.00866025 -0.245455 -0.005 6.12323e-19 -0.245455 -0.01 -0.00866025 -0.245455 -0.005 -0.00866025 -0.245455 0.005 -1.83697e-18 -0.245455 0.01 0.00866025 -0.245455 0.005 0.01 -0.236364 0 0.005 -0.236364 -0.00866025 -0.005 -0.236364 -0.00866025 -0.01 -0.236364 -1.22465e-18 -0.005 -0.236364 0.00866025 0.005 -0.236364 0.00866025 0.00866025 -0.227273 -0.005 6.12323e-19 -0.227273 -0.01 -0.00866025 -0.227273 -0.005 -0.00866025 -0.227273 0.005 -1.83697e-18 -0.227273 0.01 0.00866025 -0.227273 0.005 0.01 -0.218182 0 0.005 -0.218182 -0.00866025 -0.005 -0.218182 -0.00866025 -0.01 -0.218182 -1.22465e-18 -0.005 -0.218182 0.00866025 0.005 -0.218182 0.00866025 0.00866025 -0.209091 -0.005 6.12323e-19 -0.209091 -0.01 -0.00866025 -0.209091 -0.005 -0.00866025 -0.209091 0.005 -1.83697e-18 -0.209091 0.01 0.00866025 -0.209091 0.005 0.01 -0.2 0 0.005 -0.2 -0.00866025 -0.005 -0.2 -0.00866025 -0.01 -0.2 -1.22465e-18 -0.005 -0.2 0.00866025 0.005 -0.2 0.00866025 0.00866025 -0.190909 -0.005 6.12323e-19 -0.190909 -0.01 -0.00866025 -0.190909 -0.005 -0.00866025 -0.190909 0.005 -1.83697e-18 -0.190909 0.01 0.00866025 -0.190909 0.005 0.01 -0.181818 0 0.005 -0.181818 -0.00866025 -0.005 -0.181818 -0.00866025 -0.01 -0.181818 -1.22465e-18 -0.005 -0.181818 0.00866025 0.005 -0.181818 0.00866025 0.00866025 -0.172727 -0.005 6.12323e-19 -0.172727 -0.01 -0.00866025 -0.172727 -0.005 -0.00866025 -0.172727 0.005 -1.83697e-18 -0.172727 0.01 0.00866025 -0.172727 0.005 0.01 -0.163636 0 0.005 -0.163636 -0.00866025 -0.005 -0.163636 -0.00866025 -0.01 -0.163636 -1.22465e-18 -0.005 -0.163636 0.00866025 0.005 -0.163636 0.00866025 0.00866025 -0.154545 -0.005 6.12323e-19 -0.154545 -0.01 -0.00866025 -0.154545 -0.005 -0.00866025 -0.154545 0.005 -1.83697e-18 -0.154545 0.01 0.00866025 -0.154545 0.005 0.01 -0.145455 0 0.005 -0.145455 -0.00866025 -0.005 -0.145455 -0.00866025 -0.01 -0.145455 -1.22465e-18 -0.005 -0.145455 0.00866025 0.005 -0.145455 0.00866025 0.00866025 -0.136364 -0.005 6.12323e-19 -0.136364 -0.01 -0.00866025 -0.136364 -0.005 -0.00866025 -0.136364 0.005 -1.83697e-18 -0.136364 0.01 0.00866025 -0.136364 0.005 0.01 -0.127273 0 0.005 -0.127273 -0.00866025 -0.005 -0.127273 -0.00866025 -0.01 -0.127273 -1.22465e-18 -0.005 -0.127273 0.00866025 0.005 -0.127273 0.00866025 0.00866025 -0.118182 -0.005 6.12323e-19 -0.118182 -0.01 -0.00866025 -0.118182 -0.005 -0.00866025 -0.118182 0.005 -1.83697e-18 -0.118182 0.01 0.00866025 -0.118182 0.005 0.01 -0.109091 0 0.005 -0.109091 -0.00866025 -0.005 -0.109091 -0.00866025 -0.01 -0.109091 -1.22465e-18 -0.005 -0.109091 0.00866025 0.005 -0.109091 0.00866025 0.00866025 -0.1 -0.005 6.12323e-19 -0.1 -0.01 -0.00866025 -0.1 -0.005 -0.00866025 -0.1 0.005 -1.83697e-18 -0.1 0.01 0.00866025 -0.1 0.005 0.01 -0.0909091 0 0.005 -0.0909091 -0.00866025 -0.005 -0.0909091 -0.00866025 -0.01 -0.0909091 -1.22465e-18 -0.005 -0.0909091 0.00866025 0.005 -0.0909091 0.00866025 0.00866025 -0.0818182 -0.005 6.12323e-19 -0.0818182 -0.01 -0.00866025 -0.0818182 -0.005 -0.00866025 -0.0818182 0.005 -1.83697e-18 -0.0818182 0.01 0.00866025 -0.0818182 0.005 0.01 -0.0727273 0 0.005 -0.0727273 -0.00866025 -0.005 -0.0727273 -0.00866025 -0.01 -0.0727273 -1.22465e-18 -0.005 -0.0727273 0.00866025 0.005 -0.0727273 0.00866025 0.00866025 -0.0636364 -0.005 6.12323e-19 -0.0636364 -0.01 -0.00866025 -0.0636364 -0.005 -0.00866025 -0.0636364 0.005 -1.83697e-18 -0.0636364 0.01 0.00866025 -0.0636364 0.005 0.01 -0.0545455 0 0.005 -0.0545455 -0.00866025 -0.005 -0.0545455 -0.00866025 -0.01 -0.0545455 -1.22465e-18 -0.005 -0.0545455 0.00866025 0.005 -0.0545455 0.00866025 0.00866025 -0.0454545 -0.005 6.12323e-19 -0.0454545 -0.01 -0.00866025 -0.0454545 -0.005 -0.00866025 -0.0454545 0.005 -1.83697e-18 -0.0454545 0.01 0.00866025 -0.0454545 0.005 0.01 -0.0363636 0 0.005 -0.0363636 -0.00866025 -0.005 -0.0363636 -0.00866025 -0.01 -0.0363636 -1.22465e-18 -0.005 -0.0363636 0.00866025 0.005 -0.0363636 0.00866025 0.00866025 -0.0272727 -0.005 6.12323e-19 -0.0272727 -0.01 -0.00866025 -0.0272727 -0.005 -0.00866025 -0.0272727 0.005 -1.83697e-18 -0.0272727 0.01 0.00866025 -0.0272727 0.005 0.01 -0.0181818 0 0.005 -0.0181818 -0.00866025 -0.005 -0.0181818 -0.00866025 -0.01 -0.0181818 -1.22465e-18 -0.005 -0.0181818 0.00866025 0.005 -0.0181818 0.00866025 0.00866025 -0.00909091 -0.005 6.12323e-19 -0.00909091 -0.01 -0.00866025 -0.00909091 -0.005 -0.00866025 -0.00909091 0.005 -1.83697e-18 -0.00909091 0.01 0.00866025 -0.00909091 0.005 0.01 0 0 0.005 0 -0.00866025 -0.005 0 -0.00866025 -0.01 0 -1.22465e-18 -0.005 0 0.00866025 0.005 0 0.00866025 0.00866025 0.00909091 -0.005 6.12323e-19 0.00909091 -0.01 -0.00866025 0.00909091 -0.005 -0.00866025 0.00909091 0.005 -1.83697e-18 0.00909091 0.01 0.00866025 0.00909091 0.005 0.01 0.0181818 0 0.005 0.0181818 -0.00866025 -0.005 0.0181818 -0.00866025 -0.01 0.0181818 -1.22465e-18 -0.005 0.0181818 0.00866025 0.005 0.0181818 0.00866025 0.00866025 0.0272727 -0.005 6.12323e-19 0.0272727 -0.01 -0.00866025 0.0272727 -0.005 -0.00866025 0.0272727 0.005 -1.83697e-18 0.0272727 0.01 0.00866025 0.0272727 0.005 0.01 0.0363636 0 0.005 0.0363636 -0.00866025 -0.005 0.0363636 -0.00866025 -0.01 0.0363636 -1.22465e-18 -0.005 0.0363636 0.00866025 0.005 0.0363636 0.00866025 0.00866025 0.0454545 -0.005 6.12323e-19 0.0454545 -0.01 -0.00866025 0.0454545 -0.005 -0.00866025 0.0454545 0.005 -1.83697e-18 0.0454545 0.01 0.00866025 0.0454545 0.005 0.01 0.0545455 0 0.005 0.0545455 -0.00866025 -0.005 0.0545455 -0.00866025 -0.01 0.0545455 -1.22465e-18 -0.005 0.0545455 0.00866025 0.005 0.0545455 0.00866025 0.00866025 0.0636364 -0.005 6.12323e-19 0.0636364 -0.01 -0.00866025 0.0636364 -0.005 -0.00866025 0.0636364 0.005 -1.83697e-18 0.0636364 0.01 0.00866025 0.0636364 0.005 0.01 0.0727273 0 0.005 0.0727273 -0.00866025 -0.005 0.0727273 -0.00866025 -0.01 0.0727273 -1.22465e-18 -0.005 0.0727273 0.00866025 0.005 0.0727273 0.00866025 0.00866025 0.0818182 -0.005 6.12323e-19 0.0818182 -0.01 -0.00866025 0.0818182 -0.005 -0.00866025 0.0818182 0.005 -1.83697e-18 0.0818182 0.01 0.00866025 0.0818182 0.005 0.01 0.0909091 0 0.005 0.0909091 -0.00866025 -0.005 0.0909091 -0.00866025 -0.01 0.0909091 -1.22465e-18 -0.005 0.0909091 0.00866025 0.005 0.0909091 0.00866025 0.00866025 0.1 -0.005 6.12323e-19 0.1 -0.01 -0.00866025 0.1 -0.005 -0.00866025 0.1 0.005 -1.83697e-18 0.1 0.01 0.00866025 0.1 0.005 0.01 0.109091 0 0.005 0.109091 -0.00866025 -0.005 0.109091 -0.00866025 -0.01 0.109091 -1.22465e-18 -0.005 0.109091 0.00866025 0.005 0.109091 0.00866025 0.00866025 0.118182 -0.005 6.12323e-19 0.118182 -0.01 -0.00866025 0.118182 -0.005 -0.00866025 0.118182 0.005 -1.83697e-18 0.118182 0.01 0.00866025 0.118182 0.005 0.01 0.127273 0 0.005 0.127273 -0.00866025 -0.005 0.127273 -0.00866025 -0.01 0.127273 -1.22465e-18 -0.005 0.127273 0.00866025 0.005 0.127273 0.00866025 0.00866025 0.136364 -0.005 6.12323e-19 0.136364 -0.01 -0.00866025 0.136364 -0.005 -0.00866025 0.136364 0.005 -1.83697e-18 0.136364 0.01 0.00866025 0.136364 0.005 0.01 0.145455 0 0.005 0.145455 -0.00866025 -0.005 0.145455 -0.00866025 -0.01 0.145455 -1.22465e-18 -0.005 0.145455 0.00866025 0.005 0.145455 0.00866025 0.00866025 0.154545 -0.005 6.12323e-19 0.154545 -0.01 -0.00866025 0.154545 -0.005 -0.00866025 0.154545 0.005 -1.83697e-18 0.154545 0.01 0.00866025 0.154545 0.005 0.01 0.163636 0 0.005 0.163636 -0.00866025 -0.005 0.163636 -0.00866025 -0.01 0.163636 -1.22465e-18 -0.005 0.163636 0.00866025 0.005 0.163636 0.00866025 0.00866025 0.172727 -0.005 6.12323e-19 0.172727 -0.01 -0.00866025 0.172727 -0.005 -0.00866025 0.172727 0.005 -1.83697e-18 0.172727 0.01 0.00866025 0.172727 0.005 0.01 0.181818 0 0.005 0.181818 -0.00866025 -0.005 0.181818 -0.00866025 -0.01 0.181818 -1.22465e-18 -0.005 0.181818 0.00866025 0.005 0.181818 0.00866025 0.00866025 0.190909 -0.005 6.12323e-19 0.190909 -0.01 -0.00866025 0.190909 -0.005 -0.00866025 0.190909 0.005 -1.83697e-18 0.190909 0.01 0.00866025 0.190909 0.005 0.01 0.2 0 0.005 0.2 -0.00866025 -0.005 0.2 -0.00866025 -0.01 0.2 -1.22465e-18 -0.005 0.2 0.00866025 0.005 0.2 0.00866025 0.00866025 0.209091 -0.005 6.12323e-19 0.209091 -0.01 -0.00866025 0.209091 -0.005 -0.00866025 0.209091 0.005 -1.83697e-18 0.209091 0.01 0.00866025 0.209091 0.005 0.01 0.218182 0 0.005 0.218182 -0.00866025 -0.005 0.218182 -0.00866025 -0.01 0.218182 -1.22465e-18 -0.005 0.218182 0.00866025 0.005 0.218182 0.00866025 0.00866025 0.227273 -0.005 6.12323e-19 0.227273 -0.01 -0.00866025 0.227273 -0.005 -0.00866025 0.227273 0.005 -1.83697e-18 0.227273 0.01 0.00866025 0.227273 0.005 0.01 0.236364 0 0.005 0.236364 -0.00866025 -0.005 0.236364 -0.00866025 -0.01 0.236364 -1.22465e-18 -0.005 0.236364 0.00866025 0.005 0.236364 0.00866025 0.00866025 0.245455 -0.005 6.12323e-19 0.245455 -0.01 -0.00866025 0.245455 -0.005 -0.00866025 0.245455 0.005 -1.83697e-18 0.245455 0.01 0.00866025 0.245455 0.005 0.01 0.254545 0 0.005 0.254545 -0.00866025 -0.005 0.254545 -0.00866025 -0.01 0.254545 -1.22465e-18 -0.005 0.254545 0.00866025 0.005 0.254545 0.00866025 0.00866025 0.263636 -0.005 6.12323e-19 0.263636 -0.01 -0.00866025 0.263636 -0.005 -0.00866025 0.263636 0.005 -1.83697e-18 0.263636 0.01 0.00866025 0.263636 0.005 0.01 0.272727 0 0.005 0.272727 -0.00866025 -0.005 0.272727 -0.00866025 -0.01 0.272727 -1.22465e-18 -0.005 0.272727 0.00866025 0.005 0.272727 0.00866025 0.00866025 0.281818 -0.005 6.12323e-19 0.281818 -0.01 -0.00866025 0.281818 -0.005 -0.00866025 0.281818 0.005 -1.83697e-18 0.281818 0.01 0.00866025 0.281818 0.005 0.01 0.290909 0 0.005 0.290909 -0.00866025 -0.005 0.290909 -0.00866025 -0.01 0.290909 -1.22465e-18 -0.005 0.290909 0.00866025 0.005 0.290909 0.00866025 0.00866025 0.3 -0.005 6.12323e-19 0.3 -0.01 -0.00866025 0.3 -0.005 -0.00866025 0.3 0.005 -1.83697e-18 0.3 0.01 0.00866025 0.3 0.005 0.01 0.309091 0 0.005 0.309091 -0.00866025 -0.005 0.309091 -0.00866025 -0.01 0.309091 -1.22465e-18 -0.005 0.309091 0.00866025 0.005 0.309091 0.00866025 0.00866025 0.318182 -0.005 6.12323e-19 0.318182 -0.01 -0.00866025 0.318182 -0.005 -0.00866025 0.318182 0.005 -1.83697e-18 0.318182 0.01 0.00866025 0.318182 0.005 0.01 0.327273 0 0.005 0.327273 -0.00866025 -0.005 0.327273 -0.00866025 -0.01 0.327273 -1.22465e-18 -0.005 0.327273 0.00866025 0.005 0.327273 0.00866025 0.00866025 0.336364 -0.005 6.12323e-19 0.336364 -0.01 -0.00866025 0.336364 -0.005 -0.00866025 0.336364 0.005 -1.83697e-18 0.336364 0.01 0.00866025 0.336364 0.005 0.01 0.345455 0 0.005 0.345455 -0.00866025 -0.005 0.345455 -0.00866025 -0.01 0.345455 -1.22465e-18 -0.005 0.345455 0.00866025 0.005 0.345455 0.00866025 0.00866025 0.354545 -0.005 6.12323e-19 0.354545 -0.01 -0.00866025 0.354545 -0.005 -0.00866025 0.354545 0.005 -1.83697e-18 0.354545 0.01 0.00866025 0.354545 0.005 0.01 0.363636 0 0.005 0.363636 -0.00866025 -0.005 0.363636 -0.00866025 -0.01 0.363636 -1.22465e-18 -0.005 0.363636 0.00866025 0.005 0.363636 0.00866025 0.00866025 0.372727 -0.005 6.12323e-19 0.372727 -0.01 -0.00866025 0.372727 -0.005 -0.00866025 0.372727 0.005 -1.83697e-18 0.372727 0.01 0.00866025 0.372727 0.005 0.01 0.381818 0 0.005 0.381818 -0.00866025 -0.005 0.381818 -0.00866025 -0.01 0.381818 -1.22465e-18 -0.005 0.381818 0.00866025 0.005 0.381818 0.00866025 0.00866025 0.390909 -0.005 6.12323e-19 0.390909 -0.01 -0.00866025 0.390909 -0.005 -0.00866025 0.390909 0.005 -1.83697e-18 0.390909 0.01 0.00866025 0.390909 0.005 0.01 0.4 0 0.005 0.4 -0.00866025 -0.005 0.4 -0.00866025 -0.01 0.4 -1.22465e-18 -0.005 0.4 0.00866025 0.005 0.4 0.00866025 0.00866025 0.409091 -0.005 6.12323e-19 0.409091 -0.01 -0.00866025 0.409091 -0.005 -0.00866025 0.409091 0.005 -1.83697e-18 0.409091 0.01 0.00866025 0.409091 0.005 0.01 0.418182 0 0.005 0.418182 -0.00866025 -0.005 0.418182 -0.00866025 -0.01 0.418182 -1.22465e-18 -0.005 0.418182 0.00866025 0.005 0.418182 0.00866025 0.00866025 0.427273 -0.005 6.12323e-19 0.427273 -0.01 -0.00866025 0.427273 -0.005 -0.00866025 0.427273 0.005 -1.83697e-18 0.427273 0.01 0.00866025 0.427273 0.005 0.01 0.436364 0 0.005 0.436364 -0.00866025 -0.005 0.436364 -0.00866025 -0.01 0.436364 -1.22465e-18 -0.005 0.436364 0.00866025 0.005 0.436364 0.00866025 0.00866025 0.445455 -0.005 6.12323e-19 0.445455 -0.01 -0.00866025 0.445455 -0.005 -0.00866025 0.445455 0.005 -1.83697e-18 0.445455 0.01 0.00866025 0.445455 0.005 0.01 0.454545 0 0.005 0.454545 -0.00866025 -0.005 0.454545 -0.00866025 -0.01 0.454545 -1.22465e-18 -0.005 0.454545 0.00866025 0.005 0.454545 0.00866025 0.00866025 0.463636 -0.005 6.12323e-19 0.463636 -0.01 -0.00866025 0.463636 -0.005 -0.00866025 0.463636 0.005 -1.83697e-18 0.463636 0.01 0.00866025 0.463636 0.005 0.01 0.472727 0 0.005 0.472727 -0.00866025 -0.005 0.472727 -0.00866025 -0.01 0.472727 -1.22465e-18 -0.005 0.472727 0.00866025 0.005 0.472727 0.00866025 0.00866025 0.481818 -0.005 6.12323e-19 0.481818 -0.01 -0.00866025 0.481818 -0.005 -0.00866025 0.481818 0.005 -1.83697e-18 0.481818 0.01 0.00866025 0.481818 0.005 0.01 0.490909 0 0.005 0.490909 -0.00866025 -0.005 0.490909 -0.00866025 -0.01 0.490909 -1.22465e-18 -0.005 0.490909 0.00866025 0.005 0.490909 0.00866025 0.00866025 0.5 -0.005 6.12323e-19 0.5 -0.01 -0.00866025 0.5 -0.005 -0.00866025 0.5 0.005 -1.83697e-18 0.5 0.01 0.00866025 0.5 0.005 0.01 0.509091 0 0.005 0.509091 -0.00866025 -0.005 0.509091 -0.00866025 -0.01 0.509091 -1.22465e-18 -0.005 0.509091 0.00866025 0.005 0.509091 0.00866025 0.00866025 0.518182 -0.005 6.12323e-19 0.518182 -0.01 -0.00866025 0.518182 -0.005 -0.00866025 0.518182 0.005 -1.83697e-18 0.518182 0.01 0.00866025 0.518182 0.005 0.01 0.527273 0 0.005 0.527273 -0.00866025 -0.005 0.527273 -0.00866025 -0.01 0.527273 -1.22465e-18 -0.005 0.527273 0.00866025 0.005 0.527273 0.00866025 0.00866025 0.536364 -0.005 6.12323e-19 0.536364 -0.01 -0.00866025 0.536364 -0.005 -0.00866025 0.536364 0.005 -1.83697e-18 0.536364 0.01 0.00866025 0.536364 0.005 0.01 0.545455 0 0.005 0.545455 -0.00866025 -0.005 0.545455 -0.00866025 -0.01 0.545455 -1.22465e-18 -0.005 0.545455 0.00866025 0.005 0.545455 0.00866025 0.00866025 0.554545 -0.005 6.12323e-19 0.554545 -0.01 -0.00866025 0.554545 -0.005 -0.00866025 0.554545 0.005 -1.83697e-18 0.554545 0.01 0.00866025 0.554545 0.005 0.01 0.563636 0 0.005 0.563636 -0.00866025 -0.005 0.563636 -0.00866025 -0.01 0.563636 -1.22465e-18 -0.005 0.563636 0.00866025 0.005 0.563636 0.00866025 0.00866025 0.572727 -0.005 6.12323e-19 0.572727 -0.01 -0.00866025 0.572727 -0.005 -0.00866025 0.572727 0.005 -1.83697e-18 0.572727 0.01 0.00866025 0.572727 0.005 0.01 0.581818 0 0.005 0.581818 -0.00866025 -0.005 0.581818 -0.00866025 -0.01 0.581818 -1.22465e-18 -0.005 0.581818 0.00866025 0.005 0.581818 0.00866025 0.00866025 0.590909 -0.005 6.12323e-19 0.590909 -0.01 -0.00866025 0.590909 -0.005 -0.00866025 0.590909 0.005 -1.83697e-18 0.590909 0.01 0.00866025 0.590909 0.005 0.01 0.6 0 0.005 0.6 -0.00866025 -0.005 0.6 -0.00866025 -0.01 0.6 -1.22465e-18 -0.005 0.6 0.00866025 0.005 0.6 0.00866025 0.00866025 0.609091 -0.005 6.12323e-19 0.609091 -0.01 -0.00866025 0.609091 -0.005 -0.00866025 0.609091 0.005 -1.83697e-18 0.609091 0.01 0.00866025 0.609091 0.005 0.01 0.618182 0 0.005 0.618182 -0.00866025 -0.005 0.618182 -0.00866025 -0.01 0.618182 -1.22465e-18 -0.005 0.618182 0.00866025 0.005 0.618182 0.00866025 0.00866025 0.627273 -0.005 6.12323e-19 0.627273 -0.01 -0.00866025 0.627273 -0.005 -0.00866025 0.627273 0.005 -1.83697e-18 0.627273 0.01 0.00866025 0.627273 0.005 0.01 0.636364 0 0.005 0.636364 -0.00866025 -0.005 0.636364 -0.00866025 -0.01 0.636364 -1.22465e-18 -0.005 0.636364 0.00866025 0.005 0.636364 0.00866025 0.00866025 0.645455 -0.005 6.12323e-19 0.645455 -0.01 -0.00866025 0.645455 -0.005 -0.00866025 0.645455 0.005 -1.83697e-18 0.645455 0.01 0.00866025 0.645455 0.005 0.01 0.654545 0 0.005 0.654545 -0.00866025 -0.005 0.654545 -0.00866025 -0.01 0.654545 -1.22465e-18 -0.005 0.654545 0.00866025 0.005 0.654545 0.00866025 0.00866025 0.663636 -0.005 6.12323e-19 0.663636 -0.01 -0.00866025 0.663636 -0.005 -0.00866025 0.663636 0.005 -1.83697e-18 0.663636 0.01 0.00866025 0.663636 0.005 0.01 0.672727 0 0.005 0.672727 -0.00866025 -0.005 0.672727 -0.00866025 -0.01 0.672727 -1.22465e-18 -0.005 0.672727 0.00866025 0.005 0.672727 0.00866025 0.00866025 0.681818 -0.005 6.12323e-19 0.681818 -0.01 -0.00866025 0.681818 -0.005 -0.00866025 0.681818 0.005 -1.83697e-18 0.681818 0.01 0.00866025 0.681818 0.005 0.01 0.690909 0 0.005 0.690909 -0.00866025 -0.005 0.690909 -0.00866025 -0.01 0.690909 -1.22465e-18 -0.005 0.690909 0.00866025 0.005 0.690909 0.00866025 0.00866025 0.7 -0.005 6.12323e-19 0.7 -0.01 -0.00866025 0.7 -0.005 -0.00866025 0.7 0.005 -1.83697e-18 0.7 0.01 0.00866025 0.7 0.005 0.01 0.709091 0 0.005 0.709091 -0.00866025 -0.005 0.709091 -0.00866025 -0.01 0.709091 -1.22465e-18 -0.005 0.709091 0.00866025 0.005 0.709091 0.00866025 0.00866025 0.718182 -0.005 6.12323e-19 0.718182 -0.01 -0.00866025 0.718182 -0.005 -0.00866025 0.718182 0.005 -1.83697e-18 0.718182 0.01 0.00866025 0.718182 0.005 0.01 0.727273 0 0.005 0.727273 -0.00866025 -0.005 0.727273 -0.00866025 -0.01 0.727273 -1.22465e-18 -0.005 0.727273 0.00866025 0.005 0.727273 0.00866025 0.00866025 0.736364 -0.005 6.12323e-19 0.736364 -0.01 -0.00866025 0.736364 -0.005 -0.00866025 0.736364 0.005 -1.83697e-18 0.736364 0.01 0.00866025 0.736364 0.005 0.01 0.745455 0 0.005 0.745455 -0.00866025 -0.005 0.745455 -0.00866025 -0.01 0.745455 -1.22465e-18 -0.005 0.745455 0.00866025 0.005 0.745455 0.00866025 0.00866025 0.754545 -0.005 6.12323e-19 0.754545 -0.01 -0.00866025 0.754545 -0.005 -0.00866025 0.754545 0.005 -1.83697e-18 0.754545 0.01 0.00866025 0.754545 0.005 0.01 0.763636 0 0.005 0.763636 -0.00866025 -0.005 0.763636 -0.00866025 -0.01 0.763636 -1.22465e-18 -0.005 0.763636 0.00866025 0.005 0.763636 0.00866025 0.00866025 0.772727 -0.005 6.12323e-19 0.772727 -0.01 -0.00866025 0.772727 -0.005 -0.00866025 0.772727 0.005 -1.83697e-18 0.772727 0.01 0.00866025 0.772727 0.005 0.01 0.781818 0 0.005 0.781818 -0.00866025 -0.005 0.781818 -0.00866025 -0.01 0.781818 -1.22465e-18 -0.005 0.781818 0.00866025 0.005 0.781818 0.00866025 0.00866025 0.790909 -0.005 6.12323e-19 0.790909 -0.01 -0.00866025 0.790909 -0.005 -0.00866025 0.790909 0.005 -1.83697e-18 0.790909 0.01 0.00866025 0.790909 0.005 0.01 0.8 0 0.005 0.8 -0.00866025 -0.005 0.8 -0.00866025 -0.01 0.8 -1.22465e-18 -0.005 0.8 0.00866025 0.005 0.8 0.00866025 0.00866025 0.809091 -0.005 6.12323e-19 0.809091 -0.01 -0.00866025 0.809091 -0.005 -0.00866025 0.809091 0.005 -1.83697e-18 0.809091 0.01 0.00866025 0.809091 0.005 0.01 0.818182 0 0.005 0.818182 -0.00866025 -0.005 0.818182 -0.00866025 -0.01 0.818182 -1.22465e-18 -0.005 0.818182 0.00866025 0.005 0.818182 0.00866025 0.00866025 0.827273 -0.005 6.12323e-19 0.827273 -0.01 -0.00866025 0.827273 -0.005 -0.00866025 0.827273 0.005 -1.83697e-18 0.827273 0.01 0.00866025 0.827273 0.005 0.01 0.836364 0 0.005 0.836364 -0.00866025 -0.005 0.836364 -0.00866025 -0.01 0.836364 -1.22465e-18 -0.005 0.836364 0.00866025 0.005 0.836364 0.00866025 0.00866025 0.845455 -0.005 6.12323e-19 0.845455 -0.01 -0.00866025 0.845455 -0.005 -0.00866025 0.845455 0.005 -1.83697e-18 0.845455 0.01 0.00866025 0.845455 0.005 0.01 0.854545 0 0.005 0.854545 -0.00866025 -0.005 0.854545 -0.00866025 -0.01 0.854545 -1.22465e-18 -0.005 0.854545 0.00866025 0.005 0.854545 0.00866025 0.00866025 0.863636 -0.005 6.12323e-19 0.863636 -0.01 -0.00866025 0.863636 -0.005 -0.00866025 0.863636 0.005 -1.83697e-18 0.863636 0.01 0.00866025 0.863636 0.005 0.01 0.872727 0 0.005 0.872727 -0.00866025 -0.005 0.872727 -0.00866025 -0.01 0.872727 -1.22465e-18 -0.005 0.872727 0.00866025 0.005 0.872727 0.00866025 0.00866025 0.881818 -0.005 6.12323e-19 0.881818 -0.01 -0.00866025 0.881818 -0.005 -0.00866025 0.881818 0.005 -1.83697e-18 0.881818 0.01 0.00866025 0.881818 0.005 0.01 0.890909 0 0.005 0.890909 -0.00866025 -0.005 0.890909 -0.00866025 -0.01 0.890909 -1.22465e-18 -0.005 0.890909 0.00866025 0.005 0.890909 0.00866025 0.00866025 0.9 -0.005 6.12323e-19 0.9 -0.01 -0.00866025 0.9 -0.005 -0.00866025 0.9 0.005 -1.83697e-18 0.9 0.01 0.00866025 0.9 0.005 0.01 0.909091 0 0.005 0.909091 -0.00866025 -0.005 0.909091 -0.00866025 -0.01 0.909091 -1.22465e-18 -0.005 0.909091 0.00866025 0.005 0.909091 0.00866025 0.00866025 0.918182 -0.005 6.12323e-19 0.918182 -0.01 -0.00866025 0.918182 -0.005 -0.00866025 0.918182 0.005 -1.83697e-18 0.918182 0.01 0.00866025 0.918182 0.005 0.01 0.927273 0 0.005 0.927273 -0.00866025 -0.005 0.927273 -0.00866025 -0.01 0.927273 -1.22465e-18 -0.005 0.927273 0.00866025 0.005 0.927273 0.00866025 0.00866025 0.936364 -0.005 6.12323e-19 0.936364 -0.01 -0.00866025 0.936364 -0.005 -0.00866025 0.936364 0.005 -1.83697e-18 0.936364 0.01 0.00866025 0.936364 0.005 0.01 0.945455 0 0.005 0.945455 -0.00866025 -0.005 0.945455 -0.00866025 -0.01 0.945455 -1.22465e-18 -0.005 0.945455 0.00866025 0.005 0.945455 0.00866025 0.00866025 0.954545 -0.005 6.12323e-19 0.954545 -0.01 -0.00866025 0.954545 -0.005 -0.00866025 0.954545 0.005 -1.83697e-18 0.954545 0.01 0.00866025 0.954545 0.005 0.01 0.963636 0 0.005 0.963636 -0.00866025 -0.005 0.963636 -0.00866025 -0.01 0.963636 -1.22465e-18 -0.005 0.963636 0.00866025 0.005 0.963636 0.00866025 0.00866025 0.972727 -0.005 6.12323e-19 0.972727 -0.01 -0.00866025 0.972727 -0.005 -0.00866025 0.972727 0.005 -1.83697e-18 0.972727 0.01 0.00866025 0.972727 0.005 0.01 0.981818 0 0.005 0.981818 -0.00866025 -0.005 0.981818 -0.00866025 -0.01 0.981818 -1.22465e-18 -0.005 0.981818 0.00866025 0.005 0.981818 0.00866025 0.00866025 0.990909 -0.005 6.12323e-19 0.990909 -0.01 -0.00866025 0.990909 -0.005 -0.00866025 0.990909 0.005 -1.83697e-18 0.990909 0.01 0.00866025 0.990909 0.005 0.01 1 0 0.005 1 -0.00866025 -0.005 1 -0.00866025 -0.01 1 -1.22465e-18 -0.005 1 0.00866025 0.005 1 0.00866025 0 -1 0 0.01 -1 0 0.005 -1 -0.00866025 -0.005 -1 -0.00866025 -0.01 -1 -1.22465e-18 -0.005 -1 0.00866025 0.005 -1 0.00866025 0 1 0 0.01 1 0 0.005 1 -0.00866025 -0.005 1 -0.00866025 -0.01 1 -1.22465e-18 -0.005 1 0.00866025 0.005 1 0.00866025"/>
     <Normal vector="0.998548 -0.0538637 0 0.499274 -0.0538636 -0.864768 -0.499274 -0.0538636 -0.864768 -0.998548 -0.0538637 0 -0.499274 -0.0538636 0.864768 0.499274 -0.0538636 0.864768 0.866025 0 -0.5 0 0 -1 -0.866025 0 -0.5 -0.866025 0 0.5 0 0 1 0.866025 0 0.5 1 0 0 0.5 0 -0.866025 -0.5 0 -0.866025 -1 0 0 -0.5 0 0.866025 0.5 0 0.866025 0.866025 1.70907e-07 -0.5 0 1.7642e-07 -1 -0.866025 1.70907e-07 -0.5 -0.866025 1.70907e-07 0.5 0 1.7642e-07 1 0.866025 1.70907e-07 0.5 1 -1.7642e-07 0 0.5 -1.70907e-07 -0.866025 -0.5 -1.70907e-07 -0.866025 -1 -1.7642e-07 0 -0.5 -1.70907e-07 0.866025 0.5 -1.70907e-07 0.866025 0.866025 0 -0.5 0 0 -1 -0.866025 0 -0.5 -0.866025 0 0.5 0 0 1 0.866025 0 0.5 1 0 0 0.5 0 -0.866025 -0.5 0 -0.866025 -1 0 0 -0.5 0 0.866025 0.5 0 0.866025 0.866025 0 -0.5 0 0 -1 -0.866025 0 -0.5 -0.866025 0 0.5 0 0 1 0.866025 0 0.5 1 0 0 0.5 0 -0.866025 -0.5 0 -0.866025 -1 0 0 -0.5 0 0.866025 0.5 0 0.866025 0.866025 0 -0.5 0 0 -1 -0.866025 0 -0.5 -0.866025 0 0.5 0 0 1 0.866025 0 0.5 1 1.7642e-07 0 0.5 1.70907e-07 -0.866025 -0.5 1.70907e-07 -0.866025 -1 1.7642e-07 0 -0.5 1.70907e-07 0.866025 0.5 1.70907e-07 0.866025 0.866025 -1.70907e-07 -0.5 0 -1.7642e-07 -1 -0.866025 -1.70907e-07 -0.5 -0.866025 -1.70907e-07 0.5 0 -1.7642e-07 1 0.866025 -1.70907e-07 0.5 1 0 0 0.5 0 -0.866025 -0.5 0 -0.866025 -1 0 0 -0.5 0 0.866025 0.5 0 0.866025 0.866025 0 -0.5 0 0 -1 -0.866025 0 -0.5 -0.866025 0 0.5 0 0 1 0.866025 0 0.5 1 0 0 0.5 0 -0.866025 -0.5 0 -0.866025 -1 0 0 -0.5 0 0.866025 0.5 0 0.866025 0.866025 0 -0.5 0 0 -1 -0.866025 0 -0.5 -0.866025 0 0.5 0 0 1 0.866025 0 0.5 1 0 0 0.5 0 -0.866025 -0.5 0 -0.866025 -1 0 0 -0.5 0 0.866025 0.5 0 0.866025 0.866025 1.70907e-07 -0.5 0 1.7642e-07 -1 -0.866025 1.70907e-07 -0.5 -0.866025 1.70907e-07 0.5 0 1.7642e-07 1 0.866025 1.70907e-07 0.5 1 -1.7642e-07 0 0.5 -1.70907e-07 -0.866025 -0.5 -1.70907e-07 -0.866025 -1 -1.7642e-07 0 -0.5 -1.70907e-07 0.866025 0.5 -1.70907e-07 0.866025 0.866025 0 -0.5 0 0 -1 -0.866025 0 -0.5 -0.866025 0 0.5 0 0 1 0.866025 0 0.5 1 0 0 0.5 0 -0.866025 -0.5 0 -0.866025 -1 0 0 -0.5 0 0.866025 0.5 0 0.866025 0.866025 0 -0.5 0 0 -1 -0.866025 0 -0.5 -0.866025 0 0.5 0 0 1 0.866025 0 0.5 1 0 0 0.5 0 -0.866025 -0.5 0 -0.866025 -1 0 0 -0.5 0 0.866025 0.5 0 0.866025 0.866025 0 -0.5 0 0 -1 -0.866025 0 -0.5 -0.866025 0 0.5 0 0 1 0.866025 0 0.5 1 1.7642e-07 0 0.5 1.70907e-07 -0.866025 -0.5 1.70907e-07 -0.866025 -1 1.7642e-07 0 -0.5 1.70907e-07 0.866025 0.5 1.70907e-07 0.866025 0.866025 -1.70907e-07 -0.5 0 -1.7642e-07 -1 -0.866025 -1.70907e-07 -0.5 -0.866025 -1.70907e-07 0.5 0 -1.7642e-07 1 0.866025 -1.70907e-07 0.5 1 0 0 0.5 0 -0.866025 -0.5 0 -0.866025 -1 0 0 -0.5 0 0.866025 0.5 0 0.866025 0.866025 0 -0.5 0 0 -1 -0.866025 0 -0.5 -0.866025 0 0.5 0 0 1 0.866025 0 0.5 1 0 0 0.5 0 -0.866025 -0.5 0 -0.866025 -1 0 0 -0.5 0 0.866025 0.5 0 0.866025 0.866025 0 -0.5 0 0 -1 -0.866025 0 -0.5 -0.866025 0 0.5 0 0 1 0.866025 0 0.5 1 1.7642e-07 0 0.5 1.70907e-07 -0.866025 -0.5 1.70907e-07 -0.866025 -1 1.7642e-07 0 -0.5 1.70907e-07 0.866025 0.5 1.70907e-07 0.866025 0.866025 -1.70907e-07 -0.5 0 -1.7642e-07 -1 -0.866025 -1.70907e-07 -0.5 -0.866025 -1.70907e-07 0.5 0 -1.7642e-07 1 0.866025 -1.70907e-07 0.5 1 0 0 0.5 0 -0.866025 -0.5 0 -0.866025 -1 0 0 -0.5 0 0.866025 0.5 0 0.866025 0.866025 0 -0.5 0 0 -1 -0.866025 0 -0.5 -0.866025 0 0.5 0 0 1 0.866025 0 0.5 1 0 0 0.5 0 -0.866025 -0.5 0 -0.866025 -1 0 0 -0.5 0 0.866025 0.5 0 0.866025 0.866025 0 -0.5 0 0 -1 -0.866025 0 -0.5 -0.866025 0 0.5 0 0 1 0.866025 0 0.5 1 0 0 0.5 0 -0.866025 -0.5 0 -0.866025 -1 0 0 -0.5 0 0.866025 0.5 0 0.866025 0.866025 1.70907e-07 -0.5 0 1.7642e-07 -1 -0.866025 1.70907e-07 -0.5 -0.866025 1.70907e-07 0.5 0 1.7642e-07 1 0.866025 1.70907e-07 0.5 1 -1.7642e-07 0 0.5 -1.70907e-07 -0.866025 -0.5 -1.70907e-07 -0.866025 -1 -1.7642e-07 0 -0.5 -1.70907e-07 0.866025 0.5 -1.70907e-07 0.866025 0.866025 0 -0.5 0 0 -1 -0.866025 0 -0.5 -0.866025 0 0.5 0 0 1 0.866025 0 0.5 1 0 0 0.5 0 -0.866025 -0.5 0 -0.866025 -1 0 0 -0.5 0 0.866025 0.5 0 0.866025 0.866025 0 -0.5 0 0 -1 -0.866025 0 -0.5 -0.866025 0 0.5 0 0 1 0.866025 0 0.5 1 0 0 0.5 0 -0.866025 -0.5 0 -0.866025 -1 0 0 -0.5 0 0.866025 0.5 0 0.866025 0.866025 0 -0.5 0 0 -1 -0.866025 0 -0.5 -0.866025 0 0.5 0 0 1 0.866025 0 0.5 1 1.7642e-07 0 0.5 1.70907e-07 -0.866025 -0.5 1.70907e-07 -0.866025 -1 1.7642e-07 0 -0.5 1.70907e-07 0.866025 0.5 1.70907e-07 0.866025 0.866025 -1.70907e-07 -0.5 0 -1.7642e-07 -1 -0.866025 -1.70907e-07 -0.5 -0.866025 -1.70907e-07 0.5 0 -1.7642e-07 1 0.866025 -1.70907e-07 0.5 1 0 0 0.5 0 -0.866025 -0.5 0 -0.866025 -1 0 0 -0.5 0 0.866025 0.5 0 0.866025 0.866025 0 -0.5 0 0 -1 -0.866025 0 -0.5 -0.866025 0 0.5 0 0 1 0.866025 0 0.5 1 0 0 0.5 0 -0.866025 -0.5 0 -0.866025 -1 0 0 -0.5 0 0.866025 0.5 0 0.866025 0.866025 0 -0.5 0 0 -1 -0.866025 0 -0.5 -0.866025 0 0.5 0 0 1 0.866025 0 0.5 1 0 0 0.5 0 -0.866025 -0.5 0 -0.866025 -1 0 0 -0.5 0 0.866025 0.5 0 0.866025 0.866025 1.70907e-07 -0.5 0 1.7642e-07 -1 -0.866025 1.70907e-07 -0.5 -0.866025 1.70907e-07 0.5 0 1.7642e-07 1 0.866025 1.70907e-07 0.5 1 -1.7642e-07 0 0.5 -1.70907e-07 -0.866025 -0.5 -1.70907e-07 -0.866025 -1 -1.7642e-07 0 -0.5 -1.70907e-07 0.866025 0.5 -1.70907e-07 0.866025 0.866025 0 -0.5 0 0 -1 -0.866025 0 -0.5 -0.866025 0 0.5 0 0 1 0.866025 0 0.5 1 0 0 0.5 0 -0.866025 -0.5 0 -0.866025 -1 0 0 -0.5 0 0.866025 0.5 0 0.866025 0.866025 0 -0.5 0 0 -1 -0.866025 0 -0.5 -0.866025 0 0.5 0 0 1 0.866025 0 0.5 1 9.09664e-08 0 0.5 8.82098e-08 -0.866025 -0.5 8.82098e-08 -0.866025 -1 9.09664e-08 0 -0.5 8.82098e-08 0.866025 0.5 8.82098e-08 0.866025 0.866025 -8.26967e-08 -0.5 0 -8.54533e-08 -1 -0.866025 -8.26967e-08 -0.5 -0.866025 -8.26967e-08 0.5 0 -8.54533e-08 1 0.866025 -8.26967e-08 0.5 1 0 0 0.5 0 -0.866025 -0.5 0 -0.866025 -1 0 0 -0.5 0 0.866025 0.5 0 0.866025 0.866025 0 -0.5 0 0 -1 -0.866025 0 -0.5 -0.866025 0 0.5 0 0 1 0.866025 0 0.5 1 9.09664e-08 0 0.5 8.82098e-08 -0.866025 -0.5 8.82098e-08 -0.866025 -1 9.09664e-08 0 -0.5 8.82098e-08 0.866025 0.5 8.82098e-08 0.866025 0.866025 -8.26967e-08 -0.5 0 -8.54533e-08 -1 -0.866025 -8.26967e-08 -0.5 -0.866025 -8.26967e-08 0.5 0 -8.54533e-08 1 0.866025 -8.26967e-08 0.5 1 0 0 0.5 0 -0.866025 -0.5 0 -0.866025 -1 0 0 -0.5 0 0.866025 0.5 0 0.866025 0.866025 8.82098e-08 -0.5 0 9.09664e-08 -1 -0.866025 8.82098e-08 -0.5 -0.866025 8.82098e-08 0.5 0 9.09664e-08 1 0.866025 8.82098e-08 0.5 1 -8.54533e-08 0 0.5 -8.26967e-08 -0.866025 -0.5 -8.26967e-08 -0.866025 -1 -8.54533e-08 0 -0.5 -8.26967e-08 0.866025 0.5 -8.26967e-08 0.866025 0.866025 0 -0.5 0 0 -1 -0.866025 0 -0.5 -0.866025 0 0.5 0 0 1 0.866025 0 0.5 1 0 0 0.5 0 -0.866025 -0.5 0 -0.866025 -1 0 0 -0.5 0 0.866025 0.5 0 0.866025 0.866025 8.82098e-08 -0.5 0 9.09664e-08 -1 -0.866025 8.82098e-08 -0.5 -0.866025 8.82098e-08 0.5 0 9.09664e-08 1 0.866025 8.82098e-08 0.5 1 -8.54533e-08 0 0.5 -8.26967e-08 -0.866025 -0.5 -8.26967e-08 -0.866025 -1 -8.54533e-08 0 -0.5 -8.26967e-08 0.866025 0.5 -8.26967e-08 0.866025 0.866025 0 -0.5 0 0 -1 -0.866025 0 -0.5 -0.866025 0 0.5 0 0 1 0.866025 0 0.5 1 9.09664e-08 0 0.5 8.82098e-08 -0.866025 -0.5 8.82098e-08 -0.866025 -1 9.09664e-08 0 -0.5 8.82098e-08 0.866025 0.5 8.82098e-08 0.866025 0.866025 -8.26967e-08 -0.5 0 -8.54533e-08 -1 -0.866025 -8.26967e-08 -0.5 -0.866025 -8.26967e-08 0.5 0 -8.54533e-08 1 0.866025 -8.26967e-08 0.5 1 0 0 0.5 0 -0.866025 -0.5 0 -0.866025 -1 0 0 -0.5 0 0.866025 0.5 0 0.866025 0.866025 8.82098e-08 -0.5 0 9.09664e-08 -1 -0.866025 8.82098e-08 -0.5 -0.866025 8.82098e-08 0.5 0 9.09664e-08 1 0.866025 8.82098e-08 0.5 1 -8.54533e-08 0 0.5 -8.26967e-08 -0.866025 -0.5 -8.26967e-08 -0.866025 -1 -8.54533e-08 0 -0.5 -8.26967e-08 0.866025 0.5 -8.26967e-08 0.866025 0.866025 0 -0.5 0 0 -1 -0.866025 0 -0.5 -0.866025 0 0.5 0 0 1 0.866025 0 0.5 1 0 0 0.5 0 -0.866025 -0.5 0 -0.866025 -1 0 0 -0.5 0 0.866025 0.5 0 0.866025 0.866025 8.82098e-08 -0.5 0 9.09664e-08 -1 -0.866025 8.82098e-08 -0.5 -0.866025 8.82098e-08 0.5 0 9.09664e-08 1 0.866025 8.82098e-08 0.5 1 -8.54533e-08 0 0.5 -8.26967e-08 -0.866025 -0.5 -8.26967e-08 -0.866025 -1 -8.54533e-08 0 -0.5 -8.26967e-08 0.866025 0.5 -8.26967e-08 0.866025 0.866025 0 -0.5 0 0 -1 -0.866025 0 -0.5 -0.866025 0 0.5 0 0 1 0.866025 0 0.5 1 9.09664e-08 0 0.5 8.82098e-08 -0.866025 -0.5 8.82098e-08 -0.866025 -1 9.09664e-08 0 -0.5 8.82098e-08 0.866025 0.5 8.82098e-08 0.866025 0.866025 -8.26967e-08 -0.5 0 -8.54533e-08 -1 -0.866025 -8.26967e-08 -0.5 -0.866025 -8.26967e-08 0.5 0 -8.54533e-08 1 0.866025 -8.26967e-08 0.5 1 0 0 0.5 0 -0.866025 -0.5 0 -0.866025 -1 0 0 -0.5 0 0.866025 0.5 0 0.866025 0.866025 4.41049e-08 -0.5 0 4.41049e-08 -1 -0.866025 4.41049e-08 -0.5 -0.866025 4.41049e-08 0.5 0 4.41049e-08 1 0.866025 4.41049e-08 0.5 1 -4.41049e-08 0 0.5 -4.41049e-08 -0.866025 -0.5 -4.41049e-08 -0.866025 -1 -4.41049e-08 0 -0.5 -4.41049e-08 0.866025 0.5 -4.41049e-08 0.866025 0.866025 4.41049e-08 -0.5 0 4.41049e-08 -1 -0.866025 4.41049e-08 -0.5 -0.866025 4.41049e-08 0.5 0 4.41049e-08 1 0.866025 4.41049e-08 0.5 1 0 0 0.5 0 -0.866025 -0.5 0 -0.866025 -1 0 0 -0.5 0 0.866025 0.5 0 0.866025 0.866025 -4.41049e-08 -0.5 0 -4.41049e-08 -1 -0.866025 -4.41049e-08 -0.5 -0.866025 -4.41049e-08 0.5 0 -4.41049e-08 1 0.866025 -4.41049e-08 0.5 1 4.41049e-08 0 0.5 4.41049e-08 -0.866025 -0.5 4.41049e-08 -0.866025 -1 4.41049e-08 0 -0.5 4.41049e-08 0.866025 0.5 4.41049e-08 0.866025 0.866025 -4.41049e-08 -0.5 0 -4.41049e-08 -1 -0.866025 -4.41049e-08 -0.5 -0.866025 -4.41049e-08 0.5 0 -4.41049e-08 1 0.866025 -4.41049e-08 0.5 1 4.41049e-08 0 0.5 4.41049e-08 -0.866025 -0.5 4.41049e-08 -0.866025 -1 4.41049e-08 0 -0.5 4.41049e-08 0.866025 0.5 4.41049e-08 0.866025 0.866025 0 -0.5 0 0 -1 -0.866025 0 -0.5 -0.866025 0 0.5 0 0 1 0.866025 0 0.5 1 -4.41049e-08 0 0.5 -4.41049e-08 -0.866025 -0.5 -4.41049e-08 -0.866025 -1 -4.41049e-08 0 -0.5 -4.41049e-08 0.866025 0.5 -4.41049e-08 0.866025 0.866025 4.41049e-08 -0.5 0 4.41049e-08 -1 -0.866025 4.41049e-08 -0.5 -0.866025 4.41049e-08 0.5 0 4.41049e-08 1 0.866025 4.41049e-08 0.5 1 -4.41049e-08 0 0.5 -4.41049e-08 -0.866025 -0.5 -4.41049e-08 -0.866025 -1 -4.41049e-08 0 -0.5 -4.41049e-08 0.866025 0.5 -4.41049e-08 0.866025 0.866025 4.41049e-08 -0.5 0 4.41049e-08 -1 -0.866025 4.41049e-08 -0.5 -0.866025 4.41049e-08 0.5 0 4.41049e-08 1 0.866025 4.41049e-08 0.5 1 -1.92959e-08 0 0.5 -2.75656e-08 -0.866025 -0.5 -2.75656e-08 -0.866025 -1 -1.92959e-08 0 -0.5 -2.75656e-08 0.866025 0.5 -2.75656e-08 0.866025 0.866025 -5.51311e-09 -0.5 0 -5.51311e-09 -1 -0.866025 -5.51311e-09 -0.5 -0.866025 -5.51311e-09 0.5 0 -5.51311e-09 1 0.866025 -5.51311e-09 0.5 1 -5.51311e-09 0 0.5 -5.51311e-09 -0.866025 -0.5 -5.51311e-09 -0.866025 -1 -5.51311e-09 0 -0.5 -5.51311e-09 0.866025 0.5 -5.51311e-09 0.866025 0.866025 -5.51311e-09 -0.5 0 -5.51311e-09 -1 -0.866025 -5.51311e-09 -0.5 -0.866025 -5.51311e-09 0.5 0 -5.51311e-09 1 0.866025 -5.51311e-09 0.5 1 1.37828e-08 0 0.5 2.20525e-08 -0.866025 -0.5 2.20525e-08 -0.866025 -1 1.37828e-08 0 -0.5 2.20525e-08 0.866025 0.5 2.20525e-08 0.866025 0.866025 -2.75656e-08 -0.5 0 -1.92959e-08 -1 -0.866025 -2.75656e-08 -0.5 -0.866025 -2.75656e-08 0.5 0 -1.92959e-08 1 0.866025 -2.75656e-08 0.5 1 -5.51311e-09 0 0.5 -5.51311e-09 -0.866025 -0.5 -5.51311e-09 -0.866025 -1 -5.51311e-09 0 -0.5 -5.51311e-09 0.866025 0.5 -5.51311e-09 0.866025 0.866025 -5.51311e-09 -0.5 0 -5.51311e-09 -1 -0.866025 -5.51311e-09 -0.5 -0.866025 -5.51311e-09 0.5 0 -5.51311e-09 1 0.866025 -5.51311e-09 0.5 1 -5.51311e-09 0 0.5 -5.51311e-09 -0.866025 -0.5 -5.51311e-09 -0.866025 -1 -5.51311e-09 0 -0.5 -5.51311e-09 0.866025 0.5 -5.51311e-09 0.866025 0.866025 8.26967e-09 -0.5 0 5.51311e-09 -1 -0.866025 8.26967e-09 -0.5 -0.866025 8.26967e-09 0.5 0 5.51311e-09 1 0.866025 8.26967e-09 0.5 1 -1.10262e-08 0 0.5 -1.37828e-08 -0.866025 -0.5 -1.37828e-08 -0.866025 -1 -1.10262e-08 0 -0.5 -1.37828e-08 0.866025 0.5 -1.37828e-08 0.866025 0.866025 8.26967e-09 -0.5 0 -2.75656e-09 -1 -0.866025 8.26967e-09 -0.5 -0.866025 8.26967e-09 0.5 0 -2.75656e-09 1 0.866025 8.26967e-09 0.5 1 5.51311e-09 0 0.5 -2.75656e-09 -0.866025 -0.5 -2.75656e-09 -0.866025 -1 5.51311e-09 0 -0.5 -2.75656e-09 0.866025 0.5 -2.75656e-09 0.866025 0.866025 0 -0.5 0 0 -1 -0.866025 0 -0.5 -0.866025 0 0.5 0 0 1 0.866025 0 0.5 1 0 0 0.5 0 -0.866025 -0.5 0 -0.866025 -1 0 0 -0.5 0 0.866025 0.5 0 0.866025 0.866025 0 -0.5 0 0 -1 -0.866025 0 -0.5 -0.866025 0 0.5 0 0 1 0.866025 0 0.5 1 0 0 0.5 8.26967e-09 -0.866025 -0.5 8.26967e-09 -0.866025 -1 0 0 -0.5 8.26967e-09 0.866025 0.5 8.26967e-09 0.866025 0.866025 -8.26967e-09 -0.5 0 2.75656e-09 -1 -0.866025 -8.26967e-09 -0.5 -0.866025 -8.26967e-09 0.5 0 2.75656e-09 1 0.866025 -8.26967e-09 0.5 1 5.51311e-09 0 0.5 8.26967e-09 -0.866025 -0.5 8.26967e-09 -0.866025 -1 5.51311e-09 0 -0.5 8.26967e-09 0.866025 0.5 8.26967e-09 0.866025 0.866025 -1.37828e-08 -0.5 0 -1.10262e-08 -1 -0.866025 -1.37828e-08 -0.5 -0.866025 -1.37828e-08 0.5 0 -1.10262e-08 1 0.866025 -1.37828e-08 0.5 1 -5.51311e-09 0 0.5 -5.51311e-09 -0.866025 -0.5 -5.51311e-09 -0.866025 -1 -5.51311e-09 0 -0.5 -5.51311e-09 0.866025 0.5 -5.51311e-09 0.866025 0.866025 -5.51311e-09 -0.5 0 -5.51311e-09 -1 -0.866025 -5.51311e-09 -0.5 -0.866025 -5.51311e-09 0.5 0 -5.51311e-09 1 0.866025 -5.51311e-09 0.5 1 -5.51311e-09 0 0.5 -5.51311e-09 -0.866025 -0.5 -5.51311e-09 -0.866025 -1 -5.51311e-09 0 -0.5 -5.51311e-09 0.866025 0.5 -5.51311e-09 0.866025 0.866025 2.20525e-08 -0.5 0 1.37828e-08 -1 -0.866025 2.20525e-08 -0.5 -0.866025 2.20525e-08 0.5 0 1.37828e-08 1 0.866025 2.20525e-08 0.5 1 -1.92959e-08 0 0.5 -2.75656e-08 -0.866025 -0.5 -2.75656e-08 -0.866025 -1 -1.92959e-08 0 -0.5 -2.75656e-08 0.866025 0.5 -2.75656e-08 0.866025 0.866025 -5.51311e-09 -0.5 0 -5.51311e-09 -1 -0.866025 -5.51311e-09 -0.5 -0.866025 -5.51311e-09 0.5 0 -5.51311e-09 1 0.866025 -5.51311e-09 0.5 1 -5.51311e-09 0 0.5 -5.51311e-09 -0.866025 -0.5 -5.51311e-09 -0.866025 -1 -5.51311e-09 0 -0.5 -5.51311e-09 0.866025 0.5 -5.51311e-09 0.866025 0.866025 -5.51311e-09 -0.5 0 -5.51311e-09 -1 -0.866025 -5.51311e-09 -0.5 -0.866025 -5.51311e-09 0.5 0 -5.51311e-09 1 0.866025 -5.51311e-09 0.5 1 1.37828e-08 0 0.5 2.20525e-08 -0.866025 -0.5 2.20525e-08 -0.866025 -1 1.37828e-08 0 -0.5 2.20525e-08 0.866025 0.5 2.20525e-08 0.866025 0.866025 -4.41049e-08 -0.5 0 -4.41049e-08 -1 -0.866025 -4.41049e-08 -0.5 -0.866025 -4.41049e-08 0.5 0 -4.41049e-08 1 0.866025 -4.41049e-08 0.5 1 4.41049e-08 0 0.5 4.41049e-08 -0.866025 -0.5 4.41049e-08 -0.866025 -1 4.41049e-08 0 -0.5 4.41049e-08 0.866025 0.5 4.41049e-08 0.866025 0.866025 -4.41049e-08 -0.5 0 -4.41049e-08 -1 -0.866025 -4.41049e-08 -0.5 -0.866025 -4.41049e-08 0.5 0 -4.41049e-08 1 0.866025 -4.41049e-08 0.5 1 4.41049e-08 0 0.5 4.41049e-08 -0.866025 -0.5 4.41049e-08 -0.866025 -1 4.41049e-08 0 -0.5 4.41049e-08 0.866025 0.5 4.41049e-08 0.866025 0.866025 0 -0.5 0 0 -1 -0.866025 0 -0.5 -0.866025 0 0.5 0 0 1 0.866025 0 0.5 1 -4.41049e-08 0 0.5 -4.41049e-08 -0.866025 -0.5 -4.41049e-08 -0.866025 -1 -4.41049e-08 0 -0.5 -4.41049e-08 0.866025 0.5 -4.41049e-08 0.866025 0.866025 4.41049e-08 -0.5 0 4.41049e-08 -1 -0.866025 4.41049e-08 -0.5 -0.866025 4.41049e-08 0.5 0 4.41049e-08 1 0.866025 4.41049e-08 0.5 1 -4.41049e-08 0 0.5 -4.41049e-08 -0.866025 -0.5 -4.41049e-08 -0.866025 -1 -4.41049e-08 0 -0.5 -4.41049e-08 0.866025 0.5 -4.41049e-08 0.866025 0.866025 4.41049e-08 -0.5 0 4.41049e-08 -1 -0.866025 4.41049e-08 -0.5 -0.866025 4.41049e-08 0.5 0 4.41049e-08 1 0.866025 4.41049e-08 0.5 1 0 0 0.5 0 -0.866025 -0.5 0 -0.866025 -1 0 0 -0.5 0 0.866025 0.5 0 0.866025 0.866025 -4.41049e-08 -0.5 0 -4.41049e-08 -1 -0.866025 -4.41049e-08 -0.5 -0.866025 -4.41049e-08 0.5 0 -4.41049e-08 1 0.866025 -4.41049e-08 0.5 1 4.41049e-08 0 0.5 4.41049e-08 -0.866025 -0.5 4.41049e-08 -0.866025 -1 4.41049e-08 0 -0.5 4.41049e-08 0.866025 0.5 4.41049e-08 0.866025 0.866025 -4.41049e-08 -0.5 0 -4.41049e-08 -1 -0.866025 -4.41049e-08 -0.5 -0.866025 -4.41049e-08 0.5 0 -4.41049e-08 1 0.866025 -4.41049e-08 0.5 1 0 0 0.5 0 -0.866025 -0.5 0 -0.866025 -1 0 0 -0.5 0 0.866025 0.5 0 0.866025 0.866025 8.82098e-08 -0.5 0 9.09664e-08 -1 -0.866025 8.82098e-08 -0.5 -0.866025 8.82098e-08 0.5 0 9.09664e-08 1 0.866025 8.82098e-08 0.5 1 -8.54533e-08 0 0.5 -8.26967e-08 -0.866025 -0.5 -8.26967e-08 -0.866025 -1 -8.54533e-08 0 -0.5 -8.26967e-08 0.866025 0.5 -8.26967e-08 0.866025 0.866025 0 -0.5 0 0 -1 -0.866025 0 -0.5 -0.866025 0 0.5 0 0 1 0.866025 0 0.5 1 9.09664e-08 0 0.5 8.82098e-08 -0.866025 -0.5 8.82098e-08 -0.866025 -1 9.09664e-08 0 -0.5 8.82098e-08 0.866025 0.5 8.82098e-08 0.866025 0.866025 -8.26967e-08 -0.5 0 -8.54533e-08 -1 -0.866025 -8.26967e-08 -0.5 -0.866025 -8.26967e-08 0.5 0 -8.54533e-08 1 0.866025 -8.26967e-08 0.5 1 0 0 0.5 0 -0.866025 -0.5 0 -0.866025 -1 0 0 -0.5 0 0.866025 0.5 0 0.866025 0.866025 0 -0.5 0 0 -1 -0.866025 0 -0.5 -0.866025 0 0.5 0 0 1 0.866025 0 0.5 1 9.09664e-08 0 0.5 8.82098e-08 -0.866025 -0.5 8.82098e-08 -0.866025 -1 9.09664e-08 0 -0.5 8.82098e-08 0.866025 0.5 8.82098e-08 0.866025 0.866025 -8.26967e-08 -0.5 0 -8.54533e-08 -1 -0.866025 -8.26967e-08 -0.5 -0.866025 -8.26967e-08 0.5 0 -8.54533e-08 1 0.866025 -8.26967e-08 0.5 1 0 0 0.5 0 -0.866025 -0.5 0 -0.866025 -1 0 0 -0.5 0 0.866025 0.5 0 0.866025 0.866025 8.82098e-08 -0.5 0 9.09664e-08 -1 -0.866025 8.82098e-08 -0.5 -0.866025 8.82098e-08 0.5 0 9.09664e-08 1 0.866025 8.82098e-08 0.5 1 -8.54533e-08 0 0.5 -8.26967e-08 -0.866025 -0.5 -8.26967e-08 -0.866025 -1 -8.54533e-08 0 -0.5 -8.26967e-08 0.866025 0.5 -8.26967e-08 0.866025 0.866025 0 -0.5 0 0 -1 -0.866025 0 -0.5 -0.866025 0 0.5 0 0 1 0.866025 0 0.5 1 9.09664e-08 0 0.5 8.82098e-08 -0.866025 -0.5 8.82098e-08 -0.866025 -1 9.09664e-08 0 -0.5 8.82098e-08 0.866025 0.5 8.82098e-08 0.866025 0.866025 -8.26967e-08 -0.5 0 -8.54533e-08 -1 -0.866025 -8.26967e-08 -0.5 -0.866025 -8.26967e-08 0.5 0 -8.54533e-08 1 0.866025 -8.26967e-08 0.5 1 0 0 0.5 0 -0.866025 -0.5 0 -0.866025 -1 0 0 -0.5 0 0.866025 0.5 0 0.866025 0.866025 0 -0.5 0 0 -1 -0.866025 0 -0.5 -0.866025 0 0.5 0 0 1 0.866025 0 0.5 1 9.09664e-08 0 0.5 8.82098e-08 -0.866025 -0.5 8.82098e-08 -0.866025 -1 9.09664e-08 0 -0.5 8.82098e-08 0.866025 0.5 8.82098e-08 0.866025 0.866025 -8.26967e-08 -0.5 0 -8.54533e-08 -1 -0.866025 -8.26967e-08 -0.5 -0.866025 -8.26967e-08 0.5 0 -8.54533e-08 1 0.866025 -8.26967e-08 0.5 1 0 0 0.5 0 -0.866025 -0.5 0 -0.866025 -1 0 0 -0.5 0 0.866025 0.5 0 0.866025 0.866025 8.82098e-08 -0.5 0 9.09664e-08 -1 -0.866025 8.82098e-08 -0.5 -0.866025 8.82098e-08 0.5 0 9.09664e-08 1 0.866025 8.82098e-08 0.5 1 -8.54533e-08 0 0.5 -8.26967e-08 -0.866025 -0.5 -8.26967e-08 -0.866025 -1 -8.54533e-08 0 -0.5 -8.26967e-08 0.866025 0.5 -8.26967e-08 0.866025 0.866025 0 -0.5 0 0 -1 -0.866025 0 -0.5 -0.866025 0 0.5 0 0 1 0.866025 0 0.5 1 0 0 0.5 0 -0.866025 -0.5 0 -0.866025 -1 0 0 -0.5 0 0.866025 0.5 0 0.866025 0.866025 8.82098e-08 -0.5 0 9.09664e-08 -1 -0.866025 8.82098e-08 -0.5 -0.866025 8.82098e-08 0.5 0 9.09664e-08 1 0.866025 8.82098e-08 0.5 1 -8.54533e-08 0 0.5 -8.26967e-08 -0.866025 -0.5 -8.26967e-08 -0.866025 -1 -8.54533e-08 0 -0.5 -8.26967e-08 0.866025 0.5 -8.26967e-08 0.866025 0.866025 0 -0.5 0 0 -1 -0.866025 0 -0.5 -0.866025 0 0.5 0 0 1 0.866025 0 0.5 1 0 0 0.5 0 -0.866025 -0.5 0 -0.866025 -1 0 0 -0.5 0 0.866025 0.5 0 0.866025 0.866025 0 -0.5 0 0 -1 -0.866025 0 -0.5 -0.866025 0 0.5 0 0 1 0.866025 0 0.5 1 1.7642e-07 0 0.5 1.70907e-07 -0.866025 -0.5 1.70907e-07 -0.866025 -1 1.7642e-07 0 -0.5 1.70907e-07 0.866025 0.5 1.70907e-07 0.866025 0.866025 -1.70907e-07 -0.5 0 -1.7642e-07 -1 -0.866025 -1.70907e-07 -0.5 -0.866025 -1.70907e-07 0.5 0 -1.7642e-07 1 0.866025 -1.70907e-07 0.5 1 0 0 0.5 0 -0.866025 -0.5 0 -0.866025 -1 0 0 -0.5 0 0.866025 0.5 0 0.866025 0.866025 0 -0.5 0 0 -1 -0.866025 0 -0.5 -0.866025 0 0.5 0 0 1 0.866025 0 0.5 1 0 0 0.5 0 -0.866025 -0.5 0 -0.866025 -1 0 0 -0.5 0 0.866025 0.5 0 0.866025 0.866025 0 -0.5 0 0 -1 -0.866025 0 -0.5 -0.866025 0 0.5 0 0 1 0.866025 0 0.5 1 0 0 0.5 0 -0.866025 -0.5 0 -0.866025 -1 0 0 -0.5 0 0.866025 0.5 0 0.866025 0.866025 1.70907e-07 -0.5 0 1.7642e-07 -1 -0.866025 1.70907e-07 -0.5 -0.866025 1.70907e-07 0.5 0 1.7642e-07 1 0.866025 1.70907e-07 0.5 1 -1.7642e-07 0 0.5 -1.70907e-07 -0.866025 -0.5 -1.70907e-07 -0.866025 -1 -1.7642e-07 0 -0.5 -1.70907e-07 0.866025 0.5 -1.70907e-07 0.866025 0.866025 0 -0.5 0 0 -1 -0.866025 0 -0.5 -0.866025 0 0.5 0 0 1 0.866025 0 0.5 1 0 0 0.5 0 -0.866025 -0.5 0 -0.866025 -1 0 0 -0.5 0 0.866025 0.5 0 0.866025 0.866025 0 -0.5 0 0 -1 -0.866025 0 -0.5 -0.866025 0 0.5 0 0 1 0.866025 0 0.5 1 0 0 0.5 0 -0.866025 -0.5 0 -0.866025 -1 0 0 -0.5 0 0.866025 0.5 0 0.866025 0.866025 0 -0.5 0 0 -1 -0.866025 0 -0.5 -0.866025 0 0.5 0 0 1 0.866025 0 0.5 1 1.7642e-07 0 0.5 1.70907e-07 -0.866025 -0.5 1.70907e-07 -0.866025 -1 1.7642e-07 0 -0.5 1.70907e-07 0.866025 0.5 1.70907e-07 0.866025 0.866025 -1.70907e-07 -0.5 0 -1.7642e-07 -1 -0.866025 -1.70907e-07 -0.5 -0.866025 -1.70907e-07 0.5 0 -1.7642e-07 1 0.866025 -1.70907e-07 0.5 1 0 0 0.5 0 -0.866025 -0.5 0 -0.866025 -1 0 0 -0.5 0 0.866025 0.5 0 0.866025 0.866025 0 -0.5 0 0 -1 -0.866025 0 -0.5 -0.866025 0 0.5 0 0 1 0.866025 0 0.5 1 0 0 0.5 0 -0.866025 -0.5 0 -0.866025 -1 0 0 -0.5 0 0.866025 0.5 0 0.866025 0.866025 0 -0.5 0 0 -1 -0.866025 0 -0.5 -0.866025 0 0.5 0 0 1 0.866025 0 0.5 1 0 0 0.5 0 -0.866025 -0.5 0 -0.866025 -1 0 0 -0.5 0 0.866025 0.5 0 0.866025 0.866025 1.70907e-07 -0.5 0 1.7642e-07 -1 -0.866025 1.70907e-07 -0.5 -0.866025 1.70907e-07 0.5 0 1.7642e-07 1 0.866025 1.70907e-07 0.5 1 -1.7642e-07 0 0.5 -1.70907e-07 -0.866025 -0.5 -1.70907e-07 -0.866025 -1 -1.7642e-07 0 -0.5 -1.70907e-07 0.866025 0.5 -1.70907e-07 0.866025 0.866025 0 -0.5 0 0 -1 -0.866025 0 -0.5 -0.866025 0 0.5 0 0 1 0.866025 0 0.5 1 0 0 0.5 0 -0.866025 -0.5 0 -0.866025 -1 0 0 -0.5 0 0.866025 0.5 0 0.866025 0.866025 0 -0.5 0 0 -1 -0.866025 0 -0.5 -0.866025 0 0.5 0 0 1 0.866025 0 0.5 1 0 0 0.5 0 -0.866025 -0.5 0 -0.866025 -1 0 0 -0.5 0 0.866025 0.5 0 0.866025 0.866025 1.70907e-07 -0.5 0 1.7642e-07 -1 -0.866025 1.70907e-07 -0.5 -0.866025 1.70907e-07 0.5 0 1.7642e-07 1 0.866025 1.70907e-07 0.5 1 -1.7642e-07 0 0.5 -1.70907e-07 -0.866025 -0.5 -1.70907e-07 -0.866025 -1 -1.7642e-07 0 -0.5 -1.70907e-07 0.866025 0.5 -1.70907e-07 0.866025 0.866025 0 -0.5 0 0 -1 -0.866025 0 -0.5 -0.866025 0 0.5 0 0 1 0.866025 0 0.5 1 0 0 0.5 0 -0.866025 -0.5 0 -0.866025 -1 0 0 -0.5 0 0.866025 0.5 0 0.866025 0.866025 0 -0.5 0 0 -1 -0.866025 0 -0.5 -0.866025 0 0.5 0 0 1 0.866025 0 0.5 1 0 0 0.5 0 -0.866025 -0.5 0 -0.866025 -1 0 0 -0.5 0 0.866025 0.5 0 0.866025 0.866025 0 -0.5 0 0 -1 -0.866025 0 -0.5 -0.866025 0 0.5 0 0 1 0.866025 0 0.5 1 1.7642e-07 0 0.5 1.70907e-07 -0.866025 -0.5 1.70907e-07 -0.866025 -1 1.7642e-07 0 -0.5 1.70907e-07 0.866025 0.5 1.70907e-07 0.866025 0.866025 -1.70907e-07 -0.5 0 -1.7642e-07 -1 -0.866025 -1.70907e-07 -0.5 -0.866025 -1.70907e-07 0.5 0 -1.7642e-07 1 0.866025 -1.70907e-07 0.5 1 0 0 0.5 0 -0.866025 -0.5 0 -0.866025 -1 0 0 -0.5 0 0.866025 0.5 0 0.866025 0.866025 0 -0.5 0 0 -1 -0.866025 0 -0.5 -0.866025 0 0.5 0 0 1 0.866025 0 0.5 1 0 0 0.5 0 -0.866025 -0.5 0 -0.866025 -1 0 0 -0.5 0 0.866025 0.5 0 0.866025 0.866025 0 -0.5 0 0 -1 -0.866025 0 -0.5 -0.866025 0 0.5 0 0 1 0.866025 0 0.5 1 0 0 0.5 0 -0.866025 -0.5 0 -0.866025 -1 0 0 -0.5 0 0.866025 0.5 0 0.866025 0.866025 1.70907e-07 -0.5 0 1.7642e-07 -1 -0.866025 1.70907e-07 -0.5 -0.866025 1.70907e-07 0.5 0 1.7642e-07 1 0.866025 1.70907e-07 0.5 1 -1.7642e-07 0 0.5 -1.70907e-07 -0.866025 -0.5 -1.70907e-07 -0.866025 -1 -1.7642e-07 0 -0.5 -1.70907e-07 0.866025 0.5 -1.70907e-07 0.866025 0.866025 0 -0.5 0 0 -1 -0.866025 0 -0.5 -0.866025 0 0.5 0 0 1 0.866025 0 0.5 1 0 0 0.5 0 -0.866025 -0.5 0 -0.866025 -1 0 0 -0.5 0 0.866025 0.5 0 0.866025 0.866025 0 -0.5 0 0 -1 -0.866025 0 -0.5 -0.866025 0 0.5 0 0 1 0.866025 0 0.5 1 0 0 0.5 0 -0.866025 -0.5 0 -0.866025 -1 0 0 -0.5 0 0.866025 0.5 0 0.866025 0.866025 0 -0.5 0 0 -1 -0.866025 0 -0.5 -0.866025 0 0.5 0 0 1 0.866025 0 0.5 1 1.7642e-07 0 0.5 1.70907e-07 -0.866025 -0.5 1.70907e-07 -0.866025 -1 1.7642e-07 0 -0.5 1.70907e-07 0.866025 0.5 1.70907e-07 0.866025 0.866025 -1.70907e-07 -0.5 0 -1.7642e-07 -1 -0.866025 -1.70907e-07 -0.5 -0.866025 -1.70907e-07 0.5 0 -1.7642e-07 1 0.866025 -1.70907e-07 0.5 1 0 0 0.5 0 -0.866025 -0.5 0 -0.866025 -1 0 0 -0.5 0 0.866025 0.5 0 0.866025 0.866025 0 -0.5 0 0 -1 -0.866025 0 -0.5 -0.866025 0 0.5 0 0 1 0.866025 0 0.5 0.998548 0.0538637 0 0.499274 0.0538636 -0.864768 -0.499274 0.0538636 -0.864768 -0.998548 0.0538637 0 -0.499274 0.0538636 0.864768 0.499274 0.0538636 0.864768 0 -1 0 0 -1 0 0 -1 0 0 -1 0 0 -1 0 0 -1 0 0 -1 0 0 1 0 0 1 0 0 1 0 0 1 0 0 1 0 0 1 0 0 1 0"/>
    </IndexedTriangleSet>
   </Shape>
  </Transform>
  </Group>
  <Group>
  <Transform rotation="0 0 1 0" translation="0 0 0">
   <Shape>
    <Appearance DEF='ap4'>
     <Material ambientIntensity='1' diffuseColor='0 0.447059 0.698039' specularColor='0.85 0.85 0.85' shininess='0.234375' transparency='0'/>
    </Appearance>
    <IndexedTriangleSet DEF='its4' index="0 1 6 1 7 6 1 2 7 2 8 7 2 3 8 3 9 8 3 4 9 4 10 9 4 5 10 5 11 10 5 0 11 0 6 11 6 7 13 6 13 12 7 8 14 7 14 13 8 9 15 8 15 14 9 10 16 9 16 15 10 11 17 10 17 16 11 6 12 11 12 17 12 13 18 13 19 18 13 14 19 14 20 19 14 15 20 15 21 20 15 16 21 16 22 21 16 17 22 17 23 22 17 12 23 12 18 23 18 19 25 18 25 24 19 20 26 19 26 25 20 21 27 20 27 26 21 22 28 21 28 27 22 23 29 22 29 28 23 18 24 23 24 29 24 25 30 25 31 30 25 26 31 26 32 31 26 27 32 27 33 32 27 28 33 28 34 33 28 29 34 29 35 34 29 24 35 24 30 35 30 31 37 30 37 36 31 32 38 31 38 37 32 33 39 32 39 38 33 34 40 33 40 39 34 35 41 34 41 40 35 30 36 35 36 41 36 37 42 37 43 42 37 38 43 38 44 43 38 39 44 39 45 44 39 40 45 40 46 45 40 41 46 41 47 46 41 36 47 36 42 47 42 43 49 42 49 48 43 44 50 43 50 49 44 45 51 44 51 50 45 46 52 45 52 51 46 47 53 46 53 52 47 42 48 47 48 53 48 49 54 49 55 54 49 50 55 50 56 55 50 51 56 51 57 56 51 52 57 52 58 57 52 53 58 53 59 58 53 48 59 48 54 59 54 55 61 54 61 60 55 56 62 55 62 61 56 57 63 56 63 62 57 58 64 57 64 63 58 59 65 58 65 64 59 54 60 59 60 65 60 61 66 61 67 66 61 62 67 62 68 67 62 63 68 63 69 68 63 64 69 64 70 69 64 65 70 65 71 70 65 60 71 60 66 71 66 67 73 66 73 72 67 68 74 67 74 73 68 69 75 68 75 74 69 70 76 69 76 75 70 71 77 70 77 76 71 66 72 71 72 77 72 73 78 73 79 78 73 74 79 74 80 79 74 75 80 75 81 80 75 76 81 76 82 81 76 77 82 77 83 82 77 72 83 72 78 83 78 79 85 78 85 84 79 80 86 79 86 85 80 81 87 80 87 86 81 82 88 81 88 87 82 83 89 82 89 88 83 78 84 83 84 89 84 85 90 85 91 90 85 86 91 86 92 91 86 87 92 87 93 92 87 88 93 88 94 93 88 89 94 89 95 94 89 84 95 84 90 95 90 91 97 90 97 96 91 92 98 91 98 97 92 93 99 92 99 98 93 94 100 93 100 99 94 95 101 94 101 100 95 90 96 95 96 101 96 97 102 97 103 102 97 98 103 98 104 103 98 99 104 99 105 104 99 100 105 100 106 105 100 101 106 101 107 106 101 96 107 96 102 107 102 103 109 102 109 108 103 104 110 103 110 109 104 105 111 104 111 110 105 106 112 105 112 111 106 107 113 106 113 112 107 102 108 107 108 113 108 109 114 109 115 114 109 110 115 110 116 115 110 111 116 111 117 116 111 112 117 112 118 117 112 113 118 113 119 118 113 108 119 108 114 119 114 115 121 114 121 120 115 116 122 115 122 121 116 117 123 116 123 122 117 118 124 117 124 123 118 119 125 118 125 124 119 114 120 119 120 125 120 121 126 121 127 126 121 122 127 122 128 127 122 123 128 123 129 128 123 124 129 124 130 129 124 125 130 125 131 130 125 120 131 120 126 131 126 127 133 126 133 132 127 128 134 127 134 133 128 129 135 128 135 134 129 130 136 129 136 135 130 131 137 130 137 136 131 126 132 131 132 137 132 133 138 133 139 138 133 134 139 134 140 139 134 135 140 135 141 140 135 136 141 136 142 141 136 137 142 137 143 142 137 132 143 132 138 143 138 139 145 138 145 144 139 140 146 139 146 145 140 141 147 140 147 146 141 142 148 141 148 147 142 143 149 142 149 148 143 138 144 143 144 149 144 145 150 145 151 150 145 146 151 146 152 151 146 147 152 147 153 152 147 148 153 148 154 153 148 149 154 149 155 154 149 144 155 144 150 155 150 151 157 150 157 156 151 152 158 151 158 157 152 153 159 152 159 158 153 154 160 153 160 159 154 155 161 154 161 160 155 150 156 155 156 161 156 157 162 157 163 162 157 158 163 158 164 163 158 159 164 159 165 164 159 160 165 160 166 165 160 161 166 161 167 166 161 156 167 156 162 167 162 163 169 162 169 168 163 164 170 163 170 169 164 165 171 164 171 170 165 166 172 165 172 171 166 167 173 166 173 172 167 162 168 167 168 173 168 169 174 169 175 174 169 170 175 170 176 175 170 171 176 171 177 176 171 172 177 172 178 177 172 173 178 173 179 178 173 168 179 168 174 179 174 175 181 174 181 180 175 176 182 175 182 181 176 177 183 176 183 182 177 178 184 177 184 183 178 179 185 178 185 184 179 174 180 179 180 185 180 181 186 181 187 186 181 182 187 182 188 187 182 183 188 183 189 188 183 184 189 184 190 189 184 185 190 185 191 190 185 180 191 180 186 191 186 187 193 186 193 192 187 188 194 187 194 193 188 189 195 188 195 194 189 190 196 189 196 195 190 191 197 190 197 196 191 186 192 191 192 197 192 193 198 193 199 198 193 194 199 194 200 199 194 195 200 195 201 200 195 196 201 196 202 201 196 197 202 197 203 202 197 192 203 192 198 203 198 199 205 198 205 204 199 200 206 199 206 205 200 201 207 200 207 206 201 202 208 201 208 207 202 203 209 202 209 208 203 198 204 203 204 209 204 205 210 205 211 210 205 206 211 206 212 211 206 207 212 207 213 212 207 208 213 208 214 213 208 209 214 209 215 214 209 204 215 204 210 215 210 211 217 210 217 216 211 212 218 211 218 217 212 213 219 212 219 218 213 214 220 213 220 219 214 215 221 214 221 220 215 210 216 215 216 221 216 217 222 217 223 222 217 218 223 218 224 223 218 219 224 219 225 224 219 220 225 220 226 225 220 221 226 221 227 226 221 216 227 216 222 227 222 223 229 222 229 228 223 224 230 223 230 229 224 225 231 224 231 230 225 226 232 225 232 231 226 227 233 226 233 232 227 222 228 227 228 233 228 229 234 229 235 234 229 230 235 230 236 235 230 231 236 231 237 236 231 232 237 232 238 237 232 233 238 233 239 238 233 228 239 228 234 239 234 235 241 234 241 240 235 236 242 235 242 241 236 237 243 236 243 242 237 238 244 237 244 243 238 239 245 238 245 244 239 234 240 239 240 245 240 241 246 241 247 246 241 242 247 242 248 247 242 243 248 243 249 248 243 244 249 244 250 249 244 245 250 245 251 250 245 240 251 240 246 251 246 247 253 246 253 252 247 248 254 247 254 253 248 249 255 248 255 254 249 250 256 249 256 255 250 251 257 250 257 256 251 246 252 251 252 257 252 253 258 253 259 258 253 254 259 254 260 259 254 255 260 255 261 260 255 256 261 256 262 261 256 257 262 257 263 262 257 252 263 252 258 263 258 259 265 258 265 264 259 260 266 259 266 265 260 261 267 260 267 266 261 262 268 261 268 267 262 263 269 262 269 268 263 258 264 263 264 269 264 265 270 265 271 270 265 266 271 266 272 271 266 267 272 267 273 272 267 268 273 268 274 273 268 269 274 269 275 274 269 264 275 264 270 275 270 271 277 270 277 276 271 272 278 271 278 277 272 273 279 272 279 278 273 274 280 273 280 279 274 275 281 274 281 280 275 270 276 275 276 281 276 277 282 277 283 282 277 278 283 278 284 283 278 279 284 279 285 284 279 280 285 280 286 285 280 281 286 281 287 286 281 276 287 276 282 287 282 283 289 282 289 288 283 284 290 283 290 289 284 285 291 284 291 290 285 286 292 285 292 291 286 287 293 286 293 292 287 282 288 287 288 293 288 289 294 289 295 294 289 290 295 290 296 295 290 291 296 291 297 296 291 292 297 292 298 297 292 293 298 293 299 298 293 288 299 288 294 299 294 295 301 294 301 300 295 296 302 295 302 301 296 297 303 296 303 302 297 298 304 297 304 303 298 299 305 298 305 304 299 294 300 299 300 305 300 301 306 301 307 306 301 302 307 302 308 307 302 303 308 303 309 308 303 304 309 304 310 309 304 305 310 305 311 310 305 300 311 300 306 311 306 307 313 306 313 312 307 308 314 307 314 313 308 309 315 308 315 314 309 310 316 309 316 315 310 311 317 310 317 316 311 306 312 311 312 317 312 313 318 313 319 318 313 314 319 314 320 319 314 315 320 315 321 320 315 316 321 316 322 321 316 317 322 317 323 322 317 312 323 312 318 323 318 319 325 318 325 324 319 320 326 319 326 325 320 321 327 320 327 326 321 322 328 321 328 327 322 323 329 322 329 328 323 318 324 323 324 329 324 325 330 325 331 330 325 326 331 326 332 331 326 327 332 327 333 332 327 328 333 328 334 333 328 329 334 329 335 334 329 324 335 324 330 335 330 331 337 330 337 336 331 332 338 331 338 337 332 333 339 332 339 338 333 334 340 333 340 339 334 335 341 334 341 340 335 330 336 335 336 341 336 337 342 337 343 342 337 338 343 338 344 343 338 339 344 339 345 344 339 340 345 340 346 345 340 341 346 341 347 346 341 336 347 336 342 347 342 343 349 342 349 348 343 344 350 343 350 349 344 345 351 344 351 350 345 346 352 345 352 351 346 347 353 346 353 352 347 342 348 347 348 353 348 349 354 349 355 354 349 350 355 350 356 355 350 351 356 351 357 356 351 352 357 352 358 357 352 353 358 353 359 358 353 348 359 348 354 359 354 355 361 354 361 360 355 356 362 355 362 361 356 357 363 356 363 362 357 358 364 357 364 363 358 359 365 358 365 364 359 354 360 359 360 365 360 361 366 361 367 366 361 362 367 362 368 367 362 363 368 363 369 368 363 364 369 364 370 369 364 365 370 365 371 370 365 360 371 360 366 371 366 367 373 366 373 372 367 368 374 367 374 373 368 369 375 368 375 374 369 370 376 369 376 375 370 371 377 370 377 376 371 366 372 371 372 377 372 373 378 373 379 378 373 374 379 374 380 379 374 375 380 375 381 380 375 376 381 376 382 381 376 377 382 377 383 382 377 372 383 372 378 383 378 379 385 378 385 384 379 380 386 379 386 385 380 381 387 380 387 386 381 382 388 381 388 387 382 383 389 382 389 388 383 378 384 383 384 389 384 385 390 385 391 390 385 386 391 386 392 391 386 387 392 387 393 392 387 388 393 388 394 393 388 389 394 389 395 394 389 384 395 384 390 395 390 391 397 390 397 396 391 392 398 391 398 397 392 393 399 392 399 398 393 394 400 393 400 399 394 395 401 394 401 400 395 390 396 395 396 401 396 397 402 397 403 402 397 398 403 398 404 403 398 399 404 399 405 404 399 400 405 400 406 405 400 401 406 401 407 406 401 396 407 396 402 407 402 403 409 402 409 408 403 404 410 403 410 409 404 405 411 404 411 410 405 406 412 405 412 411 406 407 413 406 413 412 407 402 408 407 408 413 408 409 414 409 415 414 409 410 415 410 416 415 410 411 416 411 417 416 411 412 417 412 418 417 412 413 418 413 419 418 413 408 419 408 414 419 414 415 421 414 421 420 415 416 422 415 422 421 416 417 423 416 423 422 417 418 424 417 424 423 418 419 425 418 425 424 419 414 420 419 420 425 420 421 426 421 427 426 421 422 427 422 428 427 422 423 428 423 429 428 423 424 429 424 430 429 424 425 430 425 431 430 425 420 431 420 426 431 426 427 433 426 433 432 427 428 434 427 434 433 428 429 435 428 435 434 429 430 436 429 436 435 430 431 437 430 437 436 431 426 432 431 432 437 432 433 438 433 439 438 433 434 439 434 440 439 434 435 440 435 441 440 435 436 441 436 442 441 436 437 442 437 443 442 437 432 443 432 438 443 438 439 445 438 445 444 439 440 446 439 446 445 440 441 447 440 447 446 441 442 448 441 448 447 442 443 449 442 449 448 443 438 444 443 444 449 444 445 450 445 451 450 445 446 451 446 452 451 446 447 452 447 453 452 447 448 453 448 454 453 448 449 454 449 455 454 449 444 455 444 450 455 450 451 457 450 457 456 451 452 458 451 458 457 452 453 459 452 459 458 453 454 460 453 460 459 454 455 461 454 461 460 455 450 456 455 456 461 456 457 462 457 463 462 457 458 463 458 464 463 458 459 464 459 465 464 459 460 465 460 466 465 460 461 466 461 467 466 461 456 467 456 462 467 462 463 469 462 469 468 463 464 470 463 470 469 464 465 471 464 471 470 465 466 472 465 472 471 466 467 473 466 473 472 467 462 468 467 468 473 468 469 474 469 475 474 469 470 475 470 476 475 470 471 476 471 477 476 471 472 477 472 478 477 472 473 478 473 479 478 473 468 479 468 474 479 474 475 481 474 481 480 475 476 482 475 482 481 476 477 483 476 483 482 477 478 484 477 484 483 478 479 485 478 485 484 479 474 480 479 480 485 480 481 486 481 487 486 481 482 487 482 488 487 482 483 488 483 489 488 483 484 489 484 490 489 484 485 490 485 491 490 485 480 491 480 486 491 486 487 493 486 493 492 487 488 494 487 494 493 488 489 495 488 495 494 489 490 496 489 496 495 490 491 497 490 497 496 491 486 492 491 492 497 492 493 498 493 499 498 493 494 499 494 500 499 494 495 500 495 501 500 495 496 501 496 502 501 496 497 502 497 503 502 497 492 503 492 498 503 498 499 505 498 505 504 499 500 506 499 506 505 500 501 507 500 507 506 501 502 508 501 508 507 502 503 509 502 509 508 503 498 504 503 504 509 504 505 510 505 511 510 505 506 511 506 512 511 506 507 512 507 513 512 507 508 513 508 514 513 508 509 514 509 515 514 509 504 515 504 510 515 510 511 517 510 517 516 511 512 518 511 518 517 512 513 519 512 519 518 513 514 520 513 520 519 514 515 521 514 521 520 515 510 516 515 516 521 516 517 522 517 523 522 517 518 523 518 524 523 518 519 524 519 525 524 519 520 525 520 526 525 520 521 526 521 527 526 521 516 527 516 522 527 522 523 529 522 529 528 523 524 530 523 530 529 524 525 531 524 531 530 525 526 532 525 532 531 526 527 533 526 533 532 527 522 528 527 528 533 528 529 534 529 535 534 529 530 535 530 536 535 530 531 536 531 537 536 531 532 537 532 538 537 532 533 538 533 539 538 533 528 539 528 534 539 534 535 541 534 541 540 535 536 542 535 542 541 536 537 543 536 543 542 537 538 544 537 544 543 538 539 545 538 545 544 539 534 540 539 540 545 540 541 546 541 547 546 541 542 547 542 548 547 542 543 548 543 549 548 543 544 549 544 550 549 544 545 550 545 551 550 545 540 551 540 546 551 546 547 553 546 553 552 547 548 554 547 554 553 548 549 555 548 555 554 549 550 556 549 556 555 550 551 557 550 557 556 551 546 552 551 552 557 552 553 558 553 559 558 553 554 559 554 560 559 554 555 560 555 561 560 555 556 561 556 562 561 556 557 562 557 563 562 557 552 563 552 558 563 558 559 565 558 565 564 559 560 566 559 566 565 560 561 567 560 567 566 561 562 568 561 568 567 562 563 569 562 569 568 563 558 564 563 564 569 564 565 570 565 571 570 565 566 571 566 572 571 566 567 572 567 573 572 567 568 573 568 574 573 568 569 574 569 575 574 569 564 575 564 570 575 570 571 577 570 577 576 571 572 578 571 578 577 572 573 579 572 579 578 573 574 580 573 580 579 574 575 581 574 581 580 575 570 576 575 576 581 576 577 582 577 583 582 577 578 583 578 584 583 578 579 584 579 585 584 579 580 585 580 586 585 580 581 586 581 587 586 581 576 587 576 582 587 582 583 589 582 589 588 583 584 590 583 590 589 584 585 591 584 591 590 585 586 592 585 592 591 586 587 593 586 593 592 587 582 588 587 588 593 588 589 594 589 595 594 589 590 595 590 596 595 590 591 596 591 597 596 591 592 597 592 598 597 592 593 598 593 599 598 593 588 599 588 594 599 594 595 601 594 601 600 595 596 602 595 602 601 596 597 603 596 603 602 597 598 604 597 604 603 598 599 605 598 605 604 599 594 600 599 600 605 600 601 606 601 607 606 601 602 607 602 608 607 602 603 608 603 609 608 603 604 609 604 610 609 604 605 610 605 611 610 605 600 611 600 606 611 606 607 613 606 613 612 607 608 614 607 614 613 608 609 615 608 615 614 609 610 616 609 616 615 610 611 617 610 617 616 611 606 612 611 612 617 612 613 618 613 619 618 613 614 619 614 620 619 614 615 620 615 621 620 615 616 621 616 622 621 616 617 622 617 623 622 617 612 623 612 618 623 618 619 625 618 625 624 619 620 626 619 626 625 620 621 627 620 627 626 621 622 628 621 628 627 622 623 629 622 629 628 623 618 624 623 624 629 624 625 630 625 631 630 625 626 631 626 632 631 626 627 632 627 633 632 627 628 633 628 634 633 628 629 634 629 635 634 629 624 635 624 630 635 630 631 637 630 637 636 631 632 638 631 638 637 632 633 639 632 639 638 633 634 640 633 640 639 634 635 641 634 641 640 635 630 636 635 636 641 636 637 642 637 643 642 637 638 643 638 644 643 638 639 644 639 645 644 639 640 645 640 646 645 640 641 646 641 647 646 641 636 647 636 642 647 642 643 649 642 649 648 643 644 650 643 650 649 644 645 651 644 651 650 645 646 652 645 652 651 646 647 653 646 653 652 647 642 648 647 648 653 648 649 654 649 655 654 649 650 655 650 656 655 650 651 656 651 657 656 651 652 657 652 658 657 652 653 658 653 659 658 653 648 659 648 654 659 654 655 661 654 661 660 655 656 662 655 662 661 656 657 663 656 663 662 657 658 664 657 664 663 658 659 665 658 665 664 659 654 660 659 660 665 660 661 666 661 667 666 661 662 667 662 668 667 662 663 668 663 669 668 663 664 669 664 670 669 664 665 670 665 671 670 665 660 671 660 666 671 666 667 673 666 673 672 667 668 674 667 674 673 668 669 675 668 675 674 669 670 676 669 676 675 670 671 677 670 677 676 671 666 672 671 672 677 672 673 678 673 679 678 673 674 679 674 680 679 674 675 680 675 681 680 675 676 681 676 682 681 676 677 682 677 683 682 677 672 683 672 678 683 678 679 685 678 685 684 679 680 686 679 686 685 680 681 687 680 687 686 681 682 688 681 688 687 682 683 689 682 689 688 683 678 684 683 684 689 684 685 690 685 691 690 685 686 691 686 692 691 686 687 692 687 693 692 687 688 693 688 694 693 688 689 694 689 695 694 689 684 695 684 690 695 690 691 697 690 697 696 691 692 698 691 698 697 692 693 699 692 699 698 693 694 700 693 700 699 694 695 701 694 701 700 695 690 696 695 696 701 696 697 702 697 703 702 697 698 703 698 704 703 698 699 704 699 705 704 699 700 705 700 706 705 700 701 706 701 707 706 701 696 707 696 702 707 702 703 709 702 709 708 703 704 710 703 710 709 704 705 711 704 711 710 705 706 712 705 712 711 706 707 713 706 713 712 707 702 708 707 708 713 708 709 714 709 715 714 709 710 715 710 716 715 710 711 716 711 717 716 711 712 717 712 718 717 712 713 718 713 719 718 713 708 719 708 714 719 714 715 721 714 721 720 715 716 722 715 722 721 716 717 723 716 723 722 717 718 724 717 724 723 718 719 725 718 725 724 719 714 720 719 720 725 720 721 726 721 727 726 721 722 727 722 728 727 722 723 728 723 729 728 723 724 729 724 730 729 724 725 730 725 731 730 725 720 731 720 726 731 726 727 733 726 733 732 727 728 734 727 734 733 728 729 735 728 735 734 729 730 736 729 736 735 730 731 737 730 737 736 731 726 732 731 732 737 732 733 738 733 739 738 733 734 739 734 740 739 734 735 740 735 741 740 735 736 741 736 742 741 736 737 742 737 743 742 737 732 743 732 738 743 738 739 745 738 745 744 739 740 746 739 746 745 740 741 747 740 747 746 741 742 748 741 748 747 742 743 749 742 749 748 743 738 744 743 744 749 744 745 750 745 751 750 745 746 751 746 752 751 746 747 752 747 753 752 747 748 753 748 754 753 748 749 754 749 755 754 749 744 755 744 750 755 750 751 757 750 757 756 751 752 758 751 758 757 752 753 759 752 759 758 753 754 760 753 760 759 754 755 761 754 761 760 755 750 756 755 756 761 756 757 762 757 763 762 757 758 763 758 764 763 758 759 764 759 765 764 759 760 765 760 766 765 760 761 766 761 767 766 761 756 767 756 762 767 762 763 769 762 769 768 763 764 770 763 770 769 764 765 771 764 771 770 765 766 772 765 772 771 766 767 773 766 773 772 767 762 768 767 768 773 768 769 774 769 775 774 769 770 775 770 776 775 770 771 776 771 777 776 771 772 777 772 778 777 772 773 778 773 779 778 773 768 779 768 774 779 774 775 781 774 781 780 775 776 782 775 782 781 776 777 783 776 783 782 777 778 784 777 784 783 778 779 785 778 785 784 779 774 780 779 780 785 780 781 786 781 787 786 781 782 787 782 788 787 782 783 788 783 789 788 783 784 789 784 790 789 784 785 790 785 791 790 785 780 791 780 786 791 786 787 793 786 793 792 787 788 794 787 794 793 788 789 795 788 795 794 789 790 796 789 796 795 790 791 797 790 797 796 791 786 792 791 792 797 792 793 798 793 799 798 793 794 799 794 800 799 794 795 800 795 801 800 795 796 801 796 802 801 796 797 802 797 803 802 797 792 803 792 798 803 798 799 805 798 805 804 799 800 806 799 806 805 800 801 807 800 807 806 801 802 808 801 808 807 802 803 809 802 809 808 803 798 804 803 804 809 804 805 810 805 811 810 805 806 811 806 812 811 806 807 812 807 813 812 807 808 813 808 814 813 808 809 814 809 815 814 809 804 815 804 810 815 810 811 817 810 817 816 811 812 818 811 818 817 812 813 819 812 819 818 813 814 820 813 820 819 814 815 821 814 821 820 815 810 816 815 816 821 816 817 822 817 823 822 817 818 823 818 824 823 818 819 824 819 825 824 819 820 825 820 826 825 820 821 826 821 827 826 821 816 827 816 822 827 822 823 829 822 829 828 823 824 830 823 830 829 824 825 831 824 831 830 825 826 832 825 832 831 826 827 833 826 833 832 827 822 828 827 828 833 828 829 834 829 835 834 829 830 835 830 836 835 830 831 836 831 837 836 831 832 837 832 838 837 832 833 838 833 839 838 833 828 839 828 834 839 834 835 841 834 841 840 835 836 842 835 842 841 836 837 843 836 843 842 837 838 844 837 844 843 838 839 845 838 845 844 839 834 840 839 840 845 840 841 846 841 847 846 841 842 847 842 848 847 842 843 848 843 849 848 843 844 849 844 850 849 844 845 850 845 851 850 845 840 851 840 846 851 846 847 853 846 853 852 847 848 854 847 854 853 848 849 855 848 855 854 849 850 856 849 856 855 850 851 857 850 857 856 851 846 852 851 852 857 852 853 858 853 859 858 853 854 859 854 860 859 854 855 860 855 861 860 855 856 861 856 862 861 856 857 862 857 863 862 857 852 863 852 858 863 858 859 865 858 865 864 859 860 866 859 866 865 860 861 867 860 867 866 861 862 868 861 868 867 862 863 869 862 869 868 863 858 864 863 864 869 864 865 870 865 871 870 865 866 871 866 872 871 866 867 872 867 873 872 867 868 873 868 874 873 868 869 874 869 875 874 869 864 875 864 870 875 870 871 877 870 877 876 871 872 878 871 878 877 872 873 879 872 879 878 873 874 880 873 880 879 874 875 881 874 881 880 875 870 876 875 876 881 876 877 882 877 883 882 877 878 883 878 884 883 878 879 884 879 885 884 879 880 885 880 886 885 880 881 886 881 887 886 881 876 887 876 882 887 882 883 889 882 889 888 883 884 890 883 890 889 884 885 891 884 891 890 885 886 892 885 892 891 886 887 893 886 893 892 887 882 888 887 888 893 888 889 894 889 895 894 889 890 895 890 896 895 890 891 896 891 897 896 891 892 897 892 898 897 892 893 898 893 899 898 893 888 899 888 894 899 894 895 901 894 901 900 895 896 902 895 902 901 896 897 903 896 903 902 897 898 904 897 904 903 898 899 905 898 905 904 899 894 900 899 900 905 900 901 906 901 907 906 901 902 907 902 908 907 902 903 908 903 909 908 903 904 909 904 910 909 904 905 910 905 911 910 905 900 911 900 906 911 906 907 913 906 913 912 907 908 914 907 914 913 908 909 915 908 915 914 909 910 916 909 916 915 910 911 917 910 917 916 911 906 912 911 912 917 912 913 918 913 919 918 913 914 919 914 920 919 914 915 920 915 921 920 915 916 921 916 922 921 916 917 922 917 923 922 917 912 923 912 918 923 918 919 925 918 925 924 919 920 926 919 926 925 920 921 927 920 927 926 921 922 928 921 928 927 922 923 929 922 929 928 923 918 924 923 924 929 924 925 930 925 931 930 925 926 931 926 932 931 926 927 932 927 933 932 927 928 933 928 934 933 928 929 934 929 935 934 929 924 935 924 930 935 930 931 937 930 937 936 931 932 938 931 938 937 932 933 939 932 939 938 933 934 940 933 940 939 934 935 941 934 941 940 935 930 936 935 936 941 936 937 942 937 943 942 937 938 943 938 944 943 938 939 944 939 945 944 939 940 945 940 946 945 940 941 946 941 947 946 941 936 947 936 942 947 942 943 949 942 949 948 943 944 950 943 950 949 944 945 951 944 951 950 945 946 952 945 952 951 946 947 953 946 953 952 947 942 948 947 948 953 948 949 954 949 955 954 949 950 955 950 956 955 950 951 956 951 957 956 951 952 957 952 958 957 952 953 958 953 959 958 953 948 959 948 954 959 954 955 961 954 961 960 955 956 962 955 962 961 956 957 963 956 963 962 957 958 964 957 964 963 958 959 965 958 965 964 959 954 960 959 960 965 960 961 966 961 967 966 961 962 967 962 968 967 962 963 968 963 969 968 963 964 969 964 970 969 964 965 970 965 971 970 965 960 971 960 966 971 966 967 973 966 973 972 967 968 974 967 974 973 968 969 975 968 975 974 969 970 976 969 976 975 970 971 977 970 977 976 971 966 972 971 972 977 972 973 978 973 979 978 973 974 979 974 980 979 974 975 980 975 981 980 975 976 981 976 982 981 976 977 982 977 983 982 977 972 983 972 978 983 978 979 985 978 985 984 979 980 986 979 986 985 980 981 987 980 987 986 981 982 988 981 988 987 982 983 989 982 989 988 983 978 984 983 984 989 984 985 990 985 991 990 985 986 991 986 992 991 986 987 992 987 993 992 987 988 993 988 994 993 988 989 994 989 995 994 989 984 995 984 990 995 990 991 997 990 997 996 991 992 998 991 998 997 992 993 999 992 999 998 993 994 1000 993 1000 999 994 995 1001 994 1001 1000 995 990 996 995 996 1001 996 997 1002 997 1003 1002 997 998 1003 998 1004 1003 998 999 1004 999 1005 1004 999 1000 1005 1000 1006 1005 1000 1001 1006 1001 1007 1006 1001 996 1007 996 1002 1007 1002 1003 1009 1002 1009 1008 1003 1004 1010 1003 1010 1009 1004 1005 1011 1004 1011 1010 1005 1006 1012 1005 1012 1011 1006 1007 1013 1006 1013 1012 1007 1002 1008 1007 1008 1013 1008 1009 1014 1009 1015 1014 1009 1010 1015 1010 1016 1015 1010 1011 1016 1011 1017 1016 1011 1012 1017 1012 1018 1017 1012 1013 1018 1013 1019 1018 1013 1008 1019 1008 1014 1019 1014 1015 1021 1014 1021 1020 1015 1016 1022 1015 1022 1021 1016 1017 1023 1016 1023 1022 1017 1018 1024 1017 1024 1023 1018 1019 1025 1018 1025 1024 1019 1014 1020 1019 1020 1025 1020 1021 1026 1021 1027 1026 1021 1022 1027 1022 1028 1027 1022 1023 1028 1023 1029 1028 1023 1024 1029 1024 1030 1029 1024 1025 1030 1025 1031 1030 1025 1020 1031 1020 1026 1031 1026 1027 1033 1026 1033 1032 1027 1028 1034 1027 1034 1033 1028 1029 1035 1028 1035 1034 1029 1030 1036 1029 1036 1035 1030 1031 1037 1030 1037 1036 1031 1026 1032 1031 1032 1037 1032 1033 1038 1033 1039 1038 1033 1034 1039 1034 1040 1039 1034 1035 1040 1035 1041 1040 1035 1036 1041 1036 1042 1041 1036 1037 1042 1037 1043 1042 1037 1032 1043 1032 1038 1043 1038 1039 1045 1038 1045 1044 1039 1040 1046 1039 1046 1045 1040 1041 1047 1040 1047 1046 1041 1042 1048 1041 1048 1047 1042 1043 1049 1042 1049 1048 1043 1038 1044 1043 1044 1049 1044 1045 1050 1045 1051 1050 1045 1046 1051 1046 1052 1051 1046 1047 1052 1047 1053 1052 1047 1048 1053 1048 1054 1053 1048 1049 1054 1049 1055 1054 1049 1044 1055 1044 1050 1055 1050 1051 1057 1050 1057 1056 1051 1052 1058 1051 1058 1057 1052 1053 1059 1052 1059 1058 1053 1054 1060 1053 1060 1059 1054 1055 1061 1054 1061 1060 1055 1050 1056 1055 1056 1061 1056 1057 1062 1057 1063 1062 1057 1058 1063 1058 1064 1063 1058 1059 1064 1059 1065 1064 1059 1060 1065 1060 1066 1065 1060 1061 1066 1061 1067 1066 1061 1056 1067 1056 1062 1067 1062 1063 1069 1062 1069 1068 1063 1064 1070 1063 1070 1069 1064 1065 1071 1064 1071 1070 1065 1066 1072 1065 1072 1071 1066 1067 1073 1066 1073 1072 1067 1062 1068 1067 1068 1073 1068 1069 1074 1069 1075 1074 1069 1070 1075 1070 1076 1075 1070 1071 1076 1071 1077 1076 1071 1072 1077 1072 1078 1077 1072 1073 1078 1073 1079 1078 1073 1068 1079 1068 1074 1079 1074 1075 1081 1074 1081 1080 1075 1076 1082 1075 1082 1081 1076 1077 1083 1076 1083 1082 1077 1078 1084 1077 1084 1083 1078 1079 1085 1078 1085 1084 1079 1074 1080 1079 1080 1085 1080 1081 1086 1081 1087 1086 1081 1082 1087 1082 1088 1087 1082 1083 1088 1083 1089 1088 1083 1084 1089 1084 1090 1089 1084 1085 1090 1085 1091 1090 1085 1080 1091 1080 1086 1091 1086 1087 1093 1086 1093 1092 1087 1088 1094 1087 1094 1093 1088 1089 1095 1088 1095 1094 1089 1090 1096 1089 1096 1095 1090 1091 1097 1090 1097 1096 1091 1086 1092 1091 1092 1097 1092 1093 1098 1093 1099 1098 1093 1094 1099 1094 1100 1099 1094 1095 1100 1095 1101 1100 1095 1096 1101 1096 1102 1101 1096 1097 1102 1097 1103 1102 1097 1092 1103 1092 1098 1103 1098 1099 1105 1098 1105 1104 1099 1100 1106 1099 1106 1105 1100 1101 1107 1100 1107 1106 1101 1102 1108 1101 1108 1107 1102 1103 1109 1102 1109 1108 1103 1098 1104 1103 1104 1109 1104 1105 1110 1105 1111 1110 1105 1106 1111 1106 1112 1111 1106 1107 1112 1107 1113 1112 1107 1108 1113 1108 1114 1113 1108 1109 1114 1109 1115 1114 1109 1104 1115 1104 1110 1115 1110 1111 1117 1110 1117 1116 1111 1112 1118 1111 1118 1117 1112 1113 1119 1112 1119 1118 1113 1114 1120 1113 1120 1119 1114 1115 1121 1114 1121 1120 1115 1110 1116 1115 1116 1121 1116 1117 1122 1117 1123 1122 1117 1118 1123 1118 1124 1123 1118 1119 1124 1119 1125 1124 1119 1120 1125 1120 1126 1125 1120 1121 1126 1121 1127 1126 1121 1116 1127 1116 1122 1127 1122 1123 1129 1122 1129 1128 1123 1124 1130 1123 1130 1129 1124 1125 1131 1124 1131 1130 1125 1126 1132 1125 1132 1131 1126 1127 1133 1126 1133 1132 1127 1122 1128 1127 1128 1133 1128 1129 1134 1129 1135 1134 1129 1130 1135 1130 1136 1135 1130 1131 1136 1131 1137 1136 1131 1132 1137 1132 1138 1137 1132 1133 1138 1133 1139 1138 1133 1128 1139 1128 1134 1139 1134 1135 1141 1134 1141 1140 1135 1136 1142 1135 1142 1141 1136 1137 1143 1136 1143 1142 1137 1138 1144 1137 1144 1143 1138 1139 1145 1138 1145 1144 1139 1134 1140 1139 1140 1145 1140 1141 1146 1141 1147 1146 1141 1142 1147 1142 1148 1147 1142 1143 1148 1143 1149 1148 1143 1144 1149 1144 1150 1149 1144 1145 1150 1145 1151 1150 1145 1140 1151 1140 1146 1151 1146 1147 1153 1146 1153 1152 1147 1148 1154 1147 1154 1153 1148 1149 1155 1148 1155 1154 1149 1150 1156 1149 1156 1155 1150 1151 1157 1150 1157 1156 1151 1146 1152 1151 1152 1157 1152 1153 1158 1153 1159 1158 1153 1154 1159 1154 1160 1159 1154 1155 1160 1155 1161 1160 1155 1156 1161 1156 1162 1161 1156 1157 1162 1157 1163 1162 1157 1152 1163 1152 1158 1163 1158 1159 1165 1158 1165 1164 1159 1160 1166 1159 1166 1165 1160 1161 1167 1160 1167 1166 1161 1162 1168 1161 1168 1167 1162 1163 1169 1162 1169 1168 1163 1158 1164 1163 1164 1169 1164 1165 1170 1165 1171 1170 1165 1166 1171 1166 1172 1171 1166 1167 1172 1167 1173 1172 1167 1168 1173 1168 1174 1173 1168 1169 1174 1169 1175 1174 1169 1164 1175 1164 1170 1175 1170 1171 1177 1170 1177 1176 1171 1172 1178 1171 1178 1177 1172 1173 1179 1172 1179 1178 1173 1174 1180 1173 1180 1179 1174 1175 1181 1174 1181 1180 1175 1170 1176 1175 1176 1181 1176 1177 1182 1177 1183 1182 1177 1178 1183 1178 1184 1183 1178 1179 1184 1179 1185 1184 1179 1180 1185 1180 1186 1185 1180 1181 1186 1181 1187 1186 1181 1176 1187 1176 1182 1187 1182 1183 1189 1182 1189 1188 1183 1184 1190 1183 1190 1189 1184 1185 1191 1184 1191 1190 1185 1186 1192 1185 1192 1191 1186 1187 1193 1186 1193 1192 1187 1182 1188 1187 1188 1193 1188 1189 1194 1189 1195 1194 1189 1190 1195 1190 1196 1195 1190 1191 1196 1191 1197 1196 1191 1192 1197 1192 1198 1197 1192 1193 1198 1193 1199 1198 1193 1188 1199 1188 1194 1199 1194 1195 1201 1194 1201 1200 1195 1196 1202 1195 1202 1201 1196 1197 1203 1196 1203 1202 1197 1198 1204 1197 1204 1203 1198 1199 1205 1198 1205 1204 1199 1194 1200 1199 1200 1205 1200 1201 1206 1201 1207 1206 1201 1202 1207 1202 1208 1207 1202 1203 1208 1203 1209 1208 1203 1204 1209 1204 1210 1209 1204 1205 1210 1205 1211 1210 1205 1200 1211 1200 1206 1211 1206 1207 1213 1206 1213 1212 1207 1208 1214 1207 1214 1213 1208 1209 1215 1208 1215 1214 1209 1210 1216 1209 1216 1215 1210 1211 1217 1210 1217 1216 1211 1206 1212 1211 1212 1217 1212 1213 1218 1213 1219 1218 1213 1214 1219 1214 1220 1219 1214 1215 1220 1215 1221 1220 1215 1216 1221 1216 1222 1221 1216 1217 1222 1217 1223 1222 1217 1212 1223 1212 1218 1223 1218 1219 1225 1218 1225 1224 1219 1220 1226 1219 1226 1225 1220 1221 1227 1220 1227 1226 1221 1222 1228 1221 1228 1227 1222 1223 1229 1222 1229 1228 1223 1218 1224 1223 1224 1229 1224 1225 1230 1225 1231 1230 1225 1226 1231 1226 1232 1231 1226 1227 1232 1227 1233 1232 1227 1228 1233 1228 1234 1233 1228 1229 1234 1229 1235 1234 1229 1224 1235 1224 1230 1235 1230 1231 1237 1230 1237 1236 1231 1232 1238 1231 1238 1237 1232 1233 1239 1232 1239 1238 1233 1234 1240 1233 1240 1239 1234 1235 1241 1234 1241 1240 1235 1230 1236 1235 1236 1241 1236 1237 1242 1237 1243 1242 1237 1238 1243 1238 1244 1243 1238 1239 1244 1239 1245 1244 1239 1240 1245 1240 1246 1245 1240 1241 1246 1241 1247 1246 1241 1236 1247 1236 1242 1247 1242 1243 1249 1242 1249 1248 1243 1244 1250 1243 1250 1249 1244 1245 1251 1244 1251 1250 1245 1246 1252 1245 1252 1251 1246 1247 1253 1246 1253 1252 1247 1242 1248 1247 1248 1253 1248 1249 1254 1249 1255 1254 1249 1250 1255 1250 1256 1255 1250 1251 1256 1251 1257 1256 1251 1252 1257 1252 1258 1257 1252 1253 1258 1253 1259 1258 1253 1248 1259 1248 1254 1259 1254 1255 1261 1254 1261 1260 1255 1256 1262 1255 1262 1261 1256 1257 1263 1256 1263 1262 1257 1258 1264 1257 1264 1263 1258 1259 1265 1258 1265 1264 1259 1254 1260 1259 1260 1265 1260 1261 1266 1261 1267 1266 1261 1262 1267 1262 1268 1267 1262 1263 1268 1263 1269 1268 1263 1264 1269 1264 1270 1269 1264 1265 1270 1265 1271 1270 1265 1260 1271 1260 1266 1271 1266 1267 1273 1266 1273 1272 1267 1268 1274 1267 1274 1273 1268 1269 1275 1268 1275 1274 1269 1270 1276 1269 1276 1275 1270 1271 1277 1270 1277 1276 1271 1266 1272 1271 1272 1277 1272 1273 1278 1273 1279 1278 1273 1274 1279 1274 1280 1279 1274 1275 1280 1275 1281 1280 1275 1276 1281 1276 1282 1281 1276 1277 1282 1277 1283 1282 1277 1272 1283 1272 1278 1283 1278 1279 1285 1278 1285 1284 1279 1280 1286 1279 1286 1285 1280 1281 1287 1280 1287 1286 1281 1282 1288 1281 1288 1287 1282 1283 1289 1282 1289 1288 1283 1278 1284 1283 1284 1289 1284 1285 1290 1285 1291 1290 1285 1286 1291 1286 1292 1291 1286 1287 1292 1287 1293 1292 1287 1288 1293 1288 1294 1293 1288 1289 1294 1289 1295 1294 1289 1284 1295 1284 1290 1295 1290 1291 1297 1290 1297 1296 1291 1292 1298 1291 1298 1297 1292 1293 1299 1292 1299 1298 1293 1294 1300 1293 1300 1299 1294 1295 1301 1294 1301 1300 1295 1290 1296 1295 1296 1301 1296 1297 1302 1297 1303 1302 1297 1298 1303 1298 1304 1303 1298 1299 1304 1299 1305 1304 1299 1300 1305 1300 1306 1305 1300 1301 1306 1301 1307 1306 1301 1296 1307 1296 1302 1307 1302 1303 1309 1302 1309 1308 1303 1304 1310 1303 1310 1309 1304 1305 1311 1304 1311 1310 1305 1306 1312 1305 1312 1311 1306 1307 1313 1306 1313 1312 1307 1302 1308 1307 1308 1313 1308 1309 1314 1309 1315 1314 1309 1310 1315 1310 1316 1315 1310 1311 1316 1311 1317 1316 1311 1312 1317 1312 1318 1317 1312 1313 1318 1313 1319 1318 1313 1308 1319 1308 1314 1319 1314 1315 1321 1314 1321 1320 1315 1316 1322 1315 1322 1321 1316 1317 1323 1316 1323 1322 1317 1318 1324 1317 1324 1323 1318 1319 1325 1318 1325 1324 1319 1314 1320 1319 1320 1325 1326 1328 1327 1326 1329 1328 1326 1330 1329 1326 1331 1330 1326 1332 1331 1326 1327 1332 1333 1334 1335 1333 1335 1336 1333 1336 1337 1333 1337 1338 1333 1338 1339 1333 1339 1334" solid="false" colorPerVertex="false">
     <Coordinate point="0.01 0 -1 0.005 0.00866025 -1 -0.005 0.00866025 -1 -0.01 1.22465e-18 -1 -0.005 -0.00866025 -1 0.005 -0.00866025 -1 0.00866025 0.005 -0.990909 6.12323e-19 0.01 -0.990909 -0.00866025 0.005 -0.990909 -0.00866025 -0.005 -0.990909 -1.83697e-18 -0.01 -0.990909 0.00866025 -0.005 -0.990909 0.01 0 -0.981818 0.005 0.00866025 -0.981818 -0.005 0.00866025 -0.981818 -0.01 1.22465e-18 -0.981818 -0.005 -0.00866025 -0.981818 0.005 -0.00866025 -0.981818 0.00866025 0.005 -0.972727 6.12323e-19 0.01 -0.972727 -0.00866025 0.005 -0.972727 -0.00866025 -0.005 -0.972727 -1.83697e-18 -0.01 -0.972727 0.00866025 -0.005 -0.972727 0.01 0 -0.963636 0.005 0.00866025 -0.963636 -0.005 0.00866025 -0.963636 -0.01 1.22465e-18 -0.963636 -0.005 -0.00866025 -0.963636 0.005 -0.00866025 -0.963636 0.00866025 0.005 -0.954545 6.12323e-19 0.01 -0.954545 -0.00866025 0.005 -0.954545 -0.00866025 -0.005 -0.954545 -1.83697e-18 -0.01 -0.954545 0.00866025 -0.005 -0.954545 0.01 0 -0.945455 0.005 0.00866025 -0.945455 -0.005 0.00866025 -0.945455 -0.01 1.22465e-18 -0.945455 -0.005 -0.00866025 -0.945455 0.005 -0.00866025 -0.945455 0.00866025 0.005 -0.936364 6.12323e-19 0.01 -0.936364 -0.00866025 0.005 -0.936364 -0.00866025 -0.005 -0.936364 -1.83697e-18 -0.01 -0.936364 0.00866025 -0.005 -0.936364 0.01 0 -0.927273 0.005 0.00866025 -0.927273 -0.005 0.00866025 -0.927273 -0.01 1.22465e-18 -0.927273 -0.005 -0.00866025 -0.927273 0.005 -0.00866025 -0.927273 0.00866025 0.005 -0.918182 6.12323e-19 0.01 -0.918182 -0.00866025 0.005 -0.918182 -0.00866025 -0.005 -0.918182 -1.83697e-18 -0.01 -0.918182 0.00866025 -0.005 -0.918182 0.01 0 -0.909091 0.005 0.00866025 -0.909091 -0.005 0.00866025 -0.909091 -0.01 1.22465e-18 -0.909091 -0.005 -0.00866025 -0.909091 0.005 -0.00866025 -0.909091 0.00866025 0.005 -0.9 6.12323e-19 0.01 -0.9 -0.00866025 0.005 -0.9 -0.00866025 -0.005 -0.9 -1.83697e-18 -0.01 -0.9 0.00866025 -0.005 -0.9 0.01 0 -0.890909 0.005 0.00866025 -0.890909 -0.005 0.00866025 -0.890909 -0.01 1.22465e-18 -0.890909 -0.005 -0.00866025 -0.890909 0.005 -0.00866025 -0.890909 0.00866025 0.005 -0.881818 6.12323e-19 0.01 -0.881818 -0.00866025 0.005 -0.881818 -0.00866025 -0.005 -0.881818 -1.83697e-18 -0.01 -0.881818 0.00866025 -0.005 -0.881818 0.01 0 -0.872727 0.005 0.00866025 -0.872727 -0.005 0.00866025 -0.872727 -0.01 1.22465e-18 -0.872727 -0.005 -0.00866025 -0.872727 0.005 -0.00866025 -0.872727 0.00866025 0.005 -0.863636 6.12323e-19 0.01 -0.863636 -0.00866025 0.005 -0.863636 -0.00866025 -0.005 -0.863636 -1.83697e-18 -0.01 -0.863636 0.00866025 -0.005 -0.863636 0.01 0 -0.854545 0.005 0.00866025 -0.854545 -0.005 0.00866025 -0.854545 -0.01 1.22465e-18 -0.854545 -0.005 -0.00866025 -0.854545 0.005 -0.00866025 -0.854545 0.00866025 0.005 -0.845455 6.12323e-19 0.01 -0.845455 -0.00866025 0.005 -0.845455 -0.00866025 -0.005 -0.845455 -1.83697e-18 -0.01 -0.845455 0.00866025 -0.005 -0.845455 0.01 0 -0.836364 0.005 0.00866025 -0.836364 -0.005 0.00866025 -0.836364 -0.01 1.22465e-18 -0.836364 -0.005 -0.00866025 -0.836364 0.005 -0.00866025 -0.836364 0.00866025 0.005 -0.827273 6.12323e-19 0.01 -0.827273 -0.00866025 0.005 -0.827273 -0.00866025 -0.005 -0.827273 -1.83697e-18 -0.01 -0.827273 0.00866025 -0.005 -0.827273 0.01 0 -0.818182 0.005 0.00866025 -0.818182 -0.005 0.00866025 -0.818182 -0.01 1.22465e-18 -0.818182 -0.005 -0.00866025 -0.818182 0.005 -0.00866025 -0.818182 0.00866025 0.005 -0.809091 6.12323e-19 0.01 -0.809091 -0.00866025 0.005 -0.809091 -0.00866025 -0.005 -0.809091 -1.83697e-18 -0.01 -0.809091 0.00866025 -0.005 -0.809091 0.01 0 -0.8 0.005 0.00866025 -0.8 -0.005 0.00866025 -0.8 -0.01 1.22465e-18 -0.8 -0.005 -0.00866025 -0.8 0.005 -0.00866025 -0.8 0.00866025 0.005 -0.790909 6.12323e-19 0.01 -0.790909 -0.00866025 0.005 -0.790909 -0.00866025 -0.005 -0.790909 -1.83697e-18 -0.01 -0.790909 0.00866025 -0.005 -0.790909 0.01 0 -0.781818 0.005 0.00866025 -0.781818 -0.005 0.00866025 -0.781818 -0.01 1.22465e-18 -0.781818 -0.005 -0.00866025 -0.781818 0.005 -0.00866025 -0.781818 0.00866025 0.005 -0.772727 6.12323e-19 0.01 -0.772727 -0.00866025 0.005 -0.772727 -0.00866025 -0.005 -0.772727 -1.83697e-18 -0.01 -0.772727 0.00866025 -0.005 -0.772727 0.01 0 -0.763636 0.005 0.00866025 -0.763636 -0.005 0.00866025 -0.763636 -0.01 1.22465e-18 -0.763636 -0.005 -0.00866025 -0.763636 0.005 -0.00866025 -0.763636 0.00866025 0.005 -0.754545 6.12323e-19 0.01 -0.754545 -0.00866025 0.005 -0.754545 -0.00866025 -0.005 -0.754545 -1.83697e-18 -0.01 -0.754545 0.00866025 -0.005 -0.754545 0.01 0 -0.745455 0.005 0.00866025 -0.745455 -0.005 0.00866025 -0.745455 -0.01 1.22465e-18 -0.745455 -0.005 -0.00866025 -0.745455 0.005 -0.00866025 -0.745455 0.00866025 0.005 -0.736364 6.12323e-19 0.01 -0.736364 -0.00866025 0.005 -0.736364 -0.00866025 -0.005 -0.736364 -1.83697e-18 -0.01 -0.736364 0.00866025 -0.005 -0.736364 0.01 0 -0.727273 0.005 0.00866025 -0.727273 -0.005 0.00866025 -0.727273 -0.01 1.22465e-18 -0.727273 -0.005 -0.00866025 -0.727273 0.005 -0.00866025 -0.727273 0.00866025 0.005 -0.718182 6.12323e-19 0.01 -0.718182 -0.00866025 0.005 -0.718182 -0.00866025 -0.005 -0.718182 -1.83697e-18 -0.01 -0.718182 0.00866025 -0.005 -0.718182 0.01 0 -0.709091 0.005 0.00866025 -0.709091 -0.005 0.00866025 -0.709091 -0.01 1.22465e-18 -0.709091 -0.005 -0.00866025 -0.709091 0.005 -0.00866025 -0.709091 0.00866025 0.005 -0.7 6.12323e-19 0.01 -0.7 -0.00866025 0.005 -0.7 -0.00866025 -0.005 -0.7 -1.83697e-18 -0.01 -0.7 0.00866025 -0.005 -0.7 0.01 0 -0.690909 0.005 0.00866025 -0.690909 -0.005 0.00866025 -0.690909 -0.01 1.22465e-18 -0.690909 -0.005 -0.00866025 -0.690909 0.005 -0.00866025 -0.690909 0.00866025 0.005 -0.681818 6.12323e-19 0.01 -0.681818 -0.00866025 0.005 -0.681818 -0.00866025 -0.005 -0.681818 -1.83697e-18 -0.01 -0.681818 0.00866025 -0.005 -0.681818 0.01 0 -0.672727 0.005 0.00866025 -0.672727 -0.005 0.00866025 -0.672727 -0.01 1.22465e-18 -0.672727 -0.005 -0.00866025 -0.672727 0.005 -0.00866025 -0.672727 0.00866025 0.005 -0.663636 6.12323e-19 0.01 -0.663636 -0.00866025 0.005 -0.663636 -0.00866025 -0.005 -0.663636 -1.83697e-18 -0.01 -0.663636 0.00866025 -0.005 -0.663636 0.01 0 -0.654545 0.005 0.00866025 -0.654545 -0.005 0.00866025 -0.654545 -0.01 1.22465e-18 -0.654545 -0.005 -0.00866025 -0.654545 0.005 -0.00866025 -0.654545 0.00866025 0.005 -0.645455 6.12323e-19 0.01 -0.645455 -0.00866025 0.005 -0.645455 -0.00866025 -0.005 -0.645455 -1.83697e-18 -0.01 -0.645455 0.00866025 -0.005 -0.645455 0.01 0 -0.636364 0.005 0.00866025 -0.636364 -0.005 0.00866025 -0.636364 -0.01 1.22465e-18 -0.636364 -0.005 -0.00866025 -0.636364 0.005 -0.00866025 -0.636364 0.00866025 0.005 -0.627273 6.12323e-19 0.01 -0.627273 -0.00866025 0.005 -0.627273 -0.00866025 -0.005 -0.627273 -1.83697e-18 -0.01 -0.627273 0.00866025 -0.005 -0.627273 0.01 0 -0.618182 0.005 0.00866025 -0.618182 -0.005 0.00866025 -0.618182 -0.01 1.22465e-18 -0.618182 -0.005 -0.00866025 -0.618182 0.005 -0.00866025 -0.618182 0.00866025 0.005 -0.609091 6.12323e-19 0.01 -0.609091 -0.00866025 0.005 -0.609091 -0.00866025 -0.005 -0.609091 -1.83697e-18 -0.01 -0.609091 0.00866025 -0.005 -0.609091 0.01 0 -0.6 0.005 0.00866025 -0.6 -0.005 0.00866025 -0.6 -0.01 1.22465e-18 -0.6 -0.005 -0.00866025 -0.6 0.005 -0.00866025 -0.6 0.00866025 0.005 -0.590909 6.12323e-19 0.01 -0.590909 -0.00866025 0.005 -0.590909 -0.00866025 -0.005 -0.590909 -1.83697e-18 -0.01 -0.590909 0.00866025 -0.005 -0.590909 0.01 0 -0.581818 0.005 0.00866025 -0.581818 -0.005 0.00866025 -0.581818 -0.01 1.22465e-18 -0.581818 -0.005 -0.00866025 -0.581818 0.005 -0.00866025 -0.581818 0.00866025 0.005 -0.572727 6.12323e-19 0.01 -0.572727 -0.00866025 0.005 -0.572727 -0.00866025 -0.005 -0.572727 -1.83697e-18 -0.01 -0.572727 0.00866025 -0.005 -0.572727 0.01 0 -0.563636 0.005 0.00866025 -0.563636 -0.005 0.00866025 -0.563636 -0.01 1.22465e-18 -0.563636 -0.005 -0.00866025 -0.563636 0.005 -0.00866025 -0.563636 0.00866025 0.005 -0.554545 6.12323e-19 0.01 -0.554545 -0.00866025 0.005 -0.554545 -0.00866025 -0.005 -0.554545 -1.83697e-18 -0.01 -0.554545 0.00866025 -0.005 -0.554545 0.01 0 -0.545455 0.005 0.00866025 -0.545455 -0.005 0.00866025 -0.545455 -0.01 1.22465e-18 -0.545455 -0.005 -0.00866025 -0.545455 0.005 -0.00866025 -0.545455 0.00866025 0.005 -0.536364 6.12323e-19 0.01 -0.536364 -0.00866025 0.005 -0.536364 -0.00866025 -0.005 -0.536364 -1.83697e-18 -0.01 -0.536364 0.00866025 -0.005 -0.536364 0.01 0 -0.527273 0.005 0.00866025 -0.527273 -0.005 0.00866025 -0.527273 -0.01 1.22465e-18 -0.527273 -0.005 -0.00866025 -0.527273 0.005 -0.00866025 -0.527273 0.00866025 0.005 -0.518182 6.12323e-19 0.01 -0.518182 -0.00866025 0.005 -0.518182 -0.00866025 -0.005 -0.518182 -1.83697e-18 -0.01 -0.518182 0.00866025 -0.005 -0.518182 0.01 0 -0.509091 0.005 0.00866025 -0.509091 -0.005 0.00866025 -0.509091 -0.01 1.22465e-18 -0.509091 -0.005 -0.00866025 -0.509091 0.005 -0.00866025 -0.509091 0.00866025 0.005 -0.5 6.12323e-19 0.01 -0.5 -0.00866025 0.005 -0.5 -0.00866025 -0.005 -0.5 -1.83697e-18 -0.01 -0.5 0.00866025 -0.005 -0.5 0.01 0 -0.490909 0.005 0.00866025 -0.490909 -0.005 0.00866025 -0.490909 -0.01 1.22465e-18 -0.490909 -0.005 -0.00866025 -0.490909 0.005 -0.00866025 -0.490909 0.00866025 0.005 -0.481818 6.12323e-19 0.01 -0.481818 -0.00866025 0.005 -0.481818 -0.00866025 -0.005 -0.481818 -1.83697e-18 -0.01 -0.481818 0.00866025 -0.005 -0.481818 0.01 0 -0.472727 0.005 0.00866025 -0.472727 -0.005 0.00866025 -0.472727 -0.01 1.22465e-18 -0.472727 -0.005 -0.00866025 -0.472727 0.005 -0.00866025 -0.472727 0.00866025 0.005 -0.463636 6.12323e-19 0.01 -0.463636 -0.00866025 0.005 -0.463636 -0.00866025 -0.005 -0.463636 -1.83697e-18 -0.01 -0.463636 0.00866025 -0.005 -0.463636 0.01 0 -0.454545 0.005 0.00866025 -0.454545 -0.005 0.00866025 -0.454545 -0.01 1.22465e-18 -0.454545 -0.005 -0.00866025 -0.454545 0.005 -0.00866025 -0.454545 0.00866025 0.005 -0.445455 6.12323e-19 0.01 -0.445455 -0.00866025 0.005 -0.445455 -0.00866025 -0.005 -0.445455 -1.83697e-18 -0.01 -0.445455 0.00866025 -0.005 -0.445455 0.01 0 -0.436364 0.005 0.00866025 -0.436364 -0.005 0.00866025 -0.436364 -0.01 1.22465e-18 -0.436364 -0.005 -0.00866025 -0.436364 0.005 -0.00866025 -0.436364 0.00866025 0.005 -0.427273 6.12323e-19 0.01 -0.427273 -0.00866025 0.005 -0.427273 -0.00866025 -0.005 -0.427273 -1.83697e-18 -0.01 -0.427273 0.00866025 -0.005 -0.427273 0.01 0 -0.418182 0.005 0.00866025 -0.418182 -0.005 0.00866025 -0.418182 -0.01 1.22465e-18 -0.418182 -0.005 -0.00866025 -0.418182 0.005 -0.00866025 -0.418182 0.00866025 0.005 -0.409091 6.12323e-19 0.01 -0.409091 -0.00866025 0.005 -0.409091 -0.00866025 -0.005 -0.409091 -1.83697e-18 -0.01 -0.409091 0.00866025 -0.005 -0.409091 0.01 0 -0.4 0.005 0.00866025 -0.4 -0.005 0.00866025 -0.4 -0.01 1.22465e-18 -0.4 -0.005 -0.00866025 -0.4 0.005 -0.00866025 -0.4 0.00866025 0.005 -0.390909 6.12323e-19 0.01 -0.390909 -0.00866025 0.005 -0.390909 -0.00866025 -0.005 -0.390909 -1.83697e-18 -0.01 -0.390909 0.00866025 -0.005 -0.390909 0.01 0 -0.381818 0.005 0.00866025 -0.381818 -0.005 0.00866025 -0.381818 -0.01 1.22465e-18 -0.381818 -0.005 -0.00866025 -0.381818 0.005 -0.00866025 -0.381818 0.00866025 0.005 -0.372727 6.12323e-19 0.01 -0.372727 -0.00866025 0.005 -0.372727 -0.00866025 -0.005 -0.372727 -1.83697e-18 -0.01 -0.372727 0.00866025 -0.005 -0.372727 0.01 0 -0.363636 0.005 0.00866025 -0.363636 -0.005 0.00866025 -0.363636 -0.01 1.22465e-18 -0.363636 -0.005 -0.00866025 -0.363636 0.005 -0.00866025 -0.363636 0.00866025 0.005 -0.354545 6.12323e-19 0.01 -0.354545 -0.00866025 0.005 -0.354545 -0.00866025 -0.005 -0.354545 -1.83697e-18 -0.01 -0.354545 0.00866025 -0.005 -0.354545 0.01 0 -0.345455 0.005 0.00866025 -0.345455 -0.005 0.00866025 -0.345455 -0.01 1.22465e-18 -0.345455 -0.005 -0.00866025 -0.345455 0.005 -0.00866025 -0.345455 0.00866025 0.005 -0.336364 6.12323e-19 0.01 -0.336364 -0.00866025 0.005 -0.336364 -0.00866025 -0.005 -0.336364 -1.83697e-18 -0.01 -0.336364 0.00866025 -0.005 -0.336364 0.01 0 -0.327273 0.005 0.00866025 -0.327273 -0.005 0.00866025 -0.327273 -0.01 1.22465e-18 -0.327273 -0.005 -0.00866025 -0.327273 0.005 -0.00866025 -0.327273 0.00866025 0.005 -0.318182 6.12323e-19 0.01 -0.318182 -0.00866025 0.005 -0.318182 -0.00866025 -0.005 -0.318182 -1.83697e-18 -0.01 -0.318182 0.00866025 -0.005 -0.318182 0.01 0 -0.309091 0.005 0.00866025 -0.309091 -0.005 0.00866025 -0.309091 -0.01 1.22465e-18 -0.309091 -0.005 -0.00866025 -0.309091 0.005 -0.00866025 -0.309091 0.00866025 0.005 -0.3 6.12323e-19 0.01 -0.3 -0.00866025 0.005 -0.3 -0.00866025 -0.005 -0.3 -1.83697e-18 -0.01 -0.3 0.00866025 -0.005 -0.3 0.01 0 -0.290909 0.005 0.00866025 -0.290909 -0.005 0.00866025 -0.290909 -0.01 1.22465e-18 -0.290909 -0.005 -0.00866025 -0.290909 0.005 -0.00866025 -0.290909 0.00866025 0.005 -0.281818 6.12323e-19 0.01 -0.281818 -0.00866025 0.005 -0.281818 -0.00866025 -0.005 -0.281818 -1.83697e-18 -0.01 -0.281818 0.00866025 -0.005 -0.281818 0.01 0 -0.272727 0.005 0.00866025 -0.272727 -0.005 0.00866025 -0.272727 -0.01 1.22465e-18 -0.272727 -0.005 -0.00866025 -0.272727 0.005 -0.00866025 -0.272727 0.00866025 0.005 -0.263636 6.12323e-19 0.01 -0.263636 -0.00866025 0.005 -0.263636 -0.00866025 -0.005 -0.263636 -1.83697e-18 -0.01 -0.263636 0.00866025 -0.005 -0.263636 0.01 0 -0.254545 0.005 0.00866025 -0.254545 -0.005 0.00866025 -0.254545 -0.01 1.22465e-18 -0.254545 -0.005 -0.00866025 -0.254545 0.005 -0.00866025 -0.254545 0.00866025 0.005 -0.245455 6.12323e-19 0.01 -0.245455 -0.00866025 0.005 -0.245455 -0.00866025 -0.005 -0.245455 -1.83697e-18 -0.01 -0.245455 0.00866025 -0.005 -0.245455 0.01 0 -0.236364 0.005 0.00866025 -0.236364 -0.005 0.00866025 -0.236364 -0.01 1.22465e-18 -0.236364 -0.005 -0.00866025 -0.236364 0.005 -0.00866025 -0.236364 0.00866025 0.005 -0.227273 6.12323e-19 0.01 -0.227273 -0.00866025 0.005 -0.227273 -0.00866025 -0.005 -0.227273 -1.83697e-18 -0.01 -0.227273 0.00866025 -0.005 -0.227273 0.01 0 -0.218182 0.005 0.00866025 -0.218182 -0.005 0.00866025 -0.218182 -0.01 1.22465e-18 -0.218182 -0.005 -0.00866025 -0.218182 0.005 -0.00866025 -0.218182 0.00866025 0.005 -0.209091 6.12323e-19 0.01 -0.209091 -0.00866025 0.005 -0.209091 -0.00866025 -0.005 -0.209091 -1.83697e-18 -0.01 -0.209091 0.00866025 -0.005 -0.209091 0.01 0 -0.2 0.005 0.00866025 -0.2 -0.005 0.00866025 -0.2 -0.01 1.22465e-18 -0.2 -0.005 -0.00866025 -0.2 0.005 -0.00866025 -0.2 0.00866025 0.005 -0.190909 6.12323e-19 0.01 -0.190909 -0.00866025 0.005 -0.190909 -0.00866025 -0.005 -0.190909 -1.83697e-18 -0.01 -0.190909 0.00866025 -0.005 -0.190909 0.01 0 -0.181818 0.005 0.00866025 -0.181818 -0.005 0.00866025 -0.181818 -0.01 1.22465e-18 -0.181818 -0.005 -0.00866025 -0.181818 0.005 -0.00866025 -0.181818 0.00866025 0.005 -0.172727 6.12323e-19 0.01 -0.172727 -0.00866025 0.005 -0.172727 -0.00866025 -0.005 -0.172727 -1.83697e-18 -0.01 -0.172727 0.00866025 -0.005 -0.172727 0.01 0 -0.163636 0.005 0.00866025 -0.163636 -0.005 0.00866025 -0.163636 -0.01 1.22465e-18 -0.163636 -0.005 -0.00866025 -0.163636 0.005 -0.00866025 -0.163636 0.00866025 0.005 -0.154545 6.12323e-19 0.01 -0.154545 -0.00866025 0.005 -0.154545 -0.00866025 -0.005 -0.154545 -1.83697e-18 -0.01 -0.154545 0.00866025 -0.005 -0.154545 0.01 0 -0.145455 0.005 0.00866025 -0.145455 -0.005 0.00866025 -0.145455 -0.01 1.22465e-18 -0.145455 -0.005 -0.00866025 -0.145455 0.005 -0.00866025 -0.145455 0.00866025 0.005 -0.136364 6.12323e-19 0.01 -0.136364 -0.00866025 0.005 -0.136364 -0.00866025 -0.005 -0.136364 -1.83697e-18 -0.01 -0.136364 0.00866025 -0.005 -0.136364 0.01 0 -0.127273 0.005 0.00866025 -0.127273 -0.005 0.00866025 -0.127273 -0.01 1.22465e-18 -0.127273 -0.005 -0.00866025 -0.127273 0.005 -0.00866025 -0.127273 0.00866025 0.005 -0.118182 6.12323e-19 0.01 -0.118182 -0.00866025 0.005 -0.118182 -0.00866025 -0.005 -0.118182 -1.83697e-18 -0.01 -0.118182 0.00866025 -0.005 -0.118182 0.01 0 -0.109091 0.005 0.00866025 -0.109091 -0.005 0.00866025 -0.109091 -0.01 1.22465e-18 -0.109091 -0.005 -0.00866025 -0.109091 0.005 -0.00866025 -0.109091 0.00866025 0.005 -0.1 6.12323e-19 0.01 -0.1 -0.00866025 0.005 -0.1 -0.00866025 -0.005 -0.1 -1.83697e-18 -0.01 -0.1 0.00866025 -0.005 -0.1 0.01 0 -0.0909091 0.005 0.00866025 -0.0909091 -0.005 0.00866025 -0.0909091 -0.01 1.22465e-18 -0.0909091 -0.005 -0.00866025 -0.0909091 0.005 -0.00866025 -0.0909091 0.00866025 0.005 -0.0818182 6.12323e-19 0.01 -0.0818182 -0.00866025 0.005 -0.0818182 -0.00866025 -0.005 -0.0818182 -1.83697e-18 -0.01 -0.0818182 0.00866025 -0.005 -0.0818182 0.01 0 -0.0727273 0.005 0.00866025 -0.0727273 -0.005 0.00866025 -0.0727273 -0.01 1.22465e-18 -0.0727273 -0.005 -0.00866025 -0.0727273 0.005 -0.00866025 -0.0727273 0.00866025 0.005 -0.0636364 6.12323e-19 0.01 -0.0636364 -0.00866025 0.005 -0.0636364 -0.00866025 -0.005 -0.0636364 -1.83697e-18 -0.01 -0.0636364 0.00866025 -0.005 -0.0636364 0.01 0 -0.0545455 0.005 0.00866025 -0.0545455 -0.005 0.00866025 -0.0545455 -0.01 1.22465e-18 -0.0545455 -0.005 -0.00866025 -0.0545455 0.005 -0.00866025 -0.0545455 0.00866025 0.005 -0.0454545 6.12323e-19 0.01 -0.0454545 -0.00866025 0.005 -0.0454545 -0.00866025 -0.005 -0.0454545 -1.83697e-18 -0.01 -0.0454545 0.00866025 -0.005 -0.0454545 0.01 0 -0.0363636 0.005 0.00866025 -0.0363636 -0.005 0.00866025 -0.0363636 -0.01 1.22465e-18 -0.0363636 -0.005 -0.00866025 -0.0363636 0.005 -0.00866025 -0.0363636 0.00866025 0.005 -0.0272727 6.12323e-19 0.01 -0.0272727 -0.00866025 0.005 -0.0272727 -0.00866025 -0.005 -0.0272727 -1.83697e-18 -0.01 -0.0272727 0.00866025 -0.005 -0.0272727 0.01 0 -0.0181818 0.005 0.00866025 -0.0181818 -0.005 0.00866025 -0.0181818 -0.01 1.22465e-18 -0.0181818 -0.005 -0.00866025 -0.0181818 0.005 -0.00866025 -0.0181818 0.00866025 0.005 -0.00909091 6.12323e-19 0.01 -0.00909091 -0.00866025 0.005 -0.00909091 -0.00866025 -0.005 -0.00909091 -1.83697e-18 -0.01 -0.00909091 0.00866025 -0.005 -0.00909091 0.01 0 0 0.005 0.00866025 0 -0.005 0.00866025 0 -0.01 1.22465e-18 0 -0.005 -0.00866025 0 0.005 -0.00866025 0 0.00866025 0.005 0.00909091 6.12323e-19 0.01 0.00909091 -0.00866025 0.005 0.00909091 -0.00866025 -0.005 0.00909091 -1.83697e-18 -0.01 0.00909091 0.00866025 -0.005 0.00909091 0.01 0 0.0181818 0.005 0.00866025 0.0181818 -0.005 0.00866025 0.0181818 -0.01 1.22465e-18 0.0181818 -0.005 -0.00866025 0.0181818 0.005 -0.00866025 0.0181818 0.00866025 0.005 0.0272727 6.12323e-19 0.01 0.0272727 -0.00866025 0.005 0.0272727 -0.00866025 -0.005 0.0272727 -1.83697e-18 -0.01 0.0272727 0.00866025 -0.005 0.0272727 0.01 0 0.0363636 0.005 0.00866025 0.0363636 -0.005 0.00866025 0.0363636 -0.01 1.22465e-18 0.0363636 -0.005 -0.00866025 0.0363636 0.005 -0.00866025 0.0363636 0.00866025 0.005 0.0454545 6.12323e-19 0.01 0.0454545 -0.00866025 0.005 0.0454545 -0.00866025 -0.005 0.0454545 -1.83697e-18 -0.01 0.0454545 0.00866025 -0.005 0.0454545 0.01 0 0.0545455 0.005 0.00866025 0.0545455 -0.005 0.00866025 0.0545455 -0.01 1.22465e-18 0.0545455 -0.005 -0.00866025 0.0545455 0.005 -0.00866025 0.0545455 0.00866025 0.005 0.0636364 6.12323e-19 0.01 0.0636364 -0.00866025 0.005 0.0636364 -0.00866025 -0.005 0.0636364 -1.83697e-18 -0.01 0.0636364 0.00866025 -0.005 0.0636364 0.01 0 0.0727273 0.005 0.00866025 0.0727273 -0.005 0.00866025 0.0727273 -0.01 1.22465e-18 0.0727273 -0.005 -0.00866025 0.0727273 0.005 -0.00866025 0.0727273 0.00866025 0.005 0.0818182 6.12323e-19 0.01 0.0818182 -0.00866025 0.005 0.0818182 -0.00866025 -0.005 0.0818182 -1.83697e-18 -0.01 0.0818182 0.00866025 -0.005 0.0818182 0.01 0 0.0909091 0.005 0.00866025 0.0909091 -0.005 0.00866025 0.0909091 -0.01 1.22465e-18 0.0909091 -0.005 -0.00866025 0.0909091 0.005 -0.00866025 0.0909091 0.00866025 0.005 0.1 6.12323e-19 0.01 0.1 -0.00866025 0.005 0.1 -0.00866025 -0.005 0.1 -1.83697e-18 -0.01 0.1 0.00866025 -0.005 0.1 0.01 0 0.109091 0.005 0.00866025 0.109091 -0.005 0.00866025 0.109091 -0.01 1.22465e-18 0.109091 -0.005 -0.00866025 0.109091 0.005 -0.00866025 0.109091 0.00866025 0.005 0.118182 6.12323e-19 0.01 0.118182 -0.00866025 0.005 0.118182 -0.00866025 -0.005 0.118182 -1.83697e-18 -0.01 0.118182 0.00866025 -0.005 0.118182 0.01 0 0.127273 0.005 0.00866025 0.127273 -0.005 0.00866025 0.127273 -0.01 1.22465e-18 0.127273 -0.005 -0.00866025 0.127273 0.005 -0.00866025 0.127273 0.00866025 0.005 0.136364 6.12323e-19 0.01 0.136364 -0.00866025 0.005 0.136364 -0.00866025 -0.005 0.136364 -1.83697e-18 -0.01 0.136364 0.00866025 -0.005 0.136364 0.01 0 0.145455 0.005 0.00866025 0.145455 -0.005 0.00866025 0.145455 -0.01 1.22465e-18 0.145455 -0.005 -0.00866025 0.145455 0.005 -0.00866025 0.145455 0.00866025 0.005 0.154545 6.12323e-19 0.01 0.154545 -0.00866025 0.005 0.154545 -0.00866025 -0.005 0.154545 -1.83697e-18 -0.01 0.154545 0.00866025 -0.005 0.154545 0.01 0 0.163636 0.005 0.00866025 0.163636 -0.005 0.00866025 0.163636 -0.01 1.22465e-18 0.163636 -0.005 -0.00866025 0.163636 0.005 -0.00866025 0.163636 0.00866025 0.005 0.172727 6.12323e-19 0.01 0.172727 -0.00866025 0.005 0.172727 -0.00866025 -0.005 0.172727 -1.83697e-18 -0.01 0.172727 0.00866025 -0.005 0.172727 0.01 0 0.181818 0.005 0.00866025 0.181818 -0.005 0.00866025 0.181818 -0.01 1.22465e-18 0.181818 -0.005 -0.00866025 0.181818 0.005 -0.00866025 0.181818 0.00866025 0.005 0.190909 6.12323e-19 0.01 0.190909 -0.00866025 0.005 0.190909 -0.00866025 -0.005 0.190909 -1.83697e-18 -0.01 0.190909 0.00866025 -0.005 0.190909 0.01 0 0.2 0.005 0.00866025 0.2 -0.005 0.00866025 0.2 -0.01 1.22465e-18 0.2 -0.005 -0.00866025 0.2 0.005 -0.00866025 0.2 0.00866025 0.005 0.209091 6.12323e-19 0.01 0.209091 -0.00866025 0.005 0.209091 -0.00866025 -0.005 0.209091 -1.83697e-18 -0.01 0.209091 0.00866025 -0.005 0.209091 0.01 0 0.218182 0.005 0.00866025 0.218182 -0.005 0.00866025 0.218182 -0.01 1.22465e-18 0.218182 -0.005 -0.00866025 0.218182 0.005 -0.00866025 0.218182 0.00866025 0.005 0.227273 6.12323e-19 0.01 0.227273 -0.00866025 0.005 0.227273 -0.00866025 -0.005 0.227273 -1.83697e-18 -0.01 0.227273 0.00866025 -0.005 0.227273 0.01 0 0.236364 0.005 0.00866025 0.236364 -0.005 0.00866025 0.236364 -0.01 1.22465e-18 0.236364 -0.005 -0.00866025 0.236364 0.005 -0.00866025 0.236364 0.00866025 0.005 0.245455 6.12323e-19 0.01 0.245455 -0.00866025 0.005 0.245455 -0.00866025 -0.005 0.245455 -1.83697e-18 -0.01 0.245455 0.00866025 -0.005 0.245455 0.01 0 0.254545 0.005 0.00866025 0.254545 -0.005 0.00866025 0.254545 -0.01 1.22465e-18 0.254545 -0.005 -0.00866025 0.254545 0.005 -0.00866025 0.254545 0.00866025 0.005 0.263636 6.12323e-19 0.01 0.263636 -0.00866025 0.005 0.263636 -0.00866025 -0.005 0.263636 -1.83697e-18 -0.01 0.263636 0.00866025 -0.005 0.263636 0.01 0 0.272727 0.005 0.00866025 0.272727 -0.005 0.00866025 0.272727 -0.01 1.22465e-18 0.272727 -0.005 -0.00866025 0.272727 0.005 -0.00866025 0.272727 0.00866025 0.005 0.281818 6.12323e-19 0.01 0.281818 -0.00866025 0.005 0.281818 -0.00866025 -0.005 0.281818 -1.83697e-18 -0.01 0.281818 0.00866025 -0.005 0.281818 0.01 0 0.290909 0.005 0.00866025 0.290909 -0.005 0.00866025 0.290909 -0.01 1.22465e-18 0.290909 -0.005 -0.00866025 0.290909 0.005 -0.00866025 0.290909 0.00866025 0.005 0.3 6.12323e-19 0.01 0.3 -0.00866025 0.005 0.3 -0.00866025 -0.005 0.3 -1.83697e-18 -0.01 0.3 0.00866025 -0.005 0.3 0.01 0 0.309091 0.005 0.00866025 0.309091 -0.005 0.00866025 0.309091 -0.01 1.22465e-18 0.309091 -0.005 -0.00866025 0.309091 0.005 -0.00866025 0.309091 0.00866025 0.005 0.318182 6.12323e-19 0.01 0.318182 -0.00866025 0.005 0.318182 -0.00866025 -0.005 0.318182 -1.83697e-18 -0.01 0.318182 0.00866025 -0.005 0.318182 0.01 0 0.327273 0.005 0.00866025 0.327273 -0.005 0.00866025 0.327273 -0.01 1.22465e-18 0.327273 -0.005 -0.00866025 0.327273 0.005 -0.00866025 0.327273 0.00866025 0.005 0.336364 6.12323e-19 0.01 0.336364 -0.00866025 0.005 0.336364 -0.00866025 -0.005 0.336364 -1.83697e-18 -0.01 0.336364 0.00866025 -0.005 0.336364 0.01 0 0.345455 0.005 0.00866025 0.345455 -0.005 0.00866025 0.345455 -0.01 1.22465e-18 0.345455 -0.005 -0.00866025 0.345455 0.005 -0.00866025 0.345455 0.00866025 0.005 0.354545 6.12323e-19 0.01 0.354545 -0.00866025 0.005 0.354545 -0.00866025 -0.005 0.354545 -1.83697e-18 -0.01 0.354545 0.00866025 -0.005 0.354545 0.01 0 0.363636 0.005 0.00866025 0.363636 -0.005 0.00866025 0.363636 -0.01 1.22465e-18 0.363636 -0.005 -0.00866025 0.363636 0.005 -0.00866025 0.363636 0.00866025 0.005 0.372727 6.12323e-19 0.01 0.372727 -0.00866025 0.005 0.372727 -0.00866025 -0.005 0.372727 -1.83697e-18 -0.01 0.372727 0.00866025 -0.005 0.372727 0.01 0 0.381818 0.005 0.00866025 0.381818 -0.005 0.00866025 0.381818 -0.01 1.22465e-18 0.381818 -0.005 -0.00866025 0.381818 0.005 -0.00866025 0.381818 0.00866025 0.005 0.390909 6.12323e-19 0.01 0.390909 -0.00866025 0.005 0.390909 -0.00866025 -0.005 0.390909 -1.83697e-18 -0.01 0.390909 0.00866025 -0.005 0.390909 0.01 0 0.4 0.005 0.00866025 0.4 -0.005 0.00866025 0.4 -0.01 1.22465e-18 0.4 -0.005 -0.00866025 0.4 0.005 -0.00866025 0.4 0.00866025 0.005 0.409091 6.12323e-19 0.01 0.409091 -0.00866025 0.005 0.409091 -0.00866025 -0.005 0.409091 -1.83697e-18 -0.01 0.409091 0.00866025 -0.005 0.409091 0.01 0 0.418182 0.005 0.00866025 0.418182 -0.005 0.00866025 0.418182 -0.01 1.22465e-18 0.418182 -0.005 -0.00866025 0.418182 0.005 -0.00866025 0.418182 0.00866025 0.005 0.427273 6.12323e-19 0.01 0.427273 -0.00866025 0.005 0.427273 -0.00866025 -0.005 0.427273 -1.83697e-18 -0.01 0.427273 0.00866025 -0.005 0.427273 0.01 0 0.436364 0.005 0.00866025 0.436364 -0.005 0.00866025 0.436364 -0.01 1.22465e-18 0.436364 -0.005 -0.00866025 0.436364 0.005 -0.00866025 0.436364 0.00866025 0.005 0.445455 6.12323e-19 0.01 0.445455 -0.00866025 0.005 0.445455 -0.00866025 -0.005 0.445455 -1.83697e-18 -0.01 0.445455 0.00866025 -0.005 0.445455 0.01 0 0.454545 0.005 0.00866025 0.454545 -0.005 0.00866025 0.454545 -0.01 1.22465e-18 0.454545 -0.005 -0.00866025 0.454545 0.005 -0.00866025 0.454545 0.00866025 0.005 0.463636 6.12323e-19 0.01 0.463636 -0.00866025 0.005 0.463636 -0.00866025 -0.005 0.463636 -1.83697e-18 -0.01 0.463636 0.00866025 -0.005 0.463636 0.01 0 0.472727 0.005 0.00866025 0.472727 -0.005 0.00866025 0.472727 -0.01 1.22465e-18 0.472727 -0.005 -0.00866025 0.472727 0.005 -0.00866025 0.472727 0.00866025 0.005 0.481818 6.12323e-19 0.01 0.481818 -0.00866025 0.005 0.481818 -0.00866025 -0.005 0.481818 -1.83697e-18 -0.01 0.481818 0.00866025 -0.005 0.481818 0.01 0 0.490909 0.005 0.00866025 0.490909 -0.005 0.00866025 0.490909 -0.01 1.22465e-18 0.490909 -0.005 -0.00866025 0.490909 0.005 -0.00866025 0.490909 0.00866025 0.005 0.5 6.12323e-19 0.01 0.5 -0.00866025 0.005 0.5 -0.00866025 -0.005 0.5 -1.83697e-18 -0.01 0.5 0.00866025 -0.005 0.5 0.01 0 0.509091 0.005 0.00866025 0.509091 -0.005 0.00866025 0.509091 -0.01 1.22465e-18 0.509091 -0.005 -0.00866025 0.509091 0.005 -0.00866025 0.509091 0.00866025 0.005 0.518182 6.12323e-19 0.01 0.518182 -0.00866025 0.005 0.518182 -0.00866025 -0.005 0.518182 -1.83697e-18 -0.01 0.518182 0.00866025 -0.005 0.518182 0.01 0 0.527273 0.005 0.00866025 0.527273 -0.005 0.00866025 0.527273 -0.01 1.22465e-18 0.527273 -0.005 -0.00866025 0.527273 0.005 -0.00866025 0.527273 0.00866025 0.005 0.536364 6.12323e-19 0.01 0.536364 -0.00866025 0.005 0.536364 -0.00866025 -0.005 0.536364 -1.83697e-18 -0.01 0.536364 0.00866025 -0.005 0.536364 0.01 0 0.545455 0.005 0.00866025 0.545455 -0.005 0.00866025 0.545455 -0.01 1.22465e-18 0.545455 -0.005 -0.00866025 0.545455 0.005 -0.00866025 0.545455 0.00866025 0.005 0.554545 6.12323e-19 0.01 0.554545 -0.00866025 0.005 0.554545 -0.00866025 -0.005 0.554545 -1.83697e-18 -0.01 0.554545 0.00866025 -0.005 0.554545 0.01 0 0.563636 0.005 0.00866025 0.563636 -0.005 0.00866025 0.563636 -0.01 1.22465e-18 0.563636 -0.005 -0.00866025 0.563636 0.005 -0.00866025 0.563636 0.00866025 0.005 0.572727 6.12323e-19 0.01 0.572727 -0.00866025 0.005 0.572727 -0.00866025 -0.005 0.572727 -1.83697e-18 -0.01 0.572727 0.00866025 -0.005 0.572727 0.01 0 0.581818 0.005 0.00866025 0.581818 -0.005 0.00866025 0.581818 -0.01 1.22465e-18 0.581818 -0.005 -0.00866025 0.581818 0.005 -0.00866025 0.581818 0.00866025 0.005 0.590909 6.12323e-19 0.01 0.590909 -0.00866025 0.005 0.590909 -0.00866025 -0.005 0.590909 -1.83697e-18 -0.01 0.590909 0.00866025 -0.005 0.590909 0.01 0 0.6 0.005 0.00866025 0.6 -0.005 0.00866025 0.6 -0.01 1.22465e-18 0.6 -0.005 -0.00866025 0.6 0.005 -0.00866025 0.6 0.00866025 0.005 0.609091 6.12323e-19 0.01 0.609091 -0.00866025 0.005 0.609091 -0.00866025 -0.005 0.609091 -1.83697e-18 -0.01 0.609091 0.00866025 -0.005 0.609091 0.01 0 0.618182 0.005 0.00866025 0.618182 -0.005 0.00866025 0.618182 -0.01 1.22465e-18 0.618182 -0.005 -0.00866025 0.618182 0.005 -0.00866025 0.618182 0.00866025 0.005 0.627273 6.12323e-19 0.01 0.627273 -0.00866025 0.005 0.627273 -0.00866025 -0.005 0.627273 -1.83697e-18 -0.01 0.627273 0.00866025 -0.005 0.627273 0.01 0 0.636364 0.005 0.00866025 0.636364 -0.005 0.00866025 0.636364 -0.01 1.22465e-18 0.636364 -0.005 -0.00866025 0.636364 0.005 -0.00866025 0.636364 0.00866025 0.005 0.645455 6.12323e-19 0.01 0.645455 -0.00866025 0.005 0.645455 -0.00866025 -0.005 0.645455 -1.83697e-18 -0.01 0.645455 0.00866025 -0.005 0.645455 0.01 0 0.654545 0.005 0.00866025 0.654545 -0.005 0.00866025 0.654545 -0.01 1.22465e-18 0.654545 -0.005 -0.00866025 0.654545 0.005 -0.00866025 0.654545 0.00866025 0.005 0.663636 6.12323e-19 0.01 0.663636 -0.00866025 0.005 0.663636 -0.00866025 -0.005 0.663636 -1.83697e-18 -0.01 0.663636 0.00866025 -0.005 0.663636 0.01 0 0.672727 0.005 0.00866025 0.672727 -0.005 0.00866025 0.672727 -0.01 1.22465e-18 0.672727 -0.005 -0.00866025 0.672727 0.005 -0.00866025 0.672727 0.00866025 0.005 0.681818 6.12323e-19 0.01 0.681818 -0.00866025 0.005 0.681818 -0.00866025 -0.005 0.681818 -1.83697e-18 -0.01 0.681818 0.00866025 -0.005 0.681818 0.01 0 0.690909 0.005 0.00866025 0.690909 -0.005 0.00866025 0.690909 -0.01 1.22465e-18 0.690909 -0.005 -0.00866025 0.690909 0.005 -0.00866025 0.690909 0.00866025 0.005 0.7 6.12323e-19 0.01 0.7 -0.00866025 0.005 0.7 -0.00866025 -0.005 0.7 -1.83697e-18 -0.01 0.7 0.00866025 -0.005 0.7 0.01 0 0.709091 0.005 0.00866025 0.709091 -0.005 0.00866025 0.709091 -0.01 1.22465e-18 0.709091 -0.005 -0.00866025 0.709091 0.005 -0.00866025 0.709091 0.00866025 0.005 0.718182 6.12323e-19 0.01 0.718182 -0.00866025 0.005 0.718182 -0.00866025 -0.005 0.718182 -1.83697e-18 -0.01 0.718182 0.00866025 -0.005 0.718182 0.01 0 0.727273 0.005 0.00866025 0.727273 -0.005 0.00866025 0.727273 -0.01 1.22465e-18 0.727273 -0.005 -0.00866025 0.727273 0.005 -0.00866025 0.727273 0.00866025 0.005 0.736364 6.12323e-19 0.01 0.736364 -0.00866025 0.005 0.736364 -0.00866025 -0.005 0.736364 -1.83697e-18 -0.01 0.736364 0.00866025 -0.005 0.736364 0.01 0 0.745455 0.005 0.00866025 0.745455 -0.005 0.00866025 0.745455 -0.01 1.22465e-18 0.745455 -0.005 -0.00866025 0.745455 0.005 -0.00866025 0.745455 0.00866025 0.005 0.754545 6.12323e-19 0.01 0.754545 -0.00866025 0.005 0.754545 -0.00866025 -0.005 0.754545 -1.83697e-18 -0.01 0.754545 0.00866025 -0.005 0.754545 0.01 0 0.763636 0.005 0.00866025 0.763636 -0.005 0.00866025 0.763636 -0.01 1.22465e-18 0.763636 -0.005 -0.00866025 0.763636 0.005 -0.00866025 0.763636 0.00866025 0.005 0.772727 6.12323e-19 0.01 0.772727 -0.00866025 0.005 0.772727 -0.00866025 -0.005 0.772727 -1.83697e-18 -0.01 0.772727 0.00866025 -0.005 0.772727 0.01 0 0.781818 0.005 0.00866025 0.781818 -0.005 0.00866025 0.781818 -0.01 1.22465e-18 0.781818 -0.005 -0.00866025 0.781818 0.005 -0.00866025 0.781818 0.00866025 0.005 0.790909 6.12323e-19 0.01 0.790909 -0.00866025 0.005 0.790909 -0.00866025 -0.005 0.790909 -1.83697e-18 -0.01 0.790909 0.00866025 -0.005 0.790909 0.01 0 0.8 0.005 0.00866025 0.8 -0.005 0.00866025 0.8 -0.01 1.22465e-18 0.8 -0.005 -0.00866025 0.8 0.005 -0.00866025 0.8 0.00866025 0.005 0.809091 6.12323e-19 0.01 0.809091 -0.00866025 0.005 0.809091 -0.00866025 -0.005 0.809091 -1.83697e-18 -0.01 0.809091 0.00866025 -0.005 0.809091 0.01 0 0.818182 0.005 0.00866025 0.818182 -0.005 0.00866025 0.818182 -0.01 1.22465e-18 0.818182 -0.005 -0.00866025 0.818182 0.005 -0.00866025 0.818182 0.00866025 0.005 0.827273 6.12323e-19 0.01 0.827273 -0.00866025 0.005 0.827273 -0.00866025 -0.005 0.827273 -1.83697e-18 -0.01 0.827273 0.00866025 -0.005 0.827273 0.01 0 0.836364 0.005 0.00866025 0.836364 -0.005 0.00866025 0.836364 -0.01 1.22465e-18 0.836364 -0.005 -0.00866025 0.836364 0.005 -0.00866025 0.836364 0.00866025 0.005 0.845455 6.12323e-19 0.01 0.845455 -0.00866025 0.005 0.845455 -0.00866025 -0.005 0.845455 -1.83697e-18 -0.01 0.845455 0.00866025 -0.005 0.845455 0.01 0 0.854545 0.005 0.00866025 0.854545 -0.005 0.00866025 0.854545 -0.01 1.22465e-18 0.854545 -0.005 -0.00866025 0.854545 0.005 -0.00866025 0.854545 0.00866025 0.005 0.863636 6.12323e-19 0.01 0.863636 -0.00866025 0.005 0.863636 -0.00866025 -0.005 0.863636 -1.83697e-18 -0.01 0.863636 0.00866025 -0.005 0.863636 0.01 0 0.872727 0.005 0.00866025 0.872727 -0.005 0.00866025 0.872727 -0.01 1.22465e-18 0.872727 -0.005 -0.00866025 0.872727 0.005 -0.00866025 0.872727 0.00866025 0.005 0.881818 6.12323e-19 0.01 0.881818 -0.00866025 0.005 0.881818 -0.00866025 -0.005 0.881818 -1.83697e-18 -0.01 0.881818 0.00866025 -0.005 0.881818 0.01 0 0.890909 0.005 0.00866025 0.890909 -0.005 0.00866025 0.890909 -0.01 1.22465e-18 0.890909 -0.005 -0.00866025 0.890909 0.005 -0.00866025 0.890909 0.00866025 0.005 0.9 6.12323e-19 0.01 0.9 -0.00866025 0.005 0.9 -0.00866025 -0.005 0.9 -1.83697e-18 -0.01 0.9 0.00866025 -0.005 0.9 0.01 0 0.909091 0.005 0.00866025 0.909091 -0.005 0.00866025 0.909091 -0.01 1.22465e-18 0.909091 -0.005 -0.00866025 0.909091 0.005 -0.00866025 0.909091 0.00866025 0.005 0.918182 6.12323e-19 0.01 0.918182 -0.00866025 0.005 0.918182 -0.00866025 -0.005 0.918182 -1.83697e-18 -0.01 0.918182 0.00866025 -0.005 0.918182 0.01 0 0.927273 0.005 0.00866025 0.927273 -0.005 0.00866025 0.927273 -0.01 1.22465e-18 0.927273 -0.005 -0.00866025 0.927273 0.005 -0.00866025 0.927273 0.00866025 0.005 0.936364 6.12323e-19 0.01 0.936364 -0.00866025 0.005 0.936364 -0.00866025 -0.005 0.936364 -1.83697e-18 -0.01 0.936364 0.00866025 -0.005 0.936364 0.01 0 0.945455 0.005 0.00866025 0.945455 -0.005 0.00866025 0.945455 -0.01 1.22465e-18 0.945455 -0.005 -0.00866025 0.945455 0.005 -0.00866025 0.945455 0.00866025 0.005 0.954545 6.12323e-19 0.01 0.954545 -0.00866025 0.005 0.954545 -0.00866025 -0.005 0.954545 -1.83697e-18 -0.01 0.954545 0.00866025 -0.005 0.954545 0.01 0 0.963636 0.005 0.00866025 0.963636 -0.005 0.00866025 0.963636 -0.01 1.22465e-18 0.963636 -0.005 -0.00866025 0.963636 0.005 -0.00866025 0.963636 0.00866025 0.005 0.972727 6.12323e-19 0.01 0.972727 -0.00866025 0.005 0.972727 -0.00866025 -0.005 0.972727 -1.83697e-18 -0.01 0.972727 0.00866025 -0.005 0.972727 0.01 0 0.981818 0.005 0.00866025 0.981818 -0.005 0.00866025 0.981818 -0.01 1.22465e-18 0.981818 -0.005 -0.00866025 0.981818 0.005 -0.00866025 0.981818 0.00866025 0.005 0.990909 6.12323e-19 0.01 0.990909 -0.00866025 0.005 0.990909 -0.00866025 -0.005 0.990909 -1.83697e-18 -0.01 0.990909 0.00866025 -0.005 0.990909 0.01 0 1 0.005 0.00866025 1 -0.005 0.00866025 1 -0.01 1.22465e-18 1 -0.005 -0.00866025 1 0.005 -0.00866025 1 0 0 -1 0.01 0 -1 0.005 0.00866025 -1 -0.005 0.00866025 -1 -0.01 1.22465e-18 -1 -0.005 -0.00866025 -1 0.005 -0.00866025 -1 0 0 1 0.01 0 1 0.005 0.00866025 1 -0.005 0.00866025 1 -0.01 1.22465e-18 1 -0.005 -0.00866025 1 0.005 -0.00866025 1"/>
     <Normal vector="0.998548 0 -0.0538637 0.499274 0.864768 -0.0538636 -0.499274 0.864768 -0.0538636 -0.998548 0 -0.0538637 -0.499274 -0.864768 -0.0538636 0.499274 -0.864768 -0.0538636 0.866025 0.5 0 0 1 0 -0.866025 0.5 0 -0.866025 -0.5 0 0 -1 0 0.866025 -0.5 0 1 0 0 0.5 0.866025 0 -0.5 0.866025 0 -1 0 0 -0.5 -0.866025 0 0.5 -0.866025 0 0.866025 0.5 1.70907e-07 0 1 1.7642e-07 -0.866025 0.5 1.70907e-07 -0.866025 -0.5 1.70907e-07 0 -1 1.7642e-07 0.866025 -0.5 1.70907e-07 1 0 -1.7642e-07 0.5 0.866025 -1.70907e-07 -0.5 0.866025 -1.70907e-07 -1 0 -1.7642e-07 -0.5 -0.866025 -1.70907e-07 0.5 -0.866025 -1.70907e-07 0.866025 0.5 0 0 1 0 -0.866025 0.5 0 -0.866025 -0.5 0 0 -1 0 0.866025 -0.5 0 1 0 0 0.5 0.866025 0 -0.5 0.866025 0 -1 0 0 -0.5 -0.866025 0 0.5 -0.866025 0 0.866025 0.5 0 0 1 0 -0.866025 0.5 0 -0.866025 -0.5 0 0 -1 0 0.866025 -0.5 0 1 0 0 0.5 0.866025 0 -0.5 0.866025 0 -1 0 0 -0.5 -0.866025 0 0.5 -0.866025 0 0.866025 0.5 0 0 1 0 -0.866025 0.5 0 -0.866025 -0.5 0 0 -1 0 0.866025 -0.5 0 1 0 1.7642e-07 0.5 0.866025 1.70907e-07 -0.5 0.866025 1.70907e-07 -1 0 1.7642e-07 -0.5 -0.866025 1.70907e-07 0.5 -0.866025 1.70907e-07 0.866025 0.5 -1.70907e-07 0 1 -1.7642e-07 -0.866025 0.5 -1.70907e-07 -0.866025 -0.5 -1.70907e-07 0 -1 -1.7642e-07 0.866025 -0.5 -1.70907e-07 1 0 0 0.5 0.866025 0 -0.5 0.866025 0 -1 0 0 -0.5 -0.866025 0 0.5 -0.866025 0 0.866025 0.5 0 0 1 0 -0.866025 0.5 0 -0.866025 -0.5 0 0 -1 0 0.866025 -0.5 0 1 0 0 0.5 0.866025 0 -0.5 0.866025 0 -1 0 0 -0.5 -0.866025 0 0.5 -0.866025 0 0.866025 0.5 0 0 1 0 -0.866025 0.5 0 -0.866025 -0.5 0 0 -1 0 0.866025 -0.5 0 1 0 0 0.5 0.866025 0 -0.5 0.866025 0 -1 0 0 -0.5 -0.866025 0 0.5 -0.866025 0 0.866025 0.5 1.70907e-07 0 1 1.7642e-07 -0.866025 0.5 1.70907e-07 -0.866025 -0.5 1.70907e-07 0 -1 1.7642e-07 0.866025 -0.5 1.70907e-07 1 0 -1.7642e-07 0.5 0.866025 -1.70907e-07 -0.5 0.866025 -1.70907e-07 -1 0 -1.7642e-07 -0.5 -0.866025 -1.70907e-07 0.5 -0.866025 -1.70907e-07 0.866025 0.5 0 0 1 0 -0.866025 0.5 0 -0.866025 -0.5 0 0 -1 0 0.866025 -0.5 0 1 0 0 0.5 0.866025 0 -0.5 0.866025 0 -1 0 0 -0.5 -0.866025 0 0.5 -0.866025 0 0.866025 0.5 0 0 1 0 -0.866025 0.5 0 -0.866025 -0.5 0 0 -1 0 0.866025 -0.5 0 1 0 0 0.5 0.866025 0 -0.5 0.866025 0 -1 0 0 -0.5 -0.866025 0 0.5 -0.866025 0 0.866025 0.5 0 0 1 0 -0.866025 0.5 0 -0.866025 -0.5 0 0 -1 0 0.866025 -0.5 0 1 0 1.7642e-07 0.5 0.866025 1.70907e-07 -0.5 0.866025 1.70907e-07 -1 0 1.7642e-07 -0.5 -0.866025 1.70907e-07 0.5 -0.866025 1.70907e-07 0.866025 0.5 -1.70907e-07 0 1 -1.7642e-07 -0.866025 0.5 -1.70907e-07 -0.866025 -0.5 -1.70907e-07 0 -1 -1.7642e-07 0.866025 -0.5 -1.70907e-07 1 0 0 0.5 0.866025 0 -0.5 0.866025 0 -1 0 0 -0.5 -0.866025 0 0.5 -0.866025 0 0.866025 0.5 0 0 1 0 -0.866025 0.5 0 -0.866025 -0.5 0 0 -1 0 0.866025 -0.5 0 1 0 0 0.5 0.866025 0 -0.5 0.866025 0 -1 0 0 -0.5 -0.866025 0 0.5 -0.866025 0 0.866025 0.5 0 0 1 0 -0.866025 0.5 0 -0.866025 -0.5 0 0 -1 0 0.866025 -0.5 0 1 0 1.7642e-07 0.5 0.866025 1.70907e-07 -0.5 0.866025 1.70907e-07 -1 0 1.7642e-07 -0.5 -0.866025 1.70907e-07 0.5 -0.866025 1.70907e-07 0.866025 0.5 -1.70907e-07 0 1 -1.7642e-07 -0.866025 0.5 -1.70907e-07 -0.866025 -0.5 -1.70907e-07 0 -1 -1.7642e-07 0.866025 -0.5 -1.70907e-07 1 0 0 0.5 0.866025 0 -0.5 0.866025 0 -1 0 0 -0.5 -0.866025 0 0.5 -0.866025 0 0.866025 0.5 0 0 1 0 -0.866025 0.5 0 -0.866025 -0.5 0 0 -1 0 0.866025 -0.5 0 1 0 0 0.5 0.866025 0 -0.5 0.866025 0 -1 0 0 -0.5 -0.866025 0 0.5 -0.866025 0 0.866025 0.5 0 0 1 0 -0.866025 0.5 0 -0.866025 -0.5 0 0 -1 0 0.866025 -0.5 0 1 0 0 0.5 0.866025 0 -0.5 0.866025 0 -1 0 0 -0.5 -0.866025 0 0.5 -0.866025 0 0.866025 0.5 1.70907e-07 0 1 1.7642e-07 -0.866025 0.5 1.70907e-07 -0.866025 -0.5 1.70907e-07 0 -1 1.7642e-07 0.866025 -0.5 1.70907e-07 1 0 -1.7642e-07 0.5 0.866025 -1.70907e-07 -0.5 0.866025 -1.70907e-07 -1 0 -1.7642e-07 -0.5 -0.866025 -1.70907e-07 0.5 -0.866025 -1.70907e-07 0.866025 0.5 0 0 1 0 -0.866025 0.5 0 -0.866025 -0.5 0 0 -1 0 0.866025 -0.5 0 1 0 0 0.5 0.866025 0 -0.5 0.866025 0 -1 0 0 -0.5 -0.866025 0 0.5 -0.866025 0 0.866025 0.5 0 0 1 0 -0.866025 0.5 0 -0.866025 -0.5 0 0 -1 0 0.866025 -0.5 0 1 0 0 0.5 0.866025 0 -0.5 0.866025 0 -1 0 0 -0.5 -0.866025 0 0.5 -0.866025 0 0.866025 0.5 0 0 1 0 -0.866025 0.5 0 -0.866025 -0.5 0 0 -1 0 0.866025 -0.5 0 1 0 1.7642e-07 0.5 0.866025 1.70907e-07 -0.5 0.866025 1.70907e-07 -1 0 1.7642e-07 -0.5 -0.866025 1.70907e-07 0.5 -0.866025 1.70907e-07 0.866025 0.5 -1.70907e-07 0 1 -1.7642e-07 -0.866025 0.5 -1.70907e-07 -0.866025 -0.5 -1.70907e-07 0 -1 -1.7642e-07 0.866025 -0.5 -1.70907e-07 1 0 0 0.5 0.866025 0 -0.5 0.866025 0 -1 0 0 -0.5 -0.866025 0 0.5 -0.866025 0 0.866025 0.5 0 0 1 0 -0.866025 0.5 0 -0.866025 -0.5 0 0 -1 0 0.866025 -0.5 0 1 0 0 0.5 0.866025 0 -0.5 0.866025 0 -1 0 0 -0.5 -0.866025 0 0.5 -0.866025 0 0.866025 0.5 0 0 1 0 -0.866025 0.5 0 -0.866025 -0.5 0 0 -1 0 0.866025 -0.5 0 1 0 0 0.5 0.866025 0 -0.5 0.866025 0 -1 0 0 -0.5 -0.866025 0 0.5 -0.866025 0 0.866025 0.5 1.70907e-07 0 1 1.7642e-07 -0.866025 0.5 1.70907e-07 -0.866025 -0.5 1.70907e-07 0 -1 1.7642e-07 0.866025 -0.5 1.70907e-07 1 0 -1.7642e-07 0.5 0.866025 -1.70907e-07 -0.5 0.866025 -1.70907e-07 -1 0 -1.7642e-07 -0.5 -0.866025 -1.70907e-07 0.5 -0.866025 -1.70907e-07 0.866025 0.5 0 0 1 0 -0.866025 0.5 0 -0.866025 -0.5 0 0 -1 0 0.866025 -0.5 0 1 0 0 0.5 0.866025 0 -0.5 0.866025 0 -1 0 0 -0.5 -0.866025 0 0.5 -0.866025 0 0.866025 0.5 0 0 1 0 -0.866025 0.5 0 -0.866025 -0.5 0 0 -1 0 0.866025 -0.5 0 1 0 9.09664e-08 0.5 0.866025 8.82098e-08 -0.5 0.866025 8.82098e-08 -1 0 9.09664e-08 -0.5 -0.866025 8.82098e-08 0.5 -0.866025 8.82098e-08 0.866025 0.5 -8.26967e-08 0 1 -8.54533e-08 -0.866025 0.5 -8.26967e-08 -0.866025 -0.5 -8.26967e-08 0 -1 -8.54533e-08 0.866025 -0.5 -8.26967e-08 1 0 0 0.5 0.866025 0 -0.5 0.866025 0 -1 0 0 -0.5 -0.866025 0 0.5 -0.866025 0 0.866025 0.5 0 0 1 0 -0.866025 0.5 0 -0.866025 -0.5 0 0 -1 0 0.866025 -0.5 0 1 0 9.09664e-08 0.5 0.866025 8.82098e-08 -0.5 0.866025 8.82098e-08 -1 0 9.09664e-08 -0.5 -0.866025 8.82098e-08 0.5 -0.866025 8.82098e-08 0.866025 0.5 -8.26967e-08 0 1 -8.54533e-08 -0.866025 0.5 -8.26967e-08 -0.866025 -0.5 -8.26967e-08 0 -1 -8.54533e-08 0.866025 -0.5 -8.26967e-08 1 0 0 0.5 0.866025 0 -0.5 0.866025 0 -1 0 0 -0.5 -0.866025 0 0.5 -0.866025 0 0.866025 0.5 8.82098e-08 0 1 9.09664e-08 -0.866025 0.5 8.82098e-08 -0.866025 -0.5 8.82098e-08 0 -1 9.09664e-08 0.866025 -0.5 8.82098e-08 1 0 -8.54533e-08 0.5 0.866025 -8.26967e-08 -0.5 0.866025 -8.26967e-08 -1 0 -8.54533e-08 -0.5 -0.866025 -8.26967e-08 0.5 -0.866025 -8.26967e-08 0.866025 0.5 0 0 1 0 -0.866025 0.5 0 -0.866025 -0.5 0 0 -1 0 0.866025 -0.5 0 1 0 0 0.5 0.866025 0 -0.5 0.866025 0 -1 0 0 -0.5 -0.866025 0 0.5 -0.866025 0 0.866025 0.5 8.82098e-08 0 1 9.09664e-08 -0.866025 0.5 8.82098e-08 -0.866025 -0.5 8.82098e-08 0 -1 9.09664e-08 0.866025 -0.5 8.82098e-08 1 0 -8.54533e-08 0.5 0.866025 -8.26967e-08 -0.5 0.866025 -8.26967e-08 -1 0 -8.54533e-08 -0.5 -0.866025 -8.26967e-08 0.5 -0.866025 -8.26967e-08 0.866025 0.5 0 0 1 0 -0.866025 0.5 0 -0.866025 -0.5 0 0 -1 0 0.866025 -0.5 0 1 0 9.09664e-08 0.5 0.866025 8.82098e-08 -0.5 0.866025 8.82098e-08 -1 0 9.09664e-08 -0.5 -0.866025 8.82098e-08 0.5 -0.866025 8.82098e-08 0.866025 0.5 -8.26967e-08 0 1 -8.54533e-08 -0.866025 0.5 -8.26967e-08 -0.866025 -0.5 -8.26967e-08 0 -1 -8.54533e-08 0.866025 -0.5 -8.26967e-08 1 0 0 0.5 0.866025 0 -0.5 0.866025 0 -1 0 0 -0.5 -0.866025 0 0.5 -0.866025 0 0.866025 0.5 8.82098e-08 0 1 9.09664e-08 -0.866025 0.5 8.82098e-08 -0.866025 -0.5 8.82098e-08 0 -1 9.09664e-08 0.866025 -0.5 8.82098e-08 1 0 -8.54533e-08 0.5 0.866025 -8.26967e-08 -0.5 0.866025 -8.26967e-08 -1 0 -8.54533e-08 -0.5 -0.866025 -8.26967e-08 0.5 -0.866025 -8.26967e-08 0.866025 0.5 0 0 1 0 -0.866025 0.5 0 -0.866025 -0.5 0 0 -1 0 0.866025 -0.5 0 1 0 0 0.5 0.866025 0 -0.5 0.866025 0 -1 0 0 -0.5 -0.866025 0 0.5 -0.866025 0 0.866025 0.5 8.82098e-08 0 1 9.09664e-08 -0.866025 0.5 8.82098e-08 -0.866025 -0.5 8.82098e-08 0 -1 9.09664e-08 0.866025 -0.5 8.82098e-08 1 0 -8.54533e-08 0.5 0.866025 -8.26967e-08 -0.5 0.866025 -8.26967e-08 -1 0 -8.54533e-08 -0.5 -0.866025 -8.26967e-08 0.5 -0.866025 -8.26967e-08 0.866025 0.5 0 0 1 0 -0.866025 0.5 0 -0.866025 -0.5 0 0 -1 0 0.866025 -0.5 0 1 0 9.09664e-08 0.5 0.866025 8.82098e-08 -0.5 0.866025 8.82098e-08 -1 0 9.09664e-08 -0.5 -0.866025 8.82098e-08 0.5 -0.866025 8.82098e-08 0.866025 0.5 -8.26967e-08 0 1 -8.54533e-08 -0.866025 0.5 -8.26967e-08 -0.866025 -0.5 -8.26967e-08 0 -1 -8.54533e-08 0.866025 -0.5 -8.26967e-08 1 0 0 0.5 0.866025 0 -0.5 0.866025 0 -1 0 0 -0.5 -0.866025 0 0.5 -0.866025 0 0.866025 0.5 4.41049e-08 0 1 4.41049e-08 -0.866025 0.5 4.41049e-08 -0.866025 -0.5 4.41049e-08 0 -1 4.41049e-08 0.866025 -0.5 4.41049e-08 1 0 -4.41049e-08 0.5 0.866025 -4.41049e-08 -0.5 0.866025 -4.41049e-08 -1 0 -4.41049e-08 -0.5 -0.866025 -4.41049e-08 0.5 -0.866025 -4.41049e-08 0.866025 0.5 4.41049e-08 0 1 4.41049e-08 -0.866025 0.5 4.41049e-08 -0.866025 -0.5 4.41049e-08 0 -1 4.41049e-08 0.866025 -0.5 4.41049e-08 1 0 0 0.5 0.866025 0 -0.5 0.866025 0 -1 0 0 -0.5 -0.866025 0 0.5 -0.866025 0 0.866025 0.5 -4.41049e-08 0 1 -4.41049e-08 -0.866025 0.5 -4.41049e-08 -0.866025 -0.5 -4.41049e-08 0 -1 -4.41049e-08 0.866025 -0.5 -4.41049e-08 1 0 4.41049e-08 0.5 0.866025 4.41049e-08 -0.5 0.866025 4.41049e-08 -1 0 4.41049e-08 -0.5 -0.866025 4.41049e-08 0.5 -0.866025 4.41049e-08 0.866025 0.5 -4.41049e-08 0 1 -4.41049e-08 -0.866025 0.5 -4.41049e-08 -0.866025 -0.5 -4.41049e-08 0 -1 -4.41049e-08 0.866025 -0.5 -4.41049e-08 1 0 4.41049e-08 0.5 0.866025 4.41049e-08 -0.5 0.866025 4.41049e-08 -1 0 4.41049e-08 -0.5 -0.866025 4.41049e-08 0.5 -0.866025 4.41049e-08 0.866025 0.5 0 0 1 0 -0.866025 0.5 0 -0.866025 -0.5 0 0 -1 0 0.866025 -0.5 0 1 0 -4.41049e-08 0.5 0.866025 -4.41049e-08 -0.5 0.866025 -4.41049e-08 -1 0 -4.41049e-08 -0.5 -0.866025 -4.41049e-08 0.5 -0.866025 -4.41049e-08 0.866025 0.5 4.41049e-08 0 1 4.41049e-08 -0.866025 0.5 4.41049e-08 -0.866025 -0.5 4.41049e-08 0 -1 4.41049e-08 0.866025 -0.5 4.41049e-08 1 0 -4.41049e-08 0.5 0.866025 -4.41049e-08 -0.5 0.866025 -4.41049e-08 -1 0 -4.41049e-08 -0.5 -0.866025 -4.41049e-08 0.5 -0.866025 -4.41049e-08 0.866025 0.5 4.41049e-08 0 1 4.41049e-08 -0.866025 0.5 4.41049e-08 -0.866025 -0.5 4.41049e-08 0 -1 4.41049e-08 0.866025 -0.5 4.41049e-08 1 0 -1.92959e-08 0.5 0.866025 -2.75656e-08 -0.5 0.866025 -2.75656e-08 -1 0 -1.92959e-08 -0.5 -0.866025 -2.75656e-08 0.5 -0.866025 -2.75656e-08 0.866025 0.5 -5.51311e-09 0 1 -5.51311e-09 -0.866025 0.5 -5.51311e-09 -0.866025 -0.5 -5.51311e-09 0 -1 -5.51311e-09 0.866025 -0.5 -5.51311e-09 1 0 -5.51311e-09 0.5 0.866025 -5.51311e-09 -0.5 0.866025 -5.51311e-09 -1 0 -5.51311e-09 -0.5 -0.866025 -5.51311e-09 0.5 -0.866025 -5.51311e-09 0.866025 0.5 -5.51311e-09 0 1 -5.51311e-09 -0.866025 0.5 -5.51311e-09 -0.866025 -0.5 -5.51311e-09 0 -1 -5.51311e-09 0.866025 -0.5 -5.51311e-09 1 0 1.37828e-08 0.5 0.866025 2.20525e-08 -0.5 0.866025 2.20525e-08 -1 0 1.37828e-08 -0.5 -0.866025 2.20525e-08 0.5 -0.866025 2.20525e-08 0.866025 0.5 -2.75656e-08 0 1 -1.92959e-08 -0.866025 0.5 -2.75656e-08 -0.866025 -0.5 -2.75656e-08 0 -1 -1.92959e-08 0.866025 -0.5 -2.75656e-08 1 0 -5.51311e-09 0.5 0.866025 -5.51311e-09 -0.5 0.866025 -5.51311e-09 -1 0 -5.51311e-09 -0.5 -0.866025 -5.51311e-09 0.5 -0.866025 -5.51311e-09 0.866025 0.5 -5.51311e-09 0 1 -5.51311e-09 -0.866025 0.5 -5.51311e-09 -0.866025 -0.5 -5.51311e-09 0 -1 -5.51311e-09 0.866025 -0.5 -5.51311e-09 1 0 -5.51311e-09 0.5 0.866025 -5.51311e-09 -0.5 0.866025 -5.51311e-09 -1 0 -5.51311e-09 -0.5 -0.866025 -5.51311e-09 0.5 -0.866025 -5.51311e-09 0.866025 0.5 8.26967e-09 0 1 5.51311e-09 -0.866025 0.5 8.26967e-09 -0.866025 -0.5 8.26967e-09 0 -1 5.51311e-09 0.866025 -0.5 8.26967e-09 1 0 -1.10262e-08 0.5 0.866025 -1.37828e-08 -0.5 0.866025 -1.37828e-08 -1 0 -1.10262e-08 -0.5 -0.866025 -1.37828e-08 0.5 -0.866025 -1.37828e-08 0.866025 0.5 8.26967e-09 0 1 -2.75656e-09 -0.866025 0.5 8.26967e-09 -0.866025 -0.5 8.26967e-09 0 -1 -2.75656e-09 0.866025 -0.5 8.26967e-09 1 0 5.51311e-09 0.5 0.866025 -2.75656e-09 -0.5 0.866025 -2.75656e-09 -1 0 5.51311e-09 -0.5 -0.866025 -2.75656e-09 0.5 -0.866025 -2.75656e-09 0.866025 0.5 0 0 1 0 -0.866025 0.5 0 -0.866025 -0.5 0 0 -1 0 0.866025 -0.5 0 1 0 0 0.5 0.866025 0 -0.5 0.866025 0 -1 0 0 -0.5 -0.866025 0 0.5 -0.866025 0 0.866025 0.5 0 0 1 0 -0.866025 0.5 0 -0.866025 -0.5 0 0 -1 0 0.866025 -0.5 0 1 0 0 0.5 0.866025 8.26967e-09 -0.5 0.866025 8.26967e-09 -1 0 0 -0.5 -0.866025 8.26967e-09 0.5 -0.866025 8.26967e-09 0.866025 0.5 -8.26967e-09 0 1 2.75656e-09 -0.866025 0.5 -8.26967e-09 -0.866025 -0.5 -8.26967e-09 0 -1 2.75656e-09 0.866025 -0.5 -8.26967e-09 1 0 5.51311e-09 0.5 0.866025 8.26967e-09 -0.5 0.866025 8.26967e-09 -1 0 5.51311e-09 -0.5 -0.866025 8.26967e-09 0.5 -0.866025 8.26967e-09 0.866025 0.5 -1.37828e-08 0 1 -1.10262e-08 -0.866025 0.5 -1.37828e-08 -0.866025 -0.5 -1.37828e-08 0 -1 -1.10262e-08 0.866025 -0.5 -1.37828e-08 1 0 -5.51311e-09 0.5 0.866025 -5.51311e-09 -0.5 0.866025 -5.51311e-09 -1 0 -5.51311e-09 -0.5 -0.866025 -5.51311e-09 0.5 -0.866025 -5.51311e-09 0.866025 0.5 -5.51311e-09 0 1 -5.51311e-09 -0.866025 0.5 -5.51311e-09 -0.866025 -0.5 -5.51311e-09 0 -1 -5.51311e-09 0.866025 -0.5 -5.51311e-09 1 0 -5.51311e-09 0.5 0.866025 -5.51311e-09 -0.5 0.866025 -5.51311e-09 -1 0 -5.51311e-09 -0.5 -0.866025 -5.51311e-09 0.5 -0.866025 -5.51311e-09 0.866025 0.5 2.20525e-08 0 1 1.37828e-08 -0.866025 0.5 2.20525e-08 -0.866025 -0.5 2.20525e-08 0 -1 1.37828e-08 0.866025 -0.5 2.20525e-08 1 0 -1.92959e-08 0.5 0.866025 -2.75656e-08 -0.5 0.866025 -2.75656e-08 -1 0 -1.92959e-08 -0.5 -0.866025 -2.75656e-08 0.5 -0.866025 -2.75656e-08 0.866025 0.5 -5.51311e-09 0 1 -5.51311e-09 -0.866025 0.5 -5.51311e-09 -0.866025 -0.5 -5.51311e-09 0 -1 -5.51311e-09 0.866025 -0.5 -5.51311e-09 1 0 -5.51311e-09 0.5 0.866025 -5.51311e-09 -0.5 0.866025 -5.51311e-09 -1 0 -5.51311e-09 -0.5 -0.866025 -5.51311e-09 0.5 -0.866025 -5.51311e-09 0.866025 0.5 -5.51311e-09 0 1 -5.51311e-09 -0.866025 0.5 -5.51311e-09 -0.866025 -0.5 -5.51311e-09 0 -1 -5.51311e-09 0.866025 -0.5 -5.51311e-09 1 0 1.37828e-08 0.5 0.866025 2.20525e-08 -0.5 0.866025 2.20525e-08 -1 0 1.37828e-08 -0.5 -0.866025 2.20525e-08 0.5 -0.866025 2.20525e-08 0.866025 0.5 -4.41049e-08 0 1 -4.41049e-08 -0.866025 0.5 -4.41049e-08 -0.866025 -0.5 -4.41049e-08 0 -1 -4.41049e-08 0.866025 -0.5 -4.41049e-08 1 0 4.41049e-08 0.5 0.866025 4.41049e-08 -0.5 0.866025 4.41049e-08 -1 0 4.41049e-08 -0.5 -0.866025 4.41049e-08 0.5 -0.866025 4.41049e-08 0.866025 0.5 -4.41049e-08 0 1 -4.41049e-08 -0.866025 0.5 -4.41049e-08 -0.866025 -0.5 -4.41049e-08 0 -1 -4.41049e-08 0.866025 -0.5 -4.41049e-08 1 0 4.41049e-08 0.5 0.866025 4.41049e-08 -0.5 0.866025 4.41049e-08 -1 0 4.41049e-08 -0.5 -0.866025 4.41049e-08 0.5 -0.866025 4.41049e-08 0.866025 0.5 0 0 1 0 -0.866025 0.5 0 -0.866025 -0.5 0 0 -1 0 0.866025 -0.5 0 1 0 -4.41049e-08 0.5 0.866025 -4.41049e-08 -0.5 0.866025 -4.41049e-08 -1 0 -4.41049e-08 -0.5 -0.866025 -4.41049e-08 0.5 -0.866025 -4.41049e-08 0.866025 0.5 4.41049e-08 0 1 4.41049e-08 -0.866025 0.5 4.41049e-08 -0.866025 -0.5 4.41049e-08 0 -1 4.41049e-08 0.866025 -0.5 4.41049e-08 1 0 -4.41049e-08 0.5 0.866025 -4.41049e-08 -0.5 0.866025 -4.41049e-08 -1 0 -4.41049e-08 -0.5 -0.866025 -4.41049e-08 0.5 -0.866025 -4.41049e-08 0.866025 0.5 4.41049e-08 0 1 4.41049e-08 -0.866025 0.5 4.41049e-08 -0.866025 -0.5 4.41049e-08 0 -1 4.41049e-08 0.866025 -0.5 4.41049e-08 1 0 0 0.5 0.866025 0 -0.5 0.866025 0 -1 0 0 -0.5 -0.866025 0 0.5 -0.866025 0 0.866025 0.5 -4.41049e-08 0 1 -4.41049e-08 -0.866025 0.5 -4.41049e-08 -0.866025 -0.5 -4.41049e-08 0 -1 -4.41049e-08 0.866025 -0.5 -4.41049e-08 1 0 4.41049e-08 0.5 0.866025 4.41049e-08 -0.5 0.866025 4.41049e-08 -1 0 4.41049e-08 -0.5 -0.866025 4.41049e-08 0.5 -0.866025 4.41049e-08 0.866025 0.5 -4.41049e-08 0 1 -4.41049e-08 -0.866025 0.5 -4.41049e-08 -0.866025 -0.5 -4.41049e-08 0 -1 -4.41049e-08 0.866025 -0.5 -4.41049e-08 1 0 0 0.5 0.866025 0 -0.5 0.866025 0 -1 0 0 -0.5 -0.866025 0 0.5 -0.866025 0 0.866025 0.5 8.82098e-08 0 1 9.09664e-08 -0.866025 0.5 8.82098e-08 -0.866025 -0.5 8.82098e-08 0 -1 9.09664e-08 0.866025 -0.5 8.82098e-08 1 0 -8.54533e-08 0.5 0.866025 -8.26967e-08 -0.5 0.866025 -8.26967e-08 -1 0 -8.54533e-08 -0.5 -0.866025 -8.26967e-08 0.5 -0.866025 -8.26967e-08 0.866025 0.5 0 0 1 0 -0.866025 0.5 0 -0.866025 -0.5 0 0 -1 0 0.866025 -0.5 0 1 0 9.09664e-08 0.5 0.866025 8.82098e-08 -0.5 0.866025 8.82098e-08 -1 0 9.09664e-08 -0.5 -0.866025 8.82098e-08 0.5 -0.866025 8.82098e-08 0.866025 0.5 -8.26967e-08 0 1 -8.54533e-08 -0.866025 0.5 -8.26967e-08 -0.866025 -0.5 -8.26967e-08 0 -1 -8.54533e-08 0.866025 -0.5 -8.26967e-08 1 0 0 0.5 0.866025 0 -0.5 0.866025 0 -1 0 0 -0.5 -0.866025 0 0.5 -0.866025 0 0.866025 0.5 0 0 1 0 -0.866025 0.5 0 -0.866025 -0.5 0 0 -1 0 0.866025 -0.5 0 1 0 9.09664e-08 0.5 0.866025 8.82098e-08 -0.5 0.866025 8.82098e-08 -1 0 9.09664e-08 -0.5 -0.866025 8.82098e-08 0.5 -0.866025 8.82098e-08 0.866025 0.5 -8.26967e-08 0 1 -8.54533e-08 -0.866025 0.5 -8.26967e-08 -0.866025 -0.5 -8.26967e-08 0 -1 -8.54533e-08 0.866025 -0.5 -8.26967e-08 1 0 0 0.5 0.866025 0 -0.5 0.866025 0 -1 0 0 -0.5 -0.866025 0 0.5 -0.866025 0 0.866025 0.5 8.82098e-08 0 1 9.09664e-08 -0.866025 0.5 8.82098e-08 -0.866025 -0.5 8.82098e-08 0 -1 9.09664e-08 0.866025 -0.5 8.82098e-08 1 0 -8.54533e-08 0.5 0.866025 -8.26967e-08 -0.5 0.866025 -8.26967e-08 -1 0 -8.54533e-08 -0.5 -0.866025 -8.26967e-08 0.5 -0.866025 -8.26967e-08 0.866025 0.5 0 0 1 0 -0.866025 0.5 0 -0.866025 -0.5 0 0 -1 0 0.866025 -0.5 0 1 0 9.09664e-08 0.5 0.866025 8.82098e-08 -0.5 0.866025 8.82098e-08 -1 0 9.09664e-08 -0.5 -0.866025 8.82098e-08 0.5 -0.866025 8.82098e-08 0.866025 0.5 -8.26967e-08 0 1 -8.54533e-08 -0.866025 0.5 -8.26967e-08 -0.866025 -0.5 -8.26967e-08 0 -1 -8.54533e-08 0.866025 -0.5 -8.26967e-08 1 0 0 0.5 0.866025 0 -0.5 0.866025 0 -1 0 0 -0.5 -0.866025 0 0.5 -0.866025 0 0.866025 0.5 0 0 1 0 -0.866025 0.5 0 -0.866025 -0.5 0 0 -1 0 0.866025 -0.5 0 1 0 9.09664e-08 0.5 0.866025 8.82098e-08 -0.5 0.866025 8.82098e-08 -1 0 9.09664e-08 -0.5 -0.866025 8.82098e-08 0.5 -0.866025 8.82098e-08 0.866025 0.5 -8.26967e-08 0 1 -8.54533e-08 -0.866025 0.5 -8.26967e-08 -0.866025 -0.5 -8.26967e-08 0 -1 -8.54533e-08 0.866025 -0.5 -8.26967e-08 1 0 0 0.5 0.866025 0 -0.5 0.866025 0 -1 0 0 -0.5 -0.866025 0 0.5 -0.866025 0 0.866025 0.5 8.82098e-08 0 1 9.09664e-08 -0.866025 0.5 8.82098e-08 -0.866025 -0.5 8.82098e-08 0 -1 9.09664e-08 0.866025 -0.5 8.82098e-08 1 0 -8.54533e-08 0.5 0.866025 -8.26967e-08 -0.5 0.866025 -8.26967e-08 -1 0 -8.54533e-08 -0.5 -0.866025 -8.26967e-08 0.5 -0.866025 -8.26967e-08 0.866025 0.5 0 0 1 0 -0.866025 0.5 0 -0.866025 -0.5 0 0 -1 0 0.866025 -0.5 0 1 0 0 0.5 0.866025 0 -0.5 0.866025 0 -1 0 0 -0.5 -0.866025 0 0.5 -0.866025 0 0.866025 0.5 8.82098e-08 0 1 9.09664e-08 -0.866025 0.5 8.82098e-08 -0.866025 -0.5 8.82098e-08 0 -1 9.09664e-08 0.866025 -0.5 8.82098e-08 1 0 -8.54533e-08 0.5 0.866025 -8.26967e-08 -0.5 0.866025 -8.26967e-08 -1 0 -8.54533e-08 -0.5 -0.866025 -8.26967e-08 0.5 -0.866025 -8.26967e-08 0.866025 0.5 0 0 1 0 -0.866025 0.5 0 -0.866025 -0.5 0 0 -1 0 0.866025 -0.5 0 1 0 0 0.5 0.866025 0 -0.5 0.866025 0 -1 0 0 -0.5 -0.866025 0 0.5 -0.866025 0 0.866025 0.5 0 0 1 0 -0.866025 0.5 0 -0.866025 -0.5 0 0 -1 0 0.866025 -0.5 0 1 0 1.7642e-07 0.5 0.866025 1.70907e-07 -0.5 0.866025 1.70907e-07 -1 0 1.7642e-07 -0.5 -0.866025 1.70907e-07 0.5 -0.866025 1.70907e-07 0.866025 0.5 -1.70907e-07 0 1 -1.7642e-07 -0.866025 0.5 -1.70907e-07 -0.866025 -0.5 -1.70907e-07 0 -1 -1.7642e-07 0.866025 -0.5 -1.70907e-07 1 0 0 0.5 0.866025 0 -0.5 0.866025 0 -1 0 0 -0.5 -0.866025 0 0.5 -0.866025 0 0.866025 0.5 0 0 1 0 -0.866025 0.5 0 -0.866025 -0.5 0 0 -1 0 0.866025 -0.5 0 1 0 0 0.5 0.866025 0 -0.5 0.866025 0 -1 0 0 -0.5 -0.866025 0 0.5 -0.866025 0 0.866025 0.5 0 0 1 0 -0.866025 0.5 0 -0.866025 -0.5 0 0 -1 0 0.866025 -0.5 0 1 0 0 0.5 0.866025 0 -0.5 0.866025 0 -1 0 0 -0.5 -0.866025 0 0.5 -0.866025 0 0.866025 0.5 1.70907e-07 0 1 1.7642e-07 -0.866025 0.5 1.70907e-07 -0.866025 -0.5 1.70907e-07 0 -1 1.7642e-07 0.866025 -0.5 1.70907e-07 1 0 -1.7642e-07 0.5 0.866025 -1.70907e-07 -0.5 0.866025 -1.70907e-07 -1 0 -1.7642e-07 -0.5 -0.866025 -1.70907e-07 0.5 -0.866025 -1.70907e-07 0.866025 0.5 0 0 1 0 -0.866025 0.5 0 -0.866025 -0.5 0 0 -1 0 0.866025 -0.5 0 1 0 0 0.5 0.866025 0 -0.5 0.866025 0 -1 0 0 -0.5 -0.866025 0 0.5 -0.866025 0 0.866025 0.5 0 0 1 0 -0.866025 0.5 0 -0.866025 -0.5 0 0 -1 0 0.866025 -0.5 0 1 0 0 0.5 0.866025 0 -0.5 0.866025 0 -1 0 0 -0.5 -0.866025 0 0.5 -0.866025 0 0.866025 0.5 0 0 1 0 -0.866025 0.5 0 -0.866025 -0.5 0 0 -1 0 0.866025 -0.5 0 1 0 1.7642e-07 0.5 0.866025 1.70907e-07 -0.5 0.866025 1.70907e-07 -1 0 1.7642e-07 -0.5 -0.866025 1.70907e-07 0.5 -0.866025 1.70907e-07 0.866025 0.5 -1.70907e-07 0 1 -1.7642e-07 -0.866025 0.5 -1.70907e-07 -0.866025 -0.5 -1.70907e-07 0 -1 -1.7642e-07 0.866025 -0.5 -1.70907e-07 1 0 0 0.5 0.866025 0 -0.5 0.866025 0 -1 0 0 -0.5 -0.866025 0 0.5 -0.866025 0 0.866025 0.5 0 0 1 0 -0.866025 0.5 0 -0.866025 -0.5 0 0 -1 0 0.866025 -0.5 0 1 0 0 0.5 0.866025 0 -0.5 0.866025 0 -1 0 0 -0.5 -0.866025 0 0.5 -0.866025 0 0.866025 0.5 0 0 1 0 -0.866025 0.5 0 -0.866025 -0.5 0 0 -1 0 0.866025 -0.5 0 1 0 0 0.5 0.866025 0 -0.5 0.866025 0 -1 0 0 -0.5 -0.866025 0 0.5 -0.866025 0 0.866025 0.5 1.70907e-07 0 1 1.7642e-07 -0.866025 0.5 1.70907e-07 -0.866025 -0.5 1.70907e-07 0 -1 1.7642e-07 0.866025 -0.5 1.70907e-07 1 0 -1.7642e-07 0.5 0.866025 -1.70907e-07 -0.5 0.866025 -1.70907e-07 -1 0 -1.7642e-07 -0.5 -0.866025 -1.70907e-07 0.5 -0.866025 -1.70907e-07 0.866025 0.5 0 0 1 0 -0.866025 0.5 0 -0.866025 -0.5 0 0 -1 0 0.866025 -0.5 0 1 0 0 0.5 0.866025 0 -0.5 0.866025 0 -1 0 0 -0.5 -0.866025 0 0.5 -0.866025 0 0.866025 0.5 0 0 1 0 -0.866025 0.5 0 -0.866025 -0.5 0 0 -1 0 0.866025 -0.5 0 1 0 0 0.5 0.866025 0 -0.5 0.866025 0 -1 0 0 -0.5 -0.866025 0 0.5 -0.866025 0 0.866025 0.5 1.70907e-07 0 1 1.7642e-07 -0.866025 0.5 1.70907e-07 -0.866025 -0.5 1.70907e-07 0 -1 1.7642e-07 0.866025 -0.5 1.70907e-07 1 0 -1.7642e-07 0.5 0.866025 -1.70907e-07 -0.5 0.866025 -1.70907e-07 -1 0 -1.7642e-07 -0.5 -0.866025 -1.70907e-07 0.5 -0.866025 -1.70907e-07 0.866025 0.5 0 0 1 0 -0.866025 0.5 0 -0.866025 -0.5 0 0 -1 0 0.866025 -0.5 0 1 0 0 0.5 0.866025 0 -0.5 0.866025 0 -1 0 0 -0.5 -0.866025 0 0.5 -0.866025 0 0.866025 0.5 0 0 1 0 -0.866025 0.5 0 -0.866025 -0.5 0 0 -1 0 0.866025 -0.5 0 1 0 0 0.5 0.866025 0 -0.5 0.866025 0 -1 0 0 -0.5 -0.866025 0 0.5 -0.866025 0 0.866025 0.5 0 0 1 0 -0.866025 0.5 0 -0.866025 -0.5 0 0 -1 0 0.866025 -0.5 0 1 0 1.7642e-07 0.5 0.866025 1.70907e-07 -0.5 0.866025 1.70907e-07 -1 0 1.7642e-07 -0.5 -0.866025 1.70907e-07 0.5 -0.866025 1.70907e-07 0.866025 0.5 -1.70907e-07 0 1 -1.7642e-07 -0.866025 0.5 -1.70907e-07 -0.866025 -0.5 -1.70907e-07 0 -1 -1.7642e-07 0.866025 -0.5 -1.70907e-07 1 0 0 0.5 0.866025 0 -0.5 0.866025 0 -1 0 0 -0.5 -0.866025 0 0.5 -0.866025 0 0.866025 0.5 0 0 1 0 -0.866025 0.5 0 -0.866025 -0.5 0 0 -1 0 0.866025 -0.5 0 1 0 0 0.5 0.866025 0 -0.5 0.866025 0 -1 0 0 -0.5 -0.866025 0 0.5 -0.866025 0 0.866025 0.5 0 0 1 0 -0.866025 0.5 0 -0.866025 -0.5 0 0 -1 0 0.866025 -0.5 0 1 0 0 0.5 0.866025 0 -0.5 0.866025 0 -1 0 0 -0.5 -0.866025 0 0.5 -0.866025 0 0.866025 0.5 1.70907e-07 0 1 1.7642e-07 -0.866025 0.5 1.70907e-07 -0.866025 -0.5 1.70907e-07 0 -1 1.7642e-07 0.866025 -0.5 1.70907e-07 1 0 -1.7642e-07 0.5 0.866025 -1.70907e-07 -0.5 0.866025 -1.70907e-07 -1 0 -1.7642e-07 -0.5 -0.866025 -1.70907e-07 0.5 -0.866025 -1.70907e-07 0.866025 0.5 0 0 1 0 -0.866025 0.5 0 -0.866025 -0.5 0 0 -1 0 0.866025 -0.5 0 1 0 0 0.5 0.866025 0 -0.5 0.866025 0 -1 0 0 -0.5 -0.866025 0 0.5 -0.866025 0 0.866025 0.5 0 0 1 0 -0.866025 0.5 0 -0.866025 -0.5 0 0 -1 0 0.866025 -0.5 0 1 0 0 0.5 0.866025 0 -0.5 0.866025 0 -1 0 0 -0.5 -0.866025 0 0.5 -0.866025 0 0.866025 0.5 0 0 1 0 -0.866025 0.5 0 -0.866025 -0.5 0 0 -1 0 0.866025 -0.5 0 1 0 1.7642e-07 0.5 0.866025 1.70907e-07 -0.5 0.866025 1.70907e-07 -1 0 1.7642e-07 -0.5 -0.866025 1.70907e-07 0.5 -0.866025 1.70907e-07 0.866025 0.5 -1.70907e-07 0 1 -1.7642e-07 -0.866025 0.5 -1.70907e-07 -0.866025 -0.5 -1.70907e-07 0 -1 -1.7642e-07 0.866025 -0.5 -1.70907e-07 1 0 0 0.5 0.866025 0 -0.5 0.866025 0 -1 0 0 -0.5 -0.866025 0 0.5 -0.866025 0 0.866025 0.5 0 0 1 0 -0.866025 0.5 0 -0.866025 -0.5 0 0 -1 0 0.866025 -0.5 0 0.998548 0 0.0538637 0.499274 0.864768 0.0538636 -0.499274 0.864768 0.0538636 -0.998548 0 0.0538637 -0.499274 -0.864768 0.0538636 0.499274 -0.864768 0.0538636 0 0 -1 0 0 -1 0 0 -1 0 0 -1 0 0 -1 0 0 -1 0 0 -1 0 0 1 0 0 1 0 0 1 0 0 1 0 0 1 0 0 1 0 0 1"/>
    </IndexedTriangleSet>
   </Shape>
  </Transform>
  </Group>
  <Group>
  <Transform rotation="0 0 1 0" translation="0 0 0">
   <Shape>
    <Appearance USE='ap2'/>
    <IndexedTriangleSet DEF='its5' index="0 1 6 1 7 6 1 2 7 2 8 7 2 3 8 3 9 8 3 4 9 4 10 9 4 5 10 5 11 10 5 0 11 0 6 11 6 7 13 6 13 12 7 8 14 7 14 13 8 9 15 8 15 14 9 10 16 9 16 15 10 11 17 10 17 16 11 6 12 11 12 17 12 13 18 13 19 18 13 14 19 14 20 19 14 15 20 15 21 20 15 16 21 16 22 21 16 17 22 17 23 22 17 12 23 12 18 23 24 26 25 24 27 26 24 28 27 24 29 28 24 30 29 24 25 30 31 32 33 31 33 34 31 34 35 31 35 36 31 36 37 31 37 32" solid="false" colorPerVertex="false">
     <Coordinate point="1 0 -0.03 1 0.0259808 -0.015 1 0.0259808 0.015 1 3.67394e-18 0.03 1 -0.0259808 0.015 1 -0.0259808 -0.015 1.03333 0.01 -0.0173205 1.03333 0.02 -1.22465e-18 1.03333 0.01 0.0173205 1.03333 -0.01 0.0173205 1.03333 -0.02 3.67394e-18 1.03333 -0.01 -0.0173205 1.06667 0 -0.01 1.06667 0.00866025 -0.005 1.06667 0.00866025 0.005 1.06667 1.22465e-18 0.01 1.06667 -0.00866025 0.005 1.06667 -0.00866025 -0.005 1.1 0 0 1.1 0 0 1.1 0 0 1.1 0 0 1.1 0 0 1.1 0 0 1 0 0 1 0 -0.03 1 0.0259808 -0.015 1 0.0259808 0.015 1 3.67394e-18 0.03 1 -0.0259808 0.015 1 -0.0259808 -0.015 1.1 0 0 1.1 0 0 1.1 0 0 1.1 0 0 1.1 0 0 1.1 0 0 1.1 0 0"/>
     <Normal vector="0.259327 0 -0.96579 0.259327 0.836398 -0.482895 0.259327 0.836398 0.482895 0.259327 0 0.96579 0.259327 -0.836398 0.482895 0.259327 -0.836398 -0.482895 0.298397 0.477221 -0.826571 0.298397 0.954442 0 0.298397 0.477221 0.826571 0.298397 -0.477221 0.826571 0.298397 -0.954442 0 0.298397 -0.477221 -0.826571 0.302324 0 -0.953205 0.302324 0.8255 -0.476603 0.302324 0.8255 0.476603 0.302324 0 0.953205 0.302324 -0.8255 0.476603 0.302324 -0.8255 -0.476603 0.25146 0.483934 -0.838198 0.25146 0.967868 0 0.25146 0.483934 0.838198 0.25146 -0.483934 0.838198 0.25146 -0.967868 0 0.25146 -0.483934 -0.838198 -1 0 0 -1 0 0 -1 0 0 -1 0 0 -1 0 0 -1 0 0 -1 0 0 1 0 0 1 0 0 1 0 0 1 0 0 1 0 0 1 0 0 1 0 0"/>
    </IndexedTriangleSet>
   </Shape>
  </Transform>
  </Group>
  <Group>
  <Transform rotation="0 0 1 0" translation="0 0 0">
   <Shape>
    <Appearance USE='ap3'/>
    <IndexedTriangleSet DEF='its6' index="0 1 6 1 7 6 1 2 7 2 8 7 2 3 8 3 9 8 3 4 9 4 10 9 4 5 10 5 11 10 5 0 11 0 6 11 6 7 13 6 13 12 7 8 14 7 14 13 8 9 15 8 15 14 9 10 16 9 16 15 10 11 17 10 17 16 11 6 12 11 12 17 12 13 18 13 19 18 13 14 19 14 20 19 14 15 20 15 21 20 15 16 21 16 22 21 16 17 22 17 23 22 17 12 23 12 18 23 24 26 25 24 27 26 24 28 27 24 29 28 24 30 29 24 25 30 31 32 33 31 33 34 31 34 35 31 35 36 31 36 37 31 37 32" solid="false" colorPerVertex="false">
     <Coordinate point="0.03 1 0 0.015 1 -0.0259808 -0.015 1 -0.0259808 -0.03 1 -3.67394e-18 -0.015 1 0.0259808 0.015 1 0.0259808 0.0173205 1.03333 -0.01 1.22465e-18 1.03333 -0.02 -0.0173205 1.03333 -0.01 -0.0173205 1.03333 0.01 -3.67394e-18 1.03333 0.02 0.0173205 1.03333 0.01 0.01 1.06667 0 0.005 1.06667 -0.00866025 -0.005 1.06667 -0.00866025 -0.01 1.06667 -1.22465e-18 -0.005 1.06667 0.00866025 0.005 1.06667 0.00866025 0 1.1 0 0 1.1 0 0 1.1 0 0 1.1 0 0 1.1 0 0 1.1 0 0 1 0 0.03 1 0 0.015 1 -0.0259808 -0.015 1 -0.0259808 -0.03 1 -3.67394e-18 -0.015 1 0.0259808 0.015 1 0.0259808 0 1.1 0 0 1.1 0 0 1.1 0 0 1.1 0 0 1.1 0 0 1.1 0 0 1.1 0"/>
     <Normal vector="0.96579 0.259327 0 0.482895 0.259327 -0.836398 -0.482895 0.259327 -0.836398 -0.96579 0.259327 0 -0.482895 0.259327 0.836398 0.482895 0.259327 0.836398 0.826571 0.298397 -0.477221 0 0.298397 -0.954442 -0.826571 0.298397 -0.477221 -0.826571 0.298397 0.477221 0 0.298397 0.954442 0.826571 0.298397 0.477221 0.953205 0.302324 0 0.476603 0.302324 -0.8255 -0.476603 0.302324 -0.8255 -0.953205 0.302324 0 -0.476603 0.302324 0.8255 0.476603 0.302324 0.8255 0.838198 0.25146 -0.483934 0 0.25146 -0.967868 -0.838198 0.25146 -0.483934 -0.838198 0.25146 0.483934 0 0.25146 0.967868 0.838198 0.25146 0.483934 0 -1 0 0 -1 0 0 -1 0 0 -1 0 0 -1 0 0 -1 0 0 -1 0 1 0 0 1 0 0 1 0 0 1 0 0 1 0 0 1 0 0 1 0 0"/>
    </IndexedTriangleSet>
   </Shape>
  </Transform>
  </Group>
  <Group>
  <Transform rotation="0 0 1 0" translation="0 0 0">
   <Shape>
    <Appearance USE='ap4'/>
    <IndexedTriangleSet DEF='its7' index="0 1 6 1 7 6 1 2 7 2 8 7 2 3 8 3 9 8 3 4 9 4 10 9 4 5 10 5 11 10 5 0 11 0 6 11 6 7 13 6 13 12 7 8 14 7 14 13 8 9 15 8 15 14 9 10 16 9 16 15 10 11 17 10 17 16 11 6 12 11 12 17 12 13 18 13 19 18 13 14 19 14 20 19 14 15 20 15 21 20 15 16 21 16 22 21 16 17 22 17 23 22 17 12 23 12 18 23 24 26 25 24 27 26 24 28 27 24 29 28 24 30 29 24 25 30 31 32 33 31 33 34 31 34 35 31 35 36 31 36 37 31 37 32" solid="false" colorPerVertex="false">
     <Coordinate point="0.03 0 1 0.015 0.0259808 1 -0.015 0.0259808 1 -0.03 3.67394e-18 1 -0.015 -0.0259808 1 0.015 -0.0259808 1 0.0173205 0.01 1.03333 1.22465e-18 0.02 1.03333 -0.0173205 0.01 1.03333 -0.0173205 -0.01 1.03333 -3.67394e-18 -0.02 1.03333 0.0173205 -0.01 1.03333 0.01 0 1.06667 0.005 0.00866025 1.06667 -0.005 0.00866025 1.06667 -0.01 1.22465e-18 1.06667 -0.005 -0.00866025 1.06667 0.005 -0.00866025 1.06667 0 0 1.1 0 0 1.1 0 0 1.1 0 0 1.1 0 0 1.1 0 0 1.1 0 0 1 0.03 0 1 0.015 0.0259808 1 -0.015 0.0259808 1 -0.03 3.67394e-18 1 -0.015 -0.0259808 1 0.015 -0.0259808 1 0 0 1.1 0 0 1.1 0 0 1.1 0 0 1.1 0 0 1.1 0 0 1.1 0 0 1.1"/>
     <Normal vector="0.96579 0 0.259327 0.482895 0.836398 0.259327 -0.482895 0.836398 0.259327 -0.96579 0 0.259327 -0.482895 -0.836398 0.259327 0.482895 -0.836398 0.259327 0.826571 0.477221 0.298397 0 0.954442 0.298397 -0.826571 0.477221 0.298397 -0.826571 -0.477221 0.298397 0 -0.954442 0.298397 0.826571 -0.477221 0.298397 0.953205 0 0.302324 0.476603 0.8255 0.302324 -0.476603 0.8255 0.302324 -0.953205 0 0.302324 -0.476603 -0.8255 0.302324 0.476603 -0.8255 0.302324 0.838198 0.483934 0.25146 0 0.967868 0.25146 -0.838198 0.483934 0.25146 -0.838198 -0.483934 0.25146 0 -0.967868 0.25146 0.838198 -0.483934 0.25146 0 0 -1 0 0 -1 0 0 -1 0 0 -1 0 0 -1 0 0 -1 0 0 -1 1 0 0 1 0 0 1 0 0 1 0 0 1 0 0 1 0 0 1 0 0"/>
    </IndexedTriangleSet>
   </Shape>
  </Transform>
  </Group>
 </Scene>
</X3D>
