<?xml version='1.0' encoding='UTF-8'?>
<X3D version='3.3' profile='Interchange'
 xmlns:xsd='http://www.w3.org/2001/XMLSchema-instance'
 xsd:noNamespaceSchemaLocation='http://www.web3d.org/specifications/x3d-3.3.xsd'>
 <head>
  <unit category='length' name='ångström' conversionFactor='1e-10'/>
  <meta name="generator" content="UCSF-ChimeraX/1.2 (Windows 10.0.19041), http://www.rbvi.ucsf.edu/chimerax/"/>
  <meta name="created" content="2026-07-29T14:29:15.930672+00:00Z"/>
  <meta name="creator" content="grsou"/>
  <meta name="dateCopyrighted" content="© 2026 grsou"/>
  <meta name="ChimeraX-commit" content="c899b5336ed08abd3ca5e0ddaaf0e382729be282"/>
  <meta name="ChimeraX-date" content="2021-05-24 04:13:57 UTC"/>
  <meta name="ChimeraX-branch" content="release/v1.2"/>
 </head>
 <Scene>
  <Viewpoint centerOfRotation="0.05 0.05 0.05" fieldOfView="0.523599" orientation="0 0 1 0" position="0.05 0.05 4.61794"/>
  <NavigationInfo type='"EXAMINE" "ANY"' headlight='true'/>
  <Background skyColor='1 1 1' transparency='0'/>
  <Group>
  <Transform rotation="0 0 1 0" translation="0 0 0">
   <Shape>
    <Appearance DEF='ap0'>
     <Material ambientIntensity='1' diffuseColor='1 0.666667 0' specularColor='0.85 0.85 0.85' shininess='0.234375' transparency='0'/>
    </Appearance>
    <IndexedTriangleSet DEF='its0' index="0 20 19 2 20 0 1 2 0 17 1 0 17 25 1 19 12 0 17 0 12 4 2 1 3 4 1 25 3 1 25 31 3 2 33 27 2 4 33 27 20 2 4 39 40 5 39 4 3 5 4 31 5 3 31 37 5 40 33 4 46 39 5 46 5 37 13 7 6 11 13 6 10 67 68 6 67 10 11 6 10 60 6 7 60 58 6 67 6 58 14 8 7 13 14 7 62 7 8 62 60 7 15 9 8 14 15 8 64 8 9 64 62 8 9 74 70 9 15 74 70 64 9 18 11 10 16 18 10 72 16 10 72 78 16 72 10 68 17 12 18 18 12 13 18 13 11 12 19 13 13 19 21 13 21 14 22 15 14 21 22 14 15 75 74 23 75 15 22 23 15 26 18 16 24 26 16 78 24 16 78 82 24 25 17 26 17 18 26 21 19 20 20 27 21 21 27 28 21 28 22 29 23 22 28 29 22 23 84 80 23 29 84 80 75 23 32 26 24 30 32 24 82 30 24 82 86 30 31 25 32 25 26 32 34 28 33 28 27 33 35 29 28 34 35 28 29 88 84 29 35 88 38 32 30 36 38 30 86 36 30 86 90 36 37 31 38 31 32 38 33 40 34 34 40 41 34 41 42 43 35 34 42 43 34 35 92 88 35 43 92 45 38 36 44 45 36 90 44 36 90 94 44 46 37 47 47 37 38 47 38 45 41 40 39 39 46 41 41 46 47 41 47 48 49 42 41 48 49 41 43 96 97 49 96 43 42 49 43 97 92 43 50 102 101 44 102 50 45 44 50 102 44 94 51 47 45 50 51 45 52 48 47 51 52 47 53 49 48 52 53 48 49 104 96 49 53 104 107 51 50 107 109 51 107 50 101 109 52 51 109 111 52 111 53 52 111 113 53 113 104 53 61 55 54 59 61 54 57 124 125 54 124 57 59 54 57 120 54 55 120 118 54 124 54 118 63 56 55 61 63 55 122 55 56 122 120 55 56 128 127 65 128 56 63 65 56 127 122 56 67 58 69 69 58 59 69 59 57 66 130 131 57 130 66 69 57 66 130 57 125 58 60 59 60 61 59 60 62 61 62 63 61 62 64 63 64 65 63 134 70 71 134 64 70 133 64 134 65 64 133 133 128 65 72 68 73 73 68 69 73 69 66 136 73 66 136 140 73 136 66 131 68 67 69 76 71 74 71 70 74 71 138 137 77 138 71 76 77 71 137 134 71 78 72 79 72 73 79 140 79 73 140 143 79 76 74 75 75 80 76 76 80 81 76 81 77 77 145 142 77 81 145 142 138 77 82 78 83 78 79 83 143 83 79 143 147 83 85 81 84 81 80 84 81 149 145 81 85 149 86 82 87 82 83 87 147 87 83 147 151 87 89 85 88 85 84 88 85 153 149 85 89 153 90 86 91 86 87 91 151 91 87 151 155 91 93 89 92 89 88 92 89 157 153 89 93 157 94 90 95 90 91 95 155 95 91 155 159 95 92 97 93 93 97 98 93 98 99 93 161 157 93 99 161 102 94 103 103 94 95 103 95 100 159 100 95 159 162 100 98 97 96 105 98 104 98 96 104 99 163 164 105 163 99 98 105 99 164 161 99 106 167 166 100 167 106 103 100 106 167 100 162 101 102 103 107 101 108 108 101 103 108 103 106 169 113 114 169 104 113 170 104 169 105 104 170 170 163 105 115 173 172 106 173 115 108 106 115 173 106 166 109 107 110 107 108 110 116 110 108 115 116 108 111 109 112 109 110 112 117 112 110 116 117 110 113 111 114 111 112 114 114 175 176 117 175 114 112 117 114 176 169 114 178 116 115 178 180 116 178 115 172 180 117 116 180 182 117 182 175 117 126 187 188 126 119 187 124 119 126 118 119 124 118 120 119 120 121 119 185 119 121 185 184 119 187 119 184 120 122 121 122 123 121 186 121 123 186 185 121 191 127 129 191 122 127 190 122 191 123 122 190 190 186 123 125 124 126 132 193 194 132 126 193 130 126 132 125 126 130 193 126 188 129 127 128 197 133 135 197 128 133 196 128 197 129 128 196 196 191 129 131 130 132 199 131 132 136 131 199 204 136 199 199 132 194 135 133 134 202 137 139 202 134 137 201 134 202 135 134 201 201 197 135 205 141 204 204 141 140 204 140 136 139 137 138 142 139 138 207 139 142 210 207 142 207 202 139 143 140 144 140 141 144 209 144 141 209 213 144 209 141 205 146 211 145 145 211 210 145 210 142 147 143 148 143 144 148 213 148 144 213 215 148 150 146 149 146 145 149 146 216 214 146 150 216 214 211 146 151 147 152 147 148 152 215 152 148 215 217 152 154 150 153 150 149 153 150 218 216 150 154 218 155 151 156 151 152 156 217 156 152 217 219 156 158 154 157 154 153 157 154 220 218 154 158 220 159 155 160 155 156 160 219 160 156 219 221 160 223 158 222 222 158 157 222 157 161 223 220 158 160 226 159 159 226 225 159 225 162 226 160 221 228 164 165 161 164 228 222 161 228 162 168 167 230 168 162 225 230 162 165 164 163 232 170 171 232 163 170 233 163 232 165 163 233 233 228 165 166 167 168 235 174 236 174 173 236 236 173 168 168 173 166 236 168 230 171 170 169 238 176 177 238 169 176 239 169 238 171 169 239 239 232 171 172 173 174 241 179 242 179 178 242 242 178 174 174 178 172 242 174 235 177 176 175 244 182 183 244 175 182 245 175 244 177 175 245 245 238 177 180 178 181 178 179 181 247 181 179 247 248 181 247 179 241 182 180 183 180 181 183 248 183 181 248 249 183 249 244 183 184 189 187 250 189 184 251 250 184 184 185 253 251 184 253 185 186 255 253 185 255 257 190 192 186 190 257 255 186 257 188 187 189 195 258 259 195 189 258 193 189 195 188 189 193 258 189 250 192 190 191 262 196 198 262 191 196 261 191 262 192 191 261 261 257 192 194 193 195 200 264 265 200 195 264 199 195 200 194 195 199 264 195 259 198 196 197 268 201 203 268 197 201 267 197 268 198 197 267 267 262 198 204 199 206 199 200 206 270 206 200 270 273 206 270 200 265 203 201 202 272 207 208 272 202 207 271 202 272 203 202 271 271 268 203 205 204 206 273 205 206 209 205 273 275 209 273 212 208 210 208 207 210 208 276 274 208 212 276 274 272 208 213 209 275 213 275 277 212 210 211 214 212 211 276 212 214 279 276 214 215 213 277 215 277 280 279 214 216 282 279 216 217 215 280 217 280 284 282 216 218 286 282 218 219 217 284 219 284 288 286 218 220 290 286 220 221 219 288 221 288 291 292 223 224 220 223 292 290 220 292 221 227 226 293 227 221 291 293 221 224 223 222 229 224 228 224 222 228 224 294 292 224 229 294 225 226 227 230 225 231 225 227 231 293 231 227 293 295 231 296 233 234 296 228 233 297 228 296 229 228 297 297 294 229 298 237 299 237 236 299 299 236 231 231 236 230 299 231 295 234 233 232 301 239 240 301 232 239 302 232 301 234 232 302 302 296 234 235 236 237 304 243 305 243 242 305 305 242 237 237 242 235 305 237 298 240 239 238 307 245 246 307 238 245 308 238 307 240 238 308 308 301 240 241 242 243 310 241 243 247 241 310 311 247 310 310 243 304 246 245 244 249 246 244 317 246 249 315 317 249 317 307 246 313 248 247 313 247 311 315 249 248 315 248 313 250 260 258 321 260 250 323 321 250 252 322 251 251 322 323 251 323 250 251 253 252 253 254 252 319 252 254 319 318 252 322 252 318 253 255 254 255 256 254 320 254 256 320 319 254 325 256 326 326 256 255 326 255 257 325 320 256 327 261 263 257 261 327 326 257 327 259 258 260 266 328 329 266 260 328 264 260 266 259 260 264 328 260 321 263 261 262 331 267 269 331 262 267 330 262 331 263 262 330 330 327 263 265 264 266 332 265 266 270 265 332 334 270 332 332 266 329 269 267 268 271 269 268 333 269 271 335 333 271 333 331 269 273 270 334 273 334 337 335 271 336 271 272 336 274 336 272 274 338 336 275 273 337 275 337 339 338 274 276 342 338 276 340 278 339 339 278 277 339 277 275 342 276 279 344 342 279 280 277 281 277 278 281 343 281 278 343 347 281 343 278 340 283 345 282 282 345 344 282 344 279 284 280 285 280 281 285 347 285 281 347 349 285 287 283 286 283 282 286 283 350 348 283 287 350 348 345 283 288 284 289 284 285 289 349 289 285 349 351 289 353 287 352 352 287 286 352 286 290 353 350 287 289 356 288 288 356 355 288 355 291 356 289 351 352 290 292 358 352 292 293 291 355 293 355 359 358 292 294 360 358 294 295 293 359 295 359 361 297 360 294 297 363 360 295 300 299 364 300 295 361 364 295 363 297 362 297 296 362 365 302 303 296 302 365 362 296 365 298 299 300 366 306 367 306 305 367 367 305 300 300 305 298 367 300 364 303 302 301 368 308 309 368 301 308 369 301 368 303 301 369 369 365 303 304 305 306 370 304 306 310 304 370 372 310 370 370 306 366 309 308 307 317 309 307 376 309 317 375 376 317 376 368 309 371 312 372 372 312 311 372 311 310 313 311 314 311 312 314 377 314 312 377 378 314 377 312 371 315 313 316 313 314 316 378 316 314 378 379 316 316 374 315 315 374 375 315 375 317 379 374 316 318 324 322 380 324 318 381 380 318 318 319 382 381 318 382 319 320 383 382 319 383 325 383 320 325 386 383 389 321 385 389 328 321 324 384 323 323 384 385 323 385 321 323 322 324 384 324 380 386 325 387 325 326 387 326 327 388 387 326 388 330 388 327 330 391 388 328 389 329 389 390 329 393 329 390 393 332 329 391 330 392 330 331 392 333 392 331 333 394 392 334 332 393 334 393 395 394 333 335 396 394 335 337 334 395 337 395 398 396 335 397 335 336 397 338 397 336 338 401 397 399 341 398 398 341 339 398 339 337 401 338 342 403 401 342 340 339 341 402 340 341 343 340 402 405 343 402 402 341 399 346 404 344 344 404 403 344 403 342 347 343 405 347 405 407 346 344 345 348 346 345 406 346 348 408 406 348 406 404 346 349 347 407 349 407 409 408 348 350 410 408 350 351 349 409 351 409 411 412 353 354 350 353 412 410 350 412 351 357 356 413 357 351 411 413 351 354 353 352 415 354 414 414 354 352 414 352 358 415 412 354 355 356 357 357 417 355 355 417 416 355 416 359 417 357 413 414 358 360 419 414 360 361 359 416 361 416 420 363 419 360 363 422 419 364 361 420 364 420 423 422 363 421 363 362 421 421 362 365 424 421 365 426 364 423 426 367 364 369 424 365 369 428 424 367 426 366 426 425 366 430 366 425 430 370 366 428 369 427 369 368 427 376 427 368 376 433 427 429 373 430 430 373 372 430 372 370 371 372 373 434 371 373 377 371 434 435 377 434 434 373 429 432 375 431 375 374 431 379 431 374 379 437 431 433 376 375 433 375 432 436 378 377 436 377 435 437 379 378 437 378 436 442 380 438 442 384 380 380 381 439 438 380 439 381 382 440 439 381 440 382 383 441 440 382 441 386 441 383 386 444 441 384 442 385 442 443 385 447 385 443 447 389 385 444 386 445 386 387 445 387 388 446 445 387 446 391 446 388 391 449 446 389 447 390 447 448 390 451 390 448 451 393 390 449 391 450 391 392 450 394 450 392 394 452 450 395 393 451 395 451 453 452 394 396 455 452 396 454 400 453 453 400 398 453 398 395 455 396 456 396 397 456 401 456 397 401 458 456 399 398 400 457 399 400 402 399 457 459 402 457 457 400 454 458 401 403 460 458 403 405 402 459 405 459 461 404 464 403 403 464 462 403 462 460 464 404 406 407 405 461 407 461 465 406 463 464 466 463 406 408 466 406 409 407 465 409 465 467 466 408 410 468 466 410 411 409 467 411 467 469 468 472 471 412 472 468 410 412 468 413 411 469 413 469 473 472 412 415 413 418 417 475 418 413 473 475 413 472 415 470 470 415 414 470 414 474 474 414 419 476 474 419 416 417 418 418 478 416 416 478 477 416 477 420 478 418 475 422 476 419 422 480 476 423 420 477 423 477 481 480 422 479 422 421 479 479 421 424 482 479 424 484 423 481 484 426 423 428 482 424 428 486 482 426 484 425 484 483 425 488 425 483 488 430 425 486 428 485 428 427 485 433 485 427 433 491 485 430 488 429 488 487 429 492 429 487 492 434 429 490 432 489 432 431 489 437 489 431 437 495 489 491 433 432 491 432 490 493 435 434 493 434 492 494 436 435 494 435 493 495 437 436 495 436 494 462 464 463 471 472 470 499 438 496 499 442 438 438 439 497 496 438 497 439 440 498 497 439 498 498 503 501 441 503 498 440 441 498 503 441 444 442 499 443 499 500 443 505 443 500 505 447 443 503 444 502 502 444 445 502 445 504 504 509 507 446 509 504 445 446 504 509 446 449 447 505 448 505 506 448 510 448 506 510 451 448 508 513 511 508 450 513 509 450 508 449 450 509 513 450 452 453 451 510 453 510 514 452 512 513 516 512 452 455 516 452 453 514 454 514 515 454 517 454 515 517 457 454 456 520 455 455 520 518 455 518 516 520 456 458 459 457 517 459 517 521 458 519 520 522 519 458 460 522 458 461 459 521 461 521 523 522 460 462 524 522 462 465 461 523 465 523 525 463 527 462 462 527 526 462 526 524 527 463 466 467 465 525 467 525 528 530 466 468 530 527 466 469 467 528 469 528 531 530 468 471 473 469 531 473 531 533 530 471 529 529 471 470 529 470 532 532 470 474 534 532 474 475 473 533 475 533 535 534 538 537 476 538 534 474 476 534 540 475 535 540 478 475 538 476 480 478 540 477 540 539 477 481 477 539 481 539 542 538 480 536 536 480 479 536 479 541 541 545 544 482 545 541 479 482 541 547 481 542 547 484 481 545 482 486 484 547 483 547 546 483 552 483 546 552 488 483 549 543 550 543 545 550 550 545 485 485 545 486 550 485 491 488 552 487 552 551 487 557 487 551 557 492 487 489 555 490 490 555 554 490 554 556 555 489 495 491 548 550 556 548 491 490 556 491 558 493 492 558 492 557 559 494 493 559 493 558 495 553 555 559 553 495 494 559 495 501 503 502 507 509 508 511 513 512 518 520 519 527 530 526 530 529 526 537 538 536 544 545 543 549 550 548 554 555 553 499 496 562 564 496 497 564 562 496 566 497 498 566 564 497 566 498 501 499 562 500 500 562 561 500 561 560 568 500 560 568 505 500 566 501 565 565 501 502 565 502 567 567 572 570 504 572 567 502 504 567 572 504 507 505 568 506 568 569 506 573 506 569 573 510 506 571 576 574 571 508 576 572 508 571 507 508 572 576 508 511 514 510 573 514 573 577 575 580 578 575 512 580 576 512 575 511 512 576 580 512 516 583 515 581 581 515 514 581 514 577 517 515 583 516 579 580 584 579 516 518 584 516 585 583 582 517 583 585 521 517 585 519 587 518 518 587 586 518 586 584 587 519 522 523 521 585 523 585 588 590 522 524 590 587 522 525 523 588 525 588 591 593 524 526 593 590 524 528 525 591 528 591 594 596 526 529 596 593 526 531 528 594 531 594 597 599 529 532 599 596 529 533 531 597 533 597 600 602 532 534 602 599 532 535 604 605 600 604 535 533 600 535 602 534 537 540 535 605 602 537 601 601 537 536 601 536 606 606 610 609 541 610 606 536 541 606 540 605 539 539 605 603 539 603 607 542 539 607 542 607 611 610 541 544 616 542 611 616 547 542 613 608 614 608 610 614 614 610 543 543 610 544 614 543 549 547 616 546 616 615 546 620 546 615 620 552 546 618 612 619 612 614 619 619 614 548 548 614 549 619 548 556 622 551 621 621 551 552 621 552 620 557 551 622 553 626 554 554 626 625 554 625 627 626 553 559 556 617 619 627 617 556 554 627 556 622 558 557 622 624 558 624 559 558 624 626 559 562 564 561 564 563 561 564 566 563 566 565 563 570 572 571 574 576 575 578 580 579 583 581 582 587 590 586 590 589 586 590 593 589 593 592 589 593 596 592 596 595 592 596 599 595 599 598 595 599 602 598 602 601 598 605 604 603 609 610 608 613 614 612 618 619 617 624 622 623 622 621 623 626 624 625 624 623 625 568 560 629 631 560 561 631 629 560 633 561 563 633 631 561 635 563 565 635 633 563 637 565 567 637 635 565 637 567 570 640 569 638 569 568 638 638 568 628 628 568 629 573 569 640 636 643 641 636 571 643 637 571 636 570 571 637 643 571 574 644 640 639 573 640 644 577 573 644 642 646 645 642 575 646 643 575 642 574 575 643 646 575 578 581 577 644 581 644 647 651 578 579 646 578 651 650 646 651 651 579 584 654 582 652 652 582 581 652 581 647 585 582 654 656 584 586 656 651 584 657 654 653 585 654 657 588 585 657 659 586 589 659 656 586 591 588 657 591 657 660 662 589 592 662 659 589 594 591 660 594 660 663 665 592 595 665 662 592 597 594 663 597 663 666 668 595 598 668 665 595 600 670 671 666 670 600 597 666 600 673 598 601 673 668 598 604 600 671 678 601 606 678 673 601 604 671 603 603 671 669 603 669 674 607 603 674 607 674 679 678 606 609 611 683 684 679 683 611 607 679 611 681 609 608 678 609 681 677 678 681 681 608 613 616 611 684 686 680 687 680 681 687 687 681 612 612 681 613 687 612 618 689 615 688 615 616 688 688 616 682 682 616 684 620 615 689 696 685 697 685 687 697 697 687 617 617 687 618 697 617 627 689 621 620 689 691 621 691 623 621 691 693 623 693 625 623 693 695 625 695 627 625 695 697 627 629 631 628 631 630 628 631 633 630 633 632 630 633 635 632 635 634 632 635 637 634 637 636 634 640 638 639 641 643 642 646 650 645 650 648 645 648 650 649 655 649 656 656 649 650 656 650 651 654 652 653 656 659 655 659 658 655 659 662 658 662 661 658 662 665 661 665 664 661 665 668 664 668 667 664 668 673 667 673 672 667 671 670 669 676 672 677 677 672 673 677 673 678 676 677 675 677 681 675 681 680 675 684 683 682 686 687 685 691 689 690 689 688 690 693 691 692 691 690 692 695 693 694 693 692 694 697 695 696 695 694 696 638 628 698 699 628 630 699 698 628 700 630 632 700 699 630 701 632 634 701 700 632 702 634 636 702 701 634 702 636 641 698 639 638 703 639 698 704 703 698 644 639 703 711 641 642 702 641 711 710 702 711 711 642 645 647 703 712 647 644 703 720 645 648 720 711 645 652 712 723 652 647 712 728 648 649 720 648 728 727 720 728 728 649 655 730 653 729 653 652 729 729 652 722 722 652 723 657 653 730 733 655 658 733 728 655 660 730 735 660 657 730 738 658 661 738 733 658 663 735 740 663 660 735 743 661 664 743 738 661 666 740 745 666 663 740 748 664 667 748 743 664 670 666 745 756 667 672 756 748 667 751 669 750 669 670 750 750 670 744 744 670 745 674 751 757 674 669 751 756 672 676 679 757 766 679 674 757 765 676 675 756 676 765 755 756 765 774 675 680 774 765 675 683 679 766 774 680 686 766 682 683 775 682 766 767 775 766 688 682 775 779 686 685 774 686 779 773 774 779 779 685 696 775 690 688 775 776 690 776 692 690 776 777 692 777 694 692 777 778 694 778 696 694 778 779 696 698 699 706 698 706 704 699 700 708 699 708 706 700 701 709 700 709 708 701 702 710 701 710 709 703 704 715 703 715 712 705 713 706 706 713 715 706 715 704 706 708 705 708 707 705 716 707 718 718 707 708 718 708 709 709 710 719 709 719 718 710 711 720 710 720 719 714 721 715 715 721 723 715 723 712 715 713 714 716 718 717 724 717 726 726 717 718 726 718 719 719 720 727 719 727 726 723 721 722 724 726 725 731 725 732 732 725 726 732 726 727 727 728 733 727 733 732 729 734 730 734 735 730 732 737 731 737 736 731 732 733 738 732 738 737 734 739 735 739 740 735 737 742 736 742 741 736 737 738 743 737 743 742 739 744 740 744 745 740 742 747 741 747 746 741 742 743 748 742 748 747 753 746 754 754 746 747 754 747 755 747 748 756 747 756 755 751 750 749 749 759 751 751 759 760 751 760 757 753 754 752 762 752 763 763 752 754 763 754 764 754 755 765 754 765 764 757 760 767 757 767 766 760 759 758 758 768 760 760 768 769 760 769 767 762 763 761 770 761 771 771 761 763 771 763 772 763 764 773 763 773 772 764 765 774 764 774 773 767 769 776 767 776 775 771 769 770 769 768 770 769 771 777 769 777 776 771 772 778 771 778 777 772 773 779 772 779 778 713 705 780 781 705 707 781 780 705 781 707 716 780 714 713 782 714 780 783 782 780 721 714 782 785 716 717 781 716 785 784 781 785 785 717 724 782 722 721 786 722 782 787 786 782 729 722 786 791 724 725 785 724 791 790 785 791 791 725 731 734 786 792 734 729 786 797 731 736 797 791 731 739 792 798 739 734 792 803 736 741 803 797 736 744 798 804 744 739 798 809 741 746 809 803 741 750 744 804 809 746 753 804 749 750 810 749 804 805 810 804 759 749 810 813 753 752 809 753 813 808 809 813 813 752 762 810 758 759 814 758 810 811 814 810 768 758 814 815 762 761 813 762 815 812 813 815 815 761 770 814 770 768 814 815 770 780 781 784 780 784 783 782 783 788 782 788 787 783 784 789 783 789 788 784 785 790 784 790 789 786 787 793 786 793 792 787 788 794 787 794 793 788 789 795 788 795 794 789 790 796 789 796 795 790 791 797 790 797 796 792 793 799 792 799 798 793 794 800 793 800 799 794 795 801 794 801 800 795 796 802 795 802 801 796 797 803 796 803 802 798 799 805 798 805 804 799 800 806 799 806 805 800 801 807 800 807 806 801 802 808 801 808 807 802 803 809 802 809 808 805 806 811 805 811 810 806 807 812 806 812 811 807 808 813 807 813 812 811 812 815 811 815 814 820 817 816 819 820 816 818 868 869 816 868 818 819 816 818 862 816 817 862 860 816 868 816 860 817 872 871 821 872 817 820 821 817 871 862 817 824 819 818 823 824 818 822 877 878 818 877 822 823 818 822 877 818 869 825 820 819 824 825 819 826 821 820 825 826 820 821 881 880 827 881 821 826 827 821 880 872 821 829 823 822 828 829 822 884 828 822 884 889 828 884 822 878 830 824 823 829 830 823 831 825 824 830 831 824 832 826 825 831 832 825 833 827 826 832 833 826 827 891 886 827 833 891 886 881 827 835 829 828 834 835 828 889 834 828 889 894 834 836 830 829 835 836 829 837 831 830 836 837 830 838 832 831 837 838 831 839 833 832 838 839 832 833 896 891 833 839 896 841 835 834 840 841 834 894 840 834 894 899 840 842 836 835 841 842 835 843 837 836 842 843 836 844 838 837 843 844 837 845 839 838 844 845 838 839 901 896 839 845 901 846 906 905 840 906 846 841 840 846 906 840 899 847 842 841 846 847 841 848 843 842 847 848 842 849 844 843 848 849 843 845 908 909 849 908 845 844 849 845 909 901 845 850 914 913 846 914 850 847 846 850 914 846 905 851 848 847 850 851 847 849 916 917 851 916 849 848 851 849 917 908 849 923 851 850 923 925 851 923 850 913 925 916 851 859 853 852 858 859 852 857 944 945 852 944 857 858 852 857 936 852 853 936 934 852 944 852 934 861 854 853 859 861 853 938 853 854 938 936 853 863 855 854 861 863 854 940 854 855 940 938 854 864 856 855 863 864 855 942 855 856 942 940 855 856 948 947 865 948 856 864 865 856 947 942 856 867 858 857 866 867 857 950 866 857 950 954 866 950 857 945 870 859 858 867 870 858 868 860 870 870 860 861 870 861 859 860 862 861 862 863 861 862 871 863 863 871 873 863 873 864 874 865 864 873 874 864 865 957 952 865 874 957 952 948 865 879 867 866 876 879 866 875 954 955 866 954 875 876 866 875 877 869 879 879 869 870 879 870 867 869 868 870 873 871 872 872 880 873 873 880 882 873 882 874 874 960 957 874 882 960 885 876 875 883 885 875 958 883 875 958 963 883 958 875 955 884 878 885 885 878 879 885 879 876 878 877 879 882 880 881 961 886 887 961 881 886 960 881 961 882 881 960 890 885 883 888 890 883 963 888 883 963 966 888 889 884 890 884 885 890 892 887 891 887 886 891 887 968 965 887 892 968 965 961 887 895 890 888 893 895 888 966 893 888 966 969 893 894 889 895 889 890 895 897 892 896 892 891 896 892 971 968 892 897 971 900 895 893 898 900 893 969 898 893 969 972 898 899 894 900 894 895 900 902 897 901 897 896 901 897 974 971 897 902 974 904 900 898 903 904 898 972 903 898 972 975 903 906 899 907 907 899 900 907 900 904 977 909 910 977 901 909 978 901 977 902 901 978 978 974 902 911 982 981 903 982 911 904 903 911 982 903 975 912 907 904 911 912 904 905 906 907 914 905 915 915 905 907 915 907 912 910 909 908 908 917 910 910 917 918 910 918 919 910 984 977 910 919 984 921 912 911 920 921 911 981 920 911 981 985 920 922 915 912 921 922 912 913 914 915 923 913 924 924 913 915 924 915 922 918 917 916 916 925 918 918 925 926 918 926 927 928 919 918 927 928 918 919 987 984 919 928 987 929 989 988 920 989 929 921 920 929 989 920 985 930 922 921 929 930 921 931 924 922 930 931 922 925 923 926 923 924 926 932 926 924 931 932 924 933 927 926 932 933 926 928 991 992 933 991 928 927 933 928 992 987 928 994 930 929 994 996 930 994 929 988 996 931 930 996 998 931 998 932 931 998 1000 932 1000 933 932 1000 1002 933 1002 991 933 946 1012 1013 946 935 1012 944 935 946 934 935 944 934 936 935 936 937 935 1005 935 937 1005 1004 935 1012 935 1004 936 938 937 938 939 937 1007 937 939 1007 1005 937 938 940 939 940 941 939 1009 939 941 1009 1007 939 940 942 941 942 943 941 1011 941 943 1011 1009 941 1016 947 949 1016 942 947 1015 942 1016 943 942 1015 1015 1011 943 945 944 946 951 1017 1018 951 946 1017 950 946 951 945 946 950 1017 946 1013 949 947 948 952 949 948 1020 949 952 1024 1020 952 1020 1016 949 954 950 956 950 951 956 953 1021 1022 951 1021 953 956 951 953 1021 951 1018 1024 952 957 1026 1024 957 958 955 959 959 955 956 959 956 953 1025 959 953 1025 1029 959 1025 953 1022 955 954 956 962 1027 960 960 1027 1026 960 1026 957 963 958 964 958 959 964 1029 964 959 1029 1032 964 962 960 961 965 962 961 1031 962 965 1034 1031 965 1031 1027 962 966 963 967 963 964 967 1032 967 964 1032 1035 967 1034 965 968 1037 1034 968 969 966 970 966 967 970 1035 970 967 1035 1038 970 1037 968 971 1040 1037 971 972 969 973 969 970 973 1038 973 970 1038 1041 973 1040 971 974 1043 1040 974 975 972 976 972 973 976 1041 976 973 1041 1044 976 1046 978 979 974 978 1046 1043 974 1046 982 975 983 983 975 976 983 976 980 1044 980 976 1044 1047 980 979 978 977 1049 979 1048 1048 979 977 1048 977 984 1049 1046 979 986 1052 1051 980 1052 986 983 980 986 1052 980 1047 981 982 983 985 981 986 981 983 986 1048 984 987 1054 1048 987 1055 990 1056 990 989 1056 1056 989 986 986 989 985 1056 986 1051 1058 992 993 987 992 1058 1054 987 1058 988 989 990 1059 995 1060 995 994 1060 1060 994 990 990 994 988 1060 990 1055 993 992 991 1062 1002 1003 1062 991 1002 1063 991 1062 993 991 1063 1063 1058 993 996 994 997 994 995 997 1064 997 995 1064 1065 997 1064 995 1059 998 996 999 996 997 999 1065 999 997 1065 1067 999 1000 998 1001 998 999 1001 1067 1001 999 1067 1069 1001 1002 1000 1003 1000 1001 1003 1069 1003 1001 1069 1071 1003 1071 1062 1003 1004 1014 1012 1075 1014 1004 1077 1075 1004 1006 1076 1005 1005 1076 1077 1005 1077 1004 1005 1007 1006 1007 1008 1006 1073 1006 1008 1073 1072 1006 1076 1006 1072 1007 1009 1008 1009 1010 1008 1074 1008 1010 1074 1073 1008 1079 1010 1080 1080 1010 1009 1080 1009 1011 1079 1074 1010 1015 1080 1011 1015 1084 1080 1013 1012 1014 1019 1081 1082 1019 1014 1081 1017 1014 1019 1013 1014 1017 1081 1014 1075 1084 1015 1085 1015 1016 1085 1020 1085 1016 1020 1089 1085 1018 1017 1019 1023 1086 1087 1023 1019 1086 1021 1019 1023 1018 1019 1021 1086 1019 1082 1089 1020 1024 1091 1089 1024 1022 1021 1023 1090 1022 1023 1025 1022 1090 1093 1025 1090 1090 1023 1087 1028 1092 1026 1026 1092 1091 1026 1091 1024 1094 1030 1093 1093 1030 1029 1093 1029 1025 1028 1026 1027 1031 1028 1027 1096 1028 1031 1098 1096 1031 1096 1092 1028 1032 1029 1033 1029 1030 1033 1097 1033 1030 1097 1099 1033 1097 1030 1094 1098 1031 1034 1100 1098 1034 1035 1032 1036 1032 1033 1036 1099 1036 1033 1099 1101 1036 1100 1034 1037 1103 1100 1037 1038 1035 1039 1035 1036 1039 1101 1039 1036 1101 1104 1039 1103 1037 1040 1106 1103 1040 1041 1038 1042 1038 1039 1042 1104 1042 1039 1104 1107 1042 1106 1040 1043 1108 1106 1043 1044 1041 1045 1041 1042 1045 1107 1045 1042 1107 1109 1045 1108 1043 1046 1110 1108 1046 1045 1112 1044 1044 1112 1111 1044 1111 1047 1112 1045 1109 1114 1049 1050 1046 1049 1114 1110 1046 1114 1047 1053 1052 1115 1053 1047 1111 1115 1047 1050 1049 1048 1117 1050 1116 1116 1050 1048 1116 1048 1054 1117 1114 1050 1051 1052 1053 1118 1057 1119 1057 1056 1119 1119 1056 1053 1053 1056 1051 1119 1053 1115 1116 1054 1058 1121 1116 1058 1055 1056 1057 1122 1061 1123 1061 1060 1123 1123 1060 1057 1057 1060 1055 1123 1057 1118 1063 1121 1058 1063 1126 1121 1059 1060 1061 1127 1059 1061 1064 1059 1127 1129 1064 1127 1127 1061 1122 1126 1063 1125 1063 1062 1125 1071 1125 1062 1071 1132 1125 1128 1066 1129 1129 1066 1065 1129 1065 1064 1067 1065 1068 1065 1066 1068 1133 1068 1066 1133 1134 1068 1133 1066 1128 1069 1067 1070 1067 1068 1070 1134 1070 1068 1134 1135 1070 1070 1131 1069 1069 1131 1132 1069 1132 1071 1135 1131 1070 1072 1078 1076 1136 1078 1072 1137 1136 1072 1072 1073 1138 1137 1072 1138 1073 1074 1139 1138 1073 1139 1079 1139 1074 1079 1143 1139 1075 1083 1081 1140 1083 1075 1142 1140 1075 1078 1141 1077 1077 1141 1142 1077 1142 1075 1077 1076 1078 1141 1078 1136 1143 1079 1144 1079 1080 1144 1084 1144 1080 1084 1147 1144 1082 1081 1083 1088 1145 1146 1088 1083 1145 1086 1083 1088 1082 1083 1086 1145 1083 1140 1147 1084 1148 1084 1085 1148 1089 1148 1085 1089 1150 1148 1087 1086 1088 1149 1087 1088 1090 1087 1149 1151 1090 1149 1149 1088 1146 1150 1089 1091 1153 1150 1091 1152 1095 1151 1151 1095 1093 1151 1093 1090 1153 1091 1154 1091 1092 1154 1096 1154 1092 1096 1156 1154 1094 1093 1095 1155 1094 1095 1097 1094 1155 1157 1097 1155 1155 1095 1152 1156 1096 1098 1158 1156 1098 1099 1097 1157 1099 1157 1159 1158 1098 1100 1162 1158 1100 1160 1102 1159 1159 1102 1101 1159 1101 1099 1162 1100 1103 1164 1162 1103 1104 1101 1105 1101 1102 1105 1163 1105 1102 1163 1165 1105 1163 1102 1160 1164 1103 1106 1166 1164 1106 1105 1168 1104 1104 1168 1167 1104 1167 1107 1168 1105 1165 1166 1106 1108 1170 1166 1108 1109 1107 1167 1109 1167 1171 1170 1108 1110 1172 1170 1110 1109 1113 1112 1173 1113 1109 1171 1173 1109 1172 1110 1114 1174 1172 1114 1111 1112 1113 1113 1176 1111 1111 1176 1175 1111 1175 1115 1176 1113 1173 1117 1174 1114 1117 1178 1174 1115 1120 1119 1179 1120 1115 1175 1179 1115 1178 1117 1177 1117 1116 1177 1177 1116 1121 1180 1177 1121 1118 1119 1120 1181 1124 1182 1124 1123 1182 1182 1123 1120 1120 1123 1118 1182 1120 1179 1126 1180 1121 1126 1184 1180 1122 1123 1124 1185 1122 1124 1127 1122 1185 1187 1127 1185 1185 1124 1181 1184 1126 1183 1126 1125 1183 1132 1183 1125 1132 1189 1183 1186 1130 1187 1187 1130 1129 1187 1129 1127 1128 1129 1130 1190 1128 1130 1133 1128 1190 1191 1133 1190 1190 1130 1186 1189 1132 1188 1132 1131 1188 1135 1188 1131 1135 1193 1188 1192 1134 1133 1192 1133 1191 1193 1135 1134 1193 1134 1192 1199 1136 1194 1199 1141 1136 1136 1137 1195 1194 1136 1195 1137 1138 1196 1195 1137 1196 1138 1139 1197 1196 1138 1197 1143 1197 1139 1143 1201 1197 1203 1140 1198 1203 1145 1140 1140 1142 1200 1198 1140 1200 1141 1199 1142 1199 1200 1142 1201 1143 1202 1143 1144 1202 1147 1202 1144 1147 1205 1202 1145 1203 1146 1203 1204 1146 1207 1146 1204 1207 1149 1146 1205 1147 1206 1147 1148 1206 1150 1206 1148 1150 1208 1206 1151 1149 1207 1151 1207 1209 1208 1150 1153 1211 1208 1153 1151 1209 1152 1209 1210 1152 1212 1152 1210 1212 1155 1152 1154 1215 1153 1153 1215 1213 1153 1213 1211 1215 1154 1156 1157 1155 1212 1157 1212 1216 1156 1214 1215 1218 1214 1156 1158 1218 1156 1217 1161 1216 1216 1161 1159 1216 1159 1157 1218 1158 1162 1220 1218 1162 1160 1159 1161 1219 1160 1161 1163 1160 1219 1221 1163 1219 1219 1161 1217 1220 1162 1164 1222 1220 1164 1165 1163 1221 1165 1221 1223 1222 1164 1166 1224 1222 1166 1165 1169 1168 1225 1169 1165 1223 1225 1165 1224 1166 1170 1226 1224 1170 1167 1168 1169 1169 1228 1167 1167 1228 1227 1167 1227 1171 1228 1169 1225 1226 1170 1172 1229 1226 1172 1173 1171 1227 1173 1227 1230 1229 1233 1232 1174 1233 1229 1172 1174 1229 1235 1173 1230 1235 1176 1173 1233 1174 1178 1176 1235 1175 1235 1234 1175 1179 1175 1234 1179 1234 1237 1233 1178 1231 1231 1178 1177 1231 1177 1236 1236 1177 1180 1238 1236 1180 1240 1179 1237 1240 1182 1179 1184 1238 1180 1184 1242 1238 1182 1240 1181 1240 1239 1181 1243 1181 1239 1243 1185 1181 1242 1184 1241 1184 1183 1241 1189 1241 1183 1189 1247 1241 1245 1187 1185 1245 1185 1243 1187 1245 1186 1245 1244 1186 1248 1186 1244 1248 1190 1186 1247 1189 1246 1189 1188 1246 1193 1246 1188 1193 1251 1246 1249 1191 1190 1249 1190 1248 1250 1192 1191 1250 1191 1249 1251 1193 1192 1251 1192 1250 1213 1215 1214 1232 1233 1231 1256 1194 1252 1256 1199 1194 1194 1195 1253 1252 1194 1253 1195 1196 1254 1253 1195 1254 1254 1260 1258 1197 1260 1254 1196 1197 1254 1260 1197 1201 1262 1198 1255 1262 1203 1198 1198 1200 1257 1255 1198 1257 1199 1256 1200 1256 1257 1200 1260 1201 1259 1259 1201 1202 1259 1202 1261 1205 1261 1202 1205 1264 1261 1203 1262 1204 1262 1263 1204 1266 1204 1263 1266 1207 1204 1264 1205 1265 1205 1206 1265 1208 1265 1206 1208 1267 1265 1209 1207 1266 1209 1266 1268 1267 1208 1211 1270 1267 1211 1209 1268 1210 1268 1269 1210 1271 1210 1269 1271 1212 1210 1270 1211 1213 1272 1270 1213 1216 1212 1271 1216 1271 1273 1214 1276 1213 1213 1276 1274 1213 1274 1272 1276 1214 1218 1279 1217 1277 1277 1217 1216 1277 1216 1273 1219 1217 1279 1218 1275 1276 1280 1275 1218 1220 1280 1218 1281 1279 1278 1219 1279 1281 1221 1219 1281 1280 1220 1222 1282 1280 1222 1223 1221 1281 1223 1281 1283 1282 1222 1224 1284 1282 1224 1225 1286 1287 1283 1286 1225 1223 1283 1225 1284 1224 1226 1288 1284 1226 1228 1225 1287 1288 1292 1291 1229 1292 1288 1226 1229 1288 1228 1287 1227 1227 1287 1285 1227 1285 1289 1230 1227 1289 1230 1289 1293 1292 1229 1232 1296 1230 1293 1296 1235 1230 1292 1232 1290 1290 1232 1231 1290 1231 1294 1294 1231 1236 1297 1294 1236 1235 1296 1234 1296 1295 1234 1237 1234 1295 1237 1295 1298 1297 1236 1238 1299 1297 1238 1301 1237 1298 1301 1240 1237 1242 1299 1238 1242 1303 1299 1240 1301 1239 1301 1300 1239 1304 1239 1300 1304 1243 1239 1303 1242 1302 1242 1241 1302 1247 1302 1241 1247 1310 1302 1306 1245 1243 1306 1243 1304 1245 1306 1244 1306 1305 1244 1311 1244 1305 1311 1248 1244 1246 1309 1247 1247 1309 1308 1247 1308 1310 1309 1246 1251 1312 1249 1248 1312 1248 1311 1313 1250 1249 1313 1249 1312 1251 1307 1309 1313 1307 1251 1250 1313 1251 1258 1260 1259 1274 1276 1275 1279 1277 1278 1287 1286 1285 1291 1292 1290 1308 1309 1307 1256 1252 1316 1318 1252 1253 1318 1316 1252 1320 1253 1254 1320 1318 1253 1320 1254 1258 1262 1255 1324 1255 1322 1324 1314 1322 1255 1257 1314 1255 1256 1316 1257 1257 1316 1315 1257 1315 1314 1320 1258 1319 1319 1258 1259 1319 1259 1321 1321 1327 1325 1261 1327 1321 1259 1261 1321 1327 1261 1264 1330 1263 1328 1263 1262 1328 1328 1262 1323 1323 1262 1324 1266 1263 1330 1326 1333 1331 1326 1265 1333 1327 1265 1326 1264 1265 1327 1333 1265 1267 1334 1330 1329 1266 1330 1334 1268 1266 1334 1267 1332 1333 1336 1332 1267 1270 1336 1267 1268 1334 1269 1334 1335 1269 1337 1269 1335 1337 1271 1269 1336 1270 1272 1338 1336 1272 1273 1271 1337 1273 1337 1339 1338 1272 1274 1340 1338 1274 1277 1273 1339 1277 1339 1341 1275 1343 1274 1274 1343 1342 1274 1342 1340 1343 1275 1280 1345 1278 1344 1344 1278 1277 1344 1277 1341 1281 1278 1345 1347 1280 1282 1347 1343 1280 1283 1345 1349 1283 1281 1345 1351 1282 1284 1351 1347 1282 1286 1283 1349 1354 1284 1288 1354 1351 1284 1286 1349 1285 1285 1349 1348 1285 1348 1352 1289 1285 1352 1289 1352 1355 1354 1288 1291 1293 1289 1355 1293 1355 1357 1354 1291 1353 1353 1291 1290 1353 1290 1356 1356 1290 1294 1358 1356 1294 1360 1293 1357 1360 1296 1293 1358 1294 1297 1361 1358 1297 1296 1360 1295 1360 1359 1295 1298 1363 1364 1359 1363 1298 1295 1359 1298 1361 1367 1366 1299 1367 1361 1297 1299 1361 1301 1298 1364 1367 1299 1303 1370 1300 1369 1300 1301 1369 1369 1301 1362 1362 1301 1364 1304 1300 1370 1372 1365 1373 1365 1367 1373 1373 1367 1302 1302 1367 1303 1373 1302 1310 1374 1370 1368 1304 1370 1374 1306 1304 1374 1376 1305 1375 1375 1305 1306 1375 1306 1374 1311 1305 1376 1307 1380 1308 1308 1380 1379 1308 1379 1381 1380 1307 1313 1310 1371 1373 1381 1371 1310 1308 1381 1310 1376 1312 1311 1376 1378 1312 1378 1313 1312 1378 1380 1313 1316 1318 1315 1318 1317 1315 1318 1320 1317 1320 1319 1317 1324 1322 1323 1325 1327 1326 1330 1328 1329 1331 1333 1332 1343 1347 1342 1347 1346 1342 1344 1348 1345 1348 1349 1345 1347 1351 1346 1351 1350 1346 1351 1354 1350 1354 1353 1350 1364 1363 1362 1366 1367 1365 1370 1369 1368 1372 1373 1371 1378 1376 1377 1376 1375 1377 1380 1378 1379 1378 1377 1379 1322 1314 1387 1314 1385 1387 1382 1385 1314 1315 1382 1314 1315 1317 1383 1382 1315 1383 1317 1319 1384 1383 1317 1384 1384 1390 1388 1321 1390 1384 1319 1321 1384 1390 1321 1325 1393 1323 1391 1323 1322 1391 1391 1322 1386 1386 1322 1387 1328 1323 1393 1389 1396 1394 1389 1326 1396 1390 1326 1389 1325 1326 1390 1396 1326 1331 1399 1329 1397 1329 1328 1397 1397 1328 1392 1392 1328 1393 1334 1329 1399 1395 1401 1400 1395 1332 1401 1396 1332 1395 1331 1332 1396 1401 1332 1336 1403 1335 1402 1335 1334 1402 1402 1334 1398 1398 1334 1399 1337 1335 1403 1406 1336 1338 1406 1401 1336 1339 1403 1409 1339 1337 1403 1338 1405 1406 1410 1405 1338 1340 1410 1338 1411 1409 1408 1339 1409 1411 1341 1339 1411 1410 1340 1342 1412 1410 1342 1344 1341 1411 1344 1411 1413 1412 1342 1346 1414 1412 1346 1348 1344 1413 1348 1413 1415 1414 1346 1350 1416 1414 1350 1352 1348 1415 1352 1415 1417 1416 1350 1353 1418 1416 1353 1355 1420 1421 1417 1420 1355 1352 1417 1355 1418 1353 1356 1422 1418 1356 1357 1421 1424 1357 1355 1421 1422 1427 1426 1358 1427 1422 1356 1358 1422 1360 1357 1424 1432 1358 1361 1432 1427 1358 1430 1359 1429 1359 1360 1429 1429 1360 1423 1423 1360 1424 1363 1359 1430 1432 1361 1366 1435 1362 1434 1362 1363 1434 1434 1363 1428 1428 1363 1430 1369 1362 1435 1437 1431 1438 1431 1432 1438 1438 1432 1365 1365 1432 1366 1438 1365 1372 1441 1368 1440 1368 1369 1440 1440 1369 1433 1433 1369 1435 1374 1368 1441 1443 1436 1444 1436 1438 1444 1444 1438 1371 1371 1438 1372 1444 1371 1381 1445 1441 1439 1374 1441 1445 1375 1374 1445 1446 1377 1375 1446 1375 1445 1447 1379 1377 1447 1377 1446 1381 1442 1444 1447 1442 1381 1379 1447 1381 1387 1385 1386 1388 1390 1389 1393 1391 1392 1394 1396 1395 1399 1397 1398 1401 1406 1400 1406 1404 1400 1402 1407 1403 1407 1409 1403 1404 1406 1405 1409 1407 1408 1421 1420 1419 1419 1423 1421 1423 1424 1421 1426 1427 1425 1427 1432 1425 1432 1431 1425 1430 1429 1428 1435 1434 1433 1437 1438 1436 1441 1440 1439 1443 1444 1442 1385 1382 1449 1451 1382 1383 1451 1449 1382 1453 1383 1384 1453 1451 1383 1453 1384 1388 1456 1386 1454 1386 1385 1454 1454 1385 1448 1448 1385 1449 1391 1386 1456 1452 1459 1457 1452 1389 1459 1453 1389 1452 1388 1389 1453 1459 1389 1394 1462 1392 1460 1392 1391 1460 1460 1391 1455 1455 1391 1456 1397 1392 1462 1458 1465 1463 1458 1395 1465 1459 1395 1458 1394 1395 1459 1465 1395 1400 1468 1398 1466 1398 1397 1466 1466 1397 1461 1461 1397 1462 1402 1398 1468 1400 1464 1465 1469 1464 1400 1404 1469 1400 1470 1468 1467 1402 1468 1470 1407 1402 1470 1405 1472 1404 1404 1472 1471 1404 1471 1469 1472 1405 1410 1474 1408 1473 1473 1408 1407 1473 1407 1470 1411 1408 1474 1476 1410 1412 1476 1472 1410 1413 1474 1478 1413 1411 1474 1480 1412 1414 1480 1476 1412 1415 1478 1482 1415 1413 1478 1484 1414 1416 1484 1480 1414 1417 1482 1486 1417 1415 1482 1488 1416 1418 1488 1484 1416 1420 1417 1486 1491 1418 1422 1491 1488 1418 1420 1486 1419 1419 1486 1485 1419 1485 1489 1423 1493 1494 1489 1493 1423 1419 1489 1423 1491 1422 1426 1429 1423 1494 1491 1426 1490 1490 1426 1425 1490 1425 1495 1495 1501 1500 1431 1501 1495 1425 1431 1495 1498 1428 1497 1428 1429 1497 1497 1429 1492 1492 1429 1494 1434 1428 1498 1501 1431 1437 1504 1433 1503 1433 1434 1503 1503 1434 1496 1496 1434 1498 1440 1433 1504 1506 1499 1507 1499 1501 1507 1507 1501 1436 1436 1501 1437 1507 1436 1443 1509 1439 1508 1439 1440 1508 1508 1440 1502 1502 1440 1504 1445 1439 1509 1512 1505 1513 1505 1507 1513 1513 1507 1442 1442 1507 1443 1513 1442 1447 1509 1446 1445 1509 1511 1446 1511 1447 1446 1511 1513 1447 1449 1451 1448 1451 1450 1448 1451 1453 1450 1453 1452 1450 1456 1454 1455 1457 1459 1458 1462 1460 1461 1463 1465 1464 1468 1466 1467 1472 1476 1471 1476 1475 1471 1473 1477 1474 1477 1478 1474 1476 1480 1475 1480 1479 1475 1477 1481 1478 1481 1482 1478 1480 1484 1479 1484 1483 1479 1481 1485 1482 1485 1486 1482 1484 1488 1483 1488 1487 1483 1488 1491 1487 1491 1490 1487 1494 1493 1492 1498 1497 1496 1500 1501 1499 1504 1503 1502 1506 1507 1505 1511 1509 1510 1509 1508 1510 1513 1511 1512 1511 1510 1512 1454 1448 1514 1515 1448 1450 1515 1514 1448 1516 1450 1452 1516 1515 1450 1516 1452 1457 1514 1455 1454 1518 1455 1514 1520 1518 1514 1460 1455 1518 1525 1457 1458 1516 1457 1525 1524 1516 1525 1525 1458 1463 1527 1461 1526 1461 1460 1526 1526 1460 1517 1517 1460 1518 1466 1461 1527 1531 1463 1464 1525 1463 1531 1530 1525 1531 1531 1464 1469 1527 1467 1466 1532 1467 1527 1535 1532 1527 1470 1467 1532 1537 1469 1471 1537 1531 1469 1473 1532 1539 1473 1470 1532 1541 1471 1475 1541 1537 1471 1477 1539 1543 1477 1473 1539 1545 1475 1479 1545 1541 1475 1481 1543 1547 1481 1477 1543 1549 1479 1483 1549 1545 1479 1485 1547 1551 1485 1481 1547 1553 1483 1487 1553 1549 1483 1489 1551 1554 1489 1485 1551 1559 1487 1490 1559 1553 1487 1493 1489 1554 1565 1490 1495 1565 1559 1490 1554 1492 1493 1561 1492 1554 1557 1561 1554 1497 1492 1561 1565 1495 1500 1567 1496 1566 1496 1497 1566 1566 1497 1560 1560 1497 1561 1503 1496 1567 1574 1500 1499 1565 1500 1574 1564 1565 1574 1574 1499 1506 1567 1502 1503 1575 1502 1567 1569 1575 1567 1508 1502 1575 1577 1506 1505 1574 1506 1577 1573 1574 1577 1577 1505 1512 1575 1510 1508 1575 1576 1510 1576 1512 1510 1576 1577 1512 1514 1515 1522 1514 1522 1520 1515 1516 1524 1515 1524 1522 1518 1520 1517 1520 1519 1517 1520 1522 1519 1522 1521 1519 1522 1524 1521 1524 1523 1521 1528 1523 1530 1530 1523 1524 1530 1524 1525 1526 1533 1527 1533 1535 1527 1528 1530 1529 1536 1529 1537 1537 1529 1530 1537 1530 1531 1534 1538 1535 1535 1538 1539 1535 1539 1532 1535 1533 1534 1537 1541 1536 1541 1540 1536 1538 1542 1539 1542 1543 1539 1541 1545 1540 1545 1544 1540 1542 1546 1543 1546 1547 1543 1545 1549 1544 1549 1548 1544 1546 1550 1547 1550 1551 1547 1549 1553 1548 1553 1552 1548 1550 1556 1551 1551 1556 1557 1551 1557 1554 1553 1559 1552 1559 1558 1552 1557 1556 1555 1555 1560 1557 1560 1561 1557 1563 1558 1564 1564 1558 1559 1564 1559 1565 1563 1564 1562 1572 1562 1573 1573 1562 1564 1573 1564 1574 1569 1567 1568 1567 1566 1568 1571 1569 1570 1569 1568 1570 1569 1571 1576 1569 1576 1575 1573 1571 1572 1571 1570 1572 1571 1573 1577 1571 1577 1576 1526 1517 1578 1579 1517 1519 1579 1578 1517 1580 1519 1521 1580 1579 1519 1581 1521 1523 1581 1580 1521 1581 1523 1528 1533 1578 1582 1533 1526 1578 1587 1528 1529 1581 1528 1587 1586 1581 1587 1587 1529 1536 1582 1534 1533 1588 1534 1582 1589 1588 1582 1538 1534 1588 1595 1536 1540 1595 1587 1536 1542 1588 1596 1542 1538 1588 1601 1540 1544 1601 1595 1540 1546 1596 1602 1546 1542 1596 1607 1544 1548 1607 1601 1544 1550 1602 1608 1550 1546 1602 1615 1548 1552 1615 1607 1548 1556 1550 1608 1621 1552 1558 1621 1615 1552 1608 1555 1556 1616 1555 1608 1609 1616 1608 1560 1616 1622 1560 1555 1616 1621 1558 1563 1566 1560 1622 1625 1563 1562 1621 1563 1625 1620 1621 1625 1625 1562 1572 1622 1568 1566 1622 1623 1568 1623 1570 1568 1623 1624 1570 1624 1572 1570 1624 1625 1572 1578 1579 1583 1578 1583 1582 1579 1580 1585 1579 1585 1583 1580 1581 1586 1580 1586 1585 1582 1583 1592 1582 1592 1589 1584 1590 1585 1585 1590 1592 1585 1592 1583 1593 1584 1594 1594 1584 1585 1594 1585 1586 1586 1587 1595 1586 1595 1594 1588 1589 1598 1588 1598 1596 1591 1597 1592 1592 1597 1598 1592 1598 1589 1592 1590 1591 1594 1600 1593 1600 1599 1593 1594 1595 1601 1594 1601 1600 1596 1598 1604 1596 1604 1602 1597 1603 1598 1603 1604 1598 1600 1606 1599 1606 1605 1599 1600 1601 1607 1600 1607 1606 1602 1604 1609 1602 1609 1608 1603 1611 1604 1604 1611 1612 1604 1612 1609 1606 1614 1605 1614 1613 1605 1606 1607 1615 1606 1615 1614 1609 1612 1617 1609 1617 1616 1612 1611 1610 1610 1618 1612 1612 1618 1619 1612 1619 1617 1618 1613 1619 1619 1613 1614 1619 1614 1620 1614 1615 1621 1614 1621 1620 1616 1617 1623 1616 1623 1622 1617 1619 1624 1617 1624 1623 1619 1620 1625 1619 1625 1624 1590 1584 1626 1626 1584 1593 1626 1591 1590 1627 1591 1626 1628 1627 1626 1597 1591 1627 1628 1593 1599 1628 1626 1593 1603 1627 1629 1603 1597 1627 1630 1599 1605 1630 1628 1599 1611 1603 1629 1631 1605 1613 1631 1630 1605 1629 1610 1611 1631 1610 1629 1630 1631 1629 1618 1610 1631 1631 1613 1618 1627 1628 1630 1627 1630 1629" solid="false" colorPerVertex="false">
     <Coordinate point="0.264587 -0.0610597 -0.509934 0.264587 -0.0203538 -0.514754 0.305293 -0.0203538 -0.512115 0.264587 0.0203521 -0.514754 0.305293 0.0203521 -0.512115 0.264587 0.061058 -0.509934 0.223882 -0.142471 -0.481343 0.264587 -0.142471 -0.486968 0.305293 -0.142471 -0.483683 0.345999 -0.142471 -0.471493 0.183176 -0.101766 -0.480598 0.223882 -0.101766 -0.4958 0.264587 -0.0657718 -0.508825 0.264587 -0.101766 -0.50112 0.305293 -0.101766 -0.49838 0.345999 -0.101766 -0.487499 0.183176 -0.0610597 -0.490284 0.257282 -0.0610597 -0.508825 0.223882 -0.0610597 -0.504619 0.281549 -0.0610597 -0.508825 0.305293 -0.0477388 -0.508825 0.305293 -0.0610597 -0.507394 0.345999 -0.0610597 -0.497359 0.386705 -0.0610597 -0.478308 0.183176 -0.0203538 -0.494869 0.224136 -0.0203538 -0.508825 0.223882 -0.0203538 -0.508794 0.318375 -0.0203538 -0.508825 0.345999 -0.0203538 -0.502055 0.386705 -0.0203538 -0.483662 0.183176 0.0203521 -0.494869 0.224136 0.0203521 -0.508825 0.223882 0.0203521 -0.508794 0.318375 0.0203521 -0.508825 0.345999 0.0203521 -0.502055 0.386705 0.0203521 -0.483662 0.183176 0.061058 -0.490284 0.257282 0.061058 -0.508825 0.223882 0.061058 -0.504619 0.281549 0.061058 -0.508825 0.305293 0.0477371 -0.508825 0.305293 0.061058 -0.507394 0.345999 0.061058 -0.497359 0.386705 0.061058 -0.478308 0.183176 0.101764 -0.480598 0.223882 0.101764 -0.4958 0.264587 0.0657701 -0.508825 0.264587 0.101764 -0.50112 0.305293 0.101764 -0.49838 0.345999 0.101764 -0.487499 0.223882 0.14247 -0.481343 0.264587 0.14247 -0.486968 0.305293 0.14247 -0.483683 0.345999 0.14247 -0.471493 0.223882 -0.223883 -0.432247 0.264587 -0.223883 -0.438029 0.305293 -0.223883 -0.432946 0.183176 -0.183177 -0.444318 0.223882 -0.168466 -0.468119 0.223882 -0.183177 -0.460592 0.264587 -0.179118 -0.468119 0.264587 -0.183177 -0.465992 0.305293 -0.172331 -0.468119 0.305293 -0.183177 -0.462278 0.345999 -0.148843 -0.468119 0.345999 -0.183177 -0.449043 0.14247 -0.142471 -0.43628 0.191262 -0.142471 -0.468119 0.183176 -0.134418 -0.468119 0.183176 -0.142471 -0.465186 0.352881 -0.142471 -0.468119 0.386705 -0.142471 -0.450003 0.165537 -0.101766 -0.468119 0.14247 -0.101766 -0.4527 0.384939 -0.101766 -0.468119 0.386705 -0.0982562 -0.468119 0.386705 -0.101766 -0.467162 0.427411 -0.101766 -0.435864 0.151046 -0.0610597 -0.468119 0.14247 -0.0610597 -0.462576 0.401907 -0.0610597 -0.468119 0.427411 -0.0610597 -0.448587 0.1439 -0.0203538 -0.468119 0.14247 -0.0203538 -0.46721 0.409841 -0.0203538 -0.468119 0.427411 -0.0203538 -0.454646 0.1439 0.0203521 -0.468119 0.14247 0.0203521 -0.46721 0.409841 0.0203521 -0.468119 0.427411 0.0203521 -0.454646 0.151046 0.061058 -0.468119 0.14247 0.061058 -0.462576 0.401907 0.061058 -0.468119 0.427411 0.061058 -0.448587 0.165537 0.101764 -0.468119 0.14247 0.101764 -0.4527 0.384939 0.101764 -0.468119 0.386705 0.0982546 -0.468119 0.386705 0.101764 -0.467162 0.427411 0.101764 -0.435864 0.14247 0.14247 -0.43628 0.191262 0.14247 -0.468119 0.183176 0.134416 -0.468119 0.183176 0.14247 -0.465186 0.352881 0.14247 -0.468119 0.386705 0.14247 -0.450003 0.183176 0.183176 -0.444318 0.223882 0.168465 -0.468119 0.223882 0.183176 -0.460592 0.264587 0.179117 -0.468119 0.264587 0.183176 -0.465992 0.305293 0.17233 -0.468119 0.305293 0.183176 -0.462278 0.345999 0.148842 -0.468119 0.345999 0.183176 -0.449043 0.223882 0.223882 -0.432247 0.264587 0.223882 -0.438029 0.305293 0.223882 -0.432946 0.223882 -0.229528 -0.427413 0.223882 -0.264589 -0.392458 0.264587 -0.23607 -0.427413 0.264587 -0.264589 -0.398151 0.305293 -0.230109 -0.427413 0.305293 -0.264589 -0.390813 0.213228 -0.223883 -0.427413 0.183176 -0.207134 -0.427413 0.183176 -0.223883 -0.414427 0.320273 -0.223883 -0.427413 0.345999 -0.211736 -0.427413 0.345999 -0.223883 -0.416717 0.161335 -0.183177 -0.427413 0.14247 -0.158227 -0.427413 0.14247 -0.183177 -0.412857 0.382253 -0.183177 -0.427413 0.386705 -0.178738 -0.427413 0.386705 -0.183177 -0.424266 0.135047 -0.142471 -0.427413 0.414853 -0.142471 -0.427413 0.427411 -0.119267 -0.427413 0.427411 -0.142471 -0.414862 0.120561 -0.101766 -0.427413 0.101764 -0.101766 -0.40405 0.435867 -0.101766 -0.427413 0.111284 -0.0610597 -0.427413 0.101764 -0.0610597 -0.415956 0.448597 -0.0610597 -0.427413 0.468117 -0.0610597 -0.401951 0.106756 -0.0203538 -0.427413 0.101764 -0.0203538 -0.421502 0.454658 -0.0203538 -0.427413 0.468117 -0.0203538 -0.40988 0.106756 0.0203521 -0.427413 0.101764 0.0203521 -0.421502 0.454658 0.0203521 -0.427413 0.468117 0.0203521 -0.40988 0.111284 0.061058 -0.427413 0.101764 0.061058 -0.415956 0.448597 0.061058 -0.427413 0.468117 0.061058 -0.401951 0.120561 0.101764 -0.427413 0.101764 0.101764 -0.40405 0.435867 0.101764 -0.427413 0.135047 0.14247 -0.427413 0.414853 0.14247 -0.427413 0.427411 0.119266 -0.427413 0.427411 0.14247 -0.414862 0.161335 0.183176 -0.427413 0.14247 0.158225 -0.427413 0.14247 0.183176 -0.412857 0.382253 0.183176 -0.427413 0.386705 0.178736 -0.427413 0.386705 0.183176 -0.424266 0.213228 0.223882 -0.427413 0.183176 0.207132 -0.427413 0.183176 0.223882 -0.414427 0.320273 0.223882 -0.427413 0.345999 0.211735 -0.427413 0.345999 0.223882 -0.416717 0.223882 0.229526 -0.427413 0.223882 0.264587 -0.392458 0.264587 0.236069 -0.427413 0.264587 0.264587 -0.398151 0.305293 0.230107 -0.427413 0.305293 0.264587 -0.390813 0.223882 -0.26949 -0.386707 0.264587 -0.274104 -0.386707 0.305293 -0.267904 -0.386707 0.2125 -0.264589 -0.386707 0.183176 -0.252204 -0.386707 0.183176 -0.264589 -0.371509 0.314018 -0.264589 -0.386707 0.345999 -0.251525 -0.386707 0.345999 -0.264589 -0.367637 0.150873 -0.223883 -0.386707 0.14247 -0.215737 -0.386707 0.14247 -0.223883 -0.379023 0.386164 -0.223883 -0.386707 0.386705 -0.223441 -0.386707 0.386705 -0.223883 -0.386166 0.122545 -0.183177 -0.386707 0.101764 -0.183177 -0.355061 0.424282 -0.183177 -0.386707 0.427411 -0.178764 -0.386707 0.427411 -0.183177 -0.382283 0.103509 -0.142471 -0.386707 0.101764 -0.137578 -0.386707 0.101764 -0.142471 -0.384233 0.450029 -0.142471 -0.386707 0.468117 -0.142471 -0.352969 0.0928293 -0.101766 -0.386707 0.467194 -0.101766 -0.386707 0.468117 -0.0983809 -0.386707 0.468117 -0.101766 -0.385005 0.0863419 -0.0610597 -0.386707 0.478346 -0.0610597 -0.386707 0.0832032 -0.0203538 -0.386707 0.483702 -0.0203538 -0.386707 0.0832032 0.0203521 -0.386707 0.483702 0.0203521 -0.386707 0.0863419 0.061058 -0.386707 0.478346 0.061058 -0.386707 0.0928293 0.101764 -0.386707 0.467194 0.101764 -0.386707 0.468117 0.0983793 -0.386707 0.468117 0.101764 -0.385005 0.103509 0.14247 -0.386707 0.101764 0.137576 -0.386707 0.101764 0.14247 -0.384233 0.450029 0.14247 -0.386707 0.468117 0.14247 -0.352969 0.122545 0.183176 -0.386707 0.101764 0.183176 -0.355061 0.424282 0.183176 -0.386707 0.427411 0.178762 -0.386707 0.427411 0.183176 -0.382283 0.150873 0.223882 -0.386707 0.14247 0.215735 -0.386707 0.14247 0.223882 -0.379023 0.386164 0.223882 -0.386707 0.386705 0.22344 -0.386707 0.386705 0.223882 -0.386166 0.2125 0.264587 -0.386707 0.183176 0.252202 -0.386707 0.183176 0.264587 -0.371509 0.314018 0.264587 -0.386707 0.345999 0.251523 -0.386707 0.345999 0.264587 -0.367637 0.223882 0.269488 -0.386707 0.264587 0.274103 -0.386707 0.305293 0.267902 -0.386707 0.183176 -0.282854 -0.346001 0.223882 -0.297002 -0.346001 0.223882 -0.305295 -0.32745 0.264587 -0.299955 -0.346001 0.264587 -0.305295 -0.333291 0.305293 -0.29359 -0.346001 0.305293 -0.305295 -0.315912 0.345999 -0.277796 -0.346001 0.158382 -0.264589 -0.346001 0.14247 -0.252523 -0.346001 0.14247 -0.264589 -0.326484 0.367646 -0.264589 -0.346001 0.386705 -0.251538 -0.346001 0.386705 -0.264589 -0.31407 0.120998 -0.223883 -0.346001 0.101764 -0.19281 -0.346001 0.101764 -0.223883 -0.308007 0.416743 -0.223883 -0.346001 0.427411 -0.211773 -0.346001 0.427411 -0.223883 -0.320368 0.0978428 -0.183177 -0.346001 0.449078 -0.183177 -0.346001 0.468117 -0.148927 -0.346001 0.0843212 -0.142471 -0.346001 0.471537 -0.142471 -0.346001 0.0749598 -0.101766 -0.346001 0.487548 -0.101766 -0.346001 0.0690753 -0.0610597 -0.346001 0.061058 -0.0610597 -0.321607 0.497409 -0.0610597 -0.346001 0.0662372 -0.0203538 -0.346001 0.061058 -0.0203538 -0.330497 0.502107 -0.0203538 -0.346001 0.508823 -0.0203538 -0.318619 0.0662372 0.0203521 -0.346001 0.061058 0.0203521 -0.330497 0.502107 0.0203521 -0.346001 0.508823 0.0203521 -0.318619 0.0690753 0.061058 -0.346001 0.061058 0.061058 -0.321607 0.497409 0.061058 -0.346001 0.0749598 0.101764 -0.346001 0.487548 0.101764 -0.346001 0.0843212 0.14247 -0.346001 0.471537 0.14247 -0.346001 0.0978428 0.183176 -0.346001 0.449078 0.183176 -0.346001 0.468117 0.148925 -0.346001 0.120998 0.223882 -0.346001 0.101764 0.192809 -0.346001 0.101764 0.223882 -0.308007 0.416743 0.223882 -0.346001 0.427411 0.211772 -0.346001 0.427411 0.223882 -0.320368 0.158382 0.264587 -0.346001 0.14247 0.252521 -0.346001 0.14247 0.264587 -0.326484 0.367646 0.264587 -0.346001 0.386705 0.251536 -0.346001 0.386705 0.264587 -0.31407 0.183176 0.282853 -0.346001 0.223882 0.297 -0.346001 0.223882 0.305293 -0.32745 0.264587 0.299954 -0.346001 0.264587 0.305293 -0.333291 0.305293 0.293588 -0.346001 0.305293 0.305293 -0.315912 0.345999 0.277794 -0.346001 0.223882 -0.314946 -0.305295 0.264587 -0.316764 -0.305295 0.305293 -0.309326 -0.305295 0.14247 -0.276606 -0.305295 0.193167 -0.305295 -0.305295 0.183176 -0.302462 -0.305295 0.183176 -0.305295 -0.294988 0.315916 -0.305295 -0.305295 0.345999 -0.293598 -0.305295 0.386705 -0.267924 -0.305295 0.131941 -0.264589 -0.305295 0.101764 -0.225776 -0.305295 0.390839 -0.264589 -0.305295 0.427411 -0.230151 -0.305295 0.100834 -0.223883 -0.305295 0.432985 -0.223883 -0.305295 0.0832246 -0.183177 -0.305295 0.462322 -0.183177 -0.305295 0.468117 -0.17242 -0.305295 0.0705763 -0.142471 -0.305295 0.483735 -0.142471 -0.305295 0.0618878 -0.101766 -0.305295 0.061058 -0.095907 -0.305295 0.061058 -0.101766 -0.301829 0.498433 -0.101766 -0.305295 0.0572169 -0.0610597 -0.305295 0.507448 -0.0610597 -0.305295 0.508823 -0.0482588 -0.305295 0.508823 -0.0610597 -0.282494 0.0550485 -0.0203538 -0.305295 0.512178 -0.0203538 -0.305295 0.0550485 0.0203521 -0.305295 0.512178 0.0203521 -0.305295 0.0572169 0.061058 -0.305295 0.507448 0.061058 -0.305295 0.508823 0.0482571 -0.305295 0.508823 0.061058 -0.282494 0.0618878 0.101764 -0.305295 0.061058 0.0959053 -0.305295 0.061058 0.101764 -0.301829 0.498433 0.101764 -0.305295 0.0705763 0.14247 -0.305295 0.483735 0.14247 -0.305295 0.0832246 0.183176 -0.305295 0.462322 0.183176 -0.305295 0.468117 0.172418 -0.305295 0.100834 0.223882 -0.305295 0.432985 0.223882 -0.305295 0.131941 0.264587 -0.305295 0.101764 0.225775 -0.305295 0.390839 0.264587 -0.305295 0.427411 0.230149 -0.305295 0.14247 0.276605 -0.305295 0.193167 0.305293 -0.305295 0.183176 0.302461 -0.305295 0.183176 0.305293 -0.294988 0.315916 0.305293 -0.305295 0.345999 0.293597 -0.305295 0.386705 0.267923 -0.305295 0.223882 0.314945 -0.305295 0.264587 0.316762 -0.305295 0.305293 0.309324 -0.305295 0.183176 -0.313878 -0.264589 0.223882 -0.324498 -0.264589 0.264587 -0.324999 -0.264589 0.305293 -0.316769 -0.264589 0.168656 -0.305295 -0.264589 0.14247 -0.290618 -0.264589 0.333312 -0.305295 -0.264589 0.345999 -0.299967 -0.264589 0.386705 -0.274129 -0.264589 0.118001 -0.264589 -0.264589 0.101764 -0.245501 -0.264589 0.398184 -0.264589 -0.264589 0.427411 -0.236116 -0.264589 0.0904866 -0.223883 -0.264589 0.438071 -0.223883 -0.264589 0.0734364 -0.183177 -0.264589 0.466036 -0.183177 -0.264589 0.468117 -0.179208 -0.264589 0.0613219 -0.142471 -0.264589 0.061058 -0.1413 -0.264589 0.061058 -0.142471 -0.2625 0.48702 -0.142471 -0.264589 0.0544438 -0.101766 -0.264589 0.501173 -0.101766 -0.264589 0.508823 -0.0660369 -0.264589 0.0502452 -0.0610597 -0.264589 0.509995 -0.0610597 -0.264589 0.0482498 -0.0203538 -0.264589 0.514816 -0.0203538 -0.264589 0.0482498 0.0203521 -0.264589 0.514816 0.0203521 -0.264589 0.0502452 0.061058 -0.264589 0.509995 0.061058 -0.264589 0.0544438 0.101764 -0.264589 0.501173 0.101764 -0.264589 0.508823 0.0660352 -0.264589 0.0613219 0.14247 -0.264589 0.061058 0.141298 -0.264589 0.061058 0.14247 -0.2625 0.48702 0.14247 -0.264589 0.0734364 0.183176 -0.264589 0.466036 0.183176 -0.264589 0.468117 0.179206 -0.264589 0.0904866 0.223882 -0.264589 0.438071 0.223882 -0.264589 0.118001 0.264587 -0.264589 0.101764 0.245499 -0.264589 0.398184 0.264587 -0.264589 0.427411 0.236114 -0.264589 0.168656 0.305293 -0.264589 0.14247 0.290616 -0.264589 0.333312 0.305293 -0.264589 0.345999 0.299965 -0.264589 0.386705 0.274128 -0.264589 0.183176 0.313876 -0.264589 0.223882 0.324496 -0.264589 0.264587 0.324998 -0.264589 0.305293 0.316768 -0.264589 0.183176 -0.316425 -0.223883 0.223882 -0.325351 -0.223883 0.264587 -0.324501 -0.223883 0.305293 -0.314954 -0.223883 0.162669 -0.305295 -0.223883 0.14247 -0.295106 -0.223883 0.327475 -0.305295 -0.223883 0.345999 -0.297017 -0.223883 0.386705 -0.269517 -0.223883 0.111913 -0.264589 -0.223883 0.101764 -0.253561 -0.223883 0.39249 -0.264589 -0.223883 0.427411 -0.229574 -0.223883 0.0854797 -0.223883 -0.223883 0.432286 -0.223883 -0.223883 0.0684138 -0.183177 -0.223883 0.061058 -0.159616 -0.223883 0.460634 -0.183177 -0.223883 0.468117 -0.168556 -0.223883 0.0572518 -0.142471 -0.223883 0.481391 -0.142471 -0.223883 0.0506566 -0.101766 -0.223883 0.495848 -0.101766 -0.223883 0.0466413 -0.0610597 -0.223883 0.504667 -0.0610597 -0.223883 0.508823 -0.0205339 -0.223883 0.508823 -0.0610597 -0.256874 0.0447426 -0.0203538 -0.223883 0.508844 -0.0203538 -0.223883 0.0447426 0.0203521 -0.223883 0.508844 0.0203521 -0.223883 0.0466413 0.061058 -0.223883 0.504667 0.061058 -0.223883 0.508823 0.0205323 -0.223883 0.508823 0.061058 -0.256874 0.0506566 0.101764 -0.223883 0.495848 0.101764 -0.223883 0.0572518 0.14247 -0.223883 0.481391 0.14247 -0.223883 0.0684138 0.183176 -0.223883 0.061058 0.159614 -0.223883 0.460634 0.183176 -0.223883 0.468117 0.168554 -0.223883 0.0854797 0.223882 -0.223883 0.432286 0.223882 -0.223883 0.111913 0.264587 -0.223883 0.101764 0.253559 -0.223883 0.39249 0.264587 -0.223883 0.427411 0.229572 -0.223883 0.162669 0.305293 -0.223883 0.14247 0.295104 -0.223883 0.327475 0.305293 -0.223883 0.345999 0.297015 -0.223883 0.386705 0.269515 -0.223883 0.183176 0.316423 -0.223883 0.223882 0.32535 -0.223883 0.264587 0.324499 -0.223883 0.305293 0.314952 -0.223883 0.183176 -0.308828 -0.183177 0.223882 -0.316427 -0.183177 0.264587 -0.313883 -0.183177 0.176148 -0.305295 -0.183177 0.14247 -0.289821 -0.183177 0.295014 -0.305295 -0.183177 0.305293 -0.302471 -0.183177 0.305293 -0.305295 -0.19314 0.345999 -0.282871 -0.183177 0.115815 -0.264589 -0.183177 0.101764 -0.250272 -0.183177 0.371536 -0.264589 -0.183177 0.386705 -0.252231 -0.183177 0.386705 -0.264589 -0.212439 0.0866989 -0.223883 -0.183177 0.414459 -0.223883 -0.183177 0.427411 -0.207181 -0.183177 0.427411 -0.223883 -0.213143 0.0688195 -0.183177 -0.183177 0.061058 -0.159077 -0.183177 0.444354 -0.183177 -0.183177 0.0572915 -0.142471 -0.183177 0.465222 -0.142471 -0.183177 0.468117 -0.134524 -0.183177 0.468117 -0.142471 -0.191156 0.0505838 -0.101766 -0.183177 0.48064 -0.101766 -0.183177 0.0465004 -0.0610597 -0.183177 0.490326 -0.0610597 -0.183177 0.0445552 -0.0203538 -0.183177 0.49491 -0.0203538 -0.183177 0.508823 -0.0203538 -0.223829 0.0445552 0.0203521 -0.183177 0.49491 0.0203521 -0.183177 0.508823 0.0203521 -0.223829 0.0465004 0.061058 -0.183177 0.490326 0.061058 -0.183177 0.0505838 0.101764 -0.183177 0.48064 0.101764 -0.183177 0.0572915 0.14247 -0.183177 0.465222 0.14247 -0.183177 0.468117 0.134522 -0.183177 0.468117 0.14247 -0.191156 0.0688195 0.183176 -0.183177 0.061058 0.159075 -0.183177 0.444354 0.183176 -0.183177 0.0866989 0.223882 -0.183177 0.414459 0.223882 -0.183177 0.427411 0.207179 -0.183177 0.427411 0.223882 -0.213143 0.115815 0.264587 -0.183177 0.101764 0.250271 -0.183177 0.371536 0.264587 -0.183177 0.386705 0.25223 -0.183177 0.386705 0.264587 -0.212439 0.176148 0.305293 -0.183177 0.14247 0.28982 -0.183177 0.295014 0.305293 -0.183177 0.305293 0.302469 -0.183177 0.305293 0.305293 -0.19314 0.345999 0.282869 -0.183177 0.183176 0.308826 -0.183177 0.223882 0.316425 -0.183177 0.264587 0.313881 -0.183177 0.14247 -0.271272 -0.142471 0.183176 -0.289822 -0.142471 0.183176 -0.305295 -0.176149 0.223882 -0.295108 -0.142471 0.223882 -0.305295 -0.162666 0.264587 -0.290623 -0.142471 0.264587 -0.305295 -0.168648 0.305293 -0.276616 -0.142471 0.135105 -0.264589 -0.142471 0.101764 -0.232217 -0.142471 0.326503 -0.264589 -0.142471 0.345999 -0.252538 -0.142471 0.345999 -0.264589 -0.158362 0.0968695 -0.223883 -0.142471 0.379046 -0.223883 -0.142471 0.386705 -0.215764 -0.142471 0.386705 -0.223883 -0.150846 0.076802 -0.183177 -0.142471 0.412882 -0.183177 -0.142471 0.427411 -0.158278 -0.142471 0.427411 -0.183177 -0.161296 0.0631048 -0.142471 -0.142471 0.061058 -0.13419 -0.142471 0.061058 -0.142471 -0.154274 0.436309 -0.142471 -0.142471 0.0552389 -0.101766 -0.142471 0.452729 -0.101766 -0.142471 0.468117 -0.101766 -0.165484 0.0504956 -0.0610597 -0.142471 0.462605 -0.0610597 -0.142471 0.468117 -0.0610597 -0.150998 0.0481134 -0.0203538 -0.142471 0.467238 -0.0203538 -0.142471 0.468117 -0.0203538 -0.143855 0.0481134 0.0203521 -0.142471 0.467238 0.0203521 -0.142471 0.468117 0.0203521 -0.143855 0.0504956 0.061058 -0.142471 0.462605 0.061058 -0.142471 0.468117 0.061058 -0.150998 0.0552389 0.101764 -0.142471 0.452729 0.101764 -0.142471 0.468117 0.101764 -0.165484 0.0631048 0.14247 -0.142471 0.061058 0.134188 -0.142471 0.061058 0.14247 -0.154274 0.436309 0.14247 -0.142471 0.076802 0.183176 -0.142471 0.412882 0.183176 -0.142471 0.427411 0.158276 -0.142471 0.427411 0.183176 -0.161296 0.0968695 0.223882 -0.142471 0.379046 0.223882 -0.142471 0.386705 0.215763 -0.142471 0.386705 0.223882 -0.150846 0.135105 0.264587 -0.142471 0.101764 0.232216 -0.142471 0.326503 0.264587 -0.142471 0.345999 0.252537 -0.142471 0.345999 0.264587 -0.158362 0.14247 0.27127 -0.142471 0.183176 0.289821 -0.142471 0.183176 0.305293 -0.176149 0.223882 0.295107 -0.142471 0.223882 0.305293 -0.162666 0.264587 0.290622 -0.142471 0.264587 0.305293 -0.168648 0.305293 0.276614 -0.142471 0.14247 -0.232218 -0.101766 0.14247 -0.264589 -0.135107 0.183176 -0.250274 -0.101766 0.183176 -0.264589 -0.115816 0.223882 -0.253564 -0.101766 0.223882 -0.264589 -0.111912 0.264587 -0.245506 -0.101766 0.264587 -0.264589 -0.117998 0.305293 -0.225786 -0.101766 0.305293 -0.264589 -0.131935 0.133704 -0.223883 -0.101766 0.101764 -0.188871 -0.101766 0.101764 -0.223883 -0.133706 0.30802 -0.223883 -0.101766 0.345999 -0.192826 -0.101766 0.345999 -0.223883 -0.120989 0.0988001 -0.183177 -0.101766 0.355076 -0.183177 -0.101766 0.386705 -0.183177 -0.122531 0.081628 -0.142471 -0.101766 0.384248 -0.142471 -0.101766 0.386705 -0.137612 -0.101766 0.386705 -0.142471 -0.103498 0.427411 -0.142471 -0.135026 0.0696939 -0.101766 -0.101766 0.061058 -0.0610608 -0.101766 0.061058 -0.101766 -0.12181 0.404067 -0.101766 -0.101766 0.427411 -0.101766 -0.120542 0.0610579 -0.0610597 -0.101766 0.415974 -0.0610597 -0.101766 0.427411 -0.0610597 -0.111268 0.0571094 -0.0203538 -0.101766 0.421519 -0.0203538 -0.101766 0.427411 -0.0203538 -0.106741 0.0571094 0.0203521 -0.101766 0.421519 0.0203521 -0.101766 0.427411 0.0203521 -0.106741 0.0610579 0.061058 -0.101766 0.415974 0.061058 -0.101766 0.427411 0.061058 -0.111268 0.0696939 0.101764 -0.101766 0.061058 0.0610592 -0.101766 0.061058 0.101764 -0.12181 0.404067 0.101764 -0.101766 0.427411 0.101764 -0.120542 0.081628 0.14247 -0.101766 0.384248 0.14247 -0.101766 0.386705 0.137611 -0.101766 0.386705 0.14247 -0.103498 0.427411 0.14247 -0.135026 0.0988001 0.183176 -0.101766 0.355076 0.183176 -0.101766 0.386705 0.183176 -0.122531 0.133704 0.223882 -0.101766 0.101764 0.188869 -0.101766 0.101764 0.223882 -0.133706 0.30802 0.223882 -0.101766 0.345999 0.192825 -0.101766 0.345999 0.223882 -0.120989 0.14247 0.232216 -0.101766 0.14247 0.264587 -0.135107 0.183176 0.250272 -0.101766 0.183176 0.264587 -0.115816 0.223882 0.253562 -0.101766 0.223882 0.264587 -0.111912 0.264587 0.245504 -0.101766 0.264587 0.264587 -0.117998 0.305293 0.225784 -0.101766 0.305293 0.264587 -0.131935 0.14247 -0.223883 -0.0968709 0.183176 -0.223883 -0.0866997 0.223882 -0.223883 -0.0854802 0.264587 -0.223883 -0.0904859 0.305293 -0.223883 -0.10083 0.101764 -0.183177 -0.0988017 0.14247 -0.183177 -0.0768034 0.183176 -0.159078 -0.0610597 0.183176 -0.183177 -0.0688207 0.223882 -0.159619 -0.0610597 0.223882 -0.183177 -0.0684145 0.264587 -0.183177 -0.0734363 0.305293 -0.183177 -0.0832229 0.345999 -0.183177 -0.0978382 0.101764 -0.142471 -0.0816298 0.154271 -0.142471 -0.0610597 0.14247 -0.13419 -0.0610597 0.14247 -0.142471 -0.0631063 0.262509 -0.142471 -0.0610597 0.264587 -0.141307 -0.0610597 0.264587 -0.142471 -0.0613221 0.305293 -0.142471 -0.0705752 0.345999 -0.142471 -0.0843178 0.121808 -0.101766 -0.0610597 0.101764 -0.061062 -0.0610597 0.101764 -0.101766 -0.0696955 0.301836 -0.101766 -0.0610597 0.305293 -0.0959222 -0.0610597 0.305293 -0.101766 -0.0618873 0.345999 -0.101766 -0.0749573 0.386705 -0.101766 -0.0928231 0.101763 -0.0610597 -0.0610597 0.061058 -0.0610597 -0.101765 0.321614 -0.0610597 -0.0610597 0.345999 -0.0610597 -0.0690732 0.386705 -0.0610597 -0.0863364 0.0926599 -0.0203538 -0.0610597 0.061058 -0.0203538 -0.0926616 0.330504 -0.0203538 -0.0610597 0.345999 -0.0203538 -0.0662355 0.386705 -0.0203538 -0.0831981 0.0926599 0.0203521 -0.0610597 0.061058 0.0203521 -0.0926616 0.330504 0.0203521 -0.0610597 0.345999 0.0203521 -0.0662355 0.386705 0.0203521 -0.0831981 0.101763 0.061058 -0.0610597 0.061058 0.061058 -0.101765 0.321614 0.061058 -0.0610597 0.345999 0.061058 -0.0690732 0.386705 0.061058 -0.0863364 0.121808 0.101764 -0.0610597 0.101764 0.0610603 -0.0610597 0.101764 0.101764 -0.0696955 0.301836 0.101764 -0.0610597 0.305293 0.0959204 -0.0610597 0.305293 0.101764 -0.0618873 0.345999 0.101764 -0.0749573 0.386705 0.101764 -0.0928231 0.101764 0.14247 -0.0816298 0.154271 0.14247 -0.0610597 0.14247 0.134189 -0.0610597 0.14247 0.14247 -0.0631063 0.262509 0.14247 -0.0610597 0.264587 0.141305 -0.0610597 0.264587 0.14247 -0.0613221 0.305293 0.14247 -0.0705752 0.345999 0.14247 -0.0843178 0.101764 0.183176 -0.0988017 0.14247 0.183176 -0.0768034 0.183176 0.159077 -0.0610597 0.183176 0.183176 -0.0688207 0.223882 0.159617 -0.0610597 0.223882 0.183176 -0.0684145 0.264587 0.183176 -0.0734363 0.305293 0.183176 -0.0832229 0.345999 0.183176 -0.0978382 0.14247 0.223882 -0.0968709 0.183176 0.223882 -0.0866997 0.223882 0.223882 -0.0854802 0.264587 0.223882 -0.0904859 0.305293 0.223882 -0.10083 0.183176 -0.142471 -0.0572928 0.223882 -0.142471 -0.0572528 0.14247 -0.101766 -0.0552406 0.183176 -0.101766 -0.0505853 0.223882 -0.101766 -0.0506577 0.264587 -0.101766 -0.0544445 0.101764 -0.0610597 -0.0610593 0.14247 -0.0610597 -0.0504973 0.183176 -0.0610597 -0.0465018 0.223882 -0.0610597 -0.0466425 0.264587 -0.0610597 -0.050246 0.305293 -0.0610597 -0.0572171 0.101764 -0.0203538 -0.0571111 0.14247 -0.0203538 -0.048115 0.183176 -0.0203538 -0.0445568 0.223882 -0.0203538 -0.0447438 0.264587 -0.0203538 -0.0482507 0.305293 -0.0203538 -0.0550488 0.101764 0.0203521 -0.0571111 0.14247 0.0203521 -0.048115 0.183176 0.0203521 -0.0445568 0.223882 0.0203521 -0.0447438 0.264587 0.0203521 -0.0482507 0.305293 0.0203521 -0.0550488 0.101764 0.061058 -0.0610593 0.14247 0.061058 -0.0504973 0.183176 0.061058 -0.0465018 0.223882 0.061058 -0.0466425 0.264587 0.061058 -0.050246 0.305293 0.061058 -0.0572171 0.14247 0.101764 -0.0552406 0.183176 0.101764 -0.0505853 0.223882 0.101764 -0.0506577 0.264587 0.101764 -0.0544445 0.183176 0.14247 -0.0572928 0.223882 0.14247 -0.0572528 -0.223883 -0.142471 0.0572512 -0.183177 -0.142471 0.0572911 -0.264589 -0.101766 0.0544428 -0.223883 -0.101766 0.0506561 -0.183177 -0.101766 0.0505836 -0.142471 -0.101766 0.0552388 -0.305295 -0.0610597 0.0572154 -0.264589 -0.0610597 0.0502443 -0.223883 -0.0610597 0.0466408 -0.183177 -0.0610597 0.0465001 -0.142471 -0.0610597 0.0504956 -0.101766 -0.0610597 0.0610576 -0.305295 -0.0203538 0.0550471 -0.264589 -0.0203538 0.0482491 -0.223883 -0.0203538 0.0447421 -0.183177 -0.0203538 0.0445551 -0.142471 -0.0203538 0.0481133 -0.101766 -0.0203538 0.0571094 -0.305295 0.0203521 0.0550471 -0.264589 0.0203521 0.0482491 -0.223883 0.0203521 0.0447421 -0.183177 0.0203521 0.0445551 -0.142471 0.0203521 0.0481133 -0.101766 0.0203521 0.0571094 -0.305295 0.061058 0.0572154 -0.264589 0.061058 0.0502443 -0.223883 0.061058 0.0466408 -0.183177 0.061058 0.0465001 -0.142471 0.061058 0.0504956 -0.101766 0.061058 0.0610576 -0.264589 0.101764 0.0544428 -0.223883 0.101764 0.0506561 -0.183177 0.101764 0.0505836 -0.142471 0.101764 0.0552388 -0.223883 0.14247 0.0572512 -0.183177 0.14247 0.0572911 -0.305295 -0.223883 0.100829 -0.264589 -0.223883 0.0904841 -0.223883 -0.223883 0.0854785 -0.183177 -0.223883 0.086698 -0.142471 -0.223883 0.0968692 -0.346001 -0.183177 0.0978366 -0.305295 -0.183177 0.0832212 -0.264589 -0.183177 0.0734345 -0.223883 -0.159619 0.061058 -0.223883 -0.183177 0.0684128 -0.183177 -0.159078 0.061058 -0.183177 -0.183177 0.068819 -0.142471 -0.183177 0.0768017 -0.101766 -0.183177 0.0988001 -0.346001 -0.142471 0.0843161 -0.305295 -0.142471 0.0705735 -0.262511 -0.142471 0.061058 -0.264589 -0.141307 0.061058 -0.264589 -0.142471 0.0613204 -0.154272 -0.142471 0.061058 -0.142471 -0.13419 0.061058 -0.142471 -0.142471 0.0631046 -0.101766 -0.142471 0.081628 -0.386707 -0.101766 0.0928214 -0.346001 -0.101766 0.0749556 -0.301838 -0.101766 0.061058 -0.305295 -0.0959222 0.061058 -0.305295 -0.101766 0.0618857 -0.12181 -0.101766 0.061058 -0.101766 -0.061062 0.061058 -0.101766 -0.101766 0.0696937 -0.386707 -0.0610597 0.0863346 -0.321616 -0.0610597 0.061058 -0.346001 -0.0610597 0.0690715 -0.101765 -0.0610597 0.061058 -0.0610597 -0.0610597 0.101763 -0.386707 -0.0203538 0.0831965 -0.330506 -0.0203538 0.061058 -0.346001 -0.0203538 0.0662338 -0.0926616 -0.0203538 0.061058 -0.0610597 -0.0203538 0.0926599 -0.386707 0.0203521 0.0831965 -0.330506 0.0203521 0.061058 -0.346001 0.0203521 0.0662338 -0.0926616 0.0203521 0.061058 -0.0610597 0.0203521 0.0926599 -0.386707 0.061058 0.0863346 -0.321616 0.061058 0.061058 -0.346001 0.061058 0.0690715 -0.101765 0.061058 0.061058 -0.0610597 0.061058 0.101763 -0.386707 0.101764 0.0928214 -0.346001 0.101764 0.0749556 -0.301838 0.101764 0.061058 -0.305295 0.0959204 0.061058 -0.305295 0.101764 0.0618857 -0.12181 0.101764 0.061058 -0.101766 0.0610603 0.061058 -0.101766 0.101764 0.0696937 -0.346001 0.14247 0.0843161 -0.305295 0.14247 0.0705735 -0.262511 0.14247 0.061058 -0.264589 0.141305 0.061058 -0.264589 0.14247 0.0613204 -0.154272 0.14247 0.061058 -0.142471 0.134189 0.061058 -0.142471 0.14247 0.0631046 -0.101766 0.14247 0.081628 -0.346001 0.183176 0.0978366 -0.305295 0.183176 0.0832212 -0.264589 0.183176 0.0734345 -0.223883 0.159617 0.061058 -0.223883 0.183176 0.0684128 -0.183177 0.159077 0.061058 -0.183177 0.183176 0.068819 -0.142471 0.183176 0.0768017 -0.101766 0.183176 0.0988001 -0.305295 0.223882 0.100829 -0.264589 0.223882 0.0904841 -0.223883 0.223882 0.0854785 -0.183177 0.223882 0.086698 -0.142471 0.223882 0.0968692 -0.305295 -0.225786 0.101764 -0.305295 -0.264589 0.131934 -0.264589 -0.245506 0.101764 -0.264589 -0.264589 0.117996 -0.223883 -0.253564 0.101764 -0.223883 -0.264589 0.11191 -0.183177 -0.250274 0.101764 -0.183177 -0.264589 0.115814 -0.142471 -0.232218 0.101764 -0.142471 -0.264589 0.135105 -0.308022 -0.223883 0.101764 -0.346001 -0.192826 0.101764 -0.346001 -0.223883 0.120987 -0.133706 -0.223883 0.101764 -0.101766 -0.188871 0.101764 -0.101766 -0.223883 0.133704 -0.355078 -0.183177 0.101764 -0.386707 -0.183177 0.122529 -0.0988017 -0.183177 0.101764 -0.427413 -0.142471 0.135024 -0.38425 -0.142471 0.101764 -0.386707 -0.137612 0.101764 -0.386707 -0.142471 0.103496 -0.0816298 -0.142471 0.101764 -0.404069 -0.101766 0.101764 -0.427413 -0.101766 0.120541 -0.0696957 -0.101766 0.101764 -0.0610597 -0.0610608 0.101764 -0.0610597 -0.101766 0.121809 -0.415975 -0.0610597 0.101764 -0.427413 -0.0610597 0.111266 -0.0610595 -0.0610597 0.101764 -0.421521 -0.0203538 0.101764 -0.427413 -0.0203538 0.106739 -0.0571111 -0.0203538 0.101764 -0.421521 0.0203521 0.101764 -0.427413 0.0203521 0.106739 -0.0571111 0.0203521 0.101764 -0.415975 0.061058 0.101764 -0.427413 0.061058 0.111266 -0.0610595 0.061058 0.101764 -0.404069 0.101764 0.101764 -0.427413 0.101764 0.120541 -0.0696957 0.101764 0.101764 -0.0610597 0.0610592 0.101764 -0.0610597 0.101764 0.121809 -0.427413 0.14247 0.135024 -0.38425 0.14247 0.101764 -0.386707 0.137611 0.101764 -0.386707 0.14247 0.103496 -0.0816298 0.14247 0.101764 -0.355078 0.183176 0.101764 -0.386707 0.183176 0.122529 -0.0988017 0.183176 0.101764 -0.308022 0.223882 0.101764 -0.346001 0.192825 0.101764 -0.346001 0.223882 0.120987 -0.133706 0.223882 0.101764 -0.101766 0.188869 0.101764 -0.101766 0.223882 0.133704 -0.305295 0.225784 0.101764 -0.305295 0.264587 0.131934 -0.264589 0.245504 0.101764 -0.264589 0.264587 0.117996 -0.223883 0.253562 0.101764 -0.223883 0.264587 0.11191 -0.183177 0.250272 0.101764 -0.183177 0.264587 0.115814 -0.142471 0.232216 0.101764 -0.142471 0.264587 0.135105 -0.305295 -0.276616 0.14247 -0.264589 -0.290623 0.14247 -0.264589 -0.305295 0.168647 -0.223883 -0.295108 0.14247 -0.223883 -0.305295 0.162665 -0.183177 -0.289822 0.14247 -0.183177 -0.305295 0.176147 -0.142471 -0.271272 0.14247 -0.326505 -0.264589 0.14247 -0.346001 -0.252538 0.14247 -0.346001 -0.264589 0.15836 -0.135107 -0.264589 0.14247 -0.101766 -0.232217 0.14247 -0.379048 -0.223883 0.14247 -0.386707 -0.215764 0.14247 -0.386707 -0.223883 0.150844 -0.0968712 -0.223883 0.14247 -0.412883 -0.183177 0.14247 -0.427413 -0.158278 0.14247 -0.427413 -0.183177 0.161294 -0.0768037 -0.183177 0.14247 -0.436311 -0.142471 0.14247 -0.0631065 -0.142471 0.14247 -0.0610597 -0.13419 0.14247 -0.0610597 -0.142471 0.154272 -0.452731 -0.101766 0.14247 -0.468119 -0.101766 0.165483 -0.0552406 -0.101766 0.14247 -0.462606 -0.0610597 0.14247 -0.468119 -0.0610597 0.150996 -0.0504974 -0.0610597 0.14247 -0.46724 -0.0203538 0.14247 -0.468119 -0.0203538 0.143853 -0.0481151 -0.0203538 0.14247 -0.46724 0.0203521 0.14247 -0.468119 0.0203521 0.143853 -0.0481151 0.0203521 0.14247 -0.462606 0.061058 0.14247 -0.468119 0.061058 0.150996 -0.0504974 0.061058 0.14247 -0.452731 0.101764 0.14247 -0.468119 0.101764 0.165483 -0.0552406 0.101764 0.14247 -0.436311 0.14247 0.14247 -0.0631065 0.14247 0.14247 -0.0610597 0.134188 0.14247 -0.0610597 0.14247 0.154272 -0.412883 0.183176 0.14247 -0.427413 0.158276 0.14247 -0.427413 0.183176 0.161294 -0.0768037 0.183176 0.14247 -0.379048 0.223882 0.14247 -0.386707 0.215763 0.14247 -0.386707 0.223882 0.150844 -0.0968712 0.223882 0.14247 -0.326505 0.264587 0.14247 -0.346001 0.252537 0.14247 -0.346001 0.264587 0.15836 -0.135107 0.264587 0.14247 -0.101766 0.232216 0.14247 -0.305295 0.276614 0.14247 -0.264589 0.290622 0.14247 -0.264589 0.305293 0.168647 -0.223883 0.295107 0.14247 -0.223883 0.305293 0.162665 -0.183177 0.289821 0.14247 -0.183177 0.305293 0.176147 -0.142471 0.27127 0.14247 -0.264589 -0.313883 0.183176 -0.223883 -0.316427 0.183176 -0.183177 -0.308828 0.183176 -0.346001 -0.282871 0.183176 -0.295016 -0.305295 0.183176 -0.305295 -0.302471 0.183176 -0.305295 -0.305295 0.193138 -0.176149 -0.305295 0.183176 -0.142471 -0.289821 0.183176 -0.371538 -0.264589 0.183176 -0.386707 -0.252231 0.183176 -0.386707 -0.264589 0.212437 -0.115817 -0.264589 0.183176 -0.101766 -0.250272 0.183176 -0.414461 -0.223883 0.183176 -0.427413 -0.207181 0.183176 -0.427413 -0.223883 0.213142 -0.0867006 -0.223883 0.183176 -0.444356 -0.183177 0.183176 -0.0688213 -0.183177 0.183176 -0.0610597 -0.159077 0.183176 -0.465224 -0.142471 0.183176 -0.468119 -0.134524 0.183176 -0.468119 -0.142471 0.191155 -0.0572932 -0.142471 0.183176 -0.480642 -0.101766 0.183176 -0.0505856 -0.101766 0.183176 -0.490327 -0.0610597 0.183176 -0.0465021 -0.0610597 0.183176 -0.494912 -0.0203538 0.183176 -0.508825 -0.0203538 0.223828 -0.0445569 -0.0203538 0.183176 -0.494912 0.0203521 0.183176 -0.508825 0.0203521 0.223828 -0.0445569 0.0203521 0.183176 -0.490327 0.061058 0.183176 -0.0465021 0.061058 0.183176 -0.480642 0.101764 0.183176 -0.0505856 0.101764 0.183176 -0.465224 0.14247 0.183176 -0.468119 0.134522 0.183176 -0.468119 0.14247 0.191155 -0.0572932 0.14247 0.183176 -0.444356 0.183176 0.183176 -0.0688213 0.183176 0.183176 -0.0610597 0.159075 0.183176 -0.414461 0.223882 0.183176 -0.427413 0.207179 0.183176 -0.427413 0.223882 0.213142 -0.0867006 0.223882 0.183176 -0.371538 0.264587 0.183176 -0.386707 0.25223 0.183176 -0.386707 0.264587 0.212437 -0.115817 0.264587 0.183176 -0.101766 0.250271 0.183176 -0.346001 0.282869 0.183176 -0.295016 0.305293 0.183176 -0.305295 0.302469 0.183176 -0.305295 0.305293 0.193138 -0.176149 0.305293 0.183176 -0.142471 0.28982 0.183176 -0.264589 0.313881 0.183176 -0.223883 0.316425 0.183176 -0.183177 0.308826 0.183176 -0.305295 -0.314954 0.223882 -0.264589 -0.324501 0.223882 -0.223883 -0.325351 0.223882 -0.183177 -0.316425 0.223882 -0.386707 -0.269517 0.223882 -0.327477 -0.305295 0.223882 -0.346001 -0.297017 0.223882 -0.162671 -0.305295 0.223882 -0.142471 -0.295106 0.223882 -0.392492 -0.264589 0.223882 -0.427413 -0.229574 0.223882 -0.111915 -0.264589 0.223882 -0.101766 -0.253561 0.223882 -0.432288 -0.223883 0.223882 -0.0854815 -0.223883 0.223882 -0.460636 -0.183177 0.223882 -0.468119 -0.168556 0.223882 -0.0684155 -0.183177 0.223882 -0.0610597 -0.159616 0.223882 -0.481393 -0.142471 0.223882 -0.0572535 -0.142471 0.223882 -0.49585 -0.101766 0.223882 -0.0506583 -0.101766 0.223882 -0.504668 -0.0610597 0.223882 -0.508825 -0.0205339 0.223882 -0.508825 -0.0610597 0.256872 -0.046643 -0.0610597 0.223882 -0.508846 -0.0203538 0.223882 -0.0447444 -0.0203538 0.223882 -0.508846 0.0203521 0.223882 -0.0447444 0.0203521 0.223882 -0.504668 0.061058 0.223882 -0.508825 0.0205323 0.223882 -0.508825 0.061058 0.256872 -0.046643 0.061058 0.223882 -0.49585 0.101764 0.223882 -0.0506583 0.101764 0.223882 -0.481393 0.14247 0.223882 -0.0572535 0.14247 0.223882 -0.460636 0.183176 0.223882 -0.468119 0.168554 0.223882 -0.0684155 0.183176 0.223882 -0.0610597 0.159614 0.223882 -0.432288 0.223882 0.223882 -0.0854815 0.223882 0.223882 -0.392492 0.264587 0.223882 -0.427413 0.229572 0.223882 -0.111915 0.264587 0.223882 -0.101766 0.253559 0.223882 -0.386707 0.269515 0.223882 -0.327477 0.305293 0.223882 -0.346001 0.297015 0.223882 -0.162671 0.305293 0.223882 -0.142471 0.295104 0.223882 -0.305295 0.314952 0.223882 -0.264589 0.324499 0.223882 -0.223883 0.32535 0.223882 -0.183177 0.316423 0.223882 -0.305295 -0.316769 0.264587 -0.264589 -0.324999 0.264587 -0.223883 -0.324498 0.264587 -0.183177 -0.313878 0.264587 -0.386707 -0.274129 0.264587 -0.333314 -0.305295 0.264587 -0.346001 -0.299967 0.264587 -0.168657 -0.305295 0.264587 -0.142471 -0.290618 0.264587 -0.398186 -0.264589 0.264587 -0.427413 -0.236116 0.264587 -0.118003 -0.264589 0.264587 -0.101766 -0.245501 0.264587 -0.438072 -0.223883 0.264587 -0.0904883 -0.223883 0.264587 -0.466038 -0.183177 0.264587 -0.468119 -0.179208 0.264587 -0.0734381 -0.183177 0.264587 -0.487022 -0.142471 0.264587 -0.0613236 -0.142471 0.264587 -0.0610597 -0.1413 0.264587 -0.0610597 -0.142471 0.262498 -0.501174 -0.101766 0.264587 -0.508825 -0.0660369 0.264587 -0.0544455 -0.101766 0.264587 -0.509997 -0.0610597 0.264587 -0.0502469 -0.0610597 0.264587 -0.514817 -0.0203538 0.264587 -0.0482515 -0.0203538 0.264587 -0.514817 0.0203521 0.264587 -0.0482515 0.0203521 0.264587 -0.509997 0.061058 0.264587 -0.0502469 0.061058 0.264587 -0.501174 0.101764 0.264587 -0.508825 0.0660352 0.264587 -0.0544455 0.101764 0.264587 -0.487022 0.14247 0.264587 -0.0613236 0.14247 0.264587 -0.0610597 0.141298 0.264587 -0.0610597 0.14247 0.262498 -0.466038 0.183176 0.264587 -0.468119 0.179206 0.264587 -0.0734381 0.183176 0.264587 -0.438072 0.223882 0.264587 -0.0904883 0.223882 0.264587 -0.398186 0.264587 0.264587 -0.427413 0.236114 0.264587 -0.118003 0.264587 0.264587 -0.101766 0.245499 0.264587 -0.386707 0.274128 0.264587 -0.333314 0.305293 0.264587 -0.346001 0.299965 0.264587 -0.168657 0.305293 0.264587 -0.142471 0.290616 0.264587 -0.305295 0.316768 0.264587 -0.264589 0.324998 0.264587 -0.223883 0.324496 0.264587 -0.183177 0.313876 0.264587 -0.305295 -0.309326 0.305293 -0.264589 -0.316764 0.305293 -0.223883 -0.314946 0.305293 -0.386707 -0.267924 0.305293 -0.315918 -0.305295 0.305293 -0.346001 -0.293598 0.305293 -0.193168 -0.305295 0.305293 -0.183177 -0.302462 0.305293 -0.183177 -0.305295 0.294987 -0.142471 -0.276606 0.305293 -0.39084 -0.264589 0.305293 -0.427413 -0.230151 0.305293 -0.131943 -0.264589 0.305293 -0.101766 -0.225776 0.305293 -0.432986 -0.223883 0.305293 -0.100835 -0.223883 0.305293 -0.462323 -0.183177 0.305293 -0.468119 -0.17242 0.305293 -0.0832263 -0.183177 0.305293 -0.483737 -0.142471 0.305293 -0.0705779 -0.142471 0.305293 -0.498435 -0.101766 0.305293 -0.0618895 -0.101766 0.305293 -0.0610597 -0.095907 0.305293 -0.0610597 -0.101766 0.301827 -0.50745 -0.0610597 0.305293 -0.508825 -0.0482588 0.305293 -0.508825 -0.0610597 0.282492 -0.0572187 -0.0610597 0.305293 -0.512179 -0.0203538 0.305293 -0.0550503 -0.0203538 0.305293 -0.512179 0.0203521 0.305293 -0.0550503 0.0203521 0.305293 -0.50745 0.061058 0.305293 -0.508825 0.0482571 0.305293 -0.508825 0.061058 0.282492 -0.0572187 0.061058 0.305293 -0.498435 0.101764 0.305293 -0.0618895 0.101764 0.305293 -0.0610597 0.0959053 0.305293 -0.0610597 0.101764 0.301827 -0.483737 0.14247 0.305293 -0.0705779 0.14247 0.305293 -0.462323 0.183176 0.305293 -0.468119 0.172418 0.305293 -0.0832263 0.183176 0.305293 -0.432986 0.223882 0.305293 -0.100835 0.223882 0.305293 -0.39084 0.264587 0.305293 -0.427413 0.230149 0.305293 -0.131943 0.264587 0.305293 -0.101766 0.225775 0.305293 -0.386707 0.267923 0.305293 -0.315918 0.305293 0.305293 -0.346001 0.293597 0.305293 -0.193168 0.305293 0.305293 -0.183177 0.302461 0.305293 -0.183177 0.305293 0.294987 -0.142471 0.276605 0.305293 -0.305295 0.309324 0.305293 -0.264589 0.316762 0.305293 -0.223883 0.314945 0.305293 -0.346001 -0.277796 0.345999 -0.305295 -0.29359 0.345999 -0.305295 -0.305295 0.315911 -0.264589 -0.299955 0.345999 -0.264589 -0.305295 0.333289 -0.223883 -0.297002 0.345999 -0.223883 -0.305295 0.327449 -0.183177 -0.282854 0.345999 -0.367647 -0.264589 0.345999 -0.386707 -0.251538 0.345999 -0.386707 -0.264589 0.314068 -0.158383 -0.264589 0.345999 -0.142471 -0.252523 0.345999 -0.142471 -0.264589 0.326482 -0.416745 -0.223883 0.345999 -0.427413 -0.211773 0.345999 -0.427413 -0.223883 0.320366 -0.120999 -0.223883 0.345999 -0.101766 -0.19281 0.345999 -0.101766 -0.223883 0.308006 -0.44908 -0.183177 0.345999 -0.468119 -0.148927 0.345999 -0.0978445 -0.183177 0.345999 -0.471539 -0.142471 0.345999 -0.0843229 -0.142471 0.345999 -0.487549 -0.101766 0.345999 -0.0749614 -0.101766 0.345999 -0.497411 -0.0610597 0.345999 -0.069077 -0.0610597 0.345999 -0.0610597 -0.0610597 0.321605 -0.502108 -0.0203538 0.345999 -0.508825 -0.0203538 0.318617 -0.0662389 -0.0203538 0.345999 -0.0610597 -0.0203538 0.330496 -0.502108 0.0203521 0.345999 -0.508825 0.0203521 0.318617 -0.0662389 0.0203521 0.345999 -0.0610597 0.0203521 0.330496 -0.497411 0.061058 0.345999 -0.069077 0.061058 0.345999 -0.0610597 0.061058 0.321605 -0.487549 0.101764 0.345999 -0.0749614 0.101764 0.345999 -0.471539 0.14247 0.345999 -0.0843229 0.14247 0.345999 -0.44908 0.183176 0.345999 -0.468119 0.148925 0.345999 -0.0978445 0.183176 0.345999 -0.416745 0.223882 0.345999 -0.427413 0.211772 0.345999 -0.427413 0.223882 0.320366 -0.120999 0.223882 0.345999 -0.101766 0.192809 0.345999 -0.101766 0.223882 0.308006 -0.367647 0.264587 0.345999 -0.386707 0.251536 0.345999 -0.386707 0.264587 0.314068 -0.158383 0.264587 0.345999 -0.142471 0.252521 0.345999 -0.142471 0.264587 0.326482 -0.346001 0.277794 0.345999 -0.305295 0.293588 0.345999 -0.305295 0.305293 0.315911 -0.264589 0.299954 0.345999 -0.264589 0.305293 0.333289 -0.223883 0.297 0.345999 -0.223883 0.305293 0.327449 -0.183177 0.282853 0.345999 -0.305295 -0.267904 0.386705 -0.264589 -0.274104 0.386705 -0.223883 -0.26949 0.386705 -0.314019 -0.264589 0.386705 -0.346001 -0.251525 0.386705 -0.346001 -0.264589 0.367635 -0.212502 -0.264589 0.386705 -0.183177 -0.252204 0.386705 -0.183177 -0.264589 0.371507 -0.386165 -0.223883 0.386705 -0.386707 -0.223441 0.386705 -0.386707 -0.223883 0.386164 -0.150874 -0.223883 0.386705 -0.142471 -0.215737 0.386705 -0.142471 -0.223883 0.379022 -0.424283 -0.183177 0.386705 -0.427413 -0.178764 0.386705 -0.427413 -0.183177 0.382281 -0.122546 -0.183177 0.386705 -0.101766 -0.183177 0.35506 -0.450031 -0.142471 0.386705 -0.468119 -0.142471 0.352967 -0.10351 -0.142471 0.386705 -0.101766 -0.137578 0.386705 -0.101766 -0.142471 0.384231 -0.467196 -0.101766 0.386705 -0.468119 -0.0983809 0.386705 -0.468119 -0.101766 0.385003 -0.0928311 -0.101766 0.386705 -0.478348 -0.0610597 0.386705 -0.0863436 -0.0610597 0.386705 -0.483704 -0.0203538 0.386705 -0.0832049 -0.0203538 0.386705 -0.483704 0.0203521 0.386705 -0.0832049 0.0203521 0.386705 -0.478348 0.061058 0.386705 -0.0863436 0.061058 0.386705 -0.467196 0.101764 0.386705 -0.468119 0.0983793 0.386705 -0.468119 0.101764 0.385003 -0.0928311 0.101764 0.386705 -0.450031 0.14247 0.386705 -0.468119 0.14247 0.352967 -0.10351 0.14247 0.386705 -0.101766 0.137576 0.386705 -0.101766 0.14247 0.384231 -0.424283 0.183176 0.386705 -0.427413 0.178762 0.386705 -0.427413 0.183176 0.382281 -0.122546 0.183176 0.386705 -0.101766 0.183176 0.35506 -0.386165 0.223882 0.386705 -0.386707 0.22344 0.386705 -0.386707 0.223882 0.386164 -0.150874 0.223882 0.386705 -0.142471 0.215735 0.386705 -0.142471 0.223882 0.379022 -0.314019 0.264587 0.386705 -0.346001 0.251523 0.386705 -0.346001 0.264587 0.367635 -0.212502 0.264587 0.386705 -0.183177 0.252202 0.386705 -0.183177 0.264587 0.371507 -0.305295 0.267902 0.386705 -0.264589 0.274103 0.386705 -0.223883 0.269488 0.386705 -0.305295 -0.230109 0.427411 -0.305295 -0.264589 0.390811 -0.264589 -0.23607 0.427411 -0.264589 -0.264589 0.398149 -0.223883 -0.229528 0.427411 -0.223883 -0.264589 0.392456 -0.320275 -0.223883 0.427411 -0.346001 -0.211736 0.427411 -0.346001 -0.223883 0.416715 -0.21323 -0.223883 0.427411 -0.183177 -0.207134 0.427411 -0.183177 -0.223883 0.414425 -0.382255 -0.183177 0.427411 -0.386707 -0.178738 0.427411 -0.386707 -0.183177 0.424265 -0.161337 -0.183177 0.427411 -0.142471 -0.158227 0.427411 -0.142471 -0.183177 0.412855 -0.414855 -0.142471 0.427411 -0.427413 -0.119267 0.427411 -0.427413 -0.142471 0.41486 -0.135049 -0.142471 0.427411 -0.435869 -0.101766 0.427411 -0.120562 -0.101766 0.427411 -0.101766 -0.101766 0.404048 -0.448598 -0.0610597 0.427411 -0.468119 -0.0610597 0.40195 -0.111286 -0.0610597 0.427411 -0.101766 -0.0610597 0.415955 -0.454659 -0.0203538 0.427411 -0.468119 -0.0203538 0.409878 -0.106758 -0.0203538 0.427411 -0.101766 -0.0203538 0.421501 -0.454659 0.0203521 0.427411 -0.468119 0.0203521 0.409878 -0.106758 0.0203521 0.427411 -0.101766 0.0203521 0.421501 -0.448598 0.061058 0.427411 -0.468119 0.061058 0.40195 -0.111286 0.061058 0.427411 -0.101766 0.061058 0.415955 -0.435869 0.101764 0.427411 -0.120562 0.101764 0.427411 -0.101766 0.101764 0.404048 -0.414855 0.14247 0.427411 -0.427413 0.119266 0.427411 -0.427413 0.14247 0.41486 -0.135049 0.14247 0.427411 -0.382255 0.183176 0.427411 -0.386707 0.178736 0.427411 -0.386707 0.183176 0.424265 -0.161337 0.183176 0.427411 -0.142471 0.158225 0.427411 -0.142471 0.183176 0.412855 -0.320275 0.223882 0.427411 -0.346001 0.211735 0.427411 -0.346001 0.223882 0.416715 -0.21323 0.223882 0.427411 -0.183177 0.207132 0.427411 -0.183177 0.223882 0.414425 -0.305295 0.230107 0.427411 -0.305295 0.264587 0.390811 -0.264589 0.236069 0.427411 -0.264589 0.264587 0.398149 -0.223883 0.229526 0.427411 -0.223883 0.264587 0.392456 -0.305295 -0.223883 0.432945 -0.264589 -0.223883 0.438027 -0.223883 -0.223883 0.432245 -0.346001 -0.148843 0.468117 -0.346001 -0.183177 0.449041 -0.305295 -0.172331 0.468117 -0.305295 -0.183177 0.462277 -0.264589 -0.179118 0.468117 -0.264589 -0.183177 0.46599 -0.223883 -0.168466 0.468117 -0.223883 -0.183177 0.460591 -0.183177 -0.183177 0.444316 -0.352882 -0.142471 0.468117 -0.386707 -0.142471 0.450001 -0.191264 -0.142471 0.468117 -0.183177 -0.134418 0.468117 -0.183177 -0.142471 0.465184 -0.142471 -0.142471 0.436279 -0.427413 -0.101766 0.435863 -0.384941 -0.101766 0.468117 -0.386707 -0.0982562 0.468117 -0.386707 -0.101766 0.46716 -0.165538 -0.101766 0.468117 -0.142471 -0.101766 0.452698 -0.401909 -0.0610597 0.468117 -0.427413 -0.0610597 0.448585 -0.151048 -0.0610597 0.468117 -0.142471 -0.0610597 0.462574 -0.409843 -0.0203538 0.468117 -0.427413 -0.0203538 0.454644 -0.143902 -0.0203538 0.468117 -0.142471 -0.0203538 0.467208 -0.409843 0.0203521 0.468117 -0.427413 0.0203521 0.454644 -0.143902 0.0203521 0.468117 -0.142471 0.0203521 0.467208 -0.401909 0.061058 0.468117 -0.427413 0.061058 0.448585 -0.151048 0.061058 0.468117 -0.142471 0.061058 0.462574 -0.427413 0.101764 0.435863 -0.384941 0.101764 0.468117 -0.386707 0.0982546 0.468117 -0.386707 0.101764 0.46716 -0.165538 0.101764 0.468117 -0.142471 0.101764 0.452698 -0.352882 0.14247 0.468117 -0.386707 0.14247 0.450001 -0.191264 0.14247 0.468117 -0.183177 0.134416 0.468117 -0.183177 0.14247 0.465184 -0.142471 0.14247 0.436279 -0.346001 0.148842 0.468117 -0.346001 0.183176 0.449041 -0.305295 0.17233 0.468117 -0.305295 0.183176 0.462277 -0.264589 0.179117 0.468117 -0.264589 0.183176 0.46599 -0.223883 0.168465 0.468117 -0.223883 0.183176 0.460591 -0.183177 0.183176 0.444316 -0.305295 0.223882 0.432945 -0.264589 0.223882 0.438027 -0.223883 0.223882 0.432245 -0.346001 -0.142471 0.471491 -0.305295 -0.142471 0.483682 -0.264589 -0.142471 0.486966 -0.223883 -0.142471 0.481341 -0.346001 -0.101766 0.487497 -0.305295 -0.101766 0.498378 -0.264589 -0.0657718 0.508823 -0.264589 -0.101766 0.501119 -0.223883 -0.101766 0.495798 -0.183177 -0.101766 0.480596 -0.386707 -0.0610597 0.478307 -0.346001 -0.0610597 0.497357 -0.281551 -0.0610597 0.508823 -0.305295 -0.0477388 0.508823 -0.305295 -0.0610597 0.507392 -0.257283 -0.0610597 0.508823 -0.223883 -0.0610597 0.504618 -0.183177 -0.0610597 0.490282 -0.386707 -0.0203538 0.483661 -0.318377 -0.0203538 0.508823 -0.346001 -0.0203538 0.502054 -0.224137 -0.0203538 0.508823 -0.223883 -0.0203538 0.508792 -0.183177 -0.0203538 0.494867 -0.386707 0.0203521 0.483661 -0.318377 0.0203521 0.508823 -0.346001 0.0203521 0.502054 -0.224137 0.0203521 0.508823 -0.223883 0.0203521 0.508792 -0.183177 0.0203521 0.494867 -0.386707 0.061058 0.478307 -0.346001 0.061058 0.497357 -0.281551 0.061058 0.508823 -0.305295 0.0477371 0.508823 -0.305295 0.061058 0.507392 -0.257283 0.061058 0.508823 -0.223883 0.061058 0.504618 -0.183177 0.061058 0.490282 -0.346001 0.101764 0.487497 -0.305295 0.101764 0.498378 -0.264589 0.0657701 0.508823 -0.264589 0.101764 0.501119 -0.223883 0.101764 0.495798 -0.183177 0.101764 0.480596 -0.346001 0.14247 0.471491 -0.305295 0.14247 0.483682 -0.264589 0.14247 0.486966 -0.223883 0.14247 0.481341 -0.264589 -0.0610597 0.509932 -0.305295 -0.0203538 0.512114 -0.264589 -0.0203538 0.514752 -0.305295 0.0203521 0.512114 -0.264589 0.0203521 0.514752 -0.264589 0.061058 0.509932"/>
     <Normal vector="-0.0402599 -0.162192 -0.985938 -0.0410578 -0.0539749 -0.997698 0.14513 -0.0546985 -0.987899 -0.0410578 0.0539749 -0.997698 0.14513 0.0546985 -0.987899 -0.0402599 0.162192 -0.985938 -0.231452 -0.377181 -0.896752 -0.0304459 -0.387591 -0.921328 0.15945 -0.392515 -0.905819 0.337171 -0.393539 -0.855244 -0.441655 -0.252959 -0.860786 -0.234867 -0.266346 -0.934825 -0.0400961 -0.174269 -0.983881 -0.0360754 -0.273273 -0.96126 0.152635 -0.277251 -0.948596 0.331255 -0.279188 -0.90129 -0.442689 -0.150697 -0.883921 -0.0772664 -0.161783 -0.983797 -0.237462 -0.158079 -0.958448 0.0347272 -0.163726 -0.985894 0.145968 -0.127938 -0.980982 0.14682 -0.164584 -0.975375 0.325747 -0.166282 -0.93072 0.493863 -0.166558 -0.853439 -0.443164 -0.0500087 -0.895044 -0.23771 -0.0523637 -0.969924 -0.238858 -0.0523497 -0.969642 0.198404 -0.0549149 -0.978581 0.322496 -0.0551701 -0.944962 0.491618 -0.0553905 -0.869048 -0.443164 0.0500087 -0.895044 -0.23771 0.0523637 -0.969924 -0.238858 0.0523497 -0.969642 0.198404 0.0549149 -0.978581 0.322496 0.0551701 -0.944962 0.491618 0.0553905 -0.869048 -0.442689 0.150697 -0.883921 -0.0772664 0.161783 -0.983797 -0.237462 0.158079 -0.958448 0.0347272 0.163726 -0.985894 0.145968 0.127938 -0.980982 0.14682 0.164584 -0.975375 0.325747 0.166282 -0.93072 0.493863 0.166558 -0.853439 -0.441655 0.252959 -0.860786 -0.234867 0.266346 -0.934825 -0.0400961 0.174269 -0.983881 -0.0360754 0.273273 -0.96126 0.152635 0.277251 -0.948596 0.331255 0.279188 -0.90129 -0.231452 0.377181 -0.896752 -0.0304459 0.387591 -0.921328 0.15945 0.392515 -0.905819 0.337171 0.393539 -0.855244 -0.217788 -0.614923 -0.757917 -0.0119436 -0.630711 -0.775926 0.182232 -0.636802 -0.749182 -0.436456 -0.470434 -0.766941 -0.229156 -0.446309 -0.865041 -0.226207 -0.492722 -0.840271 -0.0254296 -0.490645 -0.870989 -0.0242604 -0.504078 -0.863318 0.1645 -0.475901 -0.863978 0.168214 -0.511234 -0.842819 0.338475 -0.410365 -0.846779 0.351466 -0.515084 -0.781767 -0.645571 -0.327771 -0.689786 -0.400957 -0.36213 -0.841484 -0.440645 -0.33478 -0.832919 -0.439869 -0.357788 -0.823713 0.363354 -0.393961 -0.844256 0.511109 -0.395708 -0.763009 -0.534436 -0.244124 -0.809186 -0.646296 -0.231171 -0.727229 0.489714 -0.278713 -0.826135 0.497323 -0.268468 -0.824982 0.497966 -0.278684 -0.821197 0.664177 -0.279454 -0.693379 -0.60622 -0.140071 -0.782865 -0.646034 -0.137026 -0.750909 0.548782 -0.166655 -0.819185 0.658005 -0.166863 -0.734293 -0.639176 -0.0455163 -0.767712 -0.645657 -0.0453441 -0.76228 0.576988 -0.0554018 -0.814872 0.654031 -0.0554302 -0.754434 -0.639176 0.0455163 -0.767712 -0.645657 0.0453441 -0.76228 0.576988 0.0554018 -0.814872 0.654031 0.0554302 -0.754434 -0.60622 0.140071 -0.782865 -0.646034 0.137026 -0.750909 0.548782 0.166655 -0.819185 0.658005 0.166863 -0.734293 -0.534436 0.244124 -0.809186 -0.646296 0.231171 -0.727229 0.489714 0.278713 -0.826135 0.497323 0.268468 -0.824982 0.497966 0.278684 -0.821197 0.664177 0.279454 -0.693379 -0.645571 0.327771 -0.689786 -0.400957 0.36213 -0.841484 -0.440645 0.33478 -0.832919 -0.439869 0.357788 -0.823713 0.363354 0.393961 -0.844256 0.511109 0.395708 -0.763009 -0.436456 0.470434 -0.766941 -0.229156 0.44631 -0.865041 -0.226207 0.492722 -0.840271 -0.0254296 0.490645 -0.870988 -0.0242604 0.504078 -0.863318 0.1645 0.475901 -0.863978 0.168214 0.511234 -0.842819 0.338475 0.410365 -0.846779 0.351466 0.515084 -0.781767 -0.217788 0.614923 -0.757917 -0.0119436 0.630711 -0.775926 0.182232 0.636802 -0.749182 -0.216575 -0.629955 -0.745823 -0.203209 -0.749311 -0.630269 -0.00831586 -0.664917 -0.746871 0.00606642 -0.766126 -0.642661 0.184397 -0.653924 -0.733745 0.203974 -0.771626 -0.602485 -0.276047 -0.60959 -0.743101 -0.433905 -0.533656 -0.725905 -0.430572 -0.589604 -0.683356 0.246149 -0.638985 -0.728772 0.361187 -0.59809 -0.715425 0.368487 -0.640884 -0.673413 -0.55252 -0.450597 -0.701202 -0.645444 -0.363097 -0.671983 -0.644634 -0.431407 -0.631138 0.502093 -0.514413 -0.695185 0.521198 -0.499579 -0.691935 0.523548 -0.51434 -0.679229 -0.682446 -0.319908 -0.657211 0.619603 -0.395553 -0.67796 0.668171 -0.326527 -0.668527 0.677615 -0.395562 -0.619975 -0.750831 -0.213687 -0.624972 -0.829423 -0.196809 -0.522804 0.693032 -0.279459 -0.664537 -0.790209 -0.121817 -0.600608 -0.828627 -0.116703 -0.547501 0.733957 -0.166868 -0.658379 0.818842 -0.166676 -0.549288 -0.808029 -0.039512 -0.587817 -0.827819 -0.0386235 -0.559664 0.754107 -0.0554271 -0.654409 0.814508 -0.0554056 -0.5775 -0.808029 0.039512 -0.587817 -0.827819 0.0386235 -0.559664 0.754107 0.0554271 -0.654409 0.814508 0.0554056 -0.5775 -0.790209 0.121817 -0.600608 -0.828627 0.116703 -0.547501 0.733957 0.166868 -0.658379 0.818842 0.166676 -0.549288 -0.750831 0.213687 -0.624972 -0.829423 0.196809 -0.522804 0.693032 0.279459 -0.664537 -0.682446 0.319908 -0.657211 0.619603 0.395553 -0.67796 0.668171 0.326527 -0.668527 0.677615 0.395562 -0.619975 -0.55252 0.450597 -0.701202 -0.645444 0.363097 -0.671983 -0.644634 0.431407 -0.631138 0.502093 0.514413 -0.695185 0.521197 0.499579 -0.691935 0.523548 0.51434 -0.679229 -0.276047 0.60959 -0.743101 -0.433905 0.533656 -0.725905 -0.430572 0.589604 -0.683356 0.246149 0.638985 -0.728772 0.361187 0.59809 -0.715425 0.368487 0.640884 -0.673413 -0.216575 0.629955 -0.745823 -0.203209 0.749311 -0.630269 -0.00831583 0.664917 -0.746871 0.00606642 0.766126 -0.642661 0.184397 0.653924 -0.733745 0.203974 0.771626 -0.602485 -0.201229 -0.763247 -0.613971 0.0109015 -0.794276 -0.60746 0.2058 -0.780994 -0.589656 -0.266319 -0.74326 -0.613709 -0.423975 -0.673379 -0.605645 -0.418954 -0.722055 -0.550559 0.241543 -0.773181 -0.586386 0.384597 -0.726243 -0.569787 0.396732 -0.776435 -0.489644 -0.600599 -0.553076 -0.577397 -0.641982 -0.51538 -0.567664 -0.640982 -0.542771 -0.542717 0.542106 -0.639473 -0.545156 0.544466 -0.637814 -0.544748 0.544875 -0.639474 -0.542388 -0.741855 -0.403858 -0.535303 -0.830411 -0.370531 -0.416082 0.67899 -0.514368 -0.52383 0.691627 -0.499695 -0.521496 0.694864 -0.514446 -0.502504 -0.82248 -0.281712 -0.49413 -0.829327 -0.268098 -0.490245 -0.829446 -0.279589 -0.483579 0.76279 -0.39575 -0.511404 0.843974 -0.394042 -0.363923 -0.864176 -0.18686 -0.467209 0.821008 -0.278716 -0.49826 0.824662 -0.268861 -0.497641 0.825776 -0.278746 -0.490301 -0.887366 -0.106415 -0.448617 0.853252 -0.166589 -0.494176 -0.897814 -0.0345137 -0.43902 0.868868 -0.0554052 -0.491934 -0.897814 0.0345137 -0.43902 0.868868 0.0554052 -0.491934 -0.887366 0.106415 -0.448617 0.853252 0.166589 -0.494176 -0.864176 0.18686 -0.467209 0.821008 0.278716 -0.49826 0.824662 0.268861 -0.497641 0.825776 0.278746 -0.490301 -0.82248 0.281712 -0.49413 -0.829327 0.268098 -0.490245 -0.829446 0.279589 -0.483579 0.76279 0.39575 -0.511404 0.843974 0.394042 -0.363923 -0.741855 0.403858 -0.535303 -0.830411 0.370531 -0.416082 0.67899 0.514368 -0.52383 0.691627 0.499695 -0.521496 0.694864 0.514446 -0.502504 -0.600599 0.553076 -0.577397 -0.641982 0.51538 -0.567664 -0.640982 0.542771 -0.542717 0.542106 0.639473 -0.545156 0.544466 0.637814 -0.544748 0.544875 0.639474 -0.542388 -0.266319 0.74326 -0.613709 -0.423975 0.673379 -0.605645 -0.418954 0.722055 -0.550559 0.241543 0.773181 -0.586386 0.384597 0.726243 -0.569787 0.396732 0.776435 -0.489644 -0.201229 0.763247 -0.613971 0.0109015 0.794276 -0.60746 0.2058 0.780994 -0.589656 -0.410464 -0.780601 -0.471362 -0.182428 -0.864849 -0.467713 -0.172077 -0.905614 -0.387624 0.0325574 -0.891413 -0.452021 0.0406122 -0.918074 -0.394322 0.230043 -0.872055 -0.431973 0.247938 -0.922154 -0.296916 0.408365 -0.816275 -0.408575 -0.552905 -0.693827 -0.461411 -0.635847 -0.625797 -0.451749 -0.631315 -0.673882 -0.383828 0.489452 -0.776452 -0.396937 0.56954 -0.726323 -0.384811 0.586149 -0.773246 -0.24191 -0.746733 -0.509317 -0.42777 -0.830236 -0.389994 -0.398262 -0.82841 -0.473427 -0.299341 0.673256 -0.640933 -0.368689 0.715163 -0.598269 -0.361409 0.728506 -0.639071 -0.246712 -0.846056 -0.36295 -0.390458 0.781632 -0.515152 -0.351667 0.846539 -0.41067 -0.338707 -0.897041 -0.253763 -0.36183 0.855122 -0.393621 -0.337386 -0.9264 -0.165688 -0.338128 0.901199 -0.27925 -0.331452 -0.942227 -0.093258 -0.321731 -0.963813 -0.0866733 -0.252098 0.930646 -0.166322 -0.325936 -0.949135 -0.030076 -0.313431 -0.963129 -0.0286673 -0.26751 0.9449 -0.0551914 -0.322672 0.978353 -0.054934 -0.199519 -0.949135 0.030076 -0.313431 -0.963129 0.0286673 -0.26751 0.9449 0.0551914 -0.322672 0.978353 0.054934 -0.199519 -0.942227 0.093258 -0.321731 -0.963813 0.0866733 -0.252098 0.930646 0.166322 -0.325936 -0.9264 0.165688 -0.338128 0.901199 0.27925 -0.331452 -0.897041 0.253763 -0.36183 0.855122 0.393621 -0.337386 -0.846056 0.36295 -0.390458 0.781632 0.515152 -0.351667 0.846539 0.41067 -0.338707 -0.746733 0.509317 -0.42777 -0.830236 0.389994 -0.398262 -0.82841 0.473427 -0.299341 0.673256 0.640933 -0.368689 0.715163 0.598269 -0.361409 0.728506 0.639071 -0.246712 -0.552905 0.693827 -0.461411 -0.635847 0.625797 -0.451749 -0.631315 0.673882 -0.383828 0.489452 0.776452 -0.396937 0.56954 0.726323 -0.384811 0.586149 0.773246 -0.24191 -0.410464 0.780601 -0.471362 -0.182428 0.864849 -0.467713 -0.172077 0.905614 -0.387624 0.0325575 0.891413 -0.452021 0.0406122 0.918074 -0.394322 0.230043 0.872055 -0.431973 0.247938 0.922154 -0.296916 0.408365 0.816275 -0.408575 -0.159466 -0.939813 -0.302197 0.0577206 -0.958372 -0.279628 0.2536 -0.933434 -0.253749 -0.625488 -0.71175 -0.31965 -0.338052 -0.887101 -0.314282 -0.392067 -0.863534 -0.317162 -0.386569 -0.881663 -0.270619 0.296777 -0.92216 -0.248082 0.431783 -0.872111 -0.230185 0.589446 -0.781116 -0.205941 -0.683973 -0.657951 -0.315091 -0.828147 -0.477656 -0.293288 0.602361 -0.771689 -0.204101 0.733531 -0.654126 -0.18453 -0.832117 -0.471406 -0.292161 0.749083 -0.636886 -0.182345 -0.902383 -0.336324 -0.269427 0.842756 -0.511313 -0.168291 0.863759 -0.476263 -0.164604 -0.94137 -0.229963 -0.246861 0.905767 -0.392603 -0.15953 -0.962268 -0.14778 -0.228478 -0.964268 -0.137144 -0.226669 -0.964683 -0.1467 -0.218782 0.948571 -0.27731 -0.152686 -0.972512 -0.0831464 -0.217503 0.975362 -0.164621 -0.14686 0.980781 -0.129387 -0.14604 0.985717 -0.163831 -0.0390086 -0.976901 -0.0268302 -0.212 0.987891 -0.0547109 -0.145186 -0.976901 0.0268302 -0.212 0.987891 0.0547109 -0.145186 -0.972512 0.0831464 -0.217503 0.975362 0.164621 -0.14686 0.980781 0.129387 -0.14604 0.985717 0.163831 -0.0390086 -0.962268 0.14778 -0.228478 -0.964268 0.137144 -0.226669 -0.964683 0.1467 -0.218782 0.948571 0.27731 -0.152686 -0.94137 0.229963 -0.246861 0.905767 0.392603 -0.15953 -0.902383 0.336324 -0.269427 0.842756 0.511313 -0.168291 0.863759 0.476263 -0.164604 -0.832117 0.471406 -0.292161 0.749083 0.636886 -0.182345 -0.683973 0.657951 -0.315091 -0.828147 0.477656 -0.293288 0.602361 0.771689 -0.204101 0.733531 0.654126 -0.18453 -0.625488 0.71175 -0.31965 -0.338052 0.887101 -0.314282 -0.392067 0.863534 -0.317162 -0.386569 0.881663 -0.270619 0.296777 0.92216 -0.248082 0.431783 0.872111 -0.230185 0.589446 0.781115 -0.205941 -0.159466 0.939813 -0.302197 0.0577207 0.958372 -0.279628 0.2536 0.933434 -0.253749 -0.367864 -0.918682 -0.143873 -0.131348 -0.984589 -0.115469 0.0857158 -0.992617 -0.0858131 0.279497 -0.958404 -0.0578112 -0.458433 -0.875535 -0.152567 -0.610092 -0.774413 -0.167548 0.394265 -0.918096 -0.0406821 0.45185 -0.891497 -0.0326368 0.607276 -0.794416 -0.0109601 -0.747273 -0.64159 -0.173051 -0.82489 -0.537977 -0.173601 0.642583 -0.766192 -0.00610051 0.746678 -0.665134 0.00829057 -0.873766 -0.455803 -0.169636 0.775859 -0.630793 0.0119428 -0.934949 -0.317345 -0.158628 0.863279 -0.504143 0.0242864 0.870787 -0.491002 0.025434 -0.966198 -0.212731 -0.145627 -0.966844 -0.21 -0.145303 -0.967108 -0.212369 -0.140004 0.921295 -0.387667 0.0305001 -0.981184 -0.137175 -0.135875 0.961243 -0.273323 0.0361464 0.98375 -0.174997 0.0401563 -0.988718 -0.0765653 -0.12874 0.985928 -0.162234 0.0403319 -0.991848 -0.0245846 -0.125033 0.997694 -0.0539893 0.0411376 -0.991848 0.0245846 -0.125033 0.997694 0.0539893 0.0411376 -0.988718 0.0765653 -0.12874 0.985928 0.162234 0.0403319 -0.981184 0.137175 -0.135875 0.961243 0.273323 0.0361464 0.98375 0.174997 0.0401563 -0.966198 0.212731 -0.145627 -0.966844 0.21 -0.145303 -0.967108 0.212369 -0.140004 0.921295 0.387667 0.0305001 -0.934949 0.317345 -0.158628 0.863279 0.504143 0.0242864 0.870787 0.491002 0.025434 -0.873766 0.455803 -0.169636 0.775859 0.630793 0.0119428 -0.747273 0.64159 -0.173051 -0.82489 0.537977 -0.173601 0.642583 0.766192 -0.00610051 0.746678 0.665134 0.00829057 -0.458433 0.875535 -0.152567 -0.610092 0.774413 -0.167548 0.394265 0.918096 -0.0406821 0.45185 0.891497 -0.0326368 0.607276 0.794416 -0.0109601 -0.367864 0.918682 -0.143873 -0.131348 0.984589 -0.115469 0.0857158 0.992617 -0.0858131 0.279497 0.958404 -0.0578112 -0.334911 -0.940509 0.057249 -0.0974075 -0.990472 0.0973464 0.115381 -0.984606 0.131295 0.302075 -0.939858 0.159429 -0.465221 -0.884483 0.0354861 -0.585521 -0.810563 0.0123564 0.387594 -0.90563 0.172062 0.467563 -0.864935 0.182404 0.613809 -0.763374 0.201242 -0.764043 -0.644868 -0.0195695 -0.815049 -0.578649 -0.0293286 0.6302 -0.74936 0.20324 0.745652 -0.630139 0.216629 -0.889708 -0.454667 -0.041198 0.757849 -0.614982 0.217858 -0.949398 -0.310352 -0.0482178 -0.968893 -0.242626 -0.0487692 0.840218 -0.492764 0.226312 0.864854 -0.446619 0.229257 -0.97722 -0.20663 -0.0484212 0.896698 -0.377229 0.231585 -0.990207 -0.131638 -0.0465023 0.934777 -0.266378 0.235022 -0.996334 -0.0728733 -0.0448211 0.958404 -0.158091 0.237632 0.969574 -0.0528047 0.239037 0.983624 -0.161791 0.0794188 -0.998756 -0.0233098 -0.0440834 0.969599 -0.0523529 0.239033 -0.998756 0.0233098 -0.0440834 0.969599 0.0523529 0.239033 -0.996334 0.0728733 -0.0448211 0.958404 0.158091 0.237632 0.969574 0.0528047 0.239037 0.983624 0.161791 0.0794188 -0.990207 0.131638 -0.0465023 0.934777 0.266378 0.235022 -0.97722 0.20663 -0.0484212 0.896698 0.377229 0.231585 -0.949398 0.310352 -0.0482178 -0.968893 0.242626 -0.0487692 0.840218 0.492764 0.226312 0.864854 0.446619 0.229257 -0.889708 0.454667 -0.041198 0.757849 0.614982 0.217858 -0.764043 0.644868 -0.0195695 -0.815049 0.578649 -0.0293287 0.6302 0.74936 0.20324 0.745652 0.630139 0.216629 -0.465221 0.884483 0.0354861 -0.585521 0.810563 0.0123564 0.387594 0.90563 0.172062 0.467564 0.864935 0.182404 0.613809 0.763374 0.201242 -0.334911 0.940509 0.057249 -0.0974075 0.990472 0.0973464 0.115381 0.984606 0.131295 0.302075 0.939858 0.159429 -0.28926 -0.912511 0.289228 -0.0573044 -0.940515 0.334884 0.143799 -0.9187 0.367848 -0.334694 -0.89977 0.27999 -0.546622 -0.805926 0.22735 0.270647 -0.88165 0.386579 0.31706 -0.863572 0.392068 0.314185 -0.887078 0.338203 0.471234 -0.780665 0.410489 -0.715801 -0.675473 0.177104 -0.795059 -0.587968 0.14891 0.550516 -0.722059 0.419003 0.605493 -0.673482 0.424028 0.613544 -0.743259 0.266702 -0.872268 -0.474509 0.11828 0.683294 -0.589609 0.430663 0.725736 -0.533806 0.434003 0.7429 -0.609587 0.276592 -0.9435 -0.320502 0.0841728 -0.966304 -0.247348 0.0712345 0.766862 -0.470447 0.436581 -0.975327 -0.210917 0.0651948 0.823634 -0.357792 0.440014 0.832724 -0.33508 0.440785 0.841182 -0.362086 0.401629 -0.989531 -0.133796 0.0541041 0.860696 -0.252971 0.441824 -0.996207 -0.0742689 0.045338 0.88383 -0.150703 0.442868 -0.99893 -0.0238676 0.0396066 0.894954 -0.0500114 0.443347 0.969529 -0.0523506 0.239319 -0.99893 0.0238676 0.0396066 0.894954 0.0500114 0.443347 0.969529 0.0523506 0.239319 -0.996207 0.0742689 0.045338 0.88383 0.150703 0.442868 -0.989531 0.133796 0.0541041 0.860696 0.252971 0.441824 -0.975327 0.210917 0.0651948 0.823634 0.357792 0.440014 0.832724 0.33508 0.440785 0.841182 0.362086 0.401629 -0.9435 0.320502 0.0841728 -0.966304 0.247348 0.0712345 0.766862 0.470447 0.436581 -0.872268 0.474509 0.11828 0.683294 0.589609 0.430663 0.725736 0.533806 0.434003 0.7429 0.609587 0.276592 -0.715801 0.675473 0.177104 -0.795059 0.587968 0.14891 0.550516 0.722059 0.419003 0.605493 0.673482 0.424028 0.613544 0.743259 0.266702 -0.334694 0.89977 0.27999 -0.546622 0.805926 0.22735 0.270647 0.88165 0.386579 0.31706 0.863572 0.392068 0.314185 0.887078 0.338203 0.471234 0.780665 0.410489 -0.28926 0.912511 0.289228 -0.0573044 0.940515 0.334884 0.143799 0.9187 0.367848 -0.48043 -0.73375 0.480414 -0.227374 -0.805928 0.546609 -0.28002 -0.89977 0.334668 -0.0123981 -0.810567 0.585515 -0.0355314 -0.884475 0.465234 0.167486 -0.774423 0.610096 0.152502 -0.875521 0.458483 0.319573 -0.711768 0.625508 -0.530731 -0.708915 0.464504 -0.749504 -0.545839 0.37457 0.383802 -0.673865 0.63135 0.451641 -0.625834 0.635887 0.461283 -0.69379 0.553059 -0.779311 -0.513956 0.358502 0.542666 -0.542746 0.641047 0.567531 -0.515444 0.642048 0.577228 -0.553021 0.600813 -0.889939 -0.353884 0.287705 0.631061 -0.431391 0.644719 0.671829 -0.363209 0.645542 0.700984 -0.450552 0.552833 -0.943811 -0.232839 0.234536 -0.950777 -0.212645 0.225401 -0.957453 -0.226066 0.179384 0.68969 -0.327762 0.645677 -0.968363 -0.15138 0.198386 0.727128 -0.231162 0.646413 0.808913 -0.244096 0.534862 -0.98196 -0.0879129 0.167409 0.750804 -0.137017 0.646158 0.78258 -0.140047 0.606594 -0.988897 -0.0292667 0.145695 0.762172 -0.0453395 0.645785 0.767424 -0.0455061 0.639523 -0.988897 0.0292667 0.145695 0.762172 0.0453395 0.645785 0.767424 0.0455061 0.639523 -0.98196 0.0879129 0.167409 0.750804 0.137017 0.646158 0.78258 0.140047 0.606594 -0.968363 0.15138 0.198386 0.727128 0.231162 0.646413 0.808913 0.244096 0.534862 -0.943811 0.232839 0.234536 -0.950777 0.212645 0.225401 -0.957453 0.226066 0.179384 0.68969 0.327762 0.645677 -0.889939 0.353884 0.287705 0.631061 0.431391 0.644719 0.671829 0.363209 0.645542 0.700984 0.450552 0.552833 -0.779311 0.513956 0.358502 0.542666 0.542746 0.641047 0.567531 0.515444 0.642048 0.577228 0.553021 0.600813 -0.530731 0.708915 0.464504 -0.749504 0.545839 0.37457 0.383802 0.673865 0.63135 0.451641 0.625834 0.635887 0.461283 0.69379 0.553059 -0.48043 0.73375 0.480414 -0.227374 0.805928 0.546609 -0.28002 0.89977 0.334668 -0.0123981 0.810567 0.585515 -0.0355314 0.884475 0.465234 0.167486 0.774423 0.610096 0.152502 0.875521 0.458483 0.319573 0.711768 0.625508 -0.37458 -0.545839 0.7495 -0.46452 -0.708915 0.530718 -0.148927 -0.587968 0.795056 -0.177123 -0.675465 0.715804 0.029301 -0.578651 0.815049 0.0195403 -0.644854 0.764056 0.173561 -0.537979 0.824897 0.173005 -0.641567 0.747303 0.293235 -0.477664 0.828161 0.315014 -0.657924 0.684034 -0.431633 -0.524759 0.733703 -0.647201 -0.402822 0.647198 -0.73371 -0.52476 0.431621 0.299319 -0.473412 0.828426 0.398189 -0.390013 0.830262 0.427669 -0.509276 0.746818 -0.667514 -0.387193 0.636008 0.416038 -0.370516 0.83044 0.53516 -0.403817 0.741981 -0.782628 -0.275911 0.558002 0.483531 -0.279565 0.829482 0.49015 -0.268154 0.829365 0.494006 -0.281672 0.822569 0.657015 -0.319872 0.682651 -0.853927 -0.196059 0.482047 -0.90535 -0.131119 0.403918 -0.931587 -0.174391 0.318957 0.522735 -0.196796 0.829469 0.624783 -0.213657 0.750997 -0.905351 -0.131118 0.403916 0.547428 -0.116693 0.828677 0.600425 -0.121796 0.790351 -0.935444 -0.0480403 0.350196 0.55959 -0.0386196 0.82787 0.587643 -0.039505 0.808156 -0.935444 0.0480403 0.350196 0.55959 0.0386196 0.82787 0.587643 0.039505 0.808156 -0.905351 0.131118 0.403916 0.547428 0.116693 0.828677 0.600425 0.121796 0.790351 -0.853927 0.196059 0.482047 -0.90535 0.131119 0.403918 -0.931587 0.174391 0.318957 0.522735 0.196796 0.829469 0.624783 0.213657 0.750997 -0.782628 0.275911 0.558002 0.483531 0.279565 0.829482 0.49015 0.268154 0.829365 0.494006 0.281672 0.822569 0.657015 0.319872 0.682651 -0.667514 0.387193 0.636008 0.416038 0.370516 0.83044 0.53516 0.403817 0.741981 -0.431633 0.524759 0.733703 -0.647201 0.402822 0.647198 -0.73371 0.52476 0.431621 0.299319 0.473412 0.828426 0.398189 0.390013 0.830262 0.427669 0.509276 0.746818 -0.37458 0.545839 0.7495 -0.46452 0.708915 0.530718 -0.148927 0.587968 0.795056 -0.177123 0.675465 0.715804 0.029301 0.578651 0.815049 0.0195403 0.644854 0.764056 0.173561 0.537979 0.824897 0.173005 0.641567 0.747303 0.293235 0.477664 0.828161 0.315014 0.657924 0.684034 -0.35851 -0.513954 0.779308 -0.118289 -0.474505 0.872269 0.0411804 -0.454657 0.889714 0.169599 -0.455787 0.873782 0.292103 -0.471381 0.832151 -0.636011 -0.387193 0.667511 -0.28771 -0.353882 0.889939 -0.0712413 -0.247348 0.966304 -0.0841805 -0.320496 0.943502 0.0487565 -0.242628 0.968893 0.0482032 -0.310347 0.949401 0.158603 -0.317333 0.934957 0.269381 -0.336304 0.902404 0.390375 -0.362925 0.846105 -0.558004 -0.275912 0.782626 -0.179395 -0.226065 0.957451 -0.225405 -0.212646 0.950776 -0.23454 -0.232838 0.94381 0.140016 -0.212362 0.967108 0.145285 -0.210006 0.966845 0.145607 -0.212722 0.966203 0.246824 -0.229948 0.941383 0.361763 -0.253743 0.897074 -0.318962 -0.174392 0.931585 -0.40392 -0.131118 0.905349 -0.482048 -0.19606 0.853926 0.218777 -0.146694 0.964685 0.226644 -0.137163 0.964271 0.228447 -0.147771 0.962276 0.33807 -0.165675 0.926424 0.467102 -0.18684 0.864238 -0.403924 -0.131116 0.905347 -0.905349 -0.131118 0.40392 0.252082 -0.0866696 0.963817 0.321677 -0.0932498 0.942246 0.448519 -0.106403 0.887417 -0.448314 -0.0559816 0.892121 -0.892122 -0.0559834 0.448313 0.267494 -0.0286645 0.963133 0.313381 -0.0300712 0.949151 0.438924 -0.0345095 0.897861 -0.448314 0.0559816 0.892121 -0.892122 0.0559834 0.448313 0.267494 0.0286645 0.963133 0.313381 0.0300712 0.949151 0.438924 0.0345095 0.897861 -0.403924 0.131116 0.905347 -0.905349 0.131118 0.40392 0.252082 0.0866696 0.963817 0.321677 0.0932498 0.942246 0.448519 0.106403 0.887417 -0.318962 0.174392 0.931585 -0.40392 0.131118 0.905349 -0.482048 0.19606 0.853926 0.218777 0.146694 0.964685 0.226644 0.137163 0.964271 0.228447 0.147771 0.962276 0.33807 0.165675 0.926424 0.467102 0.18684 0.864238 -0.558004 0.275912 0.782626 -0.179395 0.226065 0.957451 -0.225405 0.212646 0.950776 -0.23454 0.232838 0.94381 0.140016 0.212362 0.967108 0.145285 0.210006 0.966845 0.145607 0.212722 0.966203 0.246824 0.229948 0.941383 0.361763 0.253743 0.897074 -0.636011 0.387193 0.667511 -0.28771 0.353882 0.889939 -0.0712413 0.247348 0.966304 -0.0841805 0.320496 0.943502 0.0487565 0.242628 0.968893 0.0482032 0.310347 0.949401 0.158603 0.317333 0.934957 0.269381 0.336304 0.902404 0.390375 0.362925 0.846105 -0.35851 0.513954 0.779308 -0.118289 0.474505 0.872269 0.0411804 0.454657 0.889714 0.169599 0.455787 0.873782 0.292103 0.471381 0.832151 -0.0652001 -0.210914 0.975328 0.0484101 -0.206626 0.977222 -0.198388 -0.15138 0.968363 -0.0541088 -0.133797 0.989531 0.0464937 -0.131635 0.990207 0.135859 -0.13717 0.981186 -0.403917 -0.131115 0.905351 -0.167412 -0.0879125 0.98196 -0.045342 -0.074268 0.996207 0.0448151 -0.072873 0.996334 0.128727 -0.0765633 0.98872 0.217476 -0.0831421 0.972518 -0.350198 -0.0480384 0.935443 -0.145698 -0.0292665 0.988896 -0.0396116 -0.0238665 0.99893 0.044076 -0.0233103 0.998756 0.125022 -0.0245843 0.991849 0.211976 -0.0268288 0.976907 -0.350198 0.0480384 0.935443 -0.145698 0.0292665 0.988896 -0.0396116 0.0238665 0.99893 0.044076 0.0233103 0.998756 0.125022 0.0245843 0.991849 0.211976 0.0268288 0.976907 -0.403917 0.131115 0.905351 -0.167412 0.0879125 0.98196 -0.045342 0.074268 0.996207 0.0448151 0.072873 0.996334 0.128727 0.0765633 0.98872 0.217476 0.0831421 0.972518 -0.198388 0.15138 0.968363 -0.0541088 0.133797 0.989531 0.0464937 0.131635 0.990207 0.135859 0.13717 0.981186 -0.0652001 0.210914 0.975328 0.0484101 0.206626 0.977222 -0.0484101 -0.206626 -0.977222 0.0652001 -0.210914 -0.975328 -0.135859 -0.13717 -0.981186 -0.0464937 -0.131635 -0.990207 0.0541088 -0.133797 -0.989531 0.198388 -0.15138 -0.968363 -0.217476 -0.0831421 -0.972518 -0.128727 -0.0765633 -0.98872 -0.0448151 -0.072873 -0.996334 0.045342 -0.074268 -0.996207 0.167412 -0.0879125 -0.98196 0.403917 -0.131115 -0.905351 -0.211976 -0.0268288 -0.976907 -0.125022 -0.0245843 -0.991849 -0.044076 -0.0233103 -0.998756 0.0396116 -0.0238665 -0.99893 0.145698 -0.0292665 -0.988896 0.350198 -0.0480384 -0.935443 -0.211976 0.0268288 -0.976907 -0.125022 0.0245843 -0.991849 -0.044076 0.0233103 -0.998756 0.0396116 0.0238665 -0.99893 0.145698 0.0292665 -0.988896 0.350198 0.0480384 -0.935443 -0.217476 0.0831421 -0.972518 -0.128727 0.0765633 -0.98872 -0.0448151 0.072873 -0.996334 0.045342 0.074268 -0.996207 0.167412 0.0879125 -0.98196 0.403917 0.131115 -0.905351 -0.135859 0.13717 -0.981186 -0.0464937 0.131635 -0.990207 0.0541088 0.133797 -0.989531 0.198388 0.15138 -0.968363 -0.0484101 0.206626 -0.977222 0.0652001 0.210914 -0.975328 -0.292103 -0.471381 -0.832151 -0.169599 -0.455787 -0.873782 -0.0411804 -0.454657 -0.889714 0.118289 -0.474505 -0.872269 0.35851 -0.513954 -0.779308 -0.390375 -0.362925 -0.846105 -0.269381 -0.336304 -0.902404 -0.158603 -0.317333 -0.934957 -0.0487565 -0.242628 -0.968893 -0.0482032 -0.310347 -0.949401 0.0712413 -0.247348 -0.966304 0.0841805 -0.320496 -0.943502 0.28771 -0.353882 -0.889939 0.636011 -0.387193 -0.667511 -0.361763 -0.253743 -0.897074 -0.246824 -0.229948 -0.941383 -0.140016 -0.212362 -0.967108 -0.145285 -0.210006 -0.966845 -0.145607 -0.212722 -0.966203 0.179395 -0.226065 -0.957451 0.225405 -0.212646 -0.950776 0.23454 -0.232838 -0.94381 0.558004 -0.275912 -0.782626 -0.467102 -0.18684 -0.864238 -0.33807 -0.165675 -0.926424 -0.218777 -0.146694 -0.964685 -0.226644 -0.137163 -0.964271 -0.228447 -0.147771 -0.962276 0.318962 -0.174392 -0.931585 0.40392 -0.131118 -0.905349 0.482048 -0.19606 -0.853926 -0.448519 -0.106403 -0.887417 -0.252082 -0.0866696 -0.963817 -0.321677 -0.0932498 -0.942246 0.403924 -0.131116 -0.905347 0.905349 -0.131118 -0.40392 -0.438924 -0.0345095 -0.897861 -0.267494 -0.0286645 -0.963133 -0.313381 -0.0300712 -0.949151 0.448314 -0.0559816 -0.892121 0.892122 -0.0559834 -0.448313 -0.438924 0.0345095 -0.897861 -0.267494 0.0286645 -0.963133 -0.313381 0.0300712 -0.949151 0.448314 0.0559816 -0.892121 0.892122 0.0559834 -0.448313 -0.448519 0.106403 -0.887417 -0.252082 0.0866696 -0.963817 -0.321677 0.0932498 -0.942246 0.403924 0.131116 -0.905347 0.905349 0.131118 -0.40392 -0.467102 0.18684 -0.864238 -0.33807 0.165675 -0.926424 -0.218777 0.146694 -0.964685 -0.226644 0.137163 -0.964271 -0.228447 0.147771 -0.962276 0.318962 0.174392 -0.931585 0.40392 0.131118 -0.905349 0.482048 0.19606 -0.853926 -0.361763 0.253743 -0.897074 -0.246824 0.229948 -0.941383 -0.140016 0.212362 -0.967108 -0.145285 0.210006 -0.966845 -0.145607 0.212722 -0.966203 0.179395 0.226065 -0.957451 0.225405 0.212646 -0.950776 0.23454 0.232838 -0.94381 0.558004 0.275912 -0.782626 -0.390375 0.362925 -0.846105 -0.269381 0.336304 -0.902404 -0.158603 0.317333 -0.934957 -0.0487565 0.242628 -0.968893 -0.0482032 0.310347 -0.949401 0.0712413 0.247348 -0.966304 0.0841805 0.320496 -0.943502 0.28771 0.353882 -0.889939 0.636011 0.387193 -0.667511 -0.292103 0.471381 -0.832151 -0.169599 0.455787 -0.873782 -0.0411804 0.454657 -0.889714 0.118289 0.474505 -0.872269 0.35851 0.513954 -0.779308 -0.293235 -0.477664 -0.828161 -0.315014 -0.657924 -0.684034 -0.173561 -0.537979 -0.824897 -0.173005 -0.641567 -0.747303 -0.029301 -0.578651 -0.815049 -0.0195403 -0.644854 -0.764056 0.148927 -0.587968 -0.795056 0.177123 -0.675465 -0.715804 0.37458 -0.545839 -0.7495 0.46452 -0.708915 -0.530718 -0.299319 -0.473412 -0.828426 -0.398189 -0.390013 -0.830262 -0.427669 -0.509276 -0.746818 0.431633 -0.524759 -0.733703 0.647201 -0.402822 -0.647198 0.73371 -0.52476 -0.431621 -0.416038 -0.370516 -0.83044 -0.53516 -0.403817 -0.741981 0.667514 -0.387193 -0.636008 -0.657015 -0.319872 -0.682651 -0.483531 -0.279565 -0.829482 -0.49015 -0.268154 -0.829365 -0.494006 -0.281672 -0.822569 0.782628 -0.275911 -0.558002 -0.522735 -0.196796 -0.829469 -0.624783 -0.213657 -0.750997 0.853927 -0.196059 -0.482047 0.90535 -0.131119 -0.403918 0.931587 -0.174391 -0.318957 -0.547428 -0.116693 -0.828677 -0.600425 -0.121796 -0.790351 0.905351 -0.131118 -0.403916 -0.55959 -0.0386196 -0.82787 -0.587643 -0.039505 -0.808156 0.935444 -0.0480403 -0.350196 -0.55959 0.0386196 -0.82787 -0.587643 0.039505 -0.808156 0.935444 0.0480403 -0.350196 -0.547428 0.116693 -0.828677 -0.600425 0.121796 -0.790351 0.905351 0.131118 -0.403916 -0.522735 0.196796 -0.829469 -0.624783 0.213657 -0.750997 0.853927 0.196059 -0.482047 0.90535 0.131119 -0.403918 0.931587 0.174391 -0.318957 -0.657015 0.319872 -0.682651 -0.483531 0.279565 -0.829482 -0.49015 0.268154 -0.829365 -0.494006 0.281672 -0.822569 0.782628 0.275911 -0.558002 -0.416038 0.370516 -0.83044 -0.53516 0.403817 -0.741981 0.667514 0.387193 -0.636008 -0.299319 0.473412 -0.828426 -0.398189 0.390013 -0.830262 -0.427669 0.509276 -0.746818 0.431633 0.524759 -0.733703 0.647201 0.402822 -0.647198 0.73371 0.52476 -0.431621 -0.293235 0.477664 -0.828161 -0.315014 0.657924 -0.684034 -0.173561 0.537979 -0.824897 -0.173005 0.641567 -0.747303 -0.029301 0.578651 -0.815049 -0.0195403 0.644854 -0.764056 0.148927 0.587968 -0.795056 0.177123 0.675465 -0.715804 0.37458 0.545839 -0.7495 0.46452 0.708915 -0.530718 -0.319573 -0.711768 -0.625508 -0.167486 -0.774423 -0.610096 -0.152502 -0.875521 -0.458482 0.0123981 -0.810567 -0.585515 0.0355314 -0.884475 -0.465234 0.227374 -0.805928 -0.546609 0.28002 -0.89977 -0.334668 0.48043 -0.73375 -0.480414 -0.383802 -0.673865 -0.63135 -0.451641 -0.625834 -0.635887 -0.461283 -0.69379 -0.553059 0.530731 -0.708915 -0.464504 0.749504 -0.545839 -0.37457 -0.542666 -0.542746 -0.641047 -0.567531 -0.515444 -0.642048 -0.577228 -0.553021 -0.600813 0.779311 -0.513956 -0.358502 -0.631061 -0.431391 -0.644719 -0.671829 -0.363209 -0.645542 -0.700984 -0.450552 -0.552833 0.889939 -0.353884 -0.287705 -0.68969 -0.327762 -0.645677 0.943811 -0.232839 -0.234536 0.950777 -0.212645 -0.225401 0.957453 -0.226066 -0.179383 -0.727128 -0.231162 -0.646413 -0.808913 -0.244096 -0.534862 0.968363 -0.15138 -0.198386 -0.750804 -0.137017 -0.646158 -0.78258 -0.140047 -0.606594 0.98196 -0.0879129 -0.167409 -0.762172 -0.0453395 -0.645785 -0.767424 -0.0455061 -0.639523 0.988897 -0.0292667 -0.145695 -0.762172 0.0453395 -0.645785 -0.767424 0.0455061 -0.639523 0.988897 0.0292667 -0.145695 -0.750804 0.137017 -0.646158 -0.78258 0.140047 -0.606594 0.98196 0.0879129 -0.167409 -0.727128 0.231162 -0.646413 -0.808913 0.244096 -0.534862 0.968363 0.15138 -0.198386 -0.68969 0.327762 -0.645677 0.943811 0.232839 -0.234536 0.950777 0.212645 -0.225401 0.957453 0.226066 -0.179383 -0.631061 0.431391 -0.644719 -0.671829 0.363209 -0.645542 -0.700984 0.450552 -0.552833 0.889939 0.353884 -0.287705 -0.542666 0.542746 -0.641047 -0.567531 0.515444 -0.642048 -0.577228 0.553021 -0.600813 0.779311 0.513956 -0.358502 -0.383802 0.673865 -0.63135 -0.451641 0.625834 -0.635887 -0.461283 0.69379 -0.553059 0.530731 0.708915 -0.464504 0.749504 0.545839 -0.37457 -0.319573 0.711768 -0.625508 -0.167486 0.774423 -0.610096 -0.152502 0.875521 -0.458482 0.0123981 0.810567 -0.585515 0.0355314 0.884475 -0.465234 0.227374 0.805928 -0.546609 0.28002 0.89977 -0.334668 0.48043 0.73375 -0.480414 -0.143799 -0.9187 -0.367848 0.0573044 -0.940515 -0.334884 0.28926 -0.912511 -0.289228 -0.471234 -0.780665 -0.410489 -0.270647 -0.88165 -0.386579 -0.31706 -0.863572 -0.392068 -0.314185 -0.887077 -0.338203 0.334695 -0.89977 -0.279989 0.546622 -0.805926 -0.22735 -0.550516 -0.722059 -0.419003 -0.605493 -0.673482 -0.424028 -0.613544 -0.743259 -0.266702 0.715801 -0.675473 -0.177104 0.795059 -0.587968 -0.14891 -0.683294 -0.589609 -0.430663 -0.725736 -0.533806 -0.434003 -0.7429 -0.609587 -0.276592 0.872268 -0.474509 -0.11828 -0.766862 -0.470447 -0.436581 0.9435 -0.320502 -0.0841728 0.966304 -0.247348 -0.0712345 -0.823634 -0.357792 -0.440014 -0.832724 -0.33508 -0.440785 -0.841183 -0.362086 -0.401629 0.975327 -0.210917 -0.0651948 -0.860696 -0.252971 -0.441824 0.989531 -0.133796 -0.0541041 -0.88383 -0.150703 -0.442868 0.996207 -0.0742689 -0.045338 -0.894954 -0.0500114 -0.443347 -0.969529 -0.0523506 -0.239319 0.99893 -0.0238676 -0.0396066 -0.894954 0.0500114 -0.443347 -0.969529 0.0523506 -0.239319 0.99893 0.0238676 -0.0396066 -0.88383 0.150703 -0.442868 0.996207 0.0742689 -0.045338 -0.860696 0.252971 -0.441824 0.989531 0.133796 -0.0541041 -0.823634 0.357792 -0.440014 -0.832724 0.33508 -0.440785 -0.841183 0.362086 -0.401629 0.975327 0.210917 -0.0651948 -0.766862 0.470447 -0.436581 0.9435 0.320502 -0.0841728 0.966304 0.247348 -0.0712345 -0.683294 0.589609 -0.430663 -0.725736 0.533806 -0.434003 -0.7429 0.609587 -0.276592 0.872268 0.474509 -0.11828 -0.550516 0.722059 -0.419003 -0.605493 0.673482 -0.424028 -0.613544 0.743259 -0.266702 0.715801 0.675473 -0.177104 0.795059 0.587968 -0.14891 -0.471234 0.780665 -0.410489 -0.270647 0.88165 -0.386579 -0.31706 0.863572 -0.392068 -0.314185 0.887077 -0.338203 0.334695 0.89977 -0.279989 0.546622 0.805926 -0.22735 -0.143799 0.9187 -0.367848 0.0573044 0.940515 -0.334884 0.28926 0.912511 -0.289228 -0.302075 -0.939858 -0.159429 -0.115381 -0.984606 -0.131295 0.0974075 -0.990472 -0.0973464 0.334911 -0.940509 -0.057249 -0.613809 -0.763374 -0.201242 -0.387594 -0.90563 -0.172062 -0.467563 -0.864935 -0.182404 0.465221 -0.884483 -0.0354861 0.585521 -0.810563 -0.0123564 -0.6302 -0.74936 -0.20324 -0.745652 -0.630139 -0.216629 0.764043 -0.644868 0.0195695 0.815049 -0.578649 0.0293286 -0.757849 -0.614982 -0.217858 0.889708 -0.454667 0.041198 -0.840218 -0.492764 -0.226312 -0.864854 -0.446619 -0.229257 0.949398 -0.310352 0.0482178 0.968893 -0.242626 0.0487692 -0.896698 -0.377229 -0.231585 0.97722 -0.20663 0.0484212 -0.934777 -0.266378 -0.235022 0.990207 -0.131638 0.0465023 -0.958404 -0.158091 -0.237632 -0.969574 -0.0528047 -0.239037 -0.983624 -0.161791 -0.079419 0.996334 -0.0728733 0.0448211 -0.969599 -0.0523529 -0.239033 0.998756 -0.0233098 0.0440834 -0.969599 0.0523529 -0.239033 0.998756 0.0233098 0.0440834 -0.958404 0.158091 -0.237632 -0.969574 0.0528047 -0.239037 -0.983624 0.161791 -0.079419 0.996334 0.0728733 0.0448211 -0.934777 0.266378 -0.235022 0.990207 0.131638 0.0465023 -0.896698 0.377229 -0.231585 0.97722 0.20663 0.0484212 -0.840218 0.492764 -0.226312 -0.864854 0.446619 -0.229257 0.949398 0.310352 0.0482178 0.968893 0.242626 0.0487692 -0.757849 0.614982 -0.217858 0.889708 0.454667 0.041198 -0.6302 0.74936 -0.20324 -0.745652 0.630139 -0.216629 0.764043 0.644868 0.0195695 0.815049 0.578649 0.0293287 -0.613809 0.763374 -0.201242 -0.387594 0.90563 -0.172062 -0.467564 0.864935 -0.182404 0.465221 0.884483 -0.0354861 0.585521 0.810563 -0.0123564 -0.302075 0.939858 -0.159429 -0.115381 0.984606 -0.131295 0.0974075 0.990472 -0.0973464 0.334911 0.940509 -0.057249 -0.279497 -0.958404 0.0578112 -0.0857158 -0.992617 0.0858131 0.131348 -0.984589 0.115469 0.367864 -0.918682 0.143873 -0.607276 -0.794416 0.0109601 -0.394265 -0.918096 0.0406822 -0.45185 -0.891497 0.0326368 0.458433 -0.875535 0.152567 0.610092 -0.774413 0.167548 -0.642583 -0.766192 0.00610051 -0.746678 -0.665134 -0.00829057 0.747273 -0.64159 0.173051 0.82489 -0.537977 0.173601 -0.775859 -0.630793 -0.0119428 0.873766 -0.455803 0.169636 -0.863279 -0.504143 -0.0242864 -0.870787 -0.491002 -0.025434 0.934949 -0.317345 0.158628 -0.921295 -0.387667 -0.0305 0.966198 -0.212731 0.145627 0.966844 -0.21 0.145303 0.967108 -0.212369 0.140004 -0.961243 -0.273323 -0.0361464 -0.98375 -0.174997 -0.0401563 0.981184 -0.137175 0.135875 -0.985928 -0.162234 -0.0403319 0.988718 -0.0765653 0.12874 -0.997694 -0.0539893 -0.0411377 0.991848 -0.0245846 0.125033 -0.997694 0.0539893 -0.0411377 0.991848 0.0245846 0.125033 -0.985928 0.162234 -0.0403319 0.988718 0.0765653 0.12874 -0.961243 0.273323 -0.0361464 -0.98375 0.174997 -0.0401563 0.981184 0.137175 0.135875 -0.921295 0.387667 -0.0305 0.966198 0.212731 0.145627 0.966844 0.21 0.145303 0.967108 0.212369 0.140004 -0.863279 0.504143 -0.0242864 -0.870787 0.491002 -0.025434 0.934949 0.317345 0.158628 -0.775859 0.630793 -0.0119428 0.873766 0.455803 0.169636 -0.642583 0.766192 0.00610051 -0.746678 0.665134 -0.00829057 0.747273 0.64159 0.173051 0.82489 0.537977 0.173601 -0.607276 0.794416 0.0109601 -0.394265 0.918096 0.0406822 -0.45185 0.891497 0.0326368 0.458433 0.875535 0.152567 0.610092 0.774413 0.167548 -0.279497 0.958404 0.0578112 -0.0857158 0.992617 0.0858131 0.131348 0.984589 0.115469 0.367864 0.918682 0.143873 -0.2536 -0.933434 0.253749 -0.0577206 -0.958372 0.279628 0.159466 -0.939813 0.302197 -0.589446 -0.781116 0.205941 -0.296777 -0.92216 0.248082 -0.431783 -0.872111 0.230185 0.338052 -0.887101 0.314282 0.392067 -0.863534 0.317162 0.386569 -0.881663 0.270619 0.625488 -0.71175 0.31965 -0.60236 -0.771689 0.204101 -0.733531 -0.654126 0.18453 0.683973 -0.657951 0.315091 0.828147 -0.477656 0.293288 -0.749083 -0.636886 0.182345 0.832117 -0.471406 0.292161 -0.842756 -0.511313 0.168291 -0.863759 -0.476263 0.164604 0.902383 -0.336324 0.269427 -0.905767 -0.392603 0.15953 0.94137 -0.229963 0.246861 -0.948571 -0.27731 0.152686 0.962268 -0.14778 0.228478 0.964268 -0.137144 0.226669 0.964683 -0.1467 0.218782 -0.975362 -0.164621 0.14686 -0.980781 -0.129387 0.14604 -0.985717 -0.163831 0.0390086 0.972512 -0.0831464 0.217503 -0.987891 -0.054711 0.145186 0.976901 -0.0268302 0.212 -0.987891 0.054711 0.145186 0.976901 0.0268302 0.212 -0.975362 0.164621 0.14686 -0.980781 0.129387 0.14604 -0.985717 0.163831 0.0390086 0.972512 0.0831464 0.217503 -0.948571 0.27731 0.152686 0.962268 0.14778 0.228478 0.964268 0.137144 0.226669 0.964683 0.1467 0.218782 -0.905767 0.392603 0.15953 0.94137 0.229963 0.246861 -0.842756 0.511313 0.168291 -0.863759 0.476263 0.164604 0.902383 0.336324 0.269427 -0.749083 0.636886 0.182345 0.832117 0.471406 0.292161 -0.60236 0.771689 0.204101 -0.733531 0.654126 0.18453 0.683973 0.657951 0.315091 0.828147 0.477656 0.293288 -0.589446 0.781115 0.205941 -0.296777 0.92216 0.248082 -0.431783 0.872111 0.230185 0.338052 0.887101 0.314282 0.392067 0.863534 0.317162 0.386569 0.881663 0.270619 0.625488 0.71175 0.31965 -0.2536 0.933434 0.253749 -0.0577207 0.958372 0.279628 0.159466 0.939813 0.302197 -0.408365 -0.816275 0.408575 -0.230043 -0.872055 0.431973 -0.247938 -0.922154 0.296916 -0.0325574 -0.891413 0.452021 -0.0406122 -0.918074 0.394323 0.182428 -0.864849 0.467713 0.172077 -0.905614 0.387624 0.410464 -0.780601 0.471362 -0.489452 -0.776452 0.396937 -0.56954 -0.726323 0.384811 -0.586149 -0.773246 0.24191 0.552905 -0.693827 0.461411 0.635847 -0.625797 0.451749 0.631315 -0.673882 0.383828 -0.673256 -0.640933 0.368689 -0.715163 -0.598269 0.361409 -0.728506 -0.639071 0.246712 0.746733 -0.509317 0.42777 0.830236 -0.389994 0.398262 0.82841 -0.473427 0.299341 -0.781632 -0.515152 0.351667 -0.846539 -0.41067 0.338707 0.846056 -0.36295 0.390458 -0.855122 -0.393621 0.337386 0.897041 -0.253763 0.36183 -0.901199 -0.27925 0.331452 0.9264 -0.165688 0.338128 -0.930646 -0.166322 0.325936 0.942227 -0.093258 0.321731 0.963813 -0.0866733 0.252098 -0.9449 -0.0551914 0.322673 -0.978353 -0.054934 0.199519 0.949135 -0.030076 0.313431 0.963129 -0.0286673 0.26751 -0.9449 0.0551914 0.322673 -0.978353 0.054934 0.199519 0.949135 0.030076 0.313431 0.963129 0.0286673 0.26751 -0.930646 0.166322 0.325936 0.942227 0.093258 0.321731 0.963813 0.0866733 0.252098 -0.901199 0.27925 0.331452 0.9264 0.165688 0.338128 -0.855122 0.393621 0.337386 0.897041 0.253763 0.36183 -0.781632 0.515152 0.351667 -0.846539 0.41067 0.338707 0.846056 0.36295 0.390458 -0.673256 0.640933 0.368689 -0.715163 0.598269 0.361409 -0.728506 0.639071 0.246712 0.746733 0.509317 0.42777 0.830236 0.389994 0.398262 0.82841 0.473427 0.299341 -0.489452 0.776452 0.396937 -0.56954 0.726323 0.384811 -0.586149 0.773246 0.24191 0.552905 0.693827 0.461411 0.635847 0.625797 0.451749 0.631315 0.673882 0.383828 -0.408365 0.816275 0.408575 -0.230043 0.872055 0.431973 -0.247938 0.922154 0.296916 -0.0325575 0.891413 0.452021 -0.0406122 0.918074 0.394323 0.182428 0.864849 0.467713 0.172077 0.905614 0.387624 0.410464 0.780601 0.471362 -0.2058 -0.780994 0.589656 -0.0109015 -0.794276 0.60746 0.201229 -0.763247 0.613971 -0.241543 -0.773181 0.586386 -0.384597 -0.726243 0.569787 -0.396732 -0.776435 0.489645 0.266319 -0.74326 0.613709 0.423975 -0.673379 0.605645 0.418954 -0.722055 0.550559 -0.542106 -0.639473 0.545156 -0.544466 -0.637814 0.544748 -0.544875 -0.639474 0.542388 0.600599 -0.553076 0.577397 0.641982 -0.51538 0.567664 0.640982 -0.542771 0.542717 -0.67899 -0.514368 0.52383 -0.691627 -0.499695 0.521496 -0.694864 -0.514446 0.502503 0.741855 -0.403858 0.535303 0.830411 -0.370531 0.416082 -0.76279 -0.39575 0.511404 -0.843974 -0.394042 0.363923 0.82248 -0.281712 0.49413 0.829327 -0.268098 0.490245 0.829446 -0.279589 0.483579 -0.821008 -0.278716 0.49826 -0.824662 -0.268861 0.497641 -0.825776 -0.278746 0.490301 0.864176 -0.18686 0.467209 -0.853252 -0.166589 0.494176 0.887366 -0.106415 0.448617 -0.868868 -0.0554052 0.491934 0.897814 -0.0345137 0.43902 -0.868868 0.0554052 0.491934 0.897814 0.0345137 0.43902 -0.853252 0.166589 0.494176 0.887366 0.106415 0.448617 -0.821008 0.278716 0.49826 -0.824662 0.268861 0.497641 -0.825776 0.278746 0.490301 0.864176 0.18686 0.467209 -0.76279 0.39575 0.511404 -0.843974 0.394042 0.363923 0.82248 0.281712 0.49413 0.829327 0.268098 0.490245 0.829446 0.279589 0.483579 -0.67899 0.514368 0.52383 -0.691627 0.499695 0.521496 -0.694864 0.514446 0.502503 0.741855 0.403858 0.535303 0.830411 0.370531 0.416082 -0.542106 0.639473 0.545156 -0.544466 0.637814 0.544748 -0.544875 0.639474 0.542388 0.600599 0.553076 0.577397 0.641982 0.51538 0.567664 0.640982 0.542771 0.542717 -0.241543 0.773181 0.586386 -0.384597 0.726243 0.569787 -0.396732 0.776435 0.489645 0.266319 0.74326 0.613709 0.423975 0.673379 0.605645 0.418954 0.722055 0.550559 -0.2058 0.780994 0.589656 -0.0109015 0.794276 0.60746 0.201229 0.763247 0.613971 -0.184397 -0.653924 0.733745 -0.203974 -0.771626 0.602485 0.00831586 -0.664917 0.746871 -0.00606638 -0.766126 0.642661 0.216575 -0.629955 0.745823 0.203209 -0.749311 0.630269 -0.246149 -0.638985 0.728772 -0.361187 -0.59809 0.715425 -0.368487 -0.640884 0.673413 0.276047 -0.60959 0.743101 0.433905 -0.533656 0.725905 0.430572 -0.589604 0.683356 -0.502093 -0.514413 0.695185 -0.521198 -0.499579 0.691935 -0.523548 -0.51434 0.679229 0.55252 -0.450597 0.701202 0.645444 -0.363097 0.671983 0.644634 -0.431407 0.631138 -0.619603 -0.395553 0.67796 -0.668171 -0.326527 0.668527 -0.677615 -0.395562 0.619975 0.682446 -0.319908 0.657211 -0.693032 -0.279459 0.664537 0.750831 -0.213687 0.624972 0.829423 -0.196809 0.522804 -0.733957 -0.166868 0.658379 -0.818842 -0.166676 0.549288 0.790209 -0.121817 0.600608 0.828627 -0.116703 0.547501 -0.754107 -0.0554271 0.654409 -0.814508 -0.0554056 0.5775 0.808029 -0.039512 0.587817 0.827819 -0.0386235 0.559664 -0.754107 0.0554271 0.654409 -0.814508 0.0554056 0.5775 0.808029 0.039512 0.587817 0.827819 0.0386235 0.559664 -0.733957 0.166868 0.658379 -0.818842 0.166676 0.549288 0.790209 0.121817 0.600608 0.828627 0.116703 0.547501 -0.693032 0.279459 0.664537 0.750831 0.213687 0.624972 0.829423 0.196809 0.522804 -0.619603 0.395553 0.67796 -0.668171 0.326527 0.668527 -0.677615 0.395562 0.619975 0.682446 0.319908 0.657211 -0.502093 0.514413 0.695185 -0.521197 0.499579 0.691935 -0.523548 0.51434 0.679229 0.55252 0.450597 0.701202 0.645444 0.363097 0.671983 0.644634 0.431407 0.631138 -0.246149 0.638985 0.728772 -0.361187 0.59809 0.715425 -0.368487 0.640884 0.673413 0.276047 0.60959 0.743101 0.433905 0.533656 0.725905 0.430572 0.589604 0.683356 -0.184397 0.653924 0.733745 -0.203974 0.771626 0.602485 0.00831583 0.664917 0.746871 -0.00606638 0.766126 0.642661 0.216575 0.629955 0.745823 0.203209 0.749311 0.630269 -0.182232 -0.636802 0.749182 0.0119437 -0.630711 0.775926 0.217788 -0.614923 0.757917 -0.338475 -0.410365 0.846779 -0.351466 -0.515084 0.781767 -0.1645 -0.475901 0.863978 -0.168214 -0.511234 0.842819 0.0254296 -0.490645 0.870989 0.0242604 -0.504078 0.863318 0.229156 -0.446309 0.865041 0.226207 -0.492722 0.840271 0.436456 -0.470434 0.766941 -0.363354 -0.393961 0.844256 -0.511109 -0.395708 0.763009 0.400957 -0.36213 0.841484 0.440645 -0.33478 0.832919 0.439869 -0.357788 0.823713 0.645571 -0.327771 0.689786 -0.664177 -0.279454 0.693379 -0.489714 -0.278713 0.826135 -0.497323 -0.268468 0.824982 -0.497966 -0.278684 0.821197 0.534436 -0.244124 0.809186 0.646296 -0.231171 0.727229 -0.548782 -0.166655 0.819185 -0.658005 -0.166863 0.734293 0.60622 -0.140071 0.782865 0.646034 -0.137026 0.750909 -0.576988 -0.0554018 0.814872 -0.654031 -0.0554302 0.754434 0.639176 -0.0455163 0.767712 0.645657 -0.0453441 0.76228 -0.576988 0.0554018 0.814872 -0.654031 0.0554302 0.754434 0.639176 0.0455163 0.767712 0.645657 0.0453441 0.76228 -0.548782 0.166655 0.819185 -0.658005 0.166863 0.734293 0.60622 0.140071 0.782865 0.646034 0.137026 0.750909 -0.664177 0.279454 0.693379 -0.489714 0.278713 0.826135 -0.497323 0.268468 0.824982 -0.497966 0.278684 0.821197 0.534436 0.244124 0.809186 0.646296 0.231171 0.727229 -0.363354 0.393961 0.844256 -0.511109 0.395708 0.763009 0.400957 0.36213 0.841484 0.440645 0.33478 0.832919 0.439869 0.357788 0.823713 0.645571 0.327771 0.689786 -0.338475 0.410365 0.846779 -0.351466 0.515084 0.781767 -0.1645 0.475901 0.863978 -0.168214 0.511234 0.842819 0.0254296 0.490645 0.870988 0.0242604 0.504078 0.863318 0.229156 0.44631 0.865041 0.226207 0.492722 0.840271 0.436456 0.470434 0.766941 -0.182232 0.636802 0.749182 0.0119437 0.630711 0.775926 0.217788 0.614923 0.757917 -0.337171 -0.393539 0.855244 -0.15945 -0.392515 0.905819 0.0304459 -0.387591 0.921328 0.231452 -0.377181 0.896752 -0.331255 -0.279188 0.90129 -0.152635 -0.277251 0.948596 0.0400961 -0.174269 0.983881 0.0360754 -0.273273 0.96126 0.234867 -0.266346 0.934825 0.441655 -0.252959 0.860786 -0.493863 -0.166558 0.853439 -0.325747 -0.166282 0.93072 -0.0347272 -0.163726 0.985894 -0.145968 -0.127938 0.980982 -0.14682 -0.164584 0.975375 0.0772664 -0.161783 0.983797 0.237462 -0.158079 0.958448 0.442689 -0.150697 0.883921 -0.491618 -0.0553905 0.869048 -0.198405 -0.0549149 0.978581 -0.322496 -0.0551701 0.944962 0.23771 -0.0523637 0.969924 0.238858 -0.0523497 0.969642 0.443164 -0.0500087 0.895044 -0.491618 0.0553905 0.869048 -0.198405 0.0549149 0.978581 -0.322496 0.0551701 0.944962 0.23771 0.0523637 0.969924 0.238858 0.0523497 0.969642 0.443164 0.0500087 0.895044 -0.493863 0.166558 0.853439 -0.325747 0.166282 0.93072 -0.0347272 0.163726 0.985894 -0.145968 0.127938 0.980982 -0.14682 0.164584 0.975375 0.0772664 0.161783 0.983797 0.237462 0.158079 0.958448 0.442689 0.150697 0.883921 -0.331255 0.279188 0.90129 -0.152635 0.277251 0.948596 0.0400961 0.174269 0.983881 0.0360754 0.273273 0.96126 0.234867 0.266346 0.934825 0.441655 0.252959 0.860786 -0.337171 0.393539 0.855244 -0.15945 0.392515 0.905819 0.0304459 0.387591 0.921328 0.231452 0.377181 0.896752 0.04026 -0.162192 0.985938 -0.145131 -0.0546985 0.987899 0.0410577 -0.0539749 0.997698 -0.145131 0.0546985 0.987899 0.0410577 0.0539749 0.997698 0.04026 0.162192 0.985938"/>
    </IndexedTriangleSet>
   </Shape>
  </Transform>
  </Group>
  <Group>
  <Transform rotation="0 0 1 0" translation="0 0 0">
   <Shape>
    <Appearance DEF='ap1'>
     <Material ambientIntensity='1' diffuseColor='0 0.333333 0.498039' specularColor='0.85 0.85 0.85' shininess='0.234375' transparency='0'/>
    </Appearance>
    <IndexedTriangleSet DEF='its1' index="0 3 2 6 0 5 3 0 6 8 3 6 1 2 3 3 7 1 3 8 7 4 6 5 4 11 6 4 9 11 13 8 6 11 13 6 8 12 7 8 13 12 10 11 9 17 10 14 11 10 17 13 11 17 13 15 12 13 17 15 16 17 14 16 15 17 0 2 40 40 2 31 40 31 30 5 0 40 2 1 31 31 1 41 31 41 32 47 41 7 41 1 7 4 5 46 46 5 40 46 40 39 9 4 52 4 46 52 53 47 12 47 7 12 10 9 60 60 9 52 60 52 59 14 10 60 61 53 15 53 12 15 16 14 67 67 14 60 67 60 66 15 16 61 61 16 67 61 67 68 18 20 19 18 29 20 18 28 29 21 20 22 21 19 20 30 22 20 29 30 20 23 22 24 23 21 22 31 24 22 30 31 22 26 24 27 26 23 24 32 27 24 31 32 24 25 26 27 27 34 25 35 34 27 32 35 27 38 28 37 29 28 38 39 29 38 40 30 29 39 40 29 43 35 32 41 43 32 33 34 35 35 42 33 35 43 42 36 38 37 36 45 38 36 44 45 46 39 38 45 46 38 49 43 41 47 49 41 43 48 42 43 49 48 44 51 45 44 50 51 52 46 45 51 52 45 55 49 47 53 55 47 49 54 48 49 55 54 50 58 51 50 56 58 59 52 51 58 59 51 63 55 53 61 63 53 55 62 54 55 63 62 57 58 56 65 57 64 58 57 65 59 58 65 66 60 59 65 66 59 71 63 61 68 71 61 63 69 62 63 71 69 64 74 65 64 72 74 76 66 65 74 76 65 78 67 66 76 78 66 81 68 67 78 81 67 71 79 70 81 79 71 68 81 71 70 69 71 73 74 72 73 76 74 73 75 76 75 78 76 75 77 78 77 81 78 77 80 81 80 79 81 101 90 100 101 92 90 18 92 101 19 92 18 28 18 109 18 101 109 19 21 92 21 93 92 21 23 93 23 94 93 23 26 94 26 95 94 26 25 95 95 25 102 95 102 98 102 25 34 37 28 109 34 33 102 102 33 111 102 111 105 115 111 42 111 33 42 36 37 113 113 37 109 113 109 108 44 36 117 36 113 117 119 115 48 115 42 48 50 44 121 44 117 121 123 119 54 119 48 54 56 50 125 50 121 125 127 123 62 123 54 62 57 56 131 131 56 125 131 125 130 64 57 131 133 127 69 127 62 69 72 64 136 64 131 136 69 70 133 133 70 137 133 137 140 137 70 79 141 143 135 143 73 135 135 73 136 136 73 72 75 73 144 73 143 144 77 75 145 75 144 145 80 77 146 77 145 146 79 80 137 137 80 146 137 146 149 82 84 83 92 82 91 84 82 92 93 84 92 85 84 86 85 83 84 94 86 84 93 94 84 88 86 89 88 85 86 95 89 86 94 95 86 87 88 89 89 97 87 98 97 89 95 98 89 90 92 91 96 97 98 98 104 96 105 104 98 102 105 98 99 101 100 108 99 107 101 99 108 109 101 108 103 104 105 105 110 103 105 111 110 106 108 107 106 113 108 106 112 113 111 114 110 111 115 114 112 117 113 112 116 117 115 118 114 115 119 118 116 121 117 116 120 121 119 122 118 119 123 122 120 125 121 120 124 125 123 126 122 123 127 126 124 130 125 124 128 130 127 132 126 127 133 132 129 130 128 136 129 134 130 129 136 131 130 136 133 138 132 133 140 138 135 136 134 140 147 139 149 147 140 137 149 140 139 138 140 142 143 141 152 142 150 143 142 152 144 143 152 154 145 144 152 154 144 157 146 145 154 157 145 149 155 148 157 155 149 146 157 149 148 147 149 151 152 150 151 154 152 151 153 154 153 157 154 153 156 157 156 155 157 168 158 167 168 160 158 82 160 168 83 160 82 91 82 168 83 85 160 85 162 160 85 88 162 88 165 162 170 87 171 170 88 87 163 88 170 165 88 163 171 87 97 174 166 173 174 168 166 90 168 174 91 168 90 100 90 174 176 96 177 176 97 96 169 97 176 171 97 169 177 96 104 180 172 179 180 174 172 99 174 180 100 174 99 107 99 180 103 177 104 175 177 103 181 175 103 185 184 110 110 184 181 110 181 103 178 107 180 106 107 178 182 106 178 187 188 182 182 188 112 182 112 106 190 185 114 185 110 114 116 112 192 112 188 192 194 190 118 190 114 118 120 116 196 116 192 196 198 194 122 194 118 122 124 120 201 120 196 201 203 198 126 198 122 126 201 200 124 124 200 204 124 204 128 207 203 132 203 126 132 128 210 129 208 210 128 204 208 128 134 129 210 206 207 211 211 207 132 211 132 138 212 214 209 214 135 209 209 135 210 210 135 134 141 135 214 215 139 217 138 139 215 211 138 215 217 139 147 218 220 213 220 142 213 213 142 214 214 142 141 150 142 220 221 148 223 221 147 148 216 147 221 217 147 216 223 148 155 224 226 219 226 151 219 219 151 220 220 151 150 153 151 228 151 226 228 156 153 231 153 228 231 229 156 231 229 155 156 222 155 229 223 155 222 158 160 159 161 160 162 161 159 160 164 162 165 164 161 162 163 164 165 166 168 167 169 170 171 172 174 173 175 176 177 178 180 179 183 184 185 185 189 183 185 190 189 186 188 187 186 192 188 186 191 192 190 193 189 190 194 193 191 196 192 191 195 196 194 197 193 194 198 197 195 201 196 195 199 201 198 202 197 198 203 202 200 201 199 203 205 202 203 207 205 206 205 207 209 210 208 213 214 212 216 215 217 219 220 218 222 221 223 225 226 224 225 228 226 225 227 228 227 231 228 227 230 231 230 229 231 159 234 158 233 234 159 235 233 159 167 158 234 159 161 236 235 159 236 161 164 237 236 161 237 239 163 240 164 163 239 237 164 239 240 163 170 243 232 242 243 234 232 166 234 243 167 234 166 173 166 243 245 169 246 245 170 169 238 170 245 240 170 238 246 169 176 249 241 248 249 243 241 172 243 249 173 243 172 179 172 249 251 175 252 251 176 175 244 176 251 246 176 244 257 252 181 252 175 181 255 247 254 255 249 247 178 249 255 179 249 178 182 178 259 178 255 259 257 181 184 187 182 259 183 257 184 256 257 183 260 256 183 260 183 189 262 260 189 258 187 259 186 187 258 261 186 258 191 186 261 191 261 263 262 189 193 264 262 193 195 191 263 195 263 265 264 193 197 266 264 197 199 195 265 199 265 267 266 197 202 268 266 202 199 270 200 269 270 199 267 269 199 204 200 270 268 202 205 271 268 205 208 204 274 204 270 274 275 206 276 205 206 275 271 205 275 276 206 211 277 279 273 279 209 273 273 209 274 274 209 208 212 209 279 282 276 215 276 211 215 283 285 278 285 213 278 278 213 279 279 213 212 218 213 285 286 216 288 286 215 216 281 215 286 282 215 281 288 216 221 289 291 284 291 219 284 284 219 285 285 219 218 224 219 291 295 222 297 295 221 222 287 221 295 288 221 287 297 222 229 290 224 291 225 224 290 292 225 290 293 227 225 293 225 292 294 230 227 294 227 293 230 297 229 296 297 230 294 296 230 232 234 233 238 239 240 241 243 242 244 245 246 247 249 248 250 251 252 252 256 250 252 257 256 253 255 254 253 259 255 253 258 259 269 274 270 269 272 274 273 274 272 276 280 275 276 282 280 278 279 277 281 280 282 284 285 283 287 286 288 290 291 289 296 295 297 233 308 232 307 308 233 309 307 233 242 232 308 300 298 235 235 298 309 235 309 233 235 236 300 236 302 300 236 237 302 237 305 302 303 305 310 310 305 237 310 237 239 312 238 313 239 238 312 310 239 312 313 238 245 316 306 315 316 308 306 241 308 316 242 308 241 248 241 316 318 244 319 318 245 244 311 245 318 313 245 311 319 244 251 314 248 316 247 248 314 320 247 314 247 320 254 320 323 254 250 319 251 317 319 250 321 317 250 321 250 256 324 321 256 322 254 323 322 253 254 258 253 322 258 322 325 324 256 260 326 324 260 261 258 325 261 325 327 330 329 262 262 329 326 262 326 260 332 333 327 327 333 263 327 263 261 335 330 264 330 262 264 265 263 338 263 333 338 340 335 266 335 264 266 338 337 265 265 337 341 265 341 267 344 340 268 340 266 268 269 267 341 269 341 345 343 344 346 346 344 268 346 268 271 272 269 345 272 345 347 346 271 275 349 346 275 348 272 347 348 273 272 273 348 277 348 350 277 349 275 280 351 349 280 277 354 278 352 354 277 350 352 277 283 278 354 355 281 357 280 281 355 351 280 355 357 281 286 358 360 353 360 284 353 353 284 354 354 284 283 289 284 360 363 287 365 363 286 287 356 286 363 357 286 356 365 287 295 359 289 360 290 289 359 361 290 359 366 368 361 361 368 292 361 292 290 293 292 370 292 368 370 294 293 373 293 370 373 373 371 294 294 371 362 294 362 296 296 365 295 364 365 296 362 364 296 298 300 299 301 300 302 301 299 300 304 302 305 304 301 302 303 304 305 306 308 307 311 312 313 314 316 315 317 318 319 328 329 330 330 334 328 330 335 334 331 333 332 331 338 333 331 336 338 335 339 334 335 340 339 337 338 336 340 342 339 340 344 342 343 342 344 353 354 352 356 355 357 359 360 358 364 363 365 367 368 366 367 370 368 367 369 370 369 373 370 369 372 373 372 371 373 374 299 375 374 298 299 298 374 309 374 383 309 299 301 376 375 299 376 301 304 377 376 301 377 379 303 380 304 303 379 377 304 379 380 303 310 381 307 382 381 306 307 306 381 315 381 387 315 307 309 383 382 307 383 378 380 385 385 380 310 385 310 312 311 385 312 311 384 385 384 311 389 311 318 389 386 315 387 386 314 315 320 314 386 320 386 390 317 389 318 317 388 389 388 317 321 391 388 321 320 390 323 390 393 323 391 321 324 394 391 324 392 323 393 392 322 323 325 322 392 325 392 395 398 397 326 326 397 394 326 394 324 400 401 395 395 401 327 395 327 325 398 326 329 332 327 401 328 398 329 396 398 328 403 396 328 403 328 334 405 403 334 399 332 401 331 332 399 404 331 399 336 331 404 336 404 406 405 334 339 407 405 339 336 410 337 408 410 336 406 408 336 341 337 410 407 339 342 412 407 342 410 409 341 341 409 413 341 413 345 414 343 416 342 343 414 412 342 414 416 343 346 347 345 413 347 413 417 415 416 419 419 416 346 419 346 349 418 347 417 418 348 347 348 418 350 418 420 350 419 349 351 421 419 351 352 350 420 352 420 422 421 351 355 424 421 355 423 352 422 423 353 352 353 423 358 423 426 358 356 424 355 356 425 424 425 356 429 356 363 429 427 358 426 427 359 358 428 361 359 428 359 427 361 428 366 428 431 366 437 362 371 437 435 362 362 435 430 362 430 364 364 429 363 364 430 429 432 366 431 432 367 366 433 369 367 433 367 432 434 372 369 434 369 433 372 437 371 436 437 372 434 436 372 378 379 380 396 397 398 399 401 400 409 410 408 415 414 416 436 435 437 438 375 439 438 374 375 374 438 383 438 448 383 375 376 441 439 375 441 376 377 442 441 376 442 377 379 444 442 377 444 378 444 379 378 443 444 443 378 450 378 385 450 445 382 446 445 381 382 381 445 387 445 452 387 382 383 448 446 382 448 384 450 385 384 449 450 449 384 455 384 389 455 451 387 452 451 386 387 390 386 451 390 451 456 388 455 389 388 454 455 454 388 391 457 454 391 390 456 393 456 459 393 463 462 394 394 462 457 394 457 391 458 393 459 458 392 393 395 392 458 395 458 464 463 394 397 402 400 466 466 400 395 466 395 464 396 463 397 461 463 396 465 461 396 465 396 403 467 465 403 399 400 402 468 402 469 399 402 468 404 399 468 402 466 469 467 403 405 471 467 405 406 404 468 406 468 472 471 405 407 475 471 407 408 473 411 472 473 408 406 472 408 475 407 412 477 475 412 409 408 411 409 411 413 413 411 476 413 476 478 411 473 476 477 412 414 479 477 414 417 413 478 417 478 480 483 415 485 414 415 483 479 414 483 485 415 419 481 417 480 481 418 417 418 481 420 481 486 420 484 485 487 487 485 419 487 419 421 422 420 486 422 486 488 487 421 424 491 487 424 489 422 488 489 423 422 423 489 426 489 493 426 425 491 424 425 492 491 492 425 497 425 429 497 494 426 493 494 427 426 496 428 427 496 427 494 428 496 431 496 499 431 430 497 429 430 498 497 498 430 504 430 435 504 500 431 499 500 432 431 502 433 432 502 432 500 503 434 433 503 433 502 505 436 434 505 434 503 436 504 435 436 505 504 461 462 463 484 483 485 438 439 440 438 440 448 448 440 517 448 517 515 439 506 440 507 506 439 441 507 439 440 506 517 441 442 509 507 441 509 442 444 512 509 442 512 443 512 444 443 511 512 511 443 519 443 450 519 445 446 447 453 452 520 452 445 520 520 445 521 521 445 447 446 514 447 515 514 446 448 515 446 447 514 521 449 519 450 449 518 519 518 449 524 449 455 524 451 452 453 525 453 526 451 453 525 456 451 525 453 520 526 454 524 455 454 523 524 523 454 457 528 523 457 460 459 529 529 459 456 529 456 525 528 457 531 457 462 531 458 459 460 533 460 534 458 460 533 464 458 533 460 529 534 461 531 462 461 530 531 530 461 465 536 530 465 466 464 533 466 533 537 536 465 467 539 536 467 470 469 540 540 469 466 540 466 537 539 467 471 542 539 471 468 469 470 472 470 474 472 468 470 540 543 470 543 474 470 542 471 475 545 542 475 473 472 474 473 474 476 476 474 543 476 543 546 545 475 477 548 545 477 478 476 546 478 546 549 548 477 479 552 548 479 480 550 482 549 550 480 478 549 480 552 479 483 554 552 483 481 480 482 481 482 486 486 482 553 486 553 557 482 550 553 484 554 483 484 555 554 555 484 560 484 487 560 488 558 490 557 558 488 486 557 488 560 487 491 564 560 491 489 488 490 495 493 562 493 489 562 562 489 561 561 489 490 490 558 561 492 564 491 492 565 564 565 492 570 492 497 570 494 493 495 567 495 566 494 495 567 496 494 567 495 562 566 501 499 569 569 499 496 569 496 567 498 570 497 498 571 570 571 498 577 498 504 577 500 499 501 573 501 572 500 501 573 502 500 573 501 569 572 575 503 502 575 502 573 578 505 503 578 503 575 505 577 504 505 578 577 506 507 508 506 508 517 517 508 583 517 583 581 510 507 509 510 508 507 508 510 583 510 585 583 513 509 512 513 510 509 510 513 585 513 587 585 513 512 511 513 511 587 587 511 519 587 519 590 514 515 516 522 521 592 521 514 592 592 514 593 593 514 516 515 580 516 581 580 515 517 581 515 516 580 593 518 590 519 518 589 590 589 518 596 518 524 596 520 521 522 527 526 598 526 520 598 598 520 599 599 520 522 522 592 599 523 596 524 523 595 596 595 523 528 601 595 528 525 526 527 602 527 603 525 527 602 529 525 602 527 598 603 531 532 528 528 532 606 528 606 601 535 534 607 607 534 529 607 529 602 532 531 530 530 610 532 609 610 530 536 609 530 606 532 610 533 534 535 537 535 538 537 533 535 607 612 535 612 538 535 609 536 539 614 609 539 540 538 541 540 537 538 612 615 538 615 541 538 614 539 542 617 614 542 543 541 544 543 540 541 615 618 541 618 544 541 617 542 545 620 617 545 546 544 547 546 543 544 618 621 544 621 547 544 620 545 548 623 620 548 549 547 551 549 546 547 621 624 547 624 551 547 623 548 552 626 623 552 550 549 551 550 551 553 553 551 624 553 624 629 626 556 627 554 556 626 552 554 626 557 630 559 629 630 557 553 629 557 556 554 555 556 555 633 633 555 560 633 560 637 627 556 633 558 557 559 563 561 635 561 558 635 635 558 634 634 558 559 559 630 634 637 560 564 641 637 564 562 561 563 568 566 639 566 562 639 639 562 638 638 562 563 563 635 638 565 641 564 565 642 641 642 565 653 565 570 653 567 566 568 645 568 644 567 568 645 569 567 645 568 639 644 574 572 647 647 572 569 647 569 645 571 653 570 571 654 653 577 579 571 571 579 651 571 651 654 573 572 574 574 575 573 574 576 575 576 574 649 574 647 649 576 578 575 576 579 578 579 576 651 576 649 651 579 577 578 580 581 582 594 593 656 593 580 656 656 580 657 657 580 582 584 581 583 584 582 581 582 584 657 584 659 657 586 583 585 586 584 583 584 586 659 586 661 659 588 585 587 588 586 585 586 588 661 588 663 661 591 587 590 591 588 587 588 591 663 591 666 663 591 590 589 666 597 665 666 596 597 591 596 666 589 596 591 592 593 594 600 599 668 599 592 668 668 592 669 669 592 594 594 656 669 597 596 595 595 677 597 676 677 595 601 676 595 665 597 677 598 599 600 600 603 598 604 603 600 605 604 600 668 679 600 679 605 600 676 601 606 684 676 606 602 603 604 607 604 608 607 602 604 687 686 605 605 686 608 605 608 604 605 679 687 610 611 606 606 611 691 606 691 684 612 608 613 612 607 608 686 693 608 693 613 608 611 610 609 609 697 611 696 697 609 614 696 609 691 611 697 615 613 616 615 612 613 693 699 613 699 616 613 696 614 617 702 696 617 618 616 619 618 615 616 699 704 616 704 619 616 702 617 620 707 702 620 621 619 622 621 618 619 704 709 619 709 622 619 707 620 623 712 707 623 624 622 625 624 621 622 709 715 622 715 625 622 712 628 713 626 628 712 623 626 712 629 625 631 629 624 625 715 716 625 625 716 632 625 632 631 628 626 627 628 627 720 720 627 633 720 633 727 713 628 720 630 629 631 631 634 630 636 634 631 632 636 631 722 729 632 729 636 632 632 716 722 727 633 637 737 727 637 635 634 636 640 638 730 638 635 730 730 635 729 729 635 636 737 643 738 641 643 737 637 641 737 639 638 640 646 644 741 644 639 741 741 639 740 740 639 640 640 730 740 643 641 642 750 749 655 749 643 655 655 643 653 653 643 642 738 643 749 645 644 646 646 647 645 646 648 647 648 646 743 646 741 743 648 649 647 648 650 649 650 648 745 648 743 745 650 651 649 650 652 651 652 650 747 650 745 747 652 654 651 652 655 654 655 652 750 652 747 750 655 653 654 656 657 658 658 669 656 670 669 658 671 670 658 660 657 659 660 658 657 658 660 672 658 672 671 662 659 661 662 660 659 660 662 673 660 673 672 664 661 663 664 662 661 662 664 674 662 674 673 667 663 666 667 664 663 664 667 675 664 675 674 667 666 665 678 665 677 667 665 678 675 667 678 668 669 670 679 670 680 679 668 670 670 671 681 670 681 680 671 672 682 671 682 681 753 752 673 673 752 682 673 682 672 673 674 753 674 756 753 755 756 683 683 756 674 683 674 675 675 678 685 675 685 683 678 677 676 685 676 684 685 678 676 680 687 679 688 687 680 689 688 680 680 681 690 680 690 689 759 758 682 682 758 690 682 690 681 682 752 759 763 764 692 692 764 683 692 683 685 755 683 764 692 684 691 692 685 684 686 687 688 693 688 694 693 686 688 688 689 695 688 695 694 767 766 690 690 766 695 690 695 689 690 758 767 774 698 773 774 697 698 692 697 774 691 697 692 763 692 774 699 694 700 699 693 694 694 695 701 694 701 700 766 776 695 776 701 695 698 697 696 703 696 702 703 698 696 698 703 773 703 782 773 704 700 705 704 699 700 700 701 706 700 706 705 776 784 701 784 706 701 708 702 707 708 703 702 703 708 782 708 790 782 709 705 710 709 704 705 705 706 711 705 711 710 784 792 706 792 711 706 714 707 712 714 708 707 708 714 790 714 799 790 715 710 717 715 709 710 710 711 718 710 718 717 792 793 711 711 793 719 711 719 718 714 712 713 800 799 721 799 714 721 721 714 720 720 714 713 716 715 717 717 722 716 723 722 717 718 723 717 718 719 724 718 724 723 802 803 719 719 803 725 719 725 724 719 793 802 728 720 727 728 721 720 808 807 726 726 807 721 726 721 728 800 721 807 729 723 731 729 722 723 723 724 732 723 732 731 724 725 733 724 733 732 810 811 725 725 811 734 725 734 733 725 803 810 726 728 739 726 739 736 814 813 735 735 813 726 735 726 736 808 726 813 739 727 737 739 728 727 730 729 731 731 740 730 742 740 731 732 742 731 732 733 744 732 744 742 733 734 746 733 746 744 734 735 748 734 748 746 735 734 814 734 811 814 735 736 751 735 751 748 751 738 749 739 738 751 736 739 751 739 737 738 741 740 742 742 743 741 742 744 743 744 745 743 744 746 745 746 747 745 746 748 747 748 750 747 748 751 750 751 749 750 752 753 754 754 759 752 760 759 754 761 760 754 757 753 756 757 754 753 754 757 762 754 762 761 757 756 755 765 755 764 757 755 765 762 757 765 758 759 760 760 767 758 768 767 760 769 768 760 760 761 770 760 770 769 761 762 771 761 771 770 762 765 772 762 772 771 765 764 763 775 763 774 765 763 775 772 765 775 766 767 768 776 768 777 776 766 768 768 769 778 768 778 777 769 770 779 769 779 778 770 771 780 770 780 779 771 772 781 771 781 780 772 775 783 772 783 781 775 774 773 783 773 782 783 775 773 784 777 785 784 776 777 777 778 786 777 786 785 778 779 787 778 787 786 779 780 788 779 788 787 780 781 789 780 789 788 781 783 791 781 791 789 791 782 790 791 783 782 792 785 794 792 784 785 785 786 795 785 795 794 786 787 796 786 796 795 787 788 797 787 797 796 788 789 798 788 798 797 789 791 801 789 801 798 801 790 799 801 791 790 793 792 794 794 802 793 804 802 794 795 804 794 795 796 805 795 805 804 796 797 806 796 806 805 797 798 809 797 809 806 809 800 807 801 800 809 798 801 809 801 799 800 803 802 804 804 810 803 812 810 804 805 812 804 805 806 815 805 815 812 815 808 813 809 808 815 806 809 815 809 807 808 811 810 812 812 814 811 812 815 814 815 813 814 816 818 817 824 816 823 818 816 824 825 818 824 820 818 821 820 817 818 826 821 818 825 826 818 819 820 821 821 828 819 829 828 821 826 829 821 822 824 823 832 822 831 824 822 832 833 824 832 834 825 824 833 834 824 835 826 825 834 835 825 836 829 826 835 836 826 827 828 829 829 838 827 839 838 829 836 839 829 830 832 831 830 841 832 830 840 841 842 833 832 841 842 832 843 834 833 842 843 833 844 835 834 843 844 834 845 836 835 844 845 835 847 839 836 845 847 836 837 838 839 839 846 837 839 847 846 840 849 841 840 848 849 850 842 841 849 850 841 851 843 842 850 851 842 852 844 843 851 852 843 853 845 844 852 853 844 855 847 845 853 855 845 847 854 846 847 855 854 848 858 849 848 856 858 859 850 849 858 859 849 860 851 850 859 860 850 861 852 851 860 861 851 862 853 852 861 862 852 865 855 853 862 865 853 855 863 854 855 865 863 857 858 856 868 857 866 858 857 868 859 858 868 869 860 859 868 869 859 870 861 860 869 870 860 873 862 861 870 873 861 865 871 864 873 871 865 862 873 865 864 863 865 867 868 866 876 867 874 868 867 876 869 868 876 879 870 869 876 879 869 873 877 872 879 877 873 870 879 873 872 871 873 875 876 874 875 879 876 875 878 879 878 877 879 816 817 905 905 817 896 905 896 895 823 816 905 817 820 896 820 897 896 820 819 897 897 819 906 897 906 898 906 819 828 822 823 911 911 823 905 911 905 904 831 822 911 828 827 906 906 827 912 906 912 907 912 827 838 919 910 918 919 911 910 830 911 919 831 911 830 840 830 924 830 919 924 838 837 912 912 837 920 912 920 913 925 920 846 920 837 846 848 840 929 840 924 929 930 925 854 925 846 854 856 848 935 848 929 935 936 930 863 930 854 863 939 940 934 940 857 934 934 857 935 935 857 856 866 857 940 863 864 936 936 864 941 936 941 942 941 864 871 867 866 948 948 866 940 948 940 947 874 867 948 871 872 941 941 872 949 941 949 950 949 872 877 875 874 957 957 874 948 957 948 956 878 875 958 875 957 958 877 878 949 949 878 958 949 958 959 880 882 881 894 880 893 882 880 894 895 882 894 883 882 884 883 881 882 896 884 882 895 896 882 885 884 886 885 883 884 897 886 884 896 897 884 887 886 888 887 885 886 898 888 886 897 898 886 890 888 891 890 887 888 899 891 888 898 899 888 889 890 891 891 901 889 902 901 891 899 902 891 892 894 893 892 904 894 892 903 904 905 895 894 904 905 894 907 899 898 906 907 898 909 902 899 907 909 899 900 901 902 902 908 900 902 909 908 903 911 904 903 910 911 913 909 907 912 913 907 909 915 908 916 915 909 913 916 909 922 916 913 920 922 913 914 915 916 916 921 914 916 922 921 917 919 918 917 924 919 917 923 924 927 922 920 925 927 920 922 926 921 922 927 926 923 929 924 923 928 929 932 927 925 930 932 925 927 931 926 927 932 931 928 935 929 928 933 935 938 932 930 936 938 930 932 937 931 932 938 937 934 935 933 945 938 936 942 945 936 938 943 937 938 945 943 939 947 940 939 946 947 952 942 941 950 952 941 945 951 944 952 951 945 942 952 945 944 943 945 946 955 947 946 953 955 956 948 947 955 956 947 960 950 949 959 960 949 963 952 950 960 963 950 952 961 951 952 963 961 954 955 953 966 954 964 955 954 966 956 955 966 968 957 956 966 968 956 970 958 957 968 970 957 972 959 958 970 972 958 975 960 959 972 975 959 963 973 962 975 973 963 960 975 963 962 961 963 965 966 964 965 968 966 965 967 968 967 970 968 967 969 970 969 972 970 969 971 972 971 975 972 971 974 975 974 973 975 990 976 989 990 978 976 880 978 990 881 978 880 893 880 990 881 883 978 883 980 978 883 885 980 885 982 980 885 887 982 887 984 982 887 890 984 890 987 984 992 889 993 992 890 889 985 890 992 987 890 985 993 889 901 988 893 990 892 893 988 994 892 988 903 892 994 903 994 998 996 900 997 996 901 900 991 901 996 993 901 991 999 997 908 997 900 908 1004 1005 998 998 1005 910 998 910 903 999 908 915 918 910 1005 915 914 999 999 914 1007 999 1007 1002 1010 1007 921 1007 914 921 1003 918 1005 917 918 1003 1008 917 1003 923 917 1008 923 1008 1011 1013 1010 926 1010 921 926 928 923 1011 928 1011 1014 1016 1013 931 1013 926 931 933 928 1014 933 1014 1017 1019 1016 937 1016 931 937 933 1022 934 1020 1022 933 1017 1020 933 939 934 1022 1024 1019 943 1019 937 943 1022 1021 939 939 1021 1025 939 1025 946 943 944 1024 1024 944 1026 1024 1026 1029 1026 944 951 953 946 1025 953 1025 1030 1033 1026 961 1026 951 961 953 1036 954 1034 1036 953 1030 1034 953 964 954 1036 1037 962 1039 1037 961 962 1032 961 1037 1033 961 1032 1039 962 973 1040 1042 1035 1042 965 1035 1035 965 1036 1036 965 964 967 965 1044 965 1042 1044 969 967 1046 967 1044 1046 971 969 1048 969 1046 1048 974 971 1051 971 1048 1051 1049 974 1051 1049 973 974 1038 973 1049 1039 973 1038 976 978 977 979 978 980 979 977 978 981 980 982 981 979 980 983 982 984 983 981 982 986 984 987 986 983 984 985 986 987 988 990 989 991 992 993 995 996 997 997 1001 995 1002 1001 997 999 1002 997 1000 1001 1002 1002 1006 1000 1002 1007 1006 1003 1005 1004 1007 1009 1006 1007 1010 1009 1010 1012 1009 1010 1013 1012 1013 1015 1012 1013 1016 1015 1016 1018 1015 1016 1019 1018 1019 1023 1018 1019 1024 1023 1021 1022 1020 1024 1027 1023 1024 1029 1027 1029 1031 1028 1033 1031 1029 1026 1033 1029 1028 1027 1029 1032 1031 1033 1035 1036 1034 1038 1037 1039 1041 1042 1040 1041 1044 1042 1041 1043 1044 1043 1046 1044 1043 1045 1046 1045 1048 1046 1045 1047 1048 1047 1051 1048 1047 1050 1051 1050 1049 1051 1060 977 1061 1060 976 977 976 1060 989 1060 1067 989 1054 1052 979 979 1052 1061 979 1061 977 979 981 1054 981 1056 1054 981 983 1056 983 1059 1056 1057 1059 1062 1062 1059 983 1062 983 986 1064 985 1065 986 985 1064 1062 986 1064 1065 985 992 1066 989 1067 1066 988 989 994 988 1066 994 1066 1071 1069 991 1070 1069 992 991 1063 992 1069 1065 992 1063 1070 991 996 1076 1077 1071 1071 1077 998 1071 998 994 1073 995 1074 1073 996 995 1068 996 1073 1070 996 1068 1074 995 1001 1004 998 1077 1000 1074 1001 1072 1074 1000 1078 1072 1000 1082 1081 1006 1006 1081 1078 1006 1078 1000 1075 1004 1077 1003 1004 1075 1079 1003 1075 1008 1003 1079 1008 1079 1083 1085 1082 1009 1082 1006 1009 1011 1008 1083 1011 1083 1086 1088 1085 1012 1085 1009 1012 1014 1011 1086 1014 1086 1089 1091 1088 1015 1088 1012 1015 1017 1014 1089 1017 1089 1092 1094 1091 1018 1091 1015 1018 1020 1017 1092 1020 1092 1095 1098 1094 1023 1094 1018 1023 1020 1101 1021 1099 1101 1020 1095 1099 1020 1025 1021 1101 1097 1098 1102 1102 1098 1023 1102 1023 1027 1101 1100 1025 1025 1100 1103 1025 1103 1030 1104 1028 1106 1027 1028 1104 1102 1027 1104 1106 1028 1031 1034 1030 1103 1034 1103 1107 1109 1032 1111 1109 1031 1032 1105 1031 1109 1106 1031 1105 1111 1032 1037 1108 1034 1107 1108 1035 1034 1035 1108 1040 1108 1112 1040 1115 1038 1117 1115 1037 1038 1110 1037 1115 1111 1037 1110 1117 1038 1049 1113 1040 1112 1113 1041 1040 1118 1120 1113 1113 1120 1043 1113 1043 1041 1045 1043 1122 1043 1120 1122 1047 1045 1125 1045 1122 1125 1125 1123 1047 1047 1123 1114 1047 1114 1050 1050 1117 1049 1116 1117 1050 1114 1116 1050 1052 1054 1053 1055 1054 1056 1055 1053 1054 1058 1056 1059 1058 1055 1056 1057 1058 1059 1063 1064 1065 1068 1069 1070 1072 1073 1074 1075 1077 1076 1080 1081 1082 1082 1084 1080 1082 1085 1084 1085 1087 1084 1085 1088 1087 1088 1090 1087 1088 1091 1090 1091 1093 1090 1091 1094 1093 1094 1096 1093 1094 1098 1096 1097 1096 1098 1100 1101 1099 1105 1104 1106 1110 1109 1111 1116 1115 1117 1119 1120 1118 1119 1122 1120 1119 1121 1122 1121 1125 1122 1121 1124 1125 1124 1123 1125 1126 1053 1127 1126 1052 1053 1052 1126 1061 1126 1134 1061 1053 1055 1128 1127 1053 1128 1055 1058 1129 1128 1055 1129 1131 1057 1132 1058 1057 1131 1129 1058 1131 1132 1057 1062 1133 1061 1134 1133 1060 1061 1060 1133 1067 1133 1140 1067 1130 1132 1135 1135 1132 1062 1135 1062 1064 1137 1063 1138 1064 1063 1137 1135 1064 1137 1138 1063 1069 1139 1067 1140 1139 1066 1067 1071 1066 1139 1071 1139 1144 1142 1068 1143 1142 1069 1068 1136 1069 1142 1138 1069 1136 1143 1068 1073 1071 1144 1076 1144 1147 1076 1072 1143 1073 1141 1143 1072 1145 1141 1072 1151 1150 1078 1078 1150 1145 1078 1145 1072 1146 1076 1147 1146 1075 1076 1079 1075 1146 1079 1146 1152 1151 1078 1081 1083 1079 1152 1083 1152 1154 1080 1151 1081 1149 1151 1080 1153 1149 1080 1153 1080 1084 1155 1153 1084 1086 1083 1154 1086 1154 1156 1159 1158 1087 1087 1158 1155 1087 1155 1084 1089 1086 1156 1089 1156 1160 1163 1159 1090 1159 1087 1090 1092 1089 1160 1092 1160 1164 1162 1163 1165 1165 1163 1090 1165 1090 1093 1095 1092 1164 1095 1164 1166 1165 1093 1096 1167 1165 1096 1099 1095 1166 1099 1166 1168 1171 1097 1173 1096 1097 1171 1167 1096 1171 1173 1097 1102 1169 1099 1168 1169 1100 1099 1100 1169 1103 1169 1174 1103 1172 1173 1175 1175 1173 1102 1175 1102 1104 1107 1103 1174 1107 1174 1176 1178 1105 1180 1104 1105 1178 1175 1104 1178 1180 1105 1109 1177 1107 1176 1177 1108 1107 1108 1177 1112 1177 1181 1112 1184 1110 1186 1184 1109 1110 1179 1109 1184 1180 1109 1179 1186 1110 1115 1182 1112 1181 1182 1113 1112 1113 1182 1118 1182 1187 1118 1193 1114 1123 1193 1191 1114 1114 1191 1183 1114 1183 1116 1116 1186 1115 1185 1186 1116 1183 1185 1116 1188 1118 1187 1188 1119 1118 1189 1121 1119 1189 1119 1188 1190 1124 1121 1190 1121 1189 1124 1193 1123 1192 1193 1124 1190 1192 1124 1130 1131 1132 1136 1137 1138 1141 1142 1143 1149 1150 1151 1157 1158 1159 1159 1161 1157 1159 1163 1161 1162 1161 1163 1172 1171 1173 1179 1178 1180 1185 1184 1186 1192 1191 1193 1194 1127 1195 1194 1126 1127 1126 1194 1134 1194 1202 1134 1127 1128 1197 1195 1127 1197 1128 1129 1198 1197 1128 1198 1129 1131 1200 1198 1129 1200 1130 1200 1131 1130 1199 1200 1199 1130 1203 1130 1135 1203 1201 1134 1202 1201 1133 1134 1133 1201 1140 1201 1207 1140 1135 1137 1205 1203 1135 1205 1136 1205 1137 1136 1204 1205 1204 1136 1209 1136 1142 1209 1206 1140 1207 1206 1139 1140 1144 1139 1206 1144 1206 1210 1141 1209 1142 1141 1208 1209 1208 1141 1145 1211 1208 1145 1148 1147 1212 1212 1147 1144 1212 1144 1210 1211 1145 1214 1145 1150 1214 1146 1147 1148 1215 1148 1216 1146 1148 1215 1152 1146 1215 1148 1212 1216 1149 1214 1150 1149 1213 1214 1213 1149 1153 1218 1213 1153 1154 1152 1215 1154 1215 1219 1222 1221 1155 1155 1221 1218 1155 1218 1153 1156 1154 1219 1156 1219 1224 1222 1155 1158 1160 1156 1224 1160 1224 1226 1157 1222 1158 1220 1222 1157 1225 1220 1157 1225 1157 1161 1227 1225 1161 1164 1160 1226 1164 1226 1228 1229 1162 1231 1161 1162 1229 1227 1161 1229 1231 1162 1165 1166 1164 1228 1166 1228 1233 1230 1231 1236 1236 1231 1165 1236 1165 1167 1168 1234 1170 1233 1234 1168 1166 1233 1168 1236 1167 1171 1238 1236 1171 1169 1168 1170 1169 1170 1174 1174 1170 1237 1174 1237 1240 1170 1234 1237 1172 1238 1171 1172 1239 1238 1239 1172 1241 1172 1175 1241 1176 1174 1240 1176 1240 1242 1241 1175 1178 1244 1241 1178 1243 1176 1242 1243 1177 1176 1177 1243 1181 1243 1246 1181 1179 1244 1178 1179 1245 1244 1245 1179 1249 1179 1184 1249 1247 1181 1246 1247 1182 1181 1182 1247 1187 1247 1251 1187 1248 1183 1256 1183 1191 1256 1250 1185 1183 1250 1183 1248 1185 1249 1184 1185 1250 1249 1252 1187 1251 1252 1188 1187 1254 1189 1188 1254 1188 1252 1255 1190 1189 1255 1189 1254 1257 1192 1190 1257 1190 1255 1192 1256 1191 1192 1257 1256 1220 1221 1222 1230 1229 1231 1194 1195 1196 1194 1196 1202 1202 1196 1269 1202 1269 1267 1195 1258 1196 1259 1258 1195 1197 1259 1195 1196 1258 1269 1197 1198 1261 1259 1197 1261 1198 1200 1264 1261 1198 1264 1199 1264 1200 1199 1263 1264 1263 1199 1270 1199 1203 1270 1266 1202 1267 1266 1201 1202 1201 1266 1207 1266 1275 1207 1203 1205 1272 1270 1203 1272 1204 1272 1205 1204 1271 1272 1271 1204 1278 1204 1209 1278 1274 1207 1275 1274 1206 1207 1210 1206 1274 1210 1274 1280 1208 1278 1209 1208 1277 1278 1277 1208 1211 1281 1277 1211 1212 1210 1280 1212 1280 1282 1281 1211 1284 1211 1214 1284 1217 1216 1285 1285 1216 1212 1285 1212 1282 1213 1284 1214 1213 1283 1284 1283 1213 1218 1286 1283 1218 1215 1216 1217 1287 1217 1288 1215 1217 1287 1219 1215 1287 1217 1285 1288 1221 1223 1218 1218 1223 1290 1218 1290 1286 1224 1219 1287 1224 1287 1291 1223 1221 1220 1220 1294 1223 1293 1294 1220 1225 1293 1220 1290 1223 1294 1226 1224 1291 1226 1291 1296 1293 1225 1227 1298 1293 1227 1228 1226 1296 1228 1296 1301 1298 1232 1299 1229 1232 1298 1227 1229 1298 1233 1302 1235 1301 1302 1233 1228 1301 1233 1232 1229 1230 1232 1230 1304 1304 1230 1236 1304 1236 1306 1299 1232 1304 1234 1233 1235 1234 1235 1237 1237 1235 1305 1237 1305 1307 1235 1302 1305 1306 1236 1238 1308 1306 1238 1240 1237 1307 1240 1307 1310 1239 1308 1238 1239 1309 1308 1309 1239 1311 1239 1241 1311 1242 1240 1310 1242 1310 1312 1311 1241 1244 1315 1311 1244 1313 1242 1312 1313 1243 1242 1243 1313 1246 1313 1318 1246 1245 1315 1244 1245 1316 1315 1316 1245 1323 1245 1249 1323 1319 1246 1318 1319 1247 1246 1253 1251 1321 1321 1251 1247 1321 1247 1319 1322 1248 1331 1248 1256 1331 1324 1250 1248 1324 1248 1322 1250 1323 1249 1250 1324 1323 1252 1251 1253 1327 1253 1326 1252 1253 1327 1254 1252 1327 1253 1321 1326 1329 1255 1254 1329 1254 1327 1332 1257 1255 1332 1255 1329 1257 1331 1256 1257 1332 1331 1258 1259 1260 1258 1260 1269 1269 1260 1337 1269 1337 1335 1262 1259 1261 1262 1260 1259 1260 1262 1337 1262 1338 1337 1265 1261 1264 1265 1262 1261 1262 1265 1338 1265 1339 1338 1265 1264 1263 1265 1263 1339 1339 1263 1270 1339 1270 1341 1266 1267 1268 1276 1275 1343 1275 1266 1343 1343 1266 1344 1344 1266 1268 1267 1334 1268 1335 1334 1267 1269 1335 1267 1268 1334 1344 1341 1273 1340 1272 1273 1341 1270 1272 1341 1273 1272 1271 1347 1279 1346 1347 1278 1279 1273 1278 1347 1271 1278 1273 1340 1273 1347 1274 1275 1276 1349 1276 1350 1274 1276 1349 1280 1274 1349 1276 1343 1350 1279 1278 1277 1277 1353 1279 1352 1353 1277 1281 1352 1277 1346 1279 1353 1282 1280 1349 1282 1349 1355 1352 1281 1358 1281 1284 1358 1285 1282 1355 1285 1355 1360 1283 1358 1284 1283 1357 1358 1357 1283 1286 1361 1357 1286 1289 1288 1363 1363 1288 1285 1363 1285 1360 1361 1286 1290 1364 1361 1290 1287 1288 1289 1291 1289 1292 1291 1287 1289 1363 1365 1289 1365 1292 1289 1294 1295 1290 1290 1295 1366 1290 1366 1364 1296 1292 1297 1296 1291 1292 1365 1367 1292 1367 1297 1292 1295 1294 1293 1300 1293 1298 1300 1295 1293 1295 1300 1366 1300 1368 1366 1301 1297 1303 1301 1296 1297 1367 1369 1297 1369 1303 1297 1300 1298 1299 1300 1299 1368 1368 1299 1304 1368 1304 1370 1302 1301 1303 1302 1303 1305 1305 1303 1369 1305 1369 1371 1370 1304 1306 1372 1370 1306 1307 1305 1371 1307 1371 1374 1372 1306 1308 1376 1372 1308 1310 1307 1374 1310 1374 1379 1309 1376 1308 1309 1377 1376 1377 1309 1382 1309 1311 1382 1312 1380 1314 1379 1380 1312 1310 1379 1312 1382 1317 1383 1315 1317 1382 1311 1315 1382 1313 1312 1314 1320 1318 1386 1318 1313 1386 1386 1313 1385 1385 1313 1314 1314 1380 1385 1317 1315 1316 1389 1388 1325 1388 1317 1325 1325 1317 1323 1323 1317 1316 1383 1317 1388 1319 1318 1320 1392 1320 1391 1319 1320 1392 1321 1319 1392 1320 1386 1391 1328 1326 1394 1394 1326 1321 1394 1321 1392 1331 1333 1322 1322 1333 1396 1322 1396 1398 1324 1397 1325 1398 1397 1324 1322 1398 1324 1325 1323 1324 1389 1325 1397 1327 1326 1328 1328 1329 1327 1328 1330 1329 1330 1328 1395 1328 1394 1395 1330 1332 1329 1330 1333 1332 1333 1330 1396 1330 1395 1396 1333 1331 1332 1334 1335 1336 1345 1344 1408 1344 1334 1408 1408 1334 1409 1409 1334 1336 1335 1400 1336 1401 1400 1335 1337 1401 1335 1336 1400 1409 1337 1338 1403 1401 1337 1403 1338 1339 1406 1403 1338 1406 1406 1342 1405 1341 1342 1406 1339 1341 1406 1342 1341 1340 1412 1348 1411 1412 1347 1348 1342 1347 1412 1340 1347 1342 1405 1342 1412 1343 1344 1345 1351 1350 1414 1350 1343 1414 1414 1343 1415 1415 1343 1345 1345 1408 1415 1348 1347 1346 1418 1354 1417 1418 1353 1354 1348 1353 1418 1346 1353 1348 1411 1348 1418 1349 1350 1351 1355 1351 1356 1355 1349 1351 1414 1420 1351 1420 1356 1351 1354 1353 1352 1422 1359 1421 1422 1358 1359 1354 1358 1422 1352 1358 1354 1417 1354 1422 1424 1356 1425 1355 1356 1424 1360 1355 1424 1356 1420 1425 1359 1358 1357 1362 1357 1361 1362 1359 1357 1359 1362 1421 1362 1427 1421 1363 1360 1424 1363 1424 1428 1361 1431 1362 1430 1431 1361 1364 1430 1361 1427 1362 1431 1365 1363 1428 1365 1428 1433 1430 1364 1366 1435 1430 1366 1367 1365 1433 1367 1433 1437 1435 1366 1368 1439 1435 1368 1369 1367 1437 1369 1437 1441 1439 1368 1370 1443 1439 1370 1371 1369 1441 1371 1441 1446 1443 1373 1444 1372 1373 1443 1370 1372 1443 1374 1447 1375 1446 1447 1374 1371 1446 1374 1378 1372 1376 1378 1373 1372 1373 1378 1449 1378 1451 1449 1444 1373 1449 1379 1375 1381 1379 1374 1375 1450 1454 1375 1454 1381 1375 1375 1447 1450 1378 1376 1377 1452 1451 1384 1451 1378 1384 1384 1378 1382 1382 1378 1377 1380 1379 1381 1387 1385 1455 1385 1380 1455 1455 1380 1454 1454 1380 1381 1384 1382 1383 1458 1457 1390 1457 1384 1390 1390 1384 1388 1388 1384 1383 1452 1384 1457 1386 1385 1387 1393 1391 1461 1391 1386 1461 1461 1386 1460 1460 1386 1387 1387 1455 1460 1390 1388 1389 1464 1463 1399 1463 1390 1399 1399 1390 1397 1397 1390 1389 1458 1390 1463 1392 1391 1393 1467 1393 1466 1392 1393 1467 1394 1392 1467 1393 1461 1466 1469 1395 1394 1469 1394 1467 1472 1396 1395 1472 1395 1469 1398 1471 1399 1472 1471 1398 1396 1472 1398 1399 1397 1398 1464 1399 1471 1400 1401 1402 1410 1409 1474 1409 1400 1474 1474 1400 1475 1475 1400 1402 1404 1401 1403 1404 1402 1401 1402 1404 1475 1404 1477 1475 1407 1403 1406 1407 1404 1403 1404 1407 1477 1407 1480 1477 1407 1406 1405 1480 1413 1479 1480 1412 1413 1407 1412 1480 1405 1412 1407 1408 1409 1410 1416 1415 1482 1415 1408 1482 1482 1408 1483 1483 1408 1410 1410 1474 1483 1413 1412 1411 1489 1419 1488 1489 1418 1419 1413 1418 1489 1411 1418 1413 1479 1413 1489 1414 1415 1416 1491 1416 1492 1414 1416 1491 1420 1414 1491 1416 1482 1492 1419 1418 1417 1496 1423 1495 1496 1422 1423 1419 1422 1496 1417 1422 1419 1488 1419 1496 1426 1425 1498 1498 1425 1420 1498 1420 1491 1423 1422 1421 1421 1502 1423 1501 1502 1421 1427 1501 1421 1495 1423 1502 1424 1425 1426 1428 1426 1429 1428 1424 1426 1498 1504 1426 1504 1429 1426 1431 1432 1427 1427 1432 1506 1427 1506 1501 1433 1429 1434 1433 1428 1429 1504 1508 1429 1508 1434 1429 1432 1431 1430 1436 1430 1435 1436 1432 1430 1432 1436 1506 1436 1510 1506 1437 1434 1438 1437 1433 1434 1508 1512 1434 1512 1438 1434 1440 1435 1439 1440 1436 1435 1436 1440 1510 1440 1514 1510 1441 1438 1442 1441 1437 1438 1512 1516 1438 1516 1442 1438 1445 1439 1443 1445 1440 1439 1440 1445 1514 1445 1518 1514 1446 1442 1448 1446 1441 1442 1516 1520 1442 1520 1448 1442 1445 1443 1444 1445 1444 1518 1518 1444 1449 1518 1449 1523 1447 1446 1448 1447 1448 1450 1450 1448 1520 1450 1520 1526 1523 1453 1524 1451 1453 1523 1449 1451 1523 1454 1527 1456 1526 1527 1454 1450 1526 1454 1453 1451 1452 1531 1530 1459 1530 1453 1459 1459 1453 1457 1457 1453 1452 1524 1453 1530 1455 1454 1456 1462 1460 1534 1460 1455 1534 1534 1455 1533 1533 1455 1456 1456 1527 1533 1459 1457 1458 1540 1539 1465 1539 1459 1465 1465 1459 1463 1463 1459 1458 1531 1459 1539 1461 1460 1462 1468 1466 1543 1466 1461 1543 1543 1461 1542 1542 1461 1462 1462 1534 1542 1465 1463 1464 1548 1547 1473 1547 1465 1473 1473 1465 1471 1471 1465 1464 1540 1465 1547 1467 1466 1468 1468 1469 1467 1468 1470 1469 1470 1468 1545 1468 1543 1545 1470 1472 1469 1470 1473 1472 1473 1470 1548 1470 1545 1548 1473 1471 1472 1474 1475 1476 1476 1483 1474 1484 1483 1476 1485 1484 1476 1478 1475 1477 1478 1476 1475 1476 1478 1486 1476 1486 1485 1481 1477 1480 1481 1478 1477 1478 1481 1487 1478 1487 1486 1481 1480 1479 1490 1479 1489 1481 1479 1490 1487 1481 1490 1482 1483 1484 1484 1492 1482 1493 1492 1484 1494 1493 1484 1551 1550 1485 1485 1550 1494 1485 1494 1484 1485 1486 1551 1486 1553 1551 1486 1487 1553 1487 1555 1553 1487 1490 1555 1490 1558 1555 1490 1489 1488 1558 1497 1557 1558 1496 1497 1490 1496 1558 1488 1496 1490 1491 1492 1493 1498 1493 1499 1498 1491 1493 1561 1560 1494 1494 1560 1499 1494 1499 1493 1494 1550 1561 1497 1496 1495 1503 1495 1502 1497 1495 1503 1500 1497 1503 1497 1500 1557 1500 1566 1557 1504 1499 1505 1504 1498 1499 1560 1568 1499 1568 1505 1499 1573 1574 1507 1507 1574 1500 1507 1500 1503 1566 1500 1574 1503 1502 1501 1507 1501 1506 1507 1503 1501 1508 1505 1509 1508 1504 1505 1568 1576 1505 1576 1509 1505 1511 1506 1510 1511 1507 1506 1507 1511 1573 1511 1580 1573 1512 1509 1513 1512 1508 1509 1576 1582 1509 1582 1513 1509 1515 1510 1514 1515 1511 1510 1511 1515 1580 1515 1586 1580 1516 1513 1517 1516 1512 1513 1582 1588 1513 1588 1517 1513 1519 1514 1518 1519 1515 1514 1515 1519 1586 1519 1593 1586 1520 1517 1521 1520 1516 1517 1588 1596 1517 1596 1521 1517 1525 1518 1523 1525 1519 1518 1594 1593 1522 1522 1593 1519 1522 1519 1525 1526 1521 1528 1526 1520 1521 1596 1597 1521 1521 1597 1529 1521 1529 1528 1532 1524 1530 1525 1524 1532 1522 1525 1532 1522 1532 1602 1532 1611 1602 1594 1522 1602 1525 1523 1524 1527 1526 1528 1528 1533 1527 1535 1533 1528 1529 1535 1528 1604 1605 1529 1529 1605 1536 1529 1536 1535 1529 1597 1604 1532 1530 1531 1612 1611 1541 1611 1532 1541 1541 1532 1539 1539 1532 1531 1534 1533 1535 1535 1542 1534 1544 1542 1535 1536 1544 1535 1536 1537 1546 1536 1546 1544 1537 1536 1607 1536 1605 1607 1537 1538 1549 1537 1549 1546 1538 1537 1609 1537 1607 1609 1549 1540 1547 1541 1540 1549 1538 1541 1549 1541 1538 1612 1538 1609 1612 1541 1539 1540 1543 1542 1544 1544 1545 1543 1544 1546 1545 1546 1548 1545 1546 1549 1548 1549 1547 1548 1550 1551 1552 1552 1561 1550 1562 1561 1552 1563 1562 1552 1554 1551 1553 1554 1552 1551 1552 1554 1564 1552 1564 1563 1556 1553 1555 1556 1554 1553 1554 1556 1565 1554 1565 1564 1559 1555 1558 1559 1556 1555 1556 1559 1567 1556 1567 1565 1559 1558 1557 1567 1557 1566 1567 1559 1557 1560 1561 1562 1568 1562 1569 1568 1560 1562 1562 1563 1570 1562 1570 1569 1616 1614 1564 1564 1614 1570 1564 1570 1563 1615 1616 1571 1571 1616 1564 1571 1564 1565 1565 1567 1572 1565 1572 1571 1575 1566 1574 1567 1566 1575 1572 1567 1575 1576 1569 1577 1576 1568 1569 1569 1570 1578 1569 1578 1577 1614 1618 1570 1618 1578 1570 1620 1621 1579 1579 1621 1571 1579 1571 1572 1615 1571 1621 1572 1575 1581 1572 1581 1579 1575 1574 1573 1581 1573 1580 1581 1575 1573 1582 1577 1583 1582 1576 1577 1577 1578 1584 1577 1584 1583 1618 1623 1578 1623 1584 1578 1579 1581 1587 1579 1587 1585 1579 1585 1620 1585 1625 1620 1587 1580 1586 1587 1581 1580 1588 1583 1589 1588 1582 1583 1583 1584 1590 1583 1590 1589 1623 1628 1584 1628 1590 1584 1585 1587 1595 1585 1595 1592 1626 1625 1591 1591 1625 1585 1591 1585 1592 1595 1586 1593 1595 1587 1586 1596 1589 1598 1596 1588 1589 1589 1590 1599 1589 1599 1598 1628 1630 1590 1590 1630 1600 1590 1600 1599 1591 1592 1603 1591 1603 1601 1630 1629 1600 1600 1629 1591 1600 1591 1601 1626 1591 1629 1603 1594 1602 1595 1594 1603 1592 1595 1603 1595 1593 1594 1597 1596 1598 1598 1604 1597 1606 1604 1598 1599 1606 1598 1599 1600 1608 1599 1608 1606 1600 1601 1610 1600 1610 1608 1601 1603 1613 1601 1613 1610 1613 1602 1611 1613 1603 1602 1605 1604 1606 1606 1607 1605 1606 1608 1607 1608 1609 1607 1608 1610 1609 1610 1612 1609 1610 1613 1612 1613 1611 1612 1614 1616 1617 1618 1617 1619 1618 1614 1617 1617 1616 1615 1622 1615 1621 1617 1615 1622 1619 1617 1622 1623 1619 1624 1623 1618 1619 1619 1622 1627 1619 1627 1624 1622 1621 1620 1627 1620 1625 1627 1622 1620 1628 1624 1631 1628 1623 1624 1631 1626 1629 1627 1626 1631 1624 1627 1631 1627 1625 1626 1630 1628 1631 1631 1629 1630" solid="false" colorPerVertex="false">
     <Coordinate point="-0.281551 -0.0610597 -0.508825 -0.257283 -0.0610597 -0.508825 -0.264589 -0.0657718 -0.508825 -0.264589 -0.0610597 -0.509934 -0.318377 -0.0203538 -0.508825 -0.305295 -0.0477388 -0.508825 -0.305295 -0.0203538 -0.512115 -0.224137 -0.0203538 -0.508825 -0.264589 -0.0203538 -0.514754 -0.318377 0.0203521 -0.508825 -0.305295 0.0477371 -0.508825 -0.305295 0.0203521 -0.512115 -0.224137 0.0203521 -0.508825 -0.264589 0.0203521 -0.514754 -0.281551 0.061058 -0.508825 -0.257283 0.061058 -0.508825 -0.264589 0.0657701 -0.508825 -0.264589 0.061058 -0.509934 -0.352882 -0.142471 -0.468119 -0.346001 -0.148843 -0.468119 -0.346001 -0.142471 -0.471493 -0.305295 -0.172331 -0.468119 -0.305295 -0.142471 -0.483683 -0.264589 -0.179118 -0.468119 -0.264589 -0.142471 -0.486968 -0.191264 -0.142471 -0.468119 -0.223883 -0.168466 -0.468119 -0.223883 -0.142471 -0.481343 -0.384941 -0.101766 -0.468119 -0.346001 -0.101766 -0.487499 -0.305295 -0.101766 -0.49838 -0.264589 -0.101766 -0.50112 -0.223883 -0.101766 -0.4958 -0.165538 -0.101766 -0.468119 -0.183177 -0.134418 -0.468119 -0.183177 -0.101766 -0.480598 -0.401909 -0.0610597 -0.468119 -0.386707 -0.0982562 -0.468119 -0.386707 -0.0610597 -0.478308 -0.346001 -0.0610597 -0.497359 -0.305295 -0.0610597 -0.507394 -0.223883 -0.0610597 -0.504619 -0.151048 -0.0610597 -0.468119 -0.183177 -0.0610597 -0.490284 -0.409843 -0.0203538 -0.468119 -0.386707 -0.0203538 -0.483662 -0.346001 -0.0203538 -0.502055 -0.223883 -0.0203538 -0.508794 -0.143902 -0.0203538 -0.468119 -0.183177 -0.0203538 -0.494869 -0.409843 0.0203521 -0.468119 -0.386707 0.0203521 -0.483662 -0.346001 0.0203521 -0.502055 -0.223883 0.0203521 -0.508794 -0.143902 0.0203521 -0.468119 -0.183177 0.0203521 -0.494869 -0.401909 0.061058 -0.468119 -0.386707 0.0982546 -0.468119 -0.386707 0.061058 -0.478308 -0.346001 0.061058 -0.497359 -0.305295 0.061058 -0.507394 -0.223883 0.061058 -0.504619 -0.151048 0.061058 -0.468119 -0.183177 0.061058 -0.490284 -0.384941 0.101764 -0.468119 -0.346001 0.101764 -0.487499 -0.305295 0.101764 -0.49838 -0.264589 0.101764 -0.50112 -0.223883 0.101764 -0.4958 -0.165538 0.101764 -0.468119 -0.183177 0.134416 -0.468119 -0.183177 0.101764 -0.480598 -0.352882 0.14247 -0.468119 -0.346001 0.148842 -0.468119 -0.346001 0.14247 -0.471493 -0.305295 0.17233 -0.468119 -0.305295 0.14247 -0.483683 -0.264589 0.179117 -0.468119 -0.264589 0.14247 -0.486968 -0.191264 0.14247 -0.468119 -0.223883 0.168465 -0.468119 -0.223883 0.14247 -0.481343 -0.320275 -0.223883 -0.427413 -0.305295 -0.230109 -0.427413 -0.305295 -0.223883 -0.432946 -0.264589 -0.23607 -0.427413 -0.264589 -0.223883 -0.438029 -0.21323 -0.223883 -0.427413 -0.223883 -0.229528 -0.427413 -0.223883 -0.223883 -0.432247 -0.382255 -0.183177 -0.427413 -0.346001 -0.211736 -0.427413 -0.346001 -0.183177 -0.449043 -0.305295 -0.183177 -0.462278 -0.264589 -0.183177 -0.465992 -0.223883 -0.183177 -0.460592 -0.161337 -0.183177 -0.427413 -0.183177 -0.207134 -0.427413 -0.183177 -0.183177 -0.444318 -0.414855 -0.142471 -0.427413 -0.386707 -0.178738 -0.427413 -0.386707 -0.142471 -0.450003 -0.183177 -0.142471 -0.465186 -0.135049 -0.142471 -0.427413 -0.142471 -0.158227 -0.427413 -0.142471 -0.142471 -0.43628 -0.435869 -0.101766 -0.427413 -0.427413 -0.119267 -0.427413 -0.427413 -0.101766 -0.435864 -0.386707 -0.101766 -0.467162 -0.120562 -0.101766 -0.427413 -0.142471 -0.101766 -0.4527 -0.448598 -0.0610597 -0.427413 -0.427413 -0.0610597 -0.448587 -0.111286 -0.0610597 -0.427413 -0.142471 -0.0610597 -0.462576 -0.454659 -0.0203538 -0.427413 -0.427413 -0.0203538 -0.454646 -0.106758 -0.0203538 -0.427413 -0.142471 -0.0203538 -0.46721 -0.454659 0.0203521 -0.427413 -0.427413 0.0203521 -0.454646 -0.106758 0.0203521 -0.427413 -0.142471 0.0203521 -0.46721 -0.448598 0.061058 -0.427413 -0.427413 0.061058 -0.448587 -0.111286 0.061058 -0.427413 -0.142471 0.061058 -0.462576 -0.435869 0.101764 -0.427413 -0.427413 0.119266 -0.427413 -0.427413 0.101764 -0.435864 -0.386707 0.101764 -0.467162 -0.120562 0.101764 -0.427413 -0.142471 0.101764 -0.4527 -0.414855 0.14247 -0.427413 -0.386707 0.178736 -0.427413 -0.386707 0.14247 -0.450003 -0.183177 0.14247 -0.465186 -0.135049 0.14247 -0.427413 -0.142471 0.158225 -0.427413 -0.142471 0.14247 -0.43628 -0.382255 0.183176 -0.427413 -0.346001 0.211735 -0.427413 -0.346001 0.183176 -0.449043 -0.305295 0.183176 -0.462278 -0.264589 0.183176 -0.465992 -0.223883 0.183176 -0.460592 -0.161337 0.183176 -0.427413 -0.183177 0.207132 -0.427413 -0.183177 0.183176 -0.444318 -0.320275 0.223882 -0.427413 -0.305295 0.230107 -0.427413 -0.305295 0.223882 -0.432946 -0.264589 0.236069 -0.427413 -0.264589 0.223882 -0.438029 -0.21323 0.223882 -0.427413 -0.223883 0.229526 -0.427413 -0.223883 0.223882 -0.432247 -0.314019 -0.264589 -0.386707 -0.305295 -0.267904 -0.386707 -0.305295 -0.264589 -0.390813 -0.264589 -0.274104 -0.386707 -0.264589 -0.264589 -0.398151 -0.212502 -0.264589 -0.386707 -0.223883 -0.26949 -0.386707 -0.223883 -0.264589 -0.392458 -0.386165 -0.223883 -0.386707 -0.346001 -0.251525 -0.386707 -0.346001 -0.223883 -0.416717 -0.150874 -0.223883 -0.386707 -0.183177 -0.252204 -0.386707 -0.183177 -0.223883 -0.414427 -0.424283 -0.183177 -0.386707 -0.386707 -0.223441 -0.386707 -0.386707 -0.183177 -0.424266 -0.122546 -0.183177 -0.386707 -0.142471 -0.215737 -0.386707 -0.142471 -0.183177 -0.412857 -0.450031 -0.142471 -0.386707 -0.427413 -0.178764 -0.386707 -0.427413 -0.142471 -0.414862 -0.10351 -0.142471 -0.386707 -0.467196 -0.101766 -0.386707 -0.0928311 -0.101766 -0.386707 -0.101766 -0.137578 -0.386707 -0.101766 -0.101766 -0.40405 -0.478348 -0.0610597 -0.386707 -0.468119 -0.0983809 -0.386707 -0.468119 -0.0610597 -0.401951 -0.0863436 -0.0610597 -0.386707 -0.101766 -0.0610597 -0.415956 -0.483704 -0.0203538 -0.386707 -0.468119 -0.0203538 -0.40988 -0.0832049 -0.0203538 -0.386707 -0.101766 -0.0203538 -0.421502 -0.483704 0.0203521 -0.386707 -0.468119 0.0203521 -0.40988 -0.0832049 0.0203521 -0.386707 -0.101766 0.0203521 -0.421502 -0.478348 0.061058 -0.386707 -0.468119 0.0983793 -0.386707 -0.468119 0.061058 -0.401951 -0.0863436 0.061058 -0.386707 -0.101766 0.061058 -0.415956 -0.467196 0.101764 -0.386707 -0.0928311 0.101764 -0.386707 -0.101766 0.137576 -0.386707 -0.101766 0.101764 -0.40405 -0.450031 0.14247 -0.386707 -0.427413 0.178762 -0.386707 -0.427413 0.14247 -0.414862 -0.10351 0.14247 -0.386707 -0.424283 0.183176 -0.386707 -0.386707 0.22344 -0.386707 -0.386707 0.183176 -0.424266 -0.122546 0.183176 -0.386707 -0.142471 0.215735 -0.386707 -0.142471 0.183176 -0.412857 -0.386165 0.223882 -0.386707 -0.346001 0.251523 -0.386707 -0.346001 0.223882 -0.416717 -0.150874 0.223882 -0.386707 -0.183177 0.252202 -0.386707 -0.183177 0.223882 -0.414427 -0.314019 0.264587 -0.386707 -0.305295 0.267902 -0.386707 -0.305295 0.264587 -0.390813 -0.264589 0.274103 -0.386707 -0.264589 0.264587 -0.398151 -0.212502 0.264587 -0.386707 -0.223883 0.269488 -0.386707 -0.223883 0.264587 -0.392458 -0.367647 -0.264589 -0.346001 -0.346001 -0.277796 -0.346001 -0.346001 -0.264589 -0.367637 -0.305295 -0.29359 -0.346001 -0.264589 -0.299955 -0.346001 -0.223883 -0.297002 -0.346001 -0.158383 -0.264589 -0.346001 -0.183177 -0.282854 -0.346001 -0.183177 -0.264589 -0.371509 -0.416745 -0.223883 -0.346001 -0.386707 -0.251538 -0.346001 -0.386707 -0.223883 -0.386166 -0.120999 -0.223883 -0.346001 -0.142471 -0.252523 -0.346001 -0.142471 -0.223883 -0.379023 -0.44908 -0.183177 -0.346001 -0.427413 -0.211773 -0.346001 -0.427413 -0.183177 -0.382283 -0.0978445 -0.183177 -0.346001 -0.101766 -0.19281 -0.346001 -0.101766 -0.183177 -0.355061 -0.471539 -0.142471 -0.346001 -0.468119 -0.148927 -0.346001 -0.468119 -0.142471 -0.352969 -0.0843229 -0.142471 -0.346001 -0.101766 -0.142471 -0.384233 -0.487549 -0.101766 -0.346001 -0.468119 -0.101766 -0.385005 -0.0749614 -0.101766 -0.346001 -0.497411 -0.0610597 -0.346001 -0.069077 -0.0610597 -0.346001 -0.502108 -0.0203538 -0.346001 -0.0662389 -0.0203538 -0.346001 -0.502108 0.0203521 -0.346001 -0.0662389 0.0203521 -0.346001 -0.497411 0.061058 -0.346001 -0.069077 0.061058 -0.346001 -0.487549 0.101764 -0.346001 -0.468119 0.101764 -0.385005 -0.0749614 0.101764 -0.346001 -0.471539 0.14247 -0.346001 -0.468119 0.148925 -0.346001 -0.468119 0.14247 -0.352969 -0.0843229 0.14247 -0.346001 -0.101766 0.14247 -0.384233 -0.44908 0.183176 -0.346001 -0.427413 0.211772 -0.346001 -0.427413 0.183176 -0.382283 -0.0978445 0.183176 -0.346001 -0.101766 0.192809 -0.346001 -0.101766 0.183176 -0.355061 -0.416745 0.223882 -0.346001 -0.386707 0.251536 -0.346001 -0.386707 0.223882 -0.386166 -0.120999 0.223882 -0.346001 -0.142471 0.252521 -0.346001 -0.142471 0.223882 -0.379023 -0.367647 0.264587 -0.346001 -0.346001 0.277794 -0.346001 -0.346001 0.264587 -0.367637 -0.305295 0.293588 -0.346001 -0.264589 0.299954 -0.346001 -0.223883 0.297 -0.346001 -0.158383 0.264587 -0.346001 -0.183177 0.282853 -0.346001 -0.183177 0.264587 -0.371509 -0.315918 -0.305295 -0.305295 -0.305295 -0.309326 -0.305295 -0.305295 -0.305295 -0.315912 -0.264589 -0.316764 -0.305295 -0.264589 -0.305295 -0.333291 -0.193168 -0.305295 -0.305295 -0.223883 -0.314946 -0.305295 -0.223883 -0.305295 -0.32745 -0.39084 -0.264589 -0.305295 -0.386707 -0.267924 -0.305295 -0.386707 -0.264589 -0.31407 -0.346001 -0.293598 -0.305295 -0.183177 -0.302462 -0.305295 -0.131943 -0.264589 -0.305295 -0.142471 -0.276606 -0.305295 -0.142471 -0.264589 -0.326484 -0.432986 -0.223883 -0.305295 -0.427413 -0.230151 -0.305295 -0.427413 -0.223883 -0.320368 -0.100835 -0.223883 -0.305295 -0.101766 -0.225776 -0.305295 -0.101766 -0.223883 -0.308007 -0.462323 -0.183177 -0.305295 -0.0832263 -0.183177 -0.305295 -0.483737 -0.142471 -0.305295 -0.468119 -0.17242 -0.305295 -0.0705779 -0.142471 -0.305295 -0.498435 -0.101766 -0.305295 -0.0618895 -0.101766 -0.305295 -0.50745 -0.0610597 -0.305295 -0.0572187 -0.0610597 -0.305295 -0.0610597 -0.095907 -0.305295 -0.0610597 -0.0610597 -0.321607 -0.512179 -0.0203538 -0.305295 -0.508825 -0.0482588 -0.305295 -0.508825 -0.0203538 -0.318619 -0.0550503 -0.0203538 -0.305295 -0.0610597 -0.0203538 -0.330497 -0.512179 0.0203521 -0.305295 -0.508825 0.0482571 -0.305295 -0.508825 0.0203521 -0.318619 -0.0550503 0.0203521 -0.305295 -0.0610597 0.0203521 -0.330497 -0.50745 0.061058 -0.305295 -0.0572187 0.061058 -0.305295 -0.0610597 0.0959053 -0.305295 -0.0610597 0.061058 -0.321607 -0.498435 0.101764 -0.305295 -0.0618895 0.101764 -0.305295 -0.483737 0.14247 -0.305295 -0.468119 0.172418 -0.305295 -0.0705779 0.14247 -0.305295 -0.462323 0.183176 -0.305295 -0.0832263 0.183176 -0.305295 -0.432986 0.223882 -0.305295 -0.427413 0.230149 -0.305295 -0.427413 0.223882 -0.320368 -0.100835 0.223882 -0.305295 -0.101766 0.225775 -0.305295 -0.101766 0.223882 -0.308007 -0.39084 0.264587 -0.305295 -0.386707 0.267923 -0.305295 -0.386707 0.264587 -0.31407 -0.346001 0.293597 -0.305295 -0.183177 0.302461 -0.305295 -0.131943 0.264587 -0.305295 -0.142471 0.276605 -0.305295 -0.142471 0.264587 -0.326484 -0.315918 0.305293 -0.305295 -0.305295 0.309324 -0.305295 -0.305295 0.305293 -0.315912 -0.264589 0.316762 -0.305295 -0.264589 0.305293 -0.333291 -0.193168 0.305293 -0.305295 -0.223883 0.314945 -0.305295 -0.223883 0.305293 -0.32745 -0.333314 -0.305295 -0.264589 -0.305295 -0.316769 -0.264589 -0.264589 -0.324999 -0.264589 -0.223883 -0.324498 -0.264589 -0.168657 -0.305295 -0.264589 -0.183177 -0.313878 -0.264589 -0.183177 -0.305295 -0.294988 -0.398186 -0.264589 -0.264589 -0.386707 -0.274129 -0.264589 -0.346001 -0.299967 -0.264589 -0.118003 -0.264589 -0.264589 -0.142471 -0.290618 -0.264589 -0.438072 -0.223883 -0.264589 -0.427413 -0.236116 -0.264589 -0.0904883 -0.223883 -0.264589 -0.101766 -0.245501 -0.264589 -0.466038 -0.183177 -0.264589 -0.0734381 -0.183177 -0.264589 -0.487022 -0.142471 -0.264589 -0.468119 -0.179208 -0.264589 -0.0613236 -0.142471 -0.264589 -0.501174 -0.101766 -0.264589 -0.0544455 -0.101766 -0.264589 -0.0610597 -0.1413 -0.264589 -0.0610597 -0.101766 -0.301829 -0.509997 -0.0610597 -0.264589 -0.508825 -0.0660369 -0.264589 -0.508825 -0.0610597 -0.282494 -0.508825 -0.0610597 -0.256874 -0.0502469 -0.0610597 -0.264589 -0.514817 -0.0203538 -0.264589 -0.0482516 -0.0203538 -0.264589 -0.514817 0.0203521 -0.264589 -0.0482516 0.0203521 -0.264589 -0.509997 0.061058 -0.264589 -0.508825 0.0660352 -0.264589 -0.508825 0.061058 -0.282494 -0.508825 0.061058 -0.256874 -0.0502469 0.061058 -0.264589 -0.501174 0.101764 -0.264589 -0.0544455 0.101764 -0.264589 -0.0610597 0.141298 -0.264589 -0.0610597 0.101764 -0.301829 -0.487022 0.14247 -0.264589 -0.468119 0.179206 -0.264589 -0.0613236 0.14247 -0.264589 -0.466038 0.183176 -0.264589 -0.0734381 0.183176 -0.264589 -0.438072 0.223882 -0.264589 -0.427413 0.236114 -0.264589 -0.0904883 0.223882 -0.264589 -0.101766 0.245499 -0.264589 -0.398186 0.264587 -0.264589 -0.386707 0.274128 -0.264589 -0.346001 0.299965 -0.264589 -0.118003 0.264587 -0.264589 -0.142471 0.290617 -0.264589 -0.333314 0.305293 -0.264589 -0.305295 0.316768 -0.264589 -0.264589 0.324998 -0.264589 -0.223883 0.324496 -0.264589 -0.168657 0.305293 -0.264589 -0.183177 0.313876 -0.264589 -0.183177 0.305293 -0.294988 -0.327477 -0.305295 -0.223883 -0.305295 -0.314954 -0.223883 -0.305295 -0.305295 -0.19314 -0.264589 -0.324501 -0.223883 -0.223883 -0.325351 -0.223883 -0.162671 -0.305295 -0.223883 -0.183177 -0.316425 -0.223883 -0.392492 -0.264589 -0.223883 -0.386707 -0.269517 -0.223883 -0.386707 -0.264589 -0.212439 -0.346001 -0.297017 -0.223883 -0.111915 -0.264589 -0.223883 -0.142471 -0.295106 -0.223883 -0.432288 -0.223883 -0.223883 -0.427413 -0.229574 -0.223883 -0.427413 -0.223883 -0.213143 -0.0854814 -0.223883 -0.223883 -0.101766 -0.253561 -0.223883 -0.460636 -0.183177 -0.223883 -0.0684155 -0.183177 -0.223883 -0.481393 -0.142471 -0.223883 -0.468119 -0.168556 -0.223883 -0.468119 -0.142471 -0.191156 -0.0572535 -0.142471 -0.223883 -0.0610597 -0.159616 -0.223883 -0.0610597 -0.142471 -0.2625 -0.49585 -0.101766 -0.223883 -0.0506583 -0.101766 -0.223883 -0.504668 -0.0610597 -0.223883 -0.046643 -0.0610597 -0.223883 -0.508846 -0.0203538 -0.223883 -0.508825 -0.0205339 -0.223883 -0.508825 -0.0203538 -0.223829 -0.0447444 -0.0203538 -0.223883 -0.508846 0.0203521 -0.223883 -0.508825 0.0205323 -0.223883 -0.508825 0.0203521 -0.223829 -0.0447444 0.0203521 -0.223883 -0.504668 0.061058 -0.223883 -0.046643 0.061058 -0.223883 -0.49585 0.101764 -0.223883 -0.0506583 0.101764 -0.223883 -0.481393 0.14247 -0.223883 -0.468119 0.168554 -0.223883 -0.468119 0.14247 -0.191156 -0.0572535 0.14247 -0.223883 -0.0610597 0.159614 -0.223883 -0.0610597 0.14247 -0.2625 -0.460636 0.183176 -0.223883 -0.0684155 0.183176 -0.223883 -0.432288 0.223882 -0.223883 -0.427413 0.229572 -0.223883 -0.427413 0.223882 -0.213143 -0.0854814 0.223882 -0.223883 -0.101766 0.253559 -0.223883 -0.392492 0.264587 -0.223883 -0.386707 0.269515 -0.223883 -0.386707 0.264587 -0.212439 -0.346001 0.297015 -0.223883 -0.111915 0.264587 -0.223883 -0.142471 0.295104 -0.223883 -0.327477 0.305293 -0.223883 -0.305295 0.314952 -0.223883 -0.305295 0.305293 -0.19314 -0.264589 0.324499 -0.223883 -0.223883 0.32535 -0.223883 -0.162671 0.305293 -0.223883 -0.183177 0.316423 -0.223883 -0.295016 -0.305295 -0.183177 -0.264589 -0.313883 -0.183177 -0.264589 -0.305295 -0.168648 -0.223883 -0.316427 -0.183177 -0.223883 -0.305295 -0.162666 -0.176149 -0.305295 -0.183177 -0.183177 -0.308828 -0.183177 -0.183177 -0.305295 -0.176149 -0.371538 -0.264589 -0.183177 -0.346001 -0.282871 -0.183177 -0.346001 -0.264589 -0.158362 -0.305295 -0.302471 -0.183177 -0.115817 -0.264589 -0.183177 -0.142471 -0.289821 -0.183177 -0.414461 -0.223883 -0.183177 -0.386707 -0.252231 -0.183177 -0.386707 -0.223883 -0.150846 -0.0867006 -0.223883 -0.183177 -0.101766 -0.250272 -0.183177 -0.444356 -0.183177 -0.183177 -0.427413 -0.207181 -0.183177 -0.427413 -0.183177 -0.161296 -0.0688213 -0.183177 -0.183177 -0.465224 -0.142471 -0.183177 -0.0572932 -0.142471 -0.183177 -0.0610597 -0.159077 -0.183177 -0.0610597 -0.142471 -0.154274 -0.480642 -0.101766 -0.183177 -0.468119 -0.134524 -0.183177 -0.468119 -0.101766 -0.165484 -0.0505856 -0.101766 -0.183177 -0.490327 -0.0610597 -0.183177 -0.468119 -0.0610597 -0.150998 -0.0465021 -0.0610597 -0.183177 -0.494912 -0.0203538 -0.183177 -0.468119 -0.0203538 -0.143855 -0.0445569 -0.0203538 -0.183177 -0.494912 0.0203521 -0.183177 -0.468119 0.0203521 -0.143855 -0.0445569 0.0203521 -0.183177 -0.490327 0.061058 -0.183177 -0.468119 0.061058 -0.150998 -0.0465021 0.061058 -0.183177 -0.480642 0.101764 -0.183177 -0.468119 0.134522 -0.183177 -0.468119 0.101764 -0.165484 -0.0505856 0.101764 -0.183177 -0.465224 0.14247 -0.183177 -0.0572932 0.14247 -0.183177 -0.0610597 0.159075 -0.183177 -0.0610597 0.14247 -0.154274 -0.444356 0.183176 -0.183177 -0.427413 0.207179 -0.183177 -0.427413 0.183176 -0.161296 -0.0688213 0.183176 -0.183177 -0.414461 0.223882 -0.183177 -0.386707 0.25223 -0.183177 -0.386707 0.223882 -0.150846 -0.0867006 0.223882 -0.183177 -0.101766 0.250271 -0.183177 -0.371538 0.264587 -0.183177 -0.346001 0.282869 -0.183177 -0.346001 0.264587 -0.158362 -0.305295 0.302469 -0.183177 -0.115817 0.264587 -0.183177 -0.142471 0.28982 -0.183177 -0.295016 0.305293 -0.183177 -0.264589 0.313881 -0.183177 -0.264589 0.305293 -0.168648 -0.223883 0.316425 -0.183177 -0.223883 0.305293 -0.162666 -0.176149 0.305293 -0.183177 -0.183177 0.308826 -0.183177 -0.183177 0.305293 -0.176149 -0.326505 -0.264589 -0.142471 -0.305295 -0.276616 -0.142471 -0.305295 -0.264589 -0.131935 -0.264589 -0.290623 -0.142471 -0.264589 -0.264589 -0.117998 -0.223883 -0.295108 -0.142471 -0.223883 -0.264589 -0.111912 -0.183177 -0.289822 -0.142471 -0.183177 -0.264589 -0.115816 -0.135107 -0.264589 -0.142471 -0.142471 -0.271272 -0.142471 -0.142471 -0.264589 -0.135107 -0.379048 -0.223883 -0.142471 -0.346001 -0.252538 -0.142471 -0.346001 -0.223883 -0.120989 -0.0968712 -0.223883 -0.142471 -0.101766 -0.232217 -0.142471 -0.101766 -0.223883 -0.133706 -0.412883 -0.183177 -0.142471 -0.386707 -0.215764 -0.142471 -0.386707 -0.183177 -0.122531 -0.0768037 -0.183177 -0.142471 -0.436311 -0.142471 -0.142471 -0.427413 -0.158278 -0.142471 -0.427413 -0.142471 -0.135026 -0.386707 -0.142471 -0.103498 -0.0631065 -0.142471 -0.142471 -0.452731 -0.101766 -0.142471 -0.427413 -0.101766 -0.120542 -0.0552406 -0.101766 -0.142471 -0.0610597 -0.13419 -0.142471 -0.0610597 -0.101766 -0.12181 -0.462606 -0.0610597 -0.142471 -0.427413 -0.0610597 -0.111268 -0.0504974 -0.0610597 -0.142471 -0.46724 -0.0203538 -0.142471 -0.427413 -0.0203538 -0.106741 -0.0481151 -0.0203538 -0.142471 -0.46724 0.0203521 -0.142471 -0.427413 0.0203521 -0.106741 -0.0481151 0.0203521 -0.142471 -0.462606 0.061058 -0.142471 -0.427413 0.061058 -0.111268 -0.0504974 0.061058 -0.142471 -0.452731 0.101764 -0.142471 -0.427413 0.101764 -0.120542 -0.0552406 0.101764 -0.142471 -0.0610597 0.134188 -0.142471 -0.0610597 0.101764 -0.12181 -0.436311 0.14247 -0.142471 -0.427413 0.158276 -0.142471 -0.427413 0.14247 -0.135026 -0.386707 0.14247 -0.103498 -0.0631065 0.14247 -0.142471 -0.412883 0.183176 -0.142471 -0.386707 0.215763 -0.142471 -0.386707 0.183176 -0.122531 -0.0768037 0.183176 -0.142471 -0.379048 0.223882 -0.142471 -0.346001 0.252537 -0.142471 -0.346001 0.223882 -0.120989 -0.0968712 0.223882 -0.142471 -0.101766 0.232216 -0.142471 -0.101766 0.223882 -0.133706 -0.326505 0.264587 -0.142471 -0.305295 0.276614 -0.142471 -0.305295 0.264587 -0.131935 -0.264589 0.290622 -0.142471 -0.264589 0.264587 -0.117998 -0.223883 0.295107 -0.142471 -0.223883 0.264587 -0.111912 -0.183177 0.289821 -0.142471 -0.183177 0.264587 -0.115816 -0.135107 0.264587 -0.142471 -0.142471 0.27127 -0.142471 -0.142471 0.264587 -0.135107 -0.308022 -0.223883 -0.101766 -0.305295 -0.225786 -0.101766 -0.305295 -0.223883 -0.10083 -0.264589 -0.245506 -0.101766 -0.264589 -0.223883 -0.0904859 -0.223883 -0.253564 -0.101766 -0.223883 -0.223883 -0.0854802 -0.183177 -0.250274 -0.101766 -0.183177 -0.223883 -0.0866997 -0.133706 -0.223883 -0.101766 -0.142471 -0.232218 -0.101766 -0.142471 -0.223883 -0.0968709 -0.355078 -0.183177 -0.101766 -0.346001 -0.192826 -0.101766 -0.346001 -0.183177 -0.0978382 -0.305295 -0.183177 -0.0832229 -0.264589 -0.183177 -0.0734363 -0.223883 -0.183177 -0.0684145 -0.183177 -0.183177 -0.0688207 -0.142471 -0.183177 -0.0768034 -0.0988017 -0.183177 -0.101766 -0.101766 -0.188871 -0.101766 -0.101766 -0.183177 -0.0988017 -0.38425 -0.142471 -0.101766 -0.346001 -0.142471 -0.0843178 -0.305295 -0.142471 -0.0705752 -0.264589 -0.142471 -0.0613221 -0.142471 -0.142471 -0.0631063 -0.0816298 -0.142471 -0.101766 -0.101766 -0.142471 -0.0816298 -0.404069 -0.101766 -0.101766 -0.386707 -0.137612 -0.101766 -0.386707 -0.101766 -0.0928231 -0.346001 -0.101766 -0.0749573 -0.305295 -0.101766 -0.0618873 -0.0696957 -0.101766 -0.101766 -0.101766 -0.101766 -0.0696955 -0.415975 -0.0610597 -0.101766 -0.386707 -0.0610597 -0.0863364 -0.346001 -0.0610597 -0.0690732 -0.0610595 -0.0610597 -0.101766 -0.0610597 -0.0610608 -0.101766 -0.0610597 -0.0610597 -0.101765 -0.421521 -0.0203538 -0.101766 -0.386707 -0.0203538 -0.0831981 -0.346001 -0.0203538 -0.0662355 -0.0571111 -0.0203538 -0.101766 -0.0610597 -0.0203538 -0.0926616 -0.421521 0.0203521 -0.101766 -0.386707 0.0203521 -0.0831981 -0.346001 0.0203521 -0.0662355 -0.0571111 0.0203521 -0.101766 -0.0610597 0.0203521 -0.0926616 -0.415975 0.061058 -0.101766 -0.386707 0.061058 -0.0863364 -0.346001 0.061058 -0.0690732 -0.0610595 0.061058 -0.101766 -0.0610597 0.0610592 -0.101766 -0.0610597 0.061058 -0.101765 -0.404069 0.101764 -0.101766 -0.386707 0.137611 -0.101766 -0.386707 0.101764 -0.0928231 -0.346001 0.101764 -0.0749573 -0.305295 0.101764 -0.0618873 -0.0696957 0.101764 -0.101766 -0.101766 0.101764 -0.0696955 -0.38425 0.14247 -0.101766 -0.346001 0.14247 -0.0843178 -0.305295 0.14247 -0.0705752 -0.264589 0.14247 -0.0613221 -0.142471 0.14247 -0.0631063 -0.0816298 0.14247 -0.101766 -0.101766 0.14247 -0.0816298 -0.355078 0.183176 -0.101766 -0.346001 0.192825 -0.101766 -0.346001 0.183176 -0.0978382 -0.305295 0.183176 -0.0832229 -0.264589 0.183176 -0.0734363 -0.223883 0.183176 -0.0684145 -0.183177 0.183176 -0.0688207 -0.142471 0.183176 -0.0768034 -0.0988017 0.183176 -0.101766 -0.101766 0.188869 -0.101766 -0.101766 0.183176 -0.0988017 -0.308022 0.223882 -0.101766 -0.305295 0.225784 -0.101766 -0.305295 0.223882 -0.10083 -0.264589 0.245504 -0.101766 -0.264589 0.223882 -0.0904859 -0.223883 0.253562 -0.101766 -0.223883 0.223882 -0.0854802 -0.183177 0.250272 -0.101766 -0.183177 0.223882 -0.0866997 -0.133706 0.223882 -0.101766 -0.142471 0.232216 -0.101766 -0.142471 0.223882 -0.0968709 -0.262511 -0.142471 -0.0610597 -0.223883 -0.159619 -0.0610597 -0.223883 -0.142471 -0.0572528 -0.154272 -0.142471 -0.0610597 -0.183177 -0.159078 -0.0610597 -0.183177 -0.142471 -0.0572928 -0.301838 -0.101766 -0.0610597 -0.264589 -0.141307 -0.0610597 -0.264589 -0.101766 -0.0544445 -0.223883 -0.101766 -0.0506577 -0.183177 -0.101766 -0.0505853 -0.12181 -0.101766 -0.0610597 -0.142471 -0.13419 -0.0610597 -0.142471 -0.101766 -0.0552406 -0.321616 -0.0610597 -0.0610597 -0.305295 -0.0959222 -0.0610597 -0.305295 -0.0610597 -0.0572171 -0.264589 -0.0610597 -0.050246 -0.223883 -0.0610597 -0.0466425 -0.183177 -0.0610597 -0.0465018 -0.142471 -0.0610597 -0.0504973 -0.101765 -0.0610597 -0.0610597 -0.101766 -0.061062 -0.0610597 -0.101766 -0.0610597 -0.0610593 -0.330506 -0.0203538 -0.0610597 -0.305295 -0.0203538 -0.0550488 -0.264589 -0.0203538 -0.0482507 -0.223883 -0.0203538 -0.0447438 -0.183177 -0.0203538 -0.0445568 -0.142471 -0.0203538 -0.048115 -0.0926616 -0.0203538 -0.0610597 -0.101766 -0.0203538 -0.0571111 -0.330506 0.0203521 -0.0610597 -0.305295 0.0203521 -0.0550488 -0.264589 0.0203521 -0.0482507 -0.223883 0.0203521 -0.0447438 -0.183177 0.0203521 -0.0445568 -0.142471 0.0203521 -0.048115 -0.0926616 0.0203521 -0.0610597 -0.101766 0.0203521 -0.0571111 -0.321616 0.061058 -0.0610597 -0.305295 0.0959204 -0.0610597 -0.305295 0.061058 -0.0572171 -0.264589 0.061058 -0.050246 -0.223883 0.061058 -0.0466425 -0.183177 0.061058 -0.0465018 -0.142471 0.061058 -0.0504973 -0.101765 0.061058 -0.0610597 -0.101766 0.0610603 -0.0610597 -0.101766 0.061058 -0.0610593 -0.301838 0.101764 -0.0610597 -0.264589 0.141305 -0.0610597 -0.264589 0.101764 -0.0544445 -0.223883 0.101764 -0.0506577 -0.183177 0.101764 -0.0505853 -0.12181 0.101764 -0.0610597 -0.142471 0.134189 -0.0610597 -0.142471 0.101764 -0.0552406 -0.262511 0.14247 -0.0610597 -0.223883 0.159617 -0.0610597 -0.223883 0.14247 -0.0572528 -0.154272 0.14247 -0.0610597 -0.183177 0.159077 -0.0610597 -0.183177 0.14247 -0.0572928 0.154271 -0.142471 0.061058 0.183176 -0.159078 0.061058 0.183176 -0.142471 0.0572911 0.262509 -0.142471 0.061058 0.223882 -0.159619 0.061058 0.223882 -0.142471 0.0572512 0.121808 -0.101766 0.061058 0.14247 -0.13419 0.061058 0.14247 -0.101766 0.0552388 0.183176 -0.101766 0.0505836 0.223882 -0.101766 0.0506561 0.301836 -0.101766 0.061058 0.264587 -0.141307 0.061058 0.264587 -0.101766 0.0544428 0.101763 -0.0610597 0.061058 0.101764 -0.061062 0.061058 0.101764 -0.0610597 0.0610576 0.14247 -0.0610597 0.0504956 0.183176 -0.0610597 0.0465001 0.223882 -0.0610597 0.0466408 0.264587 -0.0610597 0.0502443 0.321614 -0.0610597 0.061058 0.305293 -0.0959222 0.061058 0.305293 -0.0610597 0.0572154 0.0926599 -0.0203538 0.061058 0.101764 -0.0203538 0.0571094 0.14247 -0.0203538 0.0481133 0.183176 -0.0203538 0.0445551 0.223882 -0.0203538 0.0447421 0.264587 -0.0203538 0.0482491 0.330504 -0.0203538 0.061058 0.305293 -0.0203538 0.0550471 0.0926599 0.0203521 0.061058 0.101764 0.0203521 0.0571094 0.14247 0.0203521 0.0481133 0.183176 0.0203521 0.0445551 0.223882 0.0203521 0.0447421 0.264587 0.0203521 0.0482491 0.330504 0.0203521 0.061058 0.305293 0.0203521 0.0550471 0.101763 0.061058 0.061058 0.101764 0.0610603 0.061058 0.101764 0.061058 0.0610576 0.14247 0.061058 0.0504956 0.183176 0.061058 0.0465001 0.223882 0.061058 0.0466408 0.264587 0.061058 0.0502443 0.321614 0.061058 0.061058 0.305293 0.0959204 0.061058 0.305293 0.061058 0.0572154 0.121808 0.101764 0.061058 0.14247 0.134189 0.061058 0.14247 0.101764 0.0552388 0.183176 0.101764 0.0505836 0.223882 0.101764 0.0506561 0.301836 0.101764 0.061058 0.264587 0.141305 0.061058 0.264587 0.101764 0.0544428 0.154271 0.14247 0.061058 0.183176 0.159077 0.061058 0.183176 0.14247 0.0572911 0.262509 0.14247 0.061058 0.223882 0.159617 0.061058 0.223882 0.14247 0.0572512 0.133704 -0.223883 0.101764 0.14247 -0.232218 0.101764 0.14247 -0.223883 0.0968692 0.183176 -0.250274 0.101764 0.183176 -0.223883 0.086698 0.223882 -0.253564 0.101764 0.223882 -0.223883 0.0854785 0.264587 -0.245506 0.101764 0.264587 -0.223883 0.0904841 0.30802 -0.223883 0.101764 0.305293 -0.225786 0.101764 0.305293 -0.223883 0.100829 0.0988001 -0.183177 0.101764 0.101764 -0.188871 0.101764 0.101764 -0.183177 0.0988001 0.14247 -0.183177 0.0768017 0.183176 -0.183177 0.068819 0.223882 -0.183177 0.0684128 0.264587 -0.183177 0.0734345 0.305293 -0.183177 0.0832212 0.355076 -0.183177 0.101764 0.345999 -0.192826 0.101764 0.345999 -0.183177 0.0978366 0.081628 -0.142471 0.101764 0.101764 -0.142471 0.081628 0.14247 -0.142471 0.0631046 0.264587 -0.142471 0.0613204 0.305293 -0.142471 0.0705735 0.384248 -0.142471 0.101764 0.345999 -0.142471 0.0843161 0.0696939 -0.101766 0.101764 0.101764 -0.101766 0.0696937 0.305293 -0.101766 0.0618857 0.345999 -0.101766 0.0749556 0.404067 -0.101766 0.101764 0.386705 -0.137612 0.101764 0.386705 -0.101766 0.0928214 0.0610579 -0.0610597 0.101764 0.061058 -0.0610608 0.101764 0.061058 -0.0610597 0.101763 0.345999 -0.0610597 0.0690715 0.415974 -0.0610597 0.101764 0.386705 -0.0610597 0.0863346 0.0571094 -0.0203538 0.101764 0.061058 -0.0203538 0.0926599 0.345999 -0.0203538 0.0662338 0.421519 -0.0203538 0.101764 0.386705 -0.0203538 0.0831965 0.0571094 0.0203521 0.101764 0.061058 0.0203521 0.0926599 0.345999 0.0203521 0.0662338 0.421519 0.0203521 0.101764 0.386705 0.0203521 0.0831965 0.0610579 0.061058 0.101764 0.061058 0.0610592 0.101764 0.061058 0.061058 0.101763 0.345999 0.061058 0.0690715 0.415974 0.061058 0.101764 0.386705 0.061058 0.0863346 0.0696939 0.101764 0.101764 0.101764 0.101764 0.0696937 0.305293 0.101764 0.0618857 0.345999 0.101764 0.0749556 0.404067 0.101764 0.101764 0.386705 0.137611 0.101764 0.386705 0.101764 0.0928214 0.081628 0.14247 0.101764 0.101764 0.14247 0.081628 0.14247 0.14247 0.0631046 0.264587 0.14247 0.0613204 0.305293 0.14247 0.0705735 0.384248 0.14247 0.101764 0.345999 0.14247 0.0843161 0.0988001 0.183176 0.101764 0.101764 0.188869 0.101764 0.101764 0.183176 0.0988001 0.14247 0.183176 0.0768017 0.183176 0.183176 0.068819 0.223882 0.183176 0.0684128 0.264587 0.183176 0.0734345 0.305293 0.183176 0.0832212 0.355076 0.183176 0.101764 0.345999 0.192825 0.101764 0.345999 0.183176 0.0978366 0.133704 0.223882 0.101764 0.14247 0.232216 0.101764 0.14247 0.223882 0.0968692 0.183176 0.250272 0.101764 0.183176 0.223882 0.086698 0.223882 0.253562 0.101764 0.223882 0.223882 0.0854785 0.264587 0.245504 0.101764 0.264587 0.223882 0.0904841 0.30802 0.223882 0.101764 0.305293 0.225784 0.101764 0.305293 0.223882 0.100829 0.135105 -0.264589 0.14247 0.14247 -0.271272 0.14247 0.14247 -0.264589 0.135105 0.183176 -0.289822 0.14247 0.183176 -0.264589 0.115814 0.223882 -0.295108 0.14247 0.223882 -0.264589 0.11191 0.264587 -0.290623 0.14247 0.264587 -0.264589 0.117996 0.326503 -0.264589 0.14247 0.305293 -0.276616 0.14247 0.305293 -0.264589 0.131934 0.0968695 -0.223883 0.14247 0.101764 -0.232217 0.14247 0.101764 -0.223883 0.133704 0.379046 -0.223883 0.14247 0.345999 -0.252538 0.14247 0.345999 -0.223883 0.120987 0.076802 -0.183177 0.14247 0.412882 -0.183177 0.14247 0.386705 -0.215764 0.14247 0.386705 -0.183177 0.122529 0.0631048 -0.142471 0.14247 0.386705 -0.142471 0.103496 0.436309 -0.142471 0.14247 0.427411 -0.158278 0.14247 0.427411 -0.142471 0.135024 0.0552389 -0.101766 0.14247 0.061058 -0.13419 0.14247 0.061058 -0.101766 0.121809 0.452729 -0.101766 0.14247 0.427411 -0.101766 0.120541 0.0504956 -0.0610597 0.14247 0.462605 -0.0610597 0.14247 0.427411 -0.0610597 0.111266 0.0481134 -0.0203538 0.14247 0.467238 -0.0203538 0.14247 0.427411 -0.0203538 0.106739 0.0481134 0.0203521 0.14247 0.467238 0.0203521 0.14247 0.427411 0.0203521 0.106739 0.0504956 0.061058 0.14247 0.462605 0.061058 0.14247 0.427411 0.061058 0.111266 0.0552389 0.101764 0.14247 0.061058 0.134188 0.14247 0.061058 0.101764 0.121809 0.452729 0.101764 0.14247 0.427411 0.101764 0.120541 0.0631048 0.14247 0.14247 0.386705 0.14247 0.103496 0.436309 0.14247 0.14247 0.427411 0.158276 0.14247 0.427411 0.14247 0.135024 0.076802 0.183176 0.14247 0.412882 0.183176 0.14247 0.386705 0.215763 0.14247 0.386705 0.183176 0.122529 0.0968695 0.223882 0.14247 0.101764 0.232216 0.14247 0.101764 0.223882 0.133704 0.379046 0.223882 0.14247 0.345999 0.252537 0.14247 0.345999 0.223882 0.120987 0.135105 0.264587 0.14247 0.14247 0.27127 0.14247 0.14247 0.264587 0.135105 0.183176 0.289821 0.14247 0.183176 0.264587 0.115814 0.223882 0.295107 0.14247 0.223882 0.264587 0.11191 0.264587 0.290622 0.14247 0.264587 0.264587 0.117996 0.326503 0.264587 0.14247 0.305293 0.276614 0.14247 0.305293 0.264587 0.131934 0.176148 -0.305295 0.183176 0.183176 -0.308828 0.183176 0.183176 -0.305295 0.176147 0.223882 -0.316427 0.183176 0.223882 -0.305295 0.162665 0.295014 -0.305295 0.183176 0.264587 -0.313883 0.183176 0.264587 -0.305295 0.168647 0.115815 -0.264589 0.183176 0.14247 -0.289821 0.183176 0.305293 -0.302471 0.183176 0.371536 -0.264589 0.183176 0.345999 -0.282871 0.183176 0.345999 -0.264589 0.15836 0.0866989 -0.223883 0.183176 0.101764 -0.250272 0.183176 0.414459 -0.223883 0.183176 0.386705 -0.252231 0.183176 0.386705 -0.223883 0.150844 0.0688195 -0.183177 0.183176 0.444354 -0.183177 0.183176 0.427411 -0.207181 0.183176 0.427411 -0.183177 0.161294 0.0572915 -0.142471 0.183176 0.061058 -0.159077 0.183176 0.061058 -0.142471 0.154272 0.465222 -0.142471 0.183176 0.0505838 -0.101766 0.183176 0.48064 -0.101766 0.183176 0.468117 -0.134524 0.183176 0.468117 -0.101766 0.165483 0.0465004 -0.0610597 0.183176 0.490326 -0.0610597 0.183176 0.468117 -0.0610597 0.150996 0.0445552 -0.0203538 0.183176 0.49491 -0.0203538 0.183176 0.468117 -0.0203538 0.143853 0.0445552 0.0203521 0.183176 0.49491 0.0203521 0.183176 0.468117 0.0203521 0.143853 0.0465004 0.061058 0.183176 0.490326 0.061058 0.183176 0.468117 0.061058 0.150996 0.0505838 0.101764 0.183176 0.48064 0.101764 0.183176 0.468117 0.134522 0.183176 0.468117 0.101764 0.165483 0.0572915 0.14247 0.183176 0.061058 0.159075 0.183176 0.061058 0.14247 0.154272 0.465222 0.14247 0.183176 0.0688195 0.183176 0.183176 0.444354 0.183176 0.183176 0.427411 0.207179 0.183176 0.427411 0.183176 0.161294 0.0866989 0.223882 0.183176 0.101764 0.250271 0.183176 0.414459 0.223882 0.183176 0.386705 0.25223 0.183176 0.386705 0.223882 0.150844 0.115815 0.264587 0.183176 0.14247 0.28982 0.183176 0.305293 0.302469 0.183176 0.371536 0.264587 0.183176 0.345999 0.282869 0.183176 0.345999 0.264587 0.15836 0.176148 0.305293 0.183176 0.183176 0.308826 0.183176 0.183176 0.305293 0.176147 0.223882 0.316425 0.183176 0.223882 0.305293 0.162665 0.295014 0.305293 0.183176 0.264587 0.313881 0.183176 0.264587 0.305293 0.168647 0.162669 -0.305295 0.223882 0.183176 -0.316425 0.223882 0.223882 -0.325351 0.223882 0.264587 -0.324501 0.223882 0.327475 -0.305295 0.223882 0.305293 -0.314954 0.223882 0.305293 -0.305295 0.193138 0.111913 -0.264589 0.223882 0.14247 -0.295106 0.223882 0.345999 -0.297017 0.223882 0.39249 -0.264589 0.223882 0.386705 -0.269517 0.223882 0.386705 -0.264589 0.212437 0.0854797 -0.223883 0.223882 0.101764 -0.253561 0.223882 0.432286 -0.223883 0.223882 0.427411 -0.229574 0.223882 0.427411 -0.223883 0.213142 0.0684138 -0.183177 0.223882 0.460634 -0.183177 0.223882 0.0572518 -0.142471 0.223882 0.061058 -0.159616 0.223882 0.061058 -0.142471 0.262498 0.481391 -0.142471 0.223882 0.468117 -0.168556 0.223882 0.468117 -0.142471 0.191155 0.0506566 -0.101766 0.223882 0.495848 -0.101766 0.223882 0.0466413 -0.0610597 0.223882 0.504667 -0.0610597 0.223882 0.0447426 -0.0203538 0.223882 0.508844 -0.0203538 0.223882 0.508823 -0.0205339 0.223882 0.508823 -0.0203538 0.223828 0.0447426 0.0203521 0.223882 0.508844 0.0203521 0.223882 0.508823 0.0205323 0.223882 0.508823 0.0203521 0.223828 0.0466413 0.061058 0.223882 0.504667 0.061058 0.223882 0.0506566 0.101764 0.223882 0.495848 0.101764 0.223882 0.0572518 0.14247 0.223882 0.061058 0.159614 0.223882 0.061058 0.14247 0.262498 0.481391 0.14247 0.223882 0.468117 0.168554 0.223882 0.468117 0.14247 0.191155 0.0684138 0.183176 0.223882 0.460634 0.183176 0.223882 0.0854797 0.223882 0.223882 0.101764 0.253559 0.223882 0.432286 0.223882 0.223882 0.427411 0.229572 0.223882 0.427411 0.223882 0.213142 0.111913 0.264587 0.223882 0.14247 0.295104 0.223882 0.345999 0.297015 0.223882 0.39249 0.264587 0.223882 0.386705 0.269515 0.223882 0.386705 0.264587 0.212437 0.162669 0.305293 0.223882 0.183176 0.316423 0.223882 0.223882 0.32535 0.223882 0.264587 0.324499 0.223882 0.327475 0.305293 0.223882 0.305293 0.314952 0.223882 0.305293 0.305293 0.193138 0.168656 -0.305295 0.264587 0.183176 -0.313878 0.264587 0.183176 -0.305295 0.294987 0.223882 -0.324498 0.264587 0.264587 -0.324999 0.264587 0.333312 -0.305295 0.264587 0.305293 -0.316769 0.264587 0.118001 -0.264589 0.264587 0.14247 -0.290618 0.264587 0.345999 -0.299967 0.264587 0.398184 -0.264589 0.264587 0.386705 -0.274129 0.264587 0.0904866 -0.223883 0.264587 0.101764 -0.245501 0.264587 0.438071 -0.223883 0.264587 0.427411 -0.236116 0.264587 0.0734364 -0.183177 0.264587 0.466036 -0.183177 0.264587 0.0613219 -0.142471 0.264587 0.48702 -0.142471 0.264587 0.468117 -0.179208 0.264587 0.0544438 -0.101766 0.264587 0.061058 -0.1413 0.264587 0.061058 -0.101766 0.301827 0.501173 -0.101766 0.264587 0.0502452 -0.0610597 0.264587 0.509995 -0.0610597 0.264587 0.508823 -0.0660369 0.264587 0.508823 -0.0610597 0.256872 0.508823 -0.0610597 0.282492 0.0482499 -0.0203538 0.264587 0.514816 -0.0203538 0.264587 0.0482499 0.0203521 0.264587 0.514816 0.0203521 0.264587 0.0502452 0.061058 0.264587 0.509995 0.061058 0.264587 0.508823 0.0660352 0.264587 0.508823 0.061058 0.256872 0.508823 0.061058 0.282492 0.0544438 0.101764 0.264587 0.061058 0.141298 0.264587 0.061058 0.101764 0.301827 0.501173 0.101764 0.264587 0.0613219 0.14247 0.264587 0.48702 0.14247 0.264587 0.468117 0.179206 0.264587 0.0734364 0.183176 0.264587 0.466036 0.183176 0.264587 0.0904866 0.223882 0.264587 0.101764 0.245499 0.264587 0.438071 0.223882 0.264587 0.427411 0.236114 0.264587 0.118001 0.264587 0.264587 0.14247 0.290617 0.264587 0.345999 0.299965 0.264587 0.398184 0.264587 0.264587 0.386705 0.274128 0.264587 0.168656 0.305293 0.264587 0.183176 0.313876 0.264587 0.183176 0.305293 0.294987 0.223882 0.324496 0.264587 0.264587 0.324998 0.264587 0.333312 0.305293 0.264587 0.305293 0.316768 0.264587 0.193167 -0.305295 0.305293 0.223882 -0.314946 0.305293 0.223882 -0.305295 0.327449 0.264587 -0.316764 0.305293 0.264587 -0.305295 0.333289 0.315916 -0.305295 0.305293 0.305293 -0.309326 0.305293 0.305293 -0.305295 0.315911 0.131941 -0.264589 0.305293 0.14247 -0.276606 0.305293 0.14247 -0.264589 0.326482 0.183176 -0.302462 0.305293 0.345999 -0.293598 0.305293 0.390839 -0.264589 0.305293 0.386705 -0.267924 0.305293 0.386705 -0.264589 0.314068 0.100834 -0.223883 0.305293 0.101764 -0.225776 0.305293 0.101764 -0.223883 0.308006 0.432985 -0.223883 0.305293 0.427411 -0.230151 0.305293 0.427411 -0.223883 0.320366 0.0832246 -0.183177 0.305293 0.462322 -0.183177 0.305293 0.0705763 -0.142471 0.305293 0.483735 -0.142471 0.305293 0.468117 -0.17242 0.305293 0.0618878 -0.101766 0.305293 0.498433 -0.101766 0.305293 0.0572169 -0.0610597 0.305293 0.061058 -0.095907 0.305293 0.061058 -0.0610597 0.321605 0.507448 -0.0610597 0.305293 0.0550485 -0.0203538 0.305293 0.061058 -0.0203538 0.330496 0.512178 -0.0203538 0.305293 0.508823 -0.0482588 0.305293 0.508823 -0.0203538 0.318617 0.0550485 0.0203521 0.305293 0.061058 0.0203521 0.330496 0.512178 0.0203521 0.305293 0.508823 0.0482571 0.305293 0.508823 0.0203521 0.318617 0.0572169 0.061058 0.305293 0.061058 0.0959053 0.305293 0.061058 0.061058 0.321605 0.507448 0.061058 0.305293 0.0618878 0.101764 0.305293 0.498433 0.101764 0.305293 0.0705763 0.14247 0.305293 0.483735 0.14247 0.305293 0.468117 0.172418 0.305293 0.0832246 0.183176 0.305293 0.462322 0.183176 0.305293 0.100834 0.223882 0.305293 0.101764 0.225775 0.305293 0.101764 0.223882 0.308006 0.432985 0.223882 0.305293 0.427411 0.230149 0.305293 0.427411 0.223882 0.320366 0.131941 0.264587 0.305293 0.14247 0.276605 0.305293 0.14247 0.264587 0.326482 0.183176 0.302461 0.305293 0.345999 0.293597 0.305293 0.390839 0.264587 0.305293 0.386705 0.267923 0.305293 0.386705 0.264587 0.314068 0.193167 0.305293 0.305293 0.223882 0.314945 0.305293 0.223882 0.305293 0.327449 0.264587 0.316762 0.305293 0.264587 0.305293 0.333289 0.315916 0.305293 0.305293 0.305293 0.309324 0.305293 0.305293 0.305293 0.315911 0.158382 -0.264589 0.345999 0.183176 -0.282854 0.345999 0.183176 -0.264589 0.371507 0.223882 -0.297002 0.345999 0.264587 -0.299955 0.345999 0.305293 -0.29359 0.345999 0.367646 -0.264589 0.345999 0.345999 -0.277796 0.345999 0.345999 -0.264589 0.367635 0.120998 -0.223883 0.345999 0.14247 -0.252523 0.345999 0.14247 -0.223883 0.379022 0.416743 -0.223883 0.345999 0.386705 -0.251538 0.345999 0.386705 -0.223883 0.386164 0.0978428 -0.183177 0.345999 0.101764 -0.19281 0.345999 0.101764 -0.183177 0.35506 0.449078 -0.183177 0.345999 0.427411 -0.211773 0.345999 0.427411 -0.183177 0.382281 0.0843212 -0.142471 0.345999 0.101764 -0.142471 0.384231 0.471537 -0.142471 0.345999 0.468117 -0.148927 0.345999 0.468117 -0.142471 0.352967 0.0749598 -0.101766 0.345999 0.487548 -0.101766 0.345999 0.468117 -0.101766 0.385003 0.0690753 -0.0610597 0.345999 0.497409 -0.0610597 0.345999 0.0662372 -0.0203538 0.345999 0.502107 -0.0203538 0.345999 0.0662372 0.0203521 0.345999 0.502107 0.0203521 0.345999 0.0690753 0.061058 0.345999 0.497409 0.061058 0.345999 0.0749598 0.101764 0.345999 0.487548 0.101764 0.345999 0.468117 0.101764 0.385003 0.0843212 0.14247 0.345999 0.101764 0.14247 0.384231 0.471537 0.14247 0.345999 0.468117 0.148925 0.345999 0.468117 0.14247 0.352967 0.0978428 0.183176 0.345999 0.101764 0.192809 0.345999 0.101764 0.183176 0.35506 0.449078 0.183176 0.345999 0.427411 0.211772 0.345999 0.427411 0.183176 0.382281 0.120998 0.223882 0.345999 0.14247 0.252521 0.345999 0.14247 0.223882 0.379022 0.416743 0.223882 0.345999 0.386705 0.251536 0.345999 0.386705 0.223882 0.386164 0.158382 0.264587 0.345999 0.183176 0.282853 0.345999 0.183176 0.264587 0.371507 0.223882 0.297 0.345999 0.264587 0.299954 0.345999 0.305293 0.293588 0.345999 0.367646 0.264587 0.345999 0.345999 0.277794 0.345999 0.345999 0.264587 0.367635 0.2125 -0.264589 0.386705 0.223882 -0.26949 0.386705 0.223882 -0.264589 0.392456 0.264587 -0.274104 0.386705 0.264587 -0.264589 0.398149 0.314018 -0.264589 0.386705 0.305293 -0.267904 0.386705 0.305293 -0.264589 0.390811 0.150873 -0.223883 0.386705 0.183176 -0.252204 0.386705 0.183176 -0.223883 0.414425 0.386164 -0.223883 0.386705 0.345999 -0.251525 0.386705 0.345999 -0.223883 0.416715 0.122545 -0.183177 0.386705 0.14247 -0.215737 0.386705 0.14247 -0.183177 0.412855 0.424282 -0.183177 0.386705 0.386705 -0.223441 0.386705 0.386705 -0.183177 0.424265 0.103509 -0.142471 0.386705 0.450029 -0.142471 0.386705 0.427411 -0.178764 0.386705 0.427411 -0.142471 0.41486 0.0928293 -0.101766 0.386705 0.101764 -0.137578 0.386705 0.101764 -0.101766 0.404048 0.467194 -0.101766 0.386705 0.0863419 -0.0610597 0.386705 0.101764 -0.0610597 0.415955 0.478346 -0.0610597 0.386705 0.468117 -0.0983809 0.386705 0.468117 -0.0610597 0.40195 0.0832032 -0.0203538 0.386705 0.101764 -0.0203538 0.421501 0.483702 -0.0203538 0.386705 0.468117 -0.0203538 0.409878 0.0832032 0.0203521 0.386705 0.101764 0.0203521 0.421501 0.483702 0.0203521 0.386705 0.468117 0.0203521 0.409878 0.0863419 0.061058 0.386705 0.101764 0.061058 0.415955 0.478346 0.061058 0.386705 0.468117 0.0983793 0.386705 0.468117 0.061058 0.40195 0.0928293 0.101764 0.386705 0.101764 0.137576 0.386705 0.101764 0.101764 0.404048 0.467194 0.101764 0.386705 0.103509 0.14247 0.386705 0.450029 0.14247 0.386705 0.427411 0.178762 0.386705 0.427411 0.14247 0.41486 0.122545 0.183176 0.386705 0.14247 0.215735 0.386705 0.14247 0.183176 0.412855 0.424282 0.183176 0.386705 0.386705 0.22344 0.386705 0.386705 0.183176 0.424265 0.150873 0.223882 0.386705 0.183176 0.252202 0.386705 0.183176 0.223882 0.414425 0.386164 0.223882 0.386705 0.345999 0.251523 0.386705 0.345999 0.223882 0.416715 0.2125 0.264587 0.386705 0.223882 0.269488 0.386705 0.223882 0.264587 0.392456 0.264587 0.274103 0.386705 0.264587 0.264587 0.398149 0.314018 0.264587 0.386705 0.305293 0.267902 0.386705 0.305293 0.264587 0.390811 0.213228 -0.223883 0.427411 0.223882 -0.229528 0.427411 0.223882 -0.223883 0.432245 0.264587 -0.23607 0.427411 0.264587 -0.223883 0.438027 0.320273 -0.223883 0.427411 0.305293 -0.230109 0.427411 0.305293 -0.223883 0.432945 0.161335 -0.183177 0.427411 0.183176 -0.207134 0.427411 0.183176 -0.183177 0.444316 0.223882 -0.183177 0.460591 0.264587 -0.183177 0.46599 0.305293 -0.183177 0.462277 0.382253 -0.183177 0.427411 0.345999 -0.211736 0.427411 0.345999 -0.183177 0.449041 0.135047 -0.142471 0.427411 0.14247 -0.158227 0.427411 0.14247 -0.142471 0.436279 0.183176 -0.142471 0.465184 0.414853 -0.142471 0.427411 0.386705 -0.178738 0.427411 0.386705 -0.142471 0.450001 0.120561 -0.101766 0.427411 0.14247 -0.101766 0.452698 0.386705 -0.101766 0.46716 0.435867 -0.101766 0.427411 0.427411 -0.119267 0.427411 0.427411 -0.101766 0.435863 0.111284 -0.0610597 0.427411 0.14247 -0.0610597 0.462574 0.448597 -0.0610597 0.427411 0.427411 -0.0610597 0.448585 0.106756 -0.0203538 0.427411 0.14247 -0.0203538 0.467208 0.454658 -0.0203538 0.427411 0.427411 -0.0203538 0.454644 0.106756 0.0203521 0.427411 0.14247 0.0203521 0.467208 0.454658 0.0203521 0.427411 0.427411 0.0203521 0.454644 0.111284 0.061058 0.427411 0.14247 0.061058 0.462574 0.448597 0.061058 0.427411 0.427411 0.061058 0.448585 0.120561 0.101764 0.427411 0.14247 0.101764 0.452698 0.386705 0.101764 0.46716 0.435867 0.101764 0.427411 0.427411 0.119266 0.427411 0.427411 0.101764 0.435863 0.135047 0.14247 0.427411 0.14247 0.158225 0.427411 0.14247 0.14247 0.436279 0.183176 0.14247 0.465184 0.414853 0.14247 0.427411 0.386705 0.178736 0.427411 0.386705 0.14247 0.450001 0.161335 0.183176 0.427411 0.183176 0.207132 0.427411 0.183176 0.183176 0.444316 0.223882 0.183176 0.460591 0.264587 0.183176 0.46599 0.305293 0.183176 0.462277 0.382253 0.183176 0.427411 0.345999 0.211735 0.427411 0.345999 0.183176 0.449041 0.213228 0.223882 0.427411 0.223882 0.229526 0.427411 0.223882 0.223882 0.432245 0.264587 0.236069 0.427411 0.264587 0.223882 0.438027 0.320273 0.223882 0.427411 0.305293 0.230107 0.427411 0.305293 0.223882 0.432945 0.191262 -0.142471 0.468117 0.223882 -0.168466 0.468117 0.223882 -0.142471 0.481341 0.264587 -0.179118 0.468117 0.264587 -0.142471 0.486966 0.305293 -0.172331 0.468117 0.305293 -0.142471 0.483682 0.352881 -0.142471 0.468117 0.345999 -0.148843 0.468117 0.345999 -0.142471 0.471491 0.165537 -0.101766 0.468117 0.183176 -0.134418 0.468117 0.183176 -0.101766 0.480596 0.223882 -0.101766 0.495798 0.264587 -0.101766 0.501119 0.305293 -0.101766 0.498378 0.384939 -0.101766 0.468117 0.345999 -0.101766 0.487497 0.151046 -0.0610597 0.468117 0.183176 -0.0610597 0.490282 0.223882 -0.0610597 0.504618 0.305293 -0.0610597 0.507392 0.345999 -0.0610597 0.497357 0.401907 -0.0610597 0.468117 0.386705 -0.0982562 0.468117 0.386705 -0.0610597 0.478307 0.1439 -0.0203538 0.468117 0.183176 -0.0203538 0.494867 0.223882 -0.0203538 0.508792 0.345999 -0.0203538 0.502054 0.409841 -0.0203538 0.468117 0.386705 -0.0203538 0.483661 0.1439 0.0203521 0.468117 0.183176 0.0203521 0.494867 0.223882 0.0203521 0.508792 0.345999 0.0203521 0.502054 0.409841 0.0203521 0.468117 0.386705 0.0203521 0.483661 0.151046 0.061058 0.468117 0.183176 0.061058 0.490282 0.223882 0.061058 0.504618 0.305293 0.061058 0.507392 0.345999 0.061058 0.497357 0.401907 0.061058 0.468117 0.386705 0.0982546 0.468117 0.386705 0.061058 0.478307 0.165537 0.101764 0.468117 0.183176 0.134416 0.468117 0.183176 0.101764 0.480596 0.223882 0.101764 0.495798 0.264587 0.101764 0.501119 0.305293 0.101764 0.498378 0.384939 0.101764 0.468117 0.345999 0.101764 0.487497 0.191262 0.14247 0.468117 0.223882 0.168465 0.468117 0.223882 0.14247 0.481341 0.264587 0.179117 0.468117 0.264587 0.14247 0.486966 0.305293 0.17233 0.468117 0.305293 0.14247 0.483682 0.352881 0.14247 0.468117 0.345999 0.148842 0.468117 0.345999 0.14247 0.471491 0.257282 -0.0610597 0.508823 0.281549 -0.0610597 0.508823 0.264587 -0.0657718 0.508823 0.264587 -0.0610597 0.509932 0.224136 -0.0203538 0.508823 0.264587 -0.0203538 0.514752 0.318375 -0.0203538 0.508823 0.305293 -0.0477388 0.508823 0.305293 -0.0203538 0.512114 0.224136 0.0203521 0.508823 0.264587 0.0203521 0.514752 0.318375 0.0203521 0.508823 0.305293 0.0477371 0.508823 0.305293 0.0203521 0.512114 0.257282 0.061058 0.508823 0.281549 0.061058 0.508823 0.264587 0.0657701 0.508823 0.264587 0.061058 0.509932"/>
     <Normal vector="-0.0347272 -0.163726 -0.985894 0.0772664 -0.161783 -0.983797 0.0400961 -0.174269 -0.983881 0.0402599 -0.162192 -0.985938 -0.198405 -0.0549149 -0.978581 -0.145968 -0.127938 -0.980982 -0.14513 -0.0546985 -0.987899 0.23771 -0.0523637 -0.969924 0.0410578 -0.0539749 -0.997698 -0.198405 0.0549149 -0.978581 -0.145968 0.127938 -0.980982 -0.14513 0.0546985 -0.987899 0.23771 0.0523637 -0.969924 0.0410578 0.0539749 -0.997698 -0.0347272 0.163726 -0.985894 0.0772664 0.161783 -0.983797 0.0400961 0.174269 -0.983881 0.0402599 0.162192 -0.985938 -0.363354 -0.393961 -0.844256 -0.338475 -0.410365 -0.846779 -0.337171 -0.393539 -0.855244 -0.1645 -0.475901 -0.863978 -0.15945 -0.392515 -0.905819 0.0254296 -0.490645 -0.870989 0.0304459 -0.387591 -0.921328 0.400957 -0.36213 -0.841484 0.229156 -0.446309 -0.865041 0.231452 -0.377181 -0.896752 -0.489714 -0.278713 -0.826135 -0.331255 -0.279188 -0.90129 -0.152635 -0.277251 -0.948596 0.0360754 -0.273273 -0.96126 0.234867 -0.266346 -0.934825 0.534436 -0.244124 -0.809186 0.440645 -0.33478 -0.832919 0.441655 -0.252959 -0.860786 -0.548782 -0.166655 -0.819185 -0.497323 -0.268468 -0.824982 -0.493863 -0.166558 -0.853439 -0.325747 -0.166282 -0.93072 -0.14682 -0.164584 -0.975375 0.237462 -0.158079 -0.958448 0.60622 -0.140071 -0.782865 0.442689 -0.150697 -0.883921 -0.576988 -0.0554018 -0.814872 -0.491618 -0.0553905 -0.869048 -0.322496 -0.0551701 -0.944962 0.238858 -0.0523497 -0.969642 0.639176 -0.0455163 -0.767712 0.443164 -0.0500087 -0.895044 -0.576988 0.0554018 -0.814872 -0.491618 0.0553905 -0.869048 -0.322496 0.0551701 -0.944962 0.238858 0.0523497 -0.969642 0.639176 0.0455163 -0.767712 0.443164 0.0500087 -0.895044 -0.548782 0.166655 -0.819185 -0.497323 0.268468 -0.824982 -0.493863 0.166558 -0.853439 -0.325747 0.166282 -0.93072 -0.14682 0.164584 -0.975375 0.237462 0.158079 -0.958448 0.60622 0.140071 -0.782865 0.442689 0.150697 -0.883921 -0.489714 0.278713 -0.826135 -0.331255 0.279188 -0.90129 -0.152635 0.277251 -0.948596 0.0360754 0.273273 -0.96126 0.234867 0.266346 -0.934825 0.534436 0.244124 -0.809186 0.440645 0.33478 -0.832919 0.441655 0.252959 -0.860786 -0.363354 0.393961 -0.844256 -0.338475 0.410365 -0.846779 -0.337171 0.393539 -0.855244 -0.1645 0.475901 -0.863978 -0.15945 0.392515 -0.905819 0.0254296 0.490645 -0.870988 0.0304459 0.387591 -0.921328 0.400957 0.36213 -0.841484 0.229156 0.44631 -0.865041 0.231452 0.377181 -0.896752 -0.246149 -0.638985 -0.728772 -0.184397 -0.653924 -0.733745 -0.182232 -0.636802 -0.749182 0.00831586 -0.664917 -0.746871 0.0119436 -0.630711 -0.775926 0.276047 -0.60959 -0.743101 0.216575 -0.629955 -0.745823 0.217788 -0.614923 -0.757917 -0.502093 -0.514413 -0.695185 -0.361187 -0.59809 -0.715425 -0.351466 -0.515084 -0.781767 -0.168214 -0.511234 -0.842819 0.0242604 -0.504078 -0.863318 0.226207 -0.492722 -0.840271 0.55252 -0.450597 -0.701202 0.433905 -0.533656 -0.725905 0.436456 -0.470434 -0.766941 -0.619603 -0.395553 -0.67796 -0.521198 -0.499579 -0.691935 -0.511109 -0.395708 -0.763009 0.439869 -0.357788 -0.823713 0.682446 -0.319908 -0.657211 0.645444 -0.363097 -0.671983 0.645571 -0.327771 -0.689786 -0.693032 -0.279459 -0.664537 -0.668171 -0.326527 -0.668527 -0.664177 -0.279454 -0.693379 -0.497966 -0.278684 -0.821197 0.750831 -0.213687 -0.624972 0.646296 -0.231171 -0.727229 -0.733957 -0.166868 -0.658379 -0.658005 -0.166863 -0.734293 0.790209 -0.121817 -0.600608 0.646034 -0.137026 -0.750909 -0.754107 -0.0554271 -0.654409 -0.654031 -0.0554302 -0.754434 0.808029 -0.039512 -0.587817 0.645657 -0.0453441 -0.76228 -0.754107 0.0554271 -0.654409 -0.654031 0.0554302 -0.754434 0.808029 0.039512 -0.587817 0.645657 0.0453441 -0.76228 -0.733957 0.166868 -0.658379 -0.658005 0.166863 -0.734293 0.790209 0.121817 -0.600608 0.646034 0.137026 -0.750909 -0.693032 0.279459 -0.664537 -0.668171 0.326527 -0.668527 -0.664177 0.279454 -0.693379 -0.497966 0.278684 -0.821197 0.750831 0.213687 -0.624972 0.646296 0.231171 -0.727229 -0.619603 0.395553 -0.67796 -0.521197 0.499579 -0.691935 -0.511109 0.395708 -0.763009 0.439869 0.357788 -0.823713 0.682446 0.319908 -0.657211 0.645444 0.363097 -0.671983 0.645571 0.327771 -0.689786 -0.502093 0.514413 -0.695185 -0.361187 0.59809 -0.715425 -0.351466 0.515084 -0.781767 -0.168214 0.511234 -0.842819 0.0242604 0.504078 -0.863318 0.226207 0.492722 -0.840271 0.55252 0.450597 -0.701202 0.433905 0.533656 -0.725905 0.436456 0.470434 -0.766941 -0.246149 0.638985 -0.728772 -0.184397 0.653924 -0.733745 -0.182232 0.636802 -0.749182 0.00831588 0.664917 -0.746871 0.0119436 0.630711 -0.775926 0.276047 0.60959 -0.743101 0.216575 0.629955 -0.745823 0.217788 0.614923 -0.757917 -0.241543 -0.773181 -0.586386 -0.2058 -0.780994 -0.589656 -0.203974 -0.771626 -0.602485 -0.0109015 -0.794276 -0.60746 -0.00606642 -0.766126 -0.642661 0.266319 -0.74326 -0.613709 0.201229 -0.763247 -0.613971 0.203209 -0.749311 -0.630269 -0.542106 -0.639473 -0.545156 -0.384597 -0.726243 -0.569787 -0.368487 -0.640884 -0.673413 0.600599 -0.553076 -0.577397 0.423975 -0.673379 -0.605645 0.430572 -0.589604 -0.683356 -0.67899 -0.514368 -0.52383 -0.544466 -0.637814 -0.544748 -0.523548 -0.51434 -0.679229 0.741855 -0.403858 -0.535303 0.641982 -0.51538 -0.567664 0.644634 -0.431407 -0.631138 -0.76279 -0.39575 -0.511404 -0.691627 -0.499695 -0.521496 -0.677615 -0.395562 -0.619975 0.82248 -0.281712 -0.49413 -0.821008 -0.278716 -0.49826 0.864176 -0.18686 -0.467209 0.829327 -0.268098 -0.490245 0.829423 -0.196809 -0.522804 -0.853252 -0.166589 -0.494176 -0.824662 -0.268861 -0.497641 -0.818842 -0.166676 -0.549288 0.887366 -0.106415 -0.448617 0.828627 -0.116703 -0.547501 -0.868868 -0.0554052 -0.491934 -0.814508 -0.0554056 -0.5775 0.897814 -0.0345137 -0.43902 0.827819 -0.0386235 -0.559664 -0.868868 0.0554052 -0.491934 -0.814508 0.0554056 -0.5775 0.897814 0.0345137 -0.43902 0.827819 0.0386235 -0.559664 -0.853252 0.166589 -0.494176 -0.824662 0.268861 -0.497641 -0.818842 0.166676 -0.549288 0.887366 0.106415 -0.448617 0.828627 0.116703 -0.547501 -0.821008 0.278716 -0.49826 0.864176 0.18686 -0.467209 0.829327 0.268098 -0.490245 0.829423 0.196809 -0.522804 -0.76279 0.39575 -0.511404 -0.691627 0.499695 -0.521496 -0.677615 0.395562 -0.619975 0.82248 0.281712 -0.49413 -0.67899 0.514368 -0.52383 -0.544466 0.637814 -0.544748 -0.523548 0.51434 -0.679229 0.741855 0.403858 -0.535303 0.641982 0.51538 -0.567664 0.644634 0.431407 -0.631138 -0.542106 0.639473 -0.545156 -0.384597 0.726243 -0.569787 -0.368487 0.640884 -0.673413 0.600599 0.553076 -0.577397 0.423975 0.673379 -0.605645 0.430572 0.589604 -0.683356 -0.241543 0.773181 -0.586386 -0.2058 0.780994 -0.589656 -0.203974 0.771626 -0.602485 -0.0109015 0.794276 -0.60746 -0.00606642 0.766126 -0.642661 0.266319 0.74326 -0.613709 0.201229 0.763247 -0.613971 0.203209 0.749311 -0.630269 -0.489452 -0.776452 -0.396937 -0.408365 -0.816275 -0.408575 -0.396732 -0.776435 -0.489644 -0.230043 -0.872055 -0.431973 -0.0325574 -0.891413 -0.452021 0.182428 -0.864849 -0.467713 0.552905 -0.693827 -0.461411 0.410464 -0.780601 -0.471362 0.418954 -0.722055 -0.550559 -0.673256 -0.640933 -0.368689 -0.56954 -0.726323 -0.384811 -0.544875 -0.639474 -0.542388 0.746733 -0.509317 -0.42777 0.635847 -0.625797 -0.451749 0.640982 -0.542771 -0.542717 -0.781632 -0.515152 -0.351667 -0.715163 -0.598269 -0.361409 -0.694864 -0.514446 -0.502504 0.846056 -0.36295 -0.390458 0.830236 -0.389994 -0.398262 0.830411 -0.370531 -0.416082 -0.855122 -0.393621 -0.337386 -0.846539 -0.41067 -0.338707 -0.843974 -0.394042 -0.363923 0.897041 -0.253763 -0.36183 0.829446 -0.279589 -0.483579 -0.901199 -0.27925 -0.331452 -0.825776 -0.278746 -0.490301 0.9264 -0.165688 -0.338128 -0.930646 -0.166322 -0.325936 0.942227 -0.093258 -0.321731 -0.9449 -0.0551914 -0.322673 0.949135 -0.030076 -0.313431 -0.9449 0.0551914 -0.322673 0.949135 0.030076 -0.313431 -0.930646 0.166322 -0.325936 0.942227 0.093258 -0.321731 -0.901199 0.27925 -0.331452 -0.825776 0.278746 -0.490301 0.9264 0.165688 -0.338128 -0.855122 0.393621 -0.337386 -0.846539 0.41067 -0.338707 -0.843974 0.394042 -0.363923 0.897041 0.253763 -0.36183 0.829446 0.279589 -0.483579 -0.781632 0.515152 -0.351667 -0.715163 0.598269 -0.361409 -0.694864 0.514446 -0.502504 0.846056 0.36295 -0.390458 0.830236 0.389994 -0.398262 0.830411 0.370531 -0.416082 -0.673256 0.640933 -0.368689 -0.56954 0.726323 -0.384811 -0.544875 0.639474 -0.542388 0.746733 0.509317 -0.42777 0.635847 0.625797 -0.451749 0.640982 0.542771 -0.542717 -0.489452 0.776452 -0.396937 -0.408365 0.816275 -0.408575 -0.396732 0.776435 -0.489644 -0.230043 0.872055 -0.431973 -0.0325575 0.891413 -0.452021 0.182428 0.864849 -0.467713 0.552905 0.693827 -0.461411 0.410464 0.780601 -0.471362 0.418954 0.722055 -0.550559 -0.296777 -0.92216 -0.248082 -0.2536 -0.933434 -0.253749 -0.247938 -0.922154 -0.296916 -0.0577206 -0.958372 -0.279628 -0.0406122 -0.918074 -0.394322 0.338052 -0.887101 -0.314282 0.159466 -0.939813 -0.302197 0.172077 -0.905614 -0.387624 -0.60236 -0.771689 -0.204101 -0.589446 -0.781116 -0.205941 -0.586149 -0.773246 -0.24191 -0.431783 -0.872111 -0.230185 0.392067 -0.863534 -0.317162 0.683973 -0.657951 -0.315091 0.625488 -0.71175 -0.31965 0.631315 -0.673882 -0.383828 -0.749083 -0.636886 -0.182345 -0.733531 -0.654126 -0.18453 -0.728506 -0.639071 -0.246712 0.832117 -0.471406 -0.292161 0.828147 -0.477656 -0.293288 0.82841 -0.473427 -0.299341 -0.842756 -0.511313 -0.168291 0.902383 -0.336324 -0.269427 -0.905767 -0.392603 -0.15953 -0.863759 -0.476263 -0.164604 0.94137 -0.229963 -0.246861 -0.948571 -0.27731 -0.152686 0.962268 -0.14778 -0.228478 -0.975362 -0.164621 -0.14686 0.972512 -0.0831464 -0.217503 0.964268 -0.137144 -0.226669 0.963813 -0.0866733 -0.252098 -0.987891 -0.054711 -0.145186 -0.980781 -0.129387 -0.14604 -0.978353 -0.054934 -0.199519 0.976901 -0.0268302 -0.212 0.963129 -0.0286673 -0.26751 -0.987891 0.054711 -0.145186 -0.980781 0.129387 -0.14604 -0.978353 0.054934 -0.199519 0.976901 0.0268302 -0.212 0.963129 0.0286673 -0.26751 -0.975362 0.164621 -0.14686 0.972512 0.0831464 -0.217503 0.964268 0.137144 -0.226669 0.963813 0.0866733 -0.252098 -0.948571 0.27731 -0.152686 0.962268 0.14778 -0.228478 -0.905767 0.392603 -0.15953 -0.863759 0.476263 -0.164604 0.94137 0.229963 -0.246861 -0.842756 0.511313 -0.168291 0.902383 0.336324 -0.269427 -0.749083 0.636886 -0.182345 -0.733531 0.654126 -0.18453 -0.728506 0.639071 -0.246712 0.832117 0.471406 -0.292161 0.828147 0.477656 -0.293288 0.82841 0.473427 -0.299341 -0.60236 0.771689 -0.204101 -0.589446 0.781115 -0.205941 -0.586149 0.773246 -0.24191 -0.431783 0.872111 -0.230185 0.392067 0.863534 -0.317162 0.683973 0.657951 -0.315091 0.625488 0.71175 -0.31965 0.631315 0.673882 -0.383828 -0.296777 0.92216 -0.248082 -0.2536 0.933434 -0.253749 -0.247938 0.922154 -0.296916 -0.0577207 0.958372 -0.279628 -0.0406122 0.918074 -0.394322 0.338052 0.887101 -0.314282 0.159466 0.939813 -0.302197 0.172077 0.905614 -0.387624 -0.394265 -0.918096 -0.0406822 -0.279497 -0.958404 -0.0578112 -0.0857158 -0.992617 -0.0858131 0.131348 -0.984589 -0.115469 0.458433 -0.875535 -0.152567 0.367864 -0.918682 -0.143873 0.386569 -0.881663 -0.270619 -0.642583 -0.766192 -0.00610051 -0.607276 -0.794416 -0.0109601 -0.45185 -0.891497 -0.0326368 0.747273 -0.64159 -0.173051 0.610092 -0.774413 -0.167548 -0.775859 -0.630793 0.0119428 -0.746678 -0.665134 0.00829057 0.873766 -0.455803 -0.169636 0.82489 -0.537977 -0.173601 -0.863279 -0.504143 0.0242864 0.934949 -0.317345 -0.158628 -0.921295 -0.387667 0.0305 -0.870787 -0.491002 0.025434 0.966198 -0.212731 -0.145627 -0.961243 -0.273323 0.0361464 0.981184 -0.137175 -0.135875 0.966844 -0.21 -0.145303 0.964683 -0.1467 -0.218782 -0.985928 -0.162234 0.0403319 -0.98375 -0.174997 0.0401563 -0.985717 -0.163831 -0.0390086 -0.983624 -0.161791 0.0794188 0.988718 -0.0765653 -0.12874 -0.997694 -0.0539893 0.0411377 0.991848 -0.0245846 -0.125033 -0.997694 0.0539893 0.0411377 0.991848 0.0245846 -0.125033 -0.985928 0.162234 0.0403319 -0.98375 0.174997 0.0401563 -0.985717 0.163831 -0.0390086 -0.983624 0.161791 0.0794188 0.988718 0.0765653 -0.12874 -0.961243 0.273323 0.0361464 0.981184 0.137175 -0.135875 0.966844 0.21 -0.145303 0.964683 0.1467 -0.218782 -0.921295 0.387667 0.0305 -0.870787 0.491002 0.025434 0.966198 0.212731 -0.145627 -0.863279 0.504143 0.0242864 0.934949 0.317345 -0.158628 -0.775859 0.630793 0.0119428 -0.746678 0.665134 0.00829057 0.873766 0.455803 -0.169636 0.82489 0.537977 -0.173601 -0.642583 0.766192 -0.00610051 -0.607276 0.794416 -0.0109601 -0.45185 0.891497 -0.0326368 0.747273 0.64159 -0.173051 0.610092 0.774413 -0.167548 -0.394265 0.918096 -0.0406822 -0.279497 0.958404 -0.0578112 -0.0857158 0.992617 -0.0858131 0.131348 0.984589 -0.115469 0.458433 0.875535 -0.152567 0.367864 0.918682 -0.143873 0.386569 0.881663 -0.270619 -0.387594 -0.90563 0.172062 -0.302075 -0.939858 0.159429 -0.314185 -0.887078 0.338203 -0.115381 -0.984606 0.131295 0.0974076 -0.990472 0.0973464 0.465221 -0.884483 0.0354861 0.334911 -0.940509 0.057249 -0.6302 -0.74936 0.20324 -0.613809 -0.763374 0.201242 -0.613544 -0.743259 0.266702 -0.467563 -0.864935 0.182404 0.764043 -0.644868 -0.0195695 0.585521 -0.810563 0.0123564 -0.757849 -0.614982 0.217858 -0.745652 -0.630139 0.216629 -0.7429 -0.609587 0.276592 0.889708 -0.454667 -0.041198 0.815049 -0.578649 -0.0293286 -0.840218 -0.492764 0.226312 0.949398 -0.310352 -0.0482178 -0.896698 -0.377229 0.231585 -0.864854 -0.446619 0.229257 -0.841182 -0.362086 0.401629 0.97722 -0.20663 -0.0484212 0.968893 -0.242626 -0.0487692 0.967108 -0.212369 -0.140004 -0.934777 -0.266378 0.235022 0.990207 -0.131638 -0.0465023 -0.958404 -0.158091 0.237632 0.996334 -0.0728733 -0.0448211 -0.969599 -0.0523529 0.239033 -0.969574 -0.0528047 0.239037 -0.969529 -0.0523506 0.239319 0.998756 -0.0233098 -0.0440834 -0.969599 0.0523529 0.239033 -0.969574 0.0528047 0.239037 -0.969529 0.0523506 0.239319 0.998756 0.0233098 -0.0440834 -0.958404 0.158091 0.237632 0.996334 0.0728733 -0.0448211 -0.934777 0.266378 0.235022 0.990207 0.131638 -0.0465023 -0.896698 0.377229 0.231585 -0.864854 0.446619 0.229257 -0.841182 0.362086 0.401629 0.97722 0.20663 -0.0484212 0.968893 0.242626 -0.0487692 0.967108 0.212369 -0.140004 -0.840218 0.492764 0.226312 0.949398 0.310352 -0.0482178 -0.757849 0.614982 0.217858 -0.745652 0.630139 0.216629 -0.7429 0.609587 0.276592 0.889708 0.454667 -0.041198 0.815049 0.578649 -0.0293287 -0.6302 0.74936 0.20324 -0.613809 0.763374 0.201242 -0.613544 0.743259 0.266702 -0.467564 0.864935 0.182404 0.764043 0.644868 -0.0195695 0.585521 0.810563 0.0123564 -0.387594 0.90563 0.172062 -0.302075 0.939858 0.159429 -0.314185 0.887078 0.338203 -0.115381 0.984606 0.131295 0.0974075 0.990472 0.0973464 0.465221 0.884483 0.0354861 0.334911 0.940509 0.057249 -0.270647 -0.88165 0.386579 -0.143799 -0.9187 0.367848 -0.152502 -0.875521 0.458483 0.0573044 -0.940515 0.334884 0.0355314 -0.884475 0.465234 0.334695 -0.89977 0.279989 0.28926 -0.912511 0.289228 0.28002 -0.89977 0.334668 -0.550516 -0.722059 0.419003 -0.471234 -0.780665 0.410489 -0.461283 -0.69379 0.553059 -0.31706 -0.863572 0.392068 0.715801 -0.675473 0.177104 0.546622 -0.805926 0.22735 -0.683294 -0.589609 0.430663 -0.605493 -0.673482 0.424028 -0.577228 -0.553021 0.600813 0.872268 -0.474509 0.11828 0.795059 -0.587968 0.14891 -0.766862 -0.470447 0.436581 -0.725736 -0.533806 0.434003 -0.700984 -0.450552 0.552833 0.9435 -0.320502 0.0841728 -0.823634 -0.357792 0.440014 0.975327 -0.210917 0.0651948 0.966304 -0.247348 0.0712345 0.957453 -0.226066 0.179384 -0.860696 -0.252971 0.441824 -0.832724 -0.33508 0.440785 -0.808913 -0.244096 0.534862 0.989531 -0.133796 0.0541041 -0.88383 -0.150703 0.442868 -0.78258 -0.140047 0.606594 0.996207 -0.0742689 0.045338 -0.894954 -0.0500114 0.443347 -0.767424 -0.0455061 0.639523 0.99893 -0.0238676 0.0396066 -0.894954 0.0500114 0.443347 -0.767424 0.0455061 0.639523 0.99893 0.0238676 0.0396066 -0.88383 0.150703 0.442868 -0.78258 0.140047 0.606594 0.996207 0.0742689 0.045338 -0.860696 0.252971 0.441824 -0.832724 0.33508 0.440785 -0.808913 0.244096 0.534862 0.989531 0.133796 0.0541041 -0.823634 0.357792 0.440014 0.975327 0.210917 0.0651948 0.966304 0.247348 0.0712345 0.957453 0.226066 0.179384 -0.766862 0.470447 0.436581 -0.725736 0.533806 0.434003 -0.700984 0.450552 0.552833 0.9435 0.320502 0.0841728 -0.683294 0.589609 0.430663 -0.605493 0.673482 0.424028 -0.577228 0.553021 0.600813 0.872268 0.474509 0.11828 0.795059 0.587968 0.14891 -0.550516 0.722059 0.419003 -0.471234 0.780665 0.410489 -0.461283 0.69379 0.553059 -0.31706 0.863572 0.392068 0.715801 0.675473 0.177104 0.546622 0.805926 0.22735 -0.270647 0.88165 0.386579 -0.143799 0.9187 0.367848 -0.152502 0.875521 0.458483 0.0573044 0.940515 0.334884 0.0355314 0.884475 0.465234 0.334695 0.89977 0.279989 0.28926 0.912511 0.289228 0.28002 0.89977 0.334668 -0.383802 -0.673865 0.63135 -0.319573 -0.711768 0.625508 -0.315014 -0.657924 0.684034 -0.167486 -0.774423 0.610096 -0.173005 -0.641567 0.747303 0.0123981 -0.810567 0.585515 -0.0195403 -0.644854 0.764056 0.227374 -0.805928 0.546609 0.177123 -0.675465 0.715804 0.530731 -0.708915 0.464504 0.48043 -0.73375 0.480414 0.46452 -0.708915 0.530718 -0.542666 -0.542746 0.641047 -0.451641 -0.625834 0.635887 -0.427669 -0.509276 0.746818 0.779311 -0.513956 0.358502 0.749504 -0.545839 0.37457 0.73371 -0.52476 0.431621 -0.631061 -0.431391 0.644719 -0.567531 -0.515444 0.642048 -0.53516 -0.403817 0.741981 0.889939 -0.353884 0.287705 -0.68969 -0.327762 0.645677 -0.671829 -0.363209 0.645542 -0.657015 -0.319872 0.682651 -0.494006 -0.281672 0.822569 0.943811 -0.232839 0.234536 -0.727128 -0.231162 0.646413 -0.624783 -0.213657 0.750997 0.968363 -0.15138 0.198386 0.950777 -0.212645 0.225401 0.931587 -0.174391 0.318957 -0.750804 -0.137017 0.646158 -0.600425 -0.121796 0.790351 0.98196 -0.0879129 0.167409 -0.762172 -0.0453395 0.645785 -0.587643 -0.039505 0.808156 0.988897 -0.0292667 0.145695 -0.762172 0.0453395 0.645785 -0.587643 0.039505 0.808156 0.988897 0.0292667 0.145695 -0.750804 0.137017 0.646158 -0.600425 0.121796 0.790351 0.98196 0.0879129 0.167409 -0.727128 0.231162 0.646413 -0.624783 0.213657 0.750997 0.968363 0.15138 0.198386 0.950777 0.212645 0.225401 0.931587 0.174391 0.318957 -0.68969 0.327762 0.645677 -0.671829 0.363209 0.645542 -0.657015 0.319872 0.682651 -0.494006 0.281672 0.822569 0.943811 0.232839 0.234536 -0.631061 0.431391 0.644719 -0.567531 0.515444 0.642048 -0.53516 0.403817 0.741981 0.889939 0.353884 0.287705 -0.542666 0.542746 0.641047 -0.451641 0.625834 0.635887 -0.427669 0.509276 0.746818 0.779311 0.513956 0.358502 0.749504 0.545839 0.37457 0.73371 0.52476 0.431621 -0.383802 0.673865 0.63135 -0.319573 0.711768 0.625508 -0.315014 0.657924 0.684034 -0.167486 0.774423 0.610096 -0.173005 0.641567 0.747303 0.0123981 0.810567 0.585515 -0.0195403 0.644854 0.764056 0.227374 0.805928 0.546609 0.177123 0.675465 0.715804 0.530731 0.708915 0.464504 0.48043 0.73375 0.480414 0.46452 0.708915 0.530718 -0.299319 -0.473412 0.828426 -0.293235 -0.477664 0.828161 -0.292103 -0.471381 0.832151 -0.173561 -0.537979 0.824897 -0.169599 -0.455787 0.873782 -0.029301 -0.578651 0.815049 -0.0411804 -0.454657 0.889714 0.148927 -0.587968 0.795056 0.118289 -0.474505 0.872269 0.431633 -0.524759 0.733703 0.37458 -0.545839 0.7495 0.35851 -0.513954 0.779308 -0.416038 -0.370516 0.83044 -0.398189 -0.390013 0.830262 -0.390375 -0.362925 0.846105 -0.269381 -0.336304 0.902404 -0.158603 -0.317333 0.934957 -0.0482032 -0.310347 0.949401 0.0841805 -0.320496 0.943502 0.28771 -0.353882 0.889939 0.667514 -0.387193 0.636008 0.647201 -0.402822 0.647198 0.636011 -0.387193 0.667511 -0.483531 -0.279565 0.829482 -0.361763 -0.253743 0.897074 -0.246824 -0.229948 0.941383 -0.145607 -0.212722 0.966203 0.23454 -0.232838 0.94381 0.782628 -0.275911 0.558002 0.558004 -0.275912 0.782626 -0.522735 -0.196796 0.829469 -0.49015 -0.268154 0.829365 -0.467102 -0.18684 0.864238 -0.33807 -0.165675 0.926424 -0.228447 -0.147771 0.962276 0.853927 -0.196059 0.482047 0.482048 -0.19606 0.853926 -0.547428 -0.116693 0.828677 -0.448519 -0.106403 0.887417 -0.321677 -0.0932498 0.942246 0.905351 -0.131118 0.403916 0.90535 -0.131119 0.403918 0.905349 -0.131118 0.40392 -0.55959 -0.0386196 0.82787 -0.438924 -0.0345095 0.897861 -0.313381 -0.0300712 0.949151 0.935444 -0.0480403 0.350196 0.892122 -0.0559834 0.448313 -0.55959 0.0386196 0.82787 -0.438924 0.0345095 0.897861 -0.313381 0.0300712 0.949151 0.935444 0.0480403 0.350196 0.892122 0.0559834 0.448313 -0.547428 0.116693 0.828677 -0.448519 0.106403 0.887417 -0.321677 0.0932498 0.942246 0.905351 0.131118 0.403916 0.90535 0.131119 0.403918 0.905349 0.131118 0.40392 -0.522735 0.196796 0.829469 -0.49015 0.268154 0.829365 -0.467102 0.18684 0.864238 -0.33807 0.165675 0.926424 -0.228447 0.147771 0.962276 0.853927 0.196059 0.482047 0.482048 0.19606 0.853926 -0.483531 0.279565 0.829482 -0.361763 0.253743 0.897074 -0.246824 0.229948 0.941383 -0.145607 0.212722 0.966203 0.23454 0.232838 0.94381 0.782628 0.275911 0.558002 0.558004 0.275912 0.782626 -0.416038 0.370516 0.83044 -0.398189 0.390013 0.830262 -0.390375 0.362925 0.846105 -0.269381 0.336304 0.902404 -0.158603 0.317333 0.934957 -0.0482032 0.310347 0.949401 0.0841805 0.320496 0.943502 0.28771 0.353882 0.889939 0.667514 0.387193 0.636008 0.647201 0.402822 0.647198 0.636011 0.387193 0.667511 -0.299319 0.473412 0.828426 -0.293235 0.477664 0.828161 -0.292103 0.471381 0.832151 -0.173561 0.537979 0.824897 -0.169599 0.455787 0.873782 -0.029301 0.578651 0.815049 -0.0411804 0.454657 0.889714 0.148927 0.587968 0.795056 0.118289 0.474505 0.872269 0.431633 0.524759 0.733703 0.37458 0.545839 0.7495 0.35851 0.513954 0.779308 -0.140016 -0.212362 0.967108 -0.0487565 -0.242628 0.968893 -0.0484101 -0.206626 0.977222 0.179395 -0.226065 0.957451 0.0712413 -0.247348 0.966304 0.0652001 -0.210914 0.975328 -0.218777 -0.146694 0.964685 -0.145285 -0.210006 0.966845 -0.135859 -0.13717 0.981186 -0.0464937 -0.131635 0.990207 0.0541088 -0.133797 0.989531 0.318962 -0.174392 0.931585 0.225405 -0.212646 0.950776 0.198388 -0.15138 0.968363 -0.252082 -0.0866696 0.963817 -0.226644 -0.137163 0.964271 -0.217476 -0.0831421 0.972518 -0.128727 -0.0765633 0.98872 -0.0448151 -0.072873 0.996334 0.045342 -0.074268 0.996207 0.167412 -0.0879125 0.98196 0.403924 -0.131116 0.905347 0.40392 -0.131118 0.905349 0.403917 -0.131115 0.905351 -0.267494 -0.0286645 0.963133 -0.211976 -0.0268288 0.976907 -0.125022 -0.0245843 0.991849 -0.044076 -0.0233103 0.998756 0.0396116 -0.0238665 0.99893 0.145698 -0.0292665 0.988896 0.448314 -0.0559816 0.892121 0.350198 -0.0480384 0.935443 -0.267494 0.0286645 0.963133 -0.211976 0.0268288 0.976907 -0.125022 0.0245843 0.991849 -0.044076 0.0233103 0.998756 0.0396116 0.0238665 0.99893 0.145698 0.0292665 0.988896 0.448314 0.0559816 0.892121 0.350198 0.0480384 0.935443 -0.252082 0.0866696 0.963817 -0.226644 0.137163 0.964271 -0.217476 0.0831421 0.972518 -0.128727 0.0765633 0.98872 -0.0448151 0.072873 0.996334 0.045342 0.074268 0.996207 0.167412 0.0879125 0.98196 0.403924 0.131116 0.905347 0.40392 0.131118 0.905349 0.403917 0.131115 0.905351 -0.218777 0.146694 0.964685 -0.145285 0.210006 0.966845 -0.135859 0.13717 0.981186 -0.0464937 0.131635 0.990207 0.0541088 0.133797 0.989531 0.318962 0.174392 0.931585 0.225405 0.212646 0.950776 0.198388 0.15138 0.968363 -0.140016 0.212362 0.967108 -0.0487565 0.242628 0.968893 -0.0484101 0.206626 0.977222 0.179395 0.226065 0.957451 0.0712413 0.247348 0.966304 0.0652001 0.210914 0.975328 -0.179395 -0.226065 -0.957451 -0.0712413 -0.247348 -0.966304 -0.0652001 -0.210914 -0.975328 0.140016 -0.212362 -0.967108 0.0487565 -0.242628 -0.968893 0.0484101 -0.206626 -0.977222 -0.318962 -0.174392 -0.931585 -0.225405 -0.212646 -0.950776 -0.198388 -0.15138 -0.968363 -0.0541088 -0.133797 -0.989531 0.0464937 -0.131635 -0.990207 0.218777 -0.146694 -0.964685 0.145285 -0.210006 -0.966845 0.135859 -0.13717 -0.981186 -0.403924 -0.131116 -0.905347 -0.40392 -0.131118 -0.905349 -0.403917 -0.131115 -0.905351 -0.167412 -0.0879125 -0.98196 -0.045342 -0.074268 -0.996207 0.0448151 -0.072873 -0.996334 0.128727 -0.0765633 -0.98872 0.252082 -0.0866696 -0.963817 0.226644 -0.137163 -0.964271 0.217476 -0.0831421 -0.972518 -0.448314 -0.0559816 -0.892121 -0.350198 -0.0480384 -0.935443 -0.145698 -0.0292665 -0.988896 -0.0396116 -0.0238665 -0.99893 0.044076 -0.0233103 -0.998756 0.125022 -0.0245843 -0.991849 0.267494 -0.0286645 -0.963133 0.211976 -0.0268288 -0.976907 -0.448314 0.0559816 -0.892121 -0.350198 0.0480384 -0.935443 -0.145698 0.0292665 -0.988896 -0.0396116 0.0238665 -0.99893 0.044076 0.0233103 -0.998756 0.125022 0.0245843 -0.991849 0.267494 0.0286645 -0.963133 0.211976 0.0268288 -0.976907 -0.403924 0.131116 -0.905347 -0.40392 0.131118 -0.905349 -0.403917 0.131115 -0.905351 -0.167412 0.0879125 -0.98196 -0.045342 0.074268 -0.996207 0.0448151 0.072873 -0.996334 0.128727 0.0765633 -0.98872 0.252082 0.0866696 -0.963817 0.226644 0.137163 -0.964271 0.217476 0.0831421 -0.972518 -0.318962 0.174392 -0.931585 -0.225405 0.212646 -0.950776 -0.198388 0.15138 -0.968363 -0.0541088 0.133797 -0.989531 0.0464937 0.131635 -0.990207 0.218777 0.146694 -0.964685 0.145285 0.210006 -0.966845 0.135859 0.13717 -0.981186 -0.179395 0.226065 -0.957451 -0.0712413 0.247348 -0.966304 -0.0652001 0.210914 -0.975328 0.140016 0.212362 -0.967108 0.0487565 0.242628 -0.968893 0.0484101 0.206626 -0.977222 -0.431633 -0.524759 -0.733703 -0.37458 -0.545839 -0.7495 -0.35851 -0.513954 -0.779308 -0.148927 -0.587968 -0.795056 -0.118289 -0.474505 -0.872269 0.029301 -0.578651 -0.815049 0.0411804 -0.454657 -0.889714 0.173561 -0.537979 -0.824897 0.169599 -0.455787 -0.873782 0.299319 -0.473412 -0.828426 0.293235 -0.477664 -0.828161 0.292103 -0.471381 -0.832151 -0.667514 -0.387193 -0.636008 -0.647201 -0.402822 -0.647198 -0.636011 -0.387193 -0.667511 -0.28771 -0.353882 -0.889939 -0.0841805 -0.320496 -0.943502 0.0482032 -0.310347 -0.949401 0.158603 -0.317333 -0.934957 0.269381 -0.336304 -0.902404 0.416038 -0.370516 -0.83044 0.398189 -0.390013 -0.830262 0.390375 -0.362925 -0.846105 -0.782628 -0.275911 -0.558002 -0.558004 -0.275912 -0.782626 -0.23454 -0.232838 -0.94381 0.145607 -0.212722 -0.966203 0.246824 -0.229948 -0.941383 0.483531 -0.279565 -0.829482 0.361763 -0.253743 -0.897074 -0.853927 -0.196059 -0.482047 -0.482048 -0.19606 -0.853926 0.228447 -0.147771 -0.962276 0.33807 -0.165675 -0.926424 0.522735 -0.196796 -0.829469 0.49015 -0.268154 -0.829365 0.467102 -0.18684 -0.864238 -0.905351 -0.131118 -0.403916 -0.90535 -0.131119 -0.403918 -0.905349 -0.131118 -0.40392 0.321677 -0.0932498 -0.942246 0.547428 -0.116693 -0.828677 0.448519 -0.106403 -0.887417 -0.935444 -0.0480403 -0.350196 -0.892122 -0.0559834 -0.448313 0.313381 -0.0300712 -0.949151 0.55959 -0.0386196 -0.82787 0.438924 -0.0345095 -0.897861 -0.935444 0.0480403 -0.350196 -0.892122 0.0559834 -0.448313 0.313381 0.0300712 -0.949151 0.55959 0.0386196 -0.82787 0.438924 0.0345095 -0.897861 -0.905351 0.131118 -0.403916 -0.90535 0.131119 -0.403918 -0.905349 0.131118 -0.40392 0.321677 0.0932498 -0.942246 0.547428 0.116693 -0.828677 0.448519 0.106403 -0.887417 -0.853927 0.196059 -0.482047 -0.482048 0.19606 -0.853926 0.228447 0.147771 -0.962276 0.33807 0.165675 -0.926424 0.522735 0.196796 -0.829469 0.49015 0.268154 -0.829365 0.467102 0.18684 -0.864238 -0.782628 0.275911 -0.558002 -0.558004 0.275912 -0.782626 -0.23454 0.232838 -0.94381 0.145607 0.212722 -0.966203 0.246824 0.229948 -0.941383 0.483531 0.279565 -0.829482 0.361763 0.253743 -0.897074 -0.667514 0.387193 -0.636008 -0.647201 0.402822 -0.647198 -0.636011 0.387193 -0.667511 -0.28771 0.353882 -0.889939 -0.0841805 0.320496 -0.943502 0.0482032 0.310347 -0.949401 0.158603 0.317333 -0.934957 0.269381 0.336304 -0.902404 0.416038 0.370516 -0.83044 0.398189 0.390013 -0.830262 0.390375 0.362925 -0.846105 -0.431633 0.524759 -0.733703 -0.37458 0.545839 -0.7495 -0.35851 0.513954 -0.779308 -0.148927 0.587968 -0.795056 -0.118289 0.474505 -0.872269 0.029301 0.578651 -0.815049 0.0411804 0.454657 -0.889714 0.173561 0.537979 -0.824897 0.169599 0.455787 -0.873782 0.299319 0.473412 -0.828426 0.293235 0.477664 -0.828161 0.292103 0.471381 -0.832151 -0.530731 -0.708915 -0.464504 -0.48043 -0.73375 -0.480414 -0.46452 -0.708915 -0.530718 -0.227374 -0.805928 -0.546609 -0.177123 -0.675465 -0.715804 -0.0123981 -0.810567 -0.585515 0.0195403 -0.644854 -0.764056 0.167486 -0.774423 -0.610096 0.173005 -0.641567 -0.747303 0.383802 -0.673865 -0.63135 0.319573 -0.711768 -0.625508 0.315014 -0.657924 -0.684034 -0.779311 -0.513956 -0.358502 -0.749504 -0.545839 -0.37457 -0.73371 -0.52476 -0.431621 0.542666 -0.542746 -0.641047 0.451641 -0.625834 -0.635887 0.427669 -0.509276 -0.746818 -0.889939 -0.353884 -0.287705 0.631061 -0.431391 -0.644719 0.567531 -0.515444 -0.642048 0.53516 -0.403817 -0.741981 -0.943811 -0.232839 -0.234536 0.494006 -0.281672 -0.822569 0.68969 -0.327762 -0.645677 0.671829 -0.363209 -0.645542 0.657015 -0.319872 -0.682651 -0.968363 -0.15138 -0.198386 -0.950777 -0.212645 -0.225401 -0.931587 -0.174391 -0.318957 0.727128 -0.231162 -0.646413 0.624783 -0.213657 -0.750997 -0.98196 -0.0879129 -0.167409 0.750804 -0.137017 -0.646158 0.600425 -0.121796 -0.790351 -0.988897 -0.0292667 -0.145695 0.762172 -0.0453395 -0.645785 0.587643 -0.039505 -0.808156 -0.988897 0.0292667 -0.145695 0.762172 0.0453395 -0.645785 0.587643 0.039505 -0.808156 -0.98196 0.0879129 -0.167409 0.750804 0.137017 -0.646158 0.600425 0.121796 -0.790351 -0.968363 0.15138 -0.198386 -0.950777 0.212645 -0.225401 -0.931587 0.174391 -0.318957 0.727128 0.231162 -0.646413 0.624783 0.213657 -0.750997 -0.943811 0.232839 -0.234536 0.494006 0.281672 -0.822569 0.68969 0.327762 -0.645677 0.671829 0.363209 -0.645542 0.657015 0.319872 -0.682651 -0.889939 0.353884 -0.287705 0.631061 0.431391 -0.644719 0.567531 0.515444 -0.642048 0.53516 0.403817 -0.741981 -0.779311 0.513956 -0.358502 -0.749504 0.545839 -0.37457 -0.73371 0.52476 -0.431621 0.542666 0.542746 -0.641047 0.451641 0.625834 -0.635887 0.427669 0.509276 -0.746818 -0.530731 0.708915 -0.464504 -0.48043 0.73375 -0.480414 -0.46452 0.708915 -0.530718 -0.227374 0.805928 -0.546609 -0.177123 0.675465 -0.715804 -0.0123981 0.810567 -0.585515 0.0195403 0.644854 -0.764056 0.167486 0.774423 -0.610096 0.173005 0.641567 -0.747303 0.383802 0.673865 -0.63135 0.319573 0.711768 -0.625508 0.315014 0.657924 -0.684034 -0.334694 -0.89977 -0.27999 -0.28926 -0.912511 -0.289228 -0.28002 -0.89977 -0.334668 -0.0573044 -0.940515 -0.334884 -0.0355314 -0.884475 -0.465234 0.270647 -0.88165 -0.386579 0.143799 -0.9187 -0.367848 0.152502 -0.875521 -0.458482 -0.715801 -0.675473 -0.177104 -0.546622 -0.805926 -0.22735 0.31706 -0.863572 -0.392068 0.550516 -0.722059 -0.419003 0.471234 -0.780665 -0.410489 0.461283 -0.69379 -0.553059 -0.872268 -0.474509 -0.11828 -0.795059 -0.587968 -0.14891 0.683294 -0.589609 -0.430663 0.605493 -0.673482 -0.424028 0.577228 -0.553021 -0.600813 -0.9435 -0.320502 -0.0841728 0.766862 -0.470447 -0.436581 0.725736 -0.533806 -0.434003 0.700984 -0.450552 -0.552833 -0.975327 -0.210917 -0.0651948 -0.966304 -0.247348 -0.0712345 -0.957453 -0.226066 -0.179383 0.823634 -0.357792 -0.440014 -0.989531 -0.133796 -0.0541041 0.860696 -0.252971 -0.441824 0.832724 -0.33508 -0.440785 0.808913 -0.244096 -0.534862 -0.996207 -0.0742689 -0.045338 0.88383 -0.150703 -0.442868 0.78258 -0.140047 -0.606594 -0.99893 -0.0238676 -0.0396066 0.894954 -0.0500114 -0.443347 0.767424 -0.0455061 -0.639523 -0.99893 0.0238676 -0.0396066 0.894954 0.0500114 -0.443347 0.767424 0.0455061 -0.639523 -0.996207 0.0742689 -0.045338 0.88383 0.150703 -0.442868 0.78258 0.140047 -0.606594 -0.989531 0.133796 -0.0541041 0.860696 0.252971 -0.441824 0.832724 0.33508 -0.440785 0.808913 0.244096 -0.534862 -0.975327 0.210917 -0.0651948 -0.966304 0.247348 -0.0712345 -0.957453 0.226066 -0.179383 0.823634 0.357792 -0.440014 -0.9435 0.320502 -0.0841728 0.766862 0.470447 -0.436581 0.725736 0.533806 -0.434003 0.700984 0.450552 -0.552833 -0.872268 0.474509 -0.11828 -0.795059 0.587968 -0.14891 0.683294 0.589609 -0.430663 0.605493 0.673482 -0.424028 0.577228 0.553021 -0.600813 -0.715801 0.675473 -0.177104 -0.546622 0.805926 -0.22735 0.31706 0.863572 -0.392068 0.550516 0.722059 -0.419003 0.471234 0.780665 -0.410489 0.461283 0.69379 -0.553059 -0.334694 0.89977 -0.27999 -0.28926 0.912511 -0.289228 -0.28002 0.89977 -0.334668 -0.0573044 0.940515 -0.334884 -0.0355314 0.884475 -0.465234 0.270647 0.88165 -0.386579 0.143799 0.9187 -0.367848 0.152502 0.875521 -0.458482 -0.465221 -0.884483 -0.0354861 -0.334911 -0.940509 -0.057249 -0.0974076 -0.990472 -0.0973464 0.115381 -0.984606 -0.131295 0.387594 -0.90563 -0.172062 0.302075 -0.939858 -0.159429 0.314185 -0.887077 -0.338203 -0.764043 -0.644868 0.0195695 -0.585521 -0.810563 -0.0123564 0.467563 -0.864935 -0.182404 0.6302 -0.74936 -0.20324 0.613809 -0.763374 -0.201242 0.613544 -0.743259 -0.266702 -0.889708 -0.454667 0.041198 -0.815049 -0.578649 0.0293286 0.757849 -0.614982 -0.217858 0.745652 -0.630139 -0.216629 0.7429 -0.609587 -0.276592 -0.949398 -0.310352 0.0482178 0.840218 -0.492764 -0.226312 -0.97722 -0.20663 0.0484212 -0.968893 -0.242626 0.0487692 -0.967108 -0.212369 0.140004 0.896698 -0.377229 -0.231585 0.864854 -0.446619 -0.229257 0.841183 -0.362086 -0.401629 -0.990207 -0.131638 0.0465023 0.934777 -0.266378 -0.235022 -0.996334 -0.0728733 0.0448211 0.958404 -0.158091 -0.237632 -0.998756 -0.0233098 0.0440834 0.969599 -0.0523529 -0.239033 0.969574 -0.0528047 -0.239037 0.969529 -0.0523506 -0.239319 -0.998756 0.0233098 0.0440834 0.969599 0.0523529 -0.239033 0.969574 0.0528047 -0.239037 0.969529 0.0523506 -0.239319 -0.996334 0.0728733 0.0448211 0.958404 0.158091 -0.237632 -0.990207 0.131638 0.0465023 0.934777 0.266378 -0.235022 -0.97722 0.20663 0.0484212 -0.968893 0.242626 0.0487692 -0.967108 0.212369 0.140004 0.896698 0.377229 -0.231585 0.864854 0.446619 -0.229257 0.841183 0.362086 -0.401629 -0.949398 0.310352 0.0482178 0.840218 0.492764 -0.226312 -0.889708 0.454667 0.041198 -0.815049 0.578649 0.0293287 0.757849 0.614982 -0.217858 0.745652 0.630139 -0.216629 0.7429 0.609587 -0.276592 -0.764043 0.644868 0.0195695 -0.585521 0.810563 -0.0123564 0.467564 0.864935 -0.182404 0.6302 0.74936 -0.20324 0.613809 0.763374 -0.201242 0.613544 0.743259 -0.266702 -0.465221 0.884483 -0.0354861 -0.334911 0.940509 -0.057249 -0.0974075 0.990472 -0.0973464 0.115381 0.984606 -0.131295 0.387594 0.90563 -0.172062 0.302075 0.939858 -0.159429 0.314185 0.887077 -0.338203 -0.458433 -0.875535 0.152567 -0.367864 -0.918682 0.143873 -0.386569 -0.881663 0.270619 -0.131348 -0.984589 0.115469 0.0857158 -0.992617 0.0858131 0.394265 -0.918096 0.0406821 0.279497 -0.958404 0.0578112 -0.747273 -0.64159 0.173051 -0.610092 -0.774413 0.167548 0.45185 -0.891497 0.0326368 0.642583 -0.766192 0.00610051 0.607276 -0.794416 0.0109601 -0.873766 -0.455803 0.169636 -0.82489 -0.537977 0.173601 0.775859 -0.630793 -0.0119428 0.746678 -0.665134 -0.00829057 -0.934949 -0.317345 0.158628 0.863279 -0.504143 -0.0242864 -0.966198 -0.212731 0.145627 0.921295 -0.387667 -0.0305001 0.870787 -0.491002 -0.025434 -0.981184 -0.137175 0.135875 -0.966844 -0.21 0.145303 -0.964683 -0.1467 0.218782 0.961243 -0.273323 -0.0361464 -0.988718 -0.0765653 0.12874 0.985928 -0.162234 -0.0403319 0.98375 -0.174997 -0.0401563 0.983624 -0.161791 -0.079419 0.985717 -0.163831 0.0390086 -0.991848 -0.0245846 0.125033 0.997694 -0.0539893 -0.0411376 -0.991848 0.0245846 0.125033 0.997694 0.0539893 -0.0411376 -0.988718 0.0765653 0.12874 0.985928 0.162234 -0.0403319 0.98375 0.174997 -0.0401563 0.983624 0.161791 -0.079419 0.985717 0.163831 0.0390086 -0.981184 0.137175 0.135875 -0.966844 0.21 0.145303 -0.964683 0.1467 0.218782 0.961243 0.273323 -0.0361464 -0.966198 0.212731 0.145627 0.921295 0.387667 -0.0305001 0.870787 0.491002 -0.025434 -0.934949 0.317345 0.158628 0.863279 0.504143 -0.0242864 -0.873766 0.455803 0.169636 -0.82489 0.537977 0.173601 0.775859 0.630793 -0.0119428 0.746678 0.665134 -0.00829057 -0.747273 0.64159 0.173051 -0.610092 0.774413 0.167548 0.45185 0.891497 0.0326368 0.642583 0.766192 0.00610051 0.607276 0.794416 0.0109601 -0.458433 0.875535 0.152567 -0.367864 0.918682 0.143873 -0.386569 0.881663 0.270619 -0.131348 0.984589 0.115469 0.0857158 0.992617 0.0858131 0.394265 0.918096 0.0406821 0.279497 0.958404 0.0578112 -0.338052 -0.887101 0.314282 -0.159466 -0.939813 0.302197 -0.172077 -0.905614 0.387624 0.0577206 -0.958372 0.279628 0.0406122 -0.918074 0.394323 0.296777 -0.92216 0.248082 0.2536 -0.933434 0.253749 0.247938 -0.922154 0.296916 -0.683973 -0.657951 0.315091 -0.625488 -0.71175 0.31965 -0.631315 -0.673882 0.383828 -0.392067 -0.863534 0.317162 0.431783 -0.872111 0.230185 0.602361 -0.771689 0.204101 0.589446 -0.781116 0.205941 0.586149 -0.773246 0.24191 -0.832117 -0.471406 0.292161 -0.828147 -0.477656 0.293288 -0.82841 -0.473427 0.299341 0.749083 -0.636886 0.182345 0.733531 -0.654126 0.18453 0.728506 -0.639071 0.246712 -0.902383 -0.336324 0.269427 0.842756 -0.511313 0.168291 -0.94137 -0.229963 0.246861 0.905767 -0.392603 0.15953 0.863759 -0.476263 0.164604 -0.962268 -0.14778 0.228478 0.948571 -0.27731 0.152686 -0.972512 -0.0831464 0.217503 -0.964268 -0.137144 0.226669 -0.963813 -0.0866733 0.252098 0.975362 -0.164621 0.14686 -0.976901 -0.0268302 0.212 -0.963129 -0.0286673 0.26751 0.987891 -0.0547109 0.145186 0.980781 -0.129387 0.14604 0.978353 -0.054934 0.199519 -0.976901 0.0268302 0.212 -0.963129 0.0286673 0.26751 0.987891 0.0547109 0.145186 0.980781 0.129387 0.14604 0.978353 0.054934 0.199519 -0.972512 0.0831464 0.217503 -0.964268 0.137144 0.226669 -0.963813 0.0866733 0.252098 0.975362 0.164621 0.14686 -0.962268 0.14778 0.228478 0.948571 0.27731 0.152686 -0.94137 0.229963 0.246861 0.905767 0.392603 0.15953 0.863759 0.476263 0.164604 -0.902383 0.336324 0.269427 0.842756 0.511313 0.168291 -0.832117 0.471406 0.292161 -0.828147 0.477656 0.293288 -0.82841 0.473427 0.299341 0.749083 0.636886 0.182345 0.733531 0.654126 0.18453 0.728506 0.639071 0.246712 -0.683973 0.657951 0.315091 -0.625488 0.71175 0.31965 -0.631315 0.673882 0.383828 -0.392067 0.863534 0.317162 0.431783 0.872111 0.230185 0.602361 0.771689 0.204101 0.589446 0.781115 0.205941 0.586149 0.773246 0.24191 -0.338052 0.887101 0.314282 -0.159466 0.939813 0.302197 -0.172077 0.905614 0.387624 0.0577207 0.958372 0.279628 0.0406122 0.918074 0.394323 0.296777 0.92216 0.248082 0.2536 0.933434 0.253749 0.247938 0.922154 0.296916 -0.552905 -0.693827 0.461411 -0.410464 -0.780601 0.471362 -0.418954 -0.722055 0.550559 -0.182428 -0.864849 0.467713 0.0325574 -0.891413 0.452021 0.230043 -0.872055 0.431973 0.489452 -0.776452 0.396937 0.408365 -0.816275 0.408575 0.396732 -0.776435 0.489645 -0.746733 -0.509317 0.42777 -0.635847 -0.625797 0.451749 -0.640982 -0.542771 0.542717 0.673256 -0.640933 0.368689 0.56954 -0.726323 0.384811 0.544875 -0.639474 0.542388 -0.846056 -0.36295 0.390458 -0.830236 -0.389994 0.398262 -0.830411 -0.370531 0.416082 0.781632 -0.515152 0.351667 0.715163 -0.598269 0.361409 0.694864 -0.514446 0.502503 -0.897041 -0.253763 0.36183 -0.829446 -0.279589 0.483579 0.855122 -0.393621 0.337386 0.846539 -0.41067 0.338707 0.843974 -0.394042 0.363923 -0.9264 -0.165688 0.338128 0.901199 -0.27925 0.331452 0.825776 -0.278746 0.490301 -0.942227 -0.093258 0.321731 0.930646 -0.166322 0.325936 -0.949135 -0.030076 0.313431 0.9449 -0.0551914 0.322672 -0.949135 0.030076 0.313431 0.9449 0.0551914 0.322672 -0.942227 0.093258 0.321731 0.930646 0.166322 0.325936 -0.9264 0.165688 0.338128 0.901199 0.27925 0.331452 0.825776 0.278746 0.490301 -0.897041 0.253763 0.36183 -0.829446 0.279589 0.483579 0.855122 0.393621 0.337386 0.846539 0.41067 0.338707 0.843974 0.394042 0.363923 -0.846056 0.36295 0.390458 -0.830236 0.389994 0.398262 -0.830411 0.370531 0.416082 0.781632 0.515152 0.351667 0.715163 0.598269 0.361409 0.694864 0.514446 0.502503 -0.746733 0.509317 0.42777 -0.635847 0.625797 0.451749 -0.640982 0.542771 0.542717 0.673256 0.640933 0.368689 0.56954 0.726323 0.384811 0.544875 0.639474 0.542388 -0.552905 0.693827 0.461411 -0.410464 0.780601 0.471362 -0.418954 0.722055 0.550559 -0.182428 0.864849 0.467713 0.0325575 0.891413 0.452021 0.230043 0.872055 0.431973 0.489452 0.776452 0.396937 0.408365 0.816275 0.408575 0.396732 0.776435 0.489645 -0.266319 -0.74326 0.613709 -0.201229 -0.763247 0.613971 -0.203209 -0.749311 0.630269 0.0109015 -0.794276 0.60746 0.00606638 -0.766126 0.642661 0.241543 -0.773181 0.586386 0.2058 -0.780994 0.589656 0.203974 -0.771626 0.602485 -0.600599 -0.553076 0.577397 -0.423975 -0.673379 0.605645 -0.430572 -0.589604 0.683356 0.542106 -0.639473 0.545156 0.384597 -0.726243 0.569787 0.368487 -0.640884 0.673413 -0.741855 -0.403858 0.535303 -0.641982 -0.51538 0.567664 -0.644634 -0.431407 0.631138 0.67899 -0.514368 0.52383 0.544466 -0.637814 0.544748 0.523548 -0.51434 0.679229 -0.82248 -0.281712 0.49413 0.76279 -0.39575 0.511404 0.691627 -0.499695 0.521496 0.677615 -0.395562 0.619975 -0.864176 -0.18686 0.467209 -0.829327 -0.268098 0.490245 -0.829423 -0.196809 0.522804 0.821008 -0.278716 0.49826 -0.887366 -0.106415 0.448617 -0.828627 -0.116703 0.547501 0.853252 -0.166589 0.494176 0.824662 -0.268861 0.497641 0.818842 -0.166676 0.549288 -0.897814 -0.0345137 0.43902 -0.827819 -0.0386235 0.559664 0.868868 -0.0554052 0.491934 0.814508 -0.0554056 0.5775 -0.897814 0.0345137 0.43902 -0.827819 0.0386235 0.559664 0.868868 0.0554052 0.491934 0.814508 0.0554056 0.5775 -0.887366 0.106415 0.448617 -0.828627 0.116703 0.547501 0.853252 0.166589 0.494176 0.824662 0.268861 0.497641 0.818842 0.166676 0.549288 -0.864176 0.18686 0.467209 -0.829327 0.268098 0.490245 -0.829423 0.196809 0.522804 0.821008 0.278716 0.49826 -0.82248 0.281712 0.49413 0.76279 0.39575 0.511404 0.691627 0.499695 0.521496 0.677615 0.395562 0.619975 -0.741855 0.403858 0.535303 -0.641982 0.51538 0.567664 -0.644634 0.431407 0.631138 0.67899 0.514368 0.52383 0.544466 0.637814 0.544748 0.523548 0.51434 0.679229 -0.600599 0.553076 0.577397 -0.423975 0.673379 0.605645 -0.430572 0.589604 0.683356 0.542106 0.639473 0.545156 0.384597 0.726243 0.569787 0.368487 0.640884 0.673413 -0.266319 0.74326 0.613709 -0.201229 0.763247 0.613971 -0.203209 0.749311 0.630269 0.0109015 0.794276 0.60746 0.00606638 0.766126 0.642661 0.241543 0.773181 0.586386 0.2058 0.780994 0.589656 0.203974 0.771626 0.602485 -0.276047 -0.60959 0.743101 -0.216575 -0.629955 0.745823 -0.217788 -0.614923 0.757917 -0.00831586 -0.664917 0.746871 -0.0119437 -0.630711 0.775926 0.246149 -0.638985 0.728772 0.184397 -0.653924 0.733745 0.182232 -0.636802 0.749182 -0.55252 -0.450597 0.701202 -0.433905 -0.533656 0.725905 -0.436456 -0.470434 0.766941 -0.226207 -0.492722 0.840271 -0.0242604 -0.504078 0.863318 0.168214 -0.511234 0.842819 0.502093 -0.514413 0.695185 0.361187 -0.59809 0.715425 0.351466 -0.515084 0.781767 -0.682446 -0.319908 0.657211 -0.645444 -0.363097 0.671983 -0.645571 -0.327771 0.689786 -0.439869 -0.357788 0.823713 0.619603 -0.395553 0.67796 0.521198 -0.499579 0.691935 0.511109 -0.395708 0.763009 -0.750831 -0.213687 0.624972 -0.646296 -0.231171 0.727229 0.497966 -0.278684 0.821197 0.693032 -0.279459 0.664537 0.668171 -0.326527 0.668527 0.664177 -0.279454 0.693379 -0.790209 -0.121817 0.600608 -0.646034 -0.137026 0.750909 0.733957 -0.166868 0.658379 0.658005 -0.166863 0.734293 -0.808029 -0.039512 0.587817 -0.645657 -0.0453441 0.76228 0.754107 -0.0554271 0.654409 0.654031 -0.0554302 0.754434 -0.808029 0.039512 0.587817 -0.645657 0.0453441 0.76228 0.754107 0.0554271 0.654409 0.654031 0.0554302 0.754434 -0.790209 0.121817 0.600608 -0.646034 0.137026 0.750909 0.733957 0.166868 0.658379 0.658005 0.166863 0.734293 -0.750831 0.213687 0.624972 -0.646296 0.231171 0.727229 0.497966 0.278684 0.821197 0.693032 0.279459 0.664537 0.668171 0.326527 0.668527 0.664177 0.279454 0.693379 -0.682446 0.319908 0.657211 -0.645444 0.363097 0.671983 -0.645571 0.327771 0.689786 -0.439869 0.357788 0.823713 0.619603 0.395553 0.67796 0.521197 0.499579 0.691935 0.511109 0.395708 0.763009 -0.55252 0.450597 0.701202 -0.433905 0.533656 0.725905 -0.436456 0.470434 0.766941 -0.226207 0.492722 0.840271 -0.0242604 0.504078 0.863318 0.168214 0.511234 0.842819 0.502093 0.514413 0.695185 0.361187 0.59809 0.715425 0.351466 0.515084 0.781767 -0.276047 0.60959 0.743101 -0.216575 0.629955 0.745823 -0.217788 0.614923 0.757917 -0.00831588 0.664917 0.746871 -0.0119437 0.630711 0.775926 0.246149 0.638985 0.728772 0.184397 0.653924 0.733745 0.182232 0.636802 0.749182 -0.400957 -0.36213 0.841484 -0.229156 -0.446309 0.865041 -0.231452 -0.377181 0.896752 -0.0254296 -0.490645 0.870989 -0.0304459 -0.387591 0.921328 0.1645 -0.475901 0.863978 0.15945 -0.392515 0.905819 0.363354 -0.393961 0.844256 0.338475 -0.410365 0.846779 0.337171 -0.393539 0.855244 -0.534436 -0.244124 0.809186 -0.440645 -0.33478 0.832919 -0.441655 -0.252959 0.860786 -0.234867 -0.266346 0.934825 -0.0360754 -0.273273 0.96126 0.152635 -0.277251 0.948596 0.489714 -0.278713 0.826135 0.331255 -0.279188 0.90129 -0.60622 -0.140071 0.782865 -0.442689 -0.150697 0.883921 -0.237462 -0.158079 0.958448 0.14682 -0.164584 0.975375 0.325747 -0.166282 0.93072 0.548782 -0.166655 0.819185 0.497323 -0.268468 0.824982 0.493863 -0.166558 0.853439 -0.639176 -0.0455163 0.767712 -0.443164 -0.0500087 0.895044 -0.238858 -0.0523497 0.969642 0.322496 -0.0551701 0.944962 0.576988 -0.0554018 0.814872 0.491618 -0.0553905 0.869048 -0.639176 0.0455163 0.767712 -0.443164 0.0500087 0.895044 -0.238858 0.0523497 0.969642 0.322496 0.0551701 0.944962 0.576988 0.0554018 0.814872 0.491618 0.0553905 0.869048 -0.60622 0.140071 0.782865 -0.442689 0.150697 0.883921 -0.237462 0.158079 0.958448 0.14682 0.164584 0.975375 0.325747 0.166282 0.93072 0.548782 0.166655 0.819185 0.497323 0.268468 0.824982 0.493863 0.166558 0.853439 -0.534436 0.244124 0.809186 -0.440645 0.33478 0.832919 -0.441655 0.252959 0.860786 -0.234867 0.266346 0.934825 -0.0360754 0.273273 0.96126 0.152635 0.277251 0.948596 0.489714 0.278713 0.826135 0.331255 0.279188 0.90129 -0.400957 0.36213 0.841484 -0.229156 0.44631 0.865041 -0.231452 0.377181 0.896752 -0.0254296 0.490645 0.870988 -0.0304459 0.387591 0.921328 0.1645 0.475901 0.863978 0.15945 0.392515 0.905819 0.363354 0.393961 0.844256 0.338475 0.410365 0.846779 0.337171 0.393539 0.855244 -0.0772664 -0.161783 0.983797 0.0347272 -0.163726 0.985894 -0.0400961 -0.174269 0.983881 -0.04026 -0.162192 0.985938 -0.23771 -0.0523637 0.969924 -0.0410577 -0.0539749 0.997698 0.198404 -0.0549149 0.978581 0.145968 -0.127938 0.980982 0.145131 -0.0546985 0.987899 -0.23771 0.0523637 0.969924 -0.0410577 0.0539749 0.997698 0.198404 0.0549149 0.978581 0.145968 0.127938 0.980982 0.145131 0.0546985 0.987899 -0.0772664 0.161783 0.983797 0.0347272 0.163726 0.985894 -0.0400961 0.174269 0.983881 -0.04026 0.162192 0.985938"/>
    </IndexedTriangleSet>
   </Shape>
  </Transform>
  </Group>
  <Group>
  <Transform rotation="0 0 1 0" translation="0 0 0">
   <Shape>
    <Appearance USE='ap0'/>
    <IndexedTriangleSet USE='its0'/>
   </Shape>
  </Transform>
  </Group>
  <Group>
  <Transform rotation="0 0 1 0" translation="0 0 0">
   <Shape>
    <Appearance USE='ap1'/>
    <IndexedTriangleSet USE='its1'/>
   </Shape>
  </Transform>
  </Group>
  <Group>
  <Transform rotation="0 0 1 0" translation="0 0 0">
   <Shape>
    <Appearance DEF='ap2'>
     <Material ambientIntensity='1' diffuseColor='0.835294 0.368627 0' specularColor='0.85 0.85 0.85' shininess='0.234375' transparency='0'/>
    </Appearance>
    <IndexedTriangleSet DEF='its2' index="0 1 6 1 7 6 1 2 7 2 8 7 2 3 8 3 9 8 3 4 9 4 10 9 4 5 10 5 11 10 5 0 11 0 6 11 6 7 13 6 13 12 7 8 14 7 14 13 8 9 15 8 15 14 9 10 16 9 16 15 10 11 17 10 17 16 11 6 12 11 12 17 12 13 18 13 19 18 13 14 19 14 20 19 14 15 20 15 21 20 15 16 21 16 22 21 16 17 22 17 23 22 17 12 23 12 18 23 18 19 25 18 25 24 19 20 26 19 26 25 20 21 27 20 27 26 21 22 28 21 28 27 22 23 29 22 29 28 23 18 24 23 24 29 24 25 30 25 31 30 25 26 31 26 32 31 26 27 32 27 33 32 27 28 33 28 34 33 28 29 34 29 35 34 29 24 35 24 30 35 30 31 37 30 37 36 31 32 38 31 38 37 32 33 39 32 39 38 33 34 40 33 40 39 34 35 41 34 41 40 35 30 36 35 36 41 36 37 42 37 43 42 37 38 43 38 44 43 38 39 44 39 45 44 39 40 45 40 46 45 40 41 46 41 47 46 41 36 47 36 42 47 42 43 49 42 49 48 43 44 50 43 50 49 44 45 51 44 51 50 45 46 52 45 52 51 46 47 53 46 53 52 47 42 48 47 48 53 48 49 54 49 55 54 49 50 55 50 56 55 50 51 56 51 57 56 51 52 57 52 58 57 52 53 58 53 59 58 53 48 59 48 54 59 54 55 61 54 61 60 55 56 62 55 62 61 56 57 63 56 63 62 57 58 64 57 64 63 58 59 65 58 65 64 59 54 60 59 60 65 60 61 66 61 67 66 61 62 67 62 68 67 62 63 68 63 69 68 63 64 69 64 70 69 64 65 70 65 71 70 65 60 71 60 66 71 66 67 73 66 73 72 67 68 74 67 74 73 68 69 75 68 75 74 69 70 76 69 76 75 70 71 77 70 77 76 71 66 72 71 72 77 72 73 78 73 79 78 73 74 79 74 80 79 74 75 80 75 81 80 75 76 81 76 82 81 76 77 82 77 83 82 77 72 83 72 78 83 78 79 85 78 85 84 79 80 86 79 86 85 80 81 87 80 87 86 81 82 88 81 88 87 82 83 89 82 89 88 83 78 84 83 84 89 84 85 90 85 91 90 85 86 91 86 92 91 86 87 92 87 93 92 87 88 93 88 94 93 88 89 94 89 95 94 89 84 95 84 90 95 90 91 97 90 97 96 91 92 98 91 98 97 92 93 99 92 99 98 93 94 100 93 100 99 94 95 101 94 101 100 95 90 96 95 96 101 96 97 102 97 103 102 97 98 103 98 104 103 98 99 104 99 105 104 99 100 105 100 106 105 100 101 106 101 107 106 101 96 107 96 102 107 102 103 109 102 109 108 103 104 110 103 110 109 104 105 111 104 111 110 105 106 112 105 112 111 106 107 113 106 113 112 107 102 108 107 108 113 108 109 114 109 115 114 109 110 115 110 116 115 110 111 116 111 117 116 111 112 117 112 118 117 112 113 118 113 119 118 113 108 119 108 114 119 114 115 121 114 121 120 115 116 122 115 122 121 116 117 123 116 123 122 117 118 124 117 124 123 118 119 125 118 125 124 119 114 120 119 120 125 120 121 126 121 127 126 121 122 127 122 128 127 122 123 128 123 129 128 123 124 129 124 130 129 124 125 130 125 131 130 125 120 131 120 126 131 126 127 133 126 133 132 127 128 134 127 134 133 128 129 135 128 135 134 129 130 136 129 136 135 130 131 137 130 137 136 131 126 132 131 132 137 132 133 138 133 139 138 133 134 139 134 140 139 134 135 140 135 141 140 135 136 141 136 142 141 136 137 142 137 143 142 137 132 143 132 138 143 138 139 145 138 145 144 139 140 146 139 146 145 140 141 147 140 147 146 141 142 148 141 148 147 142 143 149 142 149 148 143 138 144 143 144 149 144 145 150 145 151 150 145 146 151 146 152 151 146 147 152 147 153 152 147 148 153 148 154 153 148 149 154 149 155 154 149 144 155 144 150 155 150 151 157 150 157 156 151 152 158 151 158 157 152 153 159 152 159 158 153 154 160 153 160 159 154 155 161 154 161 160 155 150 156 155 156 161 156 157 162 157 163 162 157 158 163 158 164 163 158 159 164 159 165 164 159 160 165 160 166 165 160 161 166 161 167 166 161 156 167 156 162 167 162 163 169 162 169 168 163 164 170 163 170 169 164 165 171 164 171 170 165 166 172 165 172 171 166 167 173 166 173 172 167 162 168 167 168 173 168 169 174 169 175 174 169 170 175 170 176 175 170 171 176 171 177 176 171 172 177 172 178 177 172 173 178 173 179 178 173 168 179 168 174 179 174 175 181 174 181 180 175 176 182 175 182 181 176 177 183 176 183 182 177 178 184 177 184 183 178 179 185 178 185 184 179 174 180 179 180 185 180 181 186 181 187 186 181 182 187 182 188 187 182 183 188 183 189 188 183 184 189 184 190 189 184 185 190 185 191 190 185 180 191 180 186 191 186 187 193 186 193 192 187 188 194 187 194 193 188 189 195 188 195 194 189 190 196 189 196 195 190 191 197 190 197 196 191 186 192 191 192 197 192 193 198 193 199 198 193 194 199 194 200 199 194 195 200 195 201 200 195 196 201 196 202 201 196 197 202 197 203 202 197 192 203 192 198 203 198 199 205 198 205 204 199 200 206 199 206 205 200 201 207 200 207 206 201 202 208 201 208 207 202 203 209 202 209 208 203 198 204 203 204 209 204 205 210 205 211 210 205 206 211 206 212 211 206 207 212 207 213 212 207 208 213 208 214 213 208 209 214 209 215 214 209 204 215 204 210 215 210 211 217 210 217 216 211 212 218 211 218 217 212 213 219 212 219 218 213 214 220 213 220 219 214 215 221 214 221 220 215 210 216 215 216 221 216 217 222 217 223 222 217 218 223 218 224 223 218 219 224 219 225 224 219 220 225 220 226 225 220 221 226 221 227 226 221 216 227 216 222 227 222 223 229 222 229 228 223 224 230 223 230 229 224 225 231 224 231 230 225 226 232 225 232 231 226 227 233 226 233 232 227 222 228 227 228 233 228 229 234 229 235 234 229 230 235 230 236 235 230 231 236 231 237 236 231 232 237 232 238 237 232 233 238 233 239 238 233 228 239 228 234 239 234 235 241 234 241 240 235 236 242 235 242 241 236 237 243 236 243 242 237 238 244 237 244 243 238 239 245 238 245 244 239 234 240 239 240 245 240 241 246 241 247 246 241 242 247 242 248 247 242 243 248 243 249 248 243 244 249 244 250 249 244 245 250 245 251 250 245 240 251 240 246 251 246 247 253 246 253 252 247 248 254 247 254 253 248 249 255 248 255 254 249 250 256 249 256 255 250 251 257 250 257 256 251 246 252 251 252 257 252 253 258 253 259 258 253 254 259 254 260 259 254 255 260 255 261 260 255 256 261 256 262 261 256 257 262 257 263 262 257 252 263 252 258 263 258 259 265 258 265 264 259 260 266 259 266 265 260 261 267 260 267 266 261 262 268 261 268 267 262 263 269 262 269 268 263 258 264 263 264 269 264 265 270 265 271 270 265 266 271 266 272 271 266 267 272 267 273 272 267 268 273 268 274 273 268 269 274 269 275 274 269 264 275 264 270 275 270 271 277 270 277 276 271 272 278 271 278 277 272 273 279 272 279 278 273 274 280 273 280 279 274 275 281 274 281 280 275 270 276 275 276 281 276 277 282 277 283 282 277 278 283 278 284 283 278 279 284 279 285 284 279 280 285 280 286 285 280 281 286 281 287 286 281 276 287 276 282 287 282 283 289 282 289 288 283 284 290 283 290 289 284 285 291 284 291 290 285 286 292 285 292 291 286 287 293 286 293 292 287 282 288 287 288 293 288 289 294 289 295 294 289 290 295 290 296 295 290 291 296 291 297 296 291 292 297 292 298 297 292 293 298 293 299 298 293 288 299 288 294 299 294 295 301 294 301 300 295 296 302 295 302 301 296 297 303 296 303 302 297 298 304 297 304 303 298 299 305 298 305 304 299 294 300 299 300 305 300 301 306 301 307 306 301 302 307 302 308 307 302 303 308 303 309 308 303 304 309 304 310 309 304 305 310 305 311 310 305 300 311 300 306 311 306 307 313 306 313 312 307 308 314 307 314 313 308 309 315 308 315 314 309 310 316 309 316 315 310 311 317 310 317 316 311 306 312 311 312 317 312 313 318 313 319 318 313 314 319 314 320 319 314 315 320 315 321 320 315 316 321 316 322 321 316 317 322 317 323 322 317 312 323 312 318 323 318 319 325 318 325 324 319 320 326 319 326 325 320 321 327 320 327 326 321 322 328 321 328 327 322 323 329 322 329 328 323 318 324 323 324 329 324 325 330 325 331 330 325 326 331 326 332 331 326 327 332 327 333 332 327 328 333 328 334 333 328 329 334 329 335 334 329 324 335 324 330 335 330 331 337 330 337 336 331 332 338 331 338 337 332 333 339 332 339 338 333 334 340 333 340 339 334 335 341 334 341 340 335 330 336 335 336 341 336 337 342 337 343 342 337 338 343 338 344 343 338 339 344 339 345 344 339 340 345 340 346 345 340 341 346 341 347 346 341 336 347 336 342 347 342 343 349 342 349 348 343 344 350 343 350 349 344 345 351 344 351 350 345 346 352 345 352 351 346 347 353 346 353 352 347 342 348 347 348 353 348 349 354 349 355 354 349 350 355 350 356 355 350 351 356 351 357 356 351 352 357 352 358 357 352 353 358 353 359 358 353 348 359 348 354 359 354 355 361 354 361 360 355 356 362 355 362 361 356 357 363 356 363 362 357 358 364 357 364 363 358 359 365 358 365 364 359 354 360 359 360 365 360 361 366 361 367 366 361 362 367 362 368 367 362 363 368 363 369 368 363 364 369 364 370 369 364 365 370 365 371 370 365 360 371 360 366 371 366 367 373 366 373 372 367 368 374 367 374 373 368 369 375 368 375 374 369 370 376 369 376 375 370 371 377 370 377 376 371 366 372 371 372 377 372 373 378 373 379 378 373 374 379 374 380 379 374 375 380 375 381 380 375 376 381 376 382 381 376 377 382 377 383 382 377 372 383 372 378 383 378 379 385 378 385 384 379 380 386 379 386 385 380 381 387 380 387 386 381 382 388 381 388 387 382 383 389 382 389 388 383 378 384 383 384 389 384 385 390 385 391 390 385 386 391 386 392 391 386 387 392 387 393 392 387 388 393 388 394 393 388 389 394 389 395 394 389 384 395 384 390 395 390 391 397 390 397 396 391 392 398 391 398 397 392 393 399 392 399 398 393 394 400 393 400 399 394 395 401 394 401 400 395 390 396 395 396 401 396 397 402 397 403 402 397 398 403 398 404 403 398 399 404 399 405 404 399 400 405 400 406 405 400 401 406 401 407 406 401 396 407 396 402 407 402 403 409 402 409 408 403 404 410 403 410 409 404 405 411 404 411 410 405 406 412 405 412 411 406 407 413 406 413 412 407 402 408 407 408 413 408 409 414 409 415 414 409 410 415 410 416 415 410 411 416 411 417 416 411 412 417 412 418 417 412 413 418 413 419 418 413 408 419 408 414 419 414 415 421 414 421 420 415 416 422 415 422 421 416 417 423 416 423 422 417 418 424 417 424 423 418 419 425 418 425 424 419 414 420 419 420 425 420 421 426 421 427 426 421 422 427 422 428 427 422 423 428 423 429 428 423 424 429 424 430 429 424 425 430 425 431 430 425 420 431 420 426 431 426 427 433 426 433 432 427 428 434 427 434 433 428 429 435 428 435 434 429 430 436 429 436 435 430 431 437 430 437 436 431 426 432 431 432 437 432 433 438 433 439 438 433 434 439 434 440 439 434 435 440 435 441 440 435 436 441 436 442 441 436 437 442 437 443 442 437 432 443 432 438 443 438 439 445 438 445 444 439 440 446 439 446 445 440 441 447 440 447 446 441 442 448 441 448 447 442 443 449 442 449 448 443 438 444 443 444 449 444 445 450 445 451 450 445 446 451 446 452 451 446 447 452 447 453 452 447 448 453 448 454 453 448 449 454 449 455 454 449 444 455 444 450 455 450 451 457 450 457 456 451 452 458 451 458 457 452 453 459 452 459 458 453 454 460 453 460 459 454 455 461 454 461 460 455 450 456 455 456 461 456 457 462 457 463 462 457 458 463 458 464 463 458 459 464 459 465 464 459 460 465 460 466 465 460 461 466 461 467 466 461 456 467 456 462 467 462 463 469 462 469 468 463 464 470 463 470 469 464 465 471 464 471 470 465 466 472 465 472 471 466 467 473 466 473 472 467 462 468 467 468 473 468 469 474 469 475 474 469 470 475 470 476 475 470 471 476 471 477 476 471 472 477 472 478 477 472 473 478 473 479 478 473 468 479 468 474 479 474 475 481 474 481 480 475 476 482 475 482 481 476 477 483 476 483 482 477 478 484 477 484 483 478 479 485 478 485 484 479 474 480 479 480 485 480 481 486 481 487 486 481 482 487 482 488 487 482 483 488 483 489 488 483 484 489 484 490 489 484 485 490 485 491 490 485 480 491 480 486 491 486 487 493 486 493 492 487 488 494 487 494 493 488 489 495 488 495 494 489 490 496 489 496 495 490 491 497 490 497 496 491 486 492 491 492 497 492 493 498 493 499 498 493 494 499 494 500 499 494 495 500 495 501 500 495 496 501 496 502 501 496 497 502 497 503 502 497 492 503 492 498 503 498 499 505 498 505 504 499 500 506 499 506 505 500 501 507 500 507 506 501 502 508 501 508 507 502 503 509 502 509 508 503 498 504 503 504 509 504 505 510 505 511 510 505 506 511 506 512 511 506 507 512 507 513 512 507 508 513 508 514 513 508 509 514 509 515 514 509 504 515 504 510 515 510 511 517 510 517 516 511 512 518 511 518 517 512 513 519 512 519 518 513 514 520 513 520 519 514 515 521 514 521 520 515 510 516 515 516 521 516 517 522 517 523 522 517 518 523 518 524 523 518 519 524 519 525 524 519 520 525 520 526 525 520 521 526 521 527 526 521 516 527 516 522 527 522 523 529 522 529 528 523 524 530 523 530 529 524 525 531 524 531 530 525 526 532 525 532 531 526 527 533 526 533 532 527 522 528 527 528 533 528 529 534 529 535 534 529 530 535 530 536 535 530 531 536 531 537 536 531 532 537 532 538 537 532 533 538 533 539 538 533 528 539 528 534 539 534 535 541 534 541 540 535 536 542 535 542 541 536 537 543 536 543 542 537 538 544 537 544 543 538 539 545 538 545 544 539 534 540 539 540 545 540 541 546 541 547 546 541 542 547 542 548 547 542 543 548 543 549 548 543 544 549 544 550 549 544 545 550 545 551 550 545 540 551 540 546 551 546 547 553 546 553 552 547 548 554 547 554 553 548 549 555 548 555 554 549 550 556 549 556 555 550 551 557 550 557 556 551 546 552 551 552 557 552 553 558 553 559 558 553 554 559 554 560 559 554 555 560 555 561 560 555 556 561 556 562 561 556 557 562 557 563 562 557 552 563 552 558 563 558 559 565 558 565 564 559 560 566 559 566 565 560 561 567 560 567 566 561 562 568 561 568 567 562 563 569 562 569 568 563 558 564 563 564 569 564 565 570 565 571 570 565 566 571 566 572 571 566 567 572 567 573 572 567 568 573 568 574 573 568 569 574 569 575 574 569 564 575 564 570 575 570 571 577 570 577 576 571 572 578 571 578 577 572 573 579 572 579 578 573 574 580 573 580 579 574 575 581 574 581 580 575 570 576 575 576 581 576 577 582 577 583 582 577 578 583 578 584 583 578 579 584 579 585 584 579 580 585 580 586 585 580 581 586 581 587 586 581 576 587 576 582 587 582 583 589 582 589 588 583 584 590 583 590 589 584 585 591 584 591 590 585 586 592 585 592 591 586 587 593 586 593 592 587 582 588 587 588 593 588 589 594 589 595 594 589 590 595 590 596 595 590 591 596 591 597 596 591 592 597 592 598 597 592 593 598 593 599 598 593 588 599 588 594 599 594 595 601 594 601 600 595 596 602 595 602 601 596 597 603 596 603 602 597 598 604 597 604 603 598 599 605 598 605 604 599 594 600 599 600 605 600 601 606 601 607 606 601 602 607 602 608 607 602 603 608 603 609 608 603 604 609 604 610 609 604 605 610 605 611 610 605 600 611 600 606 611 606 607 613 606 613 612 607 608 614 607 614 613 608 609 615 608 615 614 609 610 616 609 616 615 610 611 617 610 617 616 611 606 612 611 612 617 612 613 618 613 619 618 613 614 619 614 620 619 614 615 620 615 621 620 615 616 621 616 622 621 616 617 622 617 623 622 617 612 623 612 618 623 618 619 625 618 625 624 619 620 626 619 626 625 620 621 627 620 627 626 621 622 628 621 628 627 622 623 629 622 629 628 623 618 624 623 624 629 624 625 630 625 631 630 625 626 631 626 632 631 626 627 632 627 633 632 627 628 633 628 634 633 628 629 634 629 635 634 629 624 635 624 630 635 630 631 637 630 637 636 631 632 638 631 638 637 632 633 639 632 639 638 633 634 640 633 640 639 634 635 641 634 641 640 635 630 636 635 636 641 636 637 642 637 643 642 637 638 643 638 644 643 638 639 644 639 645 644 639 640 645 640 646 645 640 641 646 641 647 646 641 636 647 636 642 647 642 643 649 642 649 648 643 644 650 643 650 649 644 645 651 644 651 650 645 646 652 645 652 651 646 647 653 646 653 652 647 642 648 647 648 653 648 649 654 649 655 654 649 650 655 650 656 655 650 651 656 651 657 656 651 652 657 652 658 657 652 653 658 653 659 658 653 648 659 648 654 659 654 655 661 654 661 660 655 656 662 655 662 661 656 657 663 656 663 662 657 658 664 657 664 663 658 659 665 658 665 664 659 654 660 659 660 665 660 661 666 661 667 666 661 662 667 662 668 667 662 663 668 663 669 668 663 664 669 664 670 669 664 665 670 665 671 670 665 660 671 660 666 671 666 667 673 666 673 672 667 668 674 667 674 673 668 669 675 668 675 674 669 670 676 669 676 675 670 671 677 670 677 676 671 666 672 671 672 677 672 673 678 673 679 678 673 674 679 674 680 679 674 675 680 675 681 680 675 676 681 676 682 681 676 677 682 677 683 682 677 672 683 672 678 683 678 679 685 678 685 684 679 680 686 679 686 685 680 681 687 680 687 686 681 682 688 681 688 687 682 683 689 682 689 688 683 678 684 683 684 689 684 685 690 685 691 690 685 686 691 686 692 691 686 687 692 687 693 692 687 688 693 688 694 693 688 689 694 689 695 694 689 684 695 684 690 695 690 691 697 690 697 696 691 692 698 691 698 697 692 693 699 692 699 698 693 694 700 693 700 699 694 695 701 694 701 700 695 690 696 695 696 701 696 697 702 697 703 702 697 698 703 698 704 703 698 699 704 699 705 704 699 700 705 700 706 705 700 701 706 701 707 706 701 696 707 696 702 707 702 703 709 702 709 708 703 704 710 703 710 709 704 705 711 704 711 710 705 706 712 705 712 711 706 707 713 706 713 712 707 702 708 707 708 713 708 709 714 709 715 714 709 710 715 710 716 715 710 711 716 711 717 716 711 712 717 712 718 717 712 713 718 713 719 718 713 708 719 708 714 719 714 715 721 714 721 720 715 716 722 715 722 721 716 717 723 716 723 722 717 718 724 717 724 723 718 719 725 718 725 724 719 714 720 719 720 725 720 721 726 721 727 726 721 722 727 722 728 727 722 723 728 723 729 728 723 724 729 724 730 729 724 725 730 725 731 730 725 720 731 720 726 731 726 727 733 726 733 732 727 728 734 727 734 733 728 729 735 728 735 734 729 730 736 729 736 735 730 731 737 730 737 736 731 726 732 731 732 737 732 733 738 733 739 738 733 734 739 734 740 739 734 735 740 735 741 740 735 736 741 736 742 741 736 737 742 737 743 742 737 732 743 732 738 743 738 739 745 738 745 744 739 740 746 739 746 745 740 741 747 740 747 746 741 742 748 741 748 747 742 743 749 742 749 748 743 738 744 743 744 749 744 745 750 745 751 750 745 746 751 746 752 751 746 747 752 747 753 752 747 748 753 748 754 753 748 749 754 749 755 754 749 744 755 744 750 755 750 751 757 750 757 756 751 752 758 751 758 757 752 753 759 752 759 758 753 754 760 753 760 759 754 755 761 754 761 760 755 750 756 755 756 761 756 757 762 757 763 762 757 758 763 758 764 763 758 759 764 759 765 764 759 760 765 760 766 765 760 761 766 761 767 766 761 756 767 756 762 767 762 763 769 762 769 768 763 764 770 763 770 769 764 765 771 764 771 770 765 766 772 765 772 771 766 767 773 766 773 772 767 762 768 767 768 773 768 769 774 769 775 774 769 770 775 770 776 775 770 771 776 771 777 776 771 772 777 772 778 777 772 773 778 773 779 778 773 768 779 768 774 779 774 775 781 774 781 780 775 776 782 775 782 781 776 777 783 776 783 782 777 778 784 777 784 783 778 779 785 778 785 784 779 774 780 779 780 785 780 781 786 781 787 786 781 782 787 782 788 787 782 783 788 783 789 788 783 784 789 784 790 789 784 785 790 785 791 790 785 780 791 780 786 791 786 787 793 786 793 792 787 788 794 787 794 793 788 789 795 788 795 794 789 790 796 789 796 795 790 791 797 790 797 796 791 786 792 791 792 797 792 793 798 793 799 798 793 794 799 794 800 799 794 795 800 795 801 800 795 796 801 796 802 801 796 797 802 797 803 802 797 792 803 792 798 803 798 799 805 798 805 804 799 800 806 799 806 805 800 801 807 800 807 806 801 802 808 801 808 807 802 803 809 802 809 808 803 798 804 803 804 809 804 805 810 805 811 810 805 806 811 806 812 811 806 807 812 807 813 812 807 808 813 808 814 813 808 809 814 809 815 814 809 804 815 804 810 815 810 811 817 810 817 816 811 812 818 811 818 817 812 813 819 812 819 818 813 814 820 813 820 819 814 815 821 814 821 820 815 810 816 815 816 821 816 817 822 817 823 822 817 818 823 818 824 823 818 819 824 819 825 824 819 820 825 820 826 825 820 821 826 821 827 826 821 816 827 816 822 827 822 823 829 822 829 828 823 824 830 823 830 829 824 825 831 824 831 830 825 826 832 825 832 831 826 827 833 826 833 832 827 822 828 827 828 833 828 829 834 829 835 834 829 830 835 830 836 835 830 831 836 831 837 836 831 832 837 832 838 837 832 833 838 833 839 838 833 828 839 828 834 839 834 835 841 834 841 840 835 836 842 835 842 841 836 837 843 836 843 842 837 838 844 837 844 843 838 839 845 838 845 844 839 834 840 839 840 845 840 841 846 841 847 846 841 842 847 842 848 847 842 843 848 843 849 848 843 844 849 844 850 849 844 845 850 845 851 850 845 840 851 840 846 851 846 847 853 846 853 852 847 848 854 847 854 853 848 849 855 848 855 854 849 850 856 849 856 855 850 851 857 850 857 856 851 846 852 851 852 857 852 853 858 853 859 858 853 854 859 854 860 859 854 855 860 855 861 860 855 856 861 856 862 861 856 857 862 857 863 862 857 852 863 852 858 863 858 859 865 858 865 864 859 860 866 859 866 865 860 861 867 860 867 866 861 862 868 861 868 867 862 863 869 862 869 868 863 858 864 863 864 869 864 865 870 865 871 870 865 866 871 866 872 871 866 867 872 867 873 872 867 868 873 868 874 873 868 869 874 869 875 874 869 864 875 864 870 875 870 871 877 870 877 876 871 872 878 871 878 877 872 873 879 872 879 878 873 874 880 873 880 879 874 875 881 874 881 880 875 870 876 875 876 881 876 877 882 877 883 882 877 878 883 878 884 883 878 879 884 879 885 884 879 880 885 880 886 885 880 881 886 881 887 886 881 876 887 876 882 887 882 883 889 882 889 888 883 884 890 883 890 889 884 885 891 884 891 890 885 886 892 885 892 891 886 887 893 886 893 892 887 882 888 887 888 893 888 889 894 889 895 894 889 890 895 890 896 895 890 891 896 891 897 896 891 892 897 892 898 897 892 893 898 893 899 898 893 888 899 888 894 899 894 895 901 894 901 900 895 896 902 895 902 901 896 897 903 896 903 902 897 898 904 897 904 903 898 899 905 898 905 904 899 894 900 899 900 905 900 901 906 901 907 906 901 902 907 902 908 907 902 903 908 903 909 908 903 904 909 904 910 909 904 905 910 905 911 910 905 900 911 900 906 911 906 907 913 906 913 912 907 908 914 907 914 913 908 909 915 908 915 914 909 910 916 909 916 915 910 911 917 910 917 916 911 906 912 911 912 917 912 913 918 913 919 918 913 914 919 914 920 919 914 915 920 915 921 920 915 916 921 916 922 921 916 917 922 917 923 922 917 912 923 912 918 923 918 919 925 918 925 924 919 920 926 919 926 925 920 921 927 920 927 926 921 922 928 921 928 927 922 923 929 922 929 928 923 918 924 923 924 929 924 925 930 925 931 930 925 926 931 926 932 931 926 927 932 927 933 932 927 928 933 928 934 933 928 929 934 929 935 934 929 924 935 924 930 935 930 931 937 930 937 936 931 932 938 931 938 937 932 933 939 932 939 938 933 934 940 933 940 939 934 935 941 934 941 940 935 930 936 935 936 941 936 937 942 937 943 942 937 938 943 938 944 943 938 939 944 939 945 944 939 940 945 940 946 945 940 941 946 941 947 946 941 936 947 936 942 947 942 943 949 942 949 948 943 944 950 943 950 949 944 945 951 944 951 950 945 946 952 945 952 951 946 947 953 946 953 952 947 942 948 947 948 953 948 949 954 949 955 954 949 950 955 950 956 955 950 951 956 951 957 956 951 952 957 952 958 957 952 953 958 953 959 958 953 948 959 948 954 959 954 955 961 954 961 960 955 956 962 955 962 961 956 957 963 956 963 962 957 958 964 957 964 963 958 959 965 958 965 964 959 954 960 959 960 965 960 961 966 961 967 966 961 962 967 962 968 967 962 963 968 963 969 968 963 964 969 964 970 969 964 965 970 965 971 970 965 960 971 960 966 971 966 967 973 966 973 972 967 968 974 967 974 973 968 969 975 968 975 974 969 970 976 969 976 975 970 971 977 970 977 976 971 966 972 971 972 977 972 973 978 973 979 978 973 974 979 974 980 979 974 975 980 975 981 980 975 976 981 976 982 981 976 977 982 977 983 982 977 972 983 972 978 983 978 979 985 978 985 984 979 980 986 979 986 985 980 981 987 980 987 986 981 982 988 981 988 987 982 983 989 982 989 988 983 978 984 983 984 989 984 985 990 985 991 990 985 986 991 986 992 991 986 987 992 987 993 992 987 988 993 988 994 993 988 989 994 989 995 994 989 984 995 984 990 995 990 991 997 990 997 996 991 992 998 991 998 997 992 993 999 992 999 998 993 994 1000 993 1000 999 994 995 1001 994 1001 1000 995 990 996 995 996 1001 996 997 1002 997 1003 1002 997 998 1003 998 1004 1003 998 999 1004 999 1005 1004 999 1000 1005 1000 1006 1005 1000 1001 1006 1001 1007 1006 1001 996 1007 996 1002 1007 1002 1003 1009 1002 1009 1008 1003 1004 1010 1003 1010 1009 1004 1005 1011 1004 1011 1010 1005 1006 1012 1005 1012 1011 1006 1007 1013 1006 1013 1012 1007 1002 1008 1007 1008 1013 1008 1009 1014 1009 1015 1014 1009 1010 1015 1010 1016 1015 1010 1011 1016 1011 1017 1016 1011 1012 1017 1012 1018 1017 1012 1013 1018 1013 1019 1018 1013 1008 1019 1008 1014 1019 1014 1015 1021 1014 1021 1020 1015 1016 1022 1015 1022 1021 1016 1017 1023 1016 1023 1022 1017 1018 1024 1017 1024 1023 1018 1019 1025 1018 1025 1024 1019 1014 1020 1019 1020 1025 1020 1021 1026 1021 1027 1026 1021 1022 1027 1022 1028 1027 1022 1023 1028 1023 1029 1028 1023 1024 1029 1024 1030 1029 1024 1025 1030 1025 1031 1030 1025 1020 1031 1020 1026 1031 1026 1027 1033 1026 1033 1032 1027 1028 1034 1027 1034 1033 1028 1029 1035 1028 1035 1034 1029 1030 1036 1029 1036 1035 1030 1031 1037 1030 1037 1036 1031 1026 1032 1031 1032 1037 1032 1033 1038 1033 1039 1038 1033 1034 1039 1034 1040 1039 1034 1035 1040 1035 1041 1040 1035 1036 1041 1036 1042 1041 1036 1037 1042 1037 1043 1042 1037 1032 1043 1032 1038 1043 1038 1039 1045 1038 1045 1044 1039 1040 1046 1039 1046 1045 1040 1041 1047 1040 1047 1046 1041 1042 1048 1041 1048 1047 1042 1043 1049 1042 1049 1048 1043 1038 1044 1043 1044 1049 1044 1045 1050 1045 1051 1050 1045 1046 1051 1046 1052 1051 1046 1047 1052 1047 1053 1052 1047 1048 1053 1048 1054 1053 1048 1049 1054 1049 1055 1054 1049 1044 1055 1044 1050 1055 1050 1051 1057 1050 1057 1056 1051 1052 1058 1051 1058 1057 1052 1053 1059 1052 1059 1058 1053 1054 1060 1053 1060 1059 1054 1055 1061 1054 1061 1060 1055 1050 1056 1055 1056 1061 1056 1057 1062 1057 1063 1062 1057 1058 1063 1058 1064 1063 1058 1059 1064 1059 1065 1064 1059 1060 1065 1060 1066 1065 1060 1061 1066 1061 1067 1066 1061 1056 1067 1056 1062 1067 1062 1063 1069 1062 1069 1068 1063 1064 1070 1063 1070 1069 1064 1065 1071 1064 1071 1070 1065 1066 1072 1065 1072 1071 1066 1067 1073 1066 1073 1072 1067 1062 1068 1067 1068 1073 1068 1069 1074 1069 1075 1074 1069 1070 1075 1070 1076 1075 1070 1071 1076 1071 1077 1076 1071 1072 1077 1072 1078 1077 1072 1073 1078 1073 1079 1078 1073 1068 1079 1068 1074 1079 1074 1075 1081 1074 1081 1080 1075 1076 1082 1075 1082 1081 1076 1077 1083 1076 1083 1082 1077 1078 1084 1077 1084 1083 1078 1079 1085 1078 1085 1084 1079 1074 1080 1079 1080 1085 1080 1081 1086 1081 1087 1086 1081 1082 1087 1082 1088 1087 1082 1083 1088 1083 1089 1088 1083 1084 1089 1084 1090 1089 1084 1085 1090 1085 1091 1090 1085 1080 1091 1080 1086 1091 1086 1087 1093 1086 1093 1092 1087 1088 1094 1087 1094 1093 1088 1089 1095 1088 1095 1094 1089 1090 1096 1089 1096 1095 1090 1091 1097 1090 1097 1096 1091 1086 1092 1091 1092 1097 1092 1093 1098 1093 1099 1098 1093 1094 1099 1094 1100 1099 1094 1095 1100 1095 1101 1100 1095 1096 1101 1096 1102 1101 1096 1097 1102 1097 1103 1102 1097 1092 1103 1092 1098 1103 1098 1099 1105 1098 1105 1104 1099 1100 1106 1099 1106 1105 1100 1101 1107 1100 1107 1106 1101 1102 1108 1101 1108 1107 1102 1103 1109 1102 1109 1108 1103 1098 1104 1103 1104 1109 1104 1105 1110 1105 1111 1110 1105 1106 1111 1106 1112 1111 1106 1107 1112 1107 1113 1112 1107 1108 1113 1108 1114 1113 1108 1109 1114 1109 1115 1114 1109 1104 1115 1104 1110 1115 1110 1111 1117 1110 1117 1116 1111 1112 1118 1111 1118 1117 1112 1113 1119 1112 1119 1118 1113 1114 1120 1113 1120 1119 1114 1115 1121 1114 1121 1120 1115 1110 1116 1115 1116 1121 1116 1117 1122 1117 1123 1122 1117 1118 1123 1118 1124 1123 1118 1119 1124 1119 1125 1124 1119 1120 1125 1120 1126 1125 1120 1121 1126 1121 1127 1126 1121 1116 1127 1116 1122 1127 1122 1123 1129 1122 1129 1128 1123 1124 1130 1123 1130 1129 1124 1125 1131 1124 1131 1130 1125 1126 1132 1125 1132 1131 1126 1127 1133 1126 1133 1132 1127 1122 1128 1127 1128 1133 1128 1129 1134 1129 1135 1134 1129 1130 1135 1130 1136 1135 1130 1131 1136 1131 1137 1136 1131 1132 1137 1132 1138 1137 1132 1133 1138 1133 1139 1138 1133 1128 1139 1128 1134 1139 1134 1135 1141 1134 1141 1140 1135 1136 1142 1135 1142 1141 1136 1137 1143 1136 1143 1142 1137 1138 1144 1137 1144 1143 1138 1139 1145 1138 1145 1144 1139 1134 1140 1139 1140 1145 1140 1141 1146 1141 1147 1146 1141 1142 1147 1142 1148 1147 1142 1143 1148 1143 1149 1148 1143 1144 1149 1144 1150 1149 1144 1145 1150 1145 1151 1150 1145 1140 1151 1140 1146 1151 1146 1147 1153 1146 1153 1152 1147 1148 1154 1147 1154 1153 1148 1149 1155 1148 1155 1154 1149 1150 1156 1149 1156 1155 1150 1151 1157 1150 1157 1156 1151 1146 1152 1151 1152 1157 1152 1153 1158 1153 1159 1158 1153 1154 1159 1154 1160 1159 1154 1155 1160 1155 1161 1160 1155 1156 1161 1156 1162 1161 1156 1157 1162 1157 1163 1162 1157 1152 1163 1152 1158 1163 1158 1159 1165 1158 1165 1164 1159 1160 1166 1159 1166 1165 1160 1161 1167 1160 1167 1166 1161 1162 1168 1161 1168 1167 1162 1163 1169 1162 1169 1168 1163 1158 1164 1163 1164 1169 1164 1165 1170 1165 1171 1170 1165 1166 1171 1166 1172 1171 1166 1167 1172 1167 1173 1172 1167 1168 1173 1168 1174 1173 1168 1169 1174 1169 1175 1174 1169 1164 1175 1164 1170 1175 1170 1171 1177 1170 1177 1176 1171 1172 1178 1171 1178 1177 1172 1173 1179 1172 1179 1178 1173 1174 1180 1173 1180 1179 1174 1175 1181 1174 1181 1180 1175 1170 1176 1175 1176 1181 1176 1177 1182 1177 1183 1182 1177 1178 1183 1178 1184 1183 1178 1179 1184 1179 1185 1184 1179 1180 1185 1180 1186 1185 1180 1181 1186 1181 1187 1186 1181 1176 1187 1176 1182 1187 1182 1183 1189 1182 1189 1188 1183 1184 1190 1183 1190 1189 1184 1185 1191 1184 1191 1190 1185 1186 1192 1185 1192 1191 1186 1187 1193 1186 1193 1192 1187 1182 1188 1187 1188 1193 1188 1189 1194 1189 1195 1194 1189 1190 1195 1190 1196 1195 1190 1191 1196 1191 1197 1196 1191 1192 1197 1192 1198 1197 1192 1193 1198 1193 1199 1198 1193 1188 1199 1188 1194 1199 1194 1195 1201 1194 1201 1200 1195 1196 1202 1195 1202 1201 1196 1197 1203 1196 1203 1202 1197 1198 1204 1197 1204 1203 1198 1199 1205 1198 1205 1204 1199 1194 1200 1199 1200 1205 1200 1201 1206 1201 1207 1206 1201 1202 1207 1202 1208 1207 1202 1203 1208 1203 1209 1208 1203 1204 1209 1204 1210 1209 1204 1205 1210 1205 1211 1210 1205 1200 1211 1200 1206 1211 1206 1207 1213 1206 1213 1212 1207 1208 1214 1207 1214 1213 1208 1209 1215 1208 1215 1214 1209 1210 1216 1209 1216 1215 1210 1211 1217 1210 1217 1216 1211 1206 1212 1211 1212 1217 1212 1213 1218 1213 1219 1218 1213 1214 1219 1214 1220 1219 1214 1215 1220 1215 1221 1220 1215 1216 1221 1216 1222 1221 1216 1217 1222 1217 1223 1222 1217 1212 1223 1212 1218 1223 1218 1219 1225 1218 1225 1224 1219 1220 1226 1219 1226 1225 1220 1221 1227 1220 1227 1226 1221 1222 1228 1221 1228 1227 1222 1223 1229 1222 1229 1228 1223 1218 1224 1223 1224 1229 1224 1225 1230 1225 1231 1230 1225 1226 1231 1226 1232 1231 1226 1227 1232 1227 1233 1232 1227 1228 1233 1228 1234 1233 1228 1229 1234 1229 1235 1234 1229 1224 1235 1224 1230 1235 1230 1231 1237 1230 1237 1236 1231 1232 1238 1231 1238 1237 1232 1233 1239 1232 1239 1238 1233 1234 1240 1233 1240 1239 1234 1235 1241 1234 1241 1240 1235 1230 1236 1235 1236 1241 1236 1237 1242 1237 1243 1242 1237 1238 1243 1238 1244 1243 1238 1239 1244 1239 1245 1244 1239 1240 1245 1240 1246 1245 1240 1241 1246 1241 1247 1246 1241 1236 1247 1236 1242 1247 1242 1243 1249 1242 1249 1248 1243 1244 1250 1243 1250 1249 1244 1245 1251 1244 1251 1250 1245 1246 1252 1245 1252 1251 1246 1247 1253 1246 1253 1252 1247 1242 1248 1247 1248 1253 1248 1249 1254 1249 1255 1254 1249 1250 1255 1250 1256 1255 1250 1251 1256 1251 1257 1256 1251 1252 1257 1252 1258 1257 1252 1253 1258 1253 1259 1258 1253 1248 1259 1248 1254 1259 1254 1255 1261 1254 1261 1260 1255 1256 1262 1255 1262 1261 1256 1257 1263 1256 1263 1262 1257 1258 1264 1257 1264 1263 1258 1259 1265 1258 1265 1264 1259 1254 1260 1259 1260 1265 1260 1261 1266 1261 1267 1266 1261 1262 1267 1262 1268 1267 1262 1263 1268 1263 1269 1268 1263 1264 1269 1264 1270 1269 1264 1265 1270 1265 1271 1270 1265 1260 1271 1260 1266 1271 1266 1267 1273 1266 1273 1272 1267 1268 1274 1267 1274 1273 1268 1269 1275 1268 1275 1274 1269 1270 1276 1269 1276 1275 1270 1271 1277 1270 1277 1276 1271 1266 1272 1271 1272 1277 1272 1273 1278 1273 1279 1278 1273 1274 1279 1274 1280 1279 1274 1275 1280 1275 1281 1280 1275 1276 1281 1276 1282 1281 1276 1277 1282 1277 1283 1282 1277 1272 1283 1272 1278 1283 1278 1279 1285 1278 1285 1284 1279 1280 1286 1279 1286 1285 1280 1281 1287 1280 1287 1286 1281 1282 1288 1281 1288 1287 1282 1283 1289 1282 1289 1288 1283 1278 1284 1283 1284 1289 1284 1285 1290 1285 1291 1290 1285 1286 1291 1286 1292 1291 1286 1287 1292 1287 1293 1292 1287 1288 1293 1288 1294 1293 1288 1289 1294 1289 1295 1294 1289 1284 1295 1284 1290 1295 1290 1291 1297 1290 1297 1296 1291 1292 1298 1291 1298 1297 1292 1293 1299 1292 1299 1298 1293 1294 1300 1293 1300 1299 1294 1295 1301 1294 1301 1300 1295 1290 1296 1295 1296 1301 1296 1297 1302 1297 1303 1302 1297 1298 1303 1298 1304 1303 1298 1299 1304 1299 1305 1304 1299 1300 1305 1300 1306 1305 1300 1301 1306 1301 1307 1306 1301 1296 1307 1296 1302 1307 1302 1303 1309 1302 1309 1308 1303 1304 1310 1303 1310 1309 1304 1305 1311 1304 1311 1310 1305 1306 1312 1305 1312 1311 1306 1307 1313 1306 1313 1312 1307 1302 1308 1307 1308 1313 1308 1309 1314 1309 1315 1314 1309 1310 1315 1310 1316 1315 1310 1311 1316 1311 1317 1316 1311 1312 1317 1312 1318 1317 1312 1313 1318 1313 1319 1318 1313 1308 1319 1308 1314 1319 1314 1315 1321 1314 1321 1320 1315 1316 1322 1315 1322 1321 1316 1317 1323 1316 1323 1322 1317 1318 1324 1317 1324 1323 1318 1319 1325 1318 1325 1324 1319 1314 1320 1319 1320 1325 1326 1328 1327 1326 1329 1328 1326 1330 1329 1326 1331 1330 1326 1332 1331 1326 1327 1332 1333 1334 1335 1333 1335 1336 1333 1336 1337 1333 1337 1338 1333 1338 1339 1333 1339 1334" solid="false" colorPerVertex="false">
     <Coordinate point="-1 0 -0.01 -1 0.00866025 -0.005 -1 0.00866025 0.005 -1 1.22465e-18 0.01 -1 -0.00866025 0.005 -1 -0.00866025 -0.005 -0.990909 0.005 -0.00866025 -0.990909 0.01 -6.12323e-19 -0.990909 0.005 0.00866025 -0.990909 -0.005 0.00866025 -0.990909 -0.01 1.83697e-18 -0.990909 -0.005 -0.00866025 -0.981818 0 -0.01 -0.981818 0.00866025 -0.005 -0.981818 0.00866025 0.005 -0.981818 1.22465e-18 0.01 -0.981818 -0.00866025 0.005 -0.981818 -0.00866025 -0.005 -0.972727 0.005 -0.00866025 -0.972727 0.01 -6.12323e-19 -0.972727 0.005 0.00866025 -0.972727 -0.005 0.00866025 -0.972727 -0.01 1.83697e-18 -0.972727 -0.005 -0.00866025 -0.963636 0 -0.01 -0.963636 0.00866025 -0.005 -0.963636 0.00866025 0.005 -0.963636 1.22465e-18 0.01 -0.963636 -0.00866025 0.005 -0.963636 -0.00866025 -0.005 -0.954545 0.005 -0.00866025 -0.954545 0.01 -6.12323e-19 -0.954545 0.005 0.00866025 -0.954545 -0.005 0.00866025 -0.954545 -0.01 1.83697e-18 -0.954545 -0.005 -0.00866025 -0.945455 0 -0.01 -0.945455 0.00866025 -0.005 -0.945455 0.00866025 0.005 -0.945455 1.22465e-18 0.01 -0.945455 -0.00866025 0.005 -0.945455 -0.00866025 -0.005 -0.936364 0.005 -0.00866025 -0.936364 0.01 -6.12323e-19 -0.936364 0.005 0.00866025 -0.936364 -0.005 0.00866025 -0.936364 -0.01 1.83697e-18 -0.936364 -0.005 -0.00866025 -0.927273 0 -0.01 -0.927273 0.00866025 -0.005 -0.927273 0.00866025 0.005 -0.927273 1.22465e-18 0.01 -0.927273 -0.00866025 0.005 -0.927273 -0.00866025 -0.005 -0.918182 0.005 -0.00866025 -0.918182 0.01 -6.12323e-19 -0.918182 0.005 0.00866025 -0.918182 -0.005 0.00866025 -0.918182 -0.01 1.83697e-18 -0.918182 -0.005 -0.00866025 -0.909091 0 -0.01 -0.909091 0.00866025 -0.005 -0.909091 0.00866025 0.005 -0.909091 1.22465e-18 0.01 -0.909091 -0.00866025 0.005 -0.909091 -0.00866025 -0.005 -0.9 0.005 -0.00866025 -0.9 0.01 -6.12323e-19 -0.9 0.005 0.00866025 -0.9 -0.005 0.00866025 -0.9 -0.01 1.83697e-18 -0.9 -0.005 -0.00866025 -0.890909 0 -0.01 -0.890909 0.00866025 -0.005 -0.890909 0.00866025 0.005 -0.890909 1.22465e-18 0.01 -0.890909 -0.00866025 0.005 -0.890909 -0.00866025 -0.005 -0.881818 0.005 -0.00866025 -0.881818 0.01 -6.12323e-19 -0.881818 0.005 0.00866025 -0.881818 -0.005 0.00866025 -0.881818 -0.01 1.83697e-18 -0.881818 -0.005 -0.00866025 -0.872727 0 -0.01 -0.872727 0.00866025 -0.005 -0.872727 0.00866025 0.005 -0.872727 1.22465e-18 0.01 -0.872727 -0.00866025 0.005 -0.872727 -0.00866025 -0.005 -0.863636 0.005 -0.00866025 -0.863636 0.01 -6.12323e-19 -0.863636 0.005 0.00866025 -0.863636 -0.005 0.00866025 -0.863636 -0.01 1.83697e-18 -0.863636 -0.005 -0.00866025 -0.854545 0 -0.01 -0.854545 0.00866025 -0.005 -0.854545 0.00866025 0.005 -0.854545 1.22465e-18 0.01 -0.854545 -0.00866025 0.005 -0.854545 -0.00866025 -0.005 -0.845455 0.005 -0.00866025 -0.845455 0.01 -6.12323e-19 -0.845455 0.005 0.00866025 -0.845455 -0.005 0.00866025 -0.845455 -0.01 1.83697e-18 -0.845455 -0.005 -0.00866025 -0.836364 0 -0.01 -0.836364 0.00866025 -0.005 -0.836364 0.00866025 0.005 -0.836364 1.22465e-18 0.01 -0.836364 -0.00866025 0.005 -0.836364 -0.00866025 -0.005 -0.827273 0.005 -0.00866025 -0.827273 0.01 -6.12323e-19 -0.827273 0.005 0.00866025 -0.827273 -0.005 0.00866025 -0.827273 -0.01 1.83697e-18 -0.827273 -0.005 -0.00866025 -0.818182 0 -0.01 -0.818182 0.00866025 -0.005 -0.818182 0.00866025 0.005 -0.818182 1.22465e-18 0.01 -0.818182 -0.00866025 0.005 -0.818182 -0.00866025 -0.005 -0.809091 0.005 -0.00866025 -0.809091 0.01 -6.12323e-19 -0.809091 0.005 0.00866025 -0.809091 -0.005 0.00866025 -0.809091 -0.01 1.83697e-18 -0.809091 -0.005 -0.00866025 -0.8 0 -0.01 -0.8 0.00866025 -0.005 -0.8 0.00866025 0.005 -0.8 1.22465e-18 0.01 -0.8 -0.00866025 0.005 -0.8 -0.00866025 -0.005 -0.790909 0.005 -0.00866025 -0.790909 0.01 -6.12323e-19 -0.790909 0.005 0.00866025 -0.790909 -0.005 0.00866025 -0.790909 -0.01 1.83697e-18 -0.790909 -0.005 -0.00866025 -0.781818 0 -0.01 -0.781818 0.00866025 -0.005 -0.781818 0.00866025 0.005 -0.781818 1.22465e-18 0.01 -0.781818 -0.00866025 0.005 -0.781818 -0.00866025 -0.005 -0.772727 0.005 -0.00866025 -0.772727 0.01 -6.12323e-19 -0.772727 0.005 0.00866025 -0.772727 -0.005 0.00866025 -0.772727 -0.01 1.83697e-18 -0.772727 -0.005 -0.00866025 -0.763636 0 -0.01 -0.763636 0.00866025 -0.005 -0.763636 0.00866025 0.005 -0.763636 1.22465e-18 0.01 -0.763636 -0.00866025 0.005 -0.763636 -0.00866025 -0.005 -0.754545 0.005 -0.00866025 -0.754545 0.01 -6.12323e-19 -0.754545 0.005 0.00866025 -0.754545 -0.005 0.00866025 -0.754545 -0.01 1.83697e-18 -0.754545 -0.005 -0.00866025 -0.745455 0 -0.01 -0.745455 0.00866025 -0.005 -0.745455 0.00866025 0.005 -0.745455 1.22465e-18 0.01 -0.745455 -0.00866025 0.005 -0.745455 -0.00866025 -0.005 -0.736364 0.005 -0.00866025 -0.736364 0.01 -6.12323e-19 -0.736364 0.005 0.00866025 -0.736364 -0.005 0.00866025 -0.736364 -0.01 1.83697e-18 -0.736364 -0.005 -0.00866025 -0.727273 0 -0.01 -0.727273 0.00866025 -0.005 -0.727273 0.00866025 0.005 -0.727273 1.22465e-18 0.01 -0.727273 -0.00866025 0.005 -0.727273 -0.00866025 -0.005 -0.718182 0.005 -0.00866025 -0.718182 0.01 -6.12323e-19 -0.718182 0.005 0.00866025 -0.718182 -0.005 0.00866025 -0.718182 -0.01 1.83697e-18 -0.718182 -0.005 -0.00866025 -0.709091 0 -0.01 -0.709091 0.00866025 -0.005 -0.709091 0.00866025 0.005 -0.709091 1.22465e-18 0.01 -0.709091 -0.00866025 0.005 -0.709091 -0.00866025 -0.005 -0.7 0.005 -0.00866025 -0.7 0.01 -6.12323e-19 -0.7 0.005 0.00866025 -0.7 -0.005 0.00866025 -0.7 -0.01 1.83697e-18 -0.7 -0.005 -0.00866025 -0.690909 0 -0.01 -0.690909 0.00866025 -0.005 -0.690909 0.00866025 0.005 -0.690909 1.22465e-18 0.01 -0.690909 -0.00866025 0.005 -0.690909 -0.00866025 -0.005 -0.681818 0.005 -0.00866025 -0.681818 0.01 -6.12323e-19 -0.681818 0.005 0.00866025 -0.681818 -0.005 0.00866025 -0.681818 -0.01 1.83697e-18 -0.681818 -0.005 -0.00866025 -0.672727 0 -0.01 -0.672727 0.00866025 -0.005 -0.672727 0.00866025 0.005 -0.672727 1.22465e-18 0.01 -0.672727 -0.00866025 0.005 -0.672727 -0.00866025 -0.005 -0.663636 0.005 -0.00866025 -0.663636 0.01 -6.12323e-19 -0.663636 0.005 0.00866025 -0.663636 -0.005 0.00866025 -0.663636 -0.01 1.83697e-18 -0.663636 -0.005 -0.00866025 -0.654545 0 -0.01 -0.654545 0.00866025 -0.005 -0.654545 0.00866025 0.005 -0.654545 1.22465e-18 0.01 -0.654545 -0.00866025 0.005 -0.654545 -0.00866025 -0.005 -0.645455 0.005 -0.00866025 -0.645455 0.01 -6.12323e-19 -0.645455 0.005 0.00866025 -0.645455 -0.005 0.00866025 -0.645455 -0.01 1.83697e-18 -0.645455 -0.005 -0.00866025 -0.636364 0 -0.01 -0.636364 0.00866025 -0.005 -0.636364 0.00866025 0.005 -0.636364 1.22465e-18 0.01 -0.636364 -0.00866025 0.005 -0.636364 -0.00866025 -0.005 -0.627273 0.005 -0.00866025 -0.627273 0.01 -6.12323e-19 -0.627273 0.005 0.00866025 -0.627273 -0.005 0.00866025 -0.627273 -0.01 1.83697e-18 -0.627273 -0.005 -0.00866025 -0.618182 0 -0.01 -0.618182 0.00866025 -0.005 -0.618182 0.00866025 0.005 -0.618182 1.22465e-18 0.01 -0.618182 -0.00866025 0.005 -0.618182 -0.00866025 -0.005 -0.609091 0.005 -0.00866025 -0.609091 0.01 -6.12323e-19 -0.609091 0.005 0.00866025 -0.609091 -0.005 0.00866025 -0.609091 -0.01 1.83697e-18 -0.609091 -0.005 -0.00866025 -0.6 0 -0.01 -0.6 0.00866025 -0.005 -0.6 0.00866025 0.005 -0.6 1.22465e-18 0.01 -0.6 -0.00866025 0.005 -0.6 -0.00866025 -0.005 -0.590909 0.005 -0.00866025 -0.590909 0.01 -6.12323e-19 -0.590909 0.005 0.00866025 -0.590909 -0.005 0.00866025 -0.590909 -0.01 1.83697e-18 -0.590909 -0.005 -0.00866025 -0.581818 0 -0.01 -0.581818 0.00866025 -0.005 -0.581818 0.00866025 0.005 -0.581818 1.22465e-18 0.01 -0.581818 -0.00866025 0.005 -0.581818 -0.00866025 -0.005 -0.572727 0.005 -0.00866025 -0.572727 0.01 -6.12323e-19 -0.572727 0.005 0.00866025 -0.572727 -0.005 0.00866025 -0.572727 -0.01 1.83697e-18 -0.572727 -0.005 -0.00866025 -0.563636 0 -0.01 -0.563636 0.00866025 -0.005 -0.563636 0.00866025 0.005 -0.563636 1.22465e-18 0.01 -0.563636 -0.00866025 0.005 -0.563636 -0.00866025 -0.005 -0.554545 0.005 -0.00866025 -0.554545 0.01 -6.12323e-19 -0.554545 0.005 0.00866025 -0.554545 -0.005 0.00866025 -0.554545 -0.01 1.83697e-18 -0.554545 -0.005 -0.00866025 -0.545455 0 -0.01 -0.545455 0.00866025 -0.005 -0.545455 0.00866025 0.005 -0.545455 1.22465e-18 0.01 -0.545455 -0.00866025 0.005 -0.545455 -0.00866025 -0.005 -0.536364 0.005 -0.00866025 -0.536364 0.01 -6.12323e-19 -0.536364 0.005 0.00866025 -0.536364 -0.005 0.00866025 -0.536364 -0.01 1.83697e-18 -0.536364 -0.005 -0.00866025 -0.527273 0 -0.01 -0.527273 0.00866025 -0.005 -0.527273 0.00866025 0.005 -0.527273 1.22465e-18 0.01 -0.527273 -0.00866025 0.005 -0.527273 -0.00866025 -0.005 -0.518182 0.005 -0.00866025 -0.518182 0.01 -6.12323e-19 -0.518182 0.005 0.00866025 -0.518182 -0.005 0.00866025 -0.518182 -0.01 1.83697e-18 -0.518182 -0.005 -0.00866025 -0.509091 0 -0.01 -0.509091 0.00866025 -0.005 -0.509091 0.00866025 0.005 -0.509091 1.22465e-18 0.01 -0.509091 -0.00866025 0.005 -0.509091 -0.00866025 -0.005 -0.5 0.005 -0.00866025 -0.5 0.01 -6.12323e-19 -0.5 0.005 0.00866025 -0.5 -0.005 0.00866025 -0.5 -0.01 1.83697e-18 -0.5 -0.005 -0.00866025 -0.490909 0 -0.01 -0.490909 0.00866025 -0.005 -0.490909 0.00866025 0.005 -0.490909 1.22465e-18 0.01 -0.490909 -0.00866025 0.005 -0.490909 -0.00866025 -0.005 -0.481818 0.005 -0.00866025 -0.481818 0.01 -6.12323e-19 -0.481818 0.005 0.00866025 -0.481818 -0.005 0.00866025 -0.481818 -0.01 1.83697e-18 -0.481818 -0.005 -0.00866025 -0.472727 0 -0.01 -0.472727 0.00866025 -0.005 -0.472727 0.00866025 0.005 -0.472727 1.22465e-18 0.01 -0.472727 -0.00866025 0.005 -0.472727 -0.00866025 -0.005 -0.463636 0.005 -0.00866025 -0.463636 0.01 -6.12323e-19 -0.463636 0.005 0.00866025 -0.463636 -0.005 0.00866025 -0.463636 -0.01 1.83697e-18 -0.463636 -0.005 -0.00866025 -0.454545 0 -0.01 -0.454545 0.00866025 -0.005 -0.454545 0.00866025 0.005 -0.454545 1.22465e-18 0.01 -0.454545 -0.00866025 0.005 -0.454545 -0.00866025 -0.005 -0.445455 0.005 -0.00866025 -0.445455 0.01 -6.12323e-19 -0.445455 0.005 0.00866025 -0.445455 -0.005 0.00866025 -0.445455 -0.01 1.83697e-18 -0.445455 -0.005 -0.00866025 -0.436364 0 -0.01 -0.436364 0.00866025 -0.005 -0.436364 0.00866025 0.005 -0.436364 1.22465e-18 0.01 -0.436364 -0.00866025 0.005 -0.436364 -0.00866025 -0.005 -0.427273 0.005 -0.00866025 -0.427273 0.01 -6.12323e-19 -0.427273 0.005 0.00866025 -0.427273 -0.005 0.00866025 -0.427273 -0.01 1.83697e-18 -0.427273 -0.005 -0.00866025 -0.418182 0 -0.01 -0.418182 0.00866025 -0.005 -0.418182 0.00866025 0.005 -0.418182 1.22465e-18 0.01 -0.418182 -0.00866025 0.005 -0.418182 -0.00866025 -0.005 -0.409091 0.005 -0.00866025 -0.409091 0.01 -6.12323e-19 -0.409091 0.005 0.00866025 -0.409091 -0.005 0.00866025 -0.409091 -0.01 1.83697e-18 -0.409091 -0.005 -0.00866025 -0.4 0 -0.01 -0.4 0.00866025 -0.005 -0.4 0.00866025 0.005 -0.4 1.22465e-18 0.01 -0.4 -0.00866025 0.005 -0.4 -0.00866025 -0.005 -0.390909 0.005 -0.00866025 -0.390909 0.01 -6.12323e-19 -0.390909 0.005 0.00866025 -0.390909 -0.005 0.00866025 -0.390909 -0.01 1.83697e-18 -0.390909 -0.005 -0.00866025 -0.381818 0 -0.01 -0.381818 0.00866025 -0.005 -0.381818 0.00866025 0.005 -0.381818 1.22465e-18 0.01 -0.381818 -0.00866025 0.005 -0.381818 -0.00866025 -0.005 -0.372727 0.005 -0.00866025 -0.372727 0.01 -6.12323e-19 -0.372727 0.005 0.00866025 -0.372727 -0.005 0.00866025 -0.372727 -0.01 1.83697e-18 -0.372727 -0.005 -0.00866025 -0.363636 0 -0.01 -0.363636 0.00866025 -0.005 -0.363636 0.00866025 0.005 -0.363636 1.22465e-18 0.01 -0.363636 -0.00866025 0.005 -0.363636 -0.00866025 -0.005 -0.354545 0.005 -0.00866025 -0.354545 0.01 -6.12323e-19 -0.354545 0.005 0.00866025 -0.354545 -0.005 0.00866025 -0.354545 -0.01 1.83697e-18 -0.354545 -0.005 -0.00866025 -0.345455 0 -0.01 -0.345455 0.00866025 -0.005 -0.345455 0.00866025 0.005 -0.345455 1.22465e-18 0.01 -0.345455 -0.00866025 0.005 -0.345455 -0.00866025 -0.005 -0.336364 0.005 -0.00866025 -0.336364 0.01 -6.12323e-19 -0.336364 0.005 0.00866025 -0.336364 -0.005 0.00866025 -0.336364 -0.01 1.83697e-18 -0.336364 -0.005 -0.00866025 -0.327273 0 -0.01 -0.327273 0.00866025 -0.005 -0.327273 0.00866025 0.005 -0.327273 1.22465e-18 0.01 -0.327273 -0.00866025 0.005 -0.327273 -0.00866025 -0.005 -0.318182 0.005 -0.00866025 -0.318182 0.01 -6.12323e-19 -0.318182 0.005 0.00866025 -0.318182 -0.005 0.00866025 -0.318182 -0.01 1.83697e-18 -0.318182 -0.005 -0.00866025 -0.309091 0 -0.01 -0.309091 0.00866025 -0.005 -0.309091 0.00866025 0.005 -0.309091 1.22465e-18 0.01 -0.309091 -0.00866025 0.005 -0.309091 -0.00866025 -0.005 -0.3 0.005 -0.00866025 -0.3 0.01 -6.12323e-19 -0.3 0.005 0.00866025 -0.3 -0.005 0.00866025 -0.3 -0.01 1.83697e-18 -0.3 -0.005 -0.00866025 -0.290909 0 -0.01 -0.290909 0.00866025 -0.005 -0.290909 0.00866025 0.005 -0.290909 1.22465e-18 0.01 -0.290909 -0.00866025 0.005 -0.290909 -0.00866025 -0.005 -0.281818 0.005 -0.00866025 -0.281818 0.01 -6.12323e-19 -0.281818 0.005 0.00866025 -0.281818 -0.005 0.00866025 -0.281818 -0.01 1.83697e-18 -0.281818 -0.005 -0.00866025 -0.272727 0 -0.01 -0.272727 0.00866025 -0.005 -0.272727 0.00866025 0.005 -0.272727 1.22465e-18 0.01 -0.272727 -0.00866025 0.005 -0.272727 -0.00866025 -0.005 -0.263636 0.005 -0.00866025 -0.263636 0.01 -6.12323e-19 -0.263636 0.005 0.00866025 -0.263636 -0.005 0.00866025 -0.263636 -0.01 1.83697e-18 -0.263636 -0.005 -0.00866025 -0.254545 0 -0.01 -0.254545 0.00866025 -0.005 -0.254545 0.00866025 0.005 -0.254545 1.22465e-18 0.01 -0.254545 -0.00866025 0.005 -0.254545 -0.00866025 -0.005 -0.245455 0.005 -0.00866025 -0.245455 0.01 -6.12323e-19 -0.245455 0.005 0.00866025 -0.245455 -0.005 0.00866025 -0.245455 -0.01 1.83697e-18 -0.245455 -0.005 -0.00866025 -0.236364 0 -0.01 -0.236364 0.00866025 -0.005 -0.236364 0.00866025 0.005 -0.236364 1.22465e-18 0.01 -0.236364 -0.00866025 0.005 -0.236364 -0.00866025 -0.005 -0.227273 0.005 -0.00866025 -0.227273 0.01 -6.12323e-19 -0.227273 0.005 0.00866025 -0.227273 -0.005 0.00866025 -0.227273 -0.01 1.83697e-18 -0.227273 -0.005 -0.00866025 -0.218182 0 -0.01 -0.218182 0.00866025 -0.005 -0.218182 0.00866025 0.005 -0.218182 1.22465e-18 0.01 -0.218182 -0.00866025 0.005 -0.218182 -0.00866025 -0.005 -0.209091 0.005 -0.00866025 -0.209091 0.01 -6.12323e-19 -0.209091 0.005 0.00866025 -0.209091 -0.005 0.00866025 -0.209091 -0.01 1.83697e-18 -0.209091 -0.005 -0.00866025 -0.2 0 -0.01 -0.2 0.00866025 -0.005 -0.2 0.00866025 0.005 -0.2 1.22465e-18 0.01 -0.2 -0.00866025 0.005 -0.2 -0.00866025 -0.005 -0.190909 0.005 -0.00866025 -0.190909 0.01 -6.12323e-19 -0.190909 0.005 0.00866025 -0.190909 -0.005 0.00866025 -0.190909 -0.01 1.83697e-18 -0.190909 -0.005 -0.00866025 -0.181818 0 -0.01 -0.181818 0.00866025 -0.005 -0.181818 0.00866025 0.005 -0.181818 1.22465e-18 0.01 -0.181818 -0.00866025 0.005 -0.181818 -0.00866025 -0.005 -0.172727 0.005 -0.00866025 -0.172727 0.01 -6.12323e-19 -0.172727 0.005 0.00866025 -0.172727 -0.005 0.00866025 -0.172727 -0.01 1.83697e-18 -0.172727 -0.005 -0.00866025 -0.163636 0 -0.01 -0.163636 0.00866025 -0.005 -0.163636 0.00866025 0.005 -0.163636 1.22465e-18 0.01 -0.163636 -0.00866025 0.005 -0.163636 -0.00866025 -0.005 -0.154545 0.005 -0.00866025 -0.154545 0.01 -6.12323e-19 -0.154545 0.005 0.00866025 -0.154545 -0.005 0.00866025 -0.154545 -0.01 1.83697e-18 -0.154545 -0.005 -0.00866025 -0.145455 0 -0.01 -0.145455 0.00866025 -0.005 -0.145455 0.00866025 0.005 -0.145455 1.22465e-18 0.01 -0.145455 -0.00866025 0.005 -0.145455 -0.00866025 -0.005 -0.136364 0.005 -0.00866025 -0.136364 0.01 -6.12323e-19 -0.136364 0.005 0.00866025 -0.136364 -0.005 0.00866025 -0.136364 -0.01 1.83697e-18 -0.136364 -0.005 -0.00866025 -0.127273 0 -0.01 -0.127273 0.00866025 -0.005 -0.127273 0.00866025 0.005 -0.127273 1.22465e-18 0.01 -0.127273 -0.00866025 0.005 -0.127273 -0.00866025 -0.005 -0.118182 0.005 -0.00866025 -0.118182 0.01 -6.12323e-19 -0.118182 0.005 0.00866025 -0.118182 -0.005 0.00866025 -0.118182 -0.01 1.83697e-18 -0.118182 -0.005 -0.00866025 -0.109091 0 -0.01 -0.109091 0.00866025 -0.005 -0.109091 0.00866025 0.005 -0.109091 1.22465e-18 0.01 -0.109091 -0.00866025 0.005 -0.109091 -0.00866025 -0.005 -0.1 0.005 -0.00866025 -0.1 0.01 -6.12323e-19 -0.1 0.005 0.00866025 -0.1 -0.005 0.00866025 -0.1 -0.01 1.83697e-18 -0.1 -0.005 -0.00866025 -0.0909091 0 -0.01 -0.0909091 0.00866025 -0.005 -0.0909091 0.00866025 0.005 -0.0909091 1.22465e-18 0.01 -0.0909091 -0.00866025 0.005 -0.0909091 -0.00866025 -0.005 -0.0818182 0.005 -0.00866025 -0.0818182 0.01 -6.12323e-19 -0.0818182 0.005 0.00866025 -0.0818182 -0.005 0.00866025 -0.0818182 -0.01 1.83697e-18 -0.0818182 -0.005 -0.00866025 -0.0727273 0 -0.01 -0.0727273 0.00866025 -0.005 -0.0727273 0.00866025 0.005 -0.0727273 1.22465e-18 0.01 -0.0727273 -0.00866025 0.005 -0.0727273 -0.00866025 -0.005 -0.0636364 0.005 -0.00866025 -0.0636364 0.01 -6.12323e-19 -0.0636364 0.005 0.00866025 -0.0636364 -0.005 0.00866025 -0.0636364 -0.01 1.83697e-18 -0.0636364 -0.005 -0.00866025 -0.0545455 0 -0.01 -0.0545455 0.00866025 -0.005 -0.0545455 0.00866025 0.005 -0.0545455 1.22465e-18 0.01 -0.0545455 -0.00866025 0.005 -0.0545455 -0.00866025 -0.005 -0.0454545 0.005 -0.00866025 -0.0454545 0.01 -6.12323e-19 -0.0454545 0.005 0.00866025 -0.0454545 -0.005 0.00866025 -0.0454545 -0.01 1.83697e-18 -0.0454545 -0.005 -0.00866025 -0.0363636 0 -0.01 -0.0363636 0.00866025 -0.005 -0.0363636 0.00866025 0.005 -0.0363636 1.22465e-18 0.01 -0.0363636 -0.00866025 0.005 -0.0363636 -0.00866025 -0.005 -0.0272727 0.005 -0.00866025 -0.0272727 0.01 -6.12323e-19 -0.0272727 0.005 0.00866025 -0.0272727 -0.005 0.00866025 -0.0272727 -0.01 1.83697e-18 -0.0272727 -0.005 -0.00866025 -0.0181818 0 -0.01 -0.0181818 0.00866025 -0.005 -0.0181818 0.00866025 0.005 -0.0181818 1.22465e-18 0.01 -0.0181818 -0.00866025 0.005 -0.0181818 -0.00866025 -0.005 -0.00909091 0.005 -0.00866025 -0.00909091 0.01 -6.12323e-19 -0.00909091 0.005 0.00866025 -0.00909091 -0.005 0.00866025 -0.00909091 -0.01 1.83697e-18 -0.00909091 -0.005 -0.00866025 0 0 -0.01 0 0.00866025 -0.005 0 0.00866025 0.005 0 1.22465e-18 0.01 0 -0.00866025 0.005 0 -0.00866025 -0.005 0.00909091 0.005 -0.00866025 0.00909091 0.01 -6.12323e-19 0.00909091 0.005 0.00866025 0.00909091 -0.005 0.00866025 0.00909091 -0.01 1.83697e-18 0.00909091 -0.005 -0.00866025 0.0181818 0 -0.01 0.0181818 0.00866025 -0.005 0.0181818 0.00866025 0.005 0.0181818 1.22465e-18 0.01 0.0181818 -0.00866025 0.005 0.0181818 -0.00866025 -0.005 0.0272727 0.005 -0.00866025 0.0272727 0.01 -6.12323e-19 0.0272727 0.005 0.00866025 0.0272727 -0.005 0.00866025 0.0272727 -0.01 1.83697e-18 0.0272727 -0.005 -0.00866025 0.0363636 0 -0.01 0.0363636 0.00866025 -0.005 0.0363636 0.00866025 0.005 0.0363636 1.22465e-18 0.01 0.0363636 -0.00866025 0.005 0.0363636 -0.00866025 -0.005 0.0454545 0.005 -0.00866025 0.0454545 0.01 -6.12323e-19 0.0454545 0.005 0.00866025 0.0454545 -0.005 0.00866025 0.0454545 -0.01 1.83697e-18 0.0454545 -0.005 -0.00866025 0.0545455 0 -0.01 0.0545455 0.00866025 -0.005 0.0545455 0.00866025 0.005 0.0545455 1.22465e-18 0.01 0.0545455 -0.00866025 0.005 0.0545455 -0.00866025 -0.005 0.0636364 0.005 -0.00866025 0.0636364 0.01 -6.12323e-19 0.0636364 0.005 0.00866025 0.0636364 -0.005 0.00866025 0.0636364 -0.01 1.83697e-18 0.0636364 -0.005 -0.00866025 0.0727273 0 -0.01 0.0727273 0.00866025 -0.005 0.0727273 0.00866025 0.005 0.0727273 1.22465e-18 0.01 0.0727273 -0.00866025 0.005 0.0727273 -0.00866025 -0.005 0.0818182 0.005 -0.00866025 0.0818182 0.01 -6.12323e-19 0.0818182 0.005 0.00866025 0.0818182 -0.005 0.00866025 0.0818182 -0.01 1.83697e-18 0.0818182 -0.005 -0.00866025 0.0909091 0 -0.01 0.0909091 0.00866025 -0.005 0.0909091 0.00866025 0.005 0.0909091 1.22465e-18 0.01 0.0909091 -0.00866025 0.005 0.0909091 -0.00866025 -0.005 0.1 0.005 -0.00866025 0.1 0.01 -6.12323e-19 0.1 0.005 0.00866025 0.1 -0.005 0.00866025 0.1 -0.01 1.83697e-18 0.1 -0.005 -0.00866025 0.109091 0 -0.01 0.109091 0.00866025 -0.005 0.109091 0.00866025 0.005 0.109091 1.22465e-18 0.01 0.109091 -0.00866025 0.005 0.109091 -0.00866025 -0.005 0.118182 0.005 -0.00866025 0.118182 0.01 -6.12323e-19 0.118182 0.005 0.00866025 0.118182 -0.005 0.00866025 0.118182 -0.01 1.83697e-18 0.118182 -0.005 -0.00866025 0.127273 0 -0.01 0.127273 0.00866025 -0.005 0.127273 0.00866025 0.005 0.127273 1.22465e-18 0.01 0.127273 -0.00866025 0.005 0.127273 -0.00866025 -0.005 0.136364 0.005 -0.00866025 0.136364 0.01 -6.12323e-19 0.136364 0.005 0.00866025 0.136364 -0.005 0.00866025 0.136364 -0.01 1.83697e-18 0.136364 -0.005 -0.00866025 0.145455 0 -0.01 0.145455 0.00866025 -0.005 0.145455 0.00866025 0.005 0.145455 1.22465e-18 0.01 0.145455 -0.00866025 0.005 0.145455 -0.00866025 -0.005 0.154545 0.005 -0.00866025 0.154545 0.01 -6.12323e-19 0.154545 0.005 0.00866025 0.154545 -0.005 0.00866025 0.154545 -0.01 1.83697e-18 0.154545 -0.005 -0.00866025 0.163636 0 -0.01 0.163636 0.00866025 -0.005 0.163636 0.00866025 0.005 0.163636 1.22465e-18 0.01 0.163636 -0.00866025 0.005 0.163636 -0.00866025 -0.005 0.172727 0.005 -0.00866025 0.172727 0.01 -6.12323e-19 0.172727 0.005 0.00866025 0.172727 -0.005 0.00866025 0.172727 -0.01 1.83697e-18 0.172727 -0.005 -0.00866025 0.181818 0 -0.01 0.181818 0.00866025 -0.005 0.181818 0.00866025 0.005 0.181818 1.22465e-18 0.01 0.181818 -0.00866025 0.005 0.181818 -0.00866025 -0.005 0.190909 0.005 -0.00866025 0.190909 0.01 -6.12323e-19 0.190909 0.005 0.00866025 0.190909 -0.005 0.00866025 0.190909 -0.01 1.83697e-18 0.190909 -0.005 -0.00866025 0.2 0 -0.01 0.2 0.00866025 -0.005 0.2 0.00866025 0.005 0.2 1.22465e-18 0.01 0.2 -0.00866025 0.005 0.2 -0.00866025 -0.005 0.209091 0.005 -0.00866025 0.209091 0.01 -6.12323e-19 0.209091 0.005 0.00866025 0.209091 -0.005 0.00866025 0.209091 -0.01 1.83697e-18 0.209091 -0.005 -0.00866025 0.218182 0 -0.01 0.218182 0.00866025 -0.005 0.218182 0.00866025 0.005 0.218182 1.22465e-18 0.01 0.218182 -0.00866025 0.005 0.218182 -0.00866025 -0.005 0.227273 0.005 -0.00866025 0.227273 0.01 -6.12323e-19 0.227273 0.005 0.00866025 0.227273 -0.005 0.00866025 0.227273 -0.01 1.83697e-18 0.227273 -0.005 -0.00866025 0.236364 0 -0.01 0.236364 0.00866025 -0.005 0.236364 0.00866025 0.005 0.236364 1.22465e-18 0.01 0.236364 -0.00866025 0.005 0.236364 -0.00866025 -0.005 0.245455 0.005 -0.00866025 0.245455 0.01 -6.12323e-19 0.245455 0.005 0.00866025 0.245455 -0.005 0.00866025 0.245455 -0.01 1.83697e-18 0.245455 -0.005 -0.00866025 0.254545 0 -0.01 0.254545 0.00866025 -0.005 0.254545 0.00866025 0.005 0.254545 1.22465e-18 0.01 0.254545 -0.00866025 0.005 0.254545 -0.00866025 -0.005 0.263636 0.005 -0.00866025 0.263636 0.01 -6.12323e-19 0.263636 0.005 0.00866025 0.263636 -0.005 0.00866025 0.263636 -0.01 1.83697e-18 0.263636 -0.005 -0.00866025 0.272727 0 -0.01 0.272727 0.00866025 -0.005 0.272727 0.00866025 0.005 0.272727 1.22465e-18 0.01 0.272727 -0.00866025 0.005 0.272727 -0.00866025 -0.005 0.281818 0.005 -0.00866025 0.281818 0.01 -6.12323e-19 0.281818 0.005 0.00866025 0.281818 -0.005 0.00866025 0.281818 -0.01 1.83697e-18 0.281818 -0.005 -0.00866025 0.290909 0 -0.01 0.290909 0.00866025 -0.005 0.290909 0.00866025 0.005 0.290909 1.22465e-18 0.01 0.290909 -0.00866025 0.005 0.290909 -0.00866025 -0.005 0.3 0.005 -0.00866025 0.3 0.01 -6.12323e-19 0.3 0.005 0.00866025 0.3 -0.005 0.00866025 0.3 -0.01 1.83697e-18 0.3 -0.005 -0.00866025 0.309091 0 -0.01 0.309091 0.00866025 -0.005 0.309091 0.00866025 0.005 0.309091 1.22465e-18 0.01 0.309091 -0.00866025 0.005 0.309091 -0.00866025 -0.005 0.318182 0.005 -0.00866025 0.318182 0.01 -6.12323e-19 0.318182 0.005 0.00866025 0.318182 -0.005 0.00866025 0.318182 -0.01 1.83697e-18 0.318182 -0.005 -0.00866025 0.327273 0 -0.01 0.327273 0.00866025 -0.005 0.327273 0.00866025 0.005 0.327273 1.22465e-18 0.01 0.327273 -0.00866025 0.005 0.327273 -0.00866025 -0.005 0.336364 0.005 -0.00866025 0.336364 0.01 -6.12323e-19 0.336364 0.005 0.00866025 0.336364 -0.005 0.00866025 0.336364 -0.01 1.83697e-18 0.336364 -0.005 -0.00866025 0.345455 0 -0.01 0.345455 0.00866025 -0.005 0.345455 0.00866025 0.005 0.345455 1.22465e-18 0.01 0.345455 -0.00866025 0.005 0.345455 -0.00866025 -0.005 0.354545 0.005 -0.00866025 0.354545 0.01 -6.12323e-19 0.354545 0.005 0.00866025 0.354545 -0.005 0.00866025 0.354545 -0.01 1.83697e-18 0.354545 -0.005 -0.00866025 0.363636 0 -0.01 0.363636 0.00866025 -0.005 0.363636 0.00866025 0.005 0.363636 1.22465e-18 0.01 0.363636 -0.00866025 0.005 0.363636 -0.00866025 -0.005 0.372727 0.005 -0.00866025 0.372727 0.01 -6.12323e-19 0.372727 0.005 0.00866025 0.372727 -0.005 0.00866025 0.372727 -0.01 1.83697e-18 0.372727 -0.005 -0.00866025 0.381818 0 -0.01 0.381818 0.00866025 -0.005 0.381818 0.00866025 0.005 0.381818 1.22465e-18 0.01 0.381818 -0.00866025 0.005 0.381818 -0.00866025 -0.005 0.390909 0.005 -0.00866025 0.390909 0.01 -6.12323e-19 0.390909 0.005 0.00866025 0.390909 -0.005 0.00866025 0.390909 -0.01 1.83697e-18 0.390909 -0.005 -0.00866025 0.4 0 -0.01 0.4 0.00866025 -0.005 0.4 0.00866025 0.005 0.4 1.22465e-18 0.01 0.4 -0.00866025 0.005 0.4 -0.00866025 -0.005 0.409091 0.005 -0.00866025 0.409091 0.01 -6.12323e-19 0.409091 0.005 0.00866025 0.409091 -0.005 0.00866025 0.409091 -0.01 1.83697e-18 0.409091 -0.005 -0.00866025 0.418182 0 -0.01 0.418182 0.00866025 -0.005 0.418182 0.00866025 0.005 0.418182 1.22465e-18 0.01 0.418182 -0.00866025 0.005 0.418182 -0.00866025 -0.005 0.427273 0.005 -0.00866025 0.427273 0.01 -6.12323e-19 0.427273 0.005 0.00866025 0.427273 -0.005 0.00866025 0.427273 -0.01 1.83697e-18 0.427273 -0.005 -0.00866025 0.436364 0 -0.01 0.436364 0.00866025 -0.005 0.436364 0.00866025 0.005 0.436364 1.22465e-18 0.01 0.436364 -0.00866025 0.005 0.436364 -0.00866025 -0.005 0.445455 0.005 -0.00866025 0.445455 0.01 -6.12323e-19 0.445455 0.005 0.00866025 0.445455 -0.005 0.00866025 0.445455 -0.01 1.83697e-18 0.445455 -0.005 -0.00866025 0.454545 0 -0.01 0.454545 0.00866025 -0.005 0.454545 0.00866025 0.005 0.454545 1.22465e-18 0.01 0.454545 -0.00866025 0.005 0.454545 -0.00866025 -0.005 0.463636 0.005 -0.00866025 0.463636 0.01 -6.12323e-19 0.463636 0.005 0.00866025 0.463636 -0.005 0.00866025 0.463636 -0.01 1.83697e-18 0.463636 -0.005 -0.00866025 0.472727 0 -0.01 0.472727 0.00866025 -0.005 0.472727 0.00866025 0.005 0.472727 1.22465e-18 0.01 0.472727 -0.00866025 0.005 0.472727 -0.00866025 -0.005 0.481818 0.005 -0.00866025 0.481818 0.01 -6.12323e-19 0.481818 0.005 0.00866025 0.481818 -0.005 0.00866025 0.481818 -0.01 1.83697e-18 0.481818 -0.005 -0.00866025 0.490909 0 -0.01 0.490909 0.00866025 -0.005 0.490909 0.00866025 0.005 0.490909 1.22465e-18 0.01 0.490909 -0.00866025 0.005 0.490909 -0.00866025 -0.005 0.5 0.005 -0.00866025 0.5 0.01 -6.12323e-19 0.5 0.005 0.00866025 0.5 -0.005 0.00866025 0.5 -0.01 1.83697e-18 0.5 -0.005 -0.00866025 0.509091 0 -0.01 0.509091 0.00866025 -0.005 0.509091 0.00866025 0.005 0.509091 1.22465e-18 0.01 0.509091 -0.00866025 0.005 0.509091 -0.00866025 -0.005 0.518182 0.005 -0.00866025 0.518182 0.01 -6.12323e-19 0.518182 0.005 0.00866025 0.518182 -0.005 0.00866025 0.518182 -0.01 1.83697e-18 0.518182 -0.005 -0.00866025 0.527273 0 -0.01 0.527273 0.00866025 -0.005 0.527273 0.00866025 0.005 0.527273 1.22465e-18 0.01 0.527273 -0.00866025 0.005 0.527273 -0.00866025 -0.005 0.536364 0.005 -0.00866025 0.536364 0.01 -6.12323e-19 0.536364 0.005 0.00866025 0.536364 -0.005 0.00866025 0.536364 -0.01 1.83697e-18 0.536364 -0.005 -0.00866025 0.545455 0 -0.01 0.545455 0.00866025 -0.005 0.545455 0.00866025 0.005 0.545455 1.22465e-18 0.01 0.545455 -0.00866025 0.005 0.545455 -0.00866025 -0.005 0.554545 0.005 -0.00866025 0.554545 0.01 -6.12323e-19 0.554545 0.005 0.00866025 0.554545 -0.005 0.00866025 0.554545 -0.01 1.83697e-18 0.554545 -0.005 -0.00866025 0.563636 0 -0.01 0.563636 0.00866025 -0.005 0.563636 0.00866025 0.005 0.563636 1.22465e-18 0.01 0.563636 -0.00866025 0.005 0.563636 -0.00866025 -0.005 0.572727 0.005 -0.00866025 0.572727 0.01 -6.12323e-19 0.572727 0.005 0.00866025 0.572727 -0.005 0.00866025 0.572727 -0.01 1.83697e-18 0.572727 -0.005 -0.00866025 0.581818 0 -0.01 0.581818 0.00866025 -0.005 0.581818 0.00866025 0.005 0.581818 1.22465e-18 0.01 0.581818 -0.00866025 0.005 0.581818 -0.00866025 -0.005 0.590909 0.005 -0.00866025 0.590909 0.01 -6.12323e-19 0.590909 0.005 0.00866025 0.590909 -0.005 0.00866025 0.590909 -0.01 1.83697e-18 0.590909 -0.005 -0.00866025 0.6 0 -0.01 0.6 0.00866025 -0.005 0.6 0.00866025 0.005 0.6 1.22465e-18 0.01 0.6 -0.00866025 0.005 0.6 -0.00866025 -0.005 0.609091 0.005 -0.00866025 0.609091 0.01 -6.12323e-19 0.609091 0.005 0.00866025 0.609091 -0.005 0.00866025 0.609091 -0.01 1.83697e-18 0.609091 -0.005 -0.00866025 0.618182 0 -0.01 0.618182 0.00866025 -0.005 0.618182 0.00866025 0.005 0.618182 1.22465e-18 0.01 0.618182 -0.00866025 0.005 0.618182 -0.00866025 -0.005 0.627273 0.005 -0.00866025 0.627273 0.01 -6.12323e-19 0.627273 0.005 0.00866025 0.627273 -0.005 0.00866025 0.627273 -0.01 1.83697e-18 0.627273 -0.005 -0.00866025 0.636364 0 -0.01 0.636364 0.00866025 -0.005 0.636364 0.00866025 0.005 0.636364 1.22465e-18 0.01 0.636364 -0.00866025 0.005 0.636364 -0.00866025 -0.005 0.645455 0.005 -0.00866025 0.645455 0.01 -6.12323e-19 0.645455 0.005 0.00866025 0.645455 -0.005 0.00866025 0.645455 -0.01 1.83697e-18 0.645455 -0.005 -0.00866025 0.654545 0 -0.01 0.654545 0.00866025 -0.005 0.654545 0.00866025 0.005 0.654545 1.22465e-18 0.01 0.654545 -0.00866025 0.005 0.654545 -0.00866025 -0.005 0.663636 0.005 -0.00866025 0.663636 0.01 -6.12323e-19 0.663636 0.005 0.00866025 0.663636 -0.005 0.00866025 0.663636 -0.01 1.83697e-18 0.663636 -0.005 -0.00866025 0.672727 0 -0.01 0.672727 0.00866025 -0.005 0.672727 0.00866025 0.005 0.672727 1.22465e-18 0.01 0.672727 -0.00866025 0.005 0.672727 -0.00866025 -0.005 0.681818 0.005 -0.00866025 0.681818 0.01 -6.12323e-19 0.681818 0.005 0.00866025 0.681818 -0.005 0.00866025 0.681818 -0.01 1.83697e-18 0.681818 -0.005 -0.00866025 0.690909 0 -0.01 0.690909 0.00866025 -0.005 0.690909 0.00866025 0.005 0.690909 1.22465e-18 0.01 0.690909 -0.00866025 0.005 0.690909 -0.00866025 -0.005 0.7 0.005 -0.00866025 0.7 0.01 -6.12323e-19 0.7 0.005 0.00866025 0.7 -0.005 0.00866025 0.7 -0.01 1.83697e-18 0.7 -0.005 -0.00866025 0.709091 0 -0.01 0.709091 0.00866025 -0.005 0.709091 0.00866025 0.005 0.709091 1.22465e-18 0.01 0.709091 -0.00866025 0.005 0.709091 -0.00866025 -0.005 0.718182 0.005 -0.00866025 0.718182 0.01 -6.12323e-19 0.718182 0.005 0.00866025 0.718182 -0.005 0.00866025 0.718182 -0.01 1.83697e-18 0.718182 -0.005 -0.00866025 0.727273 0 -0.01 0.727273 0.00866025 -0.005 0.727273 0.00866025 0.005 0.727273 1.22465e-18 0.01 0.727273 -0.00866025 0.005 0.727273 -0.00866025 -0.005 0.736364 0.005 -0.00866025 0.736364 0.01 -6.12323e-19 0.736364 0.005 0.00866025 0.736364 -0.005 0.00866025 0.736364 -0.01 1.83697e-18 0.736364 -0.005 -0.00866025 0.745455 0 -0.01 0.745455 0.00866025 -0.005 0.745455 0.00866025 0.005 0.745455 1.22465e-18 0.01 0.745455 -0.00866025 0.005 0.745455 -0.00866025 -0.005 0.754545 0.005 -0.00866025 0.754545 0.01 -6.12323e-19 0.754545 0.005 0.00866025 0.754545 -0.005 0.00866025 0.754545 -0.01 1.83697e-18 0.754545 -0.005 -0.00866025 0.763636 0 -0.01 0.763636 0.00866025 -0.005 0.763636 0.00866025 0.005 0.763636 1.22465e-18 0.01 0.763636 -0.00866025 0.005 0.763636 -0.00866025 -0.005 0.772727 0.005 -0.00866025 0.772727 0.01 -6.12323e-19 0.772727 0.005 0.00866025 0.772727 -0.005 0.00866025 0.772727 -0.01 1.83697e-18 0.772727 -0.005 -0.00866025 0.781818 0 -0.01 0.781818 0.00866025 -0.005 0.781818 0.00866025 0.005 0.781818 1.22465e-18 0.01 0.781818 -0.00866025 0.005 0.781818 -0.00866025 -0.005 0.790909 0.005 -0.00866025 0.790909 0.01 -6.12323e-19 0.790909 0.005 0.00866025 0.790909 -0.005 0.00866025 0.790909 -0.01 1.83697e-18 0.790909 -0.005 -0.00866025 0.8 0 -0.01 0.8 0.00866025 -0.005 0.8 0.00866025 0.005 0.8 1.22465e-18 0.01 0.8 -0.00866025 0.005 0.8 -0.00866025 -0.005 0.809091 0.005 -0.00866025 0.809091 0.01 -6.12323e-19 0.809091 0.005 0.00866025 0.809091 -0.005 0.00866025 0.809091 -0.01 1.83697e-18 0.809091 -0.005 -0.00866025 0.818182 0 -0.01 0.818182 0.00866025 -0.005 0.818182 0.00866025 0.005 0.818182 1.22465e-18 0.01 0.818182 -0.00866025 0.005 0.818182 -0.00866025 -0.005 0.827273 0.005 -0.00866025 0.827273 0.01 -6.12323e-19 0.827273 0.005 0.00866025 0.827273 -0.005 0.00866025 0.827273 -0.01 1.83697e-18 0.827273 -0.005 -0.00866025 0.836364 0 -0.01 0.836364 0.00866025 -0.005 0.836364 0.00866025 0.005 0.836364 1.22465e-18 0.01 0.836364 -0.00866025 0.005 0.836364 -0.00866025 -0.005 0.845455 0.005 -0.00866025 0.845455 0.01 -6.12323e-19 0.845455 0.005 0.00866025 0.845455 -0.005 0.00866025 0.845455 -0.01 1.83697e-18 0.845455 -0.005 -0.00866025 0.854545 0 -0.01 0.854545 0.00866025 -0.005 0.854545 0.00866025 0.005 0.854545 1.22465e-18 0.01 0.854545 -0.00866025 0.005 0.854545 -0.00866025 -0.005 0.863636 0.005 -0.00866025 0.863636 0.01 -6.12323e-19 0.863636 0.005 0.00866025 0.863636 -0.005 0.00866025 0.863636 -0.01 1.83697e-18 0.863636 -0.005 -0.00866025 0.872727 0 -0.01 0.872727 0.00866025 -0.005 0.872727 0.00866025 0.005 0.872727 1.22465e-18 0.01 0.872727 -0.00866025 0.005 0.872727 -0.00866025 -0.005 0.881818 0.005 -0.00866025 0.881818 0.01 -6.12323e-19 0.881818 0.005 0.00866025 0.881818 -0.005 0.00866025 0.881818 -0.01 1.83697e-18 0.881818 -0.005 -0.00866025 0.890909 0 -0.01 0.890909 0.00866025 -0.005 0.890909 0.00866025 0.005 0.890909 1.22465e-18 0.01 0.890909 -0.00866025 0.005 0.890909 -0.00866025 -0.005 0.9 0.005 -0.00866025 0.9 0.01 -6.12323e-19 0.9 0.005 0.00866025 0.9 -0.005 0.00866025 0.9 -0.01 1.83697e-18 0.9 -0.005 -0.00866025 0.909091 0 -0.01 0.909091 0.00866025 -0.005 0.909091 0.00866025 0.005 0.909091 1.22465e-18 0.01 0.909091 -0.00866025 0.005 0.909091 -0.00866025 -0.005 0.918182 0.005 -0.00866025 0.918182 0.01 -6.12323e-19 0.918182 0.005 0.00866025 0.918182 -0.005 0.00866025 0.918182 -0.01 1.83697e-18 0.918182 -0.005 -0.00866025 0.927273 0 -0.01 0.927273 0.00866025 -0.005 0.927273 0.00866025 0.005 0.927273 1.22465e-18 0.01 0.927273 -0.00866025 0.005 0.927273 -0.00866025 -0.005 0.936364 0.005 -0.00866025 0.936364 0.01 -6.12323e-19 0.936364 0.005 0.00866025 0.936364 -0.005 0.00866025 0.936364 -0.01 1.83697e-18 0.936364 -0.005 -0.00866025 0.945455 0 -0.01 0.945455 0.00866025 -0.005 0.945455 0.00866025 0.005 0.945455 1.22465e-18 0.01 0.945455 -0.00866025 0.005 0.945455 -0.00866025 -0.005 0.954545 0.005 -0.00866025 0.954545 0.01 -6.12323e-19 0.954545 0.005 0.00866025 0.954545 -0.005 0.00866025 0.954545 -0.01 1.83697e-18 0.954545 -0.005 -0.00866025 0.963636 0 -0.01 0.963636 0.00866025 -0.005 0.963636 0.00866025 0.005 0.963636 1.22465e-18 0.01 0.963636 -0.00866025 0.005 0.963636 -0.00866025 -0.005 0.972727 0.005 -0.00866025 0.972727 0.01 -6.12323e-19 0.972727 0.005 0.00866025 0.972727 -0.005 0.00866025 0.972727 -0.01 1.83697e-18 0.972727 -0.005 -0.00866025 0.981818 0 -0.01 0.981818 0.00866025 -0.005 0.981818 0.00866025 0.005 0.981818 1.22465e-18 0.01 0.981818 -0.00866025 0.005 0.981818 -0.00866025 -0.005 0.990909 0.005 -0.00866025 0.990909 0.01 -6.12323e-19 0.990909 0.005 0.00866025 0.990909 -0.005 0.00866025 0.990909 -0.01 1.83697e-18 0.990909 -0.005 -0.00866025 1 0 -0.01 1 0.00866025 -0.005 1 0.00866025 0.005 1 1.22465e-18 0.01 1 -0.00866025 0.005 1 -0.00866025 -0.005 -1 0 0 -1 0 -0.01 -1 0.00866025 -0.005 -1 0.00866025 0.005 -1 1.22465e-18 0.01 -1 -0.00866025 0.005 -1 -0.00866025 -0.005 1 0 0 1 0 -0.01 1 0.00866025 -0.005 1 0.00866025 0.005 1 1.22465e-18 0.01 1 -0.00866025 0.005 1 -0.00866025 -0.005"/>
     <Normal vector="-0.0538637 0 -0.998548 -0.0538636 0.864768 -0.499274 -0.0538636 0.864768 0.499274 -0.0538637 0 0.998548 -0.0538636 -0.864768 0.499274 -0.0538636 -0.864768 -0.499274 0 0.5 -0.866025 0 1 0 0 0.5 0.866025 0 -0.5 0.866025 0 -1 0 0 -0.5 -0.866025 0 0 -1 0 0.866025 -0.5 0 0.866025 0.5 0 0 1 0 -0.866025 0.5 0 -0.866025 -0.5 1.70907e-07 0.5 -0.866025 1.7642e-07 1 0 1.70907e-07 0.5 0.866025 1.70907e-07 -0.5 0.866025 1.7642e-07 -1 0 1.70907e-07 -0.5 -0.866025 -1.7642e-07 0 -1 -1.70907e-07 0.866025 -0.5 -1.70907e-07 0.866025 0.5 -1.7642e-07 0 1 -1.70907e-07 -0.866025 0.5 -1.70907e-07 -0.866025 -0.5 0 0.5 -0.866025 0 1 0 0 0.5 0.866025 0 -0.5 0.866025 0 -1 0 0 -0.5 -0.866025 0 0 -1 0 0.866025 -0.5 0 0.866025 0.5 0 0 1 0 -0.866025 0.5 0 -0.866025 -0.5 0 0.5 -0.866025 0 1 0 0 0.5 0.866025 0 -0.5 0.866025 0 -1 0 0 -0.5 -0.866025 0 0 -1 0 0.866025 -0.5 0 0.866025 0.5 0 0 1 0 -0.866025 0.5 0 -0.866025 -0.5 0 0.5 -0.866025 0 1 0 0 0.5 0.866025 0 -0.5 0.866025 0 -1 0 0 -0.5 -0.866025 1.7642e-07 0 -1 1.70907e-07 0.866025 -0.5 1.70907e-07 0.866025 0.5 1.7642e-07 0 1 1.70907e-07 -0.866025 0.5 1.70907e-07 -0.866025 -0.5 -1.70907e-07 0.5 -0.866025 -1.7642e-07 1 0 -1.70907e-07 0.5 0.866025 -1.70907e-07 -0.5 0.866025 -1.7642e-07 -1 0 -1.70907e-07 -0.5 -0.866025 0 0 -1 0 0.866025 -0.5 0 0.866025 0.5 0 0 1 0 -0.866025 0.5 0 -0.866025 -0.5 0 0.5 -0.866025 0 1 0 0 0.5 0.866025 0 -0.5 0.866025 0 -1 0 0 -0.5 -0.866025 0 0 -1 0 0.866025 -0.5 0 0.866025 0.5 0 0 1 0 -0.866025 0.5 0 -0.866025 -0.5 0 0.5 -0.866025 0 1 0 0 0.5 0.866025 0 -0.5 0.866025 0 -1 0 0 -0.5 -0.866025 0 0 -1 0 0.866025 -0.5 0 0.866025 0.5 0 0 1 0 -0.866025 0.5 0 -0.866025 -0.5 1.70907e-07 0.5 -0.866025 1.7642e-07 1 0 1.70907e-07 0.5 0.866025 1.70907e-07 -0.5 0.866025 1.7642e-07 -1 0 1.70907e-07 -0.5 -0.866025 -1.7642e-07 0 -1 -1.70907e-07 0.866025 -0.5 -1.70907e-07 0.866025 0.5 -1.7642e-07 0 1 -1.70907e-07 -0.866025 0.5 -1.70907e-07 -0.866025 -0.5 0 0.5 -0.866025 0 1 0 0 0.5 0.866025 0 -0.5 0.866025 0 -1 0 0 -0.5 -0.866025 0 0 -1 0 0.866025 -0.5 0 0.866025 0.5 0 0 1 0 -0.866025 0.5 0 -0.866025 -0.5 0 0.5 -0.866025 0 1 0 0 0.5 0.866025 0 -0.5 0.866025 0 -1 0 0 -0.5 -0.866025 0 0 -1 0 0.866025 -0.5 0 0.866025 0.5 0 0 1 0 -0.866025 0.5 0 -0.866025 -0.5 0 0.5 -0.866025 0 1 0 0 0.5 0.866025 0 -0.5 0.866025 0 -1 0 0 -0.5 -0.866025 1.7642e-07 0 -1 1.70907e-07 0.866025 -0.5 1.70907e-07 0.866025 0.5 1.7642e-07 0 1 1.70907e-07 -0.866025 0.5 1.70907e-07 -0.866025 -0.5 -1.70907e-07 0.5 -0.866025 -1.7642e-07 1 0 -1.70907e-07 0.5 0.866025 -1.70907e-07 -0.5 0.866025 -1.7642e-07 -1 0 -1.70907e-07 -0.5 -0.866025 0 0 -1 0 0.866025 -0.5 0 0.866025 0.5 0 0 1 0 -0.866025 0.5 0 -0.866025 -0.5 0 0.5 -0.866025 0 1 0 0 0.5 0.866025 0 -0.5 0.866025 0 -1 0 0 -0.5 -0.866025 0 0 -1 0 0.866025 -0.5 0 0.866025 0.5 0 0 1 0 -0.866025 0.5 0 -0.866025 -0.5 0 0.5 -0.866025 0 1 0 0 0.5 0.866025 0 -0.5 0.866025 0 -1 0 0 -0.5 -0.866025 1.7642e-07 0 -1 1.70907e-07 0.866025 -0.5 1.70907e-07 0.866025 0.5 1.7642e-07 0 1 1.70907e-07 -0.866025 0.5 1.70907e-07 -0.866025 -0.5 -1.70907e-07 0.5 -0.866025 -1.7642e-07 1 0 -1.70907e-07 0.5 0.866025 -1.70907e-07 -0.5 0.866025 -1.7642e-07 -1 0 -1.70907e-07 -0.5 -0.866025 0 0 -1 0 0.866025 -0.5 0 0.866025 0.5 0 0 1 0 -0.866025 0.5 0 -0.866025 -0.5 0 0.5 -0.866025 0 1 0 0 0.5 0.866025 0 -0.5 0.866025 0 -1 0 0 -0.5 -0.866025 0 0 -1 0 0.866025 -0.5 0 0.866025 0.5 0 0 1 0 -0.866025 0.5 0 -0.866025 -0.5 0 0.5 -0.866025 0 1 0 0 0.5 0.866025 0 -0.5 0.866025 0 -1 0 0 -0.5 -0.866025 0 0 -1 0 0.866025 -0.5 0 0.866025 0.5 0 0 1 0 -0.866025 0.5 0 -0.866025 -0.5 1.70907e-07 0.5 -0.866025 1.7642e-07 1 0 1.70907e-07 0.5 0.866025 1.70907e-07 -0.5 0.866025 1.7642e-07 -1 0 1.70907e-07 -0.5 -0.866025 -1.7642e-07 0 -1 -1.70907e-07 0.866025 -0.5 -1.70907e-07 0.866025 0.5 -1.7642e-07 0 1 -1.70907e-07 -0.866025 0.5 -1.70907e-07 -0.866025 -0.5 0 0.5 -0.866025 0 1 0 0 0.5 0.866025 0 -0.5 0.866025 0 -1 0 0 -0.5 -0.866025 0 0 -1 0 0.866025 -0.5 0 0.866025 0.5 0 0 1 0 -0.866025 0.5 0 -0.866025 -0.5 0 0.5 -0.866025 0 1 0 0 0.5 0.866025 0 -0.5 0.866025 0 -1 0 0 -0.5 -0.866025 0 0 -1 0 0.866025 -0.5 0 0.866025 0.5 0 0 1 0 -0.866025 0.5 0 -0.866025 -0.5 0 0.5 -0.866025 0 1 0 0 0.5 0.866025 0 -0.5 0.866025 0 -1 0 0 -0.5 -0.866025 1.7642e-07 0 -1 1.70907e-07 0.866025 -0.5 1.70907e-07 0.866025 0.5 1.7642e-07 0 1 1.70907e-07 -0.866025 0.5 1.70907e-07 -0.866025 -0.5 -1.70907e-07 0.5 -0.866025 -1.7642e-07 1 0 -1.70907e-07 0.5 0.866025 -1.70907e-07 -0.5 0.866025 -1.7642e-07 -1 0 -1.70907e-07 -0.5 -0.866025 0 0 -1 0 0.866025 -0.5 0 0.866025 0.5 0 0 1 0 -0.866025 0.5 0 -0.866025 -0.5 0 0.5 -0.866025 0 1 0 0 0.5 0.866025 0 -0.5 0.866025 0 -1 0 0 -0.5 -0.866025 0 0 -1 0 0.866025 -0.5 0 0.866025 0.5 0 0 1 0 -0.866025 0.5 0 -0.866025 -0.5 0 0.5 -0.866025 0 1 0 0 0.5 0.866025 0 -0.5 0.866025 0 -1 0 0 -0.5 -0.866025 0 0 -1 0 0.866025 -0.5 0 0.866025 0.5 0 0 1 0 -0.866025 0.5 0 -0.866025 -0.5 1.70907e-07 0.5 -0.866025 1.7642e-07 1 0 1.70907e-07 0.5 0.866025 1.70907e-07 -0.5 0.866025 1.7642e-07 -1 0 1.70907e-07 -0.5 -0.866025 -1.7642e-07 0 -1 -1.70907e-07 0.866025 -0.5 -1.70907e-07 0.866025 0.5 -1.7642e-07 0 1 -1.70907e-07 -0.866025 0.5 -1.70907e-07 -0.866025 -0.5 0 0.5 -0.866025 0 1 0 0 0.5 0.866025 0 -0.5 0.866025 0 -1 0 0 -0.5 -0.866025 0 0 -1 0 0.866025 -0.5 0 0.866025 0.5 0 0 1 0 -0.866025 0.5 0 -0.866025 -0.5 0 0.5 -0.866025 0 1 0 0 0.5 0.866025 0 -0.5 0.866025 0 -1 0 0 -0.5 -0.866025 9.09664e-08 0 -1 8.82098e-08 0.866025 -0.5 8.82098e-08 0.866025 0.5 9.09664e-08 0 1 8.82098e-08 -0.866025 0.5 8.82098e-08 -0.866025 -0.5 -8.26967e-08 0.5 -0.866025 -8.54533e-08 1 0 -8.26967e-08 0.5 0.866025 -8.26967e-08 -0.5 0.866025 -8.54533e-08 -1 0 -8.26967e-08 -0.5 -0.866025 0 0 -1 0 0.866025 -0.5 0 0.866025 0.5 0 0 1 0 -0.866025 0.5 0 -0.866025 -0.5 0 0.5 -0.866025 0 1 0 0 0.5 0.866025 0 -0.5 0.866025 0 -1 0 0 -0.5 -0.866025 9.09664e-08 0 -1 8.82098e-08 0.866025 -0.5 8.82098e-08 0.866025 0.5 9.09664e-08 0 1 8.82098e-08 -0.866025 0.5 8.82098e-08 -0.866025 -0.5 -8.26967e-08 0.5 -0.866025 -8.54533e-08 1 0 -8.26967e-08 0.5 0.866025 -8.26967e-08 -0.5 0.866025 -8.54533e-08 -1 0 -8.26967e-08 -0.5 -0.866025 0 0 -1 0 0.866025 -0.5 0 0.866025 0.5 0 0 1 0 -0.866025 0.5 0 -0.866025 -0.5 8.82098e-08 0.5 -0.866025 9.09664e-08 1 0 8.82098e-08 0.5 0.866025 8.82098e-08 -0.5 0.866025 9.09664e-08 -1 0 8.82098e-08 -0.5 -0.866025 -8.54533e-08 0 -1 -8.26967e-08 0.866025 -0.5 -8.26967e-08 0.866025 0.5 -8.54533e-08 0 1 -8.26967e-08 -0.866025 0.5 -8.26967e-08 -0.866025 -0.5 0 0.5 -0.866025 0 1 0 0 0.5 0.866025 0 -0.5 0.866025 0 -1 0 0 -0.5 -0.866025 0 0 -1 0 0.866025 -0.5 0 0.866025 0.5 0 0 1 0 -0.866025 0.5 0 -0.866025 -0.5 8.82098e-08 0.5 -0.866025 9.09664e-08 1 0 8.82098e-08 0.5 0.866025 8.82098e-08 -0.5 0.866025 9.09664e-08 -1 0 8.82098e-08 -0.5 -0.866025 -8.54533e-08 0 -1 -8.26967e-08 0.866025 -0.5 -8.26967e-08 0.866025 0.5 -8.54533e-08 0 1 -8.26967e-08 -0.866025 0.5 -8.26967e-08 -0.866025 -0.5 0 0.5 -0.866025 0 1 0 0 0.5 0.866025 0 -0.5 0.866025 0 -1 0 0 -0.5 -0.866025 9.09664e-08 0 -1 8.82098e-08 0.866025 -0.5 8.82098e-08 0.866025 0.5 9.09664e-08 0 1 8.82098e-08 -0.866025 0.5 8.82098e-08 -0.866025 -0.5 -8.26967e-08 0.5 -0.866025 -8.54533e-08 1 0 -8.26967e-08 0.5 0.866025 -8.26967e-08 -0.5 0.866025 -8.54533e-08 -1 0 -8.26967e-08 -0.5 -0.866025 0 0 -1 0 0.866025 -0.5 0 0.866025 0.5 0 0 1 0 -0.866025 0.5 0 -0.866025 -0.5 8.82098e-08 0.5 -0.866025 9.09664e-08 1 0 8.82098e-08 0.5 0.866025 8.82098e-08 -0.5 0.866025 9.09664e-08 -1 0 8.82098e-08 -0.5 -0.866025 -8.54533e-08 0 -1 -8.26967e-08 0.866025 -0.5 -8.26967e-08 0.866025 0.5 -8.54533e-08 0 1 -8.26967e-08 -0.866025 0.5 -8.26967e-08 -0.866025 -0.5 0 0.5 -0.866025 0 1 0 0 0.5 0.866025 0 -0.5 0.866025 0 -1 0 0 -0.5 -0.866025 0 0 -1 0 0.866025 -0.5 0 0.866025 0.5 0 0 1 0 -0.866025 0.5 0 -0.866025 -0.5 8.82098e-08 0.5 -0.866025 9.09664e-08 1 0 8.82098e-08 0.5 0.866025 8.82098e-08 -0.5 0.866025 9.09664e-08 -1 0 8.82098e-08 -0.5 -0.866025 -8.54533e-08 0 -1 -8.26967e-08 0.866025 -0.5 -8.26967e-08 0.866025 0.5 -8.54533e-08 0 1 -8.26967e-08 -0.866025 0.5 -8.26967e-08 -0.866025 -0.5 0 0.5 -0.866025 0 1 0 0 0.5 0.866025 0 -0.5 0.866025 0 -1 0 0 -0.5 -0.866025 9.09664e-08 0 -1 8.82098e-08 0.866025 -0.5 8.82098e-08 0.866025 0.5 9.09664e-08 0 1 8.82098e-08 -0.866025 0.5 8.82098e-08 -0.866025 -0.5 -8.26967e-08 0.5 -0.866025 -8.54533e-08 1 0 -8.26967e-08 0.5 0.866025 -8.26967e-08 -0.5 0.866025 -8.54533e-08 -1 0 -8.26967e-08 -0.5 -0.866025 0 0 -1 0 0.866025 -0.5 0 0.866025 0.5 0 0 1 0 -0.866025 0.5 0 -0.866025 -0.5 4.41049e-08 0.5 -0.866025 4.41049e-08 1 0 4.41049e-08 0.5 0.866025 4.41049e-08 -0.5 0.866025 4.41049e-08 -1 0 4.41049e-08 -0.5 -0.866025 -4.41049e-08 0 -1 -4.41049e-08 0.866025 -0.5 -4.41049e-08 0.866025 0.5 -4.41049e-08 0 1 -4.41049e-08 -0.866025 0.5 -4.41049e-08 -0.866025 -0.5 4.41049e-08 0.5 -0.866025 4.41049e-08 1 0 4.41049e-08 0.5 0.866025 4.41049e-08 -0.5 0.866025 4.41049e-08 -1 0 4.41049e-08 -0.5 -0.866025 0 0 -1 0 0.866025 -0.5 0 0.866025 0.5 0 0 1 0 -0.866025 0.5 0 -0.866025 -0.5 -4.41049e-08 0.5 -0.866025 -4.41049e-08 1 0 -4.41049e-08 0.5 0.866025 -4.41049e-08 -0.5 0.866025 -4.41049e-08 -1 0 -4.41049e-08 -0.5 -0.866025 4.41049e-08 0 -1 4.41049e-08 0.866025 -0.5 4.41049e-08 0.866025 0.5 4.41049e-08 0 1 4.41049e-08 -0.866025 0.5 4.41049e-08 -0.866025 -0.5 -4.41049e-08 0.5 -0.866025 -4.41049e-08 1 0 -4.41049e-08 0.5 0.866025 -4.41049e-08 -0.5 0.866025 -4.41049e-08 -1 0 -4.41049e-08 -0.5 -0.866025 4.41049e-08 0 -1 4.41049e-08 0.866025 -0.5 4.41049e-08 0.866025 0.5 4.41049e-08 0 1 4.41049e-08 -0.866025 0.5 4.41049e-08 -0.866025 -0.5 0 0.5 -0.866025 0 1 0 0 0.5 0.866025 0 -0.5 0.866025 0 -1 0 0 -0.5 -0.866025 -4.41049e-08 0 -1 -4.41049e-08 0.866025 -0.5 -4.41049e-08 0.866025 0.5 -4.41049e-08 0 1 -4.41049e-08 -0.866025 0.5 -4.41049e-08 -0.866025 -0.5 4.41049e-08 0.5 -0.866025 4.41049e-08 1 0 4.41049e-08 0.5 0.866025 4.41049e-08 -0.5 0.866025 4.41049e-08 -1 0 4.41049e-08 -0.5 -0.866025 -4.41049e-08 0 -1 -4.41049e-08 0.866025 -0.5 -4.41049e-08 0.866025 0.5 -4.41049e-08 0 1 -4.41049e-08 -0.866025 0.5 -4.41049e-08 -0.866025 -0.5 4.41049e-08 0.5 -0.866025 4.41049e-08 1 0 4.41049e-08 0.5 0.866025 4.41049e-08 -0.5 0.866025 4.41049e-08 -1 0 4.41049e-08 -0.5 -0.866025 -1.92959e-08 0 -1 -2.75656e-08 0.866025 -0.5 -2.75656e-08 0.866025 0.5 -1.92959e-08 0 1 -2.75656e-08 -0.866025 0.5 -2.75656e-08 -0.866025 -0.5 -5.51311e-09 0.5 -0.866025 -5.51311e-09 1 0 -5.51311e-09 0.5 0.866025 -5.51311e-09 -0.5 0.866025 -5.51311e-09 -1 0 -5.51311e-09 -0.5 -0.866025 -5.51311e-09 0 -1 -5.51311e-09 0.866025 -0.5 -5.51311e-09 0.866025 0.5 -5.51311e-09 0 1 -5.51311e-09 -0.866025 0.5 -5.51311e-09 -0.866025 -0.5 -5.51311e-09 0.5 -0.866025 -5.51311e-09 1 0 -5.51311e-09 0.5 0.866025 -5.51311e-09 -0.5 0.866025 -5.51311e-09 -1 0 -5.51311e-09 -0.5 -0.866025 1.37828e-08 0 -1 2.20525e-08 0.866025 -0.5 2.20525e-08 0.866025 0.5 1.37828e-08 0 1 2.20525e-08 -0.866025 0.5 2.20525e-08 -0.866025 -0.5 -2.75656e-08 0.5 -0.866025 -1.92959e-08 1 0 -2.75656e-08 0.5 0.866025 -2.75656e-08 -0.5 0.866025 -1.92959e-08 -1 0 -2.75656e-08 -0.5 -0.866025 -5.51311e-09 0 -1 -5.51311e-09 0.866025 -0.5 -5.51311e-09 0.866025 0.5 -5.51311e-09 0 1 -5.51311e-09 -0.866025 0.5 -5.51311e-09 -0.866025 -0.5 -5.51311e-09 0.5 -0.866025 -5.51311e-09 1 0 -5.51311e-09 0.5 0.866025 -5.51311e-09 -0.5 0.866025 -5.51311e-09 -1 0 -5.51311e-09 -0.5 -0.866025 -5.51311e-09 0 -1 -5.51311e-09 0.866025 -0.5 -5.51311e-09 0.866025 0.5 -5.51311e-09 0 1 -5.51311e-09 -0.866025 0.5 -5.51311e-09 -0.866025 -0.5 8.26967e-09 0.5 -0.866025 5.51311e-09 1 0 8.26967e-09 0.5 0.866025 8.26967e-09 -0.5 0.866025 5.51311e-09 -1 0 8.26967e-09 -0.5 -0.866025 -1.10262e-08 0 -1 -1.37828e-08 0.866025 -0.5 -1.37828e-08 0.866025 0.5 -1.10262e-08 0 1 -1.37828e-08 -0.866025 0.5 -1.37828e-08 -0.866025 -0.5 8.26967e-09 0.5 -0.866025 -2.75656e-09 1 0 8.26967e-09 0.5 0.866025 8.26967e-09 -0.5 0.866025 -2.75656e-09 -1 0 8.26967e-09 -0.5 -0.866025 5.51311e-09 0 -1 -2.75656e-09 0.866025 -0.5 -2.75656e-09 0.866025 0.5 5.51311e-09 0 1 -2.75656e-09 -0.866025 0.5 -2.75656e-09 -0.866025 -0.5 0 0.5 -0.866025 0 1 0 0 0.5 0.866025 0 -0.5 0.866025 0 -1 0 0 -0.5 -0.866025 0 0 -1 0 0.866025 -0.5 0 0.866025 0.5 0 0 1 0 -0.866025 0.5 0 -0.866025 -0.5 0 0.5 -0.866025 0 1 0 0 0.5 0.866025 0 -0.5 0.866025 0 -1 0 0 -0.5 -0.866025 0 0 -1 8.26967e-09 0.866025 -0.5 8.26967e-09 0.866025 0.5 0 0 1 8.26967e-09 -0.866025 0.5 8.26967e-09 -0.866025 -0.5 -8.26967e-09 0.5 -0.866025 2.75656e-09 1 0 -8.26967e-09 0.5 0.866025 -8.26967e-09 -0.5 0.866025 2.75656e-09 -1 0 -8.26967e-09 -0.5 -0.866025 5.51311e-09 0 -1 8.26967e-09 0.866025 -0.5 8.26967e-09 0.866025 0.5 5.51311e-09 0 1 8.26967e-09 -0.866025 0.5 8.26967e-09 -0.866025 -0.5 -1.37828e-08 0.5 -0.866025 -1.10262e-08 1 0 -1.37828e-08 0.5 0.866025 -1.37828e-08 -0.5 0.866025 -1.10262e-08 -1 0 -1.37828e-08 -0.5 -0.866025 -5.51311e-09 0 -1 -5.51311e-09 0.866025 -0.5 -5.51311e-09 0.866025 0.5 -5.51311e-09 0 1 -5.51311e-09 -0.866025 0.5 -5.51311e-09 -0.866025 -0.5 -5.51311e-09 0.5 -0.866025 -5.51311e-09 1 0 -5.51311e-09 0.5 0.866025 -5.51311e-09 -0.5 0.866025 -5.51311e-09 -1 0 -5.51311e-09 -0.5 -0.866025 -5.51311e-09 0 -1 -5.51311e-09 0.866025 -0.5 -5.51311e-09 0.866025 0.5 -5.51311e-09 0 1 -5.51311e-09 -0.866025 0.5 -5.51311e-09 -0.866025 -0.5 2.20525e-08 0.5 -0.866025 1.37828e-08 1 0 2.20525e-08 0.5 0.866025 2.20525e-08 -0.5 0.866025 1.37828e-08 -1 0 2.20525e-08 -0.5 -0.866025 -1.92959e-08 0 -1 -2.75656e-08 0.866025 -0.5 -2.75656e-08 0.866025 0.5 -1.92959e-08 0 1 -2.75656e-08 -0.866025 0.5 -2.75656e-08 -0.866025 -0.5 -5.51311e-09 0.5 -0.866025 -5.51311e-09 1 0 -5.51311e-09 0.5 0.866025 -5.51311e-09 -0.5 0.866025 -5.51311e-09 -1 0 -5.51311e-09 -0.5 -0.866025 -5.51311e-09 0 -1 -5.51311e-09 0.866025 -0.5 -5.51311e-09 0.866025 0.5 -5.51311e-09 0 1 -5.51311e-09 -0.866025 0.5 -5.51311e-09 -0.866025 -0.5 -5.51311e-09 0.5 -0.866025 -5.51311e-09 1 0 -5.51311e-09 0.5 0.866025 -5.51311e-09 -0.5 0.866025 -5.51311e-09 -1 0 -5.51311e-09 -0.5 -0.866025 1.37828e-08 0 -1 2.20525e-08 0.866025 -0.5 2.20525e-08 0.866025 0.5 1.37828e-08 0 1 2.20525e-08 -0.866025 0.5 2.20525e-08 -0.866025 -0.5 -4.41049e-08 0.5 -0.866025 -4.41049e-08 1 0 -4.41049e-08 0.5 0.866025 -4.41049e-08 -0.5 0.866025 -4.41049e-08 -1 0 -4.41049e-08 -0.5 -0.866025 4.41049e-08 0 -1 4.41049e-08 0.866025 -0.5 4.41049e-08 0.866025 0.5 4.41049e-08 0 1 4.41049e-08 -0.866025 0.5 4.41049e-08 -0.866025 -0.5 -4.41049e-08 0.5 -0.866025 -4.41049e-08 1 0 -4.41049e-08 0.5 0.866025 -4.41049e-08 -0.5 0.866025 -4.41049e-08 -1 0 -4.41049e-08 -0.5 -0.866025 4.41049e-08 0 -1 4.41049e-08 0.866025 -0.5 4.41049e-08 0.866025 0.5 4.41049e-08 0 1 4.41049e-08 -0.866025 0.5 4.41049e-08 -0.866025 -0.5 0 0.5 -0.866025 0 1 0 0 0.5 0.866025 0 -0.5 0.866025 0 -1 0 0 -0.5 -0.866025 -4.41049e-08 0 -1 -4.41049e-08 0.866025 -0.5 -4.41049e-08 0.866025 0.5 -4.41049e-08 0 1 -4.41049e-08 -0.866025 0.5 -4.41049e-08 -0.866025 -0.5 4.41049e-08 0.5 -0.866025 4.41049e-08 1 0 4.41049e-08 0.5 0.866025 4.41049e-08 -0.5 0.866025 4.41049e-08 -1 0 4.41049e-08 -0.5 -0.866025 -4.41049e-08 0 -1 -4.41049e-08 0.866025 -0.5 -4.41049e-08 0.866025 0.5 -4.41049e-08 0 1 -4.41049e-08 -0.866025 0.5 -4.41049e-08 -0.866025 -0.5 4.41049e-08 0.5 -0.866025 4.41049e-08 1 0 4.41049e-08 0.5 0.866025 4.41049e-08 -0.5 0.866025 4.41049e-08 -1 0 4.41049e-08 -0.5 -0.866025 0 0 -1 0 0.866025 -0.5 0 0.866025 0.5 0 0 1 0 -0.866025 0.5 0 -0.866025 -0.5 -4.41049e-08 0.5 -0.866025 -4.41049e-08 1 0 -4.41049e-08 0.5 0.866025 -4.41049e-08 -0.5 0.866025 -4.41049e-08 -1 0 -4.41049e-08 -0.5 -0.866025 4.41049e-08 0 -1 4.41049e-08 0.866025 -0.5 4.41049e-08 0.866025 0.5 4.41049e-08 0 1 4.41049e-08 -0.866025 0.5 4.41049e-08 -0.866025 -0.5 -4.41049e-08 0.5 -0.866025 -4.41049e-08 1 0 -4.41049e-08 0.5 0.866025 -4.41049e-08 -0.5 0.866025 -4.41049e-08 -1 0 -4.41049e-08 -0.5 -0.866025 0 0 -1 0 0.866025 -0.5 0 0.866025 0.5 0 0 1 0 -0.866025 0.5 0 -0.866025 -0.5 8.82098e-08 0.5 -0.866025 9.09664e-08 1 0 8.82098e-08 0.5 0.866025 8.82098e-08 -0.5 0.866025 9.09664e-08 -1 0 8.82098e-08 -0.5 -0.866025 -8.54533e-08 0 -1 -8.26967e-08 0.866025 -0.5 -8.26967e-08 0.866025 0.5 -8.54533e-08 0 1 -8.26967e-08 -0.866025 0.5 -8.26967e-08 -0.866025 -0.5 0 0.5 -0.866025 0 1 0 0 0.5 0.866025 0 -0.5 0.866025 0 -1 0 0 -0.5 -0.866025 9.09664e-08 0 -1 8.82098e-08 0.866025 -0.5 8.82098e-08 0.866025 0.5 9.09664e-08 0 1 8.82098e-08 -0.866025 0.5 8.82098e-08 -0.866025 -0.5 -8.26967e-08 0.5 -0.866025 -8.54533e-08 1 0 -8.26967e-08 0.5 0.866025 -8.26967e-08 -0.5 0.866025 -8.54533e-08 -1 0 -8.26967e-08 -0.5 -0.866025 0 0 -1 0 0.866025 -0.5 0 0.866025 0.5 0 0 1 0 -0.866025 0.5 0 -0.866025 -0.5 0 0.5 -0.866025 0 1 0 0 0.5 0.866025 0 -0.5 0.866025 0 -1 0 0 -0.5 -0.866025 9.09664e-08 0 -1 8.82098e-08 0.866025 -0.5 8.82098e-08 0.866025 0.5 9.09664e-08 0 1 8.82098e-08 -0.866025 0.5 8.82098e-08 -0.866025 -0.5 -8.26967e-08 0.5 -0.866025 -8.54533e-08 1 0 -8.26967e-08 0.5 0.866025 -8.26967e-08 -0.5 0.866025 -8.54533e-08 -1 0 -8.26967e-08 -0.5 -0.866025 0 0 -1 0 0.866025 -0.5 0 0.866025 0.5 0 0 1 0 -0.866025 0.5 0 -0.866025 -0.5 8.82098e-08 0.5 -0.866025 9.09664e-08 1 0 8.82098e-08 0.5 0.866025 8.82098e-08 -0.5 0.866025 9.09664e-08 -1 0 8.82098e-08 -0.5 -0.866025 -8.54533e-08 0 -1 -8.26967e-08 0.866025 -0.5 -8.26967e-08 0.866025 0.5 -8.54533e-08 0 1 -8.26967e-08 -0.866025 0.5 -8.26967e-08 -0.866025 -0.5 0 0.5 -0.866025 0 1 0 0 0.5 0.866025 0 -0.5 0.866025 0 -1 0 0 -0.5 -0.866025 9.09664e-08 0 -1 8.82098e-08 0.866025 -0.5 8.82098e-08 0.866025 0.5 9.09664e-08 0 1 8.82098e-08 -0.866025 0.5 8.82098e-08 -0.866025 -0.5 -8.26967e-08 0.5 -0.866025 -8.54533e-08 1 0 -8.26967e-08 0.5 0.866025 -8.26967e-08 -0.5 0.866025 -8.54533e-08 -1 0 -8.26967e-08 -0.5 -0.866025 0 0 -1 0 0.866025 -0.5 0 0.866025 0.5 0 0 1 0 -0.866025 0.5 0 -0.866025 -0.5 0 0.5 -0.866025 0 1 0 0 0.5 0.866025 0 -0.5 0.866025 0 -1 0 0 -0.5 -0.866025 9.09664e-08 0 -1 8.82098e-08 0.866025 -0.5 8.82098e-08 0.866025 0.5 9.09664e-08 0 1 8.82098e-08 -0.866025 0.5 8.82098e-08 -0.866025 -0.5 -8.26967e-08 0.5 -0.866025 -8.54533e-08 1 0 -8.26967e-08 0.5 0.866025 -8.26967e-08 -0.5 0.866025 -8.54533e-08 -1 0 -8.26967e-08 -0.5 -0.866025 0 0 -1 0 0.866025 -0.5 0 0.866025 0.5 0 0 1 0 -0.866025 0.5 0 -0.866025 -0.5 8.82098e-08 0.5 -0.866025 9.09664e-08 1 0 8.82098e-08 0.5 0.866025 8.82098e-08 -0.5 0.866025 9.09664e-08 -1 0 8.82098e-08 -0.5 -0.866025 -8.54533e-08 0 -1 -8.26967e-08 0.866025 -0.5 -8.26967e-08 0.866025 0.5 -8.54533e-08 0 1 -8.26967e-08 -0.866025 0.5 -8.26967e-08 -0.866025 -0.5 0 0.5 -0.866025 0 1 0 0 0.5 0.866025 0 -0.5 0.866025 0 -1 0 0 -0.5 -0.866025 0 0 -1 0 0.866025 -0.5 0 0.866025 0.5 0 0 1 0 -0.866025 0.5 0 -0.866025 -0.5 8.82098e-08 0.5 -0.866025 9.09664e-08 1 0 8.82098e-08 0.5 0.866025 8.82098e-08 -0.5 0.866025 9.09664e-08 -1 0 8.82098e-08 -0.5 -0.866025 -8.54533e-08 0 -1 -8.26967e-08 0.866025 -0.5 -8.26967e-08 0.866025 0.5 -8.54533e-08 0 1 -8.26967e-08 -0.866025 0.5 -8.26967e-08 -0.866025 -0.5 0 0.5 -0.866025 0 1 0 0 0.5 0.866025 0 -0.5 0.866025 0 -1 0 0 -0.5 -0.866025 0 0 -1 0 0.866025 -0.5 0 0.866025 0.5 0 0 1 0 -0.866025 0.5 0 -0.866025 -0.5 0 0.5 -0.866025 0 1 0 0 0.5 0.866025 0 -0.5 0.866025 0 -1 0 0 -0.5 -0.866025 1.7642e-07 0 -1 1.70907e-07 0.866025 -0.5 1.70907e-07 0.866025 0.5 1.7642e-07 0 1 1.70907e-07 -0.866025 0.5 1.70907e-07 -0.866025 -0.5 -1.70907e-07 0.5 -0.866025 -1.7642e-07 1 0 -1.70907e-07 0.5 0.866025 -1.70907e-07 -0.5 0.866025 -1.7642e-07 -1 0 -1.70907e-07 -0.5 -0.866025 0 0 -1 0 0.866025 -0.5 0 0.866025 0.5 0 0 1 0 -0.866025 0.5 0 -0.866025 -0.5 0 0.5 -0.866025 0 1 0 0 0.5 0.866025 0 -0.5 0.866025 0 -1 0 0 -0.5 -0.866025 0 0 -1 0 0.866025 -0.5 0 0.866025 0.5 0 0 1 0 -0.866025 0.5 0 -0.866025 -0.5 0 0.5 -0.866025 0 1 0 0 0.5 0.866025 0 -0.5 0.866025 0 -1 0 0 -0.5 -0.866025 0 0 -1 0 0.866025 -0.5 0 0.866025 0.5 0 0 1 0 -0.866025 0.5 0 -0.866025 -0.5 1.70907e-07 0.5 -0.866025 1.7642e-07 1 0 1.70907e-07 0.5 0.866025 1.70907e-07 -0.5 0.866025 1.7642e-07 -1 0 1.70907e-07 -0.5 -0.866025 -1.7642e-07 0 -1 -1.70907e-07 0.866025 -0.5 -1.70907e-07 0.866025 0.5 -1.7642e-07 0 1 -1.70907e-07 -0.866025 0.5 -1.70907e-07 -0.866025 -0.5 0 0.5 -0.866025 0 1 0 0 0.5 0.866025 0 -0.5 0.866025 0 -1 0 0 -0.5 -0.866025 0 0 -1 0 0.866025 -0.5 0 0.866025 0.5 0 0 1 0 -0.866025 0.5 0 -0.866025 -0.5 0 0.5 -0.866025 0 1 0 0 0.5 0.866025 0 -0.5 0.866025 0 -1 0 0 -0.5 -0.866025 0 0 -1 0 0.866025 -0.5 0 0.866025 0.5 0 0 1 0 -0.866025 0.5 0 -0.866025 -0.5 0 0.5 -0.866025 0 1 0 0 0.5 0.866025 0 -0.5 0.866025 0 -1 0 0 -0.5 -0.866025 1.7642e-07 0 -1 1.70907e-07 0.866025 -0.5 1.70907e-07 0.866025 0.5 1.7642e-07 0 1 1.70907e-07 -0.866025 0.5 1.70907e-07 -0.866025 -0.5 -1.70907e-07 0.5 -0.866025 -1.7642e-07 1 0 -1.70907e-07 0.5 0.866025 -1.70907e-07 -0.5 0.866025 -1.7642e-07 -1 0 -1.70907e-07 -0.5 -0.866025 0 0 -1 0 0.866025 -0.5 0 0.866025 0.5 0 0 1 0 -0.866025 0.5 0 -0.866025 -0.5 0 0.5 -0.866025 0 1 0 0 0.5 0.866025 0 -0.5 0.866025 0 -1 0 0 -0.5 -0.866025 0 0 -1 0 0.866025 -0.5 0 0.866025 0.5 0 0 1 0 -0.866025 0.5 0 -0.866025 -0.5 0 0.5 -0.866025 0 1 0 0 0.5 0.866025 0 -0.5 0.866025 0 -1 0 0 -0.5 -0.866025 0 0 -1 0 0.866025 -0.5 0 0.866025 0.5 0 0 1 0 -0.866025 0.5 0 -0.866025 -0.5 1.70907e-07 0.5 -0.866025 1.7642e-07 1 0 1.70907e-07 0.5 0.866025 1.70907e-07 -0.5 0.866025 1.7642e-07 -1 0 1.70907e-07 -0.5 -0.866025 -1.7642e-07 0 -1 -1.70907e-07 0.866025 -0.5 -1.70907e-07 0.866025 0.5 -1.7642e-07 0 1 -1.70907e-07 -0.866025 0.5 -1.70907e-07 -0.866025 -0.5 0 0.5 -0.866025 0 1 0 0 0.5 0.866025 0 -0.5 0.866025 0 -1 0 0 -0.5 -0.866025 0 0 -1 0 0.866025 -0.5 0 0.866025 0.5 0 0 1 0 -0.866025 0.5 0 -0.866025 -0.5 0 0.5 -0.866025 0 1 0 0 0.5 0.866025 0 -0.5 0.866025 0 -1 0 0 -0.5 -0.866025 0 0 -1 0 0.866025 -0.5 0 0.866025 0.5 0 0 1 0 -0.866025 0.5 0 -0.866025 -0.5 1.70907e-07 0.5 -0.866025 1.7642e-07 1 0 1.70907e-07 0.5 0.866025 1.70907e-07 -0.5 0.866025 1.7642e-07 -1 0 1.70907e-07 -0.5 -0.866025 -1.7642e-07 0 -1 -1.70907e-07 0.866025 -0.5 -1.70907e-07 0.866025 0.5 -1.7642e-07 0 1 -1.70907e-07 -0.866025 0.5 -1.70907e-07 -0.866025 -0.5 0 0.5 -0.866025 0 1 0 0 0.5 0.866025 0 -0.5 0.866025 0 -1 0 0 -0.5 -0.866025 0 0 -1 0 0.866025 -0.5 0 0.866025 0.5 0 0 1 0 -0.866025 0.5 0 -0.866025 -0.5 0 0.5 -0.866025 0 1 0 0 0.5 0.866025 0 -0.5 0.866025 0 -1 0 0 -0.5 -0.866025 0 0 -1 0 0.866025 -0.5 0 0.866025 0.5 0 0 1 0 -0.866025 0.5 0 -0.866025 -0.5 0 0.5 -0.866025 0 1 0 0 0.5 0.866025 0 -0.5 0.866025 0 -1 0 0 -0.5 -0.866025 1.7642e-07 0 -1 1.70907e-07 0.866025 -0.5 1.70907e-07 0.866025 0.5 1.7642e-07 0 1 1.70907e-07 -0.866025 0.5 1.70907e-07 -0.866025 -0.5 -1.70907e-07 0.5 -0.866025 -1.7642e-07 1 0 -1.70907e-07 0.5 0.866025 -1.70907e-07 -0.5 0.866025 -1.7642e-07 -1 0 -1.70907e-07 -0.5 -0.866025 0 0 -1 0 0.866025 -0.5 0 0.866025 0.5 0 0 1 0 -0.866025 0.5 0 -0.866025 -0.5 0 0.5 -0.866025 0 1 0 0 0.5 0.866025 0 -0.5 0.866025 0 -1 0 0 -0.5 -0.866025 0 0 -1 0 0.866025 -0.5 0 0.866025 0.5 0 0 1 0 -0.866025 0.5 0 -0.866025 -0.5 0 0.5 -0.866025 0 1 0 0 0.5 0.866025 0 -0.5 0.866025 0 -1 0 0 -0.5 -0.866025 0 0 -1 0 0.866025 -0.5 0 0.866025 0.5 0 0 1 0 -0.866025 0.5 0 -0.866025 -0.5 1.70907e-07 0.5 -0.866025 1.7642e-07 1 0 1.70907e-07 0.5 0.866025 1.70907e-07 -0.5 0.866025 1.7642e-07 -1 0 1.70907e-07 -0.5 -0.866025 -1.7642e-07 0 -1 -1.70907e-07 0.866025 -0.5 -1.70907e-07 0.866025 0.5 -1.7642e-07 0 1 -1.70907e-07 -0.866025 0.5 -1.70907e-07 -0.866025 -0.5 0 0.5 -0.866025 0 1 0 0 0.5 0.866025 0 -0.5 0.866025 0 -1 0 0 -0.5 -0.866025 0 0 -1 0 0.866025 -0.5 0 0.866025 0.5 0 0 1 0 -0.866025 0.5 0 -0.866025 -0.5 0 0.5 -0.866025 0 1 0 0 0.5 0.866025 0 -0.5 0.866025 0 -1 0 0 -0.5 -0.866025 0 0 -1 0 0.866025 -0.5 0 0.866025 0.5 0 0 1 0 -0.866025 0.5 0 -0.866025 -0.5 0 0.5 -0.866025 0 1 0 0 0.5 0.866025 0 -0.5 0.866025 0 -1 0 0 -0.5 -0.866025 1.7642e-07 0 -1 1.70907e-07 0.866025 -0.5 1.70907e-07 0.866025 0.5 1.7642e-07 0 1 1.70907e-07 -0.866025 0.5 1.70907e-07 -0.866025 -0.5 -1.70907e-07 0.5 -0.866025 -1.7642e-07 1 0 -1.70907e-07 0.5 0.866025 -1.70907e-07 -0.5 0.866025 -1.7642e-07 -1 0 -1.70907e-07 -0.5 -0.866025 0 0 -1 0 0.866025 -0.5 0 0.866025 0.5 0 0 1 0 -0.866025 0.5 0 -0.866025 -0.5 0 0.5 -0.866025 0 1 0 0 0.5 0.866025 0 -0.5 0.866025 0 -1 0 0 -0.5 -0.866025 0.0538637 0 -0.998548 0.0538636 0.864768 -0.499274 0.0538636 0.864768 0.499274 0.0538637 0 0.998548 0.0538636 -0.864768 0.499274 0.0538636 -0.864768 -0.499274 -1 0 0 -1 0 0 -1 0 0 -1 0 0 -1 0 0 -1 0 0 -1 0 0 1 0 0 1 0 0 1 0 0 1 0 0 1 0 0 1 0 0 1 0 0"/>
    </IndexedTriangleSet>
   </Shape>
  </Transform>
  </Group>
  <Group>
  <Transform rotation="0 0 1 0" translation="0 0 0">
   <Shape>
    <Appearance DEF='ap3'>
     <Material ambientIntensity='1' diffuseColor='0 0.619608 0.45098' specularColor='0.85 0.85 0.85' shininess='0.234375' transparency='0'/>
    </Appearance>
    <IndexedTriangleSet DEF='its3' index="0 1 6 1 7 6 1 2 7 2 8 7 2 3 8 3 9 8 3 4 9 4 10 9 4 5 10 5 11 10 5 0 11 0 6 11 6 7 13 6 13 12 7 8 14 7 14 13 8 9 15 8 15 14 9 10 16 9 16 15 10 11 17 10 17 16 11 6 12 11 12 17 12 13 18 13 19 18 13 14 19 14 20 19 14 15 20 15 21 20 15 16 21 16 22 21 16 17 22 17 23 22 17 12 23 12 18 23 18 19 25 18 25 24 19 20 26 19 26 25 20 21 27 20 27 26 21 22 28 21 28 27 22 23 29 22 29 28 23 18 24 23 24 29 24 25 30 25 31 30 25 26 31 26 32 31 26 27 32 27 33 32 27 28 33 28 34 33 28 29 34 29 35 34 29 24 35 24 30 35 30 31 37 30 37 36 31 32 38 31 38 37 32 33 39 32 39 38 33 34 40 33 40 39 34 35 41 34 41 40 35 30 36 35 36 41 36 37 42 37 43 42 37 38 43 38 44 43 38 39 44 39 45 44 39 40 45 40 46 45 40 41 46 41 47 46 41 36 47 36 42 47 42 43 49 42 49 48 43 44 50 43 50 49 44 45 51 44 51 50 45 46 52 45 52 51 46 47 53 46 53 52 47 42 48 47 48 53 48 49 54 49 55 54 49 50 55 50 56 55 50 51 56 51 57 56 51 52 57 52 58 57 52 53 58 53 59 58 53 48 59 48 54 59 54 55 61 54 61 60 55 56 62 55 62 61 56 57 63 56 63 62 57 58 64 57 64 63 58 59 65 58 65 64 59 54 60 59 60 65 60 61 66 61 67 66 61 62 67 62 68 67 62 63 68 63 69 68 63 64 69 64 70 69 64 65 70 65 71 70 65 60 71 60 66 71 66 67 73 66 73 72 67 68 74 67 74 73 68 69 75 68 75 74 69 70 76 69 76 75 70 71 77 70 77 76 71 66 72 71 72 77 72 73 78 73 79 78 73 74 79 74 80 79 74 75 80 75 81 80 75 76 81 76 82 81 76 77 82 77 83 82 77 72 83 72 78 83 78 79 85 78 85 84 79 80 86 79 86 85 80 81 87 80 87 86 81 82 88 81 88 87 82 83 89 82 89 88 83 78 84 83 84 89 84 85 90 85 91 90 85 86 91 86 92 91 86 87 92 87 93 92 87 88 93 88 94 93 88 89 94 89 95 94 89 84 95 84 90 95 90 91 97 90 97 96 91 92 98 91 98 97 92 93 99 92 99 98 93 94 100 93 100 99 94 95 101 94 101 100 95 90 96 95 96 101 96 97 102 97 103 102 97 98 103 98 104 103 98 99 104 99 105 104 99 100 105 100 106 105 100 101 106 101 107 106 101 96 107 96 102 107 102 103 109 102 109 108 103 104 110 103 110 109 104 105 111 104 111 110 105 106 112 105 112 111 106 107 113 106 113 112 107 102 108 107 108 113 108 109 114 109 115 114 109 110 115 110 116 115 110 111 116 111 117 116 111 112 117 112 118 117 112 113 118 113 119 118 113 108 119 108 114 119 114 115 121 114 121 120 115 116 122 115 122 121 116 117 123 116 123 122 117 118 124 117 124 123 118 119 125 118 125 124 119 114 120 119 120 125 120 121 126 121 127 126 121 122 127 122 128 127 122 123 128 123 129 128 123 124 129 124 130 129 124 125 130 125 131 130 125 120 131 120 126 131 126 127 133 126 133 132 127 128 134 127 134 133 128 129 135 128 135 134 129 130 136 129 136 135 130 131 137 130 137 136 131 126 132 131 132 137 132 133 138 133 139 138 133 134 139 134 140 139 134 135 140 135 141 140 135 136 141 136 142 141 136 137 142 137 143 142 137 132 143 132 138 143 138 139 145 138 145 144 139 140 146 139 146 145 140 141 147 140 147 146 141 142 148 141 148 147 142 143 149 142 149 148 143 138 144 143 144 149 144 145 150 145 151 150 145 146 151 146 152 151 146 147 152 147 153 152 147 148 153 148 154 153 148 149 154 149 155 154 149 144 155 144 150 155 150 151 157 150 157 156 151 152 158 151 158 157 152 153 159 152 159 158 153 154 160 153 160 159 154 155 161 154 161 160 155 150 156 155 156 161 156 157 162 157 163 162 157 158 163 158 164 163 158 159 164 159 165 164 159 160 165 160 166 165 160 161 166 161 167 166 161 156 167 156 162 167 162 163 169 162 169 168 163 164 170 163 170 169 164 165 171 164 171 170 165 166 172 165 172 171 166 167 173 166 173 172 167 162 168 167 168 173 168 169 174 169 175 174 169 170 175 170 176 175 170 171 176 171 177 176 171 172 177 172 178 177 172 173 178 173 179 178 173 168 179 168 174 179 174 175 181 174 181 180 175 176 182 175 182 181 176 177 183 176 183 182 177 178 184 177 184 183 178 179 185 178 185 184 179 174 180 179 180 185 180 181 186 181 187 186 181 182 187 182 188 187 182 183 188 183 189 188 183 184 189 184 190 189 184 185 190 185 191 190 185 180 191 180 186 191 186 187 193 186 193 192 187 188 194 187 194 193 188 189 195 188 195 194 189 190 196 189 196 195 190 191 197 190 197 196 191 186 192 191 192 197 192 193 198 193 199 198 193 194 199 194 200 199 194 195 200 195 201 200 195 196 201 196 202 201 196 197 202 197 203 202 197 192 203 192 198 203 198 199 205 198 205 204 199 200 206 199 206 205 200 201 207 200 207 206 201 202 208 201 208 207 202 203 209 202 209 208 203 198 204 203 204 209 204 205 210 205 211 210 205 206 211 206 212 211 206 207 212 207 213 212 207 208 213 208 214 213 208 209 214 209 215 214 209 204 215 204 210 215 210 211 217 210 217 216 211 212 218 211 218 217 212 213 219 212 219 218 213 214 220 213 220 219 214 215 221 214 221 220 215 210 216 215 216 221 216 217 222 217 223 222 217 218 223 218 224 223 218 219 224 219 225 224 219 220 225 220 226 225 220 221 226 221 227 226 221 216 227 216 222 227 222 223 229 222 229 228 223 224 230 223 230 229 224 225 231 224 231 230 225 226 232 225 232 231 226 227 233 226 233 232 227 222 228 227 228 233 228 229 234 229 235 234 229 230 235 230 236 235 230 231 236 231 237 236 231 232 237 232 238 237 232 233 238 233 239 238 233 228 239 228 234 239 234 235 241 234 241 240 235 236 242 235 242 241 236 237 243 236 243 242 237 238 244 237 244 243 238 239 245 238 245 244 239 234 240 239 240 245 240 241 246 241 247 246 241 242 247 242 248 247 242 243 248 243 249 248 243 244 249 244 250 249 244 245 250 245 251 250 245 240 251 240 246 251 246 247 253 246 253 252 247 248 254 247 254 253 248 249 255 248 255 254 249 250 256 249 256 255 250 251 257 250 257 256 251 246 252 251 252 257 252 253 258 253 259 258 253 254 259 254 260 259 254 255 260 255 261 260 255 256 261 256 262 261 256 257 262 257 263 262 257 252 263 252 258 263 258 259 265 258 265 264 259 260 266 259 266 265 260 261 267 260 267 266 261 262 268 261 268 267 262 263 269 262 269 268 263 258 264 263 264 269 264 265 270 265 271 270 265 266 271 266 272 271 266 267 272 267 273 272 267 268 273 268 274 273 268 269 274 269 275 274 269 264 275 264 270 275 270 271 277 270 277 276 271 272 278 271 278 277 272 273 279 272 279 278 273 274 280 273 280 279 274 275 281 274 281 280 275 270 276 275 276 281 276 277 282 277 283 282 277 278 283 278 284 283 278 279 284 279 285 284 279 280 285 280 286 285 280 281 286 281 287 286 281 276 287 276 282 287 282 283 289 282 289 288 283 284 290 283 290 289 284 285 291 284 291 290 285 286 292 285 292 291 286 287 293 286 293 292 287 282 288 287 288 293 288 289 294 289 295 294 289 290 295 290 296 295 290 291 296 291 297 296 291 292 297 292 298 297 292 293 298 293 299 298 293 288 299 288 294 299 294 295 301 294 301 300 295 296 302 295 302 301 296 297 303 296 303 302 297 298 304 297 304 303 298 299 305 298 305 304 299 294 300 299 300 305 300 301 306 301 307 306 301 302 307 302 308 307 302 303 308 303 309 308 303 304 309 304 310 309 304 305 310 305 311 310 305 300 311 300 306 311 306 307 313 306 313 312 307 308 314 307 314 313 308 309 315 308 315 314 309 310 316 309 316 315 310 311 317 310 317 316 311 306 312 311 312 317 312 313 318 313 319 318 313 314 319 314 320 319 314 315 320 315 321 320 315 316 321 316 322 321 316 317 322 317 323 322 317 312 323 312 318 323 318 319 325 318 325 324 319 320 326 319 326 325 320 321 327 320 327 326 321 322 328 321 328 327 322 323 329 322 329 328 323 318 324 323 324 329 324 325 330 325 331 330 325 326 331 326 332 331 326 327 332 327 333 332 327 328 333 328 334 333 328 329 334 329 335 334 329 324 335 324 330 335 330 331 337 330 337 336 331 332 338 331 338 337 332 333 339 332 339 338 333 334 340 333 340 339 334 335 341 334 341 340 335 330 336 335 336 341 336 337 342 337 343 342 337 338 343 338 344 343 338 339 344 339 345 344 339 340 345 340 346 345 340 341 346 341 347 346 341 336 347 336 342 347 342 343 349 342 349 348 343 344 350 343 350 349 344 345 351 344 351 350 345 346 352 345 352 351 346 347 353 346 353 352 347 342 348 347 348 353 348 349 354 349 355 354 349 350 355 350 356 355 350 351 356 351 357 356 351 352 357 352 358 357 352 353 358 353 359 358 353 348 359 348 354 359 354 355 361 354 361 360 355 356 362 355 362 361 356 357 363 356 363 362 357 358 364 357 364 363 358 359 365 358 365 364 359 354 360 359 360 365 360 361 366 361 367 366 361 362 367 362 368 367 362 363 368 363 369 368 363 364 369 364 370 369 364 365 370 365 371 370 365 360 371 360 366 371 366 367 373 366 373 372 367 368 374 367 374 373 368 369 375 368 375 374 369 370 376 369 376 375 370 371 377 370 377 376 371 366 372 371 372 377 372 373 378 373 379 378 373 374 379 374 380 379 374 375 380 375 381 380 375 376 381 376 382 381 376 377 382 377 383 382 377 372 383 372 378 383 378 379 385 378 385 384 379 380 386 379 386 385 380 381 387 380 387 386 381 382 388 381 388 387 382 383 389 382 389 388 383 378 384 383 384 389 384 385 390 385 391 390 385 386 391 386 392 391 386 387 392 387 393 392 387 388 393 388 394 393 388 389 394 389 395 394 389 384 395 384 390 395 390 391 397 390 397 396 391 392 398 391 398 397 392 393 399 392 399 398 393 394 400 393 400 399 394 395 401 394 401 400 395 390 396 395 396 401 396 397 402 397 403 402 397 398 403 398 404 403 398 399 404 399 405 404 399 400 405 400 406 405 400 401 406 401 407 406 401 396 407 396 402 407 402 403 409 402 409 408 403 404 410 403 410 409 404 405 411 404 411 410 405 406 412 405 412 411 406 407 413 406 413 412 407 402 408 407 408 413 408 409 414 409 415 414 409 410 415 410 416 415 410 411 416 411 417 416 411 412 417 412 418 417 412 413 418 413 419 418 413 408 419 408 414 419 414 415 421 414 421 420 415 416 422 415 422 421 416 417 423 416 423 422 417 418 424 417 424 423 418 419 425 418 425 424 419 414 420 419 420 425 420 421 426 421 427 426 421 422 427 422 428 427 422 423 428 423 429 428 423 424 429 424 430 429 424 425 430 425 431 430 425 420 431 420 426 431 426 427 433 426 433 432 427 428 434 427 434 433 428 429 435 428 435 434 429 430 436 429 436 435 430 431 437 430 437 436 431 426 432 431 432 437 432 433 438 433 439 438 433 434 439 434 440 439 434 435 440 435 441 440 435 436 441 436 442 441 436 437 442 437 443 442 437 432 443 432 438 443 438 439 445 438 445 444 439 440 446 439 446 445 440 441 447 440 447 446 441 442 448 441 448 447 442 443 449 442 449 448 443 438 444 443 444 449 444 445 450 445 451 450 445 446 451 446 452 451 446 447 452 447 453 452 447 448 453 448 454 453 448 449 454 449 455 454 449 444 455 444 450 455 450 451 457 450 457 456 451 452 458 451 458 457 452 453 459 452 459 458 453 454 460 453 460 459 454 455 461 454 461 460 455 450 456 455 456 461 456 457 462 457 463 462 457 458 463 458 464 463 458 459 464 459 465 464 459 460 465 460 466 465 460 461 466 461 467 466 461 456 467 456 462 467 462 463 469 462 469 468 463 464 470 463 470 469 464 465 471 464 471 470 465 466 472 465 472 471 466 467 473 466 473 472 467 462 468 467 468 473 468 469 474 469 475 474 469 470 475 470 476 475 470 471 476 471 477 476 471 472 477 472 478 477 472 473 478 473 479 478 473 468 479 468 474 479 474 475 481 474 481 480 475 476 482 475 482 481 476 477 483 476 483 482 477 478 484 477 484 483 478 479 485 478 485 484 479 474 480 479 480 485 480 481 486 481 487 486 481 482 487 482 488 487 482 483 488 483 489 488 483 484 489 484 490 489 484 485 490 485 491 490 485 480 491 480 486 491 486 487 493 486 493 492 487 488 494 487 494 493 488 489 495 488 495 494 489 490 496 489 496 495 490 491 497 490 497 496 491 486 492 491 492 497 492 493 498 493 499 498 493 494 499 494 500 499 494 495 500 495 501 500 495 496 501 496 502 501 496 497 502 497 503 502 497 492 503 492 498 503 498 499 505 498 505 504 499 500 506 499 506 505 500 501 507 500 507 506 501 502 508 501 508 507 502 503 509 502 509 508 503 498 504 503 504 509 504 505 510 505 511 510 505 506 511 506 512 511 506 507 512 507 513 512 507 508 513 508 514 513 508 509 514 509 515 514 509 504 515 504 510 515 510 511 517 510 517 516 511 512 518 511 518 517 512 513 519 512 519 518 513 514 520 513 520 519 514 515 521 514 521 520 515 510 516 515 516 521 516 517 522 517 523 522 517 518 523 518 524 523 518 519 524 519 525 524 519 520 525 520 526 525 520 521 526 521 527 526 521 516 527 516 522 527 522 523 529 522 529 528 523 524 530 523 530 529 524 525 531 524 531 530 525 526 532 525 532 531 526 527 533 526 533 532 527 522 528 527 528 533 528 529 534 529 535 534 529 530 535 530 536 535 530 531 536 531 537 536 531 532 537 532 538 537 532 533 538 533 539 538 533 528 539 528 534 539 534 535 541 534 541 540 535 536 542 535 542 541 536 537 543 536 543 542 537 538 544 537 544 543 538 539 545 538 545 544 539 534 540 539 540 545 540 541 546 541 547 546 541 542 547 542 548 547 542 543 548 543 549 548 543 544 549 544 550 549 544 545 550 545 551 550 545 540 551 540 546 551 546 547 553 546 553 552 547 548 554 547 554 553 548 549 555 548 555 554 549 550 556 549 556 555 550 551 557 550 557 556 551 546 552 551 552 557 552 553 558 553 559 558 553 554 559 554 560 559 554 555 560 555 561 560 555 556 561 556 562 561 556 557 562 557 563 562 557 552 563 552 558 563 558 559 565 558 565 564 559 560 566 559 566 565 560 561 567 560 567 566 561 562 568 561 568 567 562 563 569 562 569 568 563 558 564 563 564 569 564 565 570 565 571 570 565 566 571 566 572 571 566 567 572 567 573 572 567 568 573 568 574 573 568 569 574 569 575 574 569 564 575 564 570 575 570 571 577 570 577 576 571 572 578 571 578 577 572 573 579 572 579 578 573 574 580 573 580 579 574 575 581 574 581 580 575 570 576 575 576 581 576 577 582 577 583 582 577 578 583 578 584 583 578 579 584 579 585 584 579 580 585 580 586 585 580 581 586 581 587 586 581 576 587 576 582 587 582 583 589 582 589 588 583 584 590 583 590 589 584 585 591 584 591 590 585 586 592 585 592 591 586 587 593 586 593 592 587 582 588 587 588 593 588 589 594 589 595 594 589 590 595 590 596 595 590 591 596 591 597 596 591 592 597 592 598 597 592 593 598 593 599 598 593 588 599 588 594 599 594 595 601 594 601 600 595 596 602 595 602 601 596 597 603 596 603 602 597 598 604 597 604 603 598 599 605 598 605 604 599 594 600 599 600 605 600 601 606 601 607 606 601 602 607 602 608 607 602 603 608 603 609 608 603 604 609 604 610 609 604 605 610 605 611 610 605 600 611 600 606 611 606 607 613 606 613 612 607 608 614 607 614 613 608 609 615 608 615 614 609 610 616 609 616 615 610 611 617 610 617 616 611 606 612 611 612 617 612 613 618 613 619 618 613 614 619 614 620 619 614 615 620 615 621 620 615 616 621 616 622 621 616 617 622 617 623 622 617 612 623 612 618 623 618 619 625 618 625 624 619 620 626 619 626 625 620 621 627 620 627 626 621 622 628 621 628 627 622 623 629 622 629 628 623 618 624 623 624 629 624 625 630 625 631 630 625 626 631 626 632 631 626 627 632 627 633 632 627 628 633 628 634 633 628 629 634 629 635 634 629 624 635 624 630 635 630 631 637 630 637 636 631 632 638 631 638 637 632 633 639 632 639 638 633 634 640 633 640 639 634 635 641 634 641 640 635 630 636 635 636 641 636 637 642 637 643 642 637 638 643 638 644 643 638 639 644 639 645 644 639 640 645 640 646 645 640 641 646 641 647 646 641 636 647 636 642 647 642 643 649 642 649 648 643 644 650 643 650 649 644 645 651 644 651 650 645 646 652 645 652 651 646 647 653 646 653 652 647 642 648 647 648 653 648 649 654 649 655 654 649 650 655 650 656 655 650 651 656 651 657 656 651 652 657 652 658 657 652 653 658 653 659 658 653 648 659 648 654 659 654 655 661 654 661 660 655 656 662 655 662 661 656 657 663 656 663 662 657 658 664 657 664 663 658 659 665 658 665 664 659 654 660 659 660 665 660 661 666 661 667 666 661 662 667 662 668 667 662 663 668 663 669 668 663 664 669 664 670 669 664 665 670 665 671 670 665 660 671 660 666 671 666 667 673 666 673 672 667 668 674 667 674 673 668 669 675 668 675 674 669 670 676 669 676 675 670 671 677 670 677 676 671 666 672 671 672 677 672 673 678 673 679 678 673 674 679 674 680 679 674 675 680 675 681 680 675 676 681 676 682 681 676 677 682 677 683 682 677 672 683 672 678 683 678 679 685 678 685 684 679 680 686 679 686 685 680 681 687 680 687 686 681 682 688 681 688 687 682 683 689 682 689 688 683 678 684 683 684 689 684 685 690 685 691 690 685 686 691 686 692 691 686 687 692 687 693 692 687 688 693 688 694 693 688 689 694 689 695 694 689 684 695 684 690 695 690 691 697 690 697 696 691 692 698 691 698 697 692 693 699 692 699 698 693 694 700 693 700 699 694 695 701 694 701 700 695 690 696 695 696 701 696 697 702 697 703 702 697 698 703 698 704 703 698 699 704 699 705 704 699 700 705 700 706 705 700 701 706 701 707 706 701 696 707 696 702 707 702 703 709 702 709 708 703 704 710 703 710 709 704 705 711 704 711 710 705 706 712 705 712 711 706 707 713 706 713 712 707 702 708 707 708 713 708 709 714 709 715 714 709 710 715 710 716 715 710 711 716 711 717 716 711 712 717 712 718 717 712 713 718 713 719 718 713 708 719 708 714 719 714 715 721 714 721 720 715 716 722 715 722 721 716 717 723 716 723 722 717 718 724 717 724 723 718 719 725 718 725 724 719 714 720 719 720 725 720 721 726 721 727 726 721 722 727 722 728 727 722 723 728 723 729 728 723 724 729 724 730 729 724 725 730 725 731 730 725 720 731 720 726 731 726 727 733 726 733 732 727 728 734 727 734 733 728 729 735 728 735 734 729 730 736 729 736 735 730 731 737 730 737 736 731 726 732 731 732 737 732 733 738 733 739 738 733 734 739 734 740 739 734 735 740 735 741 740 735 736 741 736 742 741 736 737 742 737 743 742 737 732 743 732 738 743 738 739 745 738 745 744 739 740 746 739 746 745 740 741 747 740 747 746 741 742 748 741 748 747 742 743 749 742 749 748 743 738 744 743 744 749 744 745 750 745 751 750 745 746 751 746 752 751 746 747 752 747 753 752 747 748 753 748 754 753 748 749 754 749 755 754 749 744 755 744 750 755 750 751 757 750 757 756 751 752 758 751 758 757 752 753 759 752 759 758 753 754 760 753 760 759 754 755 761 754 761 760 755 750 756 755 756 761 756 757 762 757 763 762 757 758 763 758 764 763 758 759 764 759 765 764 759 760 765 760 766 765 760 761 766 761 767 766 761 756 767 756 762 767 762 763 769 762 769 768 763 764 770 763 770 769 764 765 771 764 771 770 765 766 772 765 772 771 766 767 773 766 773 772 767 762 768 767 768 773 768 769 774 769 775 774 769 770 775 770 776 775 770 771 776 771 777 776 771 772 777 772 778 777 772 773 778 773 779 778 773 768 779 768 774 779 774 775 781 774 781 780 775 776 782 775 782 781 776 777 783 776 783 782 777 778 784 777 784 783 778 779 785 778 785 784 779 774 780 779 780 785 780 781 786 781 787 786 781 782 787 782 788 787 782 783 788 783 789 788 783 784 789 784 790 789 784 785 790 785 791 790 785 780 791 780 786 791 786 787 793 786 793 792 787 788 794 787 794 793 788 789 795 788 795 794 789 790 796 789 796 795 790 791 797 790 797 796 791 786 792 791 792 797 792 793 798 793 799 798 793 794 799 794 800 799 794 795 800 795 801 800 795 796 801 796 802 801 796 797 802 797 803 802 797 792 803 792 798 803 798 799 805 798 805 804 799 800 806 799 806 805 800 801 807 800 807 806 801 802 808 801 808 807 802 803 809 802 809 808 803 798 804 803 804 809 804 805 810 805 811 810 805 806 811 806 812 811 806 807 812 807 813 812 807 808 813 808 814 813 808 809 814 809 815 814 809 804 815 804 810 815 810 811 817 810 817 816 811 812 818 811 818 817 812 813 819 812 819 818 813 814 820 813 820 819 814 815 821 814 821 820 815 810 816 815 816 821 816 817 822 817 823 822 817 818 823 818 824 823 818 819 824 819 825 824 819 820 825 820 826 825 820 821 826 821 827 826 821 816 827 816 822 827 822 823 829 822 829 828 823 824 830 823 830 829 824 825 831 824 831 830 825 826 832 825 832 831 826 827 833 826 833 832 827 822 828 827 828 833 828 829 834 829 835 834 829 830 835 830 836 835 830 831 836 831 837 836 831 832 837 832 838 837 832 833 838 833 839 838 833 828 839 828 834 839 834 835 841 834 841 840 835 836 842 835 842 841 836 837 843 836 843 842 837 838 844 837 844 843 838 839 845 838 845 844 839 834 840 839 840 845 840 841 846 841 847 846 841 842 847 842 848 847 842 843 848 843 849 848 843 844 849 844 850 849 844 845 850 845 851 850 845 840 851 840 846 851 846 847 853 846 853 852 847 848 854 847 854 853 848 849 855 848 855 854 849 850 856 849 856 855 850 851 857 850 857 856 851 846 852 851 852 857 852 853 858 853 859 858 853 854 859 854 860 859 854 855 860 855 861 860 855 856 861 856 862 861 856 857 862 857 863 862 857 852 863 852 858 863 858 859 865 858 865 864 859 860 866 859 866 865 860 861 867 860 867 866 861 862 868 861 868 867 862 863 869 862 869 868 863 858 864 863 864 869 864 865 870 865 871 870 865 866 871 866 872 871 866 867 872 867 873 872 867 868 873 868 874 873 868 869 874 869 875 874 869 864 875 864 870 875 870 871 877 870 877 876 871 872 878 871 878 877 872 873 879 872 879 878 873 874 880 873 880 879 874 875 881 874 881 880 875 870 876 875 876 881 876 877 882 877 883 882 877 878 883 878 884 883 878 879 884 879 885 884 879 880 885 880 886 885 880 881 886 881 887 886 881 876 887 876 882 887 882 883 889 882 889 888 883 884 890 883 890 889 884 885 891 884 891 890 885 886 892 885 892 891 886 887 893 886 893 892 887 882 888 887 888 893 888 889 894 889 895 894 889 890 895 890 896 895 890 891 896 891 897 896 891 892 897 892 898 897 892 893 898 893 899 898 893 888 899 888 894 899 894 895 901 894 901 900 895 896 902 895 902 901 896 897 903 896 903 902 897 898 904 897 904 903 898 899 905 898 905 904 899 894 900 899 900 905 900 901 906 901 907 906 901 902 907 902 908 907 902 903 908 903 909 908 903 904 909 904 910 909 904 905 910 905 911 910 905 900 911 900 906 911 906 907 913 906 913 912 907 908 914 907 914 913 908 909 915 908 915 914 909 910 916 909 916 915 910 911 917 910 917 916 911 906 912 911 912 917 912 913 918 913 919 918 913 914 919 914 920 919 914 915 920 915 921 920 915 916 921 916 922 921 916 917 922 917 923 922 917 912 923 912 918 923 918 919 925 918 925 924 919 920 926 919 926 925 920 921 927 920 927 926 921 922 928 921 928 927 922 923 929 922 929 928 923 918 924 923 924 929 924 925 930 925 931 930 925 926 931 926 932 931 926 927 932 927 933 932 927 928 933 928 934 933 928 929 934 929 935 934 929 924 935 924 930 935 930 931 937 930 937 936 931 932 938 931 938 937 932 933 939 932 939 938 933 934 940 933 940 939 934 935 941 934 941 940 935 930 936 935 936 941 936 937 942 937 943 942 937 938 943 938 944 943 938 939 944 939 945 944 939 940 945 940 946 945 940 941 946 941 947 946 941 936 947 936 942 947 942 943 949 942 949 948 943 944 950 943 950 949 944 945 951 944 951 950 945 946 952 945 952 951 946 947 953 946 953 952 947 942 948 947 948 953 948 949 954 949 955 954 949 950 955 950 956 955 950 951 956 951 957 956 951 952 957 952 958 957 952 953 958 953 959 958 953 948 959 948 954 959 954 955 961 954 961 960 955 956 962 955 962 961 956 957 963 956 963 962 957 958 964 957 964 963 958 959 965 958 965 964 959 954 960 959 960 965 960 961 966 961 967 966 961 962 967 962 968 967 962 963 968 963 969 968 963 964 969 964 970 969 964 965 970 965 971 970 965 960 971 960 966 971 966 967 973 966 973 972 967 968 974 967 974 973 968 969 975 968 975 974 969 970 976 969 976 975 970 971 977 970 977 976 971 966 972 971 972 977 972 973 978 973 979 978 973 974 979 974 980 979 974 975 980 975 981 980 975 976 981 976 982 981 976 977 982 977 983 982 977 972 983 972 978 983 978 979 985 978 985 984 979 980 986 979 986 985 980 981 987 980 987 986 981 982 988 981 988 987 982 983 989 982 989 988 983 978 984 983 984 989 984 985 990 985 991 990 985 986 991 986 992 991 986 987 992 987 993 992 987 988 993 988 994 993 988 989 994 989 995 994 989 984 995 984 990 995 990 991 997 990 997 996 991 992 998 991 998 997 992 993 999 992 999 998 993 994 1000 993 1000 999 994 995 1001 994 1001 1000 995 990 996 995 996 1001 996 997 1002 997 1003 1002 997 998 1003 998 1004 1003 998 999 1004 999 1005 1004 999 1000 1005 1000 1006 1005 1000 1001 1006 1001 1007 1006 1001 996 1007 996 1002 1007 1002 1003 1009 1002 1009 1008 1003 1004 1010 1003 1010 1009 1004 1005 1011 1004 1011 1010 1005 1006 1012 1005 1012 1011 1006 1007 1013 1006 1013 1012 1007 1002 1008 1007 1008 1013 1008 1009 1014 1009 1015 1014 1009 1010 1015 1010 1016 1015 1010 1011 1016 1011 1017 1016 1011 1012 1017 1012 1018 1017 1012 1013 1018 1013 1019 1018 1013 1008 1019 1008 1014 1019 1014 1015 1021 1014 1021 1020 1015 1016 1022 1015 1022 1021 1016 1017 1023 1016 1023 1022 1017 1018 1024 1017 1024 1023 1018 1019 1025 1018 1025 1024 1019 1014 1020 1019 1020 1025 1020 1021 1026 1021 1027 1026 1021 1022 1027 1022 1028 1027 1022 1023 1028 1023 1029 1028 1023 1024 1029 1024 1030 1029 1024 1025 1030 1025 1031 1030 1025 1020 1031 1020 1026 1031 1026 1027 1033 1026 1033 1032 1027 1028 1034 1027 1034 1033 1028 1029 1035 1028 1035 1034 1029 1030 1036 1029 1036 1035 1030 1031 1037 1030 1037 1036 1031 1026 1032 1031 1032 1037 1032 1033 1038 1033 1039 1038 1033 1034 1039 1034 1040 1039 1034 1035 1040 1035 1041 1040 1035 1036 1041 1036 1042 1041 1036 1037 1042 1037 1043 1042 1037 1032 1043 1032 1038 1043 1038 1039 1045 1038 1045 1044 1039 1040 1046 1039 1046 1045 1040 1041 1047 1040 1047 1046 1041 1042 1048 1041 1048 1047 1042 1043 1049 1042 1049 1048 1043 1038 1044 1043 1044 1049 1044 1045 1050 1045 1051 1050 1045 1046 1051 1046 1052 1051 1046 1047 1052 1047 1053 1052 1047 1048 1053 1048 1054 1053 1048 1049 1054 1049 1055 1054 1049 1044 1055 1044 1050 1055 1050 1051 1057 1050 1057 1056 1051 1052 1058 1051 1058 1057 1052 1053 1059 1052 1059 1058 1053 1054 1060 1053 1060 1059 1054 1055 1061 1054 1061 1060 1055 1050 1056 1055 1056 1061 1056 1057 1062 1057 1063 1062 1057 1058 1063 1058 1064 1063 1058 1059 1064 1059 1065 1064 1059 1060 1065 1060 1066 1065 1060 1061 1066 1061 1067 1066 1061 1056 1067 1056 1062 1067 1062 1063 1069 1062 1069 1068 1063 1064 1070 1063 1070 1069 1064 1065 1071 1064 1071 1070 1065 1066 1072 1065 1072 1071 1066 1067 1073 1066 1073 1072 1067 1062 1068 1067 1068 1073 1068 1069 1074 1069 1075 1074 1069 1070 1075 1070 1076 1075 1070 1071 1076 1071 1077 1076 1071 1072 1077 1072 1078 1077 1072 1073 1078 1073 1079 1078 1073 1068 1079 1068 1074 1079 1074 1075 1081 1074 1081 1080 1075 1076 1082 1075 1082 1081 1076 1077 1083 1076 1083 1082 1077 1078 1084 1077 1084 1083 1078 1079 1085 1078 1085 1084 1079 1074 1080 1079 1080 1085 1080 1081 1086 1081 1087 1086 1081 1082 1087 1082 1088 1087 1082 1083 1088 1083 1089 1088 1083 1084 1089 1084 1090 1089 1084 1085 1090 1085 1091 1090 1085 1080 1091 1080 1086 1091 1086 1087 1093 1086 1093 1092 1087 1088 1094 1087 1094 1093 1088 1089 1095 1088 1095 1094 1089 1090 1096 1089 1096 1095 1090 1091 1097 1090 1097 1096 1091 1086 1092 1091 1092 1097 1092 1093 1098 1093 1099 1098 1093 1094 1099 1094 1100 1099 1094 1095 1100 1095 1101 1100 1095 1096 1101 1096 1102 1101 1096 1097 1102 1097 1103 1102 1097 1092 1103 1092 1098 1103 1098 1099 1105 1098 1105 1104 1099 1100 1106 1099 1106 1105 1100 1101 1107 1100 1107 1106 1101 1102 1108 1101 1108 1107 1102 1103 1109 1102 1109 1108 1103 1098 1104 1103 1104 1109 1104 1105 1110 1105 1111 1110 1105 1106 1111 1106 1112 1111 1106 1107 1112 1107 1113 1112 1107 1108 1113 1108 1114 1113 1108 1109 1114 1109 1115 1114 1109 1104 1115 1104 1110 1115 1110 1111 1117 1110 1117 1116 1111 1112 1118 1111 1118 1117 1112 1113 1119 1112 1119 1118 1113 1114 1120 1113 1120 1119 1114 1115 1121 1114 1121 1120 1115 1110 1116 1115 1116 1121 1116 1117 1122 1117 1123 1122 1117 1118 1123 1118 1124 1123 1118 1119 1124 1119 1125 1124 1119 1120 1125 1120 1126 1125 1120 1121 1126 1121 1127 1126 1121 1116 1127 1116 1122 1127 1122 1123 1129 1122 1129 1128 1123 1124 1130 1123 1130 1129 1124 1125 1131 1124 1131 1130 1125 1126 1132 1125 1132 1131 1126 1127 1133 1126 1133 1132 1127 1122 1128 1127 1128 1133 1128 1129 1134 1129 1135 1134 1129 1130 1135 1130 1136 1135 1130 1131 1136 1131 1137 1136 1131 1132 1137 1132 1138 1137 1132 1133 1138 1133 1139 1138 1133 1128 1139 1128 1134 1139 1134 1135 1141 1134 1141 1140 1135 1136 1142 1135 1142 1141 1136 1137 1143 1136 1143 1142 1137 1138 1144 1137 1144 1143 1138 1139 1145 1138 1145 1144 1139 1134 1140 1139 1140 1145 1140 1141 1146 1141 1147 1146 1141 1142 1147 1142 1148 1147 1142 1143 1148 1143 1149 1148 1143 1144 1149 1144 1150 1149 1144 1145 1150 1145 1151 1150 1145 1140 1151 1140 1146 1151 1146 1147 1153 1146 1153 1152 1147 1148 1154 1147 1154 1153 1148 1149 1155 1148 1155 1154 1149 1150 1156 1149 1156 1155 1150 1151 1157 1150 1157 1156 1151 1146 1152 1151 1152 1157 1152 1153 1158 1153 1159 1158 1153 1154 1159 1154 1160 1159 1154 1155 1160 1155 1161 1160 1155 1156 1161 1156 1162 1161 1156 1157 1162 1157 1163 1162 1157 1152 1163 1152 1158 1163 1158 1159 1165 1158 1165 1164 1159 1160 1166 1159 1166 1165 1160 1161 1167 1160 1167 1166 1161 1162 1168 1161 1168 1167 1162 1163 1169 1162 1169 1168 1163 1158 1164 1163 1164 1169 1164 1165 1170 1165 1171 1170 1165 1166 1171 1166 1172 1171 1166 1167 1172 1167 1173 1172 1167 1168 1173 1168 1174 1173 1168 1169 1174 1169 1175 1174 1169 1164 1175 1164 1170 1175 1170 1171 1177 1170 1177 1176 1171 1172 1178 1171 1178 1177 1172 1173 1179 1172 1179 1178 1173 1174 1180 1173 1180 1179 1174 1175 1181 1174 1181 1180 1175 1170 1176 1175 1176 1181 1176 1177 1182 1177 1183 1182 1177 1178 1183 1178 1184 1183 1178 1179 1184 1179 1185 1184 1179 1180 1185 1180 1186 1185 1180 1181 1186 1181 1187 1186 1181 1176 1187 1176 1182 1187 1182 1183 1189 1182 1189 1188 1183 1184 1190 1183 1190 1189 1184 1185 1191 1184 1191 1190 1185 1186 1192 1185 1192 1191 1186 1187 1193 1186 1193 1192 1187 1182 1188 1187 1188 1193 1188 1189 1194 1189 1195 1194 1189 1190 1195 1190 1196 1195 1190 1191 1196 1191 1197 1196 1191 1192 1197 1192 1198 1197 1192 1193 1198 1193 1199 1198 1193 1188 1199 1188 1194 1199 1194 1195 1201 1194 1201 1200 1195 1196 1202 1195 1202 1201 1196 1197 1203 1196 1203 1202 1197 1198 1204 1197 1204 1203 1198 1199 1205 1198 1205 1204 1199 1194 1200 1199 1200 1205 1200 1201 1206 1201 1207 1206 1201 1202 1207 1202 1208 1207 1202 1203 1208 1203 1209 1208 1203 1204 1209 1204 1210 1209 1204 1205 1210 1205 1211 1210 1205 1200 1211 1200 1206 1211 1206 1207 1213 1206 1213 1212 1207 1208 1214 1207 1214 1213 1208 1209 1215 1208 1215 1214 1209 1210 1216 1209 1216 1215 1210 1211 1217 1210 1217 1216 1211 1206 1212 1211 1212 1217 1212 1213 1218 1213 1219 1218 1213 1214 1219 1214 1220 1219 1214 1215 1220 1215 1221 1220 1215 1216 1221 1216 1222 1221 1216 1217 1222 1217 1223 1222 1217 1212 1223 1212 1218 1223 1218 1219 1225 1218 1225 1224 1219 1220 1226 1219 1226 1225 1220 1221 1227 1220 1227 1226 1221 1222 1228 1221 1228 1227 1222 1223 1229 1222 1229 1228 1223 1218 1224 1223 1224 1229 1224 1225 1230 1225 1231 1230 1225 1226 1231 1226 1232 1231 1226 1227 1232 1227 1233 1232 1227 1228 1233 1228 1234 1233 1228 1229 1234 1229 1235 1234 1229 1224 1235 1224 1230 1235 1230 1231 1237 1230 1237 1236 1231 1232 1238 1231 1238 1237 1232 1233 1239 1232 1239 1238 1233 1234 1240 1233 1240 1239 1234 1235 1241 1234 1241 1240 1235 1230 1236 1235 1236 1241 1236 1237 1242 1237 1243 1242 1237 1238 1243 1238 1244 1243 1238 1239 1244 1239 1245 1244 1239 1240 1245 1240 1246 1245 1240 1241 1246 1241 1247 1246 1241 1236 1247 1236 1242 1247 1242 1243 1249 1242 1249 1248 1243 1244 1250 1243 1250 1249 1244 1245 1251 1244 1251 1250 1245 1246 1252 1245 1252 1251 1246 1247 1253 1246 1253 1252 1247 1242 1248 1247 1248 1253 1248 1249 1254 1249 1255 1254 1249 1250 1255 1250 1256 1255 1250 1251 1256 1251 1257 1256 1251 1252 1257 1252 1258 1257 1252 1253 1258 1253 1259 1258 1253 1248 1259 1248 1254 1259 1254 1255 1261 1254 1261 1260 1255 1256 1262 1255 1262 1261 1256 1257 1263 1256 1263 1262 1257 1258 1264 1257 1264 1263 1258 1259 1265 1258 1265 1264 1259 1254 1260 1259 1260 1265 1260 1261 1266 1261 1267 1266 1261 1262 1267 1262 1268 1267 1262 1263 1268 1263 1269 1268 1263 1264 1269 1264 1270 1269 1264 1265 1270 1265 1271 1270 1265 1260 1271 1260 1266 1271 1266 1267 1273 1266 1273 1272 1267 1268 1274 1267 1274 1273 1268 1269 1275 1268 1275 1274 1269 1270 1276 1269 1276 1275 1270 1271 1277 1270 1277 1276 1271 1266 1272 1271 1272 1277 1272 1273 1278 1273 1279 1278 1273 1274 1279 1274 1280 1279 1274 1275 1280 1275 1281 1280 1275 1276 1281 1276 1282 1281 1276 1277 1282 1277 1283 1282 1277 1272 1283 1272 1278 1283 1278 1279 1285 1278 1285 1284 1279 1280 1286 1279 1286 1285 1280 1281 1287 1280 1287 1286 1281 1282 1288 1281 1288 1287 1282 1283 1289 1282 1289 1288 1283 1278 1284 1283 1284 1289 1284 1285 1290 1285 1291 1290 1285 1286 1291 1286 1292 1291 1286 1287 1292 1287 1293 1292 1287 1288 1293 1288 1294 1293 1288 1289 1294 1289 1295 1294 1289 1284 1295 1284 1290 1295 1290 1291 1297 1290 1297 1296 1291 1292 1298 1291 1298 1297 1292 1293 1299 1292 1299 1298 1293 1294 1300 1293 1300 1299 1294 1295 1301 1294 1301 1300 1295 1290 1296 1295 1296 1301 1296 1297 1302 1297 1303 1302 1297 1298 1303 1298 1304 1303 1298 1299 1304 1299 1305 1304 1299 1300 1305 1300 1306 1305 1300 1301 1306 1301 1307 1306 1301 1296 1307 1296 1302 1307 1302 1303 1309 1302 1309 1308 1303 1304 1310 1303 1310 1309 1304 1305 1311 1304 1311 1310 1305 1306 1312 1305 1312 1311 1306 1307 1313 1306 1313 1312 1307 1302 1308 1307 1308 1313 1308 1309 1314 1309 1315 1314 1309 1310 1315 1310 1316 1315 1310 1311 1316 1311 1317 1316 1311 1312 1317 1312 1318 1317 1312 1313 1318 1313 1319 1318 1313 1308 1319 1308 1314 1319 1314 1315 1321 1314 1321 1320 1315 1316 1322 1315 1322 1321 1316 1317 1323 1316 1323 1322 1317 1318 1324 1317 1324 1323 1318 1319 1325 1318 1325 1324 1319 1314 1320 1319 1320 1325 1326 1328 1327 1326 1329 1328 1326 1330 1329 1326 1331 1330 1326 1332 1331 1326 1327 1332 1333 1334 1335 1333 1335 1336 1333 1336 1337 1333 1337 1338 1333 1338 1339 1333 1339 1334" solid="false" colorPerVertex="false">
     <Coordinate point="0.01 -1 0 0.005 -1 -0.00866025 -0.005 -1 -0.00866025 -0.01 -1 -1.22465e-18 -0.005 -1 0.00866025 0.005 -1 0.00866025 0.00866025 -0.990909 -0.005 6.12323e-19 -0.990909 -0.01 -0.00866025 -0.990909 -0.005 -0.00866025 -0.990909 0.005 -1.83697e-18 -0.990909 0.01 0.00866025 -0.990909 0.005 0.01 -0.981818 0 0.005 -0.981818 -0.00866025 -0.005 -0.981818 -0.00866025 -0.01 -0.981818 -1.22465e-18 -0.005 -0.981818 0.00866025 0.005 -0.981818 0.00866025 0.00866025 -0.972727 -0.005 6.12323e-19 -0.972727 -0.01 -0.00866025 -0.972727 -0.005 -0.00866025 -0.972727 0.005 -1.83697e-18 -0.972727 0.01 0.00866025 -0.972727 0.005 0.01 -0.963636 0 0.005 -0.963636 -0.00866025 -0.005 -0.963636 -0.00866025 -0.01 -0.963636 -1.22465e-18 -0.005 -0.963636 0.00866025 0.005 -0.963636 0.00866025 0.00866025 -0.954545 -0.005 6.12323e-19 -0.954545 -0.01 -0.00866025 -0.954545 -0.005 -0.00866025 -0.954545 0.005 -1.83697e-18 -0.954545 0.01 0.00866025 -0.954545 0.005 0.01 -0.945455 0 0.005 -0.945455 -0.00866025 -0.005 -0.945455 -0.00866025 -0.01 -0.945455 -1.22465e-18 -0.005 -0.945455 0.00866025 0.005 -0.945455 0.00866025 0.00866025 -0.936364 -0.005 6.12323e-19 -0.936364 -0.01 -0.00866025 -0.936364 -0.005 -0.00866025 -0.936364 0.005 -1.83697e-18 -0.936364 0.01 0.00866025 -0.936364 0.005 0.01 -0.927273 0 0.005 -0.927273 -0.00866025 -0.005 -0.927273 -0.00866025 -0.01 -0.927273 -1.22465e-18 -0.005 -0.927273 0.00866025 0.005 -0.927273 0.00866025 0.00866025 -0.918182 -0.005 6.12323e-19 -0.918182 -0.01 -0.00866025 -0.918182 -0.005 -0.00866025 -0.918182 0.005 -1.83697e-18 -0.918182 0.01 0.00866025 -0.918182 0.005 0.01 -0.909091 0 0.005 -0.909091 -0.00866025 -0.005 -0.909091 -0.00866025 -0.01 -0.909091 -1.22465e-18 -0.005 -0.909091 0.00866025 0.005 -0.909091 0.00866025 0.00866025 -0.9 -0.005 6.12323e-19 -0.9 -0.01 -0.00866025 -0.9 -0.005 -0.00866025 -0.9 0.005 -1.83697e-18 -0.9 0.01 0.00866025 -0.9 0.005 0.01 -0.890909 0 0.005 -0.890909 -0.00866025 -0.005 -0.890909 -0.00866025 -0.01 -0.890909 -1.22465e-18 -0.005 -0.890909 0.00866025 0.005 -0.890909 0.00866025 0.00866025 -0.881818 -0.005 6.12323e-19 -0.881818 -0.01 -0.00866025 -0.881818 -0.005 -0.00866025 -0.881818 0.005 -1.83697e-18 -0.881818 0.01 0.00866025 -0.881818 0.005 0.01 -0.872727 0 0.005 -0.872727 -0.00866025 -0.005 -0.872727 -0.00866025 -0.01 -0.872727 -1.22465e-18 -0.005 -0.872727 0.00866025 0.005 -0.872727 0.00866025 0.00866025 -0.863636 -0.005 6.12323e-19 -0.863636 -0.01 -0.00866025 -0.863636 -0.005 -0.00866025 -0.863636 0.005 -1.83697e-18 -0.863636 0.01 0.00866025 -0.863636 0.005 0.01 -0.854545 0 0.005 -0.854545 -0.00866025 -0.005 -0.854545 -0.00866025 -0.01 -0.854545 -1.22465e-18 -0.005 -0.854545 0.00866025 0.005 -0.854545 0.00866025 0.00866025 -0.845455 -0.005 6.12323e-19 -0.845455 -0.01 -0.00866025 -0.845455 -0.005 -0.00866025 -0.845455 0.005 -1.83697e-18 -0.845455 0.01 0.00866025 -0.845455 0.005 0.01 -0.836364 0 0.005 -0.836364 -0.00866025 -0.005 -0.836364 -0.00866025 -0.01 -0.836364 -1.22465e-18 -0.005 -0.836364 0.00866025 0.005 -0.836364 0.00866025 0.00866025 -0.827273 -0.005 6.12323e-19 -0.827273 -0.01 -0.00866025 -0.827273 -0.005 -0.00866025 -0.827273 0.005 -1.83697e-18 -0.827273 0.01 0.00866025 -0.827273 0.005 0.01 -0.818182 0 0.005 -0.818182 -0.00866025 -0.005 -0.818182 -0.00866025 -0.01 -0.818182 -1.22465e-18 -0.005 -0.818182 0.00866025 0.005 -0.818182 0.00866025 0.00866025 -0.809091 -0.005 6.12323e-19 -0.809091 -0.01 -0.00866025 -0.809091 -0.005 -0.00866025 -0.809091 0.005 -1.83697e-18 -0.809091 0.01 0.00866025 -0.809091 0.005 0.01 -0.8 0 0.005 -0.8 -0.00866025 -0.005 -0.8 -0.00866025 -0.01 -0.8 -1.22465e-18 -0.005 -0.8 0.00866025 0.005 -0.8 0.00866025 0.00866025 -0.790909 -0.005 6.12323e-19 -0.790909 -0.01 -0.00866025 -0.790909 -0.005 -0.00866025 -0.790909 0.005 -1.83697e-18 -0.790909 0.01 0.00866025 -0.790909 0.005 0.01 -0.781818 0 0.005 -0.781818 -0.00866025 -0.005 -0.781818 -0.00866025 -0.01 -0.781818 -1.22465e-18 -0.005 -0.781818 0.00866025 0.005 -0.781818 0.00866025 0.00866025 -0.772727 -0.005 6.12323e-19 -0.772727 -0.01 -0.00866025 -0.772727 -0.005 -0.00866025 -0.772727 0.005 -1.83697e-18 -0.772727 0.01 0.00866025 -0.772727 0.005 0.01 -0.763636 0 0.005 -0.763636 -0.00866025 -0.005 -0.763636 -0.00866025 -0.01 -0.763636 -1.22465e-18 -0.005 -0.763636 0.00866025 0.005 -0.763636 0.00866025 0.00866025 -0.754545 -0.005 6.12323e-19 -0.754545 -0.01 -0.00866025 -0.754545 -0.005 -0.00866025 -0.754545 0.005 -1.83697e-18 -0.754545 0.01 0.00866025 -0.754545 0.005 0.01 -0.745455 0 0.005 -0.745455 -0.00866025 -0.005 -0.745455 -0.00866025 -0.01 -0.745455 -1.22465e-18 -0.005 -0.745455 0.00866025 0.005 -0.745455 0.00866025 0.00866025 -0.736364 -0.005 6.12323e-19 -0.736364 -0.01 -0.00866025 -0.736364 -0.005 -0.00866025 -0.736364 0.005 -1.83697e-18 -0.736364 0.01 0.00866025 -0.736364 0.005 0.01 -0.727273 0 0.005 -0.727273 -0.00866025 -0.005 -0.727273 -0.00866025 -0.01 -0.727273 -1.22465e-18 -0.005 -0.727273 0.00866025 0.005 -0.727273 0.00866025 0.00866025 -0.718182 -0.005 6.12323e-19 -0.718182 -0.01 -0.00866025 -0.718182 -0.005 -0.00866025 -0.718182 0.005 -1.83697e-18 -0.718182 0.01 0.00866025 -0.718182 0.005 0.01 -0.709091 0 0.005 -0.709091 -0.00866025 -0.005 -0.709091 -0.00866025 -0.01 -0.709091 -1.22465e-18 -0.005 -0.709091 0.00866025 0.005 -0.709091 0.00866025 0.00866025 -0.7 -0.005 6.12323e-19 -0.7 -0.01 -0.00866025 -0.7 -0.005 -0.00866025 -0.7 0.005 -1.83697e-18 -0.7 0.01 0.00866025 -0.7 0.005 0.01 -0.690909 0 0.005 -0.690909 -0.00866025 -0.005 -0.690909 -0.00866025 -0.01 -0.690909 -1.22465e-18 -0.005 -0.690909 0.00866025 0.005 -0.690909 0.00866025 0.00866025 -0.681818 -0.005 6.12323e-19 -0.681818 -0.01 -0.00866025 -0.681818 -0.005 -0.00866025 -0.681818 0.005 -1.83697e-18 -0.681818 0.01 0.00866025 -0.681818 0.005 0.01 -0.672727 0 0.005 -0.672727 -0.00866025 -0.005 -0.672727 -0.00866025 -0.01 -0.672727 -1.22465e-18 -0.005 -0.672727 0.00866025 0.005 -0.672727 0.00866025 0.00866025 -0.663636 -0.005 6.12323e-19 -0.663636 -0.01 -0.00866025 -0.663636 -0.005 -0.00866025 -0.663636 0.005 -1.83697e-18 -0.663636 0.01 0.00866025 -0.663636 0.005 0.01 -0.654545 0 0.005 -0.654545 -0.00866025 -0.005 -0.654545 -0.00866025 -0.01 -0.654545 -1.22465e-18 -0.005 -0.654545 0.00866025 0.005 -0.654545 0.00866025 0.00866025 -0.645455 -0.005 6.12323e-19 -0.645455 -0.01 -0.00866025 -0.645455 -0.005 -0.00866025 -0.645455 0.005 -1.83697e-18 -0.645455 0.01 0.00866025 -0.645455 0.005 0.01 -0.636364 0 0.005 -0.636364 -0.00866025 -0.005 -0.636364 -0.00866025 -0.01 -0.636364 -1.22465e-18 -0.005 -0.636364 0.00866025 0.005 -0.636364 0.00866025 0.00866025 -0.627273 -0.005 6.12323e-19 -0.627273 -0.01 -0.00866025 -0.627273 -0.005 -0.00866025 -0.627273 0.005 -1.83697e-18 -0.627273 0.01 0.00866025 -0.627273 0.005 0.01 -0.618182 0 0.005 -0.618182 -0.00866025 -0.005 -0.618182 -0.00866025 -0.01 -0.618182 -1.22465e-18 -0.005 -0.618182 0.00866025 0.005 -0.618182 0.00866025 0.00866025 -0.609091 -0.005 6.12323e-19 -0.609091 -0.01 -0.00866025 -0.609091 -0.005 -0.00866025 -0.609091 0.005 -1.83697e-18 -0.609091 0.01 0.00866025 -0.609091 0.005 0.01 -0.6 0 0.005 -0.6 -0.00866025 -0.005 -0.6 -0.00866025 -0.01 -0.6 -1.22465e-18 -0.005 -0.6 0.00866025 0.005 -0.6 0.00866025 0.00866025 -0.590909 -0.005 6.12323e-19 -0.590909 -0.01 -0.00866025 -0.590909 -0.005 -0.00866025 -0.590909 0.005 -1.83697e-18 -0.590909 0.01 0.00866025 -0.590909 0.005 0.01 -0.581818 0 0.005 -0.581818 -0.00866025 -0.005 -0.581818 -0.00866025 -0.01 -0.581818 -1.22465e-18 -0.005 -0.581818 0.00866025 0.005 -0.581818 0.00866025 0.00866025 -0.572727 -0.005 6.12323e-19 -0.572727 -0.01 -0.00866025 -0.572727 -0.005 -0.00866025 -0.572727 0.005 -1.83697e-18 -0.572727 0.01 0.00866025 -0.572727 0.005 0.01 -0.563636 0 0.005 -0.563636 -0.00866025 -0.005 -0.563636 -0.00866025 -0.01 -0.563636 -1.22465e-18 -0.005 -0.563636 0.00866025 0.005 -0.563636 0.00866025 0.00866025 -0.554545 -0.005 6.12323e-19 -0.554545 -0.01 -0.00866025 -0.554545 -0.005 -0.00866025 -0.554545 0.005 -1.83697e-18 -0.554545 0.01 0.00866025 -0.554545 0.005 0.01 -0.545455 0 0.005 -0.545455 -0.00866025 -0.005 -0.545455 -0.00866025 -0.01 -0.545455 -1.22465e-18 -0.005 -0.545455 0.00866025 0.005 -0.545455 0.00866025 0.00866025 -0.536364 -0.005 6.12323e-19 -0.536364 -0.01 -0.00866025 -0.536364 -0.005 -0.00866025 -0.536364 0.005 -1.83697e-18 -0.536364 0.01 0.00866025 -0.536364 0.005 0.01 -0.527273 0 0.005 -0.527273 -0.00866025 -0.005 -0.527273 -0.00866025 -0.01 -0.527273 -1.22465e-18 -0.005 -0.527273 0.00866025 0.005 -0.527273 0.00866025 0.00866025 -0.518182 -0.005 6.12323e-19 -0.518182 -0.01 -0.00866025 -0.518182 -0.005 -0.00866025 -0.518182 0.005 -1.83697e-18 -0.518182 0.01 0.00866025 -0.518182 0.005 0.01 -0.509091 0 0.005 -0.509091 -0.00866025 -0.005 -0.509091 -0.00866025 -0.01 -0.509091 -1.22465e-18 -0.005 -0.509091 0.00866025 0.005 -0.509091 0.00866025 0.00866025 -0.5 -0.005 6.12323e-19 -0.5 -0.01 -0.00866025 -0.5 -0.005 -0.00866025 -0.5 0.005 -1.83697e-18 -0.5 0.01 0.00866025 -0.5 0.005 0.01 -0.490909 0 0.005 -0.490909 -0.00866025 -0.005 -0.490909 -0.00866025 -0.01 -0.490909 -1.22465e-18 -0.005 -0.490909 0.00866025 0.005 -0.490909 0.00866025 0.00866025 -0.481818 -0.005 6.12323e-19 -0.481818 -0.01 -0.00866025 -0.481818 -0.005 -0.00866025 -0.481818 0.005 -1.83697e-18 -0.481818 0.01 0.00866025 -0.481818 0.005 0.01 -0.472727 0 0.005 -0.472727 -0.00866025 -0.005 -0.472727 -0.00866025 -0.01 -0.472727 -1.22465e-18 -0.005 -0.472727 0.00866025 0.005 -0.472727 0.00866025 0.00866025 -0.463636 -0.005 6.12323e-19 -0.463636 -0.01 -0.00866025 -0.463636 -0.005 -0.00866025 -0.463636 0.005 -1.83697e-18 -0.463636 0.01 0.00866025 -0.463636 0.005 0.01 -0.454545 0 0.005 -0.454545 -0.00866025 -0.005 -0.454545 -0.00866025 -0.01 -0.454545 -1.22465e-18 -0.005 -0.454545 0.00866025 0.005 -0.454545 0.00866025 0.00866025 -0.445455 -0.005 6.12323e-19 -0.445455 -0.01 -0.00866025 -0.445455 -0.005 -0.00866025 -0.445455 0.005 -1.83697e-18 -0.445455 0.01 0.00866025 -0.445455 0.005 0.01 -0.436364 0 0.005 -0.436364 -0.00866025 -0.005 -0.436364 -0.00866025 -0.01 -0.436364 -1.22465e-18 -0.005 -0.436364 0.00866025 0.005 -0.436364 0.00866025 0.00866025 -0.427273 -0.005 6.12323e-19 -0.427273 -0.01 -0.00866025 -0.427273 -0.005 -0.00866025 -0.427273 0.005 -1.83697e-18 -0.427273 0.01 0.00866025 -0.427273 0.005 0.01 -0.418182 0 0.005 -0.418182 -0.00866025 -0.005 -0.418182 -0.00866025 -0.01 -0.418182 -1.22465e-18 -0.005 -0.418182 0.00866025 0.005 -0.418182 0.00866025 0.00866025 -0.409091 -0.005 6.12323e-19 -0.409091 -0.01 -0.00866025 -0.409091 -0.005 -0.00866025 -0.409091 0.005 -1.83697e-18 -0.409091 0.01 0.00866025 -0.409091 0.005 0.01 -0.4 0 0.005 -0.4 -0.00866025 -0.005 -0.4 -0.00866025 -0.01 -0.4 -1.22465e-18 -0.005 -0.4 0.00866025 0.005 -0.4 0.00866025 0.00866025 -0.390909 -0.005 6.12323e-19 -0.390909 -0.01 -0.00866025 -0.390909 -0.005 -0.00866025 -0.390909 0.005 -1.83697e-18 -0.390909 0.01 0.00866025 -0.390909 0.005 0.01 -0.381818 0 0.005 -0.381818 -0.00866025 -0.005 -0.381818 -0.00866025 -0.01 -0.381818 -1.22465e-18 -0.005 -0.381818 0.00866025 0.005 -0.381818 0.00866025 0.00866025 -0.372727 -0.005 6.12323e-19 -0.372727 -0.01 -0.00866025 -0.372727 -0.005 -0.00866025 -0.372727 0.005 -1.83697e-18 -0.372727 0.01 0.00866025 -0.372727 0.005 0.01 -0.363636 0 0.005 -0.363636 -0.00866025 -0.005 -0.363636 -0.00866025 -0.01 -0.363636 -1.22465e-18 -0.005 -0.363636 0.00866025 0.005 -0.363636 0.00866025 0.00866025 -0.354545 -0.005 6.12323e-19 -0.354545 -0.01 -0.00866025 -0.354545 -0.005 -0.00866025 -0.354545 0.005 -1.83697e-18 -0.354545 0.01 0.00866025 -0.354545 0.005 0.01 -0.345455 0 0.005 -0.345455 -0.00866025 -0.005 -0.345455 -0.00866025 -0.01 -0.345455 -1.22465e-18 -0.005 -0.345455 0.00866025 0.005 -0.345455 0.00866025 0.00866025 -0.336364 -0.005 6.12323e-19 -0.336364 -0.01 -0.00866025 -0.336364 -0.005 -0.00866025 -0.336364 0.005 -1.83697e-18 -0.336364 0.01 0.00866025 -0.336364 0.005 0.01 -0.327273 0 0.005 -0.327273 -0.00866025 -0.005 -0.327273 -0.00866025 -0.01 -0.327273 -1.22465e-18 -0.005 -0.327273 0.00866025 0.005 -0.327273 0.00866025 0.00866025 -0.318182 -0.005 6.12323e-19 -0.318182 -0.01 -0.00866025 -0.318182 -0.005 -0.00866025 -0.318182 0.005 -1.83697e-18 -0.318182 0.01 0.00866025 -0.318182 0.005 0.01 -0.309091 0 0.005 -0.309091 -0.00866025 -0.005 -0.309091 -0.00866025 -0.01 -0.309091 -1.22465e-18 -0.005 -0.309091 0.00866025 0.005 -0.309091 0.00866025 0.00866025 -0.3 -0.005 6.12323e-19 -0.3 -0.01 -0.00866025 -0.3 -0.005 -0.00866025 -0.3 0.005 -1.83697e-18 -0.3 0.01 0.00866025 -0.3 0.005 0.01 -0.290909 0 0.005 -0.290909 -0.00866025 -0.005 -0.290909 -0.00866025 -0.01 -0.290909 -1.22465e-18 -0.005 -0.290909 0.00866025 0.005 -0.290909 0.00866025 0.00866025 -0.281818 -0.005 6.12323e-19 -0.281818 -0.01 -0.00866025 -0.281818 -0.005 -0.00866025 -0.281818 0.005 -1.83697e-18 -0.281818 0.01 0.00866025 -0.281818 0.005 0.01 -0.272727 0 0.005 -0.272727 -0.00866025 -0.005 -0.272727 -0.00866025 -0.01 -0.272727 -1.22465e-18 -0.005 -0.272727 0.00866025 0.005 -0.272727 0.00866025 0.00866025 -0.263636 -0.005 6.12323e-19 -0.263636 -0.01 -0.00866025 -0.263636 -0.005 -0.00866025 -0.263636 0.005 -1.83697e-18 -0.263636 0.01 0.00866025 -0.263636 0.005 0.01 -0.254545 0 0.005 -0.254545 -0.00866025 -0.005 -0.254545 -0.00866025 -0.01 -0.254545 -1.22465e-18 -0.005 -0.254545 0.00866025 0.005 -0.254545 0.00866025 0.00866025 -0.245455 -0.005 6.12323e-19 -0.245455 -0.01 -0.00866025 -0.245455 -0.005 -0.00866025 -0.245455 0.005 -1.83697e-18 -0.245455 0.01 0.00866025 -0.245455 0.005 0.01 -0.236364 0 0.005 -0.236364 -0.00866025 -0.005 -0.236364 -0.00866025 -0.01 -0.236364 -1.22465e-18 -0.005 -0.236364 0.00866025 0.005 -0.236364 0.00866025 0.00866025 -0.227273 -0.005 6.12323e-19 -0.227273 -0.01 -0.00866025 -0.227273 -0.005 -0.00866025 -0.227273 0.005 -1.83697e-18 -0.227273 0.01 0.00866025 -0.227273 0.005 0.01 -0.218182 0 0.005 -0.218182 -0.00866025 -0.005 -0.218182 -0.00866025 -0.01 -0.218182 -1.22465e-18 -0.005 -0.218182 0.00866025 0.005 -0.218182 0.00866025 0.00866025 -0.209091 -0.005 6.12323e-19 -0.209091 -0.01 -0.00866025 -0.209091 -0.005 -0.00866025 -0.209091 0.005 -1.83697e-18 -0.209091 0.01 0.00866025 -0.209091 0.005 0.01 -0.2 0 0.005 -0.2 -0.00866025 -0.005 -0.2 -0.00866025 -0.01 -0.2 -1.22465e-18 -0.005 -0.2 0.00866025 0.005 -0.2 0.00866025 0.00866025 -0.190909 -0.005 6.12323e-19 -0.190909 -0.01 -0.00866025 -0.190909 -0.005 -0.00866025 -0.190909 0.005 -1.83697e-18 -0.190909 0.01 0.00866025 -0.190909 0.005 0.01 -0.181818 0 0.005 -0.181818 -0.00866025 -0.005 -0.181818 -0.00866025 -0.01 -0.181818 -1.22465e-18 -0.005 -0.181818 0.00866025 0.005 -0.181818 0.00866025 0.00866025 -0.172727 -0.005 6.12323e-19 -0.172727 -0.01 -0.00866025 -0.172727 -0.005 -0.00866025 -0.172727 0.005 -1.83697e-18 -0.172727 0.01 0.00866025 -0.172727 0.005 0.01 -0.163636 0 0.005 -0.163636 -0.00866025 -0.005 -0.163636 -0.00866025 -0.01 -0.163636 -1.22465e-18 -0.005 -0.163636 0.00866025 0.005 -0.163636 0.00866025 0.00866025 -0.154545 -0.005 6.12323e-19 -0.154545 -0.01 -0.00866025 -0.154545 -0.005 -0.00866025 -0.154545 0.005 -1.83697e-18 -0.154545 0.01 0.00866025 -0.154545 0.005 0.01 -0.145455 0 0.005 -0.145455 -0.00866025 -0.005 -0.145455 -0.00866025 -0.01 -0.145455 -1.22465e-18 -0.005 -0.145455 0.00866025 0.005 -0.145455 0.00866025 0.00866025 -0.136364 -0.005 6.12323e-19 -0.136364 -0.01 -0.00866025 -0.136364 -0.005 -0.00866025 -0.136364 0.005 -1.83697e-18 -0.136364 0.01 0.00866025 -0.136364 0.005 0.01 -0.127273 0 0.005 -0.127273 -0.00866025 -0.005 -0.127273 -0.00866025 -0.01 -0.127273 -1.22465e-18 -0.005 -0.127273 0.00866025 0.005 -0.127273 0.00866025 0.00866025 -0.118182 -0.005 6.12323e-19 -0.118182 -0.01 -0.00866025 -0.118182 -0.005 -0.00866025 -0.118182 0.005 -1.83697e-18 -0.118182 0.01 0.00866025 -0.118182 0.005 0.01 -0.109091 0 0.005 -0.109091 -0.00866025 -0.005 -0.109091 -0.00866025 -0.01 -0.109091 -1.22465e-18 -0.005 -0.109091 0.00866025 0.005 -0.109091 0.00866025 0.00866025 -0.1 -0.005 6.12323e-19 -0.1 -0.01 -0.00866025 -0.1 -0.005 -0.00866025 -0.1 0.005 -1.83697e-18 -0.1 0.01 0.00866025 -0.1 0.005 0.01 -0.0909091 0 0.005 -0.0909091 -0.00866025 -0.005 -0.0909091 -0.00866025 -0.01 -0.0909091 -1.22465e-18 -0.005 -0.0909091 0.00866025 0.005 -0.0909091 0.00866025 0.00866025 -0.0818182 -0.005 6.12323e-19 -0.0818182 -0.01 -0.00866025 -0.0818182 -0.005 -0.00866025 -0.0818182 0.005 -1.83697e-18 -0.0818182 0.01 0.00866025 -0.0818182 0.005 0.01 -0.0727273 0 0.005 -0.0727273 -0.00866025 -0.005 -0.0727273 -0.00866025 -0.01 -0.0727273 -1.22465e-18 -0.005 -0.0727273 0.00866025 0.005 -0.0727273 0.00866025 0.00866025 -0.0636364 -0.005 6.12323e-19 -0.0636364 -0.01 -0.00866025 -0.0636364 -0.005 -0.00866025 -0.0636364 0.005 -1.83697e-18 -0.0636364 0.01 0.00866025 -0.0636364 0.005 0.01 -0.0545455 0 0.005 -0.0545455 -0.00866025 -0.005 -0.0545455 -0.00866025 -0.01 -0.0545455 -1.22465e-18 -0.005 -0.0545455 0.00866025 0.005 -0.0545455 0.00866025 0.00866025 -0.0454545 -0.005 6.12323e-19 -0.0454545 -0.01 -0.00866025 -0.0454545 -0.005 -0.00866025 -0.0454545 0.005 -1.83697e-18 -0.0454545 0.01 0.00866025 -0.0454545 0.005 0.01 -0.0363636 0 0.005 -0.0363636 -0.00866025 -0.005 -0.0363636 -0.00866025 -0.01 -0.0363636 -1.22465e-18 -0.005 -0.0363636 0.00866025 0.005 -0.0363636 0.00866025 0.00866025 -0.0272727 -0.005 6.12323e-19 -0.0272727 -0.01 -0.00866025 -0.0272727 -0.005 -0.00866025 -0.0272727 0.005 -1.83697e-18 -0.0272727 0.01 0.00866025 -0.0272727 0.005 0.01 -0.0181818 0 0.005 -0.0181818 -0.00866025 -0.005 -0.0181818 -0.00866025 -0.01 -0.0181818 -1.22465e-18 -0.005 -0.0181818 0.00866025 0.005 -0.0181818 0.00866025 0.00866025 -0.00909091 -0.005 6.12323e-19 -0.00909091 -0.01 -0.00866025 -0.00909091 -0.005 -0.00866025 -0.00909091 0.005 -1.83697e-18 -0.00909091 0.01 0.00866025 -0.00909091 0.005 0.01 0 0 0.005 0 -0.00866025 -0.005 0 -0.00866025 -0.01 0 -1.22465e-18 -0.005 0 0.00866025 0.005 0 0.00866025 0.00866025 0.00909091 -0.005 6.12323e-19 0.00909091 -0.01 -0.00866025 0.00909091 -0.005 -0.00866025 0.00909091 0.005 -1.83697e-18 0.00909091 0.01 0.00866025 0.00909091 0.005 0.01 0.0181818 0 0.005 0.0181818 -0.00866025 -0.005 0.0181818 -0.00866025 -0.01 0.0181818 -1.22465e-18 -0.005 0.0181818 0.00866025 0.005 0.0181818 0.00866025 0.00866025 0.0272727 -0.005 6.12323e-19 0.0272727 -0.01 -0.00866025 0.0272727 -0.005 -0.00866025 0.0272727 0.005 -1.83697e-18 0.0272727 0.01 0.00866025 0.0272727 0.005 0.01 0.0363636 0 0.005 0.0363636 -0.00866025 -0.005 0.0363636 -0.00866025 -0.01 0.0363636 -1.22465e-18 -0.005 0.0363636 0.00866025 0.005 0.0363636 0.00866025 0.00866025 0.0454545 -0.005 6.12323e-19 0.0454545 -0.01 -0.00866025 0.0454545 -0.005 -0.00866025 0.0454545 0.005 -1.83697e-18 0.0454545 0.01 0.00866025 0.0454545 0.005 0.01 0.0545455 0 0.005 0.0545455 -0.00866025 -0.005 0.0545455 -0.00866025 -0.01 0.0545455 -1.22465e-18 -0.005 0.0545455 0.00866025 0.005 0.0545455 0.00866025 0.00866025 0.0636364 -0.005 6.12323e-19 0.0636364 -0.01 -0.00866025 0.0636364 -0.005 -0.00866025 0.0636364 0.005 -1.83697e-18 0.0636364 0.01 0.00866025 0.0636364 0.005 0.01 0.0727273 0 0.005 0.0727273 -0.00866025 -0.005 0.0727273 -0.00866025 -0.01 0.0727273 -1.22465e-18 -0.005 0.0727273 0.00866025 0.005 0.0727273 0.00866025 0.00866025 0.0818182 -0.005 6.12323e-19 0.0818182 -0.01 -0.00866025 0.0818182 -0.005 -0.00866025 0.0818182 0.005 -1.83697e-18 0.0818182 0.01 0.00866025 0.0818182 0.005 0.01 0.0909091 0 0.005 0.0909091 -0.00866025 -0.005 0.0909091 -0.00866025 -0.01 0.0909091 -1.22465e-18 -0.005 0.0909091 0.00866025 0.005 0.0909091 0.00866025 0.00866025 0.1 -0.005 6.12323e-19 0.1 -0.01 -0.00866025 0.1 -0.005 -0.00866025 0.1 0.005 -1.83697e-18 0.1 0.01 0.00866025 0.1 0.005 0.01 0.109091 0 0.005 0.109091 -0.00866025 -0.005 0.109091 -0.00866025 -0.01 0.109091 -1.22465e-18 -0.005 0.109091 0.00866025 0.005 0.109091 0.00866025 0.00866025 0.118182 -0.005 6.12323e-19 0.118182 -0.01 -0.00866025 0.118182 -0.005 -0.00866025 0.118182 0.005 -1.83697e-18 0.118182 0.01 0.00866025 0.118182 0.005 0.01 0.127273 0 0.005 0.127273 -0.00866025 -0.005 0.127273 -0.00866025 -0.01 0.127273 -1.22465e-18 -0.005 0.127273 0.00866025 0.005 0.127273 0.00866025 0.00866025 0.136364 -0.005 6.12323e-19 0.136364 -0.01 -0.00866025 0.136364 -0.005 -0.00866025 0.136364 0.005 -1.83697e-18 0.136364 0.01 0.00866025 0.136364 0.005 0.01 0.145455 0 0.005 0.145455 -0.00866025 -0.005 0.145455 -0.00866025 -0.01 0.145455 -1.22465e-18 -0.005 0.145455 0.00866025 0.005 0.145455 0.00866025 0.00866025 0.154545 -0.005 6.12323e-19 0.154545 -0.01 -0.00866025 0.154545 -0.005 -0.00866025 0.154545 0.005 -1.83697e-18 0.154545 0.01 0.00866025 0.154545 0.005 0.01 0.163636 0 0.005 0.163636 -0.00866025 -0.005 0.163636 -0.00866025 -0.01 0.163636 -1.22465e-18 -0.005 0.163636 0.00866025 0.005 0.163636 0.00866025 0.00866025 0.172727 -0.005 6.12323e-19 0.172727 -0.01 -0.00866025 0.172727 -0.005 -0.00866025 0.172727 0.005 -1.83697e-18 0.172727 0.01 0.00866025 0.172727 0.005 0.01 0.181818 0 0.005 0.181818 -0.00866025 -0.005 0.181818 -0.00866025 -0.01 0.181818 -1.22465e-18 -0.005 0.181818 0.00866025 0.005 0.181818 0.00866025 0.00866025 0.190909 -0.005 6.12323e-19 0.190909 -0.01 -0.00866025 0.190909 -0.005 -0.00866025 0.190909 0.005 -1.83697e-18 0.190909 0.01 0.00866025 0.190909 0.005 0.01 0.2 0 0.005 0.2 -0.00866025 -0.005 0.2 -0.00866025 -0.01 0.2 -1.22465e-18 -0.005 0.2 0.00866025 0.005 0.2 0.00866025 0.00866025 0.209091 -0.005 6.12323e-19 0.209091 -0.01 -0.00866025 0.209091 -0.005 -0.00866025 0.209091 0.005 -1.83697e-18 0.209091 0.01 0.00866025 0.209091 0.005 0.01 0.218182 0 0.005 0.218182 -0.00866025 -0.005 0.218182 -0.00866025 -0.01 0.218182 -1.22465e-18 -0.005 0.218182 0.00866025 0.005 0.218182 0.00866025 0.00866025 0.227273 -0.005 6.12323e-19 0.227273 -0.01 -0.00866025 0.227273 -0.005 -0.00866025 0.227273 0.005 -1.83697e-18 0.227273 0.01 0.00866025 0.227273 0.005 0.01 0.236364 0 0.005 0.236364 -0.00866025 -0.005 0.236364 -0.00866025 -0.01 0.236364 -1.22465e-18 -0.005 0.236364 0.00866025 0.005 0.236364 0.00866025 0.00866025 0.245455 -0.005 6.12323e-19 0.245455 -0.01 -0.00866025 0.245455 -0.005 -0.00866025 0.245455 0.005 -1.83697e-18 0.245455 0.01 0.00866025 0.245455 0.005 0.01 0.254545 0 0.005 0.254545 -0.00866025 -0.005 0.254545 -0.00866025 -0.01 0.254545 -1.22465e-18 -0.005 0.254545 0.00866025 0.005 0.254545 0.00866025 0.00866025 0.263636 -0.005 6.12323e-19 0.263636 -0.01 -0.00866025 0.263636 -0.005 -0.00866025 0.263636 0.005 -1.83697e-18 0.263636 0.01 0.00866025 0.263636 0.005 0.01 0.272727 0 0.005 0.272727 -0.00866025 -0.005 0.272727 -0.00866025 -0.01 0.272727 -1.22465e-18 -0.005 0.272727 0.00866025 0.005 0.272727 0.00866025 0.00866025 0.281818 -0.005 6.12323e-19 0.281818 -0.01 -0.00866025 0.281818 -0.005 -0.00866025 0.281818 0.005 -1.83697e-18 0.281818 0.01 0.00866025 0.281818 0.005 0.01 0.290909 0 0.005 0.290909 -0.00866025 -0.005 0.290909 -0.00866025 -0.01 0.290909 -1.22465e-18 -0.005 0.290909 0.00866025 0.005 0.290909 0.00866025 0.00866025 0.3 -0.005 6.12323e-19 0.3 -0.01 -0.00866025 0.3 -0.005 -0.00866025 0.3 0.005 -1.83697e-18 0.3 0.01 0.00866025 0.3 0.005 0.01 0.309091 0 0.005 0.309091 -0.00866025 -0.005 0.309091 -0.00866025 -0.01 0.309091 -1.22465e-18 -0.005 0.309091 0.00866025 0.005 0.309091 0.00866025 0.00866025 0.318182 -0.005 6.12323e-19 0.318182 -0.01 -0.00866025 0.318182 -0.005 -0.00866025 0.318182 0.005 -1.83697e-18 0.318182 0.01 0.00866025 0.318182 0.005 0.01 0.327273 0 0.005 0.327273 -0.00866025 -0.005 0.327273 -0.00866025 -0.01 0.327273 -1.22465e-18 -0.005 0.327273 0.00866025 0.005 0.327273 0.00866025 0.00866025 0.336364 -0.005 6.12323e-19 0.336364 -0.01 -0.00866025 0.336364 -0.005 -0.00866025 0.336364 0.005 -1.83697e-18 0.336364 0.01 0.00866025 0.336364 0.005 0.01 0.345455 0 0.005 0.345455 -0.00866025 -0.005 0.345455 -0.00866025 -0.01 0.345455 -1.22465e-18 -0.005 0.345455 0.00866025 0.005 0.345455 0.00866025 0.00866025 0.354545 -0.005 6.12323e-19 0.354545 -0.01 -0.00866025 0.354545 -0.005 -0.00866025 0.354545 0.005 -1.83697e-18 0.354545 0.01 0.00866025 0.354545 0.005 0.01 0.363636 0 0.005 0.363636 -0.00866025 -0.005 0.363636 -0.00866025 -0.01 0.363636 -1.22465e-18 -0.005 0.363636 0.00866025 0.005 0.363636 0.00866025 0.00866025 0.372727 -0.005 6.12323e-19 0.372727 -0.01 -0.00866025 0.372727 -0.005 -0.00866025 0.372727 0.005 -1.83697e-18 0.372727 0.01 0.00866025 0.372727 0.005 0.01 0.381818 0 0.005 0.381818 -0.00866025 -0.005 0.381818 -0.00866025 -0.01 0.381818 -1.22465e-18 -0.005 0.381818 0.00866025 0.005 0.381818 0.00866025 0.00866025 0.390909 -0.005 6.12323e-19 0.390909 -0.01 -0.00866025 0.390909 -0.005 -0.00866025 0.390909 0.005 -1.83697e-18 0.390909 0.01 0.00866025 0.390909 0.005 0.01 0.4 0 0.005 0.4 -0.00866025 -0.005 0.4 -0.00866025 -0.01 0.4 -1.22465e-18 -0.005 0.4 0.00866025 0.005 0.4 0.00866025 0.00866025 0.409091 -0.005 6.12323e-19 0.409091 -0.01 -0.00866025 0.409091 -0.005 -0.00866025 0.409091 0.005 -1.83697e-18 0.409091 0.01 0.00866025 0.409091 0.005 0.01 0.418182 0 0.005 0.418182 -0.00866025 -0.005 0.418182 -0.00866025 -0.01 0.418182 -1.22465e-18 -0.005 0.418182 0.00866025 0.005 0.418182 0.00866025 0.00866025 0.427273 -0.005 6.12323e-19 0.427273 -0.01 -0.00866025 0.427273 -0.005 -0.00866025 0.427273 0.005 -1.83697e-18 0.427273 0.01 0.00866025 0.427273 0.005 0.01 0.436364 0 0.005 0.436364 -0.00866025 -0.005 0.436364 -0.00866025 -0.01 0.436364 -1.22465e-18 -0.005 0.436364 0.00866025 0.005 0.436364 0.00866025 0.00866025 0.445455 -0.005 6.12323e-19 0.445455 -0.01 -0.00866025 0.445455 -0.005 -0.00866025 0.445455 0.005 -1.83697e-18 0.445455 0.01 0.00866025 0.445455 0.005 0.01 0.454545 0 0.005 0.454545 -0.00866025 -0.005 0.454545 -0.00866025 -0.01 0.454545 -1.22465e-18 -0.005 0.454545 0.00866025 0.005 0.454545 0.00866025 0.00866025 0.463636 -0.005 6.12323e-19 0.463636 -0.01 -0.00866025 0.463636 -0.005 -0.00866025 0.463636 0.005 -1.83697e-18 0.463636 0.01 0.00866025 0.463636 0.005 0.01 0.472727 0 0.005 0.472727 -0.00866025 -0.005 0.472727 -0.00866025 -0.01 0.472727 -1.22465e-18 -0.005 0.472727 0.00866025 0.005 0.472727 0.00866025 0.00866025 0.481818 -0.005 6.12323e-19 0.481818 -0.01 -0.00866025 0.481818 -0.005 -0.00866025 0.481818 0.005 -1.83697e-18 0.481818 0.01 0.00866025 0.481818 0.005 0.01 0.490909 0 0.005 0.490909 -0.00866025 -0.005 0.490909 -0.00866025 -0.01 0.490909 -1.22465e-18 -0.005 0.490909 0.00866025 0.005 0.490909 0.00866025 0.00866025 0.5 -0.005 6.12323e-19 0.5 -0.01 -0.00866025 0.5 -0.005 -0.00866025 0.5 0.005 -1.83697e-18 0.5 0.01 0.00866025 0.5 0.005 0.01 0.509091 0 0.005 0.509091 -0.00866025 -0.005 0.509091 -0.00866025 -0.01 0.509091 -1.22465e-18 -0.005 0.509091 0.00866025 0.005 0.509091 0.00866025 0.00866025 0.518182 -0.005 6.12323e-19 0.518182 -0.01 -0.00866025 0.518182 -0.005 -0.00866025 0.518182 0.005 -1.83697e-18 0.518182 0.01 0.00866025 0.518182 0.005 0.01 0.527273 0 0.005 0.527273 -0.00866025 -0.005 0.527273 -0.00866025 -0.01 0.527273 -1.22465e-18 -0.005 0.527273 0.00866025 0.005 0.527273 0.00866025 0.00866025 0.536364 -0.005 6.12323e-19 0.536364 -0.01 -0.00866025 0.536364 -0.005 -0.00866025 0.536364 0.005 -1.83697e-18 0.536364 0.01 0.00866025 0.536364 0.005 0.01 0.545455 0 0.005 0.545455 -0.00866025 -0.005 0.545455 -0.00866025 -0.01 0.545455 -1.22465e-18 -0.005 0.545455 0.00866025 0.005 0.545455 0.00866025 0.00866025 0.554545 -0.005 6.12323e-19 0.554545 -0.01 -0.00866025 0.554545 -0.005 -0.00866025 0.554545 0.005 -1.83697e-18 0.554545 0.01 0.00866025 0.554545 0.005 0.01 0.563636 0 0.005 0.563636 -0.00866025 -0.005 0.563636 -0.00866025 -0.01 0.563636 -1.22465e-18 -0.005 0.563636 0.00866025 0.005 0.563636 0.00866025 0.00866025 0.572727 -0.005 6.12323e-19 0.572727 -0.01 -0.00866025 0.572727 -0.005 -0.00866025 0.572727 0.005 -1.83697e-18 0.572727 0.01 0.00866025 0.572727 0.005 0.01 0.581818 0 0.005 0.581818 -0.00866025 -0.005 0.581818 -0.00866025 -0.01 0.581818 -1.22465e-18 -0.005 0.581818 0.00866025 0.005 0.581818 0.00866025 0.00866025 0.590909 -0.005 6.12323e-19 0.590909 -0.01 -0.00866025 0.590909 -0.005 -0.00866025 0.590909 0.005 -1.83697e-18 0.590909 0.01 0.00866025 0.590909 0.005 0.01 0.6 0 0.005 0.6 -0.00866025 -0.005 0.6 -0.00866025 -0.01 0.6 -1.22465e-18 -0.005 0.6 0.00866025 0.005 0.6 0.00866025 0.00866025 0.609091 -0.005 6.12323e-19 0.609091 -0.01 -0.00866025 0.609091 -0.005 -0.00866025 0.609091 0.005 -1.83697e-18 0.609091 0.01 0.00866025 0.609091 0.005 0.01 0.618182 0 0.005 0.618182 -0.00866025 -0.005 0.618182 -0.00866025 -0.01 0.618182 -1.22465e-18 -0.005 0.618182 0.00866025 0.005 0.618182 0.00866025 0.00866025 0.627273 -0.005 6.12323e-19 0.627273 -0.01 -0.00866025 0.627273 -0.005 -0.00866025 0.627273 0.005 -1.83697e-18 0.627273 0.01 0.00866025 0.627273 0.005 0.01 0.636364 0 0.005 0.636364 -0.00866025 -0.005 0.636364 -0.00866025 -0.01 0.636364 -1.22465e-18 -0.005 0.636364 0.00866025 0.005 0.636364 0.00866025 0.00866025 0.645455 -0.005 6.12323e-19 0.645455 -0.01 -0.00866025 0.645455 -0.005 -0.00866025 0.645455 0.005 -1.83697e-18 0.645455 0.01 0.00866025 0.645455 0.005 0.01 0.654545 0 0.005 0.654545 -0.00866025 -0.005 0.654545 -0.00866025 -0.01 0.654545 -1.22465e-18 -0.005 0.654545 0.00866025 0.005 0.654545 0.00866025 0.00866025 0.663636 -0.005 6.12323e-19 0.663636 -0.01 -0.00866025 0.663636 -0.005 -0.00866025 0.663636 0.005 -1.83697e-18 0.663636 0.01 0.00866025 0.663636 0.005 0.01 0.672727 0 0.005 0.672727 -0.00866025 -0.005 0.672727 -0.00866025 -0.01 0.672727 -1.22465e-18 -0.005 0.672727 0.00866025 0.005 0.672727 0.00866025 0.00866025 0.681818 -0.005 6.12323e-19 0.681818 -0.01 -0.00866025 0.681818 -0.005 -0.00866025 0.681818 0.005 -1.83697e-18 0.681818 0.01 0.00866025 0.681818 0.005 0.01 0.690909 0 0.005 0.690909 -0.00866025 -0.005 0.690909 -0.00866025 -0.01 0.690909 -1.22465e-18 -0.005 0.690909 0.00866025 0.005 0.690909 0.00866025 0.00866025 0.7 -0.005 6.12323e-19 0.7 -0.01 -0.00866025 0.7 -0.005 -0.00866025 0.7 0.005 -1.83697e-18 0.7 0.01 0.00866025 0.7 0.005 0.01 0.709091 0 0.005 0.709091 -0.00866025 -0.005 0.709091 -0.00866025 -0.01 0.709091 -1.22465e-18 -0.005 0.709091 0.00866025 0.005 0.709091 0.00866025 0.00866025 0.718182 -0.005 6.12323e-19 0.718182 -0.01 -0.00866025 0.718182 -0.005 -0.00866025 0.718182 0.005 -1.83697e-18 0.718182 0.01 0.00866025 0.718182 0.005 0.01 0.727273 0 0.005 0.727273 -0.00866025 -0.005 0.727273 -0.00866025 -0.01 0.727273 -1.22465e-18 -0.005 0.727273 0.00866025 0.005 0.727273 0.00866025 0.00866025 0.736364 -0.005 6.12323e-19 0.736364 -0.01 -0.00866025 0.736364 -0.005 -0.00866025 0.736364 0.005 -1.83697e-18 0.736364 0.01 0.00866025 0.736364 0.005 0.01 0.745455 0 0.005 0.745455 -0.00866025 -0.005 0.745455 -0.00866025 -0.01 0.745455 -1.22465e-18 -0.005 0.745455 0.00866025 0.005 0.745455 0.00866025 0.00866025 0.754545 -0.005 6.12323e-19 0.754545 -0.01 -0.00866025 0.754545 -0.005 -0.00866025 0.754545 0.005 -1.83697e-18 0.754545 0.01 0.00866025 0.754545 0.005 0.01 0.763636 0 0.005 0.763636 -0.00866025 -0.005 0.763636 -0.00866025 -0.01 0.763636 -1.22465e-18 -0.005 0.763636 0.00866025 0.005 0.763636 0.00866025 0.00866025 0.772727 -0.005 6.12323e-19 0.772727 -0.01 -0.00866025 0.772727 -0.005 -0.00866025 0.772727 0.005 -1.83697e-18 0.772727 0.01 0.00866025 0.772727 0.005 0.01 0.781818 0 0.005 0.781818 -0.00866025 -0.005 0.781818 -0.00866025 -0.01 0.781818 -1.22465e-18 -0.005 0.781818 0.00866025 0.005 0.781818 0.00866025 0.00866025 0.790909 -0.005 6.12323e-19 0.790909 -0.01 -0.00866025 0.790909 -0.005 -0.00866025 0.790909 0.005 -1.83697e-18 0.790909 0.01 0.00866025 0.790909 0.005 0.01 0.8 0 0.005 0.8 -0.00866025 -0.005 0.8 -0.00866025 -0.01 0.8 -1.22465e-18 -0.005 0.8 0.00866025 0.005 0.8 0.00866025 0.00866025 0.809091 -0.005 6.12323e-19 0.809091 -0.01 -0.00866025 0.809091 -0.005 -0.00866025 0.809091 0.005 -1.83697e-18 0.809091 0.01 0.00866025 0.809091 0.005 0.01 0.818182 0 0.005 0.818182 -0.00866025 -0.005 0.818182 -0.00866025 -0.01 0.818182 -1.22465e-18 -0.005 0.818182 0.00866025 0.005 0.818182 0.00866025 0.00866025 0.827273 -0.005 6.12323e-19 0.827273 -0.01 -0.00866025 0.827273 -0.005 -0.00866025 0.827273 0.005 -1.83697e-18 0.827273 0.01 0.00866025 0.827273 0.005 0.01 0.836364 0 0.005 0.836364 -0.00866025 -0.005 0.836364 -0.00866025 -0.01 0.836364 -1.22465e-18 -0.005 0.836364 0.00866025 0.005 0.836364 0.00866025 0.00866025 0.845455 -0.005 6.12323e-19 0.845455 -0.01 -0.00866025 0.845455 -0.005 -0.00866025 0.845455 0.005 -1.83697e-18 0.845455 0.01 0.00866025 0.845455 0.005 0.01 0.854545 0 0.005 0.854545 -0.00866025 -0.005 0.854545 -0.00866025 -0.01 0.854545 -1.22465e-18 -0.005 0.854545 0.00866025 0.005 0.854545 0.00866025 0.00866025 0.863636 -0.005 6.12323e-19 0.863636 -0.01 -0.00866025 0.863636 -0.005 -0.00866025 0.863636 0.005 -1.83697e-18 0.863636 0.01 0.00866025 0.863636 0.005 0.01 0.872727 0 0.005 0.872727 -0.00866025 -0.005 0.872727 -0.00866025 -0.01 0.872727 -1.22465e-18 -0.005 0.872727 0.00866025 0.005 0.872727 0.00866025 0.00866025 0.881818 -0.005 6.12323e-19 0.881818 -0.01 -0.00866025 0.881818 -0.005 -0.00866025 0.881818 0.005 -1.83697e-18 0.881818 0.01 0.00866025 0.881818 0.005 0.01 0.890909 0 0.005 0.890909 -0.00866025 -0.005 0.890909 -0.00866025 -0.01 0.890909 -1.22465e-18 -0.005 0.890909 0.00866025 0.005 0.890909 0.00866025 0.00866025 0.9 -0.005 6.12323e-19 0.9 -0.01 -0.00866025 0.9 -0.005 -0.00866025 0.9 0.005 -1.83697e-18 0.9 0.01 0.00866025 0.9 0.005 0.01 0.909091 0 0.005 0.909091 -0.00866025 -0.005 0.909091 -0.00866025 -0.01 0.909091 -1.22465e-18 -0.005 0.909091 0.00866025 0.005 0.909091 0.00866025 0.00866025 0.918182 -0.005 6.12323e-19 0.918182 -0.01 -0.00866025 0.918182 -0.005 -0.00866025 0.918182 0.005 -1.83697e-18 0.918182 0.01 0.00866025 0.918182 0.005 0.01 0.927273 0 0.005 0.927273 -0.00866025 -0.005 0.927273 -0.00866025 -0.01 0.927273 -1.22465e-18 -0.005 0.927273 0.00866025 0.005 0.927273 0.00866025 0.00866025 0.936364 -0.005 6.12323e-19 0.936364 -0.01 -0.00866025 0.936364 -0.005 -0.00866025 0.936364 0.005 -1.83697e-18 0.936364 0.01 0.00866025 0.936364 0.005 0.01 0.945455 0 0.005 0.945455 -0.00866025 -0.005 0.945455 -0.00866025 -0.01 0.945455 -1.22465e-18 -0.005 0.945455 0.00866025 0.005 0.945455 0.00866025 0.00866025 0.954545 -0.005 6.12323e-19 0.954545 -0.01 -0.00866025 0.954545 -0.005 -0.00866025 0.954545 0.005 -1.83697e-18 0.954545 0.01 0.00866025 0.954545 0.005 0.01 0.963636 0 0.005 0.963636 -0.00866025 -0.005 0.963636 -0.00866025 -0.01 0.963636 -1.22465e-18 -0.005 0.963636 0.00866025 0.005 0.963636 0.00866025 0.00866025 0.972727 -0.005 6.12323e-19 0.972727 -0.01 -0.00866025 0.972727 -0.005 -0.00866025 0.972727 0.005 -1.83697e-18 0.972727 0.01 0.00866025 0.972727 0.005 0.01 0.981818 0 0.005 0.981818 -0.00866025 -0.005 0.981818 -0.00866025 -0.01 0.981818 -1.22465e-18 -0.005 0.981818 0.00866025 0.005 0.981818 0.00866025 0.00866025 0.990909 -0.005 6.12323e-19 0.990909 -0.01 -0.00866025 0.990909 -0.005 -0.00866025 0.990909 0.005 -1.83697e-18 0.990909 0.01 0.00866025 0.990909 0.005 0.01 1 0 0.005 1 -0.00866025 -0.005 1 -0.00866025 -0.01 1 -1.22465e-18 -0.005 1 0.00866025 0.005 1 0.00866025 0 -1 0 0.01 -1 0 0.005 -1 -0.00866025 -0.005 -1 -0.00866025 -0.01 -1 -1.22465e-18 -0.005 -1 0.00866025 0.005 -1 0.00866025 0 1 0 0.01 1 0 0.005 1 -0.00866025 -0.005 1 -0.00866025 -0.01 1 -1.22465e-18 -0.005 1 0.00866025 0.005 1 0.00866025"/>
     <Normal vector="0.998548 -0.0538637 0 0.499274 -0.0538636 -0.864768 -0.499274 -0.0538636 -0.864768 -0.998548 -0.0538637 0 -0.499274 -0.0538636 0.864768 0.499274 -0.0538636 0.864768 0.866025 0 -0.5 0 0 -1 -0.866025 0 -0.5 -0.866025 0 0.5 0 0 1 0.866025 0 0.5 1 0 0 0.5 0 -0.866025 -0.5 0 -0.866025 -1 0 0 -0.5 0 0.866025 0.5 0 0.866025 0.866025 1.70907e-07 -0.5 0 1.7642e-07 -1 -0.866025 1.70907e-07 -0.5 -0.866025 1.70907e-07 0.5 0 1.7642e-07 1 0.866025 1.70907e-07 0.5 1 -1.7642e-07 0 0.5 -1.70907e-07 -0.866025 -0.5 -1.70907e-07 -0.866025 -1 -1.7642e-07 0 -0.5 -1.70907e-07 0.866025 0.5 -1.70907e-07 0.866025 0.866025 0 -0.5 0 0 -1 -0.866025 0 -0.5 -0.866025 0 0.5 0 0 1 0.866025 0 0.5 1 0 0 0.5 0 -0.866025 -0.5 0 -0.866025 -1 0 0 -0.5 0 0.866025 0.5 0 0.866025 0.866025 0 -0.5 0 0 -1 -0.866025 0 -0.5 -0.866025 0 0.5 0 0 1 0.866025 0 0.5 1 0 0 0.5 0 -0.866025 -0.5 0 -0.866025 -1 0 0 -0.5 0 0.866025 0.5 0 0.866025 0.866025 0 -0.5 0 0 -1 -0.866025 0 -0.5 -0.866025 0 0.5 0 0 1 0.866025 0 0.5 1 1.7642e-07 0 0.5 1.70907e-07 -0.866025 -0.5 1.70907e-07 -0.866025 -1 1.7642e-07 0 -0.5 1.70907e-07 0.866025 0.5 1.70907e-07 0.866025 0.866025 -1.70907e-07 -0.5 0 -1.7642e-07 -1 -0.866025 -1.70907e-07 -0.5 -0.866025 -1.70907e-07 0.5 0 -1.7642e-07 1 0.866025 -1.70907e-07 0.5 1 0 0 0.5 0 -0.866025 -0.5 0 -0.866025 -1 0 0 -0.5 0 0.866025 0.5 0 0.866025 0.866025 0 -0.5 0 0 -1 -0.866025 0 -0.5 -0.866025 0 0.5 0 0 1 0.866025 0 0.5 1 0 0 0.5 0 -0.866025 -0.5 0 -0.866025 -1 0 0 -0.5 0 0.866025 0.5 0 0.866025 0.866025 0 -0.5 0 0 -1 -0.866025 0 -0.5 -0.866025 0 0.5 0 0 1 0.866025 0 0.5 1 0 0 0.5 0 -0.866025 -0.5 0 -0.866025 -1 0 0 -0.5 0 0.866025 0.5 0 0.866025 0.866025 1.70907e-07 -0.5 0 1.7642e-07 -1 -0.866025 1.70907e-07 -0.5 -0.866025 1.70907e-07 0.5 0 1.7642e-07 1 0.866025 1.70907e-07 0.5 1 -1.7642e-07 0 0.5 -1.70907e-07 -0.866025 -0.5 -1.70907e-07 -0.866025 -1 -1.7642e-07 0 -0.5 -1.70907e-07 0.866025 0.5 -1.70907e-07 0.866025 0.866025 0 -0.5 0 0 -1 -0.866025 0 -0.5 -0.866025 0 0.5 0 0 1 0.866025 0 0.5 1 0 0 0.5 0 -0.866025 -0.5 0 -0.866025 -1 0 0 -0.5 0 0.866025 0.5 0 0.866025 0.866025 0 -0.5 0 0 -1 -0.866025 0 -0.5 -0.866025 0 0.5 0 0 1 0.866025 0 0.5 1 0 0 0.5 0 -0.866025 -0.5 0 -0.866025 -1 0 0 -0.5 0 0.866025 0.5 0 0.866025 0.866025 0 -0.5 0 0 -1 -0.866025 0 -0.5 -0.866025 0 0.5 0 0 1 0.866025 0 0.5 1 1.7642e-07 0 0.5 1.70907e-07 -0.866025 -0.5 1.70907e-07 -0.866025 -1 1.7642e-07 0 -0.5 1.70907e-07 0.866025 0.5 1.70907e-07 0.866025 0.866025 -1.70907e-07 -0.5 0 -1.7642e-07 -1 -0.866025 -1.70907e-07 -0.5 -0.866025 -1.70907e-07 0.5 0 -1.7642e-07 1 0.866025 -1.70907e-07 0.5 1 0 0 0.5 0 -0.866025 -0.5 0 -0.866025 -1 0 0 -0.5 0 0.866025 0.5 0 0.866025 0.866025 0 -0.5 0 0 -1 -0.866025 0 -0.5 -0.866025 0 0.5 0 0 1 0.866025 0 0.5 1 0 0 0.5 0 -0.866025 -0.5 0 -0.866025 -1 0 0 -0.5 0 0.866025 0.5 0 0.866025 0.866025 0 -0.5 0 0 -1 -0.866025 0 -0.5 -0.866025 0 0.5 0 0 1 0.866025 0 0.5 1 1.7642e-07 0 0.5 1.70907e-07 -0.866025 -0.5 1.70907e-07 -0.866025 -1 1.7642e-07 0 -0.5 1.70907e-07 0.866025 0.5 1.70907e-07 0.866025 0.866025 -1.70907e-07 -0.5 0 -1.7642e-07 -1 -0.866025 -1.70907e-07 -0.5 -0.866025 -1.70907e-07 0.5 0 -1.7642e-07 1 0.866025 -1.70907e-07 0.5 1 0 0 0.5 0 -0.866025 -0.5 0 -0.866025 -1 0 0 -0.5 0 0.866025 0.5 0 0.866025 0.866025 0 -0.5 0 0 -1 -0.866025 0 -0.5 -0.866025 0 0.5 0 0 1 0.866025 0 0.5 1 0 0 0.5 0 -0.866025 -0.5 0 -0.866025 -1 0 0 -0.5 0 0.866025 0.5 0 0.866025 0.866025 0 -0.5 0 0 -1 -0.866025 0 -0.5 -0.866025 0 0.5 0 0 1 0.866025 0 0.5 1 0 0 0.5 0 -0.866025 -0.5 0 -0.866025 -1 0 0 -0.5 0 0.866025 0.5 0 0.866025 0.866025 1.70907e-07 -0.5 0 1.7642e-07 -1 -0.866025 1.70907e-07 -0.5 -0.866025 1.70907e-07 0.5 0 1.7642e-07 1 0.866025 1.70907e-07 0.5 1 -1.7642e-07 0 0.5 -1.70907e-07 -0.866025 -0.5 -1.70907e-07 -0.866025 -1 -1.7642e-07 0 -0.5 -1.70907e-07 0.866025 0.5 -1.70907e-07 0.866025 0.866025 0 -0.5 0 0 -1 -0.866025 0 -0.5 -0.866025 0 0.5 0 0 1 0.866025 0 0.5 1 0 0 0.5 0 -0.866025 -0.5 0 -0.866025 -1 0 0 -0.5 0 0.866025 0.5 0 0.866025 0.866025 0 -0.5 0 0 -1 -0.866025 0 -0.5 -0.866025 0 0.5 0 0 1 0.866025 0 0.5 1 0 0 0.5 0 -0.866025 -0.5 0 -0.866025 -1 0 0 -0.5 0 0.866025 0.5 0 0.866025 0.866025 0 -0.5 0 0 -1 -0.866025 0 -0.5 -0.866025 0 0.5 0 0 1 0.866025 0 0.5 1 1.7642e-07 0 0.5 1.70907e-07 -0.866025 -0.5 1.70907e-07 -0.866025 -1 1.7642e-07 0 -0.5 1.70907e-07 0.866025 0.5 1.70907e-07 0.866025 0.866025 -1.70907e-07 -0.5 0 -1.7642e-07 -1 -0.866025 -1.70907e-07 -0.5 -0.866025 -1.70907e-07 0.5 0 -1.7642e-07 1 0.866025 -1.70907e-07 0.5 1 0 0 0.5 0 -0.866025 -0.5 0 -0.866025 -1 0 0 -0.5 0 0.866025 0.5 0 0.866025 0.866025 0 -0.5 0 0 -1 -0.866025 0 -0.5 -0.866025 0 0.5 0 0 1 0.866025 0 0.5 1 0 0 0.5 0 -0.866025 -0.5 0 -0.866025 -1 0 0 -0.5 0 0.866025 0.5 0 0.866025 0.866025 0 -0.5 0 0 -1 -0.866025 0 -0.5 -0.866025 0 0.5 0 0 1 0.866025 0 0.5 1 0 0 0.5 0 -0.866025 -0.5 0 -0.866025 -1 0 0 -0.5 0 0.866025 0.5 0 0.866025 0.866025 1.70907e-07 -0.5 0 1.7642e-07 -1 -0.866025 1.70907e-07 -0.5 -0.866025 1.70907e-07 0.5 0 1.7642e-07 1 0.866025 1.70907e-07 0.5 1 -1.7642e-07 0 0.5 -1.70907e-07 -0.866025 -0.5 -1.70907e-07 -0.866025 -1 -1.7642e-07 0 -0.5 -1.70907e-07 0.866025 0.5 -1.70907e-07 0.866025 0.866025 0 -0.5 0 0 -1 -0.866025 0 -0.5 -0.866025 0 0.5 0 0 1 0.866025 0 0.5 1 0 0 0.5 0 -0.866025 -0.5 0 -0.866025 -1 0 0 -0.5 0 0.866025 0.5 0 0.866025 0.866025 0 -0.5 0 0 -1 -0.866025 0 -0.5 -0.866025 0 0.5 0 0 1 0.866025 0 0.5 1 9.09664e-08 0 0.5 8.82098e-08 -0.866025 -0.5 8.82098e-08 -0.866025 -1 9.09664e-08 0 -0.5 8.82098e-08 0.866025 0.5 8.82098e-08 0.866025 0.866025 -8.26967e-08 -0.5 0 -8.54533e-08 -1 -0.866025 -8.26967e-08 -0.5 -0.866025 -8.26967e-08 0.5 0 -8.54533e-08 1 0.866025 -8.26967e-08 0.5 1 0 0 0.5 0 -0.866025 -0.5 0 -0.866025 -1 0 0 -0.5 0 0.866025 0.5 0 0.866025 0.866025 0 -0.5 0 0 -1 -0.866025 0 -0.5 -0.866025 0 0.5 0 0 1 0.866025 0 0.5 1 9.09664e-08 0 0.5 8.82098e-08 -0.866025 -0.5 8.82098e-08 -0.866025 -1 9.09664e-08 0 -0.5 8.82098e-08 0.866025 0.5 8.82098e-08 0.866025 0.866025 -8.26967e-08 -0.5 0 -8.54533e-08 -1 -0.866025 -8.26967e-08 -0.5 -0.866025 -8.26967e-08 0.5 0 -8.54533e-08 1 0.866025 -8.26967e-08 0.5 1 0 0 0.5 0 -0.866025 -0.5 0 -0.866025 -1 0 0 -0.5 0 0.866025 0.5 0 0.866025 0.866025 8.82098e-08 -0.5 0 9.09664e-08 -1 -0.866025 8.82098e-08 -0.5 -0.866025 8.82098e-08 0.5 0 9.09664e-08 1 0.866025 8.82098e-08 0.5 1 -8.54533e-08 0 0.5 -8.26967e-08 -0.866025 -0.5 -8.26967e-08 -0.866025 -1 -8.54533e-08 0 -0.5 -8.26967e-08 0.866025 0.5 -8.26967e-08 0.866025 0.866025 0 -0.5 0 0 -1 -0.866025 0 -0.5 -0.866025 0 0.5 0 0 1 0.866025 0 0.5 1 0 0 0.5 0 -0.866025 -0.5 0 -0.866025 -1 0 0 -0.5 0 0.866025 0.5 0 0.866025 0.866025 8.82098e-08 -0.5 0 9.09664e-08 -1 -0.866025 8.82098e-08 -0.5 -0.866025 8.82098e-08 0.5 0 9.09664e-08 1 0.866025 8.82098e-08 0.5 1 -8.54533e-08 0 0.5 -8.26967e-08 -0.866025 -0.5 -8.26967e-08 -0.866025 -1 -8.54533e-08 0 -0.5 -8.26967e-08 0.866025 0.5 -8.26967e-08 0.866025 0.866025 0 -0.5 0 0 -1 -0.866025 0 -0.5 -0.866025 0 0.5 0 0 1 0.866025 0 0.5 1 9.09664e-08 0 0.5 8.82098e-08 -0.866025 -0.5 8.82098e-08 -0.866025 -1 9.09664e-08 0 -0.5 8.82098e-08 0.866025 0.5 8.82098e-08 0.866025 0.866025 -8.26967e-08 -0.5 0 -8.54533e-08 -1 -0.866025 -8.26967e-08 -0.5 -0.866025 -8.26967e-08 0.5 0 -8.54533e-08 1 0.866025 -8.26967e-08 0.5 1 0 0 0.5 0 -0.866025 -0.5 0 -0.866025 -1 0 0 -0.5 0 0.866025 0.5 0 0.866025 0.866025 8.82098e-08 -0.5 0 9.09664e-08 -1 -0.866025 8.82098e-08 -0.5 -0.866025 8.82098e-08 0.5 0 9.09664e-08 1 0.866025 8.82098e-08 0.5 1 -8.54533e-08 0 0.5 -8.26967e-08 -0.866025 -0.5 -8.26967e-08 -0.866025 -1 -8.54533e-08 0 -0.5 -8.26967e-08 0.866025 0.5 -8.26967e-08 0.866025 0.866025 0 -0.5 0 0 -1 -0.866025 0 -0.5 -0.866025 0 0.5 0 0 1 0.866025 0 0.5 1 0 0 0.5 0 -0.866025 -0.5 0 -0.866025 -1 0 0 -0.5 0 0.866025 0.5 0 0.866025 0.866025 8.82098e-08 -0.5 0 9.09664e-08 -1 -0.866025 8.82098e-08 -0.5 -0.866025 8.82098e-08 0.5 0 9.09664e-08 1 0.866025 8.82098e-08 0.5 1 -8.54533e-08 0 0.5 -8.26967e-08 -0.866025 -0.5 -8.26967e-08 -0.866025 -1 -8.54533e-08 0 -0.5 -8.26967e-08 0.866025 0.5 -8.26967e-08 0.866025 0.866025 0 -0.5 0 0 -1 -0.866025 0 -0.5 -0.866025 0 0.5 0 0 1 0.866025 0 0.5 1 9.09664e-08 0 0.5 8.82098e-08 -0.866025 -0.5 8.82098e-08 -0.866025 -1 9.09664e-08 0 -0.5 8.82098e-08 0.866025 0.5 8.82098e-08 0.866025 0.866025 -8.26967e-08 -0.5 0 -8.54533e-08 -1 -0.866025 -8.26967e-08 -0.5 -0.866025 -8.26967e-08 0.5 0 -8.54533e-08 1 0.866025 -8.26967e-08 0.5 1 0 0 0.5 0 -0.866025 -0.5 0 -0.866025 -1 0 0 -0.5 0 0.866025 0.5 0 0.866025 0.866025 4.41049e-08 -0.5 0 4.41049e-08 -1 -0.866025 4.41049e-08 -0.5 -0.866025 4.41049e-08 0.5 0 4.41049e-08 1 0.866025 4.41049e-08 0.5 1 -4.41049e-08 0 0.5 -4.41049e-08 -0.866025 -0.5 -4.41049e-08 -0.866025 -1 -4.41049e-08 0 -0.5 -4.41049e-08 0.866025 0.5 -4.41049e-08 0.866025 0.866025 4.41049e-08 -0.5 0 4.41049e-08 -1 -0.866025 4.41049e-08 -0.5 -0.866025 4.41049e-08 0.5 0 4.41049e-08 1 0.866025 4.41049e-08 0.5 1 0 0 0.5 0 -0.866025 -0.5 0 -0.866025 -1 0 0 -0.5 0 0.866025 0.5 0 0.866025 0.866025 -4.41049e-08 -0.5 0 -4.41049e-08 -1 -0.866025 -4.41049e-08 -0.5 -0.866025 -4.41049e-08 0.5 0 -4.41049e-08 1 0.866025 -4.41049e-08 0.5 1 4.41049e-08 0 0.5 4.41049e-08 -0.866025 -0.5 4.41049e-08 -0.866025 -1 4.41049e-08 0 -0.5 4.41049e-08 0.866025 0.5 4.41049e-08 0.866025 0.866025 -4.41049e-08 -0.5 0 -4.41049e-08 -1 -0.866025 -4.41049e-08 -0.5 -0.866025 -4.41049e-08 0.5 0 -4.41049e-08 1 0.866025 -4.41049e-08 0.5 1 4.41049e-08 0 0.5 4.41049e-08 -0.866025 -0.5 4.41049e-08 -0.866025 -1 4.41049e-08 0 -0.5 4.41049e-08 0.866025 0.5 4.41049e-08 0.866025 0.866025 0 -0.5 0 0 -1 -0.866025 0 -0.5 -0.866025 0 0.5 0 0 1 0.866025 0 0.5 1 -4.41049e-08 0 0.5 -4.41049e-08 -0.866025 -0.5 -4.41049e-08 -0.866025 -1 -4.41049e-08 0 -0.5 -4.41049e-08 0.866025 0.5 -4.41049e-08 0.866025 0.866025 4.41049e-08 -0.5 0 4.41049e-08 -1 -0.866025 4.41049e-08 -0.5 -0.866025 4.41049e-08 0.5 0 4.41049e-08 1 0.866025 4.41049e-08 0.5 1 -4.41049e-08 0 0.5 -4.41049e-08 -0.866025 -0.5 -4.41049e-08 -0.866025 -1 -4.41049e-08 0 -0.5 -4.41049e-08 0.866025 0.5 -4.41049e-08 0.866025 0.866025 4.41049e-08 -0.5 0 4.41049e-08 -1 -0.866025 4.41049e-08 -0.5 -0.866025 4.41049e-08 0.5 0 4.41049e-08 1 0.866025 4.41049e-08 0.5 1 -1.92959e-08 0 0.5 -2.75656e-08 -0.866025 -0.5 -2.75656e-08 -0.866025 -1 -1.92959e-08 0 -0.5 -2.75656e-08 0.866025 0.5 -2.75656e-08 0.866025 0.866025 -5.51311e-09 -0.5 0 -5.51311e-09 -1 -0.866025 -5.51311e-09 -0.5 -0.866025 -5.51311e-09 0.5 0 -5.51311e-09 1 0.866025 -5.51311e-09 0.5 1 -5.51311e-09 0 0.5 -5.51311e-09 -0.866025 -0.5 -5.51311e-09 -0.866025 -1 -5.51311e-09 0 -0.5 -5.51311e-09 0.866025 0.5 -5.51311e-09 0.866025 0.866025 -5.51311e-09 -0.5 0 -5.51311e-09 -1 -0.866025 -5.51311e-09 -0.5 -0.866025 -5.51311e-09 0.5 0 -5.51311e-09 1 0.866025 -5.51311e-09 0.5 1 1.37828e-08 0 0.5 2.20525e-08 -0.866025 -0.5 2.20525e-08 -0.866025 -1 1.37828e-08 0 -0.5 2.20525e-08 0.866025 0.5 2.20525e-08 0.866025 0.866025 -2.75656e-08 -0.5 0 -1.92959e-08 -1 -0.866025 -2.75656e-08 -0.5 -0.866025 -2.75656e-08 0.5 0 -1.92959e-08 1 0.866025 -2.75656e-08 0.5 1 -5.51311e-09 0 0.5 -5.51311e-09 -0.866025 -0.5 -5.51311e-09 -0.866025 -1 -5.51311e-09 0 -0.5 -5.51311e-09 0.866025 0.5 -5.51311e-09 0.866025 0.866025 -5.51311e-09 -0.5 0 -5.51311e-09 -1 -0.866025 -5.51311e-09 -0.5 -0.866025 -5.51311e-09 0.5 0 -5.51311e-09 1 0.866025 -5.51311e-09 0.5 1 -5.51311e-09 0 0.5 -5.51311e-09 -0.866025 -0.5 -5.51311e-09 -0.866025 -1 -5.51311e-09 0 -0.5 -5.51311e-09 0.866025 0.5 -5.51311e-09 0.866025 0.866025 8.26967e-09 -0.5 0 5.51311e-09 -1 -0.866025 8.26967e-09 -0.5 -0.866025 8.26967e-09 0.5 0 5.51311e-09 1 0.866025 8.26967e-09 0.5 1 -1.10262e-08 0 0.5 -1.37828e-08 -0.866025 -0.5 -1.37828e-08 -0.866025 -1 -1.10262e-08 0 -0.5 -1.37828e-08 0.866025 0.5 -1.37828e-08 0.866025 0.866025 8.26967e-09 -0.5 0 -2.75656e-09 -1 -0.866025 8.26967e-09 -0.5 -0.866025 8.26967e-09 0.5 0 -2.75656e-09 1 0.866025 8.26967e-09 0.5 1 5.51311e-09 0 0.5 -2.75656e-09 -0.866025 -0.5 -2.75656e-09 -0.866025 -1 5.51311e-09 0 -0.5 -2.75656e-09 0.866025 0.5 -2.75656e-09 0.866025 0.866025 0 -0.5 0 0 -1 -0.866025 0 -0.5 -0.866025 0 0.5 0 0 1 0.866025 0 0.5 1 0 0 0.5 0 -0.866025 -0.5 0 -0.866025 -1 0 0 -0.5 0 0.866025 0.5 0 0.866025 0.866025 0 -0.5 0 0 -1 -0.866025 0 -0.5 -0.866025 0 0.5 0 0 1 0.866025 0 0.5 1 0 0 0.5 8.26967e-09 -0.866025 -0.5 8.26967e-09 -0.866025 -1 0 0 -0.5 8.26967e-09 0.866025 0.5 8.26967e-09 0.866025 0.866025 -8.26967e-09 -0.5 0 2.75656e-09 -1 -0.866025 -8.26967e-09 -0.5 -0.866025 -8.26967e-09 0.5 0 2.75656e-09 1 0.866025 -8.26967e-09 0.5 1 5.51311e-09 0 0.5 8.26967e-09 -0.866025 -0.5 8.26967e-09 -0.866025 -1 5.51311e-09 0 -0.5 8.26967e-09 0.866025 0.5 8.26967e-09 0.866025 0.866025 -1.37828e-08 -0.5 0 -1.10262e-08 -1 -0.866025 -1.37828e-08 -0.5 -0.866025 -1.37828e-08 0.5 0 -1.10262e-08 1 0.866025 -1.37828e-08 0.5 1 -5.51311e-09 0 0.5 -5.51311e-09 -0.866025 -0.5 -5.51311e-09 -0.866025 -1 -5.51311e-09 0 -0.5 -5.51311e-09 0.866025 0.5 -5.51311e-09 0.866025 0.866025 -5.51311e-09 -0.5 0 -5.51311e-09 -1 -0.866025 -5.51311e-09 -0.5 -0.866025 -5.51311e-09 0.5 0 -5.51311e-09 1 0.866025 -5.51311e-09 0.5 1 -5.51311e-09 0 0.5 -5.51311e-09 -0.866025 -0.5 -5.51311e-09 -0.866025 -1 -5.51311e-09 0 -0.5 -5.51311e-09 0.866025 0.5 -5.51311e-09 0.866025 0.866025 2.20525e-08 -0.5 0 1.37828e-08 -1 -0.866025 2.20525e-08 -0.5 -0.866025 2.20525e-08 0.5 0 1.37828e-08 1 0.866025 2.20525e-08 0.5 1 -1.92959e-08 0 0.5 -2.75656e-08 -0.866025 -0.5 -2.75656e-08 -0.866025 -1 -1.92959e-08 0 -0.5 -2.75656e-08 0.866025 0.5 -2.75656e-08 0.866025 0.866025 -5.51311e-09 -0.5 0 -5.51311e-09 -1 -0.866025 -5.51311e-09 -0.5 -0.866025 -5.51311e-09 0.5 0 -5.51311e-09 1 0.866025 -5.51311e-09 0.5 1 -5.51311e-09 0 0.5 -5.51311e-09 -0.866025 -0.5 -5.51311e-09 -0.866025 -1 -5.51311e-09 0 -0.5 -5.51311e-09 0.866025 0.5 -5.51311e-09 0.866025 0.866025 -5.51311e-09 -0.5 0 -5.51311e-09 -1 -0.866025 -5.51311e-09 -0.5 -0.866025 -5.51311e-09 0.5 0 -5.51311e-09 1 0.866025 -5.51311e-09 0.5 1 1.37828e-08 0 0.5 2.20525e-08 -0.866025 -0.5 2.20525e-08 -0.866025 -1 1.37828e-08 0 -0.5 2.20525e-08 0.866025 0.5 2.20525e-08 0.866025 0.866025 -4.41049e-08 -0.5 0 -4.41049e-08 -1 -0.866025 -4.41049e-08 -0.5 -0.866025 -4.41049e-08 0.5 0 -4.41049e-08 1 0.866025 -4.41049e-08 0.5 1 4.41049e-08 0 0.5 4.41049e-08 -0.866025 -0.5 4.41049e-08 -0.866025 -1 4.41049e-08 0 -0.5 4.41049e-08 0.866025 0.5 4.41049e-08 0.866025 0.866025 -4.41049e-08 -0.5 0 -4.41049e-08 -1 -0.866025 -4.41049e-08 -0.5 -0.866025 -4.41049e-08 0.5 0 -4.41049e-08 1 0.866025 -4.41049e-08 0.5 1 4.41049e-08 0 0.5 4.41049e-08 -0.866025 -0.5 4.41049e-08 -0.866025 -1 4.41049e-08 0 -0.5 4.41049e-08 0.866025 0.5 4.41049e-08 0.866025 0.866025 0 -0.5 0 0 -1 -0.866025 0 -0.5 -0.866025 0 0.5 0 0 1 0.866025 0 0.5 1 -4.41049e-08 0 0.5 -4.41049e-08 -0.866025 -0.5 -4.41049e-08 -0.866025 -1 -4.41049e-08 0 -0.5 -4.41049e-08 0.866025 0.5 -4.41049e-08 0.866025 0.866025 4.41049e-08 -0.5 0 4.41049e-08 -1 -0.866025 4.41049e-08 -0.5 -0.866025 4.41049e-08 0.5 0 4.41049e-08 1 0.866025 4.41049e-08 0.5 1 -4.41049e-08 0 0.5 -4.41049e-08 -0.866025 -0.5 -4.41049e-08 -0.866025 -1 -4.41049e-08 0 -0.5 -4.41049e-08 0.866025 0.5 -4.41049e-08 0.866025 0.866025 4.41049e-08 -0.5 0 4.41049e-08 -1 -0.866025 4.41049e-08 -0.5 -0.866025 4.41049e-08 0.5 0 4.41049e-08 1 0.866025 4.41049e-08 0.5 1 0 0 0.5 0 -0.866025 -0.5 0 -0.866025 -1 0 0 -0.5 0 0.866025 0.5 0 0.866025 0.866025 -4.41049e-08 -0.5 0 -4.41049e-08 -1 -0.866025 -4.41049e-08 -0.5 -0.866025 -4.41049e-08 0.5 0 -4.41049e-08 1 0.866025 -4.41049e-08 0.5 1 4.41049e-08 0 0.5 4.41049e-08 -0.866025 -0.5 4.41049e-08 -0.866025 -1 4.41049e-08 0 -0.5 4.41049e-08 0.866025 0.5 4.41049e-08 0.866025 0.866025 -4.41049e-08 -0.5 0 -4.41049e-08 -1 -0.866025 -4.41049e-08 -0.5 -0.866025 -4.41049e-08 0.5 0 -4.41049e-08 1 0.866025 -4.41049e-08 0.5 1 0 0 0.5 0 -0.866025 -0.5 0 -0.866025 -1 0 0 -0.5 0 0.866025 0.5 0 0.866025 0.866025 8.82098e-08 -0.5 0 9.09664e-08 -1 -0.866025 8.82098e-08 -0.5 -0.866025 8.82098e-08 0.5 0 9.09664e-08 1 0.866025 8.82098e-08 0.5 1 -8.54533e-08 0 0.5 -8.26967e-08 -0.866025 -0.5 -8.26967e-08 -0.866025 -1 -8.54533e-08 0 -0.5 -8.26967e-08 0.866025 0.5 -8.26967e-08 0.866025 0.866025 0 -0.5 0 0 -1 -0.866025 0 -0.5 -0.866025 0 0.5 0 0 1 0.866025 0 0.5 1 9.09664e-08 0 0.5 8.82098e-08 -0.866025 -0.5 8.82098e-08 -0.866025 -1 9.09664e-08 0 -0.5 8.82098e-08 0.866025 0.5 8.82098e-08 0.866025 0.866025 -8.26967e-08 -0.5 0 -8.54533e-08 -1 -0.866025 -8.26967e-08 -0.5 -0.866025 -8.26967e-08 0.5 0 -8.54533e-08 1 0.866025 -8.26967e-08 0.5 1 0 0 0.5 0 -0.866025 -0.5 0 -0.866025 -1 0 0 -0.5 0 0.866025 0.5 0 0.866025 0.866025 0 -0.5 0 0 -1 -0.866025 0 -0.5 -0.866025 0 0.5 0 0 1 0.866025 0 0.5 1 9.09664e-08 0 0.5 8.82098e-08 -0.866025 -0.5 8.82098e-08 -0.866025 -1 9.09664e-08 0 -0.5 8.82098e-08 0.866025 0.5 8.82098e-08 0.866025 0.866025 -8.26967e-08 -0.5 0 -8.54533e-08 -1 -0.866025 -8.26967e-08 -0.5 -0.866025 -8.26967e-08 0.5 0 -8.54533e-08 1 0.866025 -8.26967e-08 0.5 1 0 0 0.5 0 -0.866025 -0.5 0 -0.866025 -1 0 0 -0.5 0 0.866025 0.5 0 0.866025 0.866025 8.82098e-08 -0.5 0 9.09664e-08 -1 -0.866025 8.82098e-08 -0.5 -0.866025 8.82098e-08 0.5 0 9.09664e-08 1 0.866025 8.82098e-08 0.5 1 -8.54533e-08 0 0.5 -8.26967e-08 -0.866025 -0.5 -8.26967e-08 -0.866025 -1 -8.54533e-08 0 -0.5 -8.26967e-08 0.866025 0.5 -8.26967e-08 0.866025 0.866025 0 -0.5 0 0 -1 -0.866025 0 -0.5 -0.866025 0 0.5 0 0 1 0.866025 0 0.5 1 9.09664e-08 0 0.5 8.82098e-08 -0.866025 -0.5 8.82098e-08 -0.866025 -1 9.09664e-08 0 -0.5 8.82098e-08 0.866025 0.5 8.82098e-08 0.866025 0.866025 -8.26967e-08 -0.5 0 -8.54533e-08 -1 -0.866025 -8.26967e-08 -0.5 -0.866025 -8.26967e-08 0.5 0 -8.54533e-08 1 0.866025 -8.26967e-08 0.5 1 0 0 0.5 0 -0.866025 -0.5 0 -0.866025 -1 0 0 -0.5 0 0.866025 0.5 0 0.866025 0.866025 0 -0.5 0 0 -1 -0.866025 0 -0.5 -0.866025 0 0.5 0 0 1 0.866025 0 0.5 1 9.09664e-08 0 0.5 8.82098e-08 -0.866025 -0.5 8.82098e-08 -0.866025 -1 9.09664e-08 0 -0.5 8.82098e-08 0.866025 0.5 8.82098e-08 0.866025 0.866025 -8.26967e-08 -0.5 0 -8.54533e-08 -1 -0.866025 -8.26967e-08 -0.5 -0.866025 -8.26967e-08 0.5 0 -8.54533e-08 1 0.866025 -8.26967e-08 0.5 1 0 0 0.5 0 -0.866025 -0.5 0 -0.866025 -1 0 0 -0.5 0 0.866025 0.5 0 0.866025 0.866025 8.82098e-08 -0.5 0 9.09664e-08 -1 -0.866025 8.82098e-08 -0.5 -0.866025 8.82098e-08 0.5 0 9.09664e-08 1 0.866025 8.82098e-08 0.5 1 -8.54533e-08 0 0.5 -8.26967e-08 -0.866025 -0.5 -8.26967e-08 -0.866025 -1 -8.54533e-08 0 -0.5 -8.26967e-08 0.866025 0.5 -8.26967e-08 0.866025 0.866025 0 -0.5 0 0 -1 -0.866025 0 -0.5 -0.866025 0 0.5 0 0 1 0.866025 0 0.5 1 0 0 0.5 0 -0.866025 -0.5 0 -0.866025 -1 0 0 -0.5 0 0.866025 0.5 0 0.866025 0.866025 8.82098e-08 -0.5 0 9.09664e-08 -1 -0.866025 8.82098e-08 -0.5 -0.866025 8.82098e-08 0.5 0 9.09664e-08 1 0.866025 8.82098e-08 0.5 1 -8.54533e-08 0 0.5 -8.26967e-08 -0.866025 -0.5 -8.26967e-08 -0.866025 -1 -8.54533e-08 0 -0.5 -8.26967e-08 0.866025 0.5 -8.26967e-08 0.866025 0.866025 0 -0.5 0 0 -1 -0.866025 0 -0.5 -0.866025 0 0.5 0 0 1 0.866025 0 0.5 1 0 0 0.5 0 -0.866025 -0.5 0 -0.866025 -1 0 0 -0.5 0 0.866025 0.5 0 0.866025 0.866025 0 -0.5 0 0 -1 -0.866025 0 -0.5 -0.866025 0 0.5 0 0 1 0.866025 0 0.5 1 1.7642e-07 0 0.5 1.70907e-07 -0.866025 -0.5 1.70907e-07 -0.866025 -1 1.7642e-07 0 -0.5 1.70907e-07 0.866025 0.5 1.70907e-07 0.866025 0.866025 -1.70907e-07 -0.5 0 -1.7642e-07 -1 -0.866025 -1.70907e-07 -0.5 -0.866025 -1.70907e-07 0.5 0 -1.7642e-07 1 0.866025 -1.70907e-07 0.5 1 0 0 0.5 0 -0.866025 -0.5 0 -0.866025 -1 0 0 -0.5 0 0.866025 0.5 0 0.866025 0.866025 0 -0.5 0 0 -1 -0.866025 0 -0.5 -0.866025 0 0.5 0 0 1 0.866025 0 0.5 1 0 0 0.5 0 -0.866025 -0.5 0 -0.866025 -1 0 0 -0.5 0 0.866025 0.5 0 0.866025 0.866025 0 -0.5 0 0 -1 -0.866025 0 -0.5 -0.866025 0 0.5 0 0 1 0.866025 0 0.5 1 0 0 0.5 0 -0.866025 -0.5 0 -0.866025 -1 0 0 -0.5 0 0.866025 0.5 0 0.866025 0.866025 1.70907e-07 -0.5 0 1.7642e-07 -1 -0.866025 1.70907e-07 -0.5 -0.866025 1.70907e-07 0.5 0 1.7642e-07 1 0.866025 1.70907e-07 0.5 1 -1.7642e-07 0 0.5 -1.70907e-07 -0.866025 -0.5 -1.70907e-07 -0.866025 -1 -1.7642e-07 0 -0.5 -1.70907e-07 0.866025 0.5 -1.70907e-07 0.866025 0.866025 0 -0.5 0 0 -1 -0.866025 0 -0.5 -0.866025 0 0.5 0 0 1 0.866025 0 0.5 1 0 0 0.5 0 -0.866025 -0.5 0 -0.866025 -1 0 0 -0.5 0 0.866025 0.5 0 0.866025 0.866025 0 -0.5 0 0 -1 -0.866025 0 -0.5 -0.866025 0 0.5 0 0 1 0.866025 0 0.5 1 0 0 0.5 0 -0.866025 -0.5 0 -0.866025 -1 0 0 -0.5 0 0.866025 0.5 0 0.866025 0.866025 0 -0.5 0 0 -1 -0.866025 0 -0.5 -0.866025 0 0.5 0 0 1 0.866025 0 0.5 1 1.7642e-07 0 0.5 1.70907e-07 -0.866025 -0.5 1.70907e-07 -0.866025 -1 1.7642e-07 0 -0.5 1.70907e-07 0.866025 0.5 1.70907e-07 0.866025 0.866025 -1.70907e-07 -0.5 0 -1.7642e-07 -1 -0.866025 -1.70907e-07 -0.5 -0.866025 -1.70907e-07 0.5 0 -1.7642e-07 1 0.866025 -1.70907e-07 0.5 1 0 0 0.5 0 -0.866025 -0.5 0 -0.866025 -1 0 0 -0.5 0 0.866025 0.5 0 0.866025 0.866025 0 -0.5 0 0 -1 -0.866025 0 -0.5 -0.866025 0 0.5 0 0 1 0.866025 0 0.5 1 0 0 0.5 0 -0.866025 -0.5 0 -0.866025 -1 0 0 -0.5 0 0.866025 0.5 0 0.866025 0.866025 0 -0.5 0 0 -1 -0.866025 0 -0.5 -0.866025 0 0.5 0 0 1 0.866025 0 0.5 1 0 0 0.5 0 -0.866025 -0.5 0 -0.866025 -1 0 0 -0.5 0 0.866025 0.5 0 0.866025 0.866025 1.70907e-07 -0.5 0 1.7642e-07 -1 -0.866025 1.70907e-07 -0.5 -0.866025 1.70907e-07 0.5 0 1.7642e-07 1 0.866025 1.70907e-07 0.5 1 -1.7642e-07 0 0.5 -1.70907e-07 -0.866025 -0.5 -1.70907e-07 -0.866025 -1 -1.7642e-07 0 -0.5 -1.70907e-07 0.866025 0.5 -1.70907e-07 0.866025 0.866025 0 -0.5 0 0 -1 -0.866025 0 -0.5 -0.866025 0 0.5 0 0 1 0.866025 0 0.5 1 0 0 0.5 0 -0.866025 -0.5 0 -0.866025 -1 0 0 -0.5 0 0.866025 0.5 0 0.866025 0.866025 0 -0.5 0 0 -1 -0.866025 0 -0.5 -0.866025 0 0.5 0 0 1 0.866025 0 0.5 1 0 0 0.5 0 -0.866025 -0.5 0 -0.866025 -1 0 0 -0.5 0 0.866025 0.5 0 0.866025 0.866025 1.70907e-07 -0.5 0 1.7642e-07 -1 -0.866025 1.70907e-07 -0.5 -0.866025 1.70907e-07 0.5 0 1.7642e-07 1 0.866025 1.70907e-07 0.5 1 -1.7642e-07 0 0.5 -1.70907e-07 -0.866025 -0.5 -1.70907e-07 -0.866025 -1 -1.7642e-07 0 -0.5 -1.70907e-07 0.866025 0.5 -1.70907e-07 0.866025 0.866025 0 -0.5 0 0 -1 -0.866025 0 -0.5 -0.866025 0 0.5 0 0 1 0.866025 0 0.5 1 0 0 0.5 0 -0.866025 -0.5 0 -0.866025 -1 0 0 -0.5 0 0.866025 0.5 0 0.866025 0.866025 0 -0.5 0 0 -1 -0.866025 0 -0.5 -0.866025 0 0.5 0 0 1 0.866025 0 0.5 1 0 0 0.5 0 -0.866025 -0.5 0 -0.866025 -1 0 0 -0.5 0 0.866025 0.5 0 0.866025 0.866025 0 -0.5 0 0 -1 -0.866025 0 -0.5 -0.866025 0 0.5 0 0 1 0.866025 0 0.5 1 1.7642e-07 0 0.5 1.70907e-07 -0.866025 -0.5 1.70907e-07 -0.866025 -1 1.7642e-07 0 -0.5 1.70907e-07 0.866025 0.5 1.70907e-07 0.866025 0.866025 -1.70907e-07 -0.5 0 -1.7642e-07 -1 -0.866025 -1.70907e-07 -0.5 -0.866025 -1.70907e-07 0.5 0 -1.7642e-07 1 0.866025 -1.70907e-07 0.5 1 0 0 0.5 0 -0.866025 -0.5 0 -0.866025 -1 0 0 -0.5 0 0.866025 0.5 0 0.866025 0.866025 0 -0.5 0 0 -1 -0.866025 0 -0.5 -0.866025 0 0.5 0 0 1 0.866025 0 0.5 1 0 0 0.5 0 -0.866025 -0.5 0 -0.866025 -1 0 0 -0.5 0 0.866025 0.5 0 0.866025 0.866025 0 -0.5 0 0 -1 -0.866025 0 -0.5 -0.866025 0 0.5 0 0 1 0.866025 0 0.5 1 0 0 0.5 0 -0.866025 -0.5 0 -0.866025 -1 0 0 -0.5 0 0.866025 0.5 0 0.866025 0.866025 1.70907e-07 -0.5 0 1.7642e-07 -1 -0.866025 1.70907e-07 -0.5 -0.866025 1.70907e-07 0.5 0 1.7642e-07 1 0.866025 1.70907e-07 0.5 1 -1.7642e-07 0 0.5 -1.70907e-07 -0.866025 -0.5 -1.70907e-07 -0.866025 -1 -1.7642e-07 0 -0.5 -1.70907e-07 0.866025 0.5 -1.70907e-07 0.866025 0.866025 0 -0.5 0 0 -1 -0.866025 0 -0.5 -0.866025 0 0.5 0 0 1 0.866025 0 0.5 1 0 0 0.5 0 -0.866025 -0.5 0 -0.866025 -1 0 0 -0.5 0 0.866025 0.5 0 0.866025 0.866025 0 -0.5 0 0 -1 -0.866025 0 -0.5 -0.866025 0 0.5 0 0 1 0.866025 0 0.5 1 0 0 0.5 0 -0.866025 -0.5 0 -0.866025 -1 0 0 -0.5 0 0.866025 0.5 0 0.866025 0.866025 0 -0.5 0 0 -1 -0.866025 0 -0.5 -0.866025 0 0.5 0 0 1 0.866025 0 0.5 1 1.7642e-07 0 0.5 1.70907e-07 -0.866025 -0.5 1.70907e-07 -0.866025 -1 1.7642e-07 0 -0.5 1.70907e-07 0.866025 0.5 1.70907e-07 0.866025 0.866025 -1.70907e-07 -0.5 0 -1.7642e-07 -1 -0.866025 -1.70907e-07 -0.5 -0.866025 -1.70907e-07 0.5 0 -1.7642e-07 1 0.866025 -1.70907e-07 0.5 1 0 0 0.5 0 -0.866025 -0.5 0 -0.866025 -1 0 0 -0.5 0 0.866025 0.5 0 0.866025 0.866025 0 -0.5 0 0 -1 -0.866025 0 -0.5 -0.866025 0 0.5 0 0 1 0.866025 0 0.5 0.998548 0.0538637 0 0.499274 0.0538636 -0.864768 -0.499274 0.0538636 -0.864768 -0.998548 0.0538637 0 -0.499274 0.0538636 0.864768 0.499274 0.0538636 0.864768 0 -1 0 0 -1 0 0 -1 0 0 -1 0 0 -1 0 0 -1 0 0 -1 0 0 1 0 0 1 0 0 1 0 0 1 0 0 1 0 0 1 0 0 1 0"/>
    </IndexedTriangleSet>
   </Shape>
  </Transform>
  </Group>
  <Group>
  <Transform rotation="0 0 1 0" translation="0 0 0">
   <Shape>
    <Appearance DEF='ap4'>
     <Material ambientIntensity='1' diffuseColor='0 0.447059 0.698039' specularColor='0.85 0.85 0.85' shininess='0.234375' transparency='0'/>
    </Appearance>
    <IndexedTriangleSet DEF='its4' index="0 1 6 1 7 6 1 2 7 2 8 7 2 3 8 3 9 8 3 4 9 4 10 9 4 5 10 5 11 10 5 0 11 0 6 11 6 7 13 6 13 12 7 8 14 7 14 13 8 9 15 8 15 14 9 10 16 9 16 15 10 11 17 10 17 16 11 6 12 11 12 17 12 13 18 13 19 18 13 14 19 14 20 19 14 15 20 15 21 20 15 16 21 16 22 21 16 17 22 17 23 22 17 12 23 12 18 23 18 19 25 18 25 24 19 20 26 19 26 25 20 21 27 20 27 26 21 22 28 21 28 27 22 23 29 22 29 28 23 18 24 23 24 29 24 25 30 25 31 30 25 26 31 26 32 31 26 27 32 27 33 32 27 28 33 28 34 33 28 29 34 29 35 34 29 24 35 24 30 35 30 31 37 30 37 36 31 32 38 31 38 37 32 33 39 32 39 38 33 34 40 33 40 39 34 35 41 34 41 40 35 30 36 35 36 41 36 37 42 37 43 42 37 38 43 38 44 43 38 39 44 39 45 44 39 40 45 40 46 45 40 41 46 41 47 46 41 36 47 36 42 47 42 43 49 42 49 48 43 44 50 43 50 49 44 45 51 44 51 50 45 46 52 45 52 51 46 47 53 46 53 52 47 42 48 47 48 53 48 49 54 49 55 54 49 50 55 50 56 55 50 51 56 51 57 56 51 52 57 52 58 57 52 53 58 53 59 58 53 48 59 48 54 59 54 55 61 54 61 60 55 56 62 55 62 61 56 57 63 56 63 62 57 58 64 57 64 63 58 59 65 58 65 64 59 54 60 59 60 65 60 61 66 61 67 66 61 62 67 62 68 67 62 63 68 63 69 68 63 64 69 64 70 69 64 65 70 65 71 70 65 60 71 60 66 71 66 67 73 66 73 72 67 68 74 67 74 73 68 69 75 68 75 74 69 70 76 69 76 75 70 71 77 70 77 76 71 66 72 71 72 77 72 73 78 73 79 78 73 74 79 74 80 79 74 75 80 75 81 80 75 76 81 76 82 81 76 77 82 77 83 82 77 72 83 72 78 83 78 79 85 78 85 84 79 80 86 79 86 85 80 81 87 80 87 86 81 82 88 81 88 87 82 83 89 82 89 88 83 78 84 83 84 89 84 85 90 85 91 90 85 86 91 86 92 91 86 87 92 87 93 92 87 88 93 88 94 93 88 89 94 89 95 94 89 84 95 84 90 95 90 91 97 90 97 96 91 92 98 91 98 97 92 93 99 92 99 98 93 94 100 93 100 99 94 95 101 94 101 100 95 90 96 95 96 101 96 97 102 97 103 102 97 98 103 98 104 103 98 99 104 99 105 104 99 100 105 100 106 105 100 101 106 101 107 106 101 96 107 96 102 107 102 103 109 102 109 108 103 104 110 103 110 109 104 105 111 104 111 110 105 106 112 105 112 111 106 107 113 106 113 112 107 102 108 107 108 113 108 109 114 109 115 114 109 110 115 110 116 115 110 111 116 111 117 116 111 112 117 112 118 117 112 113 118 113 119 118 113 108 119 108 114 119 114 115 121 114 121 120 115 116 122 115 122 121 116 117 123 116 123 122 117 118 124 117 124 123 118 119 125 118 125 124 119 114 120 119 120 125 120 121 126 121 127 126 121 122 127 122 128 127 122 123 128 123 129 128 123 124 129 124 130 129 124 125 130 125 131 130 125 120 131 120 126 131 126 127 133 126 133 132 127 128 134 127 134 133 128 129 135 128 135 134 129 130 136 129 136 135 130 131 137 130 137 136 131 126 132 131 132 137 132 133 138 133 139 138 133 134 139 134 140 139 134 135 140 135 141 140 135 136 141 136 142 141 136 137 142 137 143 142 137 132 143 132 138 143 138 139 145 138 145 144 139 140 146 139 146 145 140 141 147 140 147 146 141 142 148 141 148 147 142 143 149 142 149 148 143 138 144 143 144 149 144 145 150 145 151 150 145 146 151 146 152 151 146 147 152 147 153 152 147 148 153 148 154 153 148 149 154 149 155 154 149 144 155 144 150 155 150 151 157 150 157 156 151 152 158 151 158 157 152 153 159 152 159 158 153 154 160 153 160 159 154 155 161 154 161 160 155 150 156 155 156 161 156 157 162 157 163 162 157 158 163 158 164 163 158 159 164 159 165 164 159 160 165 160 166 165 160 161 166 161 167 166 161 156 167 156 162 167 162 163 169 162 169 168 163 164 170 163 170 169 164 165 171 164 171 170 165 166 172 165 172 171 166 167 173 166 173 172 167 162 168 167 168 173 168 169 174 169 175 174 169 170 175 170 176 175 170 171 176 171 177 176 171 172 177 172 178 177 172 173 178 173 179 178 173 168 179 168 174 179 174 175 181 174 181 180 175 176 182 175 182 181 176 177 183 176 183 182 177 178 184 177 184 183 178 179 185 178 185 184 179 174 180 179 180 185 180 181 186 181 187 186 181 182 187 182 188 187 182 183 188 183 189 188 183 184 189 184 190 189 184 185 190 185 191 190 185 180 191 180 186 191 186 187 193 186 193 192 187 188 194 187 194 193 188 189 195 188 195 194 189 190 196 189 196 195 190 191 197 190 197 196 191 186 192 191 192 197 192 193 198 193 199 198 193 194 199 194 200 199 194 195 200 195 201 200 195 196 201 196 202 201 196 197 202 197 203 202 197 192 203 192 198 203 198 199 205 198 205 204 199 200 206 199 206 205 200 201 207 200 207 206 201 202 208 201 208 207 202 203 209 202 209 208 203 198 204 203 204 209 204 205 210 205 211 210 205 206 211 206 212 211 206 207 212 207 213 212 207 208 213 208 214 213 208 209 214 209 215 214 209 204 215 204 210 215 210 211 217 210 217 216 211 212 218 211 218 217 212 213 219 212 219 218 213 214 220 213 220 219 214 215 221 214 221 220 215 210 216 215 216 221 216 217 222 217 223 222 217 218 223 218 224 223 218 219 224 219 225 224 219 220 225 220 226 225 220 221 226 221 227 226 221 216 227 216 222 227 222 223 229 222 229 228 223 224 230 223 230 229 224 225 231 224 231 230 225 226 232 225 232 231 226 227 233 226 233 232 227 222 228 227 228 233 228 229 234 229 235 234 229 230 235 230 236 235 230 231 236 231 237 236 231 232 237 232 238 237 232 233 238 233 239 238 233 228 239 228 234 239 234 235 241 234 241 240 235 236 242 235 242 241 236 237 243 236 243 242 237 238 244 237 244 243 238 239 245 238 245 244 239 234 240 239 240 245 240 241 246 241 247 246 241 242 247 242 248 247 242 243 248 243 249 248 243 244 249 244 250 249 244 245 250 245 251 250 245 240 251 240 246 251 246 247 253 246 253 252 247 248 254 247 254 253 248 249 255 248 255 254 249 250 256 249 256 255 250 251 257 250 257 256 251 246 252 251 252 257 252 253 258 253 259 258 253 254 259 254 260 259 254 255 260 255 261 260 255 256 261 256 262 261 256 257 262 257 263 262 257 252 263 252 258 263 258 259 265 258 265 264 259 260 266 259 266 265 260 261 267 260 267 266 261 262 268 261 268 267 262 263 269 262 269 268 263 258 264 263 264 269 264 265 270 265 271 270 265 266 271 266 272 271 266 267 272 267 273 272 267 268 273 268 274 273 268 269 274 269 275 274 269 264 275 264 270 275 270 271 277 270 277 276 271 272 278 271 278 277 272 273 279 272 279 278 273 274 280 273 280 279 274 275 281 274 281 280 275 270 276 275 276 281 276 277 282 277 283 282 277 278 283 278 284 283 278 279 284 279 285 284 279 280 285 280 286 285 280 281 286 281 287 286 281 276 287 276 282 287 282 283 289 282 289 288 283 284 290 283 290 289 284 285 291 284 291 290 285 286 292 285 292 291 286 287 293 286 293 292 287 282 288 287 288 293 288 289 294 289 295 294 289 290 295 290 296 295 290 291 296 291 297 296 291 292 297 292 298 297 292 293 298 293 299 298 293 288 299 288 294 299 294 295 301 294 301 300 295 296 302 295 302 301 296 297 303 296 303 302 297 298 304 297 304 303 298 299 305 298 305 304 299 294 300 299 300 305 300 301 306 301 307 306 301 302 307 302 308 307 302 303 308 303 309 308 303 304 309 304 310 309 304 305 310 305 311 310 305 300 311 300 306 311 306 307 313 306 313 312 307 308 314 307 314 313 308 309 315 308 315 314 309 310 316 309 316 315 310 311 317 310 317 316 311 306 312 311 312 317 312 313 318 313 319 318 313 314 319 314 320 319 314 315 320 315 321 320 315 316 321 316 322 321 316 317 322 317 323 322 317 312 323 312 318 323 318 319 325 318 325 324 319 320 326 319 326 325 320 321 327 320 327 326 321 322 328 321 328 327 322 323 329 322 329 328 323 318 324 323 324 329 324 325 330 325 331 330 325 326 331 326 332 331 326 327 332 327 333 332 327 328 333 328 334 333 328 329 334 329 335 334 329 324 335 324 330 335 330 331 337 330 337 336 331 332 338 331 338 337 332 333 339 332 339 338 333 334 340 333 340 339 334 335 341 334 341 340 335 330 336 335 336 341 336 337 342 337 343 342 337 338 343 338 344 343 338 339 344 339 345 344 339 340 345 340 346 345 340 341 346 341 347 346 341 336 347 336 342 347 342 343 349 342 349 348 343 344 350 343 350 349 344 345 351 344 351 350 345 346 352 345 352 351 346 347 353 346 353 352 347 342 348 347 348 353 348 349 354 349 355 354 349 350 355 350 356 355 350 351 356 351 357 356 351 352 357 352 358 357 352 353 358 353 359 358 353 348 359 348 354 359 354 355 361 354 361 360 355 356 362 355 362 361 356 357 363 356 363 362 357 358 364 357 364 363 358 359 365 358 365 364 359 354 360 359 360 365 360 361 366 361 367 366 361 362 367 362 368 367 362 363 368 363 369 368 363 364 369 364 370 369 364 365 370 365 371 370 365 360 371 360 366 371 366 367 373 366 373 372 367 368 374 367 374 373 368 369 375 368 375 374 369 370 376 369 376 375 370 371 377 370 377 376 371 366 372 371 372 377 372 373 378 373 379 378 373 374 379 374 380 379 374 375 380 375 381 380 375 376 381 376 382 381 376 377 382 377 383 382 377 372 383 372 378 383 378 379 385 378 385 384 379 380 386 379 386 385 380 381 387 380 387 386 381 382 388 381 388 387 382 383 389 382 389 388 383 378 384 383 384 389 384 385 390 385 391 390 385 386 391 386 392 391 386 387 392 387 393 392 387 388 393 388 394 393 388 389 394 389 395 394 389 384 395 384 390 395 390 391 397 390 397 396 391 392 398 391 398 397 392 393 399 392 399 398 393 394 400 393 400 399 394 395 401 394 401 400 395 390 396 395 396 401 396 397 402 397 403 402 397 398 403 398 404 403 398 399 404 399 405 404 399 400 405 400 406 405 400 401 406 401 407 406 401 396 407 396 402 407 402 403 409 402 409 408 403 404 410 403 410 409 404 405 411 404 411 410 405 406 412 405 412 411 406 407 413 406 413 412 407 402 408 407 408 413 408 409 414 409 415 414 409 410 415 410 416 415 410 411 416 411 417 416 411 412 417 412 418 417 412 413 418 413 419 418 413 408 419 408 414 419 414 415 421 414 421 420 415 416 422 415 422 421 416 417 423 416 423 422 417 418 424 417 424 423 418 419 425 418 425 424 419 414 420 419 420 425 420 421 426 421 427 426 421 422 427 422 428 427 422 423 428 423 429 428 423 424 429 424 430 429 424 425 430 425 431 430 425 420 431 420 426 431 426 427 433 426 433 432 427 428 434 427 434 433 428 429 435 428 435 434 429 430 436 429 436 435 430 431 437 430 437 436 431 426 432 431 432 437 432 433 438 433 439 438 433 434 439 434 440 439 434 435 440 435 441 440 435 436 441 436 442 441 436 437 442 437 443 442 437 432 443 432 438 443 438 439 445 438 445 444 439 440 446 439 446 445 440 441 447 440 447 446 441 442 448 441 448 447 442 443 449 442 449 448 443 438 444 443 444 449 444 445 450 445 451 450 445 446 451 446 452 451 446 447 452 447 453 452 447 448 453 448 454 453 448 449 454 449 455 454 449 444 455 444 450 455 450 451 457 450 457 456 451 452 458 451 458 457 452 453 459 452 459 458 453 454 460 453 460 459 454 455 461 454 461 460 455 450 456 455 456 461 456 457 462 457 463 462 457 458 463 458 464 463 458 459 464 459 465 464 459 460 465 460 466 465 460 461 466 461 467 466 461 456 467 456 462 467 462 463 469 462 469 468 463 464 470 463 470 469 464 465 471 464 471 470 465 466 472 465 472 471 466 467 473 466 473 472 467 462 468 467 468 473 468 469 474 469 475 474 469 470 475 470 476 475 470 471 476 471 477 476 471 472 477 472 478 477 472 473 478 473 479 478 473 468 479 468 474 479 474 475 481 474 481 480 475 476 482 475 482 481 476 477 483 476 483 482 477 478 484 477 484 483 478 479 485 478 485 484 479 474 480 479 480 485 480 481 486 481 487 486 481 482 487 482 488 487 482 483 488 483 489 488 483 484 489 484 490 489 484 485 490 485 491 490 485 480 491 480 486 491 486 487 493 486 493 492 487 488 494 487 494 493 488 489 495 488 495 494 489 490 496 489 496 495 490 491 497 490 497 496 491 486 492 491 492 497 492 493 498 493 499 498 493 494 499 494 500 499 494 495 500 495 501 500 495 496 501 496 502 501 496 497 502 497 503 502 497 492 503 492 498 503 498 499 505 498 505 504 499 500 506 499 506 505 500 501 507 500 507 506 501 502 508 501 508 507 502 503 509 502 509 508 503 498 504 503 504 509 504 505 510 505 511 510 505 506 511 506 512 511 506 507 512 507 513 512 507 508 513 508 514 513 508 509 514 509 515 514 509 504 515 504 510 515 510 511 517 510 517 516 511 512 518 511 518 517 512 513 519 512 519 518 513 514 520 513 520 519 514 515 521 514 521 520 515 510 516 515 516 521 516 517 522 517 523 522 517 518 523 518 524 523 518 519 524 519 525 524 519 520 525 520 526 525 520 521 526 521 527 526 521 516 527 516 522 527 522 523 529 522 529 528 523 524 530 523 530 529 524 525 531 524 531 530 525 526 532 525 532 531 526 527 533 526 533 532 527 522 528 527 528 533 528 529 534 529 535 534 529 530 535 530 536 535 530 531 536 531 537 536 531 532 537 532 538 537 532 533 538 533 539 538 533 528 539 528 534 539 534 535 541 534 541 540 535 536 542 535 542 541 536 537 543 536 543 542 537 538 544 537 544 543 538 539 545 538 545 544 539 534 540 539 540 545 540 541 546 541 547 546 541 542 547 542 548 547 542 543 548 543 549 548 543 544 549 544 550 549 544 545 550 545 551 550 545 540 551 540 546 551 546 547 553 546 553 552 547 548 554 547 554 553 548 549 555 548 555 554 549 550 556 549 556 555 550 551 557 550 557 556 551 546 552 551 552 557 552 553 558 553 559 558 553 554 559 554 560 559 554 555 560 555 561 560 555 556 561 556 562 561 556 557 562 557 563 562 557 552 563 552 558 563 558 559 565 558 565 564 559 560 566 559 566 565 560 561 567 560 567 566 561 562 568 561 568 567 562 563 569 562 569 568 563 558 564 563 564 569 564 565 570 565 571 570 565 566 571 566 572 571 566 567 572 567 573 572 567 568 573 568 574 573 568 569 574 569 575 574 569 564 575 564 570 575 570 571 577 570 577 576 571 572 578 571 578 577 572 573 579 572 579 578 573 574 580 573 580 579 574 575 581 574 581 580 575 570 576 575 576 581 576 577 582 577 583 582 577 578 583 578 584 583 578 579 584 579 585 584 579 580 585 580 586 585 580 581 586 581 587 586 581 576 587 576 582 587 582 583 589 582 589 588 583 584 590 583 590 589 584 585 591 584 591 590 585 586 592 585 592 591 586 587 593 586 593 592 587 582 588 587 588 593 588 589 594 589 595 594 589 590 595 590 596 595 590 591 596 591 597 596 591 592 597 592 598 597 592 593 598 593 599 598 593 588 599 588 594 599 594 595 601 594 601 600 595 596 602 595 602 601 596 597 603 596 603 602 597 598 604 597 604 603 598 599 605 598 605 604 599 594 600 599 600 605 600 601 606 601 607 606 601 602 607 602 608 607 602 603 608 603 609 608 603 604 609 604 610 609 604 605 610 605 611 610 605 600 611 600 606 611 606 607 613 606 613 612 607 608 614 607 614 613 608 609 615 608 615 614 609 610 616 609 616 615 610 611 617 610 617 616 611 606 612 611 612 617 612 613 618 613 619 618 613 614 619 614 620 619 614 615 620 615 621 620 615 616 621 616 622 621 616 617 622 617 623 622 617 612 623 612 618 623 618 619 625 618 625 624 619 620 626 619 626 625 620 621 627 620 627 626 621 622 628 621 628 627 622 623 629 622 629 628 623 618 624 623 624 629 624 625 630 625 631 630 625 626 631 626 632 631 626 627 632 627 633 632 627 628 633 628 634 633 628 629 634 629 635 634 629 624 635 624 630 635 630 631 637 630 637 636 631 632 638 631 638 637 632 633 639 632 639 638 633 634 640 633 640 639 634 635 641 634 641 640 635 630 636 635 636 641 636 637 642 637 643 642 637 638 643 638 644 643 638 639 644 639 645 644 639 640 645 640 646 645 640 641 646 641 647 646 641 636 647 636 642 647 642 643 649 642 649 648 643 644 650 643 650 649 644 645 651 644 651 650 645 646 652 645 652 651 646 647 653 646 653 652 647 642 648 647 648 653 648 649 654 649 655 654 649 650 655 650 656 655 650 651 656 651 657 656 651 652 657 652 658 657 652 653 658 653 659 658 653 648 659 648 654 659 654 655 661 654 661 660 655 656 662 655 662 661 656 657 663 656 663 662 657 658 664 657 664 663 658 659 665 658 665 664 659 654 660 659 660 665 660 661 666 661 667 666 661 662 667 662 668 667 662 663 668 663 669 668 663 664 669 664 670 669 664 665 670 665 671 670 665 660 671 660 666 671 666 667 673 666 673 672 667 668 674 667 674 673 668 669 675 668 675 674 669 670 676 669 676 675 670 671 677 670 677 676 671 666 672 671 672 677 672 673 678 673 679 678 673 674 679 674 680 679 674 675 680 675 681 680 675 676 681 676 682 681 676 677 682 677 683 682 677 672 683 672 678 683 678 679 685 678 685 684 679 680 686 679 686 685 680 681 687 680 687 686 681 682 688 681 688 687 682 683 689 682 689 688 683 678 684 683 684 689 684 685 690 685 691 690 685 686 691 686 692 691 686 687 692 687 693 692 687 688 693 688 694 693 688 689 694 689 695 694 689 684 695 684 690 695 690 691 697 690 697 696 691 692 698 691 698 697 692 693 699 692 699 698 693 694 700 693 700 699 694 695 701 694 701 700 695 690 696 695 696 701 696 697 702 697 703 702 697 698 703 698 704 703 698 699 704 699 705 704 699 700 705 700 706 705 700 701 706 701 707 706 701 696 707 696 702 707 702 703 709 702 709 708 703 704 710 703 710 709 704 705 711 704 711 710 705 706 712 705 712 711 706 707 713 706 713 712 707 702 708 707 708 713 708 709 714 709 715 714 709 710 715 710 716 715 710 711 716 711 717 716 711 712 717 712 718 717 712 713 718 713 719 718 713 708 719 708 714 719 714 715 721 714 721 720 715 716 722 715 722 721 716 717 723 716 723 722 717 718 724 717 724 723 718 719 725 718 725 724 719 714 720 719 720 725 720 721 726 721 727 726 721 722 727 722 728 727 722 723 728 723 729 728 723 724 729 724 730 729 724 725 730 725 731 730 725 720 731 720 726 731 726 727 733 726 733 732 727 728 734 727 734 733 728 729 735 728 735 734 729 730 736 729 736 735 730 731 737 730 737 736 731 726 732 731 732 737 732 733 738 733 739 738 733 734 739 734 740 739 734 735 740 735 741 740 735 736 741 736 742 741 736 737 742 737 743 742 737 732 743 732 738 743 738 739 745 738 745 744 739 740 746 739 746 745 740 741 747 740 747 746 741 742 748 741 748 747 742 743 749 742 749 748 743 738 744 743 744 749 744 745 750 745 751 750 745 746 751 746 752 751 746 747 752 747 753 752 747 748 753 748 754 753 748 749 754 749 755 754 749 744 755 744 750 755 750 751 757 750 757 756 751 752 758 751 758 757 752 753 759 752 759 758 753 754 760 753 760 759 754 755 761 754 761 760 755 750 756 755 756 761 756 757 762 757 763 762 757 758 763 758 764 763 758 759 764 759 765 764 759 760 765 760 766 765 760 761 766 761 767 766 761 756 767 756 762 767 762 763 769 762 769 768 763 764 770 763 770 769 764 765 771 764 771 770 765 766 772 765 772 771 766 767 773 766 773 772 767 762 768 767 768 773 768 769 774 769 775 774 769 770 775 770 776 775 770 771 776 771 777 776 771 772 777 772 778 777 772 773 778 773 779 778 773 768 779 768 774 779 774 775 781 774 781 780 775 776 782 775 782 781 776 777 783 776 783 782 777 778 784 777 784 783 778 779 785 778 785 784 779 774 780 779 780 785 780 781 786 781 787 786 781 782 787 782 788 787 782 783 788 783 789 788 783 784 789 784 790 789 784 785 790 785 791 790 785 780 791 780 786 791 786 787 793 786 793 792 787 788 794 787 794 793 788 789 795 788 795 794 789 790 796 789 796 795 790 791 797 790 797 796 791 786 792 791 792 797 792 793 798 793 799 798 793 794 799 794 800 799 794 795 800 795 801 800 795 796 801 796 802 801 796 797 802 797 803 802 797 792 803 792 798 803 798 799 805 798 805 804 799 800 806 799 806 805 800 801 807 800 807 806 801 802 808 801 808 807 802 803 809 802 809 808 803 798 804 803 804 809 804 805 810 805 811 810 805 806 811 806 812 811 806 807 812 807 813 812 807 808 813 808 814 813 808 809 814 809 815 814 809 804 815 804 810 815 810 811 817 810 817 816 811 812 818 811 818 817 812 813 819 812 819 818 813 814 820 813 820 819 814 815 821 814 821 820 815 810 816 815 816 821 816 817 822 817 823 822 817 818 823 818 824 823 818 819 824 819 825 824 819 820 825 820 826 825 820 821 826 821 827 826 821 816 827 816 822 827 822 823 829 822 829 828 823 824 830 823 830 829 824 825 831 824 831 830 825 826 832 825 832 831 826 827 833 826 833 832 827 822 828 827 828 833 828 829 834 829 835 834 829 830 835 830 836 835 830 831 836 831 837 836 831 832 837 832 838 837 832 833 838 833 839 838 833 828 839 828 834 839 834 835 841 834 841 840 835 836 842 835 842 841 836 837 843 836 843 842 837 838 844 837 844 843 838 839 845 838 845 844 839 834 840 839 840 845 840 841 846 841 847 846 841 842 847 842 848 847 842 843 848 843 849 848 843 844 849 844 850 849 844 845 850 845 851 850 845 840 851 840 846 851 846 847 853 846 853 852 847 848 854 847 854 853 848 849 855 848 855 854 849 850 856 849 856 855 850 851 857 850 857 856 851 846 852 851 852 857 852 853 858 853 859 858 853 854 859 854 860 859 854 855 860 855 861 860 855 856 861 856 862 861 856 857 862 857 863 862 857 852 863 852 858 863 858 859 865 858 865 864 859 860 866 859 866 865 860 861 867 860 867 866 861 862 868 861 868 867 862 863 869 862 869 868 863 858 864 863 864 869 864 865 870 865 871 870 865 866 871 866 872 871 866 867 872 867 873 872 867 868 873 868 874 873 868 869 874 869 875 874 869 864 875 864 870 875 870 871 877 870 877 876 871 872 878 871 878 877 872 873 879 872 879 878 873 874 880 873 880 879 874 875 881 874 881 880 875 870 876 875 876 881 876 877 882 877 883 882 877 878 883 878 884 883 878 879 884 879 885 884 879 880 885 880 886 885 880 881 886 881 887 886 881 876 887 876 882 887 882 883 889 882 889 888 883 884 890 883 890 889 884 885 891 884 891 890 885 886 892 885 892 891 886 887 893 886 893 892 887 882 888 887 888 893 888 889 894 889 895 894 889 890 895 890 896 895 890 891 896 891 897 896 891 892 897 892 898 897 892 893 898 893 899 898 893 888 899 888 894 899 894 895 901 894 901 900 895 896 902 895 902 901 896 897 903 896 903 902 897 898 904 897 904 903 898 899 905 898 905 904 899 894 900 899 900 905 900 901 906 901 907 906 901 902 907 902 908 907 902 903 908 903 909 908 903 904 909 904 910 909 904 905 910 905 911 910 905 900 911 900 906 911 906 907 913 906 913 912 907 908 914 907 914 913 908 909 915 908 915 914 909 910 916 909 916 915 910 911 917 910 917 916 911 906 912 911 912 917 912 913 918 913 919 918 913 914 919 914 920 919 914 915 920 915 921 920 915 916 921 916 922 921 916 917 922 917 923 922 917 912 923 912 918 923 918 919 925 918 925 924 919 920 926 919 926 925 920 921 927 920 927 926 921 922 928 921 928 927 922 923 929 922 929 928 923 918 924 923 924 929 924 925 930 925 931 930 925 926 931 926 932 931 926 927 932 927 933 932 927 928 933 928 934 933 928 929 934 929 935 934 929 924 935 924 930 935 930 931 937 930 937 936 931 932 938 931 938 937 932 933 939 932 939 938 933 934 940 933 940 939 934 935 941 934 941 940 935 930 936 935 936 941 936 937 942 937 943 942 937 938 943 938 944 943 938 939 944 939 945 944 939 940 945 940 946 945 940 941 946 941 947 946 941 936 947 936 942 947 942 943 949 942 949 948 943 944 950 943 950 949 944 945 951 944 951 950 945 946 952 945 952 951 946 947 953 946 953 952 947 942 948 947 948 953 948 949 954 949 955 954 949 950 955 950 956 955 950 951 956 951 957 956 951 952 957 952 958 957 952 953 958 953 959 958 953 948 959 948 954 959 954 955 961 954 961 960 955 956 962 955 962 961 956 957 963 956 963 962 957 958 964 957 964 963 958 959 965 958 965 964 959 954 960 959 960 965 960 961 966 961 967 966 961 962 967 962 968 967 962 963 968 963 969 968 963 964 969 964 970 969 964 965 970 965 971 970 965 960 971 960 966 971 966 967 973 966 973 972 967 968 974 967 974 973 968 969 975 968 975 974 969 970 976 969 976 975 970 971 977 970 977 976 971 966 972 971 972 977 972 973 978 973 979 978 973 974 979 974 980 979 974 975 980 975 981 980 975 976 981 976 982 981 976 977 982 977 983 982 977 972 983 972 978 983 978 979 985 978 985 984 979 980 986 979 986 985 980 981 987 980 987 986 981 982 988 981 988 987 982 983 989 982 989 988 983 978 984 983 984 989 984 985 990 985 991 990 985 986 991 986 992 991 986 987 992 987 993 992 987 988 993 988 994 993 988 989 994 989 995 994 989 984 995 984 990 995 990 991 997 990 997 996 991 992 998 991 998 997 992 993 999 992 999 998 993 994 1000 993 1000 999 994 995 1001 994 1001 1000 995 990 996 995 996 1001 996 997 1002 997 1003 1002 997 998 1003 998 1004 1003 998 999 1004 999 1005 1004 999 1000 1005 1000 1006 1005 1000 1001 1006 1001 1007 1006 1001 996 1007 996 1002 1007 1002 1003 1009 1002 1009 1008 1003 1004 1010 1003 1010 1009 1004 1005 1011 1004 1011 1010 1005 1006 1012 1005 1012 1011 1006 1007 1013 1006 1013 1012 1007 1002 1008 1007 1008 1013 1008 1009 1014 1009 1015 1014 1009 1010 1015 1010 1016 1015 1010 1011 1016 1011 1017 1016 1011 1012 1017 1012 1018 1017 1012 1013 1018 1013 1019 1018 1013 1008 1019 1008 1014 1019 1014 1015 1021 1014 1021 1020 1015 1016 1022 1015 1022 1021 1016 1017 1023 1016 1023 1022 1017 1018 1024 1017 1024 1023 1018 1019 1025 1018 1025 1024 1019 1014 1020 1019 1020 1025 1020 1021 1026 1021 1027 1026 1021 1022 1027 1022 1028 1027 1022 1023 1028 1023 1029 1028 1023 1024 1029 1024 1030 1029 1024 1025 1030 1025 1031 1030 1025 1020 1031 1020 1026 1031 1026 1027 1033 1026 1033 1032 1027 1028 1034 1027 1034 1033 1028 1029 1035 1028 1035 1034 1029 1030 1036 1029 1036 1035 1030 1031 1037 1030 1037 1036 1031 1026 1032 1031 1032 1037 1032 1033 1038 1033 1039 1038 1033 1034 1039 1034 1040 1039 1034 1035 1040 1035 1041 1040 1035 1036 1041 1036 1042 1041 1036 1037 1042 1037 1043 1042 1037 1032 1043 1032 1038 1043 1038 1039 1045 1038 1045 1044 1039 1040 1046 1039 1046 1045 1040 1041 1047 1040 1047 1046 1041 1042 1048 1041 1048 1047 1042 1043 1049 1042 1049 1048 1043 1038 1044 1043 1044 1049 1044 1045 1050 1045 1051 1050 1045 1046 1051 1046 1052 1051 1046 1047 1052 1047 1053 1052 1047 1048 1053 1048 1054 1053 1048 1049 1054 1049 1055 1054 1049 1044 1055 1044 1050 1055 1050 1051 1057 1050 1057 1056 1051 1052 1058 1051 1058 1057 1052 1053 1059 1052 1059 1058 1053 1054 1060 1053 1060 1059 1054 1055 1061 1054 1061 1060 1055 1050 1056 1055 1056 1061 1056 1057 1062 1057 1063 1062 1057 1058 1063 1058 1064 1063 1058 1059 1064 1059 1065 1064 1059 1060 1065 1060 1066 1065 1060 1061 1066 1061 1067 1066 1061 1056 1067 1056 1062 1067 1062 1063 1069 1062 1069 1068 1063 1064 1070 1063 1070 1069 1064 1065 1071 1064 1071 1070 1065 1066 1072 1065 1072 1071 1066 1067 1073 1066 1073 1072 1067 1062 1068 1067 1068 1073 1068 1069 1074 1069 1075 1074 1069 1070 1075 1070 1076 1075 1070 1071 1076 1071 1077 1076 1071 1072 1077 1072 1078 1077 1072 1073 1078 1073 1079 1078 1073 1068 1079 1068 1074 1079 1074 1075 1081 1074 1081 1080 1075 1076 1082 1075 1082 1081 1076 1077 1083 1076 1083 1082 1077 1078 1084 1077 1084 1083 1078 1079 1085 1078 1085 1084 1079 1074 1080 1079 1080 1085 1080 1081 1086 1081 1087 1086 1081 1082 1087 1082 1088 1087 1082 1083 1088 1083 1089 1088 1083 1084 1089 1084 1090 1089 1084 1085 1090 1085 1091 1090 1085 1080 1091 1080 1086 1091 1086 1087 1093 1086 1093 1092 1087 1088 1094 1087 1094 1093 1088 1089 1095 1088 1095 1094 1089 1090 1096 1089 1096 1095 1090 1091 1097 1090 1097 1096 1091 1086 1092 1091 1092 1097 1092 1093 1098 1093 1099 1098 1093 1094 1099 1094 1100 1099 1094 1095 1100 1095 1101 1100 1095 1096 1101 1096 1102 1101 1096 1097 1102 1097 1103 1102 1097 1092 1103 1092 1098 1103 1098 1099 1105 1098 1105 1104 1099 1100 1106 1099 1106 1105 1100 1101 1107 1100 1107 1106 1101 1102 1108 1101 1108 1107 1102 1103 1109 1102 1109 1108 1103 1098 1104 1103 1104 1109 1104 1105 1110 1105 1111 1110 1105 1106 1111 1106 1112 1111 1106 1107 1112 1107 1113 1112 1107 1108 1113 1108 1114 1113 1108 1109 1114 1109 1115 1114 1109 1104 1115 1104 1110 1115 1110 1111 1117 1110 1117 1116 1111 1112 1118 1111 1118 1117 1112 1113 1119 1112 1119 1118 1113 1114 1120 1113 1120 1119 1114 1115 1121 1114 1121 1120 1115 1110 1116 1115 1116 1121 1116 1117 1122 1117 1123 1122 1117 1118 1123 1118 1124 1123 1118 1119 1124 1119 1125 1124 1119 1120 1125 1120 1126 1125 1120 1121 1126 1121 1127 1126 1121 1116 1127 1116 1122 1127 1122 1123 1129 1122 1129 1128 1123 1124 1130 1123 1130 1129 1124 1125 1131 1124 1131 1130 1125 1126 1132 1125 1132 1131 1126 1127 1133 1126 1133 1132 1127 1122 1128 1127 1128 1133 1128 1129 1134 1129 1135 1134 1129 1130 1135 1130 1136 1135 1130 1131 1136 1131 1137 1136 1131 1132 1137 1132 1138 1137 1132 1133 1138 1133 1139 1138 1133 1128 1139 1128 1134 1139 1134 1135 1141 1134 1141 1140 1135 1136 1142 1135 1142 1141 1136 1137 1143 1136 1143 1142 1137 1138 1144 1137 1144 1143 1138 1139 1145 1138 1145 1144 1139 1134 1140 1139 1140 1145 1140 1141 1146 1141 1147 1146 1141 1142 1147 1142 1148 1147 1142 1143 1148 1143 1149 1148 1143 1144 1149 1144 1150 1149 1144 1145 1150 1145 1151 1150 1145 1140 1151 1140 1146 1151 1146 1147 1153 1146 1153 1152 1147 1148 1154 1147 1154 1153 1148 1149 1155 1148 1155 1154 1149 1150 1156 1149 1156 1155 1150 1151 1157 1150 1157 1156 1151 1146 1152 1151 1152 1157 1152 1153 1158 1153 1159 1158 1153 1154 1159 1154 1160 1159 1154 1155 1160 1155 1161 1160 1155 1156 1161 1156 1162 1161 1156 1157 1162 1157 1163 1162 1157 1152 1163 1152 1158 1163 1158 1159 1165 1158 1165 1164 1159 1160 1166 1159 1166 1165 1160 1161 1167 1160 1167 1166 1161 1162 1168 1161 1168 1167 1162 1163 1169 1162 1169 1168 1163 1158 1164 1163 1164 1169 1164 1165 1170 1165 1171 1170 1165 1166 1171 1166 1172 1171 1166 1167 1172 1167 1173 1172 1167 1168 1173 1168 1174 1173 1168 1169 1174 1169 1175 1174 1169 1164 1175 1164 1170 1175 1170 1171 1177 1170 1177 1176 1171 1172 1178 1171 1178 1177 1172 1173 1179 1172 1179 1178 1173 1174 1180 1173 1180 1179 1174 1175 1181 1174 1181 1180 1175 1170 1176 1175 1176 1181 1176 1177 1182 1177 1183 1182 1177 1178 1183 1178 1184 1183 1178 1179 1184 1179 1185 1184 1179 1180 1185 1180 1186 1185 1180 1181 1186 1181 1187 1186 1181 1176 1187 1176 1182 1187 1182 1183 1189 1182 1189 1188 1183 1184 1190 1183 1190 1189 1184 1185 1191 1184 1191 1190 1185 1186 1192 1185 1192 1191 1186 1187 1193 1186 1193 1192 1187 1182 1188 1187 1188 1193 1188 1189 1194 1189 1195 1194 1189 1190 1195 1190 1196 1195 1190 1191 1196 1191 1197 1196 1191 1192 1197 1192 1198 1197 1192 1193 1198 1193 1199 1198 1193 1188 1199 1188 1194 1199 1194 1195 1201 1194 1201 1200 1195 1196 1202 1195 1202 1201 1196 1197 1203 1196 1203 1202 1197 1198 1204 1197 1204 1203 1198 1199 1205 1198 1205 1204 1199 1194 1200 1199 1200 1205 1200 1201 1206 1201 1207 1206 1201 1202 1207 1202 1208 1207 1202 1203 1208 1203 1209 1208 1203 1204 1209 1204 1210 1209 1204 1205 1210 1205 1211 1210 1205 1200 1211 1200 1206 1211 1206 1207 1213 1206 1213 1212 1207 1208 1214 1207 1214 1213 1208 1209 1215 1208 1215 1214 1209 1210 1216 1209 1216 1215 1210 1211 1217 1210 1217 1216 1211 1206 1212 1211 1212 1217 1212 1213 1218 1213 1219 1218 1213 1214 1219 1214 1220 1219 1214 1215 1220 1215 1221 1220 1215 1216 1221 1216 1222 1221 1216 1217 1222 1217 1223 1222 1217 1212 1223 1212 1218 1223 1218 1219 1225 1218 1225 1224 1219 1220 1226 1219 1226 1225 1220 1221 1227 1220 1227 1226 1221 1222 1228 1221 1228 1227 1222 1223 1229 1222 1229 1228 1223 1218 1224 1223 1224 1229 1224 1225 1230 1225 1231 1230 1225 1226 1231 1226 1232 1231 1226 1227 1232 1227 1233 1232 1227 1228 1233 1228 1234 1233 1228 1229 1234 1229 1235 1234 1229 1224 1235 1224 1230 1235 1230 1231 1237 1230 1237 1236 1231 1232 1238 1231 1238 1237 1232 1233 1239 1232 1239 1238 1233 1234 1240 1233 1240 1239 1234 1235 1241 1234 1241 1240 1235 1230 1236 1235 1236 1241 1236 1237 1242 1237 1243 1242 1237 1238 1243 1238 1244 1243 1238 1239 1244 1239 1245 1244 1239 1240 1245 1240 1246 1245 1240 1241 1246 1241 1247 1246 1241 1236 1247 1236 1242 1247 1242 1243 1249 1242 1249 1248 1243 1244 1250 1243 1250 1249 1244 1245 1251 1244 1251 1250 1245 1246 1252 1245 1252 1251 1246 1247 1253 1246 1253 1252 1247 1242 1248 1247 1248 1253 1248 1249 1254 1249 1255 1254 1249 1250 1255 1250 1256 1255 1250 1251 1256 1251 1257 1256 1251 1252 1257 1252 1258 1257 1252 1253 1258 1253 1259 1258 1253 1248 1259 1248 1254 1259 1254 1255 1261 1254 1261 1260 1255 1256 1262 1255 1262 1261 1256 1257 1263 1256 1263 1262 1257 1258 1264 1257 1264 1263 1258 1259 1265 1258 1265 1264 1259 1254 1260 1259 1260 1265 1260 1261 1266 1261 1267 1266 1261 1262 1267 1262 1268 1267 1262 1263 1268 1263 1269 1268 1263 1264 1269 1264 1270 1269 1264 1265 1270 1265 1271 1270 1265 1260 1271 1260 1266 1271 1266 1267 1273 1266 1273 1272 1267 1268 1274 1267 1274 1273 1268 1269 1275 1268 1275 1274 1269 1270 1276 1269 1276 1275 1270 1271 1277 1270 1277 1276 1271 1266 1272 1271 1272 1277 1272 1273 1278 1273 1279 1278 1273 1274 1279 1274 1280 1279 1274 1275 1280 1275 1281 1280 1275 1276 1281 1276 1282 1281 1276 1277 1282 1277 1283 1282 1277 1272 1283 1272 1278 1283 1278 1279 1285 1278 1285 1284 1279 1280 1286 1279 1286 1285 1280 1281 1287 1280 1287 1286 1281 1282 1288 1281 1288 1287 1282 1283 1289 1282 1289 1288 1283 1278 1284 1283 1284 1289 1284 1285 1290 1285 1291 1290 1285 1286 1291 1286 1292 1291 1286 1287 1292 1287 1293 1292 1287 1288 1293 1288 1294 1293 1288 1289 1294 1289 1295 1294 1289 1284 1295 1284 1290 1295 1290 1291 1297 1290 1297 1296 1291 1292 1298 1291 1298 1297 1292 1293 1299 1292 1299 1298 1293 1294 1300 1293 1300 1299 1294 1295 1301 1294 1301 1300 1295 1290 1296 1295 1296 1301 1296 1297 1302 1297 1303 1302 1297 1298 1303 1298 1304 1303 1298 1299 1304 1299 1305 1304 1299 1300 1305 1300 1306 1305 1300 1301 1306 1301 1307 1306 1301 1296 1307 1296 1302 1307 1302 1303 1309 1302 1309 1308 1303 1304 1310 1303 1310 1309 1304 1305 1311 1304 1311 1310 1305 1306 1312 1305 1312 1311 1306 1307 1313 1306 1313 1312 1307 1302 1308 1307 1308 1313 1308 1309 1314 1309 1315 1314 1309 1310 1315 1310 1316 1315 1310 1311 1316 1311 1317 1316 1311 1312 1317 1312 1318 1317 1312 1313 1318 1313 1319 1318 1313 1308 1319 1308 1314 1319 1314 1315 1321 1314 1321 1320 1315 1316 1322 1315 1322 1321 1316 1317 1323 1316 1323 1322 1317 1318 1324 1317 1324 1323 1318 1319 1325 1318 1325 1324 1319 1314 1320 1319 1320 1325 1326 1328 1327 1326 1329 1328 1326 1330 1329 1326 1331 1330 1326 1332 1331 1326 1327 1332 1333 1334 1335 1333 1335 1336 1333 1336 1337 1333 1337 1338 1333 1338 1339 1333 1339 1334" solid="false" colorPerVertex="false">
     <Coordinate point="0.01 0 -1 0.005 0.00866025 -1 -0.005 0.00866025 -1 -0.01 1.22465e-18 -1 -0.005 -0.00866025 -1 0.005 -0.00866025 -1 0.00866025 0.005 -0.990909 6.12323e-19 0.01 -0.990909 -0.00866025 0.005 -0.990909 -0.00866025 -0.005 -0.990909 -1.83697e-18 -0.01 -0.990909 0.00866025 -0.005 -0.990909 0.01 0 -0.981818 0.005 0.00866025 -0.981818 -0.005 0.00866025 -0.981818 -0.01 1.22465e-18 -0.981818 -0.005 -0.00866025 -0.981818 0.005 -0.00866025 -0.981818 0.00866025 0.005 -0.972727 6.12323e-19 0.01 -0.972727 -0.00866025 0.005 -0.972727 -0.00866025 -0.005 -0.972727 -1.83697e-18 -0.01 -0.972727 0.00866025 -0.005 -0.972727 0.01 0 -0.963636 0.005 0.00866025 -0.963636 -0.005 0.00866025 -0.963636 -0.01 1.22465e-18 -0.963636 -0.005 -0.00866025 -0.963636 0.005 -0.00866025 -0.963636 0.00866025 0.005 -0.954545 6.12323e-19 0.01 -0.954545 -0.00866025 0.005 -0.954545 -0.00866025 -0.005 -0.954545 -1.83697e-18 -0.01 -0.954545 0.00866025 -0.005 -0.954545 0.01 0 -0.945455 0.005 0.00866025 -0.945455 -0.005 0.00866025 -0.945455 -0.01 1.22465e-18 -0.945455 -0.005 -0.00866025 -0.945455 0.005 -0.00866025 -0.945455 0.00866025 0.005 -0.936364 6.12323e-19 0.01 -0.936364 -0.00866025 0.005 -0.936364 -0.00866025 -0.005 -0.936364 -1.83697e-18 -0.01 -0.936364 0.00866025 -0.005 -0.936364 0.01 0 -0.927273 0.005 0.00866025 -0.927273 -0.005 0.00866025 -0.927273 -0.01 1.22465e-18 -0.927273 -0.005 -0.00866025 -0.927273 0.005 -0.00866025 -0.927273 0.00866025 0.005 -0.918182 6.12323e-19 0.01 -0.918182 -0.00866025 0.005 -0.918182 -0.00866025 -0.005 -0.918182 -1.83697e-18 -0.01 -0.918182 0.00866025 -0.005 -0.918182 0.01 0 -0.909091 0.005 0.00866025 -0.909091 -0.005 0.00866025 -0.909091 -0.01 1.22465e-18 -0.909091 -0.005 -0.00866025 -0.909091 0.005 -0.00866025 -0.909091 0.00866025 0.005 -0.9 6.12323e-19 0.01 -0.9 -0.00866025 0.005 -0.9 -0.00866025 -0.005 -0.9 -1.83697e-18 -0.01 -0.9 0.00866025 -0.005 -0.9 0.01 0 -0.890909 0.005 0.00866025 -0.890909 -0.005 0.00866025 -0.890909 -0.01 1.22465e-18 -0.890909 -0.005 -0.00866025 -0.890909 0.005 -0.00866025 -0.890909 0.00866025 0.005 -0.881818 6.12323e-19 0.01 -0.881818 -0.00866025 0.005 -0.881818 -0.00866025 -0.005 -0.881818 -1.83697e-18 -0.01 -0.881818 0.00866025 -0.005 -0.881818 0.01 0 -0.872727 0.005 0.00866025 -0.872727 -0.005 0.00866025 -0.872727 -0.01 1.22465e-18 -0.872727 -0.005 -0.00866025 -0.872727 0.005 -0.00866025 -0.872727 0.00866025 0.005 -0.863636 6.12323e-19 0.01 -0.863636 -0.00866025 0.005 -0.863636 -0.00866025 -0.005 -0.863636 -1.83697e-18 -0.01 -0.863636 0.00866025 -0.005 -0.863636 0.01 0 -0.854545 0.005 0.00866025 -0.854545 -0.005 0.00866025 -0.854545 -0.01 1.22465e-18 -0.854545 -0.005 -0.00866025 -0.854545 0.005 -0.00866025 -0.854545 0.00866025 0.005 -0.845455 6.12323e-19 0.01 -0.845455 -0.00866025 0.005 -0.845455 -0.00866025 -0.005 -0.845455 -1.83697e-18 -0.01 -0.845455 0.00866025 -0.005 -0.845455 0.01 0 -0.836364 0.005 0.00866025 -0.836364 -0.005 0.00866025 -0.836364 -0.01 1.22465e-18 -0.836364 -0.005 -0.00866025 -0.836364 0.005 -0.00866025 -0.836364 0.00866025 0.005 -0.827273 6.12323e-19 0.01 -0.827273 -0.00866025 0.005 -0.827273 -0.00866025 -0.005 -0.827273 -1.83697e-18 -0.01 -0.827273 0.00866025 -0.005 -0.827273 0.01 0 -0.818182 0.005 0.00866025 -0.818182 -0.005 0.00866025 -0.818182 -0.01 1.22465e-18 -0.818182 -0.005 -0.00866025 -0.818182 0.005 -0.00866025 -0.818182 0.00866025 0.005 -0.809091 6.12323e-19 0.01 -0.809091 -0.00866025 0.005 -0.809091 -0.00866025 -0.005 -0.809091 -1.83697e-18 -0.01 -0.809091 0.00866025 -0.005 -0.809091 0.01 0 -0.8 0.005 0.00866025 -0.8 -0.005 0.00866025 -0.8 -0.01 1.22465e-18 -0.8 -0.005 -0.00866025 -0.8 0.005 -0.00866025 -0.8 0.00866025 0.005 -0.790909 6.12323e-19 0.01 -0.790909 -0.00866025 0.005 -0.790909 -0.00866025 -0.005 -0.790909 -1.83697e-18 -0.01 -0.790909 0.00866025 -0.005 -0.790909 0.01 0 -0.781818 0.005 0.00866025 -0.781818 -0.005 0.00866025 -0.781818 -0.01 1.22465e-18 -0.781818 -0.005 -0.00866025 -0.781818 0.005 -0.00866025 -0.781818 0.00866025 0.005 -0.772727 6.12323e-19 0.01 -0.772727 -0.00866025 0.005 -0.772727 -0.00866025 -0.005 -0.772727 -1.83697e-18 -0.01 -0.772727 0.00866025 -0.005 -0.772727 0.01 0 -0.763636 0.005 0.00866025 -0.763636 -0.005 0.00866025 -0.763636 -0.01 1.22465e-18 -0.763636 -0.005 -0.00866025 -0.763636 0.005 -0.00866025 -0.763636 0.00866025 0.005 -0.754545 6.12323e-19 0.01 -0.754545 -0.00866025 0.005 -0.754545 -0.00866025 -0.005 -0.754545 -1.83697e-18 -0.01 -0.754545 0.00866025 -0.005 -0.754545 0.01 0 -0.745455 0.005 0.00866025 -0.745455 -0.005 0.00866025 -0.745455 -0.01 1.22465e-18 -0.745455 -0.005 -0.00866025 -0.745455 0.005 -0.00866025 -0.745455 0.00866025 0.005 -0.736364 6.12323e-19 0.01 -0.736364 -0.00866025 0.005 -0.736364 -0.00866025 -0.005 -0.736364 -1.83697e-18 -0.01 -0.736364 0.00866025 -0.005 -0.736364 0.01 0 -0.727273 0.005 0.00866025 -0.727273 -0.005 0.00866025 -0.727273 -0.01 1.22465e-18 -0.727273 -0.005 -0.00866025 -0.727273 0.005 -0.00866025 -0.727273 0.00866025 0.005 -0.718182 6.12323e-19 0.01 -0.718182 -0.00866025 0.005 -0.718182 -0.00866025 -0.005 -0.718182 -1.83697e-18 -0.01 -0.718182 0.00866025 -0.005 -0.718182 0.01 0 -0.709091 0.005 0.00866025 -0.709091 -0.005 0.00866025 -0.709091 -0.01 1.22465e-18 -0.709091 -0.005 -0.00866025 -0.709091 0.005 -0.00866025 -0.709091 0.00866025 0.005 -0.7 6.12323e-19 0.01 -0.7 -0.00866025 0.005 -0.7 -0.00866025 -0.005 -0.7 -1.83697e-18 -0.01 -0.7 0.00866025 -0.005 -0.7 0.01 0 -0.690909 0.005 0.00866025 -0.690909 -0.005 0.00866025 -0.690909 -0.01 1.22465e-18 -0.690909 -0.005 -0.00866025 -0.690909 0.005 -0.00866025 -0.690909 0.00866025 0.005 -0.681818 6.12323e-19 0.01 -0.681818 -0.00866025 0.005 -0.681818 -0.00866025 -0.005 -0.681818 -1.83697e-18 -0.01 -0.681818 0.00866025 -0.005 -0.681818 0.01 0 -0.672727 0.005 0.00866025 -0.672727 -0.005 0.00866025 -0.672727 -0.01 1.22465e-18 -0.672727 -0.005 -0.00866025 -0.672727 0.005 -0.00866025 -0.672727 0.00866025 0.005 -0.663636 6.12323e-19 0.01 -0.663636 -0.00866025 0.005 -0.663636 -0.00866025 -0.005 -0.663636 -1.83697e-18 -0.01 -0.663636 0.00866025 -0.005 -0.663636 0.01 0 -0.654545 0.005 0.00866025 -0.654545 -0.005 0.00866025 -0.654545 -0.01 1.22465e-18 -0.654545 -0.005 -0.00866025 -0.654545 0.005 -0.00866025 -0.654545 0.00866025 0.005 -0.645455 6.12323e-19 0.01 -0.645455 -0.00866025 0.005 -0.645455 -0.00866025 -0.005 -0.645455 -1.83697e-18 -0.01 -0.645455 0.00866025 -0.005 -0.645455 0.01 0 -0.636364 0.005 0.00866025 -0.636364 -0.005 0.00866025 -0.636364 -0.01 1.22465e-18 -0.636364 -0.005 -0.00866025 -0.636364 0.005 -0.00866025 -0.636364 0.00866025 0.005 -0.627273 6.12323e-19 0.01 -0.627273 -0.00866025 0.005 -0.627273 -0.00866025 -0.005 -0.627273 -1.83697e-18 -0.01 -0.627273 0.00866025 -0.005 -0.627273 0.01 0 -0.618182 0.005 0.00866025 -0.618182 -0.005 0.00866025 -0.618182 -0.01 1.22465e-18 -0.618182 -0.005 -0.00866025 -0.618182 0.005 -0.00866025 -0.618182 0.00866025 0.005 -0.609091 6.12323e-19 0.01 -0.609091 -0.00866025 0.005 -0.609091 -0.00866025 -0.005 -0.609091 -1.83697e-18 -0.01 -0.609091 0.00866025 -0.005 -0.609091 0.01 0 -0.6 0.005 0.00866025 -0.6 -0.005 0.00866025 -0.6 -0.01 1.22465e-18 -0.6 -0.005 -0.00866025 -0.6 0.005 -0.00866025 -0.6 0.00866025 0.005 -0.590909 6.12323e-19 0.01 -0.590909 -0.00866025 0.005 -0.590909 -0.00866025 -0.005 -0.590909 -1.83697e-18 -0.01 -0.590909 0.00866025 -0.005 -0.590909 0.01 0 -0.581818 0.005 0.00866025 -0.581818 -0.005 0.00866025 -0.581818 -0.01 1.22465e-18 -0.581818 -0.005 -0.00866025 -0.581818 0.005 -0.00866025 -0.581818 0.00866025 0.005 -0.572727 6.12323e-19 0.01 -0.572727 -0.00866025 0.005 -0.572727 -0.00866025 -0.005 -0.572727 -1.83697e-18 -0.01 -0.572727 0.00866025 -0.005 -0.572727 0.01 0 -0.563636 0.005 0.00866025 -0.563636 -0.005 0.00866025 -0.563636 -0.01 1.22465e-18 -0.563636 -0.005 -0.00866025 -0.563636 0.005 -0.00866025 -0.563636 0.00866025 0.005 -0.554545 6.12323e-19 0.01 -0.554545 -0.00866025 0.005 -0.554545 -0.00866025 -0.005 -0.554545 -1.83697e-18 -0.01 -0.554545 0.00866025 -0.005 -0.554545 0.01 0 -0.545455 0.005 0.00866025 -0.545455 -0.005 0.00866025 -0.545455 -0.01 1.22465e-18 -0.545455 -0.005 -0.00866025 -0.545455 0.005 -0.00866025 -0.545455 0.00866025 0.005 -0.536364 6.12323e-19 0.01 -0.536364 -0.00866025 0.005 -0.536364 -0.00866025 -0.005 -0.536364 -1.83697e-18 -0.01 -0.536364 0.00866025 -0.005 -0.536364 0.01 0 -0.527273 0.005 0.00866025 -0.527273 -0.005 0.00866025 -0.527273 -0.01 1.22465e-18 -0.527273 -0.005 -0.00866025 -0.527273 0.005 -0.00866025 -0.527273 0.00866025 0.005 -0.518182 6.12323e-19 0.01 -0.518182 -0.00866025 0.005 -0.518182 -0.00866025 -0.005 -0.518182 -1.83697e-18 -0.01 -0.518182 0.00866025 -0.005 -0.518182 0.01 0 -0.509091 0.005 0.00866025 -0.509091 -0.005 0.00866025 -0.509091 -0.01 1.22465e-18 -0.509091 -0.005 -0.00866025 -0.509091 0.005 -0.00866025 -0.509091 0.00866025 0.005 -0.5 6.12323e-19 0.01 -0.5 -0.00866025 0.005 -0.5 -0.00866025 -0.005 -0.5 -1.83697e-18 -0.01 -0.5 0.00866025 -0.005 -0.5 0.01 0 -0.490909 0.005 0.00866025 -0.490909 -0.005 0.00866025 -0.490909 -0.01 1.22465e-18 -0.490909 -0.005 -0.00866025 -0.490909 0.005 -0.00866025 -0.490909 0.00866025 0.005 -0.481818 6.12323e-19 0.01 -0.481818 -0.00866025 0.005 -0.481818 -0.00866025 -0.005 -0.481818 -1.83697e-18 -0.01 -0.481818 0.00866025 -0.005 -0.481818 0.01 0 -0.472727 0.005 0.00866025 -0.472727 -0.005 0.00866025 -0.472727 -0.01 1.22465e-18 -0.472727 -0.005 -0.00866025 -0.472727 0.005 -0.00866025 -0.472727 0.00866025 0.005 -0.463636 6.12323e-19 0.01 -0.463636 -0.00866025 0.005 -0.463636 -0.00866025 -0.005 -0.463636 -1.83697e-18 -0.01 -0.463636 0.00866025 -0.005 -0.463636 0.01 0 -0.454545 0.005 0.00866025 -0.454545 -0.005 0.00866025 -0.454545 -0.01 1.22465e-18 -0.454545 -0.005 -0.00866025 -0.454545 0.005 -0.00866025 -0.454545 0.00866025 0.005 -0.445455 6.12323e-19 0.01 -0.445455 -0.00866025 0.005 -0.445455 -0.00866025 -0.005 -0.445455 -1.83697e-18 -0.01 -0.445455 0.00866025 -0.005 -0.445455 0.01 0 -0.436364 0.005 0.00866025 -0.436364 -0.005 0.00866025 -0.436364 -0.01 1.22465e-18 -0.436364 -0.005 -0.00866025 -0.436364 0.005 -0.00866025 -0.436364 0.00866025 0.005 -0.427273 6.12323e-19 0.01 -0.427273 -0.00866025 0.005 -0.427273 -0.00866025 -0.005 -0.427273 -1.83697e-18 -0.01 -0.427273 0.00866025 -0.005 -0.427273 0.01 0 -0.418182 0.005 0.00866025 -0.418182 -0.005 0.00866025 -0.418182 -0.01 1.22465e-18 -0.418182 -0.005 -0.00866025 -0.418182 0.005 -0.00866025 -0.418182 0.00866025 0.005 -0.409091 6.12323e-19 0.01 -0.409091 -0.00866025 0.005 -0.409091 -0.00866025 -0.005 -0.409091 -1.83697e-18 -0.01 -0.409091 0.00866025 -0.005 -0.409091 0.01 0 -0.4 0.005 0.00866025 -0.4 -0.005 0.00866025 -0.4 -0.01 1.22465e-18 -0.4 -0.005 -0.00866025 -0.4 0.005 -0.00866025 -0.4 0.00866025 0.005 -0.390909 6.12323e-19 0.01 -0.390909 -0.00866025 0.005 -0.390909 -0.00866025 -0.005 -0.390909 -1.83697e-18 -0.01 -0.390909 0.00866025 -0.005 -0.390909 0.01 0 -0.381818 0.005 0.00866025 -0.381818 -0.005 0.00866025 -0.381818 -0.01 1.22465e-18 -0.381818 -0.005 -0.00866025 -0.381818 0.005 -0.00866025 -0.381818 0.00866025 0.005 -0.372727 6.12323e-19 0.01 -0.372727 -0.00866025 0.005 -0.372727 -0.00866025 -0.005 -0.372727 -1.83697e-18 -0.01 -0.372727 0.00866025 -0.005 -0.372727 0.01 0 -0.363636 0.005 0.00866025 -0.363636 -0.005 0.00866025 -0.363636 -0.01 1.22465e-18 -0.363636 -0.005 -0.00866025 -0.363636 0.005 -0.00866025 -0.363636 0.00866025 0.005 -0.354545 6.12323e-19 0.01 -0.354545 -0.00866025 0.005 -0.354545 -0.00866025 -0.005 -0.354545 -1.83697e-18 -0.01 -0.354545 0.00866025 -0.005 -0.354545 0.01 0 -0.345455 0.005 0.00866025 -0.345455 -0.005 0.00866025 -0.345455 -0.01 1.22465e-18 -0.345455 -0.005 -0.00866025 -0.345455 0.005 -0.00866025 -0.345455 0.00866025 0.005 -0.336364 6.12323e-19 0.01 -0.336364 -0.00866025 0.005 -0.336364 -0.00866025 -0.005 -0.336364 -1.83697e-18 -0.01 -0.336364 0.00866025 -0.005 -0.336364 0.01 0 -0.327273 0.005 0.00866025 -0.327273 -0.005 0.00866025 -0.327273 -0.01 1.22465e-18 -0.327273 -0.005 -0.00866025 -0.327273 0.005 -0.00866025 -0.327273 0.00866025 0.005 -0.318182 6.12323e-19 0.01 -0.318182 -0.00866025 0.005 -0.318182 -0.00866025 -0.005 -0.318182 -1.83697e-18 -0.01 -0.318182 0.00866025 -0.005 -0.318182 0.01 0 -0.309091 0.005 0.00866025 -0.309091 -0.005 0.00866025 -0.309091 -0.01 1.22465e-18 -0.309091 -0.005 -0.00866025 -0.309091 0.005 -0.00866025 -0.309091 0.00866025 0.005 -0.3 6.12323e-19 0.01 -0.3 -0.00866025 0.005 -0.3 -0.00866025 -0.005 -0.3 -1.83697e-18 -0.01 -0.3 0.00866025 -0.005 -0.3 0.01 0 -0.290909 0.005 0.00866025 -0.290909 -0.005 0.00866025 -0.290909 -0.01 1.22465e-18 -0.290909 -0.005 -0.00866025 -0.290909 0.005 -0.00866025 -0.290909 0.00866025 0.005 -0.281818 6.12323e-19 0.01 -0.281818 -0.00866025 0.005 -0.281818 -0.00866025 -0.005 -0.281818 -1.83697e-18 -0.01 -0.281818 0.00866025 -0.005 -0.281818 0.01 0 -0.272727 0.005 0.00866025 -0.272727 -0.005 0.00866025 -0.272727 -0.01 1.22465e-18 -0.272727 -0.005 -0.00866025 -0.272727 0.005 -0.00866025 -0.272727 0.00866025 0.005 -0.263636 6.12323e-19 0.01 -0.263636 -0.00866025 0.005 -0.263636 -0.00866025 -0.005 -0.263636 -1.83697e-18 -0.01 -0.263636 0.00866025 -0.005 -0.263636 0.01 0 -0.254545 0.005 0.00866025 -0.254545 -0.005 0.00866025 -0.254545 -0.01 1.22465e-18 -0.254545 -0.005 -0.00866025 -0.254545 0.005 -0.00866025 -0.254545 0.00866025 0.005 -0.245455 6.12323e-19 0.01 -0.245455 -0.00866025 0.005 -0.245455 -0.00866025 -0.005 -0.245455 -1.83697e-18 -0.01 -0.245455 0.00866025 -0.005 -0.245455 0.01 0 -0.236364 0.005 0.00866025 -0.236364 -0.005 0.00866025 -0.236364 -0.01 1.22465e-18 -0.236364 -0.005 -0.00866025 -0.236364 0.005 -0.00866025 -0.236364 0.00866025 0.005 -0.227273 6.12323e-19 0.01 -0.227273 -0.00866025 0.005 -0.227273 -0.00866025 -0.005 -0.227273 -1.83697e-18 -0.01 -0.227273 0.00866025 -0.005 -0.227273 0.01 0 -0.218182 0.005 0.00866025 -0.218182 -0.005 0.00866025 -0.218182 -0.01 1.22465e-18 -0.218182 -0.005 -0.00866025 -0.218182 0.005 -0.00866025 -0.218182 0.00866025 0.005 -0.209091 6.12323e-19 0.01 -0.209091 -0.00866025 0.005 -0.209091 -0.00866025 -0.005 -0.209091 -1.83697e-18 -0.01 -0.209091 0.00866025 -0.005 -0.209091 0.01 0 -0.2 0.005 0.00866025 -0.2 -0.005 0.00866025 -0.2 -0.01 1.22465e-18 -0.2 -0.005 -0.00866025 -0.2 0.005 -0.00866025 -0.2 0.00866025 0.005 -0.190909 6.12323e-19 0.01 -0.190909 -0.00866025 0.005 -0.190909 -0.00866025 -0.005 -0.190909 -1.83697e-18 -0.01 -0.190909 0.00866025 -0.005 -0.190909 0.01 0 -0.181818 0.005 0.00866025 -0.181818 -0.005 0.00866025 -0.181818 -0.01 1.22465e-18 -0.181818 -0.005 -0.00866025 -0.181818 0.005 -0.00866025 -0.181818 0.00866025 0.005 -0.172727 6.12323e-19 0.01 -0.172727 -0.00866025 0.005 -0.172727 -0.00866025 -0.005 -0.172727 -1.83697e-18 -0.01 -0.172727 0.00866025 -0.005 -0.172727 0.01 0 -0.163636 0.005 0.00866025 -0.163636 -0.005 0.00866025 -0.163636 -0.01 1.22465e-18 -0.163636 -0.005 -0.00866025 -0.163636 0.005 -0.00866025 -0.163636 0.00866025 0.005 -0.154545 6.12323e-19 0.01 -0.154545 -0.00866025 0.005 -0.154545 -0.00866025 -0.005 -0.154545 -1.83697e-18 -0.01 -0.154545 0.00866025 -0.005 -0.154545 0.01 0 -0.145455 0.005 0.00866025 -0.145455 -0.005 0.00866025 -0.145455 -0.01 1.22465e-18 -0.145455 -0.005 -0.00866025 -0.145455 0.005 -0.00866025 -0.145455 0.00866025 0.005 -0.136364 6.12323e-19 0.01 -0.136364 -0.00866025 0.005 -0.136364 -0.00866025 -0.005 -0.136364 -1.83697e-18 -0.01 -0.136364 0.00866025 -0.005 -0.136364 0.01 0 -0.127273 0.005 0.00866025 -0.127273 -0.005 0.00866025 -0.127273 -0.01 1.22465e-18 -0.127273 -0.005 -0.00866025 -0.127273 0.005 -0.00866025 -0.127273 0.00866025 0.005 -0.118182 6.12323e-19 0.01 -0.118182 -0.00866025 0.005 -0.118182 -0.00866025 -0.005 -0.118182 -1.83697e-18 -0.01 -0.118182 0.00866025 -0.005 -0.118182 0.01 0 -0.109091 0.005 0.00866025 -0.109091 -0.005 0.00866025 -0.109091 -0.01 1.22465e-18 -0.109091 -0.005 -0.00866025 -0.109091 0.005 -0.00866025 -0.109091 0.00866025 0.005 -0.1 6.12323e-19 0.01 -0.1 -0.00866025 0.005 -0.1 -0.00866025 -0.005 -0.1 -1.83697e-18 -0.01 -0.1 0.00866025 -0.005 -0.1 0.01 0 -0.0909091 0.005 0.00866025 -0.0909091 -0.005 0.00866025 -0.0909091 -0.01 1.22465e-18 -0.0909091 -0.005 -0.00866025 -0.0909091 0.005 -0.00866025 -0.0909091 0.00866025 0.005 -0.0818182 6.12323e-19 0.01 -0.0818182 -0.00866025 0.005 -0.0818182 -0.00866025 -0.005 -0.0818182 -1.83697e-18 -0.01 -0.0818182 0.00866025 -0.005 -0.0818182 0.01 0 -0.0727273 0.005 0.00866025 -0.0727273 -0.005 0.00866025 -0.0727273 -0.01 1.22465e-18 -0.0727273 -0.005 -0.00866025 -0.0727273 0.005 -0.00866025 -0.0727273 0.00866025 0.005 -0.0636364 6.12323e-19 0.01 -0.0636364 -0.00866025 0.005 -0.0636364 -0.00866025 -0.005 -0.0636364 -1.83697e-18 -0.01 -0.0636364 0.00866025 -0.005 -0.0636364 0.01 0 -0.0545455 0.005 0.00866025 -0.0545455 -0.005 0.00866025 -0.0545455 -0.01 1.22465e-18 -0.0545455 -0.005 -0.00866025 -0.0545455 0.005 -0.00866025 -0.0545455 0.00866025 0.005 -0.0454545 6.12323e-19 0.01 -0.0454545 -0.00866025 0.005 -0.0454545 -0.00866025 -0.005 -0.0454545 -1.83697e-18 -0.01 -0.0454545 0.00866025 -0.005 -0.0454545 0.01 0 -0.0363636 0.005 0.00866025 -0.0363636 -0.005 0.00866025 -0.0363636 -0.01 1.22465e-18 -0.0363636 -0.005 -0.00866025 -0.0363636 0.005 -0.00866025 -0.0363636 0.00866025 0.005 -0.0272727 6.12323e-19 0.01 -0.0272727 -0.00866025 0.005 -0.0272727 -0.00866025 -0.005 -0.0272727 -1.83697e-18 -0.01 -0.0272727 0.00866025 -0.005 -0.0272727 0.01 0 -0.0181818 0.005 0.00866025 -0.0181818 -0.005 0.00866025 -0.0181818 -0.01 1.22465e-18 -0.0181818 -0.005 -0.00866025 -0.0181818 0.005 -0.00866025 -0.0181818 0.00866025 0.005 -0.00909091 6.12323e-19 0.01 -0.00909091 -0.00866025 0.005 -0.00909091 -0.00866025 -0.005 -0.00909091 -1.83697e-18 -0.01 -0.00909091 0.00866025 -0.005 -0.00909091 0.01 0 0 0.005 0.00866025 0 -0.005 0.00866025 0 -0.01 1.22465e-18 0 -0.005 -0.00866025 0 0.005 -0.00866025 0 0.00866025 0.005 0.00909091 6.12323e-19 0.01 0.00909091 -0.00866025 0.005 0.00909091 -0.00866025 -0.005 0.00909091 -1.83697e-18 -0.01 0.00909091 0.00866025 -0.005 0.00909091 0.01 0 0.0181818 0.005 0.00866025 0.0181818 -0.005 0.00866025 0.0181818 -0.01 1.22465e-18 0.0181818 -0.005 -0.00866025 0.0181818 0.005 -0.00866025 0.0181818 0.00866025 0.005 0.0272727 6.12323e-19 0.01 0.0272727 -0.00866025 0.005 0.0272727 -0.00866025 -0.005 0.0272727 -1.83697e-18 -0.01 0.0272727 0.00866025 -0.005 0.0272727 0.01 0 0.0363636 0.005 0.00866025 0.0363636 -0.005 0.00866025 0.0363636 -0.01 1.22465e-18 0.0363636 -0.005 -0.00866025 0.0363636 0.005 -0.00866025 0.0363636 0.00866025 0.005 0.0454545 6.12323e-19 0.01 0.0454545 -0.00866025 0.005 0.0454545 -0.00866025 -0.005 0.0454545 -1.83697e-18 -0.01 0.0454545 0.00866025 -0.005 0.0454545 0.01 0 0.0545455 0.005 0.00866025 0.0545455 -0.005 0.00866025 0.0545455 -0.01 1.22465e-18 0.0545455 -0.005 -0.00866025 0.0545455 0.005 -0.00866025 0.0545455 0.00866025 0.005 0.0636364 6.12323e-19 0.01 0.0636364 -0.00866025 0.005 0.0636364 -0.00866025 -0.005 0.0636364 -1.83697e-18 -0.01 0.0636364 0.00866025 -0.005 0.0636364 0.01 0 0.0727273 0.005 0.00866025 0.0727273 -0.005 0.00866025 0.0727273 -0.01 1.22465e-18 0.0727273 -0.005 -0.00866025 0.0727273 0.005 -0.00866025 0.0727273 0.00866025 0.005 0.0818182 6.12323e-19 0.01 0.0818182 -0.00866025 0.005 0.0818182 -0.00866025 -0.005 0.0818182 -1.83697e-18 -0.01 0.0818182 0.00866025 -0.005 0.0818182 0.01 0 0.0909091 0.005 0.00866025 0.0909091 -0.005 0.00866025 0.0909091 -0.01 1.22465e-18 0.0909091 -0.005 -0.00866025 0.0909091 0.005 -0.00866025 0.0909091 0.00866025 0.005 0.1 6.12323e-19 0.01 0.1 -0.00866025 0.005 0.1 -0.00866025 -0.005 0.1 -1.83697e-18 -0.01 0.1 0.00866025 -0.005 0.1 0.01 0 0.109091 0.005 0.00866025 0.109091 -0.005 0.00866025 0.109091 -0.01 1.22465e-18 0.109091 -0.005 -0.00866025 0.109091 0.005 -0.00866025 0.109091 0.00866025 0.005 0.118182 6.12323e-19 0.01 0.118182 -0.00866025 0.005 0.118182 -0.00866025 -0.005 0.118182 -1.83697e-18 -0.01 0.118182 0.00866025 -0.005 0.118182 0.01 0 0.127273 0.005 0.00866025 0.127273 -0.005 0.00866025 0.127273 -0.01 1.22465e-18 0.127273 -0.005 -0.00866025 0.127273 0.005 -0.00866025 0.127273 0.00866025 0.005 0.136364 6.12323e-19 0.01 0.136364 -0.00866025 0.005 0.136364 -0.00866025 -0.005 0.136364 -1.83697e-18 -0.01 0.136364 0.00866025 -0.005 0.136364 0.01 0 0.145455 0.005 0.00866025 0.145455 -0.005 0.00866025 0.145455 -0.01 1.22465e-18 0.145455 -0.005 -0.00866025 0.145455 0.005 -0.00866025 0.145455 0.00866025 0.005 0.154545 6.12323e-19 0.01 0.154545 -0.00866025 0.005 0.154545 -0.00866025 -0.005 0.154545 -1.83697e-18 -0.01 0.154545 0.00866025 -0.005 0.154545 0.01 0 0.163636 0.005 0.00866025 0.163636 -0.005 0.00866025 0.163636 -0.01 1.22465e-18 0.163636 -0.005 -0.00866025 0.163636 0.005 -0.00866025 0.163636 0.00866025 0.005 0.172727 6.12323e-19 0.01 0.172727 -0.00866025 0.005 0.172727 -0.00866025 -0.005 0.172727 -1.83697e-18 -0.01 0.172727 0.00866025 -0.005 0.172727 0.01 0 0.181818 0.005 0.00866025 0.181818 -0.005 0.00866025 0.181818 -0.01 1.22465e-18 0.181818 -0.005 -0.00866025 0.181818 0.005 -0.00866025 0.181818 0.00866025 0.005 0.190909 6.12323e-19 0.01 0.190909 -0.00866025 0.005 0.190909 -0.00866025 -0.005 0.190909 -1.83697e-18 -0.01 0.190909 0.00866025 -0.005 0.190909 0.01 0 0.2 0.005 0.00866025 0.2 -0.005 0.00866025 0.2 -0.01 1.22465e-18 0.2 -0.005 -0.00866025 0.2 0.005 -0.00866025 0.2 0.00866025 0.005 0.209091 6.12323e-19 0.01 0.209091 -0.00866025 0.005 0.209091 -0.00866025 -0.005 0.209091 -1.83697e-18 -0.01 0.209091 0.00866025 -0.005 0.209091 0.01 0 0.218182 0.005 0.00866025 0.218182 -0.005 0.00866025 0.218182 -0.01 1.22465e-18 0.218182 -0.005 -0.00866025 0.218182 0.005 -0.00866025 0.218182 0.00866025 0.005 0.227273 6.12323e-19 0.01 0.227273 -0.00866025 0.005 0.227273 -0.00866025 -0.005 0.227273 -1.83697e-18 -0.01 0.227273 0.00866025 -0.005 0.227273 0.01 0 0.236364 0.005 0.00866025 0.236364 -0.005 0.00866025 0.236364 -0.01 1.22465e-18 0.236364 -0.005 -0.00866025 0.236364 0.005 -0.00866025 0.236364 0.00866025 0.005 0.245455 6.12323e-19 0.01 0.245455 -0.00866025 0.005 0.245455 -0.00866025 -0.005 0.245455 -1.83697e-18 -0.01 0.245455 0.00866025 -0.005 0.245455 0.01 0 0.254545 0.005 0.00866025 0.254545 -0.005 0.00866025 0.254545 -0.01 1.22465e-18 0.254545 -0.005 -0.00866025 0.254545 0.005 -0.00866025 0.254545 0.00866025 0.005 0.263636 6.12323e-19 0.01 0.263636 -0.00866025 0.005 0.263636 -0.00866025 -0.005 0.263636 -1.83697e-18 -0.01 0.263636 0.00866025 -0.005 0.263636 0.01 0 0.272727 0.005 0.00866025 0.272727 -0.005 0.00866025 0.272727 -0.01 1.22465e-18 0.272727 -0.005 -0.00866025 0.272727 0.005 -0.00866025 0.272727 0.00866025 0.005 0.281818 6.12323e-19 0.01 0.281818 -0.00866025 0.005 0.281818 -0.00866025 -0.005 0.281818 -1.83697e-18 -0.01 0.281818 0.00866025 -0.005 0.281818 0.01 0 0.290909 0.005 0.00866025 0.290909 -0.005 0.00866025 0.290909 -0.01 1.22465e-18 0.290909 -0.005 -0.00866025 0.290909 0.005 -0.00866025 0.290909 0.00866025 0.005 0.3 6.12323e-19 0.01 0.3 -0.00866025 0.005 0.3 -0.00866025 -0.005 0.3 -1.83697e-18 -0.01 0.3 0.00866025 -0.005 0.3 0.01 0 0.309091 0.005 0.00866025 0.309091 -0.005 0.00866025 0.309091 -0.01 1.22465e-18 0.309091 -0.005 -0.00866025 0.309091 0.005 -0.00866025 0.309091 0.00866025 0.005 0.318182 6.12323e-19 0.01 0.318182 -0.00866025 0.005 0.318182 -0.00866025 -0.005 0.318182 -1.83697e-18 -0.01 0.318182 0.00866025 -0.005 0.318182 0.01 0 0.327273 0.005 0.00866025 0.327273 -0.005 0.00866025 0.327273 -0.01 1.22465e-18 0.327273 -0.005 -0.00866025 0.327273 0.005 -0.00866025 0.327273 0.00866025 0.005 0.336364 6.12323e-19 0.01 0.336364 -0.00866025 0.005 0.336364 -0.00866025 -0.005 0.336364 -1.83697e-18 -0.01 0.336364 0.00866025 -0.005 0.336364 0.01 0 0.345455 0.005 0.00866025 0.345455 -0.005 0.00866025 0.345455 -0.01 1.22465e-18 0.345455 -0.005 -0.00866025 0.345455 0.005 -0.00866025 0.345455 0.00866025 0.005 0.354545 6.12323e-19 0.01 0.354545 -0.00866025 0.005 0.354545 -0.00866025 -0.005 0.354545 -1.83697e-18 -0.01 0.354545 0.00866025 -0.005 0.354545 0.01 0 0.363636 0.005 0.00866025 0.363636 -0.005 0.00866025 0.363636 -0.01 1.22465e-18 0.363636 -0.005 -0.00866025 0.363636 0.005 -0.00866025 0.363636 0.00866025 0.005 0.372727 6.12323e-19 0.01 0.372727 -0.00866025 0.005 0.372727 -0.00866025 -0.005 0.372727 -1.83697e-18 -0.01 0.372727 0.00866025 -0.005 0.372727 0.01 0 0.381818 0.005 0.00866025 0.381818 -0.005 0.00866025 0.381818 -0.01 1.22465e-18 0.381818 -0.005 -0.00866025 0.381818 0.005 -0.00866025 0.381818 0.00866025 0.005 0.390909 6.12323e-19 0.01 0.390909 -0.00866025 0.005 0.390909 -0.00866025 -0.005 0.390909 -1.83697e-18 -0.01 0.390909 0.00866025 -0.005 0.390909 0.01 0 0.4 0.005 0.00866025 0.4 -0.005 0.00866025 0.4 -0.01 1.22465e-18 0.4 -0.005 -0.00866025 0.4 0.005 -0.00866025 0.4 0.00866025 0.005 0.409091 6.12323e-19 0.01 0.409091 -0.00866025 0.005 0.409091 -0.00866025 -0.005 0.409091 -1.83697e-18 -0.01 0.409091 0.00866025 -0.005 0.409091 0.01 0 0.418182 0.005 0.00866025 0.418182 -0.005 0.00866025 0.418182 -0.01 1.22465e-18 0.418182 -0.005 -0.00866025 0.418182 0.005 -0.00866025 0.418182 0.00866025 0.005 0.427273 6.12323e-19 0.01 0.427273 -0.00866025 0.005 0.427273 -0.00866025 -0.005 0.427273 -1.83697e-18 -0.01 0.427273 0.00866025 -0.005 0.427273 0.01 0 0.436364 0.005 0.00866025 0.436364 -0.005 0.00866025 0.436364 -0.01 1.22465e-18 0.436364 -0.005 -0.00866025 0.436364 0.005 -0.00866025 0.436364 0.00866025 0.005 0.445455 6.12323e-19 0.01 0.445455 -0.00866025 0.005 0.445455 -0.00866025 -0.005 0.445455 -1.83697e-18 -0.01 0.445455 0.00866025 -0.005 0.445455 0.01 0 0.454545 0.005 0.00866025 0.454545 -0.005 0.00866025 0.454545 -0.01 1.22465e-18 0.454545 -0.005 -0.00866025 0.454545 0.005 -0.00866025 0.454545 0.00866025 0.005 0.463636 6.12323e-19 0.01 0.463636 -0.00866025 0.005 0.463636 -0.00866025 -0.005 0.463636 -1.83697e-18 -0.01 0.463636 0.00866025 -0.005 0.463636 0.01 0 0.472727 0.005 0.00866025 0.472727 -0.005 0.00866025 0.472727 -0.01 1.22465e-18 0.472727 -0.005 -0.00866025 0.472727 0.005 -0.00866025 0.472727 0.00866025 0.005 0.481818 6.12323e-19 0.01 0.481818 -0.00866025 0.005 0.481818 -0.00866025 -0.005 0.481818 -1.83697e-18 -0.01 0.481818 0.00866025 -0.005 0.481818 0.01 0 0.490909 0.005 0.00866025 0.490909 -0.005 0.00866025 0.490909 -0.01 1.22465e-18 0.490909 -0.005 -0.00866025 0.490909 0.005 -0.00866025 0.490909 0.00866025 0.005 0.5 6.12323e-19 0.01 0.5 -0.00866025 0.005 0.5 -0.00866025 -0.005 0.5 -1.83697e-18 -0.01 0.5 0.00866025 -0.005 0.5 0.01 0 0.509091 0.005 0.00866025 0.509091 -0.005 0.00866025 0.509091 -0.01 1.22465e-18 0.509091 -0.005 -0.00866025 0.509091 0.005 -0.00866025 0.509091 0.00866025 0.005 0.518182 6.12323e-19 0.01 0.518182 -0.00866025 0.005 0.518182 -0.00866025 -0.005 0.518182 -1.83697e-18 -0.01 0.518182 0.00866025 -0.005 0.518182 0.01 0 0.527273 0.005 0.00866025 0.527273 -0.005 0.00866025 0.527273 -0.01 1.22465e-18 0.527273 -0.005 -0.00866025 0.527273 0.005 -0.00866025 0.527273 0.00866025 0.005 0.536364 6.12323e-19 0.01 0.536364 -0.00866025 0.005 0.536364 -0.00866025 -0.005 0.536364 -1.83697e-18 -0.01 0.536364 0.00866025 -0.005 0.536364 0.01 0 0.545455 0.005 0.00866025 0.545455 -0.005 0.00866025 0.545455 -0.01 1.22465e-18 0.545455 -0.005 -0.00866025 0.545455 0.005 -0.00866025 0.545455 0.00866025 0.005 0.554545 6.12323e-19 0.01 0.554545 -0.00866025 0.005 0.554545 -0.00866025 -0.005 0.554545 -1.83697e-18 -0.01 0.554545 0.00866025 -0.005 0.554545 0.01 0 0.563636 0.005 0.00866025 0.563636 -0.005 0.00866025 0.563636 -0.01 1.22465e-18 0.563636 -0.005 -0.00866025 0.563636 0.005 -0.00866025 0.563636 0.00866025 0.005 0.572727 6.12323e-19 0.01 0.572727 -0.00866025 0.005 0.572727 -0.00866025 -0.005 0.572727 -1.83697e-18 -0.01 0.572727 0.00866025 -0.005 0.572727 0.01 0 0.581818 0.005 0.00866025 0.581818 -0.005 0.00866025 0.581818 -0.01 1.22465e-18 0.581818 -0.005 -0.00866025 0.581818 0.005 -0.00866025 0.581818 0.00866025 0.005 0.590909 6.12323e-19 0.01 0.590909 -0.00866025 0.005 0.590909 -0.00866025 -0.005 0.590909 -1.83697e-18 -0.01 0.590909 0.00866025 -0.005 0.590909 0.01 0 0.6 0.005 0.00866025 0.6 -0.005 0.00866025 0.6 -0.01 1.22465e-18 0.6 -0.005 -0.00866025 0.6 0.005 -0.00866025 0.6 0.00866025 0.005 0.609091 6.12323e-19 0.01 0.609091 -0.00866025 0.005 0.609091 -0.00866025 -0.005 0.609091 -1.83697e-18 -0.01 0.609091 0.00866025 -0.005 0.609091 0.01 0 0.618182 0.005 0.00866025 0.618182 -0.005 0.00866025 0.618182 -0.01 1.22465e-18 0.618182 -0.005 -0.00866025 0.618182 0.005 -0.00866025 0.618182 0.00866025 0.005 0.627273 6.12323e-19 0.01 0.627273 -0.00866025 0.005 0.627273 -0.00866025 -0.005 0.627273 -1.83697e-18 -0.01 0.627273 0.00866025 -0.005 0.627273 0.01 0 0.636364 0.005 0.00866025 0.636364 -0.005 0.00866025 0.636364 -0.01 1.22465e-18 0.636364 -0.005 -0.00866025 0.636364 0.005 -0.00866025 0.636364 0.00866025 0.005 0.645455 6.12323e-19 0.01 0.645455 -0.00866025 0.005 0.645455 -0.00866025 -0.005 0.645455 -1.83697e-18 -0.01 0.645455 0.00866025 -0.005 0.645455 0.01 0 0.654545 0.005 0.00866025 0.654545 -0.005 0.00866025 0.654545 -0.01 1.22465e-18 0.654545 -0.005 -0.00866025 0.654545 0.005 -0.00866025 0.654545 0.00866025 0.005 0.663636 6.12323e-19 0.01 0.663636 -0.00866025 0.005 0.663636 -0.00866025 -0.005 0.663636 -1.83697e-18 -0.01 0.663636 0.00866025 -0.005 0.663636 0.01 0 0.672727 0.005 0.00866025 0.672727 -0.005 0.00866025 0.672727 -0.01 1.22465e-18 0.672727 -0.005 -0.00866025 0.672727 0.005 -0.00866025 0.672727 0.00866025 0.005 0.681818 6.12323e-19 0.01 0.681818 -0.00866025 0.005 0.681818 -0.00866025 -0.005 0.681818 -1.83697e-18 -0.01 0.681818 0.00866025 -0.005 0.681818 0.01 0 0.690909 0.005 0.00866025 0.690909 -0.005 0.00866025 0.690909 -0.01 1.22465e-18 0.690909 -0.005 -0.00866025 0.690909 0.005 -0.00866025 0.690909 0.00866025 0.005 0.7 6.12323e-19 0.01 0.7 -0.00866025 0.005 0.7 -0.00866025 -0.005 0.7 -1.83697e-18 -0.01 0.7 0.00866025 -0.005 0.7 0.01 0 0.709091 0.005 0.00866025 0.709091 -0.005 0.00866025 0.709091 -0.01 1.22465e-18 0.709091 -0.005 -0.00866025 0.709091 0.005 -0.00866025 0.709091 0.00866025 0.005 0.718182 6.12323e-19 0.01 0.718182 -0.00866025 0.005 0.718182 -0.00866025 -0.005 0.718182 -1.83697e-18 -0.01 0.718182 0.00866025 -0.005 0.718182 0.01 0 0.727273 0.005 0.00866025 0.727273 -0.005 0.00866025 0.727273 -0.01 1.22465e-18 0.727273 -0.005 -0.00866025 0.727273 0.005 -0.00866025 0.727273 0.00866025 0.005 0.736364 6.12323e-19 0.01 0.736364 -0.00866025 0.005 0.736364 -0.00866025 -0.005 0.736364 -1.83697e-18 -0.01 0.736364 0.00866025 -0.005 0.736364 0.01 0 0.745455 0.005 0.00866025 0.745455 -0.005 0.00866025 0.745455 -0.01 1.22465e-18 0.745455 -0.005 -0.00866025 0.745455 0.005 -0.00866025 0.745455 0.00866025 0.005 0.754545 6.12323e-19 0.01 0.754545 -0.00866025 0.005 0.754545 -0.00866025 -0.005 0.754545 -1.83697e-18 -0.01 0.754545 0.00866025 -0.005 0.754545 0.01 0 0.763636 0.005 0.00866025 0.763636 -0.005 0.00866025 0.763636 -0.01 1.22465e-18 0.763636 -0.005 -0.00866025 0.763636 0.005 -0.00866025 0.763636 0.00866025 0.005 0.772727 6.12323e-19 0.01 0.772727 -0.00866025 0.005 0.772727 -0.00866025 -0.005 0.772727 -1.83697e-18 -0.01 0.772727 0.00866025 -0.005 0.772727 0.01 0 0.781818 0.005 0.00866025 0.781818 -0.005 0.00866025 0.781818 -0.01 1.22465e-18 0.781818 -0.005 -0.00866025 0.781818 0.005 -0.00866025 0.781818 0.00866025 0.005 0.790909 6.12323e-19 0.01 0.790909 -0.00866025 0.005 0.790909 -0.00866025 -0.005 0.790909 -1.83697e-18 -0.01 0.790909 0.00866025 -0.005 0.790909 0.01 0 0.8 0.005 0.00866025 0.8 -0.005 0.00866025 0.8 -0.01 1.22465e-18 0.8 -0.005 -0.00866025 0.8 0.005 -0.00866025 0.8 0.00866025 0.005 0.809091 6.12323e-19 0.01 0.809091 -0.00866025 0.005 0.809091 -0.00866025 -0.005 0.809091 -1.83697e-18 -0.01 0.809091 0.00866025 -0.005 0.809091 0.01 0 0.818182 0.005 0.00866025 0.818182 -0.005 0.00866025 0.818182 -0.01 1.22465e-18 0.818182 -0.005 -0.00866025 0.818182 0.005 -0.00866025 0.818182 0.00866025 0.005 0.827273 6.12323e-19 0.01 0.827273 -0.00866025 0.005 0.827273 -0.00866025 -0.005 0.827273 -1.83697e-18 -0.01 0.827273 0.00866025 -0.005 0.827273 0.01 0 0.836364 0.005 0.00866025 0.836364 -0.005 0.00866025 0.836364 -0.01 1.22465e-18 0.836364 -0.005 -0.00866025 0.836364 0.005 -0.00866025 0.836364 0.00866025 0.005 0.845455 6.12323e-19 0.01 0.845455 -0.00866025 0.005 0.845455 -0.00866025 -0.005 0.845455 -1.83697e-18 -0.01 0.845455 0.00866025 -0.005 0.845455 0.01 0 0.854545 0.005 0.00866025 0.854545 -0.005 0.00866025 0.854545 -0.01 1.22465e-18 0.854545 -0.005 -0.00866025 0.854545 0.005 -0.00866025 0.854545 0.00866025 0.005 0.863636 6.12323e-19 0.01 0.863636 -0.00866025 0.005 0.863636 -0.00866025 -0.005 0.863636 -1.83697e-18 -0.01 0.863636 0.00866025 -0.005 0.863636 0.01 0 0.872727 0.005 0.00866025 0.872727 -0.005 0.00866025 0.872727 -0.01 1.22465e-18 0.872727 -0.005 -0.00866025 0.872727 0.005 -0.00866025 0.872727 0.00866025 0.005 0.881818 6.12323e-19 0.01 0.881818 -0.00866025 0.005 0.881818 -0.00866025 -0.005 0.881818 -1.83697e-18 -0.01 0.881818 0.00866025 -0.005 0.881818 0.01 0 0.890909 0.005 0.00866025 0.890909 -0.005 0.00866025 0.890909 -0.01 1.22465e-18 0.890909 -0.005 -0.00866025 0.890909 0.005 -0.00866025 0.890909 0.00866025 0.005 0.9 6.12323e-19 0.01 0.9 -0.00866025 0.005 0.9 -0.00866025 -0.005 0.9 -1.83697e-18 -0.01 0.9 0.00866025 -0.005 0.9 0.01 0 0.909091 0.005 0.00866025 0.909091 -0.005 0.00866025 0.909091 -0.01 1.22465e-18 0.909091 -0.005 -0.00866025 0.909091 0.005 -0.00866025 0.909091 0.00866025 0.005 0.918182 6.12323e-19 0.01 0.918182 -0.00866025 0.005 0.918182 -0.00866025 -0.005 0.918182 -1.83697e-18 -0.01 0.918182 0.00866025 -0.005 0.918182 0.01 0 0.927273 0.005 0.00866025 0.927273 -0.005 0.00866025 0.927273 -0.01 1.22465e-18 0.927273 -0.005 -0.00866025 0.927273 0.005 -0.00866025 0.927273 0.00866025 0.005 0.936364 6.12323e-19 0.01 0.936364 -0.00866025 0.005 0.936364 -0.00866025 -0.005 0.936364 -1.83697e-18 -0.01 0.936364 0.00866025 -0.005 0.936364 0.01 0 0.945455 0.005 0.00866025 0.945455 -0.005 0.00866025 0.945455 -0.01 1.22465e-18 0.945455 -0.005 -0.00866025 0.945455 0.005 -0.00866025 0.945455 0.00866025 0.005 0.954545 6.12323e-19 0.01 0.954545 -0.00866025 0.005 0.954545 -0.00866025 -0.005 0.954545 -1.83697e-18 -0.01 0.954545 0.00866025 -0.005 0.954545 0.01 0 0.963636 0.005 0.00866025 0.963636 -0.005 0.00866025 0.963636 -0.01 1.22465e-18 0.963636 -0.005 -0.00866025 0.963636 0.005 -0.00866025 0.963636 0.00866025 0.005 0.972727 6.12323e-19 0.01 0.972727 -0.00866025 0.005 0.972727 -0.00866025 -0.005 0.972727 -1.83697e-18 -0.01 0.972727 0.00866025 -0.005 0.972727 0.01 0 0.981818 0.005 0.00866025 0.981818 -0.005 0.00866025 0.981818 -0.01 1.22465e-18 0.981818 -0.005 -0.00866025 0.981818 0.005 -0.00866025 0.981818 0.00866025 0.005 0.990909 6.12323e-19 0.01 0.990909 -0.00866025 0.005 0.990909 -0.00866025 -0.005 0.990909 -1.83697e-18 -0.01 0.990909 0.00866025 -0.005 0.990909 0.01 0 1 0.005 0.00866025 1 -0.005 0.00866025 1 -0.01 1.22465e-18 1 -0.005 -0.00866025 1 0.005 -0.00866025 1 0 0 -1 0.01 0 -1 0.005 0.00866025 -1 -0.005 0.00866025 -1 -0.01 1.22465e-18 -1 -0.005 -0.00866025 -1 0.005 -0.00866025 -1 0 0 1 0.01 0 1 0.005 0.00866025 1 -0.005 0.00866025 1 -0.01 1.22465e-18 1 -0.005 -0.00866025 1 0.005 -0.00866025 1"/>
     <Normal vector="0.998548 0 -0.0538637 0.499274 0.864768 -0.0538636 -0.499274 0.864768 -0.0538636 -0.998548 0 -0.0538637 -0.499274 -0.864768 -0.0538636 0.499274 -0.864768 -0.0538636 0.866025 0.5 0 0 1 0 -0.866025 0.5 0 -0.866025 -0.5 0 0 -1 0 0.866025 -0.5 0 1 0 0 0.5 0.866025 0 -0.5 0.866025 0 -1 0 0 -0.5 -0.866025 0 0.5 -0.866025 0 0.866025 0.5 1.70907e-07 0 1 1.7642e-07 -0.866025 0.5 1.70907e-07 -0.866025 -0.5 1.70907e-07 0 -1 1.7642e-07 0.866025 -0.5 1.70907e-07 1 0 -1.7642e-07 0.5 0.866025 -1.70907e-07 -0.5 0.866025 -1.70907e-07 -1 0 -1.7642e-07 -0.5 -0.866025 -1.70907e-07 0.5 -0.866025 -1.70907e-07 0.866025 0.5 0 0 1 0 -0.866025 0.5 0 -0.866025 -0.5 0 0 -1 0 0.866025 -0.5 0 1 0 0 0.5 0.866025 0 -0.5 0.866025 0 -1 0 0 -0.5 -0.866025 0 0.5 -0.866025 0 0.866025 0.5 0 0 1 0 -0.866025 0.5 0 -0.866025 -0.5 0 0 -1 0 0.866025 -0.5 0 1 0 0 0.5 0.866025 0 -0.5 0.866025 0 -1 0 0 -0.5 -0.866025 0 0.5 -0.866025 0 0.866025 0.5 0 0 1 0 -0.866025 0.5 0 -0.866025 -0.5 0 0 -1 0 0.866025 -0.5 0 1 0 1.7642e-07 0.5 0.866025 1.70907e-07 -0.5 0.866025 1.70907e-07 -1 0 1.7642e-07 -0.5 -0.866025 1.70907e-07 0.5 -0.866025 1.70907e-07 0.866025 0.5 -1.70907e-07 0 1 -1.7642e-07 -0.866025 0.5 -1.70907e-07 -0.866025 -0.5 -1.70907e-07 0 -1 -1.7642e-07 0.866025 -0.5 -1.70907e-07 1 0 0 0.5 0.866025 0 -0.5 0.866025 0 -1 0 0 -0.5 -0.866025 0 0.5 -0.866025 0 0.866025 0.5 0 0 1 0 -0.866025 0.5 0 -0.866025 -0.5 0 0 -1 0 0.866025 -0.5 0 1 0 0 0.5 0.866025 0 -0.5 0.866025 0 -1 0 0 -0.5 -0.866025 0 0.5 -0.866025 0 0.866025 0.5 0 0 1 0 -0.866025 0.5 0 -0.866025 -0.5 0 0 -1 0 0.866025 -0.5 0 1 0 0 0.5 0.866025 0 -0.5 0.866025 0 -1 0 0 -0.5 -0.866025 0 0.5 -0.866025 0 0.866025 0.5 1.70907e-07 0 1 1.7642e-07 -0.866025 0.5 1.70907e-07 -0.866025 -0.5 1.70907e-07 0 -1 1.7642e-07 0.866025 -0.5 1.70907e-07 1 0 -1.7642e-07 0.5 0.866025 -1.70907e-07 -0.5 0.866025 -1.70907e-07 -1 0 -1.7642e-07 -0.5 -0.866025 -1.70907e-07 0.5 -0.866025 -1.70907e-07 0.866025 0.5 0 0 1 0 -0.866025 0.5 0 -0.866025 -0.5 0 0 -1 0 0.866025 -0.5 0 1 0 0 0.5 0.866025 0 -0.5 0.866025 0 -1 0 0 -0.5 -0.866025 0 0.5 -0.866025 0 0.866025 0.5 0 0 1 0 -0.866025 0.5 0 -0.866025 -0.5 0 0 -1 0 0.866025 -0.5 0 1 0 0 0.5 0.866025 0 -0.5 0.866025 0 -1 0 0 -0.5 -0.866025 0 0.5 -0.866025 0 0.866025 0.5 0 0 1 0 -0.866025 0.5 0 -0.866025 -0.5 0 0 -1 0 0.866025 -0.5 0 1 0 1.7642e-07 0.5 0.866025 1.70907e-07 -0.5 0.866025 1.70907e-07 -1 0 1.7642e-07 -0.5 -0.866025 1.70907e-07 0.5 -0.866025 1.70907e-07 0.866025 0.5 -1.70907e-07 0 1 -1.7642e-07 -0.866025 0.5 -1.70907e-07 -0.866025 -0.5 -1.70907e-07 0 -1 -1.7642e-07 0.866025 -0.5 -1.70907e-07 1 0 0 0.5 0.866025 0 -0.5 0.866025 0 -1 0 0 -0.5 -0.866025 0 0.5 -0.866025 0 0.866025 0.5 0 0 1 0 -0.866025 0.5 0 -0.866025 -0.5 0 0 -1 0 0.866025 -0.5 0 1 0 0 0.5 0.866025 0 -0.5 0.866025 0 -1 0 0 -0.5 -0.866025 0 0.5 -0.866025 0 0.866025 0.5 0 0 1 0 -0.866025 0.5 0 -0.866025 -0.5 0 0 -1 0 0.866025 -0.5 0 1 0 1.7642e-07 0.5 0.866025 1.70907e-07 -0.5 0.866025 1.70907e-07 -1 0 1.7642e-07 -0.5 -0.866025 1.70907e-07 0.5 -0.866025 1.70907e-07 0.866025 0.5 -1.70907e-07 0 1 -1.7642e-07 -0.866025 0.5 -1.70907e-07 -0.866025 -0.5 -1.70907e-07 0 -1 -1.7642e-07 0.866025 -0.5 -1.70907e-07 1 0 0 0.5 0.866025 0 -0.5 0.866025 0 -1 0 0 -0.5 -0.866025 0 0.5 -0.866025 0 0.866025 0.5 0 0 1 0 -0.866025 0.5 0 -0.866025 -0.5 0 0 -1 0 0.866025 -0.5 0 1 0 0 0.5 0.866025 0 -0.5 0.866025 0 -1 0 0 -0.5 -0.866025 0 0.5 -0.866025 0 0.866025 0.5 0 0 1 0 -0.866025 0.5 0 -0.866025 -0.5 0 0 -1 0 0.866025 -0.5 0 1 0 0 0.5 0.866025 0 -0.5 0.866025 0 -1 0 0 -0.5 -0.866025 0 0.5 -0.866025 0 0.866025 0.5 1.70907e-07 0 1 1.7642e-07 -0.866025 0.5 1.70907e-07 -0.866025 -0.5 1.70907e-07 0 -1 1.7642e-07 0.866025 -0.5 1.70907e-07 1 0 -1.7642e-07 0.5 0.866025 -1.70907e-07 -0.5 0.866025 -1.70907e-07 -1 0 -1.7642e-07 -0.5 -0.866025 -1.70907e-07 0.5 -0.866025 -1.70907e-07 0.866025 0.5 0 0 1 0 -0.866025 0.5 0 -0.866025 -0.5 0 0 -1 0 0.866025 -0.5 0 1 0 0 0.5 0.866025 0 -0.5 0.866025 0 -1 0 0 -0.5 -0.866025 0 0.5 -0.866025 0 0.866025 0.5 0 0 1 0 -0.866025 0.5 0 -0.866025 -0.5 0 0 -1 0 0.866025 -0.5 0 1 0 0 0.5 0.866025 0 -0.5 0.866025 0 -1 0 0 -0.5 -0.866025 0 0.5 -0.866025 0 0.866025 0.5 0 0 1 0 -0.866025 0.5 0 -0.866025 -0.5 0 0 -1 0 0.866025 -0.5 0 1 0 1.7642e-07 0.5 0.866025 1.70907e-07 -0.5 0.866025 1.70907e-07 -1 0 1.7642e-07 -0.5 -0.866025 1.70907e-07 0.5 -0.866025 1.70907e-07 0.866025 0.5 -1.70907e-07 0 1 -1.7642e-07 -0.866025 0.5 -1.70907e-07 -0.866025 -0.5 -1.70907e-07 0 -1 -1.7642e-07 0.866025 -0.5 -1.70907e-07 1 0 0 0.5 0.866025 0 -0.5 0.866025 0 -1 0 0 -0.5 -0.866025 0 0.5 -0.866025 0 0.866025 0.5 0 0 1 0 -0.866025 0.5 0 -0.866025 -0.5 0 0 -1 0 0.866025 -0.5 0 1 0 0 0.5 0.866025 0 -0.5 0.866025 0 -1 0 0 -0.5 -0.866025 0 0.5 -0.866025 0 0.866025 0.5 0 0 1 0 -0.866025 0.5 0 -0.866025 -0.5 0 0 -1 0 0.866025 -0.5 0 1 0 0 0.5 0.866025 0 -0.5 0.866025 0 -1 0 0 -0.5 -0.866025 0 0.5 -0.866025 0 0.866025 0.5 1.70907e-07 0 1 1.7642e-07 -0.866025 0.5 1.70907e-07 -0.866025 -0.5 1.70907e-07 0 -1 1.7642e-07 0.866025 -0.5 1.70907e-07 1 0 -1.7642e-07 0.5 0.866025 -1.70907e-07 -0.5 0.866025 -1.70907e-07 -1 0 -1.7642e-07 -0.5 -0.866025 -1.70907e-07 0.5 -0.866025 -1.70907e-07 0.866025 0.5 0 0 1 0 -0.866025 0.5 0 -0.866025 -0.5 0 0 -1 0 0.866025 -0.5 0 1 0 0 0.5 0.866025 0 -0.5 0.866025 0 -1 0 0 -0.5 -0.866025 0 0.5 -0.866025 0 0.866025 0.5 0 0 1 0 -0.866025 0.5 0 -0.866025 -0.5 0 0 -1 0 0.866025 -0.5 0 1 0 9.09664e-08 0.5 0.866025 8.82098e-08 -0.5 0.866025 8.82098e-08 -1 0 9.09664e-08 -0.5 -0.866025 8.82098e-08 0.5 -0.866025 8.82098e-08 0.866025 0.5 -8.26967e-08 0 1 -8.54533e-08 -0.866025 0.5 -8.26967e-08 -0.866025 -0.5 -8.26967e-08 0 -1 -8.54533e-08 0.866025 -0.5 -8.26967e-08 1 0 0 0.5 0.866025 0 -0.5 0.866025 0 -1 0 0 -0.5 -0.866025 0 0.5 -0.866025 0 0.866025 0.5 0 0 1 0 -0.866025 0.5 0 -0.866025 -0.5 0 0 -1 0 0.866025 -0.5 0 1 0 9.09664e-08 0.5 0.866025 8.82098e-08 -0.5 0.866025 8.82098e-08 -1 0 9.09664e-08 -0.5 -0.866025 8.82098e-08 0.5 -0.866025 8.82098e-08 0.866025 0.5 -8.26967e-08 0 1 -8.54533e-08 -0.866025 0.5 -8.26967e-08 -0.866025 -0.5 -8.26967e-08 0 -1 -8.54533e-08 0.866025 -0.5 -8.26967e-08 1 0 0 0.5 0.866025 0 -0.5 0.866025 0 -1 0 0 -0.5 -0.866025 0 0.5 -0.866025 0 0.866025 0.5 8.82098e-08 0 1 9.09664e-08 -0.866025 0.5 8.82098e-08 -0.866025 -0.5 8.82098e-08 0 -1 9.09664e-08 0.866025 -0.5 8.82098e-08 1 0 -8.54533e-08 0.5 0.866025 -8.26967e-08 -0.5 0.866025 -8.26967e-08 -1 0 -8.54533e-08 -0.5 -0.866025 -8.26967e-08 0.5 -0.866025 -8.26967e-08 0.866025 0.5 0 0 1 0 -0.866025 0.5 0 -0.866025 -0.5 0 0 -1 0 0.866025 -0.5 0 1 0 0 0.5 0.866025 0 -0.5 0.866025 0 -1 0 0 -0.5 -0.866025 0 0.5 -0.866025 0 0.866025 0.5 8.82098e-08 0 1 9.09664e-08 -0.866025 0.5 8.82098e-08 -0.866025 -0.5 8.82098e-08 0 -1 9.09664e-08 0.866025 -0.5 8.82098e-08 1 0 -8.54533e-08 0.5 0.866025 -8.26967e-08 -0.5 0.866025 -8.26967e-08 -1 0 -8.54533e-08 -0.5 -0.866025 -8.26967e-08 0.5 -0.866025 -8.26967e-08 0.866025 0.5 0 0 1 0 -0.866025 0.5 0 -0.866025 -0.5 0 0 -1 0 0.866025 -0.5 0 1 0 9.09664e-08 0.5 0.866025 8.82098e-08 -0.5 0.866025 8.82098e-08 -1 0 9.09664e-08 -0.5 -0.866025 8.82098e-08 0.5 -0.866025 8.82098e-08 0.866025 0.5 -8.26967e-08 0 1 -8.54533e-08 -0.866025 0.5 -8.26967e-08 -0.866025 -0.5 -8.26967e-08 0 -1 -8.54533e-08 0.866025 -0.5 -8.26967e-08 1 0 0 0.5 0.866025 0 -0.5 0.866025 0 -1 0 0 -0.5 -0.866025 0 0.5 -0.866025 0 0.866025 0.5 8.82098e-08 0 1 9.09664e-08 -0.866025 0.5 8.82098e-08 -0.866025 -0.5 8.82098e-08 0 -1 9.09664e-08 0.866025 -0.5 8.82098e-08 1 0 -8.54533e-08 0.5 0.866025 -8.26967e-08 -0.5 0.866025 -8.26967e-08 -1 0 -8.54533e-08 -0.5 -0.866025 -8.26967e-08 0.5 -0.866025 -8.26967e-08 0.866025 0.5 0 0 1 0 -0.866025 0.5 0 -0.866025 -0.5 0 0 -1 0 0.866025 -0.5 0 1 0 0 0.5 0.866025 0 -0.5 0.866025 0 -1 0 0 -0.5 -0.866025 0 0.5 -0.866025 0 0.866025 0.5 8.82098e-08 0 1 9.09664e-08 -0.866025 0.5 8.82098e-08 -0.866025 -0.5 8.82098e-08 0 -1 9.09664e-08 0.866025 -0.5 8.82098e-08 1 0 -8.54533e-08 0.5 0.866025 -8.26967e-08 -0.5 0.866025 -8.26967e-08 -1 0 -8.54533e-08 -0.5 -0.866025 -8.26967e-08 0.5 -0.866025 -8.26967e-08 0.866025 0.5 0 0 1 0 -0.866025 0.5 0 -0.866025 -0.5 0 0 -1 0 0.866025 -0.5 0 1 0 9.09664e-08 0.5 0.866025 8.82098e-08 -0.5 0.866025 8.82098e-08 -1 0 9.09664e-08 -0.5 -0.866025 8.82098e-08 0.5 -0.866025 8.82098e-08 0.866025 0.5 -8.26967e-08 0 1 -8.54533e-08 -0.866025 0.5 -8.26967e-08 -0.866025 -0.5 -8.26967e-08 0 -1 -8.54533e-08 0.866025 -0.5 -8.26967e-08 1 0 0 0.5 0.866025 0 -0.5 0.866025 0 -1 0 0 -0.5 -0.866025 0 0.5 -0.866025 0 0.866025 0.5 4.41049e-08 0 1 4.41049e-08 -0.866025 0.5 4.41049e-08 -0.866025 -0.5 4.41049e-08 0 -1 4.41049e-08 0.866025 -0.5 4.41049e-08 1 0 -4.41049e-08 0.5 0.866025 -4.41049e-08 -0.5 0.866025 -4.41049e-08 -1 0 -4.41049e-08 -0.5 -0.866025 -4.41049e-08 0.5 -0.866025 -4.41049e-08 0.866025 0.5 4.41049e-08 0 1 4.41049e-08 -0.866025 0.5 4.41049e-08 -0.866025 -0.5 4.41049e-08 0 -1 4.41049e-08 0.866025 -0.5 4.41049e-08 1 0 0 0.5 0.866025 0 -0.5 0.866025 0 -1 0 0 -0.5 -0.866025 0 0.5 -0.866025 0 0.866025 0.5 -4.41049e-08 0 1 -4.41049e-08 -0.866025 0.5 -4.41049e-08 -0.866025 -0.5 -4.41049e-08 0 -1 -4.41049e-08 0.866025 -0.5 -4.41049e-08 1 0 4.41049e-08 0.5 0.866025 4.41049e-08 -0.5 0.866025 4.41049e-08 -1 0 4.41049e-08 -0.5 -0.866025 4.41049e-08 0.5 -0.866025 4.41049e-08 0.866025 0.5 -4.41049e-08 0 1 -4.41049e-08 -0.866025 0.5 -4.41049e-08 -0.866025 -0.5 -4.41049e-08 0 -1 -4.41049e-08 0.866025 -0.5 -4.41049e-08 1 0 4.41049e-08 0.5 0.866025 4.41049e-08 -0.5 0.866025 4.41049e-08 -1 0 4.41049e-08 -0.5 -0.866025 4.41049e-08 0.5 -0.866025 4.41049e-08 0.866025 0.5 0 0 1 0 -0.866025 0.5 0 -0.866025 -0.5 0 0 -1 0 0.866025 -0.5 0 1 0 -4.41049e-08 0.5 0.866025 -4.41049e-08 -0.5 0.866025 -4.41049e-08 -1 0 -4.41049e-08 -0.5 -0.866025 -4.41049e-08 0.5 -0.866025 -4.41049e-08 0.866025 0.5 4.41049e-08 0 1 4.41049e-08 -0.866025 0.5 4.41049e-08 -0.866025 -0.5 4.41049e-08 0 -1 4.41049e-08 0.866025 -0.5 4.41049e-08 1 0 -4.41049e-08 0.5 0.866025 -4.41049e-08 -0.5 0.866025 -4.41049e-08 -1 0 -4.41049e-08 -0.5 -0.866025 -4.41049e-08 0.5 -0.866025 -4.41049e-08 0.866025 0.5 4.41049e-08 0 1 4.41049e-08 -0.866025 0.5 4.41049e-08 -0.866025 -0.5 4.41049e-08 0 -1 4.41049e-08 0.866025 -0.5 4.41049e-08 1 0 -1.92959e-08 0.5 0.866025 -2.75656e-08 -0.5 0.866025 -2.75656e-08 -1 0 -1.92959e-08 -0.5 -0.866025 -2.75656e-08 0.5 -0.866025 -2.75656e-08 0.866025 0.5 -5.51311e-09 0 1 -5.51311e-09 -0.866025 0.5 -5.51311e-09 -0.866025 -0.5 -5.51311e-09 0 -1 -5.51311e-09 0.866025 -0.5 -5.51311e-09 1 0 -5.51311e-09 0.5 0.866025 -5.51311e-09 -0.5 0.866025 -5.51311e-09 -1 0 -5.51311e-09 -0.5 -0.866025 -5.51311e-09 0.5 -0.866025 -5.51311e-09 0.866025 0.5 -5.51311e-09 0 1 -5.51311e-09 -0.866025 0.5 -5.51311e-09 -0.866025 -0.5 -5.51311e-09 0 -1 -5.51311e-09 0.866025 -0.5 -5.51311e-09 1 0 1.37828e-08 0.5 0.866025 2.20525e-08 -0.5 0.866025 2.20525e-08 -1 0 1.37828e-08 -0.5 -0.866025 2.20525e-08 0.5 -0.866025 2.20525e-08 0.866025 0.5 -2.75656e-08 0 1 -1.92959e-08 -0.866025 0.5 -2.75656e-08 -0.866025 -0.5 -2.75656e-08 0 -1 -1.92959e-08 0.866025 -0.5 -2.75656e-08 1 0 -5.51311e-09 0.5 0.866025 -5.51311e-09 -0.5 0.866025 -5.51311e-09 -1 0 -5.51311e-09 -0.5 -0.866025 -5.51311e-09 0.5 -0.866025 -5.51311e-09 0.866025 0.5 -5.51311e-09 0 1 -5.51311e-09 -0.866025 0.5 -5.51311e-09 -0.866025 -0.5 -5.51311e-09 0 -1 -5.51311e-09 0.866025 -0.5 -5.51311e-09 1 0 -5.51311e-09 0.5 0.866025 -5.51311e-09 -0.5 0.866025 -5.51311e-09 -1 0 -5.51311e-09 -0.5 -0.866025 -5.51311e-09 0.5 -0.866025 -5.51311e-09 0.866025 0.5 8.26967e-09 0 1 5.51311e-09 -0.866025 0.5 8.26967e-09 -0.866025 -0.5 8.26967e-09 0 -1 5.51311e-09 0.866025 -0.5 8.26967e-09 1 0 -1.10262e-08 0.5 0.866025 -1.37828e-08 -0.5 0.866025 -1.37828e-08 -1 0 -1.10262e-08 -0.5 -0.866025 -1.37828e-08 0.5 -0.866025 -1.37828e-08 0.866025 0.5 8.26967e-09 0 1 -2.75656e-09 -0.866025 0.5 8.26967e-09 -0.866025 -0.5 8.26967e-09 0 -1 -2.75656e-09 0.866025 -0.5 8.26967e-09 1 0 5.51311e-09 0.5 0.866025 -2.75656e-09 -0.5 0.866025 -2.75656e-09 -1 0 5.51311e-09 -0.5 -0.866025 -2.75656e-09 0.5 -0.866025 -2.75656e-09 0.866025 0.5 0 0 1 0 -0.866025 0.5 0 -0.866025 -0.5 0 0 -1 0 0.866025 -0.5 0 1 0 0 0.5 0.866025 0 -0.5 0.866025 0 -1 0 0 -0.5 -0.866025 0 0.5 -0.866025 0 0.866025 0.5 0 0 1 0 -0.866025 0.5 0 -0.866025 -0.5 0 0 -1 0 0.866025 -0.5 0 1 0 0 0.5 0.866025 8.26967e-09 -0.5 0.866025 8.26967e-09 -1 0 0 -0.5 -0.866025 8.26967e-09 0.5 -0.866025 8.26967e-09 0.866025 0.5 -8.26967e-09 0 1 2.75656e-09 -0.866025 0.5 -8.26967e-09 -0.866025 -0.5 -8.26967e-09 0 -1 2.75656e-09 0.866025 -0.5 -8.26967e-09 1 0 5.51311e-09 0.5 0.866025 8.26967e-09 -0.5 0.866025 8.26967e-09 -1 0 5.51311e-09 -0.5 -0.866025 8.26967e-09 0.5 -0.866025 8.26967e-09 0.866025 0.5 -1.37828e-08 0 1 -1.10262e-08 -0.866025 0.5 -1.37828e-08 -0.866025 -0.5 -1.37828e-08 0 -1 -1.10262e-08 0.866025 -0.5 -1.37828e-08 1 0 -5.51311e-09 0.5 0.866025 -5.51311e-09 -0.5 0.866025 -5.51311e-09 -1 0 -5.51311e-09 -0.5 -0.866025 -5.51311e-09 0.5 -0.866025 -5.51311e-09 0.866025 0.5 -5.51311e-09 0 1 -5.51311e-09 -0.866025 0.5 -5.51311e-09 -0.866025 -0.5 -5.51311e-09 0 -1 -5.51311e-09 0.866025 -0.5 -5.51311e-09 1 0 -5.51311e-09 0.5 0.866025 -5.51311e-09 -0.5 0.866025 -5.51311e-09 -1 0 -5.51311e-09 -0.5 -0.866025 -5.51311e-09 0.5 -0.866025 -5.51311e-09 0.866025 0.5 2.20525e-08 0 1 1.37828e-08 -0.866025 0.5 2.20525e-08 -0.866025 -0.5 2.20525e-08 0 -1 1.37828e-08 0.866025 -0.5 2.20525e-08 1 0 -1.92959e-08 0.5 0.866025 -2.75656e-08 -0.5 0.866025 -2.75656e-08 -1 0 -1.92959e-08 -0.5 -0.866025 -2.75656e-08 0.5 -0.866025 -2.75656e-08 0.866025 0.5 -5.51311e-09 0 1 -5.51311e-09 -0.866025 0.5 -5.51311e-09 -0.866025 -0.5 -5.51311e-09 0 -1 -5.51311e-09 0.866025 -0.5 -5.51311e-09 1 0 -5.51311e-09 0.5 0.866025 -5.51311e-09 -0.5 0.866025 -5.51311e-09 -1 0 -5.51311e-09 -0.5 -0.866025 -5.51311e-09 0.5 -0.866025 -5.51311e-09 0.866025 0.5 -5.51311e-09 0 1 -5.51311e-09 -0.866025 0.5 -5.51311e-09 -0.866025 -0.5 -5.51311e-09 0 -1 -5.51311e-09 0.866025 -0.5 -5.51311e-09 1 0 1.37828e-08 0.5 0.866025 2.20525e-08 -0.5 0.866025 2.20525e-08 -1 0 1.37828e-08 -0.5 -0.866025 2.20525e-08 0.5 -0.866025 2.20525e-08 0.866025 0.5 -4.41049e-08 0 1 -4.41049e-08 -0.866025 0.5 -4.41049e-08 -0.866025 -0.5 -4.41049e-08 0 -1 -4.41049e-08 0.866025 -0.5 -4.41049e-08 1 0 4.41049e-08 0.5 0.866025 4.41049e-08 -0.5 0.866025 4.41049e-08 -1 0 4.41049e-08 -0.5 -0.866025 4.41049e-08 0.5 -0.866025 4.41049e-08 0.866025 0.5 -4.41049e-08 0 1 -4.41049e-08 -0.866025 0.5 -4.41049e-08 -0.866025 -0.5 -4.41049e-08 0 -1 -4.41049e-08 0.866025 -0.5 -4.41049e-08 1 0 4.41049e-08 0.5 0.866025 4.41049e-08 -0.5 0.866025 4.41049e-08 -1 0 4.41049e-08 -0.5 -0.866025 4.41049e-08 0.5 -0.866025 4.41049e-08 0.866025 0.5 0 0 1 0 -0.866025 0.5 0 -0.866025 -0.5 0 0 -1 0 0.866025 -0.5 0 1 0 -4.41049e-08 0.5 0.866025 -4.41049e-08 -0.5 0.866025 -4.41049e-08 -1 0 -4.41049e-08 -0.5 -0.866025 -4.41049e-08 0.5 -0.866025 -4.41049e-08 0.866025 0.5 4.41049e-08 0 1 4.41049e-08 -0.866025 0.5 4.41049e-08 -0.866025 -0.5 4.41049e-08 0 -1 4.41049e-08 0.866025 -0.5 4.41049e-08 1 0 -4.41049e-08 0.5 0.866025 -4.41049e-08 -0.5 0.866025 -4.41049e-08 -1 0 -4.41049e-08 -0.5 -0.866025 -4.41049e-08 0.5 -0.866025 -4.41049e-08 0.866025 0.5 4.41049e-08 0 1 4.41049e-08 -0.866025 0.5 4.41049e-08 -0.866025 -0.5 4.41049e-08 0 -1 4.41049e-08 0.866025 -0.5 4.41049e-08 1 0 0 0.5 0.866025 0 -0.5 0.866025 0 -1 0 0 -0.5 -0.866025 0 0.5 -0.866025 0 0.866025 0.5 -4.41049e-08 0 1 -4.41049e-08 -0.866025 0.5 -4.41049e-08 -0.866025 -0.5 -4.41049e-08 0 -1 -4.41049e-08 0.866025 -0.5 -4.41049e-08 1 0 4.41049e-08 0.5 0.866025 4.41049e-08 -0.5 0.866025 4.41049e-08 -1 0 4.41049e-08 -0.5 -0.866025 4.41049e-08 0.5 -0.866025 4.41049e-08 0.866025 0.5 -4.41049e-08 0 1 -4.41049e-08 -0.866025 0.5 -4.41049e-08 -0.866025 -0.5 -4.41049e-08 0 -1 -4.41049e-08 0.866025 -0.5 -4.41049e-08 1 0 0 0.5 0.866025 0 -0.5 0.866025 0 -1 0 0 -0.5 -0.866025 0 0.5 -0.866025 0 0.866025 0.5 8.82098e-08 0 1 9.09664e-08 -0.866025 0.5 8.82098e-08 -0.866025 -0.5 8.82098e-08 0 -1 9.09664e-08 0.866025 -0.5 8.82098e-08 1 0 -8.54533e-08 0.5 0.866025 -8.26967e-08 -0.5 0.866025 -8.26967e-08 -1 0 -8.54533e-08 -0.5 -0.866025 -8.26967e-08 0.5 -0.866025 -8.26967e-08 0.866025 0.5 0 0 1 0 -0.866025 0.5 0 -0.866025 -0.5 0 0 -1 0 0.866025 -0.5 0 1 0 9.09664e-08 0.5 0.866025 8.82098e-08 -0.5 0.866025 8.82098e-08 -1 0 9.09664e-08 -0.5 -0.866025 8.82098e-08 0.5 -0.866025 8.82098e-08 0.866025 0.5 -8.26967e-08 0 1 -8.54533e-08 -0.866025 0.5 -8.26967e-08 -0.866025 -0.5 -8.26967e-08 0 -1 -8.54533e-08 0.866025 -0.5 -8.26967e-08 1 0 0 0.5 0.866025 0 -0.5 0.866025 0 -1 0 0 -0.5 -0.866025 0 0.5 -0.866025 0 0.866025 0.5 0 0 1 0 -0.866025 0.5 0 -0.866025 -0.5 0 0 -1 0 0.866025 -0.5 0 1 0 9.09664e-08 0.5 0.866025 8.82098e-08 -0.5 0.866025 8.82098e-08 -1 0 9.09664e-08 -0.5 -0.866025 8.82098e-08 0.5 -0.866025 8.82098e-08 0.866025 0.5 -8.26967e-08 0 1 -8.54533e-08 -0.866025 0.5 -8.26967e-08 -0.866025 -0.5 -8.26967e-08 0 -1 -8.54533e-08 0.866025 -0.5 -8.26967e-08 1 0 0 0.5 0.866025 0 -0.5 0.866025 0 -1 0 0 -0.5 -0.866025 0 0.5 -0.866025 0 0.866025 0.5 8.82098e-08 0 1 9.09664e-08 -0.866025 0.5 8.82098e-08 -0.866025 -0.5 8.82098e-08 0 -1 9.09664e-08 0.866025 -0.5 8.82098e-08 1 0 -8.54533e-08 0.5 0.866025 -8.26967e-08 -0.5 0.866025 -8.26967e-08 -1 0 -8.54533e-08 -0.5 -0.866025 -8.26967e-08 0.5 -0.866025 -8.26967e-08 0.866025 0.5 0 0 1 0 -0.866025 0.5 0 -0.866025 -0.5 0 0 -1 0 0.866025 -0.5 0 1 0 9.09664e-08 0.5 0.866025 8.82098e-08 -0.5 0.866025 8.82098e-08 -1 0 9.09664e-08 -0.5 -0.866025 8.82098e-08 0.5 -0.866025 8.82098e-08 0.866025 0.5 -8.26967e-08 0 1 -8.54533e-08 -0.866025 0.5 -8.26967e-08 -0.866025 -0.5 -8.26967e-08 0 -1 -8.54533e-08 0.866025 -0.5 -8.26967e-08 1 0 0 0.5 0.866025 0 -0.5 0.866025 0 -1 0 0 -0.5 -0.866025 0 0.5 -0.866025 0 0.866025 0.5 0 0 1 0 -0.866025 0.5 0 -0.866025 -0.5 0 0 -1 0 0.866025 -0.5 0 1 0 9.09664e-08 0.5 0.866025 8.82098e-08 -0.5 0.866025 8.82098e-08 -1 0 9.09664e-08 -0.5 -0.866025 8.82098e-08 0.5 -0.866025 8.82098e-08 0.866025 0.5 -8.26967e-08 0 1 -8.54533e-08 -0.866025 0.5 -8.26967e-08 -0.866025 -0.5 -8.26967e-08 0 -1 -8.54533e-08 0.866025 -0.5 -8.26967e-08 1 0 0 0.5 0.866025 0 -0.5 0.866025 0 -1 0 0 -0.5 -0.866025 0 0.5 -0.866025 0 0.866025 0.5 8.82098e-08 0 1 9.09664e-08 -0.866025 0.5 8.82098e-08 -0.866025 -0.5 8.82098e-08 0 -1 9.09664e-08 0.866025 -0.5 8.82098e-08 1 0 -8.54533e-08 0.5 0.866025 -8.26967e-08 -0.5 0.866025 -8.26967e-08 -1 0 -8.54533e-08 -0.5 -0.866025 -8.26967e-08 0.5 -0.866025 -8.26967e-08 0.866025 0.5 0 0 1 0 -0.866025 0.5 0 -0.866025 -0.5 0 0 -1 0 0.866025 -0.5 0 1 0 0 0.5 0.866025 0 -0.5 0.866025 0 -1 0 0 -0.5 -0.866025 0 0.5 -0.866025 0 0.866025 0.5 8.82098e-08 0 1 9.09664e-08 -0.866025 0.5 8.82098e-08 -0.866025 -0.5 8.82098e-08 0 -1 9.09664e-08 0.866025 -0.5 8.82098e-08 1 0 -8.54533e-08 0.5 0.866025 -8.26967e-08 -0.5 0.866025 -8.26967e-08 -1 0 -8.54533e-08 -0.5 -0.866025 -8.26967e-08 0.5 -0.866025 -8.26967e-08 0.866025 0.5 0 0 1 0 -0.866025 0.5 0 -0.866025 -0.5 0 0 -1 0 0.866025 -0.5 0 1 0 0 0.5 0.866025 0 -0.5 0.866025 0 -1 0 0 -0.5 -0.866025 0 0.5 -0.866025 0 0.866025 0.5 0 0 1 0 -0.866025 0.5 0 -0.866025 -0.5 0 0 -1 0 0.866025 -0.5 0 1 0 1.7642e-07 0.5 0.866025 1.70907e-07 -0.5 0.866025 1.70907e-07 -1 0 1.7642e-07 -0.5 -0.866025 1.70907e-07 0.5 -0.866025 1.70907e-07 0.866025 0.5 -1.70907e-07 0 1 -1.7642e-07 -0.866025 0.5 -1.70907e-07 -0.866025 -0.5 -1.70907e-07 0 -1 -1.7642e-07 0.866025 -0.5 -1.70907e-07 1 0 0 0.5 0.866025 0 -0.5 0.866025 0 -1 0 0 -0.5 -0.866025 0 0.5 -0.866025 0 0.866025 0.5 0 0 1 0 -0.866025 0.5 0 -0.866025 -0.5 0 0 -1 0 0.866025 -0.5 0 1 0 0 0.5 0.866025 0 -0.5 0.866025 0 -1 0 0 -0.5 -0.866025 0 0.5 -0.866025 0 0.866025 0.5 0 0 1 0 -0.866025 0.5 0 -0.866025 -0.5 0 0 -1 0 0.866025 -0.5 0 1 0 0 0.5 0.866025 0 -0.5 0.866025 0 -1 0 0 -0.5 -0.866025 0 0.5 -0.866025 0 0.866025 0.5 1.70907e-07 0 1 1.7642e-07 -0.866025 0.5 1.70907e-07 -0.866025 -0.5 1.70907e-07 0 -1 1.7642e-07 0.866025 -0.5 1.70907e-07 1 0 -1.7642e-07 0.5 0.866025 -1.70907e-07 -0.5 0.866025 -1.70907e-07 -1 0 -1.7642e-07 -0.5 -0.866025 -1.70907e-07 0.5 -0.866025 -1.70907e-07 0.866025 0.5 0 0 1 0 -0.866025 0.5 0 -0.866025 -0.5 0 0 -1 0 0.866025 -0.5 0 1 0 0 0.5 0.866025 0 -0.5 0.866025 0 -1 0 0 -0.5 -0.866025 0 0.5 -0.866025 0 0.866025 0.5 0 0 1 0 -0.866025 0.5 0 -0.866025 -0.5 0 0 -1 0 0.866025 -0.5 0 1 0 0 0.5 0.866025 0 -0.5 0.866025 0 -1 0 0 -0.5 -0.866025 0 0.5 -0.866025 0 0.866025 0.5 0 0 1 0 -0.866025 0.5 0 -0.866025 -0.5 0 0 -1 0 0.866025 -0.5 0 1 0 1.7642e-07 0.5 0.866025 1.70907e-07 -0.5 0.866025 1.70907e-07 -1 0 1.7642e-07 -0.5 -0.866025 1.70907e-07 0.5 -0.866025 1.70907e-07 0.866025 0.5 -1.70907e-07 0 1 -1.7642e-07 -0.866025 0.5 -1.70907e-07 -0.866025 -0.5 -1.70907e-07 0 -1 -1.7642e-07 0.866025 -0.5 -1.70907e-07 1 0 0 0.5 0.866025 0 -0.5 0.866025 0 -1 0 0 -0.5 -0.866025 0 0.5 -0.866025 0 0.866025 0.5 0 0 1 0 -0.866025 0.5 0 -0.866025 -0.5 0 0 -1 0 0.866025 -0.5 0 1 0 0 0.5 0.866025 0 -0.5 0.866025 0 -1 0 0 -0.5 -0.866025 0 0.5 -0.866025 0 0.866025 0.5 0 0 1 0 -0.866025 0.5 0 -0.866025 -0.5 0 0 -1 0 0.866025 -0.5 0 1 0 0 0.5 0.866025 0 -0.5 0.866025 0 -1 0 0 -0.5 -0.866025 0 0.5 -0.866025 0 0.866025 0.5 1.70907e-07 0 1 1.7642e-07 -0.866025 0.5 1.70907e-07 -0.866025 -0.5 1.70907e-07 0 -1 1.7642e-07 0.866025 -0.5 1.70907e-07 1 0 -1.7642e-07 0.5 0.866025 -1.70907e-07 -0.5 0.866025 -1.70907e-07 -1 0 -1.7642e-07 -0.5 -0.866025 -1.70907e-07 0.5 -0.866025 -1.70907e-07 0.866025 0.5 0 0 1 0 -0.866025 0.5 0 -0.866025 -0.5 0 0 -1 0 0.866025 -0.5 0 1 0 0 0.5 0.866025 0 -0.5 0.866025 0 -1 0 0 -0.5 -0.866025 0 0.5 -0.866025 0 0.866025 0.5 0 0 1 0 -0.866025 0.5 0 -0.866025 -0.5 0 0 -1 0 0.866025 -0.5 0 1 0 0 0.5 0.866025 0 -0.5 0.866025 0 -1 0 0 -0.5 -0.866025 0 0.5 -0.866025 0 0.866025 0.5 1.70907e-07 0 1 1.7642e-07 -0.866025 0.5 1.70907e-07 -0.866025 -0.5 1.70907e-07 0 -1 1.7642e-07 0.866025 -0.5 1.70907e-07 1 0 -1.7642e-07 0.5 0.866025 -1.70907e-07 -0.5 0.866025 -1.70907e-07 -1 0 -1.7642e-07 -0.5 -0.866025 -1.70907e-07 0.5 -0.866025 -1.70907e-07 0.866025 0.5 0 0 1 0 -0.866025 0.5 0 -0.866025 -0.5 0 0 -1 0 0.866025 -0.5 0 1 0 0 0.5 0.866025 0 -0.5 0.866025 0 -1 0 0 -0.5 -0.866025 0 0.5 -0.866025 0 0.866025 0.5 0 0 1 0 -0.866025 0.5 0 -0.866025 -0.5 0 0 -1 0 0.866025 -0.5 0 1 0 0 0.5 0.866025 0 -0.5 0.866025 0 -1 0 0 -0.5 -0.866025 0 0.5 -0.866025 0 0.866025 0.5 0 0 1 0 -0.866025 0.5 0 -0.866025 -0.5 0 0 -1 0 0.866025 -0.5 0 1 0 1.7642e-07 0.5 0.866025 1.70907e-07 -0.5 0.866025 1.70907e-07 -1 0 1.7642e-07 -0.5 -0.866025 1.70907e-07 0.5 -0.866025 1.70907e-07 0.866025 0.5 -1.70907e-07 0 1 -1.7642e-07 -0.866025 0.5 -1.70907e-07 -0.866025 -0.5 -1.70907e-07 0 -1 -1.7642e-07 0.866025 -0.5 -1.70907e-07 1 0 0 0.5 0.866025 0 -0.5 0.866025 0 -1 0 0 -0.5 -0.866025 0 0.5 -0.866025 0 0.866025 0.5 0 0 1 0 -0.866025 0.5 0 -0.866025 -0.5 0 0 -1 0 0.866025 -0.5 0 1 0 0 0.5 0.866025 0 -0.5 0.866025 0 -1 0 0 -0.5 -0.866025 0 0.5 -0.866025 0 0.866025 0.5 0 0 1 0 -0.866025 0.5 0 -0.866025 -0.5 0 0 -1 0 0.866025 -0.5 0 1 0 0 0.5 0.866025 0 -0.5 0.866025 0 -1 0 0 -0.5 -0.866025 0 0.5 -0.866025 0 0.866025 0.5 1.70907e-07 0 1 1.7642e-07 -0.866025 0.5 1.70907e-07 -0.866025 -0.5 1.70907e-07 0 -1 1.7642e-07 0.866025 -0.5 1.70907e-07 1 0 -1.7642e-07 0.5 0.866025 -1.70907e-07 -0.5 0.866025 -1.70907e-07 -1 0 -1.7642e-07 -0.5 -0.866025 -1.70907e-07 0.5 -0.866025 -1.70907e-07 0.866025 0.5 0 0 1 0 -0.866025 0.5 0 -0.866025 -0.5 0 0 -1 0 0.866025 -0.5 0 1 0 0 0.5 0.866025 0 -0.5 0.866025 0 -1 0 0 -0.5 -0.866025 0 0.5 -0.866025 0 0.866025 0.5 0 0 1 0 -0.866025 0.5 0 -0.866025 -0.5 0 0 -1 0 0.866025 -0.5 0 1 0 0 0.5 0.866025 0 -0.5 0.866025 0 -1 0 0 -0.5 -0.866025 0 0.5 -0.866025 0 0.866025 0.5 0 0 1 0 -0.866025 0.5 0 -0.866025 -0.5 0 0 -1 0 0.866025 -0.5 0 1 0 1.7642e-07 0.5 0.866025 1.70907e-07 -0.5 0.866025 1.70907e-07 -1 0 1.7642e-07 -0.5 -0.866025 1.70907e-07 0.5 -0.866025 1.70907e-07 0.866025 0.5 -1.70907e-07 0 1 -1.7642e-07 -0.866025 0.5 -1.70907e-07 -0.866025 -0.5 -1.70907e-07 0 -1 -1.7642e-07 0.866025 -0.5 -1.70907e-07 1 0 0 0.5 0.866025 0 -0.5 0.866025 0 -1 0 0 -0.5 -0.866025 0 0.5 -0.866025 0 0.866025 0.5 0 0 1 0 -0.866025 0.5 0 -0.866025 -0.5 0 0 -1 0 0.866025 -0.5 0 0.998548 0 0.0538637 0.499274 0.864768 0.0538636 -0.499274 0.864768 0.0538636 -0.998548 0 0.0538637 -0.499274 -0.864768 0.0538636 0.499274 -0.864768 0.0538636 0 0 -1 0 0 -1 0 0 -1 0 0 -1 0 0 -1 0 0 -1 0 0 -1 0 0 1 0 0 1 0 0 1 0 0 1 0 0 1 0 0 1 0 0 1"/>
    </IndexedTriangleSet>
   </Shape>
  </Transform>
  </Group>
  <Group>
  <Transform rotation="0 0 1 0" translation="0 0 0">
   <Shape>
    <Appearance USE='ap2'/>
    <IndexedTriangleSet DEF='its5' index="0 1 6 1 7 6 1 2 7 2 8 7 2 3 8 3 9 8 3 4 9 4 10 9 4 5 10 5 11 10 5 0 11 0 6 11 6 7 13 6 13 12 7 8 14 7 14 13 8 9 15 8 15 14 9 10 16 9 16 15 10 11 17 10 17 16 11 6 12 11 12 17 12 13 18 13 19 18 13 14 19 14 20 19 14 15 20 15 21 20 15 16 21 16 22 21 16 17 22 17 23 22 17 12 23 12 18 23 24 26 25 24 27 26 24 28 27 24 29 28 24 30 29 24 25 30 31 32 33 31 33 34 31 34 35 31 35 36 31 36 37 31 37 32" solid="false" colorPerVertex="false">
     <Coordinate point="1 0 -0.03 1 0.0259808 -0.015 1 0.0259808 0.015 1 3.67394e-18 0.03 1 -0.0259808 0.015 1 -0.0259808 -0.015 1.03333 0.01 -0.0173205 1.03333 0.02 -1.22465e-18 1.03333 0.01 0.0173205 1.03333 -0.01 0.0173205 1.03333 -0.02 3.67394e-18 1.03333 -0.01 -0.0173205 1.06667 0 -0.01 1.06667 0.00866025 -0.005 1.06667 0.00866025 0.005 1.06667 1.22465e-18 0.01 1.06667 -0.00866025 0.005 1.06667 -0.00866025 -0.005 1.1 0 0 1.1 0 0 1.1 0 0 1.1 0 0 1.1 0 0 1.1 0 0 1 0 0 1 0 -0.03 1 0.0259808 -0.015 1 0.0259808 0.015 1 3.67394e-18 0.03 1 -0.0259808 0.015 1 -0.0259808 -0.015 1.1 0 0 1.1 0 0 1.1 0 0 1.1 0 0 1.1 0 0 1.1 0 0 1.1 0 0"/>
     <Normal vector="0.259327 0 -0.96579 0.259327 0.836398 -0.482895 0.259327 0.836398 0.482895 0.259327 0 0.96579 0.259327 -0.836398 0.482895 0.259327 -0.836398 -0.482895 0.298397 0.477221 -0.826571 0.298397 0.954442 0 0.298397 0.477221 0.826571 0.298397 -0.477221 0.826571 0.298397 -0.954442 0 0.298397 -0.477221 -0.826571 0.302324 0 -0.953205 0.302324 0.8255 -0.476603 0.302324 0.8255 0.476603 0.302324 0 0.953205 0.302324 -0.8255 0.476603 0.302324 -0.8255 -0.476603 0.25146 0.483934 -0.838198 0.25146 0.967868 0 0.25146 0.483934 0.838198 0.25146 -0.483934 0.838198 0.25146 -0.967868 0 0.25146 -0.483934 -0.838198 -1 0 0 -1 0 0 -1 0 0 -1 0 0 -1 0 0 -1 0 0 -1 0 0 1 0 0 1 0 0 1 0 0 1 0 0 1 0 0 1 0 0 1 0 0"/>
    </IndexedTriangleSet>
   </Shape>
  </Transform>
  </Group>
  <Group>
  <Transform rotation="0 0 1 0" translation="0 0 0">
   <Shape>
    <Appearance USE='ap3'/>
    <IndexedTriangleSet DEF='its6' index="0 1 6 1 7 6 1 2 7 2 8 7 2 3 8 3 9 8 3 4 9 4 10 9 4 5 10 5 11 10 5 0 11 0 6 11 6 7 13 6 13 12 7 8 14 7 14 13 8 9 15 8 15 14 9 10 16 9 16 15 10 11 17 10 17 16 11 6 12 11 12 17 12 13 18 13 19 18 13 14 19 14 20 19 14 15 20 15 21 20 15 16 21 16 22 21 16 17 22 17 23 22 17 12 23 12 18 23 24 26 25 24 27 26 24 28 27 24 29 28 24 30 29 24 25 30 31 32 33 31 33 34 31 34 35 31 35 36 31 36 37 31 37 32" solid="false" colorPerVertex="false">
     <Coordinate point="0.03 1 0 0.015 1 -0.0259808 -0.015 1 -0.0259808 -0.03 1 -3.67394e-18 -0.015 1 0.0259808 0.015 1 0.0259808 0.0173205 1.03333 -0.01 1.22465e-18 1.03333 -0.02 -0.0173205 1.03333 -0.01 -0.0173205 1.03333 0.01 -3.67394e-18 1.03333 0.02 0.0173205 1.03333 0.01 0.01 1.06667 0 0.005 1.06667 -0.00866025 -0.005 1.06667 -0.00866025 -0.01 1.06667 -1.22465e-18 -0.005 1.06667 0.00866025 0.005 1.06667 0.00866025 0 1.1 0 0 1.1 0 0 1.1 0 0 1.1 0 0 1.1 0 0 1.1 0 0 1 0 0.03 1 0 0.015 1 -0.0259808 -0.015 1 -0.0259808 -0.03 1 -3.67394e-18 -0.015 1 0.0259808 0.015 1 0.0259808 0 1.1 0 0 1.1 0 0 1.1 0 0 1.1 0 0 1.1 0 0 1.1 0 0 1.1 0"/>
     <Normal vector="0.96579 0.259327 0 0.482895 0.259327 -0.836398 -0.482895 0.259327 -0.836398 -0.96579 0.259327 0 -0.482895 0.259327 0.836398 0.482895 0.259327 0.836398 0.826571 0.298397 -0.477221 0 0.298397 -0.954442 -0.826571 0.298397 -0.477221 -0.826571 0.298397 0.477221 0 0.298397 0.954442 0.826571 0.298397 0.477221 0.953205 0.302324 0 0.476603 0.302324 -0.8255 -0.476603 0.302324 -0.8255 -0.953205 0.302324 0 -0.476603 0.302324 0.8255 0.476603 0.302324 0.8255 0.838198 0.25146 -0.483934 0 0.25146 -0.967868 -0.838198 0.25146 -0.483934 -0.838198 0.25146 0.483934 0 0.25146 0.967868 0.838198 0.25146 0.483934 0 -1 0 0 -1 0 0 -1 0 0 -1 0 0 -1 0 0 -1 0 0 -1 0 1 0 0 1 0 0 1 0 0 1 0 0 1 0 0 1 0 0 1 0 0"/>
    </IndexedTriangleSet>
   </Shape>
  </Transform>
  </Group>
  <Group>
  <Transform rotation="0 0 1 0" translation="0 0 0">
   <Shape>
    <Appearance USE='ap4'/>
    <IndexedTriangleSet DEF='its7' index="0 1 6 1 7 6 1 2 7 2 8 7 2 3 8 3 9 8 3 4 9 4 10 9 4 5 10 5 11 10 5 0 11 0 6 11 6 7 13 6 13 12 7 8 14 7 14 13 8 9 15 8 15 14 9 10 16 9 16 15 10 11 17 10 17 16 11 6 12 11 12 17 12 13 18 13 19 18 13 14 19 14 20 19 14 15 20 15 21 20 15 16 21 16 22 21 16 17 22 17 23 22 17 12 23 12 18 23 24 26 25 24 27 26 24 28 27 24 29 28 24 30 29 24 25 30 31 32 33 31 33 34 31 34 35 31 35 36 31 36 37 31 37 32" solid="false" colorPerVertex="false">
     <Coordinate point="0.03 0 1 0.015 0.0259808 1 -0.015 0.0259808 1 -0.03 3.67394e-18 1 -0.015 -0.0259808 1 0.015 -0.0259808 1 0.0173205 0.01 1.03333 1.22465e-18 0.02 1.03333 -0.0173205 0.01 1.03333 -0.0173205 -0.01 1.03333 -3.67394e-18 -0.02 1.03333 0.0173205 -0.01 1.03333 0.01 0 1.06667 0.005 0.00866025 1.06667 -0.005 0.00866025 1.06667 -0.01 1.22465e-18 1.06667 -0.005 -0.00866025 1.06667 0.005 -0.00866025 1.06667 0 0 1.1 0 0 1.1 0 0 1.1 0 0 1.1 0 0 1.1 0 0 1.1 0 0 1 0.03 0 1 0.015 0.0259808 1 -0.015 0.0259808 1 -0.03 3.67394e-18 1 -0.015 -0.0259808 1 0.015 -0.0259808 1 0 0 1.1 0 0 1.1 0 0 1.1 0 0 1.1 0 0 1.1 0 0 1.1 0 0 1.1"/>
     <Normal vector="0.96579 0 0.259327 0.482895 0.836398 0.259327 -0.482895 0.836398 0.259327 -0.96579 0 0.259327 -0.482895 -0.836398 0.259327 0.482895 -0.836398 0.259327 0.826571 0.477221 0.298397 0 0.954442 0.298397 -0.826571 0.477221 0.298397 -0.826571 -0.477221 0.298397 0 -0.954442 0.298397 0.826571 -0.477221 0.298397 0.953205 0 0.302324 0.476603 0.8255 0.302324 -0.476603 0.8255 0.302324 -0.953205 0 0.302324 -0.476603 -0.8255 0.302324 0.476603 -0.8255 0.302324 0.838198 0.483934 0.25146 0 0.967868 0.25146 -0.838198 0.483934 0.25146 -0.838198 -0.483934 0.25146 0 -0.967868 0.25146 0.838198 -0.483934 0.25146 0 0 -1 0 0 -1 0 0 -1 0 0 -1 0 0 -1 0 0 -1 0 0 -1 1 0 0 1 0 0 1 0 0 1 0 0 1 0 0 1 0 0 1 0 0"/>
    </IndexedTriangleSet>
   </Shape>
  </Transform>
  </Group>
 </Scene>
</X3D>
